jrc_event_id,raster_file,jrc_start_date,jrc_end_date,insee_com,jrc_commune_name,nuts3_code,nuts3_name,max_depth_cm,flooded_pixels,flooded_area_m2,gaspar_event_uid,cod_nat_catnat,gaspar_commune_name,num_risque_jo,lib_risque_jo,gaspar_start_date,gaspar_end_date,start_diff_days,end_diff_days,abs_start_diff_days,abs_end_diff_days,total_abs_date_diff_days,exact_date_match,within_7d_start_end_window,window_expanded_interval_overlap,interval_overlap_days,date_window_days
WD_MERGE_2016-05-30---2016-06-13_duration_14_days_cluster_111_A0_000021_A_000026_lat_04738_lon_00255_size_0147,WD_MERGE_2016-05-30---2016-06-13_duration_14_days_cluster_111_A0_000021_A_000026_lat_04738_lon_00255_size_0147.tif,2016-05-30,2016-06-13,37242,Savigny-en-Véron,FRB04,Indre-et-Loire,73.0,1252,500800.0,INTE1620877A__20160604__20160606,INTE1620877A,Savigny-en-Véron,ICB,Inondations et/ou Coulées de Boue,2016-06-04,2016-06-06,-5,7,5,7,12,False,True,True,3,7
WD_MERGE_2016-05-30---2016-06-13_duration_14_days_cluster_111_A0_000021_A_000026_lat_04738_lon_00255_size_0147,WD_MERGE_2016-05-30---2016-06-13_duration_14_days_cluster_111_A0_000021_A_000026_lat_04738_lon_00255_size_0147.tif,2016-05-30,2016-06-13,37122,Joué-lès-Tours,FRB04,Indre-et-Loire,166.0,171,68400.0,INTE1630434A__20160604__20160606,INTE1630434A,Joué-lès-Tours,ICB,Inondations et/ou Coulées de Boue,2016-06-04,2016-06-06,-5,7,5,7,12,False,True,True,3,7
WD_MERGE_2016-05-30---2016-06-13_duration_14_days_cluster_111_A0_000021_A_000026_lat_04738_lon_00255_size_0147,WD_MERGE_2016-05-30---2016-06-13_duration_14_days_cluster_111_A0_000021_A_000026_lat_04738_lon_00255_size_0147.tif,2016-05-30,2016-06-13,37261,Tours,FRB04,Indre-et-Loire,54.0,807,322800.0,INTE1630434A__20160604__20160606,INTE1630434A,Tours,ICB,Inondations et/ou Coulées de Boue,2016-06-04,2016-06-06,-5,7,5,7,12,False,True,True,3,7
WD_MERGE_2016-11-21---2016-11-28_duration_7_days_cluster_264_A0_000092_A_000121_lat_04596_lon_00440_size_0115,WD_MERGE_2016-11-21---2016-11-28_duration_7_days_cluster_264_A0_000092_A_000121_lat_04596_lon_00440_size_0115.tif,2016-11-21,2016-11-28,83093,Plan-d'Aups-Sainte-Baume,FRL05,Var,86.0,481,192400.0,INTE1705706A__20161121__20161122,INTE1705706A,Plan-d'Aups-Sainte-Baume,ICB,Inondations et/ou Coulées de Boue,2016-11-21,2016-11-22,0,6,0,6,6,False,True,True,2,7
WD_MERGE_2016-11-21---2016-11-28_duration_7_days_cluster_264_A0_000092_A_000121_lat_04596_lon_00440_size_0115,WD_MERGE_2016-11-21---2016-11-28_duration_7_days_cluster_264_A0_000092_A_000121_lat_04596_lon_00440_size_0115.tif,2016-11-21,2016-11-28,83088,Néoules,FRL05,Var,24.0,86,34400.0,INTE1711727A__20161121__20161123,INTE1711727A,Néoules,ICB,Inondations et/ou Coulées de Boue,2016-11-21,2016-11-23,0,5,0,5,5,False,True,True,3,7
WD_MERGE_2018-01-01---2018-01-29_duration_28_days_cluster_351_A0_002080_A_002749_lat_04958_lon_00796_size_0325,WD_MERGE_2018-01-01---2018-01-29_duration_28_days_cluster_351_A0_002080_A_002749_lat_04958_lon_00796_size_0325.tif,2018-01-01,2018-01-29,55009,Ancemont,FRF32,Meuse ,345.0,3136,1254400.0,INTE1917050A__20180105__20180205,INTE1917050A,Ancemont,IRN,Inondations Remontée Nappe,2018-01-05,2018-02-05,-4,-7,4,7,11,False,True,True,25,7
WD_MERGE_2018-01-15---2018-02-05_duration_21_days_cluster_356_A0_001736_A_002252_lat_04804_lon_00395_size_0168,WD_MERGE_2018-01-15---2018-02-05_duration_21_days_cluster_356_A0_001736_A_002252_lat_04804_lon_00395_size_0168.tif,2018-01-15,2018-02-05,10006,Arcis-sur-Aube,FRF22,Aube,558.0,1878,751200.0,INTE1804348A__20180115__20180205,INTE1804348A,Arcis-sur-Aube,ICB,Inondations et/ou Coulées de Boue,2018-01-15,2018-02-05,0,0,0,0,0,True,True,True,22,7
WD_MERGE_2018-01-15---2018-02-05_duration_21_days_cluster_356_A0_001736_A_002252_lat_04804_lon_00395_size_0168,WD_MERGE_2018-01-15---2018-02-05_duration_21_days_cluster_356_A0_001736_A_002252_lat_04804_lon_00395_size_0168.tif,2018-01-15,2018-02-05,10033,Bar-sur-Aube,FRF22,Aube,463.0,783,313200.0,INTE1804348A__20180115__20180205,INTE1804348A,Bar-sur-Aube,ICB,Inondations et/ou Coulées de Boue,2018-01-15,2018-02-05,0,0,0,0,0,True,True,True,22,7
WD_MERGE_2018-01-15---2018-02-05_duration_21_days_cluster_356_A0_001736_A_002252_lat_04804_lon_00395_size_0168,WD_MERGE_2018-01-15---2018-02-05_duration_21_days_cluster_356_A0_001736_A_002252_lat_04804_lon_00395_size_0168.tif,2018-01-15,2018-02-05,10034,Bar-sur-Seine,FRF22,Aube,143.0,161,64400.0,INTE1804348A__20180115__20180205,INTE1804348A,Bar-sur-Seine,ICB,Inondations et/ou Coulées de Boue,2018-01-15,2018-02-05,0,0,0,0,0,True,True,True,22,7
WD_MERGE_2018-01-15---2018-02-05_duration_21_days_cluster_356_A0_001736_A_002252_lat_04804_lon_00395_size_0168,WD_MERGE_2018-01-15---2018-02-05_duration_21_days_cluster_356_A0_001736_A_002252_lat_04804_lon_00395_size_0168.tif,2018-01-15,2018-02-05,10050,Bossancourt,FRF22,Aube,238.0,352,140800.0,INTE1804348A__20180115__20180205,INTE1804348A,Bossancourt,ICB,Inondations et/ou Coulées de Boue,2018-01-15,2018-02-05,0,0,0,0,0,True,True,True,22,7
WD_MERGE_2018-01-15---2018-02-05_duration_21_days_cluster_356_A0_001736_A_002252_lat_04804_lon_00395_size_0168,WD_MERGE_2018-01-15---2018-02-05_duration_21_days_cluster_356_A0_001736_A_002252_lat_04804_lon_00395_size_0168.tif,2018-01-15,2018-02-05,10055,Bourguignons,FRF22,Aube,24.0,76,30400.0,INTE1804348A__20180115__20180205,INTE1804348A,Bourguignons,ICB,Inondations et/ou Coulées de Boue,2018-01-15,2018-02-05,0,0,0,0,0,True,True,True,22,7
WD_MERGE_2018-01-15---2018-02-05_duration_21_days_cluster_356_A0_001736_A_002252_lat_04804_lon_00395_size_0168,WD_MERGE_2018-01-15---2018-02-05_duration_21_days_cluster_356_A0_001736_A_002252_lat_04804_lon_00395_size_0168.tif,2018-01-15,2018-02-05,10060,Bréviandes,FRF22,Aube,284.0,1183,473200.0,INTE1804348A__20180115__20180205,INTE1804348A,Bréviandes,ICB,Inondations et/ou Coulées de Boue,2018-01-15,2018-02-05,0,0,0,0,0,True,True,True,22,7
WD_MERGE_2018-01-15---2018-02-05_duration_21_days_cluster_356_A0_001736_A_002252_lat_04804_lon_00395_size_0168,WD_MERGE_2018-01-15---2018-02-05_duration_21_days_cluster_356_A0_001736_A_002252_lat_04804_lon_00395_size_0168.tif,2018-01-15,2018-02-05,10081,La Chapelle-Saint-Luc,FRF22,Aube,93.0,164,65600.0,INTE1804348A__20180115__20180205,INTE1804348A,La Chapelle-Saint-Luc,ICB,Inondations et/ou Coulées de Boue,2018-01-15,2018-02-05,0,0,0,0,0,True,True,True,22,7
WD_MERGE_2018-01-15---2018-02-05_duration_21_days_cluster_356_A0_001736_A_002252_lat_04804_lon_00395_size_0168,WD_MERGE_2018-01-15---2018-02-05_duration_21_days_cluster_356_A0_001736_A_002252_lat_04804_lon_00395_size_0168.tif,2018-01-15,2018-02-05,10089,Châtres,FRF22,Aube,402.0,592,236800.0,INTE1804348A__20180115__20180205,INTE1804348A,Châtres,ICB,Inondations et/ou Coulées de Boue,2018-01-15,2018-02-05,0,0,0,0,0,True,True,True,22,7
WD_MERGE_2018-01-15---2018-02-05_duration_21_days_cluster_356_A0_001736_A_002252_lat_04804_lon_00395_size_0168,WD_MERGE_2018-01-15---2018-02-05_duration_21_days_cluster_356_A0_001736_A_002252_lat_04804_lon_00395_size_0168.tif,2018-01-15,2018-02-05,10095,Le Chêne,FRF22,Aube,360.0,1847,738800.0,INTE1804348A__20180115__20180205,INTE1804348A,Le Chêne,ICB,Inondations et/ou Coulées de Boue,2018-01-15,2018-02-05,0,0,0,0,0,True,True,True,22,7
WD_MERGE_2018-01-15---2018-02-05_duration_21_days_cluster_356_A0_001736_A_002252_lat_04804_lon_00395_size_0168,WD_MERGE_2018-01-15---2018-02-05_duration_21_days_cluster_356_A0_001736_A_002252_lat_04804_lon_00395_size_0168.tif,2018-01-15,2018-02-05,10114,Crancey,FRF22,Aube,840.0,3446,1378400.0,INTE1804348A__20180115__20180205,INTE1804348A,Crancey,ICB,Inondations et/ou Coulées de Boue,2018-01-15,2018-02-05,0,0,0,0,0,True,True,True,22,7
WD_MERGE_2018-01-15---2018-02-05_duration_21_days_cluster_356_A0_001736_A_002252_lat_04804_lon_00395_size_0168,WD_MERGE_2018-01-15---2018-02-05_duration_21_days_cluster_356_A0_001736_A_002252_lat_04804_lon_00395_size_0168.tif,2018-01-15,2018-02-05,10176,Jaucourt,FRF22,Aube,150.0,396,158400.0,INTE1804348A__20180115__20180205,INTE1804348A,Jaucourt,ICB,Inondations et/ou Coulées de Boue,2018-01-15,2018-02-05,0,0,0,0,0,True,True,True,22,7
WD_MERGE_2018-01-15---2018-02-05_duration_21_days_cluster_356_A0_001736_A_002252_lat_04804_lon_00395_size_0168,WD_MERGE_2018-01-15---2018-02-05_duration_21_days_cluster_356_A0_001736_A_002252_lat_04804_lon_00395_size_0168.tif,2018-01-15,2018-02-05,10178,Jessains,FRF22,Aube,642.0,192,76800.0,INTE1804348A__20180115__20180205,INTE1804348A,Jessains,ICB,Inondations et/ou Coulées de Boue,2018-01-15,2018-02-05,0,0,0,0,0,True,True,True,22,7
WD_MERGE_2018-01-15---2018-02-05_duration_21_days_cluster_356_A0_001736_A_002252_lat_04804_lon_00395_size_0168,WD_MERGE_2018-01-15---2018-02-05_duration_21_days_cluster_356_A0_001736_A_002252_lat_04804_lon_00395_size_0168.tif,2018-01-15,2018-02-05,10193,Lesmont,FRF22,Aube,321.0,1723,689200.0,INTE1804348A__20180115__20180205,INTE1804348A,Lesmont,ICB,Inondations et/ou Coulées de Boue,2018-01-15,2018-02-05,0,0,0,0,0,True,True,True,22,7
WD_MERGE_2018-01-15---2018-02-05_duration_21_days_cluster_356_A0_001736_A_002252_lat_04804_lon_00395_size_0168,WD_MERGE_2018-01-15---2018-02-05_duration_21_days_cluster_356_A0_001736_A_002252_lat_04804_lon_00395_size_0168.tif,2018-01-15,2018-02-05,10214,Magnicourt,FRF22,Aube,309.0,922,368800.0,INTE1804348A__20180115__20180205,INTE1804348A,Magnicourt,ICB,Inondations et/ou Coulées de Boue,2018-01-15,2018-02-05,0,0,0,0,0,True,True,True,22,7
WD_MERGE_2018-01-15---2018-02-05_duration_21_days_cluster_356_A0_001736_A_002252_lat_04804_lon_00395_size_0168,WD_MERGE_2018-01-15---2018-02-05_duration_21_days_cluster_356_A0_001736_A_002252_lat_04804_lon_00395_size_0168.tif,2018-01-15,2018-02-05,10220,Maizières-la-Grande-Paroisse,FRF22,Aube,716.0,2509,1003600.0,INTE1804348A__20180115__20180205,INTE1804348A,Maizières-la-Grande-Paroisse,ICB,Inondations et/ou Coulées de Boue,2018-01-15,2018-02-05,0,0,0,0,0,True,True,True,22,7
WD_MERGE_2018-01-15---2018-02-05_duration_21_days_cluster_356_A0_001736_A_002252_lat_04804_lon_00395_size_0168,WD_MERGE_2018-01-15---2018-02-05_duration_21_days_cluster_356_A0_001736_A_002252_lat_04804_lon_00395_size_0168.tif,2018-01-15,2018-02-05,10225,Marnay-sur-Seine,FRF22,Aube,981.0,3112,1244800.0,INTE1804348A__20180115__20180205,INTE1804348A,Marnay-sur-Seine,ICB,Inondations et/ou Coulées de Boue,2018-01-15,2018-02-05,0,0,0,0,0,True,True,True,22,7
WD_MERGE_2018-01-15---2018-02-05_duration_21_days_cluster_356_A0_001736_A_002252_lat_04804_lon_00395_size_0168,WD_MERGE_2018-01-15---2018-02-05_duration_21_days_cluster_356_A0_001736_A_002252_lat_04804_lon_00395_size_0168.tif,2018-01-15,2018-02-05,10231,Le Mériot,FRF22,Aube,670.0,1137,454800.0,INTE1804348A__20180115__20180205,INTE1804348A,Le Mériot,ICB,Inondations et/ou Coulées de Boue,2018-01-15,2018-02-05,0,0,0,0,0,True,True,True,22,7
WD_MERGE_2018-01-15---2018-02-05_duration_21_days_cluster_356_A0_001736_A_002252_lat_04804_lon_00395_size_0168,WD_MERGE_2018-01-15---2018-02-05_duration_21_days_cluster_356_A0_001736_A_002252_lat_04804_lon_00395_size_0168.tif,2018-01-15,2018-02-05,10233,Méry-sur-Seine,FRF22,Aube,2659.0,1225,490000.0,INTE1804348A__20180115__20180205,INTE1804348A,Méry-sur-Seine,ICB,Inondations et/ou Coulées de Boue,2018-01-15,2018-02-05,0,0,0,0,0,True,True,True,22,7
WD_MERGE_2018-01-15---2018-02-05_duration_21_days_cluster_356_A0_001736_A_002252_lat_04804_lon_00395_size_0168,WD_MERGE_2018-01-15---2018-02-05_duration_21_days_cluster_356_A0_001736_A_002252_lat_04804_lon_00395_size_0168.tif,2018-01-15,2018-02-05,10268,Nogent-sur-Seine,FRF22,Aube,702.0,2712,1084800.0,INTE1804348A__20180115__20180205,INTE1804348A,Nogent-sur-Seine,ICB,Inondations et/ou Coulées de Boue,2018-01-15,2018-02-05,0,0,0,0,0,True,True,True,22,7
WD_MERGE_2018-01-15---2018-02-05_duration_21_days_cluster_356_A0_001736_A_002252_lat_04804_lon_00395_size_0168,WD_MERGE_2018-01-15---2018-02-05_duration_21_days_cluster_356_A0_001736_A_002252_lat_04804_lon_00395_size_0168.tif,2018-01-15,2018-02-05,10284,Périgny-la-Rose,FRF22,Aube,364.0,839,335600.0,INTE1804348A__20180115__20180205,INTE1804348A,Périgny-la-Rose,ICB,Inondations et/ou Coulées de Boue,2018-01-15,2018-02-05,0,0,0,0,0,True,True,True,22,7
WD_MERGE_2018-01-15---2018-02-05_duration_21_days_cluster_356_A0_001736_A_002252_lat_04804_lon_00395_size_0168,WD_MERGE_2018-01-15---2018-02-05_duration_21_days_cluster_356_A0_001736_A_002252_lat_04804_lon_00395_size_0168.tif,2018-01-15,2018-02-05,10298,Pont-sur-Seine,FRF22,Aube,676.0,7263,2905200.0,INTE1804348A__20180115__20180205,INTE1804348A,Pont-sur-Seine,ICB,Inondations et/ou Coulées de Boue,2018-01-15,2018-02-05,0,0,0,0,0,True,True,True,22,7
WD_MERGE_2018-01-15---2018-02-05_duration_21_days_cluster_356_A0_001736_A_002252_lat_04804_lon_00395_size_0168,WD_MERGE_2018-01-15---2018-02-05_duration_21_days_cluster_356_A0_001736_A_002252_lat_04804_lon_00395_size_0168.tif,2018-01-15,2018-02-05,10306,Proverville,FRF22,Aube,412.0,500,200000.0,INTE1804348A__20180115__20180205,INTE1804348A,Proverville,ICB,Inondations et/ou Coulées de Boue,2018-01-15,2018-02-05,0,0,0,0,0,True,True,True,22,7
WD_MERGE_2018-01-15---2018-02-05_duration_21_days_cluster_356_A0_001736_A_002252_lat_04804_lon_00395_size_0168,WD_MERGE_2018-01-15---2018-02-05_duration_21_days_cluster_356_A0_001736_A_002252_lat_04804_lon_00395_size_0168.tif,2018-01-15,2018-02-05,10323,Romilly-sur-Seine,FRF22,Aube,1167.0,2612,1044800.0,INTE1804348A__20180115__20180205,INTE1804348A,Romilly-sur-Seine,ICB,Inondations et/ou Coulées de Boue,2018-01-15,2018-02-05,0,0,0,0,0,True,True,True,22,7
WD_MERGE_2018-01-15---2018-02-05_duration_21_days_cluster_356_A0_001736_A_002252_lat_04804_lon_00395_size_0168,WD_MERGE_2018-01-15---2018-02-05_duration_21_days_cluster_356_A0_001736_A_002252_lat_04804_lon_00395_size_0168.tif,2018-01-15,2018-02-05,10329,Rouilly-Saint-Loup,FRF22,Aube,246.0,2116,846400.0,INTE1804348A__20180115__20180205,INTE1804348A,Rouilly-Saint-Loup,ICB,Inondations et/ou Coulées de Boue,2018-01-15,2018-02-05,0,0,0,0,0,True,True,True,22,7
WD_MERGE_2018-01-15---2018-02-05_duration_21_days_cluster_356_A0_001736_A_002252_lat_04804_lon_00395_size_0168,WD_MERGE_2018-01-15---2018-02-05_duration_21_days_cluster_356_A0_001736_A_002252_lat_04804_lon_00395_size_0168.tif,2018-01-15,2018-02-05,10343,Saint-Julien-les-Villas,FRF22,Aube,14.0,13,5200.0,INTE1804348A__20180115__20180205,INTE1804348A,Saint-Julien-les-Villas,ICB,Inondations et/ou Coulées de Boue,2018-01-15,2018-02-05,0,0,0,0,0,True,True,True,22,7
WD_MERGE_2018-01-15---2018-02-05_duration_21_days_cluster_356_A0_001736_A_002252_lat_04804_lon_00395_size_0168,WD_MERGE_2018-01-15---2018-02-05_duration_21_days_cluster_356_A0_001736_A_002252_lat_04804_lon_00395_size_0168.tif,2018-01-15,2018-02-05,10349,Saint-Lyé,FRF22,Aube,505.0,420,168000.0,INTE1804348A__20180115__20180205,INTE1804348A,Saint-Lyé,ICB,Inondations et/ou Coulées de Boue,2018-01-15,2018-02-05,0,0,0,0,0,True,True,True,22,7
WD_MERGE_2018-01-15---2018-02-05_duration_21_days_cluster_356_A0_001736_A_002252_lat_04804_lon_00395_size_0168,WD_MERGE_2018-01-15---2018-02-05_duration_21_days_cluster_356_A0_001736_A_002252_lat_04804_lon_00395_size_0168.tif,2018-01-15,2018-02-05,10352,Sainte-Maure,FRF22,Aube,301.0,2351,940400.0,INTE1804348A__20180115__20180205,INTE1804348A,Sainte-Maure,ICB,Inondations et/ou Coulées de Boue,2018-01-15,2018-02-05,0,0,0,0,0,True,True,True,22,7
WD_MERGE_2018-01-15---2018-02-05_duration_21_days_cluster_356_A0_001736_A_002252_lat_04804_lon_00395_size_0168,WD_MERGE_2018-01-15---2018-02-05_duration_21_days_cluster_356_A0_001736_A_002252_lat_04804_lon_00395_size_0168.tif,2018-01-15,2018-02-05,10353,Saint-Mesmin,FRF22,Aube,371.0,745,298000.0,INTE1804348A__20180115__20180205,INTE1804348A,Saint-Mesmin,ICB,Inondations et/ou Coulées de Boue,2018-01-15,2018-02-05,0,0,0,0,0,True,True,True,22,7
WD_MERGE_2018-01-15---2018-02-05_duration_21_days_cluster_356_A0_001736_A_002252_lat_04804_lon_00395_size_0168,WD_MERGE_2018-01-15---2018-02-05_duration_21_days_cluster_356_A0_001736_A_002252_lat_04804_lon_00395_size_0168.tif,2018-01-15,2018-02-05,10368,Savières,FRF22,Aube,383.0,651,260400.0,INTE1804348A__20180115__20180205,INTE1804348A,Savières,ICB,Inondations et/ou Coulées de Boue,2018-01-15,2018-02-05,0,0,0,0,0,True,True,True,22,7
WD_MERGE_2018-01-15---2018-02-05_duration_21_days_cluster_356_A0_001736_A_002252_lat_04804_lon_00395_size_0168,WD_MERGE_2018-01-15---2018-02-05_duration_21_days_cluster_356_A0_001736_A_002252_lat_04804_lon_00395_size_0168.tif,2018-01-15,2018-02-05,10392,Vallant-Saint-Georges,FRF22,Aube,881.0,452,180800.0,INTE1804348A__20180115__20180205,INTE1804348A,Vallant-Saint-Georges,ICB,Inondations et/ou Coulées de Boue,2018-01-15,2018-02-05,0,0,0,0,0,True,True,True,22,7
WD_MERGE_2018-01-15---2018-02-05_duration_21_days_cluster_356_A0_001736_A_002252_lat_04804_lon_00395_size_0168,WD_MERGE_2018-01-15---2018-02-05_duration_21_days_cluster_356_A0_001736_A_002252_lat_04804_lon_00395_size_0168.tif,2018-01-15,2018-02-05,10406,Verrières,FRF22,Aube,311.0,442,176800.0,INTE1804348A__20180115__20180205,INTE1804348A,Verrières,ICB,Inondations et/ou Coulées de Boue,2018-01-15,2018-02-05,0,0,0,0,0,True,True,True,22,7
WD_MERGE_2018-01-15---2018-02-05_duration_21_days_cluster_356_A0_001736_A_002252_lat_04804_lon_00395_size_0168,WD_MERGE_2018-01-15---2018-02-05_duration_21_days_cluster_356_A0_001736_A_002252_lat_04804_lon_00395_size_0168.tif,2018-01-15,2018-02-05,10408,Viâpres-le-Petit,FRF22,Aube,155.0,1922,768800.0,INTE1804348A__20180115__20180205,INTE1804348A,Viâpres-le-Petit,ICB,Inondations et/ou Coulées de Boue,2018-01-15,2018-02-05,0,0,0,0,0,True,True,True,22,7
WD_MERGE_2018-01-15---2018-02-05_duration_21_days_cluster_356_A0_001736_A_002252_lat_04804_lon_00395_size_0168,WD_MERGE_2018-01-15---2018-02-05_duration_21_days_cluster_356_A0_001736_A_002252_lat_04804_lon_00395_size_0168.tif,2018-01-15,2018-02-05,10437,Virey-sous-Bar,FRF22,Aube,30.0,101,40400.0,INTE1804348A__20180115__20180205,INTE1804348A,Virey-sous-Bar,ICB,Inondations et/ou Coulées de Boue,2018-01-15,2018-02-05,0,0,0,0,0,True,True,True,22,7
WD_MERGE_2018-01-15---2018-02-05_duration_21_days_cluster_356_A0_001736_A_002252_lat_04804_lon_00395_size_0168,WD_MERGE_2018-01-15---2018-02-05_duration_21_days_cluster_356_A0_001736_A_002252_lat_04804_lon_00395_size_0168.tif,2018-01-15,2018-02-05,25154,Chouzelot,FRC21,Doubs,46.0,65,26000.0,INTE1804348A__20180115__20180205,INTE1804348A,Chouzelot,ICB,Inondations et/ou Coulées de Boue,2018-01-15,2018-02-05,0,0,0,0,0,True,True,True,22,7
WD_MERGE_2018-01-15---2018-02-05_duration_21_days_cluster_356_A0_001736_A_002252_lat_04804_lon_00395_size_0168,WD_MERGE_2018-01-15---2018-02-05_duration_21_days_cluster_356_A0_001736_A_002252_lat_04804_lon_00395_size_0168.tif,2018-01-15,2018-02-05,25367,Mandeure,FRC21,Doubs,71.0,205,82000.0,INTE1804348A__20180115__20180205,INTE1804348A,Mandeure,ICB,Inondations et/ou Coulées de Boue,2018-01-15,2018-02-05,0,0,0,0,0,True,True,True,22,7
WD_MERGE_2018-01-15---2018-02-05_duration_21_days_cluster_356_A0_001736_A_002252_lat_04804_lon_00395_size_0168,WD_MERGE_2018-01-15---2018-02-05_duration_21_days_cluster_356_A0_001736_A_002252_lat_04804_lon_00395_size_0168.tif,2018-01-15,2018-02-05,25370,Mathay,FRC21,Doubs,207.0,217,86800.0,INTE1804348A__20180115__20180205,INTE1804348A,Mathay,ICB,Inondations et/ou Coulées de Boue,2018-01-15,2018-02-05,0,0,0,0,0,True,True,True,22,7
WD_MERGE_2018-01-15---2018-02-05_duration_21_days_cluster_356_A0_001736_A_002252_lat_04804_lon_00395_size_0168,WD_MERGE_2018-01-15---2018-02-05_duration_21_days_cluster_356_A0_001736_A_002252_lat_04804_lon_00395_size_0168.tif,2018-01-15,2018-02-05,25475,Quingey,FRC21,Doubs,398.0,3057,1222800.0,INTE1804348A__20180115__20180205,INTE1804348A,Quingey,ICB,Inondations et/ou Coulées de Boue,2018-01-15,2018-02-05,0,0,0,0,0,True,True,True,22,7
WD_MERGE_2018-01-15---2018-02-05_duration_21_days_cluster_356_A0_001736_A_002252_lat_04804_lon_00395_size_0168,WD_MERGE_2018-01-15---2018-02-05_duration_21_days_cluster_356_A0_001736_A_002252_lat_04804_lon_00395_size_0168.tif,2018-01-15,2018-02-05,27013,Amfreville-sous-les-Monts,FRD21,Eure,344.0,209,83600.0,INTE1804348A__20180115__20180205,INTE1804348A,Amfreville-sous-les-Monts,ICB,Inondations et/ou Coulées de Boue,2018-01-15,2018-02-05,0,0,0,0,0,True,True,True,22,7
WD_MERGE_2018-01-15---2018-02-05_duration_21_days_cluster_356_A0_001736_A_002252_lat_04804_lon_00395_size_0168,WD_MERGE_2018-01-15---2018-02-05_duration_21_days_cluster_356_A0_001736_A_002252_lat_04804_lon_00395_size_0168.tif,2018-01-15,2018-02-05,27015,Andé,FRD21,Eure,581.0,2115,846000.0,INTE1804348A__20180115__20180205,INTE1804348A,Andé,ICB,Inondations et/ou Coulées de Boue,2018-01-15,2018-02-05,0,0,0,0,0,True,True,True,22,7
WD_MERGE_2018-01-15---2018-02-05_duration_21_days_cluster_356_A0_001736_A_002252_lat_04804_lon_00395_size_0168,WD_MERGE_2018-01-15---2018-02-05_duration_21_days_cluster_356_A0_001736_A_002252_lat_04804_lon_00395_size_0168.tif,2018-01-15,2018-02-05,27016,Les Andelys,FRD21,Eure,514.0,281,112400.0,INTE1804348A__20180115__20180205,INTE1804348A,Les Andelys,ICB,Inondations et/ou Coulées de Boue,2018-01-15,2018-02-05,0,0,0,0,0,True,True,True,22,7
WD_MERGE_2018-01-15---2018-02-05_duration_21_days_cluster_356_A0_001736_A_002252_lat_04804_lon_00395_size_0168,WD_MERGE_2018-01-15---2018-02-05_duration_21_days_cluster_356_A0_001736_A_002252_lat_04804_lon_00395_size_0168.tif,2018-01-15,2018-02-05,27022,Le Val d'Hazey,FRD21,Eure,563.0,616,246400.0,INTE1804348A__20180115__20180205,INTE1804348A,Le Val d'Hazey,ICB,Inondations et/ou Coulées de Boue,2018-01-15,2018-02-05,0,0,0,0,0,True,True,True,22,7
WD_MERGE_2018-01-15---2018-02-05_duration_21_days_cluster_356_A0_001736_A_002252_lat_04804_lon_00395_size_0168,WD_MERGE_2018-01-15---2018-02-05_duration_21_days_cluster_356_A0_001736_A_002252_lat_04804_lon_00395_size_0168.tif,2018-01-15,2018-02-05,27097,Bouafles,FRD21,Eure,443.0,2718,1087200.0,INTE1804348A__20180115__20180205,INTE1804348A,Bouafles,ICB,Inondations et/ou Coulées de Boue,2018-01-15,2018-02-05,0,0,0,0,0,True,True,True,22,7
WD_MERGE_2018-01-15---2018-02-05_duration_21_days_cluster_356_A0_001736_A_002252_lat_04804_lon_00395_size_0168,WD_MERGE_2018-01-15---2018-02-05_duration_21_days_cluster_356_A0_001736_A_002252_lat_04804_lon_00395_size_0168.tif,2018-01-15,2018-02-05,27168,Connelles,FRD21,Eure,2575.0,903,361200.0,INTE1804348A__20180115__20180205,INTE1804348A,Connelles,ICB,Inondations et/ou Coulées de Boue,2018-01-15,2018-02-05,0,0,0,0,0,True,True,True,22,7
WD_MERGE_2018-01-15---2018-02-05_duration_21_days_cluster_356_A0_001736_A_002252_lat_04804_lon_00395_size_0168,WD_MERGE_2018-01-15---2018-02-05_duration_21_days_cluster_356_A0_001736_A_002252_lat_04804_lon_00395_size_0168.tif,2018-01-15,2018-02-05,27196,Les Damps,FRD21,Eure,545.0,377,150800.0,INTE1804348A__20180115__20180205,INTE1804348A,Les Damps,ICB,Inondations et/ou Coulées de Boue,2018-01-15,2018-02-05,0,0,0,0,0,True,True,True,22,7
WD_MERGE_2018-01-15---2018-02-05_duration_21_days_cluster_356_A0_001736_A_002252_lat_04804_lon_00395_size_0168,WD_MERGE_2018-01-15---2018-02-05_duration_21_days_cluster_356_A0_001736_A_002252_lat_04804_lon_00395_size_0168.tif,2018-01-15,2018-02-05,27285,Giverny,FRD21,Eure,275.0,1242,496800.0,INTE1804348A__20180115__20180205,INTE1804348A,Giverny,ICB,Inondations et/ou Coulées de Boue,2018-01-15,2018-02-05,0,0,0,0,0,True,True,True,22,7
WD_MERGE_2018-01-15---2018-02-05_duration_21_days_cluster_356_A0_001736_A_002252_lat_04804_lon_00395_size_0168,WD_MERGE_2018-01-15---2018-02-05_duration_21_days_cluster_356_A0_001736_A_002252_lat_04804_lon_00395_size_0168.tif,2018-01-15,2018-02-05,27332,Heudebouville,FRD21,Eure,1263.0,1066,426400.0,INTE1804348A__20180115__20180205,INTE1804348A,Heudebouville,ICB,Inondations et/ou Coulées de Boue,2018-01-15,2018-02-05,0,0,0,0,0,True,True,True,22,7
WD_MERGE_2018-01-15---2018-02-05_duration_21_days_cluster_356_A0_001736_A_002252_lat_04804_lon_00395_size_0168,WD_MERGE_2018-01-15---2018-02-05_duration_21_days_cluster_356_A0_001736_A_002252_lat_04804_lon_00395_size_0168.tif,2018-01-15,2018-02-05,27422,Muids,FRD21,Eure,625.0,4121,1648400.0,INTE1804348A__20180115__20180205,INTE1804348A,Muids,ICB,Inondations et/ou Coulées de Boue,2018-01-15,2018-02-05,0,0,0,0,0,True,True,True,22,7
WD_MERGE_2018-01-15---2018-02-05_duration_21_days_cluster_356_A0_001736_A_002252_lat_04804_lon_00395_size_0168,WD_MERGE_2018-01-15---2018-02-05_duration_21_days_cluster_356_A0_001736_A_002252_lat_04804_lon_00395_size_0168.tif,2018-01-15,2018-02-05,27440,Notre-Dame-de-l'Isle,FRD21,Eure,571.0,697,278800.0,INTE1804348A__20180115__20180205,INTE1804348A,Notre-Dame-de-l'Isle,ICB,Inondations et/ou Coulées de Boue,2018-01-15,2018-02-05,0,0,0,0,0,True,True,True,22,7
WD_MERGE_2018-01-15---2018-02-05_duration_21_days_cluster_356_A0_001736_A_002252_lat_04804_lon_00395_size_0168,WD_MERGE_2018-01-15---2018-02-05_duration_21_days_cluster_356_A0_001736_A_002252_lat_04804_lon_00395_size_0168.tif,2018-01-15,2018-02-05,27471,Porte-de-Seine,FRD21,Eure,426.0,1339,535600.0,INTE1804348A__20180115__20180205,INTE1804348A,Porte-de-Seine,ICB,Inondations et/ou Coulées de Boue,2018-01-15,2018-02-05,0,0,0,0,0,True,True,True,22,7
WD_MERGE_2018-01-15---2018-02-05_duration_21_days_cluster_356_A0_001736_A_002252_lat_04804_lon_00395_size_0168,WD_MERGE_2018-01-15---2018-02-05_duration_21_days_cluster_356_A0_001736_A_002252_lat_04804_lon_00395_size_0168.tif,2018-01-15,2018-02-05,27473,Port-Mort,FRD21,Eure,540.0,2348,939200.0,INTE1804348A__20180115__20180205,INTE1804348A,Port-Mort,ICB,Inondations et/ou Coulées de Boue,2018-01-15,2018-02-05,0,0,0,0,0,True,True,True,22,7
WD_MERGE_2018-01-15---2018-02-05_duration_21_days_cluster_356_A0_001736_A_002252_lat_04804_lon_00395_size_0168,WD_MERGE_2018-01-15---2018-02-05_duration_21_days_cluster_356_A0_001736_A_002252_lat_04804_lon_00395_size_0168.tif,2018-01-15,2018-02-05,27477,Pressagny-l'Orgueilleux,FRD21,Eure,672.0,242,96800.0,INTE1804348A__20180115__20180205,INTE1804348A,Pressagny-l'Orgueilleux,ICB,Inondations et/ou Coulées de Boue,2018-01-15,2018-02-05,0,0,0,0,0,True,True,True,22,7
WD_MERGE_2018-01-15---2018-02-05_duration_21_days_cluster_356_A0_001736_A_002252_lat_04804_lon_00395_size_0168,WD_MERGE_2018-01-15---2018-02-05_duration_21_days_cluster_356_A0_001736_A_002252_lat_04804_lon_00395_size_0168.tif,2018-01-15,2018-02-05,27495,La Roquette,FRD21,Eure,500.0,352,140800.0,INTE1804348A__20180115__20180205,INTE1804348A,La Roquette,ICB,Inondations et/ou Coulées de Boue,2018-01-15,2018-02-05,0,0,0,0,0,True,True,True,22,7
WD_MERGE_2018-01-15---2018-02-05_duration_21_days_cluster_356_A0_001736_A_002252_lat_04804_lon_00395_size_0168,WD_MERGE_2018-01-15---2018-02-05_duration_21_days_cluster_356_A0_001736_A_002252_lat_04804_lon_00395_size_0168.tif,2018-01-15,2018-02-05,27562,Saint-Marcel,FRD21,Eure,267.0,147,58800.0,INTE1804348A__20180115__20180205,INTE1804348A,Saint-Marcel,ICB,Inondations et/ou Coulées de Boue,2018-01-15,2018-02-05,0,0,0,0,0,True,True,True,22,7
WD_MERGE_2018-01-15---2018-02-05_duration_21_days_cluster_356_A0_001736_A_002252_lat_04804_lon_00395_size_0168,WD_MERGE_2018-01-15---2018-02-05_duration_21_days_cluster_356_A0_001736_A_002252_lat_04804_lon_00395_size_0168.tif,2018-01-15,2018-02-05,27598,Saint-Pierre-du-Vauvray,FRD21,Eure,611.0,619,247600.0,INTE1804348A__20180115__20180205,INTE1804348A,Saint-Pierre-du-Vauvray,ICB,Inondations et/ou Coulées de Boue,2018-01-15,2018-02-05,0,0,0,0,0,True,True,True,22,7
WD_MERGE_2018-01-15---2018-02-05_duration_21_days_cluster_356_A0_001736_A_002252_lat_04804_lon_00395_size_0168,WD_MERGE_2018-01-15---2018-02-05_duration_21_days_cluster_356_A0_001736_A_002252_lat_04804_lon_00395_size_0168.tif,2018-01-15,2018-02-05,27599,Saint-Pierre-la-Garenne,FRD21,Eure,845.0,1245,498000.0,INTE1804348A__20180115__20180205,INTE1804348A,Saint-Pierre-la-Garenne,ICB,Inondations et/ou Coulées de Boue,2018-01-15,2018-02-05,0,0,0,0,0,True,True,True,22,7
WD_MERGE_2018-01-15---2018-02-05_duration_21_days_cluster_356_A0_001736_A_002252_lat_04804_lon_00395_size_0168,WD_MERGE_2018-01-15---2018-02-05_duration_21_days_cluster_356_A0_001736_A_002252_lat_04804_lon_00395_size_0168.tif,2018-01-15,2018-02-05,27673,Vatteville,FRD21,Eure,441.0,186,74400.0,INTE1804348A__20180115__20180205,INTE1804348A,Vatteville,ICB,Inondations et/ou Coulées de Boue,2018-01-15,2018-02-05,0,0,0,0,0,True,True,True,22,7
WD_MERGE_2018-01-15---2018-02-05_duration_21_days_cluster_356_A0_001736_A_002252_lat_04804_lon_00395_size_0168,WD_MERGE_2018-01-15---2018-02-05_duration_21_days_cluster_356_A0_001736_A_002252_lat_04804_lon_00395_size_0168.tif,2018-01-15,2018-02-05,27681,Vernon,FRD21,Eure,550.0,1358,543200.0,INTE1804348A__20180115__20180205,INTE1804348A,Vernon,ICB,Inondations et/ou Coulées de Boue,2018-01-15,2018-02-05,0,0,0,0,0,True,True,True,22,7
WD_MERGE_2018-01-15---2018-02-05_duration_21_days_cluster_356_A0_001736_A_002252_lat_04804_lon_00395_size_0168,WD_MERGE_2018-01-15---2018-02-05_duration_21_days_cluster_356_A0_001736_A_002252_lat_04804_lon_00395_size_0168.tif,2018-01-15,2018-02-05,27683,Vézillon,FRD21,Eure,352.0,1018,407200.0,INTE1804348A__20180115__20180205,INTE1804348A,Vézillon,ICB,Inondations et/ou Coulées de Boue,2018-01-15,2018-02-05,0,0,0,0,0,True,True,True,22,7
WD_MERGE_2018-01-15---2018-02-05_duration_21_days_cluster_356_A0_001736_A_002252_lat_04804_lon_00395_size_0168,WD_MERGE_2018-01-15---2018-02-05_duration_21_days_cluster_356_A0_001736_A_002252_lat_04804_lon_00395_size_0168.tif,2018-01-15,2018-02-05,27691,Villers-sur-le-Roule,FRD21,Eure,400.0,70,28000.0,INTE1804348A__20180115__20180205,INTE1804348A,Villers-sur-le-Roule,ICB,Inondations et/ou Coulées de Boue,2018-01-15,2018-02-05,0,0,0,0,0,True,True,True,22,7
WD_MERGE_2018-01-15---2018-02-05_duration_21_days_cluster_356_A0_001736_A_002252_lat_04804_lon_00395_size_0168,WD_MERGE_2018-01-15---2018-02-05_duration_21_days_cluster_356_A0_001736_A_002252_lat_04804_lon_00395_size_0168.tif,2018-01-15,2018-02-05,51009,Anglure,FRF23,Marne,658.0,3520,1408000.0,INTE1804348A__20180115__20180205,INTE1804348A,Anglure,ICB,Inondations et/ou Coulées de Boue,2018-01-15,2018-02-05,0,0,0,0,0,True,True,True,22,7
WD_MERGE_2018-01-15---2018-02-05_duration_21_days_cluster_356_A0_001736_A_002252_lat_04804_lon_00395_size_0168,WD_MERGE_2018-01-15---2018-02-05_duration_21_days_cluster_356_A0_001736_A_002252_lat_04804_lon_00395_size_0168.tif,2018-01-15,2018-02-05,51016,Arrigny,FRF23,Marne,32.0,45,18000.0,INTE1804348A__20180115__20180205,INTE1804348A,Arrigny,ICB,Inondations et/ou Coulées de Boue,2018-01-15,2018-02-05,0,0,0,0,0,True,True,True,22,7
WD_MERGE_2018-01-15---2018-02-05_duration_21_days_cluster_356_A0_001736_A_002252_lat_04804_lon_00395_size_0168,WD_MERGE_2018-01-15---2018-02-05_duration_21_days_cluster_356_A0_001736_A_002252_lat_04804_lon_00395_size_0168.tif,2018-01-15,2018-02-05,51018,Athis,FRF23,Marne,249.0,4088,1635200.0,INTE1804348A__20180115__20180205,INTE1804348A,Athis,ICB,Inondations et/ou Coulées de Boue,2018-01-15,2018-02-05,0,0,0,0,0,True,True,True,22,7
WD_MERGE_2018-01-15---2018-02-05_duration_21_days_cluster_356_A0_001736_A_002252_lat_04804_lon_00395_size_0168,WD_MERGE_2018-01-15---2018-02-05_duration_21_days_cluster_356_A0_001736_A_002252_lat_04804_lon_00395_size_0168.tif,2018-01-15,2018-02-05,51032,Bagneux,FRF23,Marne,471.0,3943,1577200.0,INTE1804348A__20180115__20180205,INTE1804348A,Bagneux,ICB,Inondations et/ou Coulées de Boue,2018-01-15,2018-02-05,0,0,0,0,0,True,True,True,22,7
WD_MERGE_2018-01-15---2018-02-05_duration_21_days_cluster_356_A0_001736_A_002252_lat_04804_lon_00395_size_0168,WD_MERGE_2018-01-15---2018-02-05_duration_21_days_cluster_356_A0_001736_A_002252_lat_04804_lon_00395_size_0168.tif,2018-01-15,2018-02-05,51150,Cherville,FRF23,Marne,98.0,35,14000.0,INTE1804348A__20180115__20180205,INTE1804348A,Cherville,ICB,Inondations et/ou Coulées de Boue,2018-01-15,2018-02-05,0,0,0,0,0,True,True,True,22,7
WD_MERGE_2018-01-15---2018-02-05_duration_21_days_cluster_356_A0_001736_A_002252_lat_04804_lon_00395_size_0168,WD_MERGE_2018-01-15---2018-02-05_duration_21_days_cluster_356_A0_001736_A_002252_lat_04804_lon_00395_size_0168.tif,2018-01-15,2018-02-05,51162,Conflans-sur-Seine,FRF23,Marne,1134.0,3113,1245200.0,INTE1804348A__20180115__20180205,INTE1804348A,Conflans-sur-Seine,ICB,Inondations et/ou Coulées de Boue,2018-01-15,2018-02-05,0,0,0,0,0,True,True,True,22,7
WD_MERGE_2018-01-15---2018-02-05_duration_21_days_cluster_356_A0_001736_A_002252_lat_04804_lon_00395_size_0168,WD_MERGE_2018-01-15---2018-02-05_duration_21_days_cluster_356_A0_001736_A_002252_lat_04804_lon_00395_size_0168.tif,2018-01-15,2018-02-05,51168,Coolus,FRF23,Marne,375.0,43,17200.0,INTE1804348A__20180115__20180205,INTE1804348A,Coolus,ICB,Inondations et/ou Coulées de Boue,2018-01-15,2018-02-05,0,0,0,0,0,True,True,True,22,7
WD_MERGE_2018-01-15---2018-02-05_duration_21_days_cluster_356_A0_001736_A_002252_lat_04804_lon_00395_size_0168,WD_MERGE_2018-01-15---2018-02-05_duration_21_days_cluster_356_A0_001736_A_002252_lat_04804_lon_00395_size_0168.tif,2018-01-15,2018-02-05,51192,Courthiézy,FRF23,Marne,580.0,538,215200.0,INTE1804348A__20180115__20180205,INTE1804348A,Courthiézy,ICB,Inondations et/ou Coulées de Boue,2018-01-15,2018-02-05,0,0,0,0,0,True,True,True,22,7
WD_MERGE_2018-01-15---2018-02-05_duration_21_days_cluster_356_A0_001736_A_002252_lat_04804_lon_00395_size_0168,WD_MERGE_2018-01-15---2018-02-05_duration_21_days_cluster_356_A0_001736_A_002252_lat_04804_lon_00395_size_0168.tif,2018-01-15,2018-02-05,51217,Dormans,FRF23,Marne,605.0,3698,1479200.0,INTE1804348A__20180115__20180205,INTE1804348A,Dormans,ICB,Inondations et/ou Coulées de Boue,2018-01-15,2018-02-05,0,0,0,0,0,True,True,True,22,7
WD_MERGE_2018-01-15---2018-02-05_duration_21_days_cluster_356_A0_001736_A_002252_lat_04804_lon_00395_size_0168,WD_MERGE_2018-01-15---2018-02-05_duration_21_days_cluster_356_A0_001736_A_002252_lat_04804_lon_00395_size_0168.tif,2018-01-15,2018-02-05,51230,Épernay,FRF23,Marne,782.0,3892,1556800.0,INTE1804348A__20180115__20180205,INTE1804348A,Épernay,ICB,Inondations et/ou Coulées de Boue,2018-01-15,2018-02-05,0,0,0,0,0,True,True,True,22,7
WD_MERGE_2018-01-15---2018-02-05_duration_21_days_cluster_356_A0_001736_A_002252_lat_04804_lon_00395_size_0168,WD_MERGE_2018-01-15---2018-02-05_duration_21_days_cluster_356_A0_001736_A_002252_lat_04804_lon_00395_size_0168.tif,2018-01-15,2018-02-05,51287,Hautvillers,FRF23,Marne,1329.0,1621,648400.0,INTE1804348A__20180115__20180205,INTE1804348A,Hautvillers,ICB,Inondations et/ou Coulées de Boue,2018-01-15,2018-02-05,0,0,0,0,0,True,True,True,22,7
WD_MERGE_2018-01-15---2018-02-05_duration_21_days_cluster_356_A0_001736_A_002252_lat_04804_lon_00395_size_0168,WD_MERGE_2018-01-15---2018-02-05_duration_21_days_cluster_356_A0_001736_A_002252_lat_04804_lon_00395_size_0168.tif,2018-01-15,2018-02-05,51343,Marcilly-sur-Seine,FRF23,Marne,571.0,5611,2244400.0,INTE1804348A__20180115__20180205,INTE1804348A,Marcilly-sur-Seine,ICB,Inondations et/ou Coulées de Boue,2018-01-15,2018-02-05,0,0,0,0,0,True,True,True,22,7
WD_MERGE_2018-01-15---2018-02-05_duration_21_days_cluster_356_A0_001736_A_002252_lat_04804_lon_00395_size_0168,WD_MERGE_2018-01-15---2018-02-05_duration_21_days_cluster_356_A0_001736_A_002252_lat_04804_lon_00395_size_0168.tif,2018-01-15,2018-02-05,51434,Plivot,FRF23,Marne,496.0,3131,1252400.0,INTE1804348A__20180115__20180205,INTE1804348A,Plivot,ICB,Inondations et/ou Coulées de Boue,2018-01-15,2018-02-05,0,0,0,0,0,True,True,True,22,7
WD_MERGE_2018-01-15---2018-02-05_duration_21_days_cluster_356_A0_001736_A_002252_lat_04804_lon_00395_size_0168,WD_MERGE_2018-01-15---2018-02-05_duration_21_days_cluster_356_A0_001736_A_002252_lat_04804_lon_00395_size_0168.tif,2018-01-15,2018-02-05,51492,Saint-Just-Sauvage,FRF23,Marne,228.0,3930,1572000.0,INTE1804348A__20180115__20180205,INTE1804348A,Saint-Just-Sauvage,ICB,Inondations et/ou Coulées de Boue,2018-01-15,2018-02-05,0,0,0,0,0,True,True,True,22,7
WD_MERGE_2018-01-15---2018-02-05_duration_21_days_cluster_356_A0_001736_A_002252_lat_04804_lon_00395_size_0168,WD_MERGE_2018-01-15---2018-02-05_duration_21_days_cluster_356_A0_001736_A_002252_lat_04804_lon_00395_size_0168.tif,2018-01-15,2018-02-05,51524,Saron-sur-Aube,FRF23,Marne,564.0,5230,2092000.0,INTE1804348A__20180115__20180205,INTE1804348A,Saron-sur-Aube,ICB,Inondations et/ou Coulées de Boue,2018-01-15,2018-02-05,0,0,0,0,0,True,True,True,22,7
WD_MERGE_2018-01-15---2018-02-05_duration_21_days_cluster_356_A0_001736_A_002252_lat_04804_lon_00395_size_0168,WD_MERGE_2018-01-15---2018-02-05_duration_21_days_cluster_356_A0_001736_A_002252_lat_04804_lon_00395_size_0168.tif,2018-01-15,2018-02-05,51576,Tours-sur-Marne,FRF23,Marne,681.0,12369,4947600.0,INTE1804348A__20180115__20180205,INTE1804348A,Tours-sur-Marne,ICB,Inondations et/ou Coulées de Boue,2018-01-15,2018-02-05,0,0,0,0,0,True,True,True,22,7
WD_MERGE_2018-01-15---2018-02-05_duration_21_days_cluster_356_A0_001736_A_002252_lat_04804_lon_00395_size_0168,WD_MERGE_2018-01-15---2018-02-05_duration_21_days_cluster_356_A0_001736_A_002252_lat_04804_lon_00395_size_0168.tif,2018-01-15,2018-02-05,51625,Villeneuve-la-Lionne,FRF23,Marne,453.0,644,257600.0,INTE1804348A__20180115__20180205,INTE1804348A,Villeneuve-la-Lionne,ICB,Inondations et/ou Coulées de Boue,2018-01-15,2018-02-05,0,0,0,0,0,True,True,True,22,7
WD_MERGE_2018-01-15---2018-02-05_duration_21_days_cluster_356_A0_001736_A_002252_lat_04804_lon_00395_size_0168,WD_MERGE_2018-01-15---2018-02-05_duration_21_days_cluster_356_A0_001736_A_002252_lat_04804_lon_00395_size_0168.tif,2018-01-15,2018-02-05,51663,Magenta,FRF23,Marne,242.0,359,143600.0,INTE1804348A__20180115__20180205,INTE1804348A,Magenta,ICB,Inondations et/ou Coulées de Boue,2018-01-15,2018-02-05,0,0,0,0,0,True,True,True,22,7
WD_MERGE_2018-01-15---2018-02-05_duration_21_days_cluster_356_A0_001736_A_002252_lat_04804_lon_00395_size_0168,WD_MERGE_2018-01-15---2018-02-05_duration_21_days_cluster_356_A0_001736_A_002252_lat_04804_lon_00395_size_0168.tif,2018-01-15,2018-02-05,77005,Annet-sur-Marne,FR102,Seine-et-Marne ,472.0,1540,616000.0,INTE1804348A__20180115__20180205,INTE1804348A,Annet-sur-Marne,ICB,Inondations et/ou Coulées de Boue,2018-01-15,2018-02-05,0,0,0,0,0,True,True,True,22,7
WD_MERGE_2018-01-15---2018-02-05_duration_21_days_cluster_356_A0_001736_A_002252_lat_04804_lon_00395_size_0168,WD_MERGE_2018-01-15---2018-02-05_duration_21_days_cluster_356_A0_001736_A_002252_lat_04804_lon_00395_size_0168.tif,2018-01-15,2018-02-05,77021,Barbey,FR102,Seine-et-Marne ,464.0,1618,647200.0,INTE1804348A__20180115__20180205,INTE1804348A,Barbey,ICB,Inondations et/ou Coulées de Boue,2018-01-15,2018-02-05,0,0,0,0,0,True,True,True,22,7
WD_MERGE_2018-01-15---2018-02-05_duration_21_days_cluster_356_A0_001736_A_002252_lat_04804_lon_00395_size_0168,WD_MERGE_2018-01-15---2018-02-05_duration_21_days_cluster_356_A0_001736_A_002252_lat_04804_lon_00395_size_0168.tif,2018-01-15,2018-02-05,77037,Bois-le-Roi,FR102,Seine-et-Marne ,1498.0,213,85200.0,INTE1804348A__20180115__20180205,INTE1804348A,Bois-le-Roi,ICB,Inondations et/ou Coulées de Boue,2018-01-15,2018-02-05,0,0,0,0,0,True,True,True,22,7
WD_MERGE_2018-01-15---2018-02-05_duration_21_days_cluster_356_A0_001736_A_002252_lat_04804_lon_00395_size_0168,WD_MERGE_2018-01-15---2018-02-05_duration_21_days_cluster_356_A0_001736_A_002252_lat_04804_lon_00395_size_0168.tif,2018-01-15,2018-02-05,77075,Chalifert,FR102,Seine-et-Marne ,340.0,226,90400.0,INTE1804348A__20180115__20180205,INTE1804348A,Chalifert,ICB,Inondations et/ou Coulées de Boue,2018-01-15,2018-02-05,0,0,0,0,0,True,True,True,22,7
WD_MERGE_2018-01-15---2018-02-05_duration_21_days_cluster_356_A0_001736_A_002252_lat_04804_lon_00395_size_0168,WD_MERGE_2018-01-15---2018-02-05_duration_21_days_cluster_356_A0_001736_A_002252_lat_04804_lon_00395_size_0168.tif,2018-01-15,2018-02-05,77079,Champagne-sur-Seine,FR102,Seine-et-Marne ,391.0,176,70400.0,INTE1804348A__20180115__20180205,INTE1804348A,Champagne-sur-Seine,ICB,Inondations et/ou Coulées de Boue,2018-01-15,2018-02-05,0,0,0,0,0,True,True,True,22,7
WD_MERGE_2018-01-15---2018-02-05_duration_21_days_cluster_356_A0_001736_A_002252_lat_04804_lon_00395_size_0168,WD_MERGE_2018-01-15---2018-02-05_duration_21_days_cluster_356_A0_001736_A_002252_lat_04804_lon_00395_size_0168.tif,2018-01-15,2018-02-05,77083,Champs-sur-Marne,FR102,Seine-et-Marne ,194.0,70,28000.0,INTE1804348A__20180115__20180205,INTE1804348A,Champs-sur-Marne,ICB,Inondations et/ou Coulées de Boue,2018-01-15,2018-02-05,0,0,0,0,0,True,True,True,22,7
WD_MERGE_2018-01-15---2018-02-05_duration_21_days_cluster_356_A0_001736_A_002252_lat_04804_lon_00395_size_0168,WD_MERGE_2018-01-15---2018-02-05_duration_21_days_cluster_356_A0_001736_A_002252_lat_04804_lon_00395_size_0168.tif,2018-01-15,2018-02-05,77084,Changis-sur-Marne,FR102,Seine-et-Marne ,534.0,1739,695600.0,INTE1804348A__20180115__20180205,INTE1804348A,Changis-sur-Marne,ICB,Inondations et/ou Coulées de Boue,2018-01-15,2018-02-05,0,0,0,0,0,True,True,True,22,7
WD_MERGE_2018-01-15---2018-02-05_duration_21_days_cluster_356_A0_001736_A_002252_lat_04804_lon_00395_size_0168,WD_MERGE_2018-01-15---2018-02-05_duration_21_days_cluster_356_A0_001736_A_002252_lat_04804_lon_00395_size_0168.tif,2018-01-15,2018-02-05,77094,Charmentray,FR102,Seine-et-Marne ,639.0,106,42400.0,INTE1804348A__20180115__20180205,INTE1804348A,Charmentray,ICB,Inondations et/ou Coulées de Boue,2018-01-15,2018-02-05,0,0,0,0,0,True,True,True,22,7
WD_MERGE_2018-01-15---2018-02-05_duration_21_days_cluster_356_A0_001736_A_002252_lat_04804_lon_00395_size_0168,WD_MERGE_2018-01-15---2018-02-05_duration_21_days_cluster_356_A0_001736_A_002252_lat_04804_lon_00395_size_0168.tif,2018-01-15,2018-02-05,77096,Chartrettes,FR102,Seine-et-Marne ,717.0,1006,402400.0,INTE1804348A__20180115__20180205,INTE1804348A,Chartrettes,ICB,Inondations et/ou Coulées de Boue,2018-01-15,2018-02-05,0,0,0,0,0,True,True,True,22,7
WD_MERGE_2018-01-15---2018-02-05_duration_21_days_cluster_356_A0_001736_A_002252_lat_04804_lon_00395_size_0168,WD_MERGE_2018-01-15---2018-02-05_duration_21_days_cluster_356_A0_001736_A_002252_lat_04804_lon_00395_size_0168.tif,2018-01-15,2018-02-05,77108,Chelles,FR102,Seine-et-Marne ,128.0,53,21200.0,INTE1804348A__20180115__20180205,INTE1804348A,Chelles,ICB,Inondations et/ou Coulées de Boue,2018-01-15,2018-02-05,0,0,0,0,0,True,True,True,22,7
WD_MERGE_2018-01-15---2018-02-05_duration_21_days_cluster_356_A0_001736_A_002252_lat_04804_lon_00395_size_0168,WD_MERGE_2018-01-15---2018-02-05_duration_21_days_cluster_356_A0_001736_A_002252_lat_04804_lon_00395_size_0168.tif,2018-01-15,2018-02-05,77111,Chessy,FR102,Seine-et-Marne ,497.0,157,62800.0,INTE1804348A__20180115__20180205,INTE1804348A,Chessy,ICB,Inondations et/ou Coulées de Boue,2018-01-15,2018-02-05,0,0,0,0,0,True,True,True,22,7
WD_MERGE_2018-01-15---2018-02-05_duration_21_days_cluster_356_A0_001736_A_002252_lat_04804_lon_00395_size_0168,WD_MERGE_2018-01-15---2018-02-05_duration_21_days_cluster_356_A0_001736_A_002252_lat_04804_lon_00395_size_0168.tif,2018-01-15,2018-02-05,77125,Condé-Sainte-Libiaire,FR102,Seine-et-Marne ,351.0,894,357600.0,INTE1804348A__20180115__20180205,INTE1804348A,Condé-Sainte-Libiaire,ICB,Inondations et/ou Coulées de Boue,2018-01-15,2018-02-05,0,0,0,0,0,True,True,True,22,7
WD_MERGE_2018-01-15---2018-02-05_duration_21_days_cluster_356_A0_001736_A_002252_lat_04804_lon_00395_size_0168,WD_MERGE_2018-01-15---2018-02-05_duration_21_days_cluster_356_A0_001736_A_002252_lat_04804_lon_00395_size_0168.tif,2018-01-15,2018-02-05,77155,Dampmart,FR102,Seine-et-Marne ,703.0,297,118800.0,INTE1804348A__20180115__20180205,INTE1804348A,Dampmart,ICB,Inondations et/ou Coulées de Boue,2018-01-15,2018-02-05,0,0,0,0,0,True,True,True,22,7
WD_MERGE_2018-01-15---2018-02-05_duration_21_days_cluster_356_A0_001736_A_002252_lat_04804_lon_00395_size_0168,WD_MERGE_2018-01-15---2018-02-05_duration_21_days_cluster_356_A0_001736_A_002252_lat_04804_lon_00395_size_0168.tif,2018-01-15,2018-02-05,77171,Esbly,FR102,Seine-et-Marne ,330.0,475,190000.0,INTE1804348A__20180115__20180205,INTE1804348A,Esbly,ICB,Inondations et/ou Coulées de Boue,2018-01-15,2018-02-05,0,0,0,0,0,True,True,True,22,7
WD_MERGE_2018-01-15---2018-02-05_duration_21_days_cluster_356_A0_001736_A_002252_lat_04804_lon_00395_size_0168,WD_MERGE_2018-01-15---2018-02-05_duration_21_days_cluster_356_A0_001736_A_002252_lat_04804_lon_00395_size_0168.tif,2018-01-15,2018-02-05,77183,La Ferté-sous-Jouarre,FR102,Seine-et-Marne ,173.0,103,41200.0,INTE1804348A__20180115__20180205,INTE1804348A,La Ferté-sous-Jouarre,ICB,Inondations et/ou Coulées de Boue,2018-01-15,2018-02-05,0,0,0,0,0,True,True,True,22,7
WD_MERGE_2018-01-15---2018-02-05_duration_21_days_cluster_356_A0_001736_A_002252_lat_04804_lon_00395_size_0168,WD_MERGE_2018-01-15---2018-02-05_duration_21_days_cluster_356_A0_001736_A_002252_lat_04804_lon_00395_size_0168.tif,2018-01-15,2018-02-05,77199,Fublaines,FR102,Seine-et-Marne ,466.0,1290,516000.0,INTE1804348A__20180115__20180205,INTE1804348A,Fublaines,ICB,Inondations et/ou Coulées de Boue,2018-01-15,2018-02-05,0,0,0,0,0,True,True,True,22,7
WD_MERGE_2018-01-15---2018-02-05_duration_21_days_cluster_356_A0_001736_A_002252_lat_04804_lon_00395_size_0168,WD_MERGE_2018-01-15---2018-02-05_duration_21_days_cluster_356_A0_001736_A_002252_lat_04804_lon_00395_size_0168.tif,2018-01-15,2018-02-05,77203,Germigny-l'Évêque,FR102,Seine-et-Marne ,831.0,2966,1186400.0,INTE1804348A__20180115__20180205,INTE1804348A,Germigny-l'Évêque,ICB,Inondations et/ou Coulées de Boue,2018-01-15,2018-02-05,0,0,0,0,0,True,True,True,22,7
WD_MERGE_2018-01-15---2018-02-05_duration_21_days_cluster_356_A0_001736_A_002252_lat_04804_lon_00395_size_0168,WD_MERGE_2018-01-15---2018-02-05_duration_21_days_cluster_356_A0_001736_A_002252_lat_04804_lon_00395_size_0168.tif,2018-01-15,2018-02-05,77210,La Grande-Paroisse,FR102,Seine-et-Marne ,500.0,2603,1041200.0,INTE1804348A__20180115__20180205,INTE1804348A,La Grande-Paroisse,ICB,Inondations et/ou Coulées de Boue,2018-01-15,2018-02-05,0,0,0,0,0,True,True,True,22,7
WD_MERGE_2018-01-15---2018-02-05_duration_21_days_cluster_356_A0_001736_A_002252_lat_04804_lon_00395_size_0168,WD_MERGE_2018-01-15---2018-02-05_duration_21_days_cluster_356_A0_001736_A_002252_lat_04804_lon_00395_size_0168.tif,2018-01-15,2018-02-05,77212,Gravon,FR102,Seine-et-Marne ,114.0,183,73200.0,INTE1804348A__20180115__20180205,INTE1804348A,Gravon,ICB,Inondations et/ou Coulées de Boue,2018-01-15,2018-02-05,0,0,0,0,0,True,True,True,22,7
WD_MERGE_2018-01-15---2018-02-05_duration_21_days_cluster_356_A0_001736_A_002252_lat_04804_lon_00395_size_0168,WD_MERGE_2018-01-15---2018-02-05_duration_21_days_cluster_356_A0_001736_A_002252_lat_04804_lon_00395_size_0168.tif,2018-01-15,2018-02-05,77218,Grisy-sur-Seine,FR102,Seine-et-Marne ,211.0,658,263200.0,INTE1804348A__20180115__20180205,INTE1804348A,Grisy-sur-Seine,ICB,Inondations et/ou Coulées de Boue,2018-01-15,2018-02-05,0,0,0,0,0,True,True,True,22,7
WD_MERGE_2018-01-15---2018-02-05_duration_21_days_cluster_356_A0_001736_A_002252_lat_04804_lon_00395_size_0168,WD_MERGE_2018-01-15---2018-02-05_duration_21_days_cluster_356_A0_001736_A_002252_lat_04804_lon_00395_size_0168.tif,2018-01-15,2018-02-05,77219,Guérard,FR102,Seine-et-Marne ,139.0,799,319600.0,INTE1804348A__20180115__20180205,INTE1804348A,Guérard,ICB,Inondations et/ou Coulées de Boue,2018-01-15,2018-02-05,0,0,0,0,0,True,True,True,22,7
WD_MERGE_2018-01-15---2018-02-05_duration_21_days_cluster_356_A0_001736_A_002252_lat_04804_lon_00395_size_0168,WD_MERGE_2018-01-15---2018-02-05_duration_21_days_cluster_356_A0_001736_A_002252_lat_04804_lon_00395_size_0168.tif,2018-01-15,2018-02-05,77231,Isles-les-Meldeuses,FR102,Seine-et-Marne ,391.0,855,342000.0,INTE1804348A__20180115__20180205,INTE1804348A,Isles-les-Meldeuses,ICB,Inondations et/ou Coulées de Boue,2018-01-15,2018-02-05,0,0,0,0,0,True,True,True,22,7
WD_MERGE_2018-01-15---2018-02-05_duration_21_days_cluster_356_A0_001736_A_002252_lat_04804_lon_00395_size_0168,WD_MERGE_2018-01-15---2018-02-05_duration_21_days_cluster_356_A0_001736_A_002252_lat_04804_lon_00395_size_0168.tif,2018-01-15,2018-02-05,77232,Isles-lès-Villenoy,FR102,Seine-et-Marne ,442.0,2101,840400.0,INTE1804348A__20180115__20180205,INTE1804348A,Isles-lès-Villenoy,ICB,Inondations et/ou Coulées de Boue,2018-01-15,2018-02-05,0,0,0,0,0,True,True,True,22,7
WD_MERGE_2018-01-15---2018-02-05_duration_21_days_cluster_356_A0_001736_A_002252_lat_04804_lon_00395_size_0168,WD_MERGE_2018-01-15---2018-02-05_duration_21_days_cluster_356_A0_001736_A_002252_lat_04804_lon_00395_size_0168.tif,2018-01-15,2018-02-05,77235,Jaignes,FR102,Seine-et-Marne ,586.0,496,198400.0,INTE1804348A__20180115__20180205,INTE1804348A,Jaignes,ICB,Inondations et/ou Coulées de Boue,2018-01-15,2018-02-05,0,0,0,0,0,True,True,True,22,7
WD_MERGE_2018-01-15---2018-02-05_duration_21_days_cluster_356_A0_001736_A_002252_lat_04804_lon_00395_size_0168,WD_MERGE_2018-01-15---2018-02-05_duration_21_days_cluster_356_A0_001736_A_002252_lat_04804_lon_00395_size_0168.tif,2018-01-15,2018-02-05,77236,Jaulnes,FR102,Seine-et-Marne ,670.0,6018,2407200.0,INTE1804348A__20180115__20180205,INTE1804348A,Jaulnes,ICB,Inondations et/ou Coulées de Boue,2018-01-15,2018-02-05,0,0,0,0,0,True,True,True,22,7
WD_MERGE_2018-01-15---2018-02-05_duration_21_days_cluster_356_A0_001736_A_002252_lat_04804_lon_00395_size_0168,WD_MERGE_2018-01-15---2018-02-05_duration_21_days_cluster_356_A0_001736_A_002252_lat_04804_lon_00395_size_0168.tif,2018-01-15,2018-02-05,77238,Jouarre,FR102,Seine-et-Marne ,209.0,493,197200.0,INTE1804348A__20180115__20180205,INTE1804348A,Jouarre,ICB,Inondations et/ou Coulées de Boue,2018-01-15,2018-02-05,0,0,0,0,0,True,True,True,22,7
WD_MERGE_2018-01-15---2018-02-05_duration_21_days_cluster_356_A0_001736_A_002252_lat_04804_lon_00395_size_0168,WD_MERGE_2018-01-15---2018-02-05_duration_21_days_cluster_356_A0_001736_A_002252_lat_04804_lon_00395_size_0168.tif,2018-01-15,2018-02-05,77276,Mareuil-lès-Meaux,FR102,Seine-et-Marne ,407.0,1226,490400.0,INTE1804348A__20180115__20180205,INTE1804348A,Mareuil-lès-Meaux,ICB,Inondations et/ou Coulées de Boue,2018-01-15,2018-02-05,0,0,0,0,0,True,True,True,22,7
WD_MERGE_2018-01-15---2018-02-05_duration_21_days_cluster_356_A0_001736_A_002252_lat_04804_lon_00395_size_0168,WD_MERGE_2018-01-15---2018-02-05_duration_21_days_cluster_356_A0_001736_A_002252_lat_04804_lon_00395_size_0168.tif,2018-01-15,2018-02-05,77284,Meaux,FR102,Seine-et-Marne ,602.0,978,391200.0,INTE1804348A__20180115__20180205,INTE1804348A,Meaux,ICB,Inondations et/ou Coulées de Boue,2018-01-15,2018-02-05,0,0,0,0,0,True,True,True,22,7
WD_MERGE_2018-01-15---2018-02-05_duration_21_days_cluster_356_A0_001736_A_002252_lat_04804_lon_00395_size_0168,WD_MERGE_2018-01-15---2018-02-05_duration_21_days_cluster_356_A0_001736_A_002252_lat_04804_lon_00395_size_0168.tif,2018-01-15,2018-02-05,77289,Melz-sur-Seine,FR102,Seine-et-Marne ,297.0,782,312800.0,INTE1804348A__20180115__20180205,INTE1804348A,Melz-sur-Seine,ICB,Inondations et/ou Coulées de Boue,2018-01-15,2018-02-05,0,0,0,0,0,True,True,True,22,7
WD_MERGE_2018-01-15---2018-02-05_duration_21_days_cluster_356_A0_001736_A_002252_lat_04804_lon_00395_size_0168,WD_MERGE_2018-01-15---2018-02-05_duration_21_days_cluster_356_A0_001736_A_002252_lat_04804_lon_00395_size_0168.tif,2018-01-15,2018-02-05,77290,Méry-sur-Marne,FR102,Seine-et-Marne ,1090.0,579,231600.0,INTE1804348A__20180115__20180205,INTE1804348A,Méry-sur-Marne,ICB,Inondations et/ou Coulées de Boue,2018-01-15,2018-02-05,0,0,0,0,0,True,True,True,22,7
WD_MERGE_2018-01-15---2018-02-05_duration_21_days_cluster_356_A0_001736_A_002252_lat_04804_lon_00395_size_0168,WD_MERGE_2018-01-15---2018-02-05_duration_21_days_cluster_356_A0_001736_A_002252_lat_04804_lon_00395_size_0168.tif,2018-01-15,2018-02-05,77293,Misy-sur-Yonne,FR102,Seine-et-Marne ,347.0,29,11600.0,INTE1804348A__20180115__20180205,INTE1804348A,Misy-sur-Yonne,ICB,Inondations et/ou Coulées de Boue,2018-01-15,2018-02-05,0,0,0,0,0,True,True,True,22,7
WD_MERGE_2018-01-15---2018-02-05_duration_21_days_cluster_356_A0_001736_A_002252_lat_04804_lon_00395_size_0168,WD_MERGE_2018-01-15---2018-02-05_duration_21_days_cluster_356_A0_001736_A_002252_lat_04804_lon_00395_size_0168.tif,2018-01-15,2018-02-05,77305,Montereau-Fault-Yonne,FR102,Seine-et-Marne ,372.0,396,158400.0,INTE1804348A__20180115__20180205,INTE1804348A,Montereau-Fault-Yonne,ICB,Inondations et/ou Coulées de Boue,2018-01-15,2018-02-05,0,0,0,0,0,True,True,True,22,7
WD_MERGE_2018-01-15---2018-02-05_duration_21_days_cluster_356_A0_001736_A_002252_lat_04804_lon_00395_size_0168,WD_MERGE_2018-01-15---2018-02-05_duration_21_days_cluster_356_A0_001736_A_002252_lat_04804_lon_00395_size_0168.tif,2018-01-15,2018-02-05,77316,Moret-Loing-et-Orvanne,FR102,Seine-et-Marne ,374.0,2338,935200.0,INTE1804348A__20180115__20180205,INTE1804348A,Moret-Loing-et-Orvanne,ICB,Inondations et/ou Coulées de Boue,2018-01-15,2018-02-05,0,0,0,0,0,True,True,True,22,7
WD_MERGE_2018-01-15---2018-02-05_duration_21_days_cluster_356_A0_001736_A_002252_lat_04804_lon_00395_size_0168,WD_MERGE_2018-01-15---2018-02-05_duration_21_days_cluster_356_A0_001736_A_002252_lat_04804_lon_00395_size_0168.tif,2018-01-15,2018-02-05,77325,Mouy-sur-Seine,FR102,Seine-et-Marne ,126.0,3640,1456000.0,INTE1804348A__20180115__20180205,INTE1804348A,Mouy-sur-Seine,ICB,Inondations et/ou Coulées de Boue,2018-01-15,2018-02-05,0,0,0,0,0,True,True,True,22,7
WD_MERGE_2018-01-15---2018-02-05_duration_21_days_cluster_356_A0_001736_A_002252_lat_04804_lon_00395_size_0168,WD_MERGE_2018-01-15---2018-02-05_duration_21_days_cluster_356_A0_001736_A_002252_lat_04804_lon_00395_size_0168.tif,2018-01-15,2018-02-05,77330,Nanteuil-lès-Meaux,FR102,Seine-et-Marne ,628.0,624,249600.0,INTE1804348A__20180115__20180205,INTE1804348A,Nanteuil-lès-Meaux,ICB,Inondations et/ou Coulées de Boue,2018-01-15,2018-02-05,0,0,0,0,0,True,True,True,22,7
WD_MERGE_2018-01-15---2018-02-05_duration_21_days_cluster_356_A0_001736_A_002252_lat_04804_lon_00395_size_0168,WD_MERGE_2018-01-15---2018-02-05_duration_21_days_cluster_356_A0_001736_A_002252_lat_04804_lon_00395_size_0168.tif,2018-01-15,2018-02-05,77331,Nanteuil-sur-Marne,FR102,Seine-et-Marne ,579.0,327,130800.0,INTE1804348A__20180115__20180205,INTE1804348A,Nanteuil-sur-Marne,ICB,Inondations et/ou Coulées de Boue,2018-01-15,2018-02-05,0,0,0,0,0,True,True,True,22,7
WD_MERGE_2018-01-15---2018-02-05_duration_21_days_cluster_356_A0_001736_A_002252_lat_04804_lon_00395_size_0168,WD_MERGE_2018-01-15---2018-02-05_duration_21_days_cluster_356_A0_001736_A_002252_lat_04804_lon_00395_size_0168.tif,2018-01-15,2018-02-05,77341,Noyen-sur-Seine,FR102,Seine-et-Marne ,283.0,3280,1312000.0,INTE1804348A__20180115__20180205,INTE1804348A,Noyen-sur-Seine,ICB,Inondations et/ou Coulées de Boue,2018-01-15,2018-02-05,0,0,0,0,0,True,True,True,22,7
WD_MERGE_2018-01-15---2018-02-05_duration_21_days_cluster_356_A0_001736_A_002252_lat_04804_lon_00395_size_0168,WD_MERGE_2018-01-15---2018-02-05_duration_21_days_cluster_356_A0_001736_A_002252_lat_04804_lon_00395_size_0168.tif,2018-01-15,2018-02-05,77376,Précy-sur-Marne,FR102,Seine-et-Marne ,415.0,1904,761600.0,INTE1804348A__20180115__20180205,INTE1804348A,Précy-sur-Marne,ICB,Inondations et/ou Coulées de Boue,2018-01-15,2018-02-05,0,0,0,0,0,True,True,True,22,7
WD_MERGE_2018-01-15---2018-02-05_duration_21_days_cluster_356_A0_001736_A_002252_lat_04804_lon_00395_size_0168,WD_MERGE_2018-01-15---2018-02-05_duration_21_days_cluster_356_A0_001736_A_002252_lat_04804_lon_00395_size_0168.tif,2018-01-15,2018-02-05,77388,Reuil-en-Brie,FR102,Seine-et-Marne ,671.0,152,60800.0,INTE1804348A__20180115__20180205,INTE1804348A,Reuil-en-Brie,ICB,Inondations et/ou Coulées de Boue,2018-01-15,2018-02-05,0,0,0,0,0,True,True,True,22,7
WD_MERGE_2018-01-15---2018-02-05_duration_21_days_cluster_356_A0_001736_A_002252_lat_04804_lon_00395_size_0168,WD_MERGE_2018-01-15---2018-02-05_duration_21_days_cluster_356_A0_001736_A_002252_lat_04804_lon_00395_size_0168.tif,2018-01-15,2018-02-05,77389,La Rochette,FR102,Seine-et-Marne ,1014.0,44,17600.0,INTE1804348A__20180115__20180205,INTE1804348A,La Rochette,ICB,Inondations et/ou Coulées de Boue,2018-01-15,2018-02-05,0,0,0,0,0,True,True,True,22,7
WD_MERGE_2018-01-15---2018-02-05_duration_21_days_cluster_356_A0_001736_A_002252_lat_04804_lon_00395_size_0168,WD_MERGE_2018-01-15---2018-02-05_duration_21_days_cluster_356_A0_001736_A_002252_lat_04804_lon_00395_size_0168.tif,2018-01-15,2018-02-05,77397,Saâcy-sur-Marne,FR102,Seine-et-Marne ,398.0,616,246400.0,INTE1804348A__20180115__20180205,INTE1804348A,Saâcy-sur-Marne,ICB,Inondations et/ou Coulées de Boue,2018-01-15,2018-02-05,0,0,0,0,0,True,True,True,22,7
WD_MERGE_2018-01-15---2018-02-05_duration_21_days_cluster_356_A0_001736_A_002252_lat_04804_lon_00395_size_0168,WD_MERGE_2018-01-15---2018-02-05_duration_21_days_cluster_356_A0_001736_A_002252_lat_04804_lon_00395_size_0168.tif,2018-01-15,2018-02-05,77405,Saint-Cyr-sur-Morin,FR102,Seine-et-Marne ,252.0,776,310400.0,INTE1804348A__20180115__20180205,INTE1804348A,Saint-Cyr-sur-Morin,ICB,Inondations et/ou Coulées de Boue,2018-01-15,2018-02-05,0,0,0,0,0,True,True,True,22,7
WD_MERGE_2018-01-15---2018-02-05_duration_21_days_cluster_356_A0_001736_A_002252_lat_04804_lon_00395_size_0168,WD_MERGE_2018-01-15---2018-02-05_duration_21_days_cluster_356_A0_001736_A_002252_lat_04804_lon_00395_size_0168.tif,2018-01-15,2018-02-05,77415,Saint-Jean-les-Deux-Jumeaux,FR102,Seine-et-Marne ,887.0,934,373600.0,INTE1804348A__20180115__20180205,INTE1804348A,Saint-Jean-les-Deux-Jumeaux,ICB,Inondations et/ou Coulées de Boue,2018-01-15,2018-02-05,0,0,0,0,0,True,True,True,22,7
WD_MERGE_2018-01-15---2018-02-05_duration_21_days_cluster_356_A0_001736_A_002252_lat_04804_lon_00395_size_0168,WD_MERGE_2018-01-15---2018-02-05_duration_21_days_cluster_356_A0_001736_A_002252_lat_04804_lon_00395_size_0168.tif,2018-01-15,2018-02-05,77419,Saint-Mammès,FR102,Seine-et-Marne ,140.0,2,800.0,INTE1804348A__20180115__20180205,INTE1804348A,Saint-Mammès,ICB,Inondations et/ou Coulées de Boue,2018-01-15,2018-02-05,0,0,0,0,0,True,True,True,22,7
WD_MERGE_2018-01-15---2018-02-05_duration_21_days_cluster_356_A0_001736_A_002252_lat_04804_lon_00395_size_0168,WD_MERGE_2018-01-15---2018-02-05_duration_21_days_cluster_356_A0_001736_A_002252_lat_04804_lon_00395_size_0168.tif,2018-01-15,2018-02-05,77442,Samoreau,FR102,Seine-et-Marne ,445.0,153,61200.0,INTE1804348A__20180115__20180205,INTE1804348A,Samoreau,ICB,Inondations et/ou Coulées de Boue,2018-01-15,2018-02-05,0,0,0,0,0,True,True,True,22,7
WD_MERGE_2018-01-15---2018-02-05_duration_21_days_cluster_356_A0_001736_A_002252_lat_04804_lon_00395_size_0168,WD_MERGE_2018-01-15---2018-02-05_duration_21_days_cluster_356_A0_001736_A_002252_lat_04804_lon_00395_size_0168.tif,2018-01-15,2018-02-05,77457,Solers,FR102,Seine-et-Marne ,334.0,167,66800.0,INTE1804348A__20180115__20180205,INTE1804348A,Solers,ICB,Inondations et/ou Coulées de Boue,2018-01-15,2018-02-05,0,0,0,0,0,True,True,True,22,7
WD_MERGE_2018-01-15---2018-02-05_duration_21_days_cluster_356_A0_001736_A_002252_lat_04804_lon_00395_size_0168,WD_MERGE_2018-01-15---2018-02-05_duration_21_days_cluster_356_A0_001736_A_002252_lat_04804_lon_00395_size_0168.tif,2018-01-15,2018-02-05,77463,Thomery,FR102,Seine-et-Marne ,164.0,431,172400.0,INTE1804348A__20180115__20180205,INTE1804348A,Thomery,ICB,Inondations et/ou Coulées de Boue,2018-01-15,2018-02-05,0,0,0,0,0,True,True,True,22,7
WD_MERGE_2018-01-15---2018-02-05_duration_21_days_cluster_356_A0_001736_A_002252_lat_04804_lon_00395_size_0168,WD_MERGE_2018-01-15---2018-02-05_duration_21_days_cluster_356_A0_001736_A_002252_lat_04804_lon_00395_size_0168.tif,2018-01-15,2018-02-05,77467,La Tombe,FR102,Seine-et-Marne ,78.0,206,82400.0,INTE1804348A__20180115__20180205,INTE1804348A,La Tombe,ICB,Inondations et/ou Coulées de Boue,2018-01-15,2018-02-05,0,0,0,0,0,True,True,True,22,7
WD_MERGE_2018-01-15---2018-02-05_duration_21_days_cluster_356_A0_001736_A_002252_lat_04804_lon_00395_size_0168,WD_MERGE_2018-01-15---2018-02-05_duration_21_days_cluster_356_A0_001736_A_002252_lat_04804_lon_00395_size_0168.tif,2018-01-15,2018-02-05,77474,Trilbardou,FR102,Seine-et-Marne ,693.0,1795,718000.0,INTE1804348A__20180115__20180205,INTE1804348A,Trilbardou,ICB,Inondations et/ou Coulées de Boue,2018-01-15,2018-02-05,0,0,0,0,0,True,True,True,22,7
WD_MERGE_2018-01-15---2018-02-05_duration_21_days_cluster_356_A0_001736_A_002252_lat_04804_lon_00395_size_0168,WD_MERGE_2018-01-15---2018-02-05_duration_21_days_cluster_356_A0_001736_A_002252_lat_04804_lon_00395_size_0168.tif,2018-01-15,2018-02-05,77482,Varennes-sur-Seine,FR102,Seine-et-Marne ,255.0,608,243200.0,INTE1804348A__20180115__20180205,INTE1804348A,Varennes-sur-Seine,ICB,Inondations et/ou Coulées de Boue,2018-01-15,2018-02-05,0,0,0,0,0,True,True,True,22,7
WD_MERGE_2018-01-15---2018-02-05_duration_21_days_cluster_356_A0_001736_A_002252_lat_04804_lon_00395_size_0168,WD_MERGE_2018-01-15---2018-02-05_duration_21_days_cluster_356_A0_001736_A_002252_lat_04804_lon_00395_size_0168.tif,2018-01-15,2018-02-05,77494,Vernou-la-Celle-sur-Seine,FR102,Seine-et-Marne ,251.0,411,164400.0,INTE1804348A__20180115__20180205,INTE1804348A,Vernou-la-Celle-sur-Seine,ICB,Inondations et/ou Coulées de Boue,2018-01-15,2018-02-05,0,0,0,0,0,True,True,True,22,7
WD_MERGE_2018-01-15---2018-02-05_duration_21_days_cluster_356_A0_001736_A_002252_lat_04804_lon_00395_size_0168,WD_MERGE_2018-01-15---2018-02-05_duration_21_days_cluster_356_A0_001736_A_002252_lat_04804_lon_00395_size_0168.tif,2018-01-15,2018-02-05,77498,Vignely,FR102,Seine-et-Marne ,408.0,1191,476400.0,INTE1804348A__20180115__20180205,INTE1804348A,Vignely,ICB,Inondations et/ou Coulées de Boue,2018-01-15,2018-02-05,0,0,0,0,0,True,True,True,22,7
WD_MERGE_2018-01-15---2018-02-05_duration_21_days_cluster_356_A0_001736_A_002252_lat_04804_lon_00395_size_0168,WD_MERGE_2018-01-15---2018-02-05_duration_21_days_cluster_356_A0_001736_A_002252_lat_04804_lon_00395_size_0168.tif,2018-01-15,2018-02-05,77507,Villenauxe-la-Petite,FR102,Seine-et-Marne ,22.0,54,21600.0,INTE1804348A__20180115__20180205,INTE1804348A,Villenauxe-la-Petite,ICB,Inondations et/ou Coulées de Boue,2018-01-15,2018-02-05,0,0,0,0,0,True,True,True,22,7
WD_MERGE_2018-01-15---2018-02-05_duration_21_days_cluster_356_A0_001736_A_002252_lat_04804_lon_00395_size_0168,WD_MERGE_2018-01-15---2018-02-05_duration_21_days_cluster_356_A0_001736_A_002252_lat_04804_lon_00395_size_0168.tif,2018-01-15,2018-02-05,77522,Villiers-sur-Seine,FR102,Seine-et-Marne ,359.0,3515,1406000.0,INTE1804348A__20180115__20180205,INTE1804348A,Villiers-sur-Seine,ICB,Inondations et/ou Coulées de Boue,2018-01-15,2018-02-05,0,0,0,0,0,True,True,True,22,7
WD_MERGE_2018-01-15---2018-02-05_duration_21_days_cluster_356_A0_001736_A_002252_lat_04804_lon_00395_size_0168,WD_MERGE_2018-01-15---2018-02-05_duration_21_days_cluster_356_A0_001736_A_002252_lat_04804_lon_00395_size_0168.tif,2018-01-15,2018-02-05,78172,Conflans-Sainte-Honorine,FR103,Yvelines ,395.0,1540,616000.0,INTE1804348A__20180115__20180205,INTE1804348A,Conflans-Sainte-Honorine,ICB,Inondations et/ou Coulées de Boue,2018-01-15,2018-02-05,0,0,0,0,0,True,True,True,22,7
WD_MERGE_2018-01-15---2018-02-05_duration_21_days_cluster_356_A0_001736_A_002252_lat_04804_lon_00395_size_0168,WD_MERGE_2018-01-15---2018-02-05_duration_21_days_cluster_356_A0_001736_A_002252_lat_04804_lon_00395_size_0168.tif,2018-01-15,2018-02-05,78239,Follainville-Dennemont,FR103,Yvelines ,442.0,618,247200.0,INTE1804348A__20180115__20180205,INTE1804348A,Follainville-Dennemont,ICB,Inondations et/ou Coulées de Boue,2018-01-15,2018-02-05,0,0,0,0,0,True,True,True,22,7
WD_MERGE_2018-01-15---2018-02-05_duration_21_days_cluster_356_A0_001736_A_002252_lat_04804_lon_00395_size_0168,WD_MERGE_2018-01-15---2018-02-05_duration_21_days_cluster_356_A0_001736_A_002252_lat_04804_lon_00395_size_0168.tif,2018-01-15,2018-02-05,78255,Freneuse,FR103,Yvelines ,364.0,512,204800.0,INTE1804348A__20180115__20180205,INTE1804348A,Freneuse,ICB,Inondations et/ou Coulées de Boue,2018-01-15,2018-02-05,0,0,0,0,0,True,True,True,22,7
WD_MERGE_2018-01-15---2018-02-05_duration_21_days_cluster_356_A0_001736_A_002252_lat_04804_lon_00395_size_0168,WD_MERGE_2018-01-15---2018-02-05_duration_21_days_cluster_356_A0_001736_A_002252_lat_04804_lon_00395_size_0168.tif,2018-01-15,2018-02-05,78290,Guernes,FR103,Yvelines ,422.0,2817,1126800.0,INTE1804348A__20180115__20180205,INTE1804348A,Guernes,ICB,Inondations et/ou Coulées de Boue,2018-01-15,2018-02-05,0,0,0,0,0,True,True,True,22,7
WD_MERGE_2018-01-15---2018-02-05_duration_21_days_cluster_356_A0_001736_A_002252_lat_04804_lon_00395_size_0168,WD_MERGE_2018-01-15---2018-02-05_duration_21_days_cluster_356_A0_001736_A_002252_lat_04804_lon_00395_size_0168.tif,2018-01-15,2018-02-05,78299,Hardricourt,FR103,Yvelines ,389.0,44,17600.0,INTE1804348A__20180115__20180205,INTE1804348A,Hardricourt,ICB,Inondations et/ou Coulées de Boue,2018-01-15,2018-02-05,0,0,0,0,0,True,True,True,22,7
WD_MERGE_2018-01-15---2018-02-05_duration_21_days_cluster_356_A0_001736_A_002252_lat_04804_lon_00395_size_0168,WD_MERGE_2018-01-15---2018-02-05_duration_21_days_cluster_356_A0_001736_A_002252_lat_04804_lon_00395_size_0168.tif,2018-01-15,2018-02-05,78320,Notre-Dame-de-la-Mer,FR103,Yvelines ,376.0,697,278800.0,INTE1804348A__20180115__20180205,INTE1804348A,Notre-Dame-de-la-Mer,ICB,Inondations et/ou Coulées de Boue,2018-01-15,2018-02-05,0,0,0,0,0,True,True,True,22,7
WD_MERGE_2018-01-15---2018-02-05_duration_21_days_cluster_356_A0_001736_A_002252_lat_04804_lon_00395_size_0168,WD_MERGE_2018-01-15---2018-02-05_duration_21_days_cluster_356_A0_001736_A_002252_lat_04804_lon_00395_size_0168.tif,2018-01-15,2018-02-05,78335,Limay,FR103,Yvelines ,210.0,237,94800.0,INTE1804348A__20180115__20180205,INTE1804348A,Limay,ICB,Inondations et/ou Coulées de Boue,2018-01-15,2018-02-05,0,0,0,0,0,True,True,True,22,7
WD_MERGE_2018-01-15---2018-02-05_duration_21_days_cluster_356_A0_001736_A_002252_lat_04804_lon_00395_size_0168,WD_MERGE_2018-01-15---2018-02-05_duration_21_days_cluster_356_A0_001736_A_002252_lat_04804_lon_00395_size_0168.tif,2018-01-15,2018-02-05,78358,Maisons-Laffitte,FR103,Yvelines ,220.0,1146,458400.0,INTE1804348A__20180115__20180205,INTE1804348A,Maisons-Laffitte,ICB,Inondations et/ou Coulées de Boue,2018-01-15,2018-02-05,0,0,0,0,0,True,True,True,22,7
WD_MERGE_2018-01-15---2018-02-05_duration_21_days_cluster_356_A0_001736_A_002252_lat_04804_lon_00395_size_0168,WD_MERGE_2018-01-15---2018-02-05_duration_21_days_cluster_356_A0_001736_A_002252_lat_04804_lon_00395_size_0168.tif,2018-01-15,2018-02-05,78382,Maurecourt,FR103,Yvelines ,97.0,100,40000.0,INTE1804348A__20180115__20180205,INTE1804348A,Maurecourt,ICB,Inondations et/ou Coulées de Boue,2018-01-15,2018-02-05,0,0,0,0,0,True,True,True,22,7
WD_MERGE_2018-01-15---2018-02-05_duration_21_days_cluster_356_A0_001736_A_002252_lat_04804_lon_00395_size_0168,WD_MERGE_2018-01-15---2018-02-05_duration_21_days_cluster_356_A0_001736_A_002252_lat_04804_lon_00395_size_0168.tif,2018-01-15,2018-02-05,78396,Le Mesnil-le-Roi,FR103,Yvelines ,317.0,1304,521600.0,INTE1804348A__20180115__20180205,INTE1804348A,Le Mesnil-le-Roi,ICB,Inondations et/ou Coulées de Boue,2018-01-15,2018-02-05,0,0,0,0,0,True,True,True,22,7
WD_MERGE_2018-01-15---2018-02-05_duration_21_days_cluster_356_A0_001736_A_002252_lat_04804_lon_00395_size_0168,WD_MERGE_2018-01-15---2018-02-05_duration_21_days_cluster_356_A0_001736_A_002252_lat_04804_lon_00395_size_0168.tif,2018-01-15,2018-02-05,78403,Mézy-sur-Seine,FR103,Yvelines ,227.0,35,14000.0,INTE1804348A__20180115__20180205,INTE1804348A,Mézy-sur-Seine,ICB,Inondations et/ou Coulées de Boue,2018-01-15,2018-02-05,0,0,0,0,0,True,True,True,22,7
WD_MERGE_2018-01-15---2018-02-05_duration_21_days_cluster_356_A0_001736_A_002252_lat_04804_lon_00395_size_0168,WD_MERGE_2018-01-15---2018-02-05_duration_21_days_cluster_356_A0_001736_A_002252_lat_04804_lon_00395_size_0168.tif,2018-01-15,2018-02-05,78418,Montesson,FR103,Yvelines ,145.0,30,12000.0,INTE1804348A__20180115__20180205,INTE1804348A,Montesson,ICB,Inondations et/ou Coulées de Boue,2018-01-15,2018-02-05,0,0,0,0,0,True,True,True,22,7
WD_MERGE_2018-01-15---2018-02-05_duration_21_days_cluster_356_A0_001736_A_002252_lat_04804_lon_00395_size_0168,WD_MERGE_2018-01-15---2018-02-05_duration_21_days_cluster_356_A0_001736_A_002252_lat_04804_lon_00395_size_0168.tif,2018-01-15,2018-02-05,78440,Les Mureaux,FR103,Yvelines ,177.0,624,249600.0,INTE1804348A__20180115__20180205,INTE1804348A,Les Mureaux,ICB,Inondations et/ou Coulées de Boue,2018-01-15,2018-02-05,0,0,0,0,0,True,True,True,22,7
WD_MERGE_2018-01-15---2018-02-05_duration_21_days_cluster_356_A0_001736_A_002252_lat_04804_lon_00395_size_0168,WD_MERGE_2018-01-15---2018-02-05_duration_21_days_cluster_356_A0_001736_A_002252_lat_04804_lon_00395_size_0168.tif,2018-01-15,2018-02-05,78586,Sartrouville,FR103,Yvelines ,231.0,13,5200.0,INTE1804348A__20180115__20180205,INTE1804348A,Sartrouville,ICB,Inondations et/ou Coulées de Boue,2018-01-15,2018-02-05,0,0,0,0,0,True,True,True,22,7
WD_MERGE_2018-01-15---2018-02-05_duration_21_days_cluster_356_A0_001736_A_002252_lat_04804_lon_00395_size_0168,WD_MERGE_2018-01-15---2018-02-05_duration_21_days_cluster_356_A0_001736_A_002252_lat_04804_lon_00395_size_0168.tif,2018-01-15,2018-02-05,78624,Triel-sur-Seine,FR103,Yvelines ,218.0,530,212000.0,INTE1804348A__20180115__20180205,INTE1804348A,Triel-sur-Seine,ICB,Inondations et/ou Coulées de Boue,2018-01-15,2018-02-05,0,0,0,0,0,True,True,True,22,7
WD_MERGE_2018-01-15---2018-02-05_duration_21_days_cluster_356_A0_001736_A_002252_lat_04804_lon_00395_size_0168,WD_MERGE_2018-01-15---2018-02-05_duration_21_days_cluster_356_A0_001736_A_002252_lat_04804_lon_00395_size_0168.tif,2018-01-15,2018-02-05,89085,Charmoy,FRC14,Yonne,724.0,1252,500800.0,INTE1804348A__20180115__20180205,INTE1804348A,Charmoy,ICB,Inondations et/ou Coulées de Boue,2018-01-15,2018-02-05,0,0,0,0,0,True,True,True,22,7
WD_MERGE_2018-01-15---2018-02-05_duration_21_days_cluster_356_A0_001736_A_002252_lat_04804_lon_00395_size_0168,WD_MERGE_2018-01-15---2018-02-05_duration_21_days_cluster_356_A0_001736_A_002252_lat_04804_lon_00395_size_0168.tif,2018-01-15,2018-02-05,89124,Courlon-sur-Yonne,FRC14,Yonne,535.0,2994,1197600.0,INTE1804348A__20180115__20180205,INTE1804348A,Courlon-sur-Yonne,ICB,Inondations et/ou Coulées de Boue,2018-01-15,2018-02-05,0,0,0,0,0,True,True,True,22,7
WD_MERGE_2018-01-15---2018-02-05_duration_21_days_cluster_356_A0_001736_A_002252_lat_04804_lon_00395_size_0168,WD_MERGE_2018-01-15---2018-02-05_duration_21_days_cluster_356_A0_001736_A_002252_lat_04804_lon_00395_size_0168.tif,2018-01-15,2018-02-05,89136,Cuy,FRC14,Yonne,411.0,1168,467200.0,INTE1804348A__20180115__20180205,INTE1804348A,Cuy,ICB,Inondations et/ou Coulées de Boue,2018-01-15,2018-02-05,0,0,0,0,0,True,True,True,22,7
WD_MERGE_2018-01-15---2018-02-05_duration_21_days_cluster_356_A0_001736_A_002252_lat_04804_lon_00395_size_0168,WD_MERGE_2018-01-15---2018-02-05_duration_21_days_cluster_356_A0_001736_A_002252_lat_04804_lon_00395_size_0168.tif,2018-01-15,2018-02-05,89160,Étigny,FRC14,Yonne,278.0,946,378400.0,INTE1804348A__20180115__20180205,INTE1804348A,Étigny,ICB,Inondations et/ou Coulées de Boue,2018-01-15,2018-02-05,0,0,0,0,0,True,True,True,22,7
WD_MERGE_2018-01-15---2018-02-05_duration_21_days_cluster_356_A0_001736_A_002252_lat_04804_lon_00395_size_0168,WD_MERGE_2018-01-15---2018-02-05_duration_21_days_cluster_356_A0_001736_A_002252_lat_04804_lon_00395_size_0168.tif,2018-01-15,2018-02-05,89206,Joigny,FRC14,Yonne,305.0,1462,584800.0,INTE1804348A__20180115__20180205,INTE1804348A,Joigny,ICB,Inondations et/ou Coulées de Boue,2018-01-15,2018-02-05,0,0,0,0,0,True,True,True,22,7
WD_MERGE_2018-01-15---2018-02-05_duration_21_days_cluster_356_A0_001736_A_002252_lat_04804_lon_00395_size_0168,WD_MERGE_2018-01-15---2018-02-05_duration_21_days_cluster_356_A0_001736_A_002252_lat_04804_lon_00395_size_0168.tif,2018-01-15,2018-02-05,89218,Laroche-Saint-Cydroine,FRC14,Yonne,571.0,946,378400.0,INTE1804348A__20180115__20180205,INTE1804348A,Laroche-Saint-Cydroine,ICB,Inondations et/ou Coulées de Boue,2018-01-15,2018-02-05,0,0,0,0,0,True,True,True,22,7
WD_MERGE_2018-01-15---2018-02-05_duration_21_days_cluster_356_A0_001736_A_002252_lat_04804_lon_00395_size_0168,WD_MERGE_2018-01-15---2018-02-05_duration_21_days_cluster_356_A0_001736_A_002252_lat_04804_lon_00395_size_0168.tif,2018-01-15,2018-02-05,89257,Migennes,FRC14,Yonne,531.0,465,186000.0,INTE1804348A__20180115__20180205,INTE1804348A,Migennes,ICB,Inondations et/ou Coulées de Boue,2018-01-15,2018-02-05,0,0,0,0,0,True,True,True,22,7
WD_MERGE_2018-01-15---2018-02-05_duration_21_days_cluster_356_A0_001736_A_002252_lat_04804_lon_00395_size_0168,WD_MERGE_2018-01-15---2018-02-05_duration_21_days_cluster_356_A0_001736_A_002252_lat_04804_lon_00395_size_0168.tif,2018-01-15,2018-02-05,89326,Rosoy,FRC14,Yonne,244.0,800,320000.0,INTE1804348A__20180115__20180205,INTE1804348A,Rosoy,ICB,Inondations et/ou Coulées de Boue,2018-01-15,2018-02-05,0,0,0,0,0,True,True,True,22,7
WD_MERGE_2018-01-15---2018-02-05_duration_21_days_cluster_356_A0_001736_A_002252_lat_04804_lon_00395_size_0168,WD_MERGE_2018-01-15---2018-02-05_duration_21_days_cluster_356_A0_001736_A_002252_lat_04804_lon_00395_size_0168.tif,2018-01-15,2018-02-05,89342,Saint-Denis-lès-Sens,FRC14,Yonne,606.0,2151,860400.0,INTE1804348A__20180115__20180205,INTE1804348A,Saint-Denis-lès-Sens,ICB,Inondations et/ou Coulées de Boue,2018-01-15,2018-02-05,0,0,0,0,0,True,True,True,22,7
WD_MERGE_2018-01-15---2018-02-05_duration_21_days_cluster_356_A0_001736_A_002252_lat_04804_lon_00395_size_0168,WD_MERGE_2018-01-15---2018-02-05_duration_21_days_cluster_356_A0_001736_A_002252_lat_04804_lon_00395_size_0168.tif,2018-01-15,2018-02-05,89348,Saint-Julien-du-Sault,FRC14,Yonne,718.0,1695,678000.0,INTE1804348A__20180115__20180205,INTE1804348A,Saint-Julien-du-Sault,ICB,Inondations et/ou Coulées de Boue,2018-01-15,2018-02-05,0,0,0,0,0,True,True,True,22,7
WD_MERGE_2018-01-15---2018-02-05_duration_21_days_cluster_356_A0_001736_A_002252_lat_04804_lon_00395_size_0168,WD_MERGE_2018-01-15---2018-02-05_duration_21_days_cluster_356_A0_001736_A_002252_lat_04804_lon_00395_size_0168.tif,2018-01-15,2018-02-05,89387,Sens,FRC14,Yonne,456.0,727,290800.0,INTE1804348A__20180115__20180205,INTE1804348A,Sens,ICB,Inondations et/ou Coulées de Boue,2018-01-15,2018-02-05,0,0,0,0,0,True,True,True,22,7
WD_MERGE_2018-01-15---2018-02-05_duration_21_days_cluster_356_A0_001736_A_002252_lat_04804_lon_00395_size_0168,WD_MERGE_2018-01-15---2018-02-05_duration_21_days_cluster_356_A0_001736_A_002252_lat_04804_lon_00395_size_0168.tif,2018-01-15,2018-02-05,89419,Toucy,FRC14,Yonne,46.0,404,161600.0,INTE1804348A__20180115__20180205,INTE1804348A,Toucy,ICB,Inondations et/ou Coulées de Boue,2018-01-15,2018-02-05,0,0,0,0,0,True,True,True,22,7
WD_MERGE_2018-01-15---2018-02-05_duration_21_days_cluster_356_A0_001736_A_002252_lat_04804_lon_00395_size_0168,WD_MERGE_2018-01-15---2018-02-05_duration_21_days_cluster_356_A0_001736_A_002252_lat_04804_lon_00395_size_0168.tif,2018-01-15,2018-02-05,89452,Villecien,FRC14,Yonne,751.0,2506,1002400.0,INTE1804348A__20180115__20180205,INTE1804348A,Villecien,ICB,Inondations et/ou Coulées de Boue,2018-01-15,2018-02-05,0,0,0,0,0,True,True,True,22,7
WD_MERGE_2018-01-15---2018-02-05_duration_21_days_cluster_356_A0_001736_A_002252_lat_04804_lon_00395_size_0168,WD_MERGE_2018-01-15---2018-02-05_duration_21_days_cluster_356_A0_001736_A_002252_lat_04804_lon_00395_size_0168.tif,2018-01-15,2018-02-05,89460,Villeneuve-la-Guyard,FRC14,Yonne,716.0,2493,997200.0,INTE1804348A__20180115__20180205,INTE1804348A,Villeneuve-la-Guyard,ICB,Inondations et/ou Coulées de Boue,2018-01-15,2018-02-05,0,0,0,0,0,True,True,True,22,7
WD_MERGE_2018-01-15---2018-02-05_duration_21_days_cluster_356_A0_001736_A_002252_lat_04804_lon_00395_size_0168,WD_MERGE_2018-01-15---2018-02-05_duration_21_days_cluster_356_A0_001736_A_002252_lat_04804_lon_00395_size_0168.tif,2018-01-15,2018-02-05,89464,Villeneuve-sur-Yonne,FRC14,Yonne,478.0,877,350800.0,INTE1804348A__20180115__20180205,INTE1804348A,Villeneuve-sur-Yonne,ICB,Inondations et/ou Coulées de Boue,2018-01-15,2018-02-05,0,0,0,0,0,True,True,True,22,7
WD_MERGE_2018-01-15---2018-02-05_duration_21_days_cluster_356_A0_001736_A_002252_lat_04804_lon_00395_size_0168,WD_MERGE_2018-01-15---2018-02-05_duration_21_days_cluster_356_A0_001736_A_002252_lat_04804_lon_00395_size_0168.tif,2018-01-15,2018-02-05,89468,Villevallier,FRC14,Yonne,419.0,2277,910800.0,INTE1804348A__20180115__20180205,INTE1804348A,Villevallier,ICB,Inondations et/ou Coulées de Boue,2018-01-15,2018-02-05,0,0,0,0,0,True,True,True,22,7
WD_MERGE_2018-01-15---2018-02-05_duration_21_days_cluster_356_A0_001736_A_002252_lat_04804_lon_00395_size_0168,WD_MERGE_2018-01-15---2018-02-05_duration_21_days_cluster_356_A0_001736_A_002252_lat_04804_lon_00395_size_0168.tif,2018-01-15,2018-02-05,91201,Draveil,FR104,Essonne,66.0,76,30400.0,INTE1804348A__20180115__20180205,INTE1804348A,Draveil,ICB,Inondations et/ou Coulées de Boue,2018-01-15,2018-02-05,0,0,0,0,0,True,True,True,22,7
WD_MERGE_2018-01-15---2018-02-05_duration_21_days_cluster_356_A0_001736_A_002252_lat_04804_lon_00395_size_0168,WD_MERGE_2018-01-15---2018-02-05_duration_21_days_cluster_356_A0_001736_A_002252_lat_04804_lon_00395_size_0168.tif,2018-01-15,2018-02-05,95257,La Frette-sur-Seine,FR108,Val-d’Oise,55.0,2,800.0,INTE1804348A__20180115__20180205,INTE1804348A,La Frette-sur-Seine,ICB,Inondations et/ou Coulées de Boue,2018-01-15,2018-02-05,0,0,0,0,0,True,True,True,22,7
WD_MERGE_2018-01-15---2018-02-05_duration_21_days_cluster_356_A0_001736_A_002252_lat_04804_lon_00395_size_0168,WD_MERGE_2018-01-15---2018-02-05_duration_21_days_cluster_356_A0_001736_A_002252_lat_04804_lon_00395_size_0168.tif,2018-01-15,2018-02-05,95301,Haute-Isle,FR108,Val-d’Oise,457.0,178,71200.0,INTE1804348A__20180115__20180205,INTE1804348A,Haute-Isle,ICB,Inondations et/ou Coulées de Boue,2018-01-15,2018-02-05,0,0,0,0,0,True,True,True,22,7
WD_MERGE_2018-01-15---2018-02-05_duration_21_days_cluster_356_A0_001736_A_002252_lat_04804_lon_00395_size_0168,WD_MERGE_2018-01-15---2018-02-05_duration_21_days_cluster_356_A0_001736_A_002252_lat_04804_lon_00395_size_0168.tif,2018-01-15,2018-02-05,95306,Herblay-sur-Seine,FR108,Val-d’Oise,389.0,292,116800.0,INTE1804348A__20180115__20180205,INTE1804348A,Herblay-sur-Seine,ICB,Inondations et/ou Coulées de Boue,2018-01-15,2018-02-05,0,0,0,0,0,True,True,True,22,7
WD_MERGE_2018-01-15---2018-02-05_duration_21_days_cluster_356_A0_001736_A_002252_lat_04804_lon_00395_size_0168,WD_MERGE_2018-01-15---2018-02-05_duration_21_days_cluster_356_A0_001736_A_002252_lat_04804_lon_00395_size_0168.tif,2018-01-15,2018-02-05,95323,Jouy-le-Moutier,FR108,Val-d’Oise,110.0,131,52400.0,INTE1804348A__20180115__20180205,INTE1804348A,Jouy-le-Moutier,ICB,Inondations et/ou Coulées de Boue,2018-01-15,2018-02-05,0,0,0,0,0,True,True,True,22,7
WD_MERGE_2018-01-15---2018-02-05_duration_21_days_cluster_356_A0_001736_A_002252_lat_04804_lon_00395_size_0168,WD_MERGE_2018-01-15---2018-02-05_duration_21_days_cluster_356_A0_001736_A_002252_lat_04804_lon_00395_size_0168.tif,2018-01-15,2018-02-05,10031,Barbuise,FRF22,Aube,410.0,2937,1174800.0,INTE1806551A__20180115__20180205,INTE1806551A,Barbuise,ICB,Inondations et/ou Coulées de Boue,2018-01-15,2018-02-05,0,0,0,0,0,True,True,True,22,7
WD_MERGE_2018-01-15---2018-02-05_duration_21_days_cluster_356_A0_001736_A_002252_lat_04804_lon_00395_size_0168,WD_MERGE_2018-01-15---2018-02-05_duration_21_days_cluster_356_A0_001736_A_002252_lat_04804_lon_00395_size_0168.tif,2018-01-15,2018-02-05,10035,Bayel,FRF22,Aube,710.0,3101,1240400.0,INTE1806551A__20180115__20180205,INTE1806551A,Bayel,ICB,Inondations et/ou Coulées de Boue,2018-01-15,2018-02-05,0,0,0,0,0,True,True,True,22,7
WD_MERGE_2018-01-15---2018-02-05_duration_21_days_cluster_356_A0_001736_A_002252_lat_04804_lon_00395_size_0168,WD_MERGE_2018-01-15---2018-02-05_duration_21_days_cluster_356_A0_001736_A_002252_lat_04804_lon_00395_size_0168.tif,2018-01-15,2018-02-05,10047,Blignicourt,FRF22,Aube,77.0,466,186400.0,INTE1806551A__20180115__20180205,INTE1806551A,Blignicourt,ICB,Inondations et/ou Coulées de Boue,2018-01-15,2018-02-05,0,0,0,0,0,True,True,True,22,7
WD_MERGE_2018-01-15---2018-02-05_duration_21_days_cluster_356_A0_001736_A_002252_lat_04804_lon_00395_size_0168,WD_MERGE_2018-01-15---2018-02-05_duration_21_days_cluster_356_A0_001736_A_002252_lat_04804_lon_00395_size_0168.tif,2018-01-15,2018-02-05,10070,Celles-sur-Ource,FRF22,Aube,197.0,176,70400.0,INTE1806551A__20180115__20180205,INTE1806551A,Celles-sur-Ource,ICB,Inondations et/ou Coulées de Boue,2018-01-15,2018-02-05,0,0,0,0,0,True,True,True,22,7
WD_MERGE_2018-01-15---2018-02-05_duration_21_days_cluster_356_A0_001736_A_002252_lat_04804_lon_00395_size_0168,WD_MERGE_2018-01-15---2018-02-05_duration_21_days_cluster_356_A0_001736_A_002252_lat_04804_lon_00395_size_0168.tif,2018-01-15,2018-02-05,10118,Les Croûtes,FRF22,Aube,316.0,2961,1184400.0,INTE1806551A__20180115__20180205,INTE1806551A,Les Croûtes,ICB,Inondations et/ou Coulées de Boue,2018-01-15,2018-02-05,0,0,0,0,0,True,True,True,22,7
WD_MERGE_2018-01-15---2018-02-05_duration_21_days_cluster_356_A0_001736_A_002252_lat_04804_lon_00395_size_0168,WD_MERGE_2018-01-15---2018-02-05_duration_21_days_cluster_356_A0_001736_A_002252_lat_04804_lon_00395_size_0168.tif,2018-01-15,2018-02-05,10131,Droupt-Saint-Basle,FRF22,Aube,281.0,2459,983600.0,INTE1806551A__20180115__20180205,INTE1806551A,Droupt-Saint-Basle,ICB,Inondations et/ou Coulées de Boue,2018-01-15,2018-02-05,0,0,0,0,0,True,True,True,22,7
WD_MERGE_2018-01-15---2018-02-05_duration_21_days_cluster_356_A0_001736_A_002252_lat_04804_lon_00395_size_0168,WD_MERGE_2018-01-15---2018-02-05_duration_21_days_cluster_356_A0_001736_A_002252_lat_04804_lon_00395_size_0168.tif,2018-01-15,2018-02-05,10141,Essoyes,FRF22,Aube,245.0,416,166400.0,INTE1806551A__20180115__20180205,INTE1806551A,Essoyes,ICB,Inondations et/ou Coulées de Boue,2018-01-15,2018-02-05,0,0,0,0,0,True,True,True,22,7
WD_MERGE_2018-01-15---2018-02-05_duration_21_days_cluster_356_A0_001736_A_002252_lat_04804_lon_00395_size_0168,WD_MERGE_2018-01-15---2018-02-05_duration_21_days_cluster_356_A0_001736_A_002252_lat_04804_lon_00395_size_0168.tif,2018-01-15,2018-02-05,10182,Juvancourt,FRF22,Aube,96.0,798,319200.0,INTE1806551A__20180115__20180205,INTE1806551A,Juvancourt,ICB,Inondations et/ou Coulées de Boue,2018-01-15,2018-02-05,0,0,0,0,0,True,True,True,22,7
WD_MERGE_2018-01-15---2018-02-05_duration_21_days_cluster_356_A0_001736_A_002252_lat_04804_lon_00395_size_0168,WD_MERGE_2018-01-15---2018-02-05_duration_21_days_cluster_356_A0_001736_A_002252_lat_04804_lon_00395_size_0168.tif,2018-01-15,2018-02-05,10187,Landreville,FRF22,Aube,284.0,354,141600.0,INTE1806551A__20180115__20180205,INTE1806551A,Landreville,ICB,Inondations et/ou Coulées de Boue,2018-01-15,2018-02-05,0,0,0,0,0,True,True,True,22,7
WD_MERGE_2018-01-15---2018-02-05_duration_21_days_cluster_356_A0_001736_A_002252_lat_04804_lon_00395_size_0168,WD_MERGE_2018-01-15---2018-02-05_duration_21_days_cluster_356_A0_001736_A_002252_lat_04804_lon_00395_size_0168.tif,2018-01-15,2018-02-05,10203,Longchamp-sur-Aujon,FRF22,Aube,233.0,1310,524000.0,INTE1806551A__20180115__20180205,INTE1806551A,Longchamp-sur-Aujon,ICB,Inondations et/ou Coulées de Boue,2018-01-15,2018-02-05,0,0,0,0,0,True,True,True,22,7
WD_MERGE_2018-01-15---2018-02-05_duration_21_days_cluster_356_A0_001736_A_002252_lat_04804_lon_00395_size_0168,WD_MERGE_2018-01-15---2018-02-05_duration_21_days_cluster_356_A0_001736_A_002252_lat_04804_lon_00395_size_0168.tif,2018-01-15,2018-02-05,10230,Mergey,FRF22,Aube,626.0,104,41600.0,INTE1806551A__20180115__20180205,INTE1806551A,Mergey,ICB,Inondations et/ou Coulées de Boue,2018-01-15,2018-02-05,0,0,0,0,0,True,True,True,22,7
WD_MERGE_2018-01-15---2018-02-05_duration_21_days_cluster_356_A0_001736_A_002252_lat_04804_lon_00395_size_0168,WD_MERGE_2018-01-15---2018-02-05_duration_21_days_cluster_356_A0_001736_A_002252_lat_04804_lon_00395_size_0168.tif,2018-01-15,2018-02-05,10262,Neuville-sur-Seine,FRF22,Aube,159.0,82,32800.0,INTE1806551A__20180115__20180205,INTE1806551A,Neuville-sur-Seine,ICB,Inondations et/ou Coulées de Boue,2018-01-15,2018-02-05,0,0,0,0,0,True,True,True,22,7
WD_MERGE_2018-01-15---2018-02-05_duration_21_days_cluster_356_A0_001736_A_002252_lat_04804_lon_00395_size_0168,WD_MERGE_2018-01-15---2018-02-05_duration_21_days_cluster_356_A0_001736_A_002252_lat_04804_lon_00395_size_0168.tif,2018-01-15,2018-02-05,10317,Les Riceys,FRF22,Aube,520.0,825,330000.0,INTE1806551A__20180115__20180205,INTE1806551A,Les Riceys,ICB,Inondations et/ou Coulées de Boue,2018-01-15,2018-02-05,0,0,0,0,0,True,True,True,22,7
WD_MERGE_2018-01-15---2018-02-05_duration_21_days_cluster_356_A0_001736_A_002252_lat_04804_lon_00395_size_0168,WD_MERGE_2018-01-15---2018-02-05_duration_21_days_cluster_356_A0_001736_A_002252_lat_04804_lon_00395_size_0168.tif,2018-01-15,2018-02-05,10336,Saint-Benoît-sur-Seine,FRF22,Aube,192.0,796,318400.0,INTE1806551A__20180115__20180205,INTE1806551A,Saint-Benoît-sur-Seine,ICB,Inondations et/ou Coulées de Boue,2018-01-15,2018-02-05,0,0,0,0,0,True,True,True,22,7
WD_MERGE_2018-01-15---2018-02-05_duration_21_days_cluster_356_A0_001736_A_002252_lat_04804_lon_00395_size_0168,WD_MERGE_2018-01-15---2018-02-05_duration_21_days_cluster_356_A0_001736_A_002252_lat_04804_lon_00395_size_0168.tif,2018-01-15,2018-02-05,10341,Saint-Hilaire-sous-Romilly,FRF22,Aube,351.0,376,150400.0,INTE1806551A__20180115__20180205,INTE1806551A,Saint-Hilaire-sous-Romilly,ICB,Inondations et/ou Coulées de Boue,2018-01-15,2018-02-05,0,0,0,0,0,True,True,True,22,7
WD_MERGE_2018-01-15---2018-02-05_duration_21_days_cluster_356_A0_001736_A_002252_lat_04804_lon_00395_size_0168,WD_MERGE_2018-01-15---2018-02-05_duration_21_days_cluster_356_A0_001736_A_002252_lat_04804_lon_00395_size_0168.tif,2018-01-15,2018-02-05,10357,Saint-Parres-aux-Tertres,FRF22,Aube,353.0,245,98000.0,INTE1806551A__20180115__20180205,INTE1806551A,Saint-Parres-aux-Tertres,ICB,Inondations et/ou Coulées de Boue,2018-01-15,2018-02-05,0,0,0,0,0,True,True,True,22,7
WD_MERGE_2018-01-15---2018-02-05_duration_21_days_cluster_356_A0_001736_A_002252_lat_04804_lon_00395_size_0168,WD_MERGE_2018-01-15---2018-02-05_duration_21_days_cluster_356_A0_001736_A_002252_lat_04804_lon_00395_size_0168.tif,2018-01-15,2018-02-05,10367,La Saulsotte,FRF22,Aube,622.0,2037,814800.0,INTE1806551A__20180115__20180205,INTE1806551A,La Saulsotte,ICB,Inondations et/ou Coulées de Boue,2018-01-15,2018-02-05,0,0,0,0,0,True,True,True,22,7
WD_MERGE_2018-01-15---2018-02-05_duration_21_days_cluster_356_A0_001736_A_002252_lat_04804_lon_00395_size_0168,WD_MERGE_2018-01-15---2018-02-05_duration_21_days_cluster_356_A0_001736_A_002252_lat_04804_lon_00395_size_0168.tif,2018-01-15,2018-02-05,10401,Vendeuvre-sur-Barse,FRF22,Aube,158.0,417,166800.0,INTE1806551A__20180115__20180205,INTE1806551A,Vendeuvre-sur-Barse,ICB,Inondations et/ou Coulées de Boue,2018-01-15,2018-02-05,0,0,0,0,0,True,True,True,22,7
WD_MERGE_2018-01-15---2018-02-05_duration_21_days_cluster_356_A0_001736_A_002252_lat_04804_lon_00395_size_0168,WD_MERGE_2018-01-15---2018-02-05_duration_21_days_cluster_356_A0_001736_A_002252_lat_04804_lon_00395_size_0168.tif,2018-01-15,2018-02-05,10409,Villacerf,FRF22,Aube,441.0,1299,519600.0,INTE1806551A__20180115__20180205,INTE1806551A,Villacerf,ICB,Inondations et/ou Coulées de Boue,2018-01-15,2018-02-05,0,0,0,0,0,True,True,True,22,7
WD_MERGE_2018-01-15---2018-02-05_duration_21_days_cluster_356_A0_001736_A_002252_lat_04804_lon_00395_size_0168,WD_MERGE_2018-01-15---2018-02-05_duration_21_days_cluster_356_A0_001736_A_002252_lat_04804_lon_00395_size_0168.tif,2018-01-15,2018-02-05,10421,La Villeneuve-au-Châtelot,FRF22,Aube,258.0,2258,903200.0,INTE1806551A__20180115__20180205,INTE1806551A,La Villeneuve-au-Châtelot,ICB,Inondations et/ou Coulées de Boue,2018-01-15,2018-02-05,0,0,0,0,0,True,True,True,22,7
WD_MERGE_2018-01-15---2018-02-05_duration_21_days_cluster_356_A0_001736_A_002252_lat_04804_lon_00395_size_0168,WD_MERGE_2018-01-15---2018-02-05_duration_21_days_cluster_356_A0_001736_A_002252_lat_04804_lon_00395_size_0168.tif,2018-01-15,2018-02-05,10426,Ville-sous-la-Ferté,FRF22,Aube,474.0,1160,464000.0,INTE1806551A__20180115__20180205,INTE1806551A,Ville-sous-la-Ferté,ICB,Inondations et/ou Coulées de Boue,2018-01-15,2018-02-05,0,0,0,0,0,True,True,True,22,7
WD_MERGE_2018-01-15---2018-02-05_duration_21_days_cluster_356_A0_001736_A_002252_lat_04804_lon_00395_size_0168,WD_MERGE_2018-01-15---2018-02-05_duration_21_days_cluster_356_A0_001736_A_002252_lat_04804_lon_00395_size_0168.tif,2018-01-15,2018-02-05,10427,Ville-sur-Arce,FRF22,Aube,39.0,126,50400.0,INTE1806551A__20180115__20180205,INTE1806551A,Ville-sur-Arce,ICB,Inondations et/ou Coulées de Boue,2018-01-15,2018-02-05,0,0,0,0,0,True,True,True,22,7
WD_MERGE_2018-01-15---2018-02-05_duration_21_days_cluster_356_A0_001736_A_002252_lat_04804_lon_00395_size_0168,WD_MERGE_2018-01-15---2018-02-05_duration_21_days_cluster_356_A0_001736_A_002252_lat_04804_lon_00395_size_0168.tif,2018-01-15,2018-02-05,25066,Blussangeaux,FRC21,Doubs,1654.0,1508,603200.0,INTE1806551A__20180115__20180205,INTE1806551A,Blussangeaux,ICB,Inondations et/ou Coulées de Boue,2018-01-15,2018-02-05,0,0,0,0,0,True,True,True,22,7
WD_MERGE_2018-01-15---2018-02-05_duration_21_days_cluster_356_A0_001736_A_002252_lat_04804_lon_00395_size_0168,WD_MERGE_2018-01-15---2018-02-05_duration_21_days_cluster_356_A0_001736_A_002252_lat_04804_lon_00395_size_0168.tif,2018-01-15,2018-02-05,25315,L'Isle-sur-le-Doubs,FRC21,Doubs,2363.0,828,331200.0,INTE1806551A__20180115__20180205,INTE1806551A,L'Isle-sur-le-Doubs,ICB,Inondations et/ou Coulées de Boue,2018-01-15,2018-02-05,0,0,0,0,0,True,True,True,22,7
WD_MERGE_2018-01-15---2018-02-05_duration_21_days_cluster_356_A0_001736_A_002252_lat_04804_lon_00395_size_0168,WD_MERGE_2018-01-15---2018-02-05_duration_21_days_cluster_356_A0_001736_A_002252_lat_04804_lon_00395_size_0168.tif,2018-01-15,2018-02-05,25400,Montgesoye,FRC21,Doubs,508.0,730,292000.0,INTE1806551A__20180115__20180205,INTE1806551A,Montgesoye,ICB,Inondations et/ou Coulées de Boue,2018-01-15,2018-02-05,0,0,0,0,0,True,True,True,22,7
WD_MERGE_2018-01-15---2018-02-05_duration_21_days_cluster_356_A0_001736_A_002252_lat_04804_lon_00395_size_0168,WD_MERGE_2018-01-15---2018-02-05_duration_21_days_cluster_356_A0_001736_A_002252_lat_04804_lon_00395_size_0168.tif,2018-01-15,2018-02-05,25434,Ornans,FRC21,Doubs,195.0,4,1600.0,INTE1806551A__20180115__20180205,INTE1806551A,Ornans,ICB,Inondations et/ou Coulées de Boue,2018-01-15,2018-02-05,0,0,0,0,0,True,True,True,22,7
WD_MERGE_2018-01-15---2018-02-05_duration_21_days_cluster_356_A0_001736_A_002252_lat_04804_lon_00395_size_0168,WD_MERGE_2018-01-15---2018-02-05_duration_21_days_cluster_356_A0_001736_A_002252_lat_04804_lon_00395_size_0168.tif,2018-01-15,2018-02-05,25632,Voujeaucourt,FRC21,Doubs,91.0,101,40400.0,INTE1806551A__20180115__20180205,INTE1806551A,Voujeaucourt,ICB,Inondations et/ou Coulées de Boue,2018-01-15,2018-02-05,0,0,0,0,0,True,True,True,22,7
WD_MERGE_2018-01-15---2018-02-05_duration_21_days_cluster_356_A0_001736_A_002252_lat_04804_lon_00395_size_0168,WD_MERGE_2018-01-15---2018-02-05_duration_21_days_cluster_356_A0_001736_A_002252_lat_04804_lon_00395_size_0168.tif,2018-01-15,2018-02-05,27284,Gisors,FRD21,Eure,448.0,378,151200.0,INTE1806551A__20180115__20180205,INTE1806551A,Gisors,ICB,Inondations et/ou Coulées de Boue,2018-01-15,2018-02-05,0,0,0,0,0,True,True,True,22,7
WD_MERGE_2018-01-15---2018-02-05_duration_21_days_cluster_356_A0_001736_A_002252_lat_04804_lon_00395_size_0168,WD_MERGE_2018-01-15---2018-02-05_duration_21_days_cluster_356_A0_001736_A_002252_lat_04804_lon_00395_size_0168.tif,2018-01-15,2018-02-05,27470,Pont-Saint-Pierre,FRD21,Eure,20.0,44,17600.0,INTE1806551A__20180115__20180205,INTE1806551A,Pont-Saint-Pierre,ICB,Inondations et/ou Coulées de Boue,2018-01-15,2018-02-05,0,0,0,0,0,True,True,True,22,7
WD_MERGE_2018-01-15---2018-02-05_duration_21_days_cluster_356_A0_001736_A_002252_lat_04804_lon_00395_size_0168,WD_MERGE_2018-01-15---2018-02-05_duration_21_days_cluster_356_A0_001736_A_002252_lat_04804_lon_00395_size_0168.tif,2018-01-15,2018-02-05,51153,Chouilly,FRF23,Marne,427.0,4695,1878000.0,INTE1806551A__20180115__20180205,INTE1806551A,Chouilly,ICB,Inondations et/ou Coulées de Boue,2018-01-15,2018-02-05,0,0,0,0,0,True,True,True,22,7
WD_MERGE_2018-01-15---2018-02-05_duration_21_days_cluster_356_A0_001736_A_002252_lat_04804_lon_00395_size_0168,WD_MERGE_2018-01-15---2018-02-05_duration_21_days_cluster_356_A0_001736_A_002252_lat_04804_lon_00395_size_0168.tif,2018-01-15,2018-02-05,51240,Étrepy,FRF23,Marne,201.0,1973,789200.0,INTE1806551A__20180115__20180205,INTE1806551A,Étrepy,ICB,Inondations et/ou Coulées de Boue,2018-01-15,2018-02-05,0,0,0,0,0,True,True,True,22,7
WD_MERGE_2018-01-15---2018-02-05_duration_21_days_cluster_356_A0_001736_A_002252_lat_04804_lon_00395_size_0168,WD_MERGE_2018-01-15---2018-02-05_duration_21_days_cluster_356_A0_001736_A_002252_lat_04804_lon_00395_size_0168.tif,2018-01-15,2018-02-05,51289,Heiltz-le-Maurupt,FRF23,Marne,153.0,1940,776000.0,INTE1806551A__20180115__20180205,INTE1806551A,Heiltz-le-Maurupt,ICB,Inondations et/ou Coulées de Boue,2018-01-15,2018-02-05,0,0,0,0,0,True,True,True,22,7
WD_MERGE_2018-01-15---2018-02-05_duration_21_days_cluster_356_A0_001736_A_002252_lat_04804_lon_00395_size_0168,WD_MERGE_2018-01-15---2018-02-05_duration_21_days_cluster_356_A0_001736_A_002252_lat_04804_lon_00395_size_0168.tif,2018-01-15,2018-02-05,51420,Outrepont,FRF23,Marne,296.0,3357,1342800.0,INTE1806551A__20180115__20180205,INTE1806551A,Outrepont,ICB,Inondations et/ou Coulées de Boue,2018-01-15,2018-02-05,0,0,0,0,0,True,True,True,22,7
WD_MERGE_2018-01-15---2018-02-05_duration_21_days_cluster_356_A0_001736_A_002252_lat_04804_lon_00395_size_0168,WD_MERGE_2018-01-15---2018-02-05_duration_21_days_cluster_356_A0_001736_A_002252_lat_04804_lon_00395_size_0168.tif,2018-01-15,2018-02-05,76484,Oissel-sur-Seine,FRD22,Seine-Maritime,154.0,255,102000.0,INTE1806551A__20180115__20180205,INTE1806551A,Oissel,ICB,Inondations et/ou Coulées de Boue,2018-01-15,2018-02-05,0,0,0,0,0,True,True,True,22,7
WD_MERGE_2018-01-15---2018-02-05_duration_21_days_cluster_356_A0_001736_A_002252_lat_04804_lon_00395_size_0168,WD_MERGE_2018-01-15---2018-02-05_duration_21_days_cluster_356_A0_001736_A_002252_lat_04804_lon_00395_size_0168.tif,2018-01-15,2018-02-05,77032,Beton-Bazoches,FR102,Seine-et-Marne ,87.0,88,35200.0,INTE1806551A__20180115__20180205,INTE1806551A,Beton-Bazoches,ICB,Inondations et/ou Coulées de Boue,2018-01-15,2018-02-05,0,0,0,0,0,True,True,True,22,7
WD_MERGE_2018-01-15---2018-02-05_duration_21_days_cluster_356_A0_001736_A_002252_lat_04804_lon_00395_size_0168,WD_MERGE_2018-01-15---2018-02-05_duration_21_days_cluster_356_A0_001736_A_002252_lat_04804_lon_00395_size_0168.tif,2018-01-15,2018-02-05,77101,Châtenay-sur-Seine,FR102,Seine-et-Marne ,225.0,62,24800.0,INTE1806551A__20180115__20180205,INTE1806551A,Châtenay-sur-Seine,ICB,Inondations et/ou Coulées de Boue,2018-01-15,2018-02-05,0,0,0,0,0,True,True,True,22,7
WD_MERGE_2018-01-15---2018-02-05_duration_21_days_cluster_356_A0_001736_A_002252_lat_04804_lon_00395_size_0168,WD_MERGE_2018-01-15---2018-02-05_duration_21_days_cluster_356_A0_001736_A_002252_lat_04804_lon_00395_size_0168.tif,2018-01-15,2018-02-05,77142,Crécy-la-Chapelle,FR102,Seine-et-Marne ,205.0,221,88400.0,INTE1806551A__20180115__20180205,INTE1806551A,Crécy-la-Chapelle,ICB,Inondations et/ou Coulées de Boue,2018-01-15,2018-02-05,0,0,0,0,0,True,True,True,22,7
WD_MERGE_2018-01-15---2018-02-05_duration_21_days_cluster_356_A0_001736_A_002252_lat_04804_lon_00395_size_0168,WD_MERGE_2018-01-15---2018-02-05_duration_21_days_cluster_356_A0_001736_A_002252_lat_04804_lon_00395_size_0168.tif,2018-01-15,2018-02-05,77227,Hermé,FR102,Seine-et-Marne ,351.0,2057,822800.0,INTE1806551A__20180115__20180205,INTE1806551A,Hermé,ICB,Inondations et/ou Coulées de Boue,2018-01-15,2018-02-05,0,0,0,0,0,True,True,True,22,7
WD_MERGE_2018-01-15---2018-02-05_duration_21_days_cluster_356_A0_001736_A_002252_lat_04804_lon_00395_size_0168,WD_MERGE_2018-01-15---2018-02-05_duration_21_days_cluster_356_A0_001736_A_002252_lat_04804_lon_00395_size_0168.tif,2018-01-15,2018-02-05,77265,Luzancy,FR102,Seine-et-Marne ,679.0,2837,1134800.0,INTE1806551A__20180115__20180205,INTE1806551A,Luzancy,ICB,Inondations et/ou Coulées de Boue,2018-01-15,2018-02-05,0,0,0,0,0,True,True,True,22,7
WD_MERGE_2018-01-15---2018-02-05_duration_21_days_cluster_356_A0_001736_A_002252_lat_04804_lon_00395_size_0168,WD_MERGE_2018-01-15---2018-02-05_duration_21_days_cluster_356_A0_001736_A_002252_lat_04804_lon_00395_size_0168.tif,2018-01-15,2018-02-05,77280,Mary-sur-Marne,FR102,Seine-et-Marne ,251.0,188,75200.0,INTE1806551A__20180115__20180205,INTE1806551A,Mary-sur-Marne,ICB,Inondations et/ou Coulées de Boue,2018-01-15,2018-02-05,0,0,0,0,0,True,True,True,22,7
WD_MERGE_2018-01-15---2018-02-05_duration_21_days_cluster_356_A0_001736_A_002252_lat_04804_lon_00395_size_0168,WD_MERGE_2018-01-15---2018-02-05_duration_21_days_cluster_356_A0_001736_A_002252_lat_04804_lon_00395_size_0168.tif,2018-01-15,2018-02-05,77315,Montry,FR102,Seine-et-Marne ,189.0,30,12000.0,INTE1806551A__20180115__20180205,INTE1806551A,Montry,ICB,Inondations et/ou Coulées de Boue,2018-01-15,2018-02-05,0,0,0,0,0,True,True,True,22,7
WD_MERGE_2018-01-15---2018-02-05_duration_21_days_cluster_356_A0_001736_A_002252_lat_04804_lon_00395_size_0168,WD_MERGE_2018-01-15---2018-02-05_duration_21_days_cluster_356_A0_001736_A_002252_lat_04804_lon_00395_size_0168.tif,2018-01-15,2018-02-05,77365,Le Plessis-Feu-Aussoux,FR102,Seine-et-Marne ,41.0,61,24400.0,INTE1806551A__20180115__20180205,INTE1806551A,Le Plessis-Feu-Aussoux,ICB,Inondations et/ou Coulées de Boue,2018-01-15,2018-02-05,0,0,0,0,0,True,True,True,22,7
WD_MERGE_2018-01-15---2018-02-05_duration_21_days_cluster_356_A0_001736_A_002252_lat_04804_lon_00395_size_0168,WD_MERGE_2018-01-15---2018-02-05_duration_21_days_cluster_356_A0_001736_A_002252_lat_04804_lon_00395_size_0168.tif,2018-01-15,2018-02-05,77371,Pommeuse,FR102,Seine-et-Marne ,374.0,1343,537200.0,INTE1806551A__20180115__20180205,INTE1806551A,Pommeuse,ICB,Inondations et/ou Coulées de Boue,2018-01-15,2018-02-05,0,0,0,0,0,True,True,True,22,7
WD_MERGE_2018-01-15---2018-02-05_duration_21_days_cluster_356_A0_001736_A_002252_lat_04804_lon_00395_size_0168,WD_MERGE_2018-01-15---2018-02-05_duration_21_days_cluster_356_A0_001736_A_002252_lat_04804_lon_00395_size_0168.tif,2018-01-15,2018-02-05,77529,Voulangis,FR102,Seine-et-Marne ,47.0,173,69200.0,INTE1806551A__20180115__20180205,INTE1806551A,Voulangis,ICB,Inondations et/ou Coulées de Boue,2018-01-15,2018-02-05,0,0,0,0,0,True,True,True,22,7
WD_MERGE_2018-01-15---2018-02-05_duration_21_days_cluster_356_A0_001736_A_002252_lat_04804_lon_00395_size_0168,WD_MERGE_2018-01-15---2018-02-05_duration_21_days_cluster_356_A0_001736_A_002252_lat_04804_lon_00395_size_0168.tif,2018-01-15,2018-02-05,78057,Bennecourt,FR103,Yvelines ,557.0,1026,410400.0,INTE1806551A__20180115__20180205,INTE1806551A,Bennecourt,ICB,Inondations et/ou Coulées de Boue,2018-01-15,2018-02-05,0,0,0,0,0,True,True,True,22,7
WD_MERGE_2018-01-15---2018-02-05_duration_21_days_cluster_356_A0_001736_A_002252_lat_04804_lon_00395_size_0168,WD_MERGE_2018-01-15---2018-02-05_duration_21_days_cluster_356_A0_001736_A_002252_lat_04804_lon_00395_size_0168.tif,2018-01-15,2018-02-05,78217,Épône,FR103,Yvelines ,502.0,3281,1312400.0,INTE1806551A__20180115__20180205,INTE1806551A,Épône,ICB,Inondations et/ou Coulées de Boue,2018-01-15,2018-02-05,0,0,0,0,0,True,True,True,22,7
WD_MERGE_2018-01-15---2018-02-05_duration_21_days_cluster_356_A0_001736_A_002252_lat_04804_lon_00395_size_0168,WD_MERGE_2018-01-15---2018-02-05_duration_21_days_cluster_356_A0_001736_A_002252_lat_04804_lon_00395_size_0168.tif,2018-01-15,2018-02-05,78267,Gargenville,FR103,Yvelines ,590.0,1185,474000.0,INTE1806551A__20180115__20180205,INTE1806551A,Gargenville,ICB,Inondations et/ou Coulées de Boue,2018-01-15,2018-02-05,0,0,0,0,0,True,True,True,22,7
WD_MERGE_2018-01-15---2018-02-05_duration_21_days_cluster_356_A0_001736_A_002252_lat_04804_lon_00395_size_0168,WD_MERGE_2018-01-15---2018-02-05_duration_21_days_cluster_356_A0_001736_A_002252_lat_04804_lon_00395_size_0168.tif,2018-01-15,2018-02-05,78327,Juziers,FR103,Yvelines ,529.0,38,15200.0,INTE1806551A__20180115__20180205,INTE1806551A,Juziers,ICB,Inondations et/ou Coulées de Boue,2018-01-15,2018-02-05,0,0,0,0,0,True,True,True,22,7
WD_MERGE_2018-01-15---2018-02-05_duration_21_days_cluster_356_A0_001736_A_002252_lat_04804_lon_00395_size_0168,WD_MERGE_2018-01-15---2018-02-05_duration_21_days_cluster_356_A0_001736_A_002252_lat_04804_lon_00395_size_0168.tif,2018-01-15,2018-02-05,78337,Limetz-Villez,FR103,Yvelines ,359.0,3758,1503200.0,INTE1806551A__20180115__20180205,INTE1806551A,Limetz-Villez,ICB,Inondations et/ou Coulées de Boue,2018-01-15,2018-02-05,0,0,0,0,0,True,True,True,22,7
WD_MERGE_2018-01-15---2018-02-05_duration_21_days_cluster_356_A0_001736_A_002252_lat_04804_lon_00395_size_0168,WD_MERGE_2018-01-15---2018-02-05_duration_21_days_cluster_356_A0_001736_A_002252_lat_04804_lon_00395_size_0168.tif,2018-01-15,2018-02-05,78401,Meulan-en-Yvelines,FR103,Yvelines ,268.0,689,275600.0,INTE1806551A__20180115__20180205,INTE1806551A,Meulan-en-Yvelines,ICB,Inondations et/ou Coulées de Boue,2018-01-15,2018-02-05,0,0,0,0,0,True,True,True,22,7
WD_MERGE_2018-01-15---2018-02-05_duration_21_days_cluster_356_A0_001736_A_002252_lat_04804_lon_00395_size_0168,WD_MERGE_2018-01-15---2018-02-05_duration_21_days_cluster_356_A0_001736_A_002252_lat_04804_lon_00395_size_0168.tif,2018-01-15,2018-02-05,78402,Mézières-sur-Seine,FR103,Yvelines ,299.0,2842,1136800.0,INTE1806551A__20180115__20180205,INTE1806551A,Mézières-sur-Seine,ICB,Inondations et/ou Coulées de Boue,2018-01-15,2018-02-05,0,0,0,0,0,True,True,True,22,7
WD_MERGE_2018-01-15---2018-02-05_duration_21_days_cluster_356_A0_001736_A_002252_lat_04804_lon_00395_size_0168,WD_MERGE_2018-01-15---2018-02-05_duration_21_days_cluster_356_A0_001736_A_002252_lat_04804_lon_00395_size_0168.tif,2018-01-15,2018-02-05,78410,Moisson,FR103,Yvelines ,490.0,348,139200.0,INTE1806551A__20180115__20180205,INTE1806551A,Moisson,ICB,Inondations et/ou Coulées de Boue,2018-01-15,2018-02-05,0,0,0,0,0,True,True,True,22,7
WD_MERGE_2018-01-15---2018-02-05_duration_21_days_cluster_356_A0_001736_A_002252_lat_04804_lon_00395_size_0168,WD_MERGE_2018-01-15---2018-02-05_duration_21_days_cluster_356_A0_001736_A_002252_lat_04804_lon_00395_size_0168.tif,2018-01-15,2018-02-05,78437,Mousseaux-sur-Seine,FR103,Yvelines ,279.0,341,136400.0,INTE1806551A__20180115__20180205,INTE1806551A,Mousseaux-sur-Seine,ICB,Inondations et/ou Coulées de Boue,2018-01-15,2018-02-05,0,0,0,0,0,True,True,True,22,7
WD_MERGE_2018-01-15---2018-02-05_duration_21_days_cluster_356_A0_001736_A_002252_lat_04804_lon_00395_size_0168,WD_MERGE_2018-01-15---2018-02-05_duration_21_days_cluster_356_A0_001736_A_002252_lat_04804_lon_00395_size_0168.tif,2018-01-15,2018-02-05,78481,Le Pecq,FR103,Yvelines ,134.0,16,6400.0,INTE1806551A__20180115__20180205,INTE1806551A,Le Pecq,ICB,Inondations et/ou Coulées de Boue,2018-01-15,2018-02-05,0,0,0,0,0,True,True,True,22,7
WD_MERGE_2018-01-15---2018-02-05_duration_21_days_cluster_356_A0_001736_A_002252_lat_04804_lon_00395_size_0168,WD_MERGE_2018-01-15---2018-02-05_duration_21_days_cluster_356_A0_001736_A_002252_lat_04804_lon_00395_size_0168.tif,2018-01-15,2018-02-05,78501,Porcheville,FR103,Yvelines ,369.0,31,12400.0,INTE1806551A__20180115__20180205,INTE1806551A,Porcheville,ICB,Inondations et/ou Coulées de Boue,2018-01-15,2018-02-05,0,0,0,0,0,True,True,True,22,7
WD_MERGE_2018-01-15---2018-02-05_duration_21_days_cluster_356_A0_001736_A_002252_lat_04804_lon_00395_size_0168,WD_MERGE_2018-01-15---2018-02-05_duration_21_days_cluster_356_A0_001736_A_002252_lat_04804_lon_00395_size_0168.tif,2018-01-15,2018-02-05,78531,Rosny-sur-Seine,FR103,Yvelines ,185.0,11,4400.0,INTE1806551A__20180115__20180205,INTE1806551A,Rosny-sur-Seine,ICB,Inondations et/ou Coulées de Boue,2018-01-15,2018-02-05,0,0,0,0,0,True,True,True,22,7
WD_MERGE_2018-01-15---2018-02-05_duration_21_days_cluster_356_A0_001736_A_002252_lat_04804_lon_00395_size_0168,WD_MERGE_2018-01-15---2018-02-05_duration_21_days_cluster_356_A0_001736_A_002252_lat_04804_lon_00395_size_0168.tif,2018-01-15,2018-02-05,89018,Armeau,FRC14,Yonne,699.0,1302,520800.0,INTE1806551A__20180115__20180205,INTE1806551A,Armeau,ICB,Inondations et/ou Coulées de Boue,2018-01-15,2018-02-05,0,0,0,0,0,True,True,True,22,7
WD_MERGE_2018-01-15---2018-02-05_duration_21_days_cluster_356_A0_001736_A_002252_lat_04804_lon_00395_size_0168,WD_MERGE_2018-01-15---2018-02-05_duration_21_days_cluster_356_A0_001736_A_002252_lat_04804_lon_00395_size_0168.tif,2018-01-15,2018-02-05,89068,Chablis,FRC14,Yonne,77.0,469,187600.0,INTE1806551A__20180115__20180205,INTE1806551A,Chablis,ICB,Inondations et/ou Coulées de Boue,2018-01-15,2018-02-05,0,0,0,0,0,True,True,True,22,7
WD_MERGE_2018-01-15---2018-02-05_duration_21_days_cluster_356_A0_001736_A_002252_lat_04804_lon_00395_size_0168,WD_MERGE_2018-01-15---2018-02-05_duration_21_days_cluster_356_A0_001736_A_002252_lat_04804_lon_00395_size_0168.tif,2018-01-15,2018-02-05,89074,Champigny,FRC14,Yonne,521.0,3851,1540400.0,INTE1806551A__20180115__20180205,INTE1806551A,Champigny,ICB,Inondations et/ou Coulées de Boue,2018-01-15,2018-02-05,0,0,0,0,0,True,True,True,22,7
WD_MERGE_2018-01-15---2018-02-05_duration_21_days_cluster_356_A0_001736_A_002252_lat_04804_lon_00395_size_0168,WD_MERGE_2018-01-15---2018-02-05_duration_21_days_cluster_356_A0_001736_A_002252_lat_04804_lon_00395_size_0168.tif,2018-01-15,2018-02-05,89093,Chaumont,FRC14,Yonne,419.0,1564,625600.0,INTE1806551A__20180115__20180205,INTE1806551A,Chaumont,ICB,Inondations et/ou Coulées de Boue,2018-01-15,2018-02-05,0,0,0,0,0,True,True,True,22,7
WD_MERGE_2018-01-15---2018-02-05_duration_21_days_cluster_356_A0_001736_A_002252_lat_04804_lon_00395_size_0168,WD_MERGE_2018-01-15---2018-02-05_duration_21_days_cluster_356_A0_001736_A_002252_lat_04804_lon_00395_size_0168.tif,2018-01-15,2018-02-05,89127,Courtois-sur-Yonne,FRC14,Yonne,412.0,784,313600.0,INTE1806551A__20180115__20180205,INTE1806551A,Courtois-sur-Yonne,ICB,Inondations et/ou Coulées de Boue,2018-01-15,2018-02-05,0,0,0,0,0,True,True,True,22,7
WD_MERGE_2018-01-15---2018-02-05_duration_21_days_cluster_356_A0_001736_A_002252_lat_04804_lon_00395_size_0168,WD_MERGE_2018-01-15---2018-02-05_duration_21_days_cluster_356_A0_001736_A_002252_lat_04804_lon_00395_size_0168.tif,2018-01-15,2018-02-05,89130,Deux Rivières,FRC14,Yonne,306.0,303,121200.0,INTE1806551A__20180115__20180205,INTE1806551A,Deux Rivières,ICB,Inondations et/ou Coulées de Boue,2018-01-15,2018-02-05,0,0,0,0,0,True,True,True,22,7
WD_MERGE_2018-01-15---2018-02-05_duration_21_days_cluster_356_A0_001736_A_002252_lat_04804_lon_00395_size_0168,WD_MERGE_2018-01-15---2018-02-05_duration_21_days_cluster_356_A0_001736_A_002252_lat_04804_lon_00395_size_0168.tif,2018-01-15,2018-02-05,89156,Esnon,FRC14,Yonne,693.0,1081,432400.0,INTE1806551A__20180115__20180205,INTE1806551A,Esnon,ICB,Inondations et/ou Coulées de Boue,2018-01-15,2018-02-05,0,0,0,0,0,True,True,True,22,7
WD_MERGE_2018-01-15---2018-02-05_duration_21_days_cluster_356_A0_001736_A_002252_lat_04804_lon_00395_size_0168,WD_MERGE_2018-01-15---2018-02-05_duration_21_days_cluster_356_A0_001736_A_002252_lat_04804_lon_00395_size_0168.tif,2018-01-15,2018-02-05,89309,Pont-sur-Yonne,FRC14,Yonne,302.0,2200,880000.0,INTE1806551A__20180115__20180205,INTE1806551A,Pont-sur-Yonne,ICB,Inondations et/ou Coulées de Boue,2018-01-15,2018-02-05,0,0,0,0,0,True,True,True,22,7
WD_MERGE_2018-01-15---2018-02-05_duration_21_days_cluster_356_A0_001736_A_002252_lat_04804_lon_00395_size_0168,WD_MERGE_2018-01-15---2018-02-05_duration_21_days_cluster_356_A0_001736_A_002252_lat_04804_lon_00395_size_0168.tif,2018-01-15,2018-02-05,89407,Tanlay,FRC14,Yonne,547.0,1165,466000.0,INTE1806551A__20180115__20180205,INTE1806551A,Tanlay,ICB,Inondations et/ou Coulées de Boue,2018-01-15,2018-02-05,0,0,0,0,0,True,True,True,22,7
WD_MERGE_2018-01-15---2018-02-05_duration_21_days_cluster_356_A0_001736_A_002252_lat_04804_lon_00395_size_0168,WD_MERGE_2018-01-15---2018-02-05_duration_21_days_cluster_356_A0_001736_A_002252_lat_04804_lon_00395_size_0168.tif,2018-01-15,2018-02-05,89443,Véron,FRC14,Yonne,271.0,616,246400.0,INTE1806551A__20180115__20180205,INTE1806551A,Véron,ICB,Inondations et/ou Coulées de Boue,2018-01-15,2018-02-05,0,0,0,0,0,True,True,True,22,7
WD_MERGE_2018-01-15---2018-02-05_duration_21_days_cluster_356_A0_001736_A_002252_lat_04804_lon_00395_size_0168,WD_MERGE_2018-01-15---2018-02-05_duration_21_days_cluster_356_A0_001736_A_002252_lat_04804_lon_00395_size_0168.tif,2018-01-15,2018-02-05,89465,Villeperrot,FRC14,Yonne,540.0,395,158000.0,INTE1806551A__20180115__20180205,INTE1806551A,Villeperrot,ICB,Inondations et/ou Coulées de Boue,2018-01-15,2018-02-05,0,0,0,0,0,True,True,True,22,7
WD_MERGE_2018-01-15---2018-02-05_duration_21_days_cluster_356_A0_001736_A_002252_lat_04804_lon_00395_size_0168,WD_MERGE_2018-01-15---2018-02-05_duration_21_days_cluster_356_A0_001736_A_002252_lat_04804_lon_00395_size_0168.tif,2018-01-15,2018-02-05,89480,Vinneuf,FRC14,Yonne,517.0,956,382400.0,INTE1806551A__20180115__20180205,INTE1806551A,Vinneuf,ICB,Inondations et/ou Coulées de Boue,2018-01-15,2018-02-05,0,0,0,0,0,True,True,True,22,7
WD_MERGE_2018-01-15---2018-02-05_duration_21_days_cluster_356_A0_001736_A_002252_lat_04804_lon_00395_size_0168,WD_MERGE_2018-01-15---2018-02-05_duration_21_days_cluster_356_A0_001736_A_002252_lat_04804_lon_00395_size_0168.tif,2018-01-15,2018-02-05,91421,Montgeron,FR104,Essonne,44.0,215,86000.0,INTE1806551A__20180115__20180205,INTE1806551A,Montgeron,ICB,Inondations et/ou Coulées de Boue,2018-01-15,2018-02-05,0,0,0,0,0,True,True,True,22,7
WD_MERGE_2018-01-15---2018-02-05_duration_21_days_cluster_356_A0_001736_A_002252_lat_04804_lon_00395_size_0168,WD_MERGE_2018-01-15---2018-02-05_duration_21_days_cluster_356_A0_001736_A_002252_lat_04804_lon_00395_size_0168.tif,2018-01-15,2018-02-05,91600,Soisy-sur-Seine,FR104,Essonne,16.0,72,28800.0,INTE1806551A__20180115__20180205,INTE1806551A,Soisy-sur-Seine,ICB,Inondations et/ou Coulées de Boue,2018-01-15,2018-02-05,0,0,0,0,0,True,True,True,22,7
WD_MERGE_2018-01-15---2018-02-05_duration_21_days_cluster_356_A0_001736_A_002252_lat_04804_lon_00395_size_0168,WD_MERGE_2018-01-15---2018-02-05_duration_21_days_cluster_356_A0_001736_A_002252_lat_04804_lon_00395_size_0168.tif,2018-01-15,2018-02-05,95523,La Roche-Guyon,FR108,Val-d’Oise,421.0,581,232400.0,INTE1806551A__20180115__20180205,INTE1806551A,La Roche-Guyon,ICB,Inondations et/ou Coulées de Boue,2018-01-15,2018-02-05,0,0,0,0,0,True,True,True,22,7
WD_MERGE_2018-01-15---2018-02-05_duration_21_days_cluster_356_A0_001736_A_002252_lat_04804_lon_00395_size_0168,WD_MERGE_2018-01-15---2018-02-05_duration_21_days_cluster_356_A0_001736_A_002252_lat_04804_lon_00395_size_0168.tif,2018-01-15,2018-02-05,21006,Aisey-sur-Seine,FRC11,Côte-d’Or,60.0,32,12800.0,INTE1806551A__20180121__20180130,INTE1806551A,Aisey-sur-Seine,ICB,Inondations et/ou Coulées de Boue,2018-01-21,2018-01-30,-6,6,6,6,12,False,True,True,10,7
WD_MERGE_2018-01-15---2018-02-05_duration_21_days_cluster_356_A0_001736_A_002252_lat_04804_lon_00395_size_0168,WD_MERGE_2018-01-15---2018-02-05_duration_21_days_cluster_356_A0_001736_A_002252_lat_04804_lon_00395_size_0168.tif,2018-01-15,2018-02-05,21021,Arc-sur-Tille,FRC11,Côte-d’Or,173.0,1419,567600.0,INTE1806551A__20180121__20180130,INTE1806551A,Arc-sur-Tille,ICB,Inondations et/ou Coulées de Boue,2018-01-21,2018-01-30,-6,6,6,6,12,False,True,True,10,7
WD_MERGE_2018-01-15---2018-02-05_duration_21_days_cluster_356_A0_001736_A_002252_lat_04804_lon_00395_size_0168,WD_MERGE_2018-01-15---2018-02-05_duration_21_days_cluster_356_A0_001736_A_002252_lat_04804_lon_00395_size_0168.tif,2018-01-15,2018-02-05,21034,Autricourt,FRC11,Côte-d’Or,558.0,1367,546800.0,INTE1806551A__20180121__20180130,INTE1806551A,Autricourt,ICB,Inondations et/ou Coulées de Boue,2018-01-21,2018-01-30,-6,6,6,6,12,False,True,True,10,7
WD_MERGE_2018-01-15---2018-02-05_duration_21_days_cluster_356_A0_001736_A_002252_lat_04804_lon_00395_size_0168,WD_MERGE_2018-01-15---2018-02-05_duration_21_days_cluster_356_A0_001736_A_002252_lat_04804_lon_00395_size_0168.tif,2018-01-15,2018-02-05,21058,Belan-sur-Ource,FRC11,Côte-d’Or,337.0,1788,715200.0,INTE1806551A__20180121__20180130,INTE1806551A,Belan-sur-Ource,ICB,Inondations et/ou Coulées de Boue,2018-01-21,2018-01-30,-6,6,6,6,12,False,True,True,10,7
WD_MERGE_2018-01-15---2018-02-05_duration_21_days_cluster_356_A0_001736_A_002252_lat_04804_lon_00395_size_0168,WD_MERGE_2018-01-15---2018-02-05_duration_21_days_cluster_356_A0_001736_A_002252_lat_04804_lon_00395_size_0168.tif,2018-01-15,2018-02-05,21105,Bressey-sur-Tille,FRC11,Côte-d’Or,96.0,1452,580800.0,INTE1806551A__20180121__20180130,INTE1806551A,Bressey-sur-Tille,ICB,Inondations et/ou Coulées de Boue,2018-01-21,2018-01-30,-6,6,6,6,12,False,True,True,10,7
WD_MERGE_2018-01-15---2018-02-05_duration_21_days_cluster_356_A0_001736_A_002252_lat_04804_lon_00395_size_0168,WD_MERGE_2018-01-15---2018-02-05_duration_21_days_cluster_356_A0_001736_A_002252_lat_04804_lon_00395_size_0168.tif,2018-01-15,2018-02-05,21109,Brion-sur-Ource,FRC11,Côte-d’Or,276.0,621,248400.0,INTE1806551A__20180121__20180130,INTE1806551A,Brion-sur-Ource,ICB,Inondations et/ou Coulées de Boue,2018-01-21,2018-01-30,-6,6,6,6,12,False,True,True,10,7
WD_MERGE_2018-01-15---2018-02-05_duration_21_days_cluster_356_A0_001736_A_002252_lat_04804_lon_00395_size_0168,WD_MERGE_2018-01-15---2018-02-05_duration_21_days_cluster_356_A0_001736_A_002252_lat_04804_lon_00395_size_0168.tif,2018-01-15,2018-02-05,21172,Chivres,FRC11,Côte-d’Or,300.0,11049,4419600.0,INTE1806551A__20180121__20180130,INTE1806551A,Chivres,ICB,Inondations et/ou Coulées de Boue,2018-01-21,2018-01-30,-6,6,6,6,12,False,True,True,10,7
WD_MERGE_2018-01-15---2018-02-05_duration_21_days_cluster_356_A0_001736_A_002252_lat_04804_lon_00395_size_0168,WD_MERGE_2018-01-15---2018-02-05_duration_21_days_cluster_356_A0_001736_A_002252_lat_04804_lon_00395_size_0168.tif,2018-01-15,2018-02-05,21208,Courtivron,FRC11,Côte-d’Or,48.0,96,38400.0,INTE1806551A__20180121__20180130,INTE1806551A,Courtivron,ICB,Inondations et/ou Coulées de Boue,2018-01-21,2018-01-30,-6,6,6,6,12,False,True,True,10,7
WD_MERGE_2018-01-15---2018-02-05_duration_21_days_cluster_356_A0_001736_A_002252_lat_04804_lon_00395_size_0168,WD_MERGE_2018-01-15---2018-02-05_duration_21_days_cluster_356_A0_001736_A_002252_lat_04804_lon_00395_size_0168.tif,2018-01-15,2018-02-05,21239,Échenon,FRC11,Côte-d’Or,309.0,6141,2456400.0,INTE1806551A__20180121__20180130,INTE1806551A,Échenon,ICB,Inondations et/ou Coulées de Boue,2018-01-21,2018-01-30,-6,6,6,6,12,False,True,True,10,7
WD_MERGE_2018-01-15---2018-02-05_duration_21_days_cluster_356_A0_001736_A_002252_lat_04804_lon_00395_size_0168,WD_MERGE_2018-01-15---2018-02-05_duration_21_days_cluster_356_A0_001736_A_002252_lat_04804_lon_00395_size_0168.tif,2018-01-15,2018-02-05,21240,Échevannes,FRC11,Côte-d’Or,91.0,13,5200.0,INTE1806551A__20180121__20180130,INTE1806551A,Échevannes,ICB,Inondations et/ou Coulées de Boue,2018-01-21,2018-01-30,-6,6,6,6,12,False,True,True,10,7
WD_MERGE_2018-01-15---2018-02-05_duration_21_days_cluster_356_A0_001736_A_002252_lat_04804_lon_00395_size_0168,WD_MERGE_2018-01-15---2018-02-05_duration_21_days_cluster_356_A0_001736_A_002252_lat_04804_lon_00395_size_0168.tif,2018-01-15,2018-02-05,21292,Genlis,FRC11,Côte-d’Or,40.0,1445,578000.0,INTE1806551A__20180121__20180130,INTE1806551A,Genlis,ICB,Inondations et/ou Coulées de Boue,2018-01-21,2018-01-30,-6,6,6,6,12,False,True,True,10,7
WD_MERGE_2018-01-15---2018-02-05_duration_21_days_cluster_356_A0_001736_A_002252_lat_04804_lon_00395_size_0168,WD_MERGE_2018-01-15---2018-02-05_duration_21_days_cluster_356_A0_001736_A_002252_lat_04804_lon_00395_size_0168.tif,2018-01-15,2018-02-05,21309,Griselles,FRC11,Côte-d’Or,443.0,1393,557200.0,INTE1806551A__20180121__20180130,INTE1806551A,Griselles,ICB,Inondations et/ou Coulées de Boue,2018-01-21,2018-01-30,-6,6,6,6,12,False,True,True,10,7
WD_MERGE_2018-01-15---2018-02-05_duration_21_days_cluster_356_A0_001736_A_002252_lat_04804_lon_00395_size_0168,WD_MERGE_2018-01-15---2018-02-05_duration_21_days_cluster_356_A0_001736_A_002252_lat_04804_lon_00395_size_0168.tif,2018-01-15,2018-02-05,21317,Is-sur-Tille,FRC11,Côte-d’Or,99.0,1248,499200.0,INTE1806551A__20180121__20180130,INTE1806551A,Is-sur-Tille,ICB,Inondations et/ou Coulées de Boue,2018-01-21,2018-01-30,-6,6,6,6,12,False,True,True,10,7
WD_MERGE_2018-01-15---2018-02-05_duration_21_days_cluster_356_A0_001736_A_002252_lat_04804_lon_00395_size_0168,WD_MERGE_2018-01-15---2018-02-05_duration_21_days_cluster_356_A0_001736_A_002252_lat_04804_lon_00395_size_0168.tif,2018-01-15,2018-02-05,21320,Izier,FRC11,Côte-d’Or,52.0,1507,602800.0,INTE1806551A__20180121__20180130,INTE1806551A,Izier,ICB,Inondations et/ou Coulées de Boue,2018-01-21,2018-01-30,-6,6,6,6,12,False,True,True,10,7
WD_MERGE_2018-01-15---2018-02-05_duration_21_days_cluster_356_A0_001736_A_002252_lat_04804_lon_00395_size_0168,WD_MERGE_2018-01-15---2018-02-05_duration_21_days_cluster_356_A0_001736_A_002252_lat_04804_lon_00395_size_0168.tif,2018-01-15,2018-02-05,21322,Jallanges,FRC11,Côte-d’Or,235.0,1110,444000.0,INTE1806551A__20180121__20180130,INTE1806551A,Jallanges,ICB,Inondations et/ou Coulées de Boue,2018-01-21,2018-01-30,-6,6,6,6,12,False,True,True,10,7
WD_MERGE_2018-01-15---2018-02-05_duration_21_days_cluster_356_A0_001736_A_002252_lat_04804_lon_00395_size_0168,WD_MERGE_2018-01-15---2018-02-05_duration_21_days_cluster_356_A0_001736_A_002252_lat_04804_lon_00395_size_0168.tif,2018-01-15,2018-02-05,21336,Laignes,FRC11,Côte-d’Or,113.0,1106,442400.0,INTE1806551A__20180121__20180130,INTE1806551A,Laignes,ICB,Inondations et/ou Coulées de Boue,2018-01-21,2018-01-30,-6,6,6,6,12,False,True,True,10,7
WD_MERGE_2018-01-15---2018-02-05_duration_21_days_cluster_356_A0_001736_A_002252_lat_04804_lon_00395_size_0168,WD_MERGE_2018-01-15---2018-02-05_duration_21_days_cluster_356_A0_001736_A_002252_lat_04804_lon_00395_size_0168.tif,2018-01-15,2018-02-05,21370,Magny-sur-Tille,FRC11,Côte-d’Or,42.0,791,316400.0,INTE1806551A__20180121__20180130,INTE1806551A,Magny-sur-Tille,ICB,Inondations et/ou Coulées de Boue,2018-01-21,2018-01-30,-6,6,6,6,12,False,True,True,10,7
WD_MERGE_2018-01-15---2018-02-05_duration_21_days_cluster_356_A0_001736_A_002252_lat_04804_lon_00395_size_0168,WD_MERGE_2018-01-15---2018-02-05_duration_21_days_cluster_356_A0_001736_A_002252_lat_04804_lon_00395_size_0168.tif,2018-01-15,2018-02-05,21371,Les Maillys,FRC11,Côte-d’Or,665.0,27785,11114000.0,INTE1806551A__20180121__20180130,INTE1806551A,Les Maillys,ICB,Inondations et/ou Coulées de Boue,2018-01-21,2018-01-30,-6,6,6,6,12,False,True,True,10,7
WD_MERGE_2018-01-15---2018-02-05_duration_21_days_cluster_356_A0_001736_A_002252_lat_04804_lon_00395_size_0168,WD_MERGE_2018-01-15---2018-02-05_duration_21_days_cluster_356_A0_001736_A_002252_lat_04804_lon_00395_size_0168.tif,2018-01-15,2018-02-05,21385,Marey-sur-Tille,FRC11,Côte-d’Or,104.0,675,270000.0,INTE1806551A__20180121__20180130,INTE1806551A,Marey-sur-Tille,ICB,Inondations et/ou Coulées de Boue,2018-01-21,2018-01-30,-6,6,6,6,12,False,True,True,10,7
WD_MERGE_2018-01-15---2018-02-05_duration_21_days_cluster_356_A0_001736_A_002252_lat_04804_lon_00395_size_0168,WD_MERGE_2018-01-15---2018-02-05_duration_21_days_cluster_356_A0_001736_A_002252_lat_04804_lon_00395_size_0168.tif,2018-01-15,2018-02-05,21389,Marmagne,FRC11,Côte-d’Or,79.0,1199,479600.0,INTE1806551A__20180121__20180130,INTE1806551A,Marmagne,ICB,Inondations et/ou Coulées de Boue,2018-01-21,2018-01-30,-6,6,6,6,12,False,True,True,10,7
WD_MERGE_2018-01-15---2018-02-05_duration_21_days_cluster_356_A0_001736_A_002252_lat_04804_lon_00395_size_0168,WD_MERGE_2018-01-15---2018-02-05_duration_21_days_cluster_356_A0_001736_A_002252_lat_04804_lon_00395_size_0168.tif,2018-01-15,2018-02-05,21487,Pluvet,FRC11,Côte-d’Or,34.0,2932,1172800.0,INTE1806551A__20180121__20180130,INTE1806551A,Pluvet,ICB,Inondations et/ou Coulées de Boue,2018-01-21,2018-01-30,-6,6,6,6,12,False,True,True,10,7
WD_MERGE_2018-01-15---2018-02-05_duration_21_days_cluster_356_A0_001736_A_002252_lat_04804_lon_00395_size_0168,WD_MERGE_2018-01-15---2018-02-05_duration_21_days_cluster_356_A0_001736_A_002252_lat_04804_lon_00395_size_0168.tif,2018-01-15,2018-02-05,21557,Saint-Marc-sur-Seine,FRC11,Côte-d’Or,46.0,93,37200.0,INTE1806551A__20180121__20180130,INTE1806551A,Saint-Marc-sur-Seine,ICB,Inondations et/ou Coulées de Boue,2018-01-21,2018-01-30,-6,6,6,6,12,False,True,True,10,7
WD_MERGE_2018-01-15---2018-02-05_duration_21_days_cluster_356_A0_001736_A_002252_lat_04804_lon_00395_size_0168,WD_MERGE_2018-01-15---2018-02-05_duration_21_days_cluster_356_A0_001736_A_002252_lat_04804_lon_00395_size_0168.tif,2018-01-15,2018-02-05,21599,Selongey,FRC11,Côte-d’Or,60.0,70,28000.0,INTE1806551A__20180121__20180130,INTE1806551A,Selongey,ICB,Inondations et/ou Coulées de Boue,2018-01-21,2018-01-30,-6,6,6,6,12,False,True,True,10,7
WD_MERGE_2018-01-15---2018-02-05_duration_21_days_cluster_356_A0_001736_A_002252_lat_04804_lon_00395_size_0168,WD_MERGE_2018-01-15---2018-02-05_duration_21_days_cluster_356_A0_001736_A_002252_lat_04804_lon_00395_size_0168.tif,2018-01-15,2018-02-05,21638,Til-Châtel,FRC11,Côte-d’Or,50.0,179,71600.0,INTE1806551A__20180121__20180130,INTE1806551A,Til-Châtel,ICB,Inondations et/ou Coulées de Boue,2018-01-21,2018-01-30,-6,6,6,6,12,False,True,True,10,7
WD_MERGE_2018-01-15---2018-02-05_duration_21_days_cluster_356_A0_001736_A_002252_lat_04804_lon_00395_size_0168,WD_MERGE_2018-01-15---2018-02-05_duration_21_days_cluster_356_A0_001736_A_002252_lat_04804_lon_00395_size_0168.tif,2018-01-15,2018-02-05,21674,Veuxhaulles-sur-Aube,FRC11,Côte-d’Or,282.0,167,66800.0,INTE1806551A__20180121__20180130,INTE1806551A,Veuxhaulles-sur-Aube,ICB,Inondations et/ou Coulées de Boue,2018-01-21,2018-01-30,-6,6,6,6,12,False,True,True,10,7
WD_MERGE_2018-01-15---2018-02-05_duration_21_days_cluster_356_A0_001736_A_002252_lat_04804_lon_00395_size_0168,WD_MERGE_2018-01-15---2018-02-05_duration_21_days_cluster_356_A0_001736_A_002252_lat_04804_lon_00395_size_0168.tif,2018-01-15,2018-02-05,21699,Villers-les-Pots,FRC11,Côte-d’Or,348.0,1622,648800.0,INTE1806551A__20180121__20180130,INTE1806551A,Villers-les-Pots,ICB,Inondations et/ou Coulées de Boue,2018-01-21,2018-01-30,-6,6,6,6,12,False,True,True,10,7
WD_MERGE_2018-01-15---2018-02-05_duration_21_days_cluster_356_A0_001736_A_002252_lat_04804_lon_00395_size_0168,WD_MERGE_2018-01-15---2018-02-05_duration_21_days_cluster_356_A0_001736_A_002252_lat_04804_lon_00395_size_0168.tif,2018-01-15,2018-02-05,21717,Voulaines-les-Templiers,FRC11,Côte-d’Or,135.0,255,102000.0,INTE1806551A__20180121__20180130,INTE1806551A,Voulaines-les-Templiers,ICB,Inondations et/ou Coulées de Boue,2018-01-21,2018-01-30,-6,6,6,6,12,False,True,True,10,7
WD_MERGE_2018-01-15---2018-02-05_duration_21_days_cluster_356_A0_001736_A_002252_lat_04804_lon_00395_size_0168,WD_MERGE_2018-01-15---2018-02-05_duration_21_days_cluster_356_A0_001736_A_002252_lat_04804_lon_00395_size_0168.tif,2018-01-15,2018-02-05,76056,Bardouville,FRD22,Seine-Maritime,54.0,67,26800.0,INTE1810998A__20180122__20180204,INTE1810998A,Bardouville,ICB,Inondations et/ou Coulées de Boue,2018-01-22,2018-02-04,-7,1,7,1,8,False,True,True,14,7
WD_MERGE_2018-01-15---2018-02-05_duration_21_days_cluster_356_A0_001736_A_002252_lat_04804_lon_00395_size_0168,WD_MERGE_2018-01-15---2018-02-05_duration_21_days_cluster_356_A0_001736_A_002252_lat_04804_lon_00395_size_0168.tif,2018-01-15,2018-02-05,76436,Le Mesnil-sous-Jumièges,FRD22,Seine-Maritime,237.0,592,236800.0,INTE1810998A__20180122__20180204,INTE1810998A,Le Mesnil-sous-Jumièges,ICB,Inondations et/ou Coulées de Boue,2018-01-22,2018-02-04,-7,1,7,1,8,False,True,True,14,7
WD_MERGE_2018-01-15---2018-02-05_duration_21_days_cluster_356_A0_001736_A_002252_lat_04804_lon_00395_size_0168,WD_MERGE_2018-01-15---2018-02-05_duration_21_days_cluster_356_A0_001736_A_002252_lat_04804_lon_00395_size_0168.tif,2018-01-15,2018-02-05,10030,Barberey-Saint-Sulpice,FRF22,Aube,448.0,322,128800.0,INTE1826529A__20180120__20180210,INTE1826529A,Barberey-Saint-Sulpice,IRN,Inondations Remontée Nappe,2018-01-20,2018-02-10,-5,-5,5,5,10,False,True,True,17,7
WD_MERGE_2018-01-15---2018-02-05_duration_21_days_cluster_356_A0_001736_A_002252_lat_04804_lon_00395_size_0168,WD_MERGE_2018-01-15---2018-02-05_duration_21_days_cluster_356_A0_001736_A_002252_lat_04804_lon_00395_size_0168.tif,2018-01-15,2018-02-05,10033,Bar-sur-Aube,FRF22,Aube,463.0,783,313200.0,INTE1826529A__20180120__20180210,INTE1826529A,Bar-sur-Aube,IRN,Inondations Remontée Nappe,2018-01-20,2018-02-10,-5,-5,5,5,10,False,True,True,17,7
WD_MERGE_2018-01-15---2018-02-05_duration_21_days_cluster_356_A0_001736_A_002252_lat_04804_lon_00395_size_0168,WD_MERGE_2018-01-15---2018-02-05_duration_21_days_cluster_356_A0_001736_A_002252_lat_04804_lon_00395_size_0168.tif,2018-01-15,2018-02-05,10034,Bar-sur-Seine,FRF22,Aube,143.0,161,64400.0,INTE1826529A__20180120__20180210,INTE1826529A,Bar-sur-Seine,IRN,Inondations Remontée Nappe,2018-01-20,2018-02-10,-5,-5,5,5,10,False,True,True,17,7
WD_MERGE_2018-01-15---2018-02-05_duration_21_days_cluster_356_A0_001736_A_002252_lat_04804_lon_00395_size_0168,WD_MERGE_2018-01-15---2018-02-05_duration_21_days_cluster_356_A0_001736_A_002252_lat_04804_lon_00395_size_0168.tif,2018-01-15,2018-02-05,10055,Bourguignons,FRF22,Aube,24.0,76,30400.0,INTE1826529A__20180120__20180210,INTE1826529A,Bourguignons,IRN,Inondations Remontée Nappe,2018-01-20,2018-02-10,-5,-5,5,5,10,False,True,True,17,7
WD_MERGE_2018-01-15---2018-02-05_duration_21_days_cluster_356_A0_001736_A_002252_lat_04804_lon_00395_size_0168,WD_MERGE_2018-01-15---2018-02-05_duration_21_days_cluster_356_A0_001736_A_002252_lat_04804_lon_00395_size_0168.tif,2018-01-15,2018-02-05,10060,Bréviandes,FRF22,Aube,284.0,1183,473200.0,INTE1826529A__20180120__20180210,INTE1826529A,Bréviandes,IRN,Inondations Remontée Nappe,2018-01-20,2018-02-10,-5,-5,5,5,10,False,True,True,17,7
WD_MERGE_2018-01-15---2018-02-05_duration_21_days_cluster_356_A0_001736_A_002252_lat_04804_lon_00395_size_0168,WD_MERGE_2018-01-15---2018-02-05_duration_21_days_cluster_356_A0_001736_A_002252_lat_04804_lon_00395_size_0168.tif,2018-01-15,2018-02-05,10073,Chalette-sur-Voire,FRF22,Aube,182.0,5,2000.0,INTE1826529A__20180120__20180210,INTE1826529A,Chalette-sur-Voire,IRN,Inondations Remontée Nappe,2018-01-20,2018-02-10,-5,-5,5,5,10,False,True,True,17,7
WD_MERGE_2018-01-15---2018-02-05_duration_21_days_cluster_356_A0_001736_A_002252_lat_04804_lon_00395_size_0168,WD_MERGE_2018-01-15---2018-02-05_duration_21_days_cluster_356_A0_001736_A_002252_lat_04804_lon_00395_size_0168.tif,2018-01-15,2018-02-05,10081,La Chapelle-Saint-Luc,FRF22,Aube,93.0,164,65600.0,INTE1826529A__20180120__20180210,INTE1826529A,La Chapelle-Saint-Luc,IRN,Inondations Remontée Nappe,2018-01-20,2018-02-10,-5,-5,5,5,10,False,True,True,17,7
WD_MERGE_2018-01-15---2018-02-05_duration_21_days_cluster_356_A0_001736_A_002252_lat_04804_lon_00395_size_0168,WD_MERGE_2018-01-15---2018-02-05_duration_21_days_cluster_356_A0_001736_A_002252_lat_04804_lon_00395_size_0168.tif,2018-01-15,2018-02-05,10089,Châtres,FRF22,Aube,402.0,592,236800.0,INTE1826529A__20180120__20180210,INTE1826529A,Châtres,IRN,Inondations Remontée Nappe,2018-01-20,2018-02-10,-5,-5,5,5,10,False,True,True,17,7
WD_MERGE_2018-01-15---2018-02-05_duration_21_days_cluster_356_A0_001736_A_002252_lat_04804_lon_00395_size_0168,WD_MERGE_2018-01-15---2018-02-05_duration_21_days_cluster_356_A0_001736_A_002252_lat_04804_lon_00395_size_0168.tif,2018-01-15,2018-02-05,10095,Le Chêne,FRF22,Aube,360.0,1847,738800.0,INTE1826529A__20180120__20180210,INTE1826529A,Le Chêne,IRN,Inondations Remontée Nappe,2018-01-20,2018-02-10,-5,-5,5,5,10,False,True,True,17,7
WD_MERGE_2018-01-15---2018-02-05_duration_21_days_cluster_356_A0_001736_A_002252_lat_04804_lon_00395_size_0168,WD_MERGE_2018-01-15---2018-02-05_duration_21_days_cluster_356_A0_001736_A_002252_lat_04804_lon_00395_size_0168.tif,2018-01-15,2018-02-05,10114,Crancey,FRF22,Aube,840.0,3446,1378400.0,INTE1826529A__20180120__20180210,INTE1826529A,Crancey,IRN,Inondations Remontée Nappe,2018-01-20,2018-02-10,-5,-5,5,5,10,False,True,True,17,7
WD_MERGE_2018-01-15---2018-02-05_duration_21_days_cluster_356_A0_001736_A_002252_lat_04804_lon_00395_size_0168,WD_MERGE_2018-01-15---2018-02-05_duration_21_days_cluster_356_A0_001736_A_002252_lat_04804_lon_00395_size_0168.tif,2018-01-15,2018-02-05,10176,Jaucourt,FRF22,Aube,150.0,396,158400.0,INTE1826529A__20180120__20180210,INTE1826529A,Jaucourt,IRN,Inondations Remontée Nappe,2018-01-20,2018-02-10,-5,-5,5,5,10,False,True,True,17,7
WD_MERGE_2018-01-15---2018-02-05_duration_21_days_cluster_356_A0_001736_A_002252_lat_04804_lon_00395_size_0168,WD_MERGE_2018-01-15---2018-02-05_duration_21_days_cluster_356_A0_001736_A_002252_lat_04804_lon_00395_size_0168.tif,2018-01-15,2018-02-05,10178,Jessains,FRF22,Aube,642.0,192,76800.0,INTE1826529A__20180120__20180210,INTE1826529A,Jessains,IRN,Inondations Remontée Nappe,2018-01-20,2018-02-10,-5,-5,5,5,10,False,True,True,17,7
WD_MERGE_2018-01-15---2018-02-05_duration_21_days_cluster_356_A0_001736_A_002252_lat_04804_lon_00395_size_0168,WD_MERGE_2018-01-15---2018-02-05_duration_21_days_cluster_356_A0_001736_A_002252_lat_04804_lon_00395_size_0168.tif,2018-01-15,2018-02-05,10187,Landreville,FRF22,Aube,284.0,354,141600.0,INTE1826529A__20180120__20180210,INTE1826529A,Landreville,IRN,Inondations Remontée Nappe,2018-01-20,2018-02-10,-5,-5,5,5,10,False,True,True,17,7
WD_MERGE_2018-01-15---2018-02-05_duration_21_days_cluster_356_A0_001736_A_002252_lat_04804_lon_00395_size_0168,WD_MERGE_2018-01-15---2018-02-05_duration_21_days_cluster_356_A0_001736_A_002252_lat_04804_lon_00395_size_0168.tif,2018-01-15,2018-02-05,10191,Lavau,FRF22,Aube,175.0,990,396000.0,INTE1826529A__20180120__20180210,INTE1826529A,Lavau,IRN,Inondations Remontée Nappe,2018-01-20,2018-02-10,-5,-5,5,5,10,False,True,True,17,7
WD_MERGE_2018-01-15---2018-02-05_duration_21_days_cluster_356_A0_001736_A_002252_lat_04804_lon_00395_size_0168,WD_MERGE_2018-01-15---2018-02-05_duration_21_days_cluster_356_A0_001736_A_002252_lat_04804_lon_00395_size_0168.tif,2018-01-15,2018-02-05,10220,Maizières-la-Grande-Paroisse,FRF22,Aube,716.0,2509,1003600.0,INTE1826529A__20180120__20180210,INTE1826529A,Maizières-la-Grande-Paroisse,IRN,Inondations Remontée Nappe,2018-01-20,2018-02-10,-5,-5,5,5,10,False,True,True,17,7
WD_MERGE_2018-01-15---2018-02-05_duration_21_days_cluster_356_A0_001736_A_002252_lat_04804_lon_00395_size_0168,WD_MERGE_2018-01-15---2018-02-05_duration_21_days_cluster_356_A0_001736_A_002252_lat_04804_lon_00395_size_0168.tif,2018-01-15,2018-02-05,10230,Mergey,FRF22,Aube,626.0,104,41600.0,INTE1826529A__20180120__20180210,INTE1826529A,Mergey,IRN,Inondations Remontée Nappe,2018-01-20,2018-02-10,-5,-5,5,5,10,False,True,True,17,7
WD_MERGE_2018-01-15---2018-02-05_duration_21_days_cluster_356_A0_001736_A_002252_lat_04804_lon_00395_size_0168,WD_MERGE_2018-01-15---2018-02-05_duration_21_days_cluster_356_A0_001736_A_002252_lat_04804_lon_00395_size_0168.tif,2018-01-15,2018-02-05,10233,Méry-sur-Seine,FRF22,Aube,2659.0,1225,490000.0,INTE1826529A__20180120__20180210,INTE1826529A,Méry-sur-Seine,IRN,Inondations Remontée Nappe,2018-01-20,2018-02-10,-5,-5,5,5,10,False,True,True,17,7
WD_MERGE_2018-01-15---2018-02-05_duration_21_days_cluster_356_A0_001736_A_002252_lat_04804_lon_00395_size_0168,WD_MERGE_2018-01-15---2018-02-05_duration_21_days_cluster_356_A0_001736_A_002252_lat_04804_lon_00395_size_0168.tif,2018-01-15,2018-02-05,10272,Ormes,FRF22,Aube,905.0,4561,1824400.0,INTE1826529A__20180120__20180210,INTE1826529A,Ormes,IRN,Inondations Remontée Nappe,2018-01-20,2018-02-10,-5,-5,5,5,10,False,True,True,17,7
WD_MERGE_2018-01-15---2018-02-05_duration_21_days_cluster_356_A0_001736_A_002252_lat_04804_lon_00395_size_0168,WD_MERGE_2018-01-15---2018-02-05_duration_21_days_cluster_356_A0_001736_A_002252_lat_04804_lon_00395_size_0168.tif,2018-01-15,2018-02-05,10284,Périgny-la-Rose,FRF22,Aube,364.0,839,335600.0,INTE1826529A__20180120__20180210,INTE1826529A,Périgny-la-Rose,IRN,Inondations Remontée Nappe,2018-01-20,2018-02-10,-5,-5,5,5,10,False,True,True,17,7
WD_MERGE_2018-01-15---2018-02-05_duration_21_days_cluster_356_A0_001736_A_002252_lat_04804_lon_00395_size_0168,WD_MERGE_2018-01-15---2018-02-05_duration_21_days_cluster_356_A0_001736_A_002252_lat_04804_lon_00395_size_0168.tif,2018-01-15,2018-02-05,10289,Plancy-l'Abbaye,FRF22,Aube,541.0,9479,3791600.0,INTE1826529A__20180120__20180210,INTE1826529A,Plancy-l'Abbaye,IRN,Inondations Remontée Nappe,2018-01-20,2018-02-10,-5,-5,5,5,10,False,True,True,17,7
WD_MERGE_2018-01-15---2018-02-05_duration_21_days_cluster_356_A0_001736_A_002252_lat_04804_lon_00395_size_0168,WD_MERGE_2018-01-15---2018-02-05_duration_21_days_cluster_356_A0_001736_A_002252_lat_04804_lon_00395_size_0168.tif,2018-01-15,2018-02-05,10298,Pont-sur-Seine,FRF22,Aube,676.0,7263,2905200.0,INTE1826529A__20180120__20180210,INTE1826529A,Pont-sur-Seine,IRN,Inondations Remontée Nappe,2018-01-20,2018-02-10,-5,-5,5,5,10,False,True,True,17,7
WD_MERGE_2018-01-15---2018-02-05_duration_21_days_cluster_356_A0_001736_A_002252_lat_04804_lon_00395_size_0168,WD_MERGE_2018-01-15---2018-02-05_duration_21_days_cluster_356_A0_001736_A_002252_lat_04804_lon_00395_size_0168.tif,2018-01-15,2018-02-05,10319,Rigny-le-Ferron,FRF22,Aube,217.0,11,4400.0,INTE1826529A__20180120__20180210,INTE1826529A,Rigny-le-Ferron,IRN,Inondations Remontée Nappe,2018-01-20,2018-02-10,-5,-5,5,5,10,False,True,True,17,7
WD_MERGE_2018-01-15---2018-02-05_duration_21_days_cluster_356_A0_001736_A_002252_lat_04804_lon_00395_size_0168,WD_MERGE_2018-01-15---2018-02-05_duration_21_days_cluster_356_A0_001736_A_002252_lat_04804_lon_00395_size_0168.tif,2018-01-15,2018-02-05,10323,Romilly-sur-Seine,FRF22,Aube,1167.0,2612,1044800.0,INTE1826529A__20180120__20180210,INTE1826529A,Romilly-sur-Seine,IRN,Inondations Remontée Nappe,2018-01-20,2018-02-10,-5,-5,5,5,10,False,True,True,17,7
WD_MERGE_2018-01-15---2018-02-05_duration_21_days_cluster_356_A0_001736_A_002252_lat_04804_lon_00395_size_0168,WD_MERGE_2018-01-15---2018-02-05_duration_21_days_cluster_356_A0_001736_A_002252_lat_04804_lon_00395_size_0168.tif,2018-01-15,2018-02-05,10332,Ruvigny,FRF22,Aube,375.0,132,52800.0,INTE1826529A__20180120__20180210,INTE1826529A,Ruvigny,IRN,Inondations Remontée Nappe,2018-01-20,2018-02-10,-5,-5,5,5,10,False,True,True,17,7
WD_MERGE_2018-01-15---2018-02-05_duration_21_days_cluster_356_A0_001736_A_002252_lat_04804_lon_00395_size_0168,WD_MERGE_2018-01-15---2018-02-05_duration_21_days_cluster_356_A0_001736_A_002252_lat_04804_lon_00395_size_0168.tif,2018-01-15,2018-02-05,10336,Saint-Benoît-sur-Seine,FRF22,Aube,192.0,796,318400.0,INTE1826529A__20180120__20180210,INTE1826529A,Saint-Benoît-sur-Seine,IRN,Inondations Remontée Nappe,2018-01-20,2018-02-10,-5,-5,5,5,10,False,True,True,17,7
WD_MERGE_2018-01-15---2018-02-05_duration_21_days_cluster_356_A0_001736_A_002252_lat_04804_lon_00395_size_0168,WD_MERGE_2018-01-15---2018-02-05_duration_21_days_cluster_356_A0_001736_A_002252_lat_04804_lon_00395_size_0168.tif,2018-01-15,2018-02-05,10341,Saint-Hilaire-sous-Romilly,FRF22,Aube,351.0,376,150400.0,INTE1826529A__20180120__20180210,INTE1826529A,Saint-Hilaire-sous-Romilly,IRN,Inondations Remontée Nappe,2018-01-20,2018-02-10,-5,-5,5,5,10,False,True,True,17,7
WD_MERGE_2018-01-15---2018-02-05_duration_21_days_cluster_356_A0_001736_A_002252_lat_04804_lon_00395_size_0168,WD_MERGE_2018-01-15---2018-02-05_duration_21_days_cluster_356_A0_001736_A_002252_lat_04804_lon_00395_size_0168.tif,2018-01-15,2018-02-05,10352,Sainte-Maure,FRF22,Aube,301.0,2351,940400.0,INTE1826529A__20180120__20180210,INTE1826529A,Sainte-Maure,IRN,Inondations Remontée Nappe,2018-01-20,2018-02-10,-5,-5,5,5,10,False,True,True,17,7
WD_MERGE_2018-01-15---2018-02-05_duration_21_days_cluster_356_A0_001736_A_002252_lat_04804_lon_00395_size_0168,WD_MERGE_2018-01-15---2018-02-05_duration_21_days_cluster_356_A0_001736_A_002252_lat_04804_lon_00395_size_0168.tif,2018-01-15,2018-02-05,10353,Saint-Mesmin,FRF22,Aube,371.0,745,298000.0,INTE1826529A__20180120__20180210,INTE1826529A,Saint-Mesmin,IRN,Inondations Remontée Nappe,2018-01-20,2018-02-10,-5,-5,5,5,10,False,True,True,17,7
WD_MERGE_2018-01-15---2018-02-05_duration_21_days_cluster_356_A0_001736_A_002252_lat_04804_lon_00395_size_0168,WD_MERGE_2018-01-15---2018-02-05_duration_21_days_cluster_356_A0_001736_A_002252_lat_04804_lon_00395_size_0168.tif,2018-01-15,2018-02-05,10356,Saint-Oulph,FRF22,Aube,359.0,72,28800.0,INTE1826529A__20180120__20180210,INTE1826529A,Saint-Oulph,IRN,Inondations Remontée Nappe,2018-01-20,2018-02-10,-5,-5,5,5,10,False,True,True,17,7
WD_MERGE_2018-01-15---2018-02-05_duration_21_days_cluster_356_A0_001736_A_002252_lat_04804_lon_00395_size_0168,WD_MERGE_2018-01-15---2018-02-05_duration_21_days_cluster_356_A0_001736_A_002252_lat_04804_lon_00395_size_0168.tif,2018-01-15,2018-02-05,10357,Saint-Parres-aux-Tertres,FRF22,Aube,353.0,245,98000.0,INTE1826529A__20180120__20180210,INTE1826529A,Saint-Parres-aux-Tertres,IRN,Inondations Remontée Nappe,2018-01-20,2018-02-10,-5,-5,5,5,10,False,True,True,17,7
WD_MERGE_2018-01-15---2018-02-05_duration_21_days_cluster_356_A0_001736_A_002252_lat_04804_lon_00395_size_0168,WD_MERGE_2018-01-15---2018-02-05_duration_21_days_cluster_356_A0_001736_A_002252_lat_04804_lon_00395_size_0168.tif,2018-01-15,2018-02-05,10368,Savières,FRF22,Aube,383.0,651,260400.0,INTE1826529A__20180120__20180210,INTE1826529A,Savières,IRN,Inondations Remontée Nappe,2018-01-20,2018-02-10,-5,-5,5,5,10,False,True,True,17,7
WD_MERGE_2018-01-15---2018-02-05_duration_21_days_cluster_356_A0_001736_A_002252_lat_04804_lon_00395_size_0168,WD_MERGE_2018-01-15---2018-02-05_duration_21_days_cluster_356_A0_001736_A_002252_lat_04804_lon_00395_size_0168.tif,2018-01-15,2018-02-05,10392,Vallant-Saint-Georges,FRF22,Aube,881.0,452,180800.0,INTE1826529A__20180120__20180210,INTE1826529A,Vallant-Saint-Georges,IRN,Inondations Remontée Nappe,2018-01-20,2018-02-10,-5,-5,5,5,10,False,True,True,17,7
WD_MERGE_2018-01-15---2018-02-05_duration_21_days_cluster_356_A0_001736_A_002252_lat_04804_lon_00395_size_0168,WD_MERGE_2018-01-15---2018-02-05_duration_21_days_cluster_356_A0_001736_A_002252_lat_04804_lon_00395_size_0168.tif,2018-01-15,2018-02-05,10401,Vendeuvre-sur-Barse,FRF22,Aube,158.0,417,166800.0,INTE1826529A__20180120__20180210,INTE1826529A,Vendeuvre-sur-Barse,IRN,Inondations Remontée Nappe,2018-01-20,2018-02-10,-5,-5,5,5,10,False,True,True,17,7
WD_MERGE_2018-01-15---2018-02-05_duration_21_days_cluster_356_A0_001736_A_002252_lat_04804_lon_00395_size_0168,WD_MERGE_2018-01-15---2018-02-05_duration_21_days_cluster_356_A0_001736_A_002252_lat_04804_lon_00395_size_0168.tif,2018-01-15,2018-02-05,10421,La Villeneuve-au-Châtelot,FRF22,Aube,258.0,2258,903200.0,INTE1826529A__20180120__20180210,INTE1826529A,La Villeneuve-au-Châtelot,IRN,Inondations Remontée Nappe,2018-01-20,2018-02-10,-5,-5,5,5,10,False,True,True,17,7
WD_MERGE_2018-01-15---2018-02-05_duration_21_days_cluster_356_A0_001736_A_002252_lat_04804_lon_00395_size_0168,WD_MERGE_2018-01-15---2018-02-05_duration_21_days_cluster_356_A0_001736_A_002252_lat_04804_lon_00395_size_0168.tif,2018-01-15,2018-02-05,10062,Briel-sur-Barse,FRF22,Aube,449.0,2141,856400.0,INTE1928835A__20180121__20180205,INTE1928835A,Briel-sur-Barse,IRN,Inondations Remontée Nappe,2018-01-21,2018-02-05,-6,0,6,0,6,False,True,True,16,7
WD_MERGE_2018-02-26---2018-03-05_duration_7_days_cluster_033_A0_000021_A_000025_lat_04357_lon_00435_size_0015,WD_MERGE_2018-02-26---2018-03-05_duration_7_days_cluster_033_A0_000021_A_000025_lat_04357_lon_00435_size_0015.tif,2018-02-26,2018-03-05,34108,Frontignan,FRJ13,Hérault,59.0,302,120800.0,INTE1810998A__20180228__20180302,INTE1810998A,Frontignan,ICB,Inondations et/ou Coulées de Boue,2018-02-28,2018-03-02,-2,3,2,3,5,False,True,True,3,7
WD_MERGE_2018-02-26---2018-03-05_duration_7_days_cluster_033_A0_000021_A_000025_lat_04357_lon_00435_size_0015,WD_MERGE_2018-02-26---2018-03-05_duration_7_days_cluster_033_A0_000021_A_000025_lat_04357_lon_00435_size_0015.tif,2018-02-26,2018-03-05,34129,Lattes,FRJ13,Hérault,34.0,204,81600.0,INTE1810998A__20180228__20180302,INTE1810998A,Lattes,ICB,Inondations et/ou Coulées de Boue,2018-02-28,2018-03-02,-2,3,2,3,5,False,True,True,3,7
WD_MERGE_2018-02-26---2018-03-05_duration_7_days_cluster_033_A0_000021_A_000025_lat_04357_lon_00435_size_0015,WD_MERGE_2018-02-26---2018-03-05_duration_7_days_cluster_033_A0_000021_A_000025_lat_04357_lon_00435_size_0015.tif,2018-02-26,2018-03-05,34337,Villeneuve-lès-Maguelone,FRJ13,Hérault,82.0,317,126800.0,INTE1813670A__20180228__20180301,INTE1813670A,Villeneuve-lès-Maguelone,ICB,Inondations et/ou Coulées de Boue,2018-02-28,2018-03-01,-2,4,2,4,6,False,True,True,2,7
WD_MERGE_2018-02-26---2018-03-05_duration_7_days_cluster_033_A0_000021_A_000025_lat_04357_lon_00435_size_0015,WD_MERGE_2018-02-26---2018-03-05_duration_7_days_cluster_033_A0_000021_A_000025_lat_04357_lon_00435_size_0015.tif,2018-02-26,2018-03-05,34333,Vic-la-Gardiole,FRJ13,Hérault,88.0,1452,580800.0,INTE1813670A__20180228__20180302,INTE1813670A,Vic-la-Gardiole,ICB,Inondations et/ou Coulées de Boue,2018-02-28,2018-03-02,-2,3,2,3,5,False,True,True,3,7
WD_MERGE_2018-02-26---2018-03-05_duration_7_days_cluster_033_A0_000021_A_000025_lat_04357_lon_00435_size_0015,WD_MERGE_2018-02-26---2018-03-05_duration_7_days_cluster_033_A0_000021_A_000025_lat_04357_lon_00435_size_0015.tif,2018-02-26,2018-03-05,34108,Frontignan,FRJ13,Hérault,59.0,302,120800.0,INTE1835008A__20180228__20180302,INTE1835008A,Frontignan,IRN,Inondations Remontée Nappe,2018-02-28,2018-03-02,-2,3,2,3,5,False,True,True,3,7
WD_MERGE_2018-02-26---2018-03-05_duration_7_days_cluster_033_A0_000021_A_000025_lat_04357_lon_00435_size_0015,WD_MERGE_2018-02-26---2018-03-05_duration_7_days_cluster_033_A0_000021_A_000025_lat_04357_lon_00435_size_0015.tif,2018-02-26,2018-03-05,34129,Lattes,FRJ13,Hérault,34.0,204,81600.0,INTE1835008A__20180228__20180302,INTE1835008A,Lattes,IRN,Inondations Remontée Nappe,2018-02-28,2018-03-02,-2,3,2,3,5,False,True,True,3,7
WD_MERGE_2018-06-04---2018-06-18_duration_14_days_cluster_098_A0_000042_A_000061_lat_04818_lon_-0084_size_0084,WD_MERGE_2018-06-04---2018-06-18_duration_14_days_cluster_098_A0_000042_A_000061_lat_04818_lon_-0084_size_0084.tif,2018-06-04,2018-06-18,35028,Boistrudan,FRH03,Ille-et-Vilaine,40.0,38,15200.0,INTE1820387A__20180609__20180611,INTE1820387A,Boistrudan,ICB,Inondations et/ou Coulées de Boue,2018-06-09,2018-06-11,-5,7,5,7,12,False,True,True,3,7
WD_MERGE_2018-06-04---2018-06-18_duration_14_days_cluster_098_A0_000042_A_000061_lat_04818_lon_-0084_size_0084,WD_MERGE_2018-06-04---2018-06-18_duration_14_days_cluster_098_A0_000042_A_000061_lat_04818_lon_-0084_size_0084.tif,2018-06-04,2018-06-18,72023,Ballon-Saint Mars,FRG04,Sarthe,90.0,1974,789600.0,INTE1820387A__20180609__20180611,INTE1820387A,Ballon-Saint Mars,ICB,Inondations et/ou Coulées de Boue,2018-06-09,2018-06-11,-5,7,5,7,12,False,True,True,3,7
WD_MERGE_2018-06-04---2018-06-18_duration_14_days_cluster_098_A0_000042_A_000061_lat_04818_lon_-0084_size_0084,WD_MERGE_2018-06-04---2018-06-18_duration_14_days_cluster_098_A0_000042_A_000061_lat_04818_lon_-0084_size_0084.tif,2018-06-04,2018-06-18,72024,La Bazoge,FRG04,Sarthe,26.0,21,8400.0,INTE1820387A__20180609__20180611,INTE1820387A,La Bazoge,ICB,Inondations et/ou Coulées de Boue,2018-06-09,2018-06-11,-5,7,5,7,12,False,True,True,3,7
WD_MERGE_2018-06-04---2018-06-18_duration_14_days_cluster_098_A0_000042_A_000061_lat_04818_lon_-0084_size_0084,WD_MERGE_2018-06-04---2018-06-18_duration_14_days_cluster_098_A0_000042_A_000061_lat_04818_lon_-0084_size_0084.tif,2018-06-04,2018-06-18,72147,La Guierche,FRG04,Sarthe,213.0,74,29600.0,INTE1820387A__20180609__20180611,INTE1820387A,La Guierche,ICB,Inondations et/ou Coulées de Boue,2018-06-09,2018-06-11,-5,7,5,7,12,False,True,True,3,7
WD_MERGE_2018-06-04---2018-06-18_duration_14_days_cluster_098_A0_000042_A_000061_lat_04818_lon_-0084_size_0084,WD_MERGE_2018-06-04---2018-06-18_duration_14_days_cluster_098_A0_000042_A_000061_lat_04818_lon_-0084_size_0084.tif,2018-06-04,2018-06-18,72189,Marolles-les-Braults,FRG04,Sarthe,38.0,242,96800.0,INTE1820387A__20180609__20180611,INTE1820387A,Marolles-les-Braults,ICB,Inondations et/ou Coulées de Boue,2018-06-09,2018-06-11,-5,7,5,7,12,False,True,True,3,7
WD_MERGE_2018-06-04---2018-06-18_duration_14_days_cluster_098_A0_000042_A_000061_lat_04818_lon_-0084_size_0084,WD_MERGE_2018-06-04---2018-06-18_duration_14_days_cluster_098_A0_000042_A_000061_lat_04818_lon_-0084_size_0084.tif,2018-06-04,2018-06-18,72196,Mézières-sur-Ponthouin,FRG04,Sarthe,400.0,646,258400.0,INTE1820387A__20180609__20180611,INTE1820387A,Mézières-sur-Ponthouin,ICB,Inondations et/ou Coulées de Boue,2018-06-09,2018-06-11,-5,7,5,7,12,False,True,True,3,7
WD_MERGE_2018-06-04---2018-06-18_duration_14_days_cluster_098_A0_000042_A_000061_lat_04818_lon_-0084_size_0084,WD_MERGE_2018-06-04---2018-06-18_duration_14_days_cluster_098_A0_000042_A_000061_lat_04818_lon_-0084_size_0084.tif,2018-06-04,2018-06-18,72217,Neuville-sur-Sarthe,FRG04,Sarthe,1275.0,2029,811600.0,INTE1820387A__20180609__20180611,INTE1820387A,Neuville-sur-Sarthe,ICB,Inondations et/ou Coulées de Boue,2018-06-09,2018-06-11,-5,7,5,7,12,False,True,True,3,7
WD_MERGE_2018-06-04---2018-06-18_duration_14_days_cluster_098_A0_000042_A_000061_lat_04818_lon_-0084_size_0084,WD_MERGE_2018-06-04---2018-06-18_duration_14_days_cluster_098_A0_000042_A_000061_lat_04818_lon_-0084_size_0084.tif,2018-06-04,2018-06-18,72265,Saint-Aignan,FRG04,Sarthe,31.0,382,152800.0,INTE1820387A__20180609__20180611,INTE1820387A,Saint-Aignan,ICB,Inondations et/ou Coulées de Boue,2018-06-09,2018-06-11,-5,7,5,7,12,False,True,True,3,7
WD_MERGE_2018-06-04---2018-06-18_duration_14_days_cluster_098_A0_000042_A_000061_lat_04818_lon_-0084_size_0084,WD_MERGE_2018-06-04---2018-06-18_duration_14_days_cluster_098_A0_000042_A_000061_lat_04818_lon_-0084_size_0084.tif,2018-06-04,2018-06-18,72320,Saint-Saturnin,FRG04,Sarthe,264.0,88,35200.0,INTE1820387A__20180609__20180611,INTE1820387A,Saint-Saturnin,ICB,Inondations et/ou Coulées de Boue,2018-06-09,2018-06-11,-5,7,5,7,12,False,True,True,3,7
WD_MERGE_2018-06-04---2018-06-18_duration_14_days_cluster_098_A0_000042_A_000061_lat_04818_lon_-0084_size_0084,WD_MERGE_2018-06-04---2018-06-18_duration_14_days_cluster_098_A0_000042_A_000061_lat_04818_lon_-0084_size_0084.tif,2018-06-04,2018-06-18,72329,Savigné-l'Évêque,FRG04,Sarthe,20.0,81,32400.0,INTE1820387A__20180609__20180611,INTE1820387A,Savigné-l'Évêque,ICB,Inondations et/ou Coulées de Boue,2018-06-09,2018-06-11,-5,7,5,7,12,False,True,True,3,7
WD_MERGE_2018-06-04---2018-06-18_duration_14_days_cluster_098_A0_000042_A_000061_lat_04818_lon_-0084_size_0084,WD_MERGE_2018-06-04---2018-06-18_duration_14_days_cluster_098_A0_000042_A_000061_lat_04818_lon_-0084_size_0084.tif,2018-06-04,2018-06-18,72338,Souillé,FRG04,Sarthe,167.0,243,97200.0,INTE1820387A__20180609__20180611,INTE1820387A,Souillé,ICB,Inondations et/ou Coulées de Boue,2018-06-09,2018-06-11,-5,7,5,7,12,False,True,True,3,7
WD_MERGE_2018-06-04---2018-06-18_duration_14_days_cluster_098_A0_000042_A_000061_lat_04818_lon_-0084_size_0084,WD_MERGE_2018-06-04---2018-06-18_duration_14_days_cluster_098_A0_000042_A_000061_lat_04818_lon_-0084_size_0084.tif,2018-06-04,2018-06-18,72340,Souligné-sous-Ballon,FRG04,Sarthe,188.0,60,24000.0,INTE1820387A__20180609__20180611,INTE1820387A,Souligné-sous-Ballon,ICB,Inondations et/ou Coulées de Boue,2018-06-09,2018-06-11,-5,7,5,7,12,False,True,True,3,7
WD_MERGE_2018-06-04---2018-06-18_duration_14_days_cluster_098_A0_000042_A_000061_lat_04818_lon_-0084_size_0084,WD_MERGE_2018-06-04---2018-06-18_duration_14_days_cluster_098_A0_000042_A_000061_lat_04818_lon_-0084_size_0084.tif,2018-06-04,2018-06-18,72349,Teillé,FRG04,Sarthe,90.0,538,215200.0,INTE1820387A__20180609__20180611,INTE1820387A,Teillé,ICB,Inondations et/ou Coulées de Boue,2018-06-09,2018-06-11,-5,7,5,7,12,False,True,True,3,7
WD_MERGE_2018-06-04---2018-06-18_duration_14_days_cluster_098_A0_000042_A_000061_lat_04818_lon_-0084_size_0084,WD_MERGE_2018-06-04---2018-06-18_duration_14_days_cluster_098_A0_000042_A_000061_lat_04818_lon_-0084_size_0084.tif,2018-06-04,2018-06-18,72205,Montbizot,FRG04,Sarthe,116.0,984,393600.0,INTE1820387A__20180609__20180613,INTE1820387A,Montbizot,ICB,Inondations et/ou Coulées de Boue,2018-06-09,2018-06-13,-5,5,5,5,10,False,True,True,5,7
WD_MERGE_2018-06-04---2018-06-18_duration_14_days_cluster_098_A0_000042_A_000061_lat_04818_lon_-0084_size_0084,WD_MERGE_2018-06-04---2018-06-18_duration_14_days_cluster_098_A0_000042_A_000061_lat_04818_lon_-0084_size_0084.tif,2018-06-04,2018-06-18,72186,Maresché,FRG04,Sarthe,385.0,137,54800.0,INTE1820387A__20180610__20180611,INTE1820387A,Maresché,ICB,Inondations et/ou Coulées de Boue,2018-06-10,2018-06-11,-6,7,6,7,13,False,True,True,2,7
WD_MERGE_2018-06-04---2018-06-18_duration_14_days_cluster_098_A0_000042_A_000061_lat_04818_lon_-0084_size_0084,WD_MERGE_2018-06-04---2018-06-18_duration_14_days_cluster_098_A0_000042_A_000061_lat_04818_lon_-0084_size_0084.tif,2018-06-04,2018-06-18,35068,Châteaubourg,FRH03,Ille-et-Vilaine,47.0,214,85600.0,INTE1820387A__20180610__20180613,INTE1820387A,Châteaubourg,ICB,Inondations et/ou Coulées de Boue,2018-06-10,2018-06-13,-6,5,6,5,11,False,True,True,4,7
WD_MERGE_2018-06-04---2018-06-18_duration_14_days_cluster_098_A0_000042_A_000061_lat_04818_lon_-0084_size_0084,WD_MERGE_2018-06-04---2018-06-18_duration_14_days_cluster_098_A0_000042_A_000061_lat_04818_lon_-0084_size_0084.tif,2018-06-04,2018-06-18,35220,Piré-Chancé,FRH03,Ille-et-Vilaine,42.0,39,15600.0,INTE1820387A__20180610__20180613,INTE1820387A,Piré-Chancé,ICB,Inondations et/ou Coulées de Boue,2018-06-10,2018-06-13,-6,5,6,5,11,False,True,True,4,7
WD_MERGE_2018-06-04---2018-06-18_duration_14_days_cluster_098_A0_000042_A_000061_lat_04818_lon_-0084_size_0084,WD_MERGE_2018-06-04---2018-06-18_duration_14_days_cluster_098_A0_000042_A_000061_lat_04818_lon_-0084_size_0084.tif,2018-06-04,2018-06-18,49035,Bouchemaine,FRG02,Maine-et-Loire,127.0,69,27600.0,INTE1820387A__20180611__20180611,INTE1820387A,Bouchemaine,ICB,Inondations et/ou Coulées de Boue,2018-06-11,2018-06-11,-7,7,7,7,14,False,True,True,1,7
WD_MERGE_2018-06-04---2018-06-18_duration_14_days_cluster_098_A0_000042_A_000061_lat_04818_lon_-0084_size_0084,WD_MERGE_2018-06-04---2018-06-18_duration_14_days_cluster_098_A0_000042_A_000061_lat_04818_lon_-0084_size_0084.tif,2018-06-04,2018-06-18,49063,Chalonnes-sur-Loire,FRG02,Maine-et-Loire,597.0,295,118000.0,INTE1820387A__20180611__20180611,INTE1820387A,Chalonnes-sur-Loire,ICB,Inondations et/ou Coulées de Boue,2018-06-11,2018-06-11,-7,7,7,7,14,False,True,True,1,7
WD_MERGE_2018-06-04---2018-06-18_duration_14_days_cluster_098_A0_000042_A_000061_lat_04818_lon_-0084_size_0084,WD_MERGE_2018-06-04---2018-06-18_duration_14_days_cluster_098_A0_000042_A_000061_lat_04818_lon_-0084_size_0084.tif,2018-06-04,2018-06-18,49082,Chaudefonds-sur-Layon,FRG02,Maine-et-Loire,1048.0,1050,420000.0,INTE1820387A__20180611__20180611,INTE1820387A,Chaudefonds-sur-Layon,ICB,Inondations et/ou Coulées de Boue,2018-06-11,2018-06-11,-7,7,7,7,14,False,True,True,1,7
WD_MERGE_2018-06-04---2018-06-18_duration_14_days_cluster_098_A0_000042_A_000061_lat_04818_lon_-0084_size_0084,WD_MERGE_2018-06-04---2018-06-18_duration_14_days_cluster_098_A0_000042_A_000061_lat_04818_lon_-0084_size_0084.tif,2018-06-04,2018-06-18,49086,Terranjou,FRG02,Maine-et-Loire,28.0,36,14400.0,INTE1820387A__20180611__20180611,INTE1820387A,Terranjou,ICB,Inondations et/ou Coulées de Boue,2018-06-11,2018-06-11,-7,7,7,7,14,False,True,True,1,7
WD_MERGE_2018-06-04---2018-06-18_duration_14_days_cluster_098_A0_000042_A_000061_lat_04818_lon_-0084_size_0084,WD_MERGE_2018-06-04---2018-06-18_duration_14_days_cluster_098_A0_000042_A_000061_lat_04818_lon_-0084_size_0084.tif,2018-06-04,2018-06-18,49180,Longué-Jumelles,FRG02,Maine-et-Loire,31.0,246,98400.0,INTE1820387A__20180611__20180611,INTE1820387A,Longué-Jumelles,ICB,Inondations et/ou Coulées de Boue,2018-06-11,2018-06-11,-7,7,7,7,14,False,True,True,1,7
WD_MERGE_2018-06-04---2018-06-18_duration_14_days_cluster_098_A0_000042_A_000061_lat_04818_lon_-0084_size_0084,WD_MERGE_2018-06-04---2018-06-18_duration_14_days_cluster_098_A0_000042_A_000061_lat_04818_lon_-0084_size_0084.tif,2018-06-04,2018-06-18,49331,Segré-en-Anjou Bleu,FRG02,Maine-et-Loire,407.0,86,34400.0,INTE1820387A__20180611__20180611,INTE1820387A,Segré-en-Anjou Bleu,ICB,Inondations et/ou Coulées de Boue,2018-06-11,2018-06-11,-7,7,7,7,14,False,True,True,1,7
WD_MERGE_2018-06-04---2018-06-18_duration_14_days_cluster_098_A0_000042_A_000061_lat_04818_lon_-0084_size_0084,WD_MERGE_2018-06-04---2018-06-18_duration_14_days_cluster_098_A0_000042_A_000061_lat_04818_lon_-0084_size_0084.tif,2018-06-04,2018-06-18,44187,Saint-Père-en-Retz,FRG01,Loire-Atlantique,119.0,2051,820400.0,INTE1820387A__20180611__20180612,INTE1820387A,Saint-Père-en-Retz,ICB,Inondations et/ou Coulées de Boue,2018-06-11,2018-06-12,-7,6,7,6,13,False,True,True,2,7
WD_MERGE_2018-06-04---2018-06-18_duration_14_days_cluster_098_A0_000042_A_000061_lat_04818_lon_-0084_size_0084,WD_MERGE_2018-06-04---2018-06-18_duration_14_days_cluster_098_A0_000042_A_000061_lat_04818_lon_-0084_size_0084.tif,2018-06-04,2018-06-18,61096,Rives d'Andaine,FRD13,Orne,119.0,507,202800.0,INTE1820387A__20180611__20180612,INTE1820387A,Rives d'Andaine,ICB,Inondations et/ou Coulées de Boue,2018-06-11,2018-06-12,-7,6,7,6,13,False,True,True,2,7
WD_MERGE_2018-06-04---2018-06-18_duration_14_days_cluster_098_A0_000042_A_000061_lat_04818_lon_-0084_size_0084,WD_MERGE_2018-06-04---2018-06-18_duration_14_days_cluster_098_A0_000042_A_000061_lat_04818_lon_-0084_size_0084.tif,2018-06-04,2018-06-18,61126,Coulonges-sur-Sarthe,FRD13,Orne,39.0,467,186800.0,INTE1820387A__20180611__20180612,INTE1820387A,Coulonges-sur-Sarthe,ICB,Inondations et/ou Coulées de Boue,2018-06-11,2018-06-12,-7,6,7,6,13,False,True,True,2,7
WD_MERGE_2018-06-04---2018-06-18_duration_14_days_cluster_098_A0_000042_A_000061_lat_04818_lon_-0084_size_0084,WD_MERGE_2018-06-04---2018-06-18_duration_14_days_cluster_098_A0_000042_A_000061_lat_04818_lon_-0084_size_0084.tif,2018-06-04,2018-06-18,61304,Neuilly-le-Bisson,FRD13,Orne,22.0,57,22800.0,INTE1820387A__20180611__20180612,INTE1820387A,Neuilly-le-Bisson,ICB,Inondations et/ou Coulées de Boue,2018-06-11,2018-06-12,-7,6,7,6,13,False,True,True,2,7
WD_MERGE_2018-06-04---2018-06-18_duration_14_days_cluster_098_A0_000042_A_000061_lat_04818_lon_-0084_size_0084,WD_MERGE_2018-06-04---2018-06-18_duration_14_days_cluster_098_A0_000042_A_000061_lat_04818_lon_-0084_size_0084.tif,2018-06-04,2018-06-18,61397,Saint-Germain-du-Corbéis,FRD13,Orne,394.0,96,38400.0,INTE1820387A__20180611__20180614,INTE1820387A,Saint-Germain-du-Corbéis,ICB,Inondations et/ou Coulées de Boue,2018-06-11,2018-06-14,-7,4,7,4,11,False,True,True,4,7
WD_MERGE_2018-06-04---2018-06-18_duration_14_days_cluster_098_A0_000042_A_000061_lat_04818_lon_-0084_size_0084,WD_MERGE_2018-06-04---2018-06-18_duration_14_days_cluster_098_A0_000042_A_000061_lat_04818_lon_-0084_size_0084.tif,2018-06-04,2018-06-18,53155,Montenay,FRG03,Mayenne,97.0,1,400.0,INTE1824833A__20180611__20180612,INTE1824833A,Montenay,ICB,Inondations et/ou Coulées de Boue,2018-06-11,2018-06-12,-7,6,7,6,13,False,True,True,2,7
WD_MERGE_2018-06-04---2018-06-18_duration_14_days_cluster_098_A0_000042_A_000061_lat_04818_lon_-0084_size_0084,WD_MERGE_2018-06-04---2018-06-18_duration_14_days_cluster_098_A0_000042_A_000061_lat_04818_lon_-0084_size_0084.tif,2018-06-04,2018-06-18,44046,Corsept,FRG01,Loire-Atlantique,23.0,78,31200.0,INTE1826529A__20180611__20180611,INTE1826529A,Corsept,ICB,Inondations et/ou Coulées de Boue,2018-06-11,2018-06-11,-7,7,7,7,14,False,True,True,1,7
WD_MERGE_2018-06-04---2018-06-18_duration_14_days_cluster_098_A0_000042_A_000061_lat_04818_lon_-0084_size_0084,WD_MERGE_2018-06-04---2018-06-18_duration_14_days_cluster_098_A0_000042_A_000061_lat_04818_lon_-0084_size_0084.tif,2018-06-04,2018-06-18,72137,Villeneuve-en-Perseigne,FRG04,Sarthe,310.0,2696,1078400.0,INTE1826529A__20180611__20180612,INTE1826529A,Villeneuve-en-Perseigne,ICB,Inondations et/ou Coulées de Boue,2018-06-11,2018-06-12,-7,6,7,6,13,False,True,True,2,7
WD_MERGE_2018-06-04---2018-06-18_duration_14_days_cluster_098_A0_000042_A_000061_lat_04818_lon_-0084_size_0084,WD_MERGE_2018-06-04---2018-06-18_duration_14_days_cluster_098_A0_000042_A_000061_lat_04818_lon_-0084_size_0084.tif,2018-06-04,2018-06-18,49029,Blaison-Saint-Sulpice,FRG02,Maine-et-Loire,24.0,74,29600.0,INTE1828404A__20180611__20180611,INTE1828404A,Blaison-Saint-Sulpice,ICB,Inondations et/ou Coulées de Boue,2018-06-11,2018-06-11,-7,7,7,7,14,False,True,True,1,7
WD_MERGE_2018-06-04---2018-06-18_duration_14_days_cluster_098_A0_000042_A_000061_lat_04818_lon_-0084_size_0084,WD_MERGE_2018-06-04---2018-06-18_duration_14_days_cluster_098_A0_000042_A_000061_lat_04818_lon_-0084_size_0084.tif,2018-06-04,2018-06-18,49284,Saint-Germain-des-Prés,FRG02,Maine-et-Loire,136.0,1056,422400.0,INTE1835008A__20180611__20180611,INTE1835008A,Saint-Germain-des-Prés,ICB,Inondations et/ou Coulées de Boue,2018-06-11,2018-06-11,-7,7,7,7,14,False,True,True,1,7
WD_MERGE_2018-06-04---2018-06-18_duration_14_days_cluster_098_A0_000042_A_000061_lat_04818_lon_-0084_size_0084,WD_MERGE_2018-06-04---2018-06-18_duration_14_days_cluster_098_A0_000042_A_000061_lat_04818_lon_-0084_size_0084.tif,2018-06-04,2018-06-18,72088,Congé-sur-Orne,FRG04,Sarthe,41.0,569,227600.0,INTE1901604A__20180609__20180612,INTE1901604A,Congé-sur-Orne,ICB,Inondations et/ou Coulées de Boue,2018-06-09,2018-06-12,-5,6,5,6,11,False,True,True,4,7
WD_MERGE_2018-06-11---2018-06-18_duration_7_days_cluster_108_A0_000040_A_000058_lat_04315_lon_-0110_size_0066,WD_MERGE_2018-06-11---2018-06-18_duration_7_days_cluster_108_A0_000040_A_000058_lat_04315_lon_-0110_size_0066.tif,2018-06-11,2018-06-18,40120,Hastingues,FRI13,Landes,609.0,3426,1370400.0,INTE1818802A__20180612__20180613,INTE1818802A,Hastingues,ICB,Inondations et/ou Coulées de Boue,2018-06-12,2018-06-13,-1,5,1,5,6,False,True,True,2,7
WD_MERGE_2018-06-11---2018-06-18_duration_7_days_cluster_108_A0_000040_A_000058_lat_04315_lon_-0110_size_0066,WD_MERGE_2018-06-11---2018-06-18_duration_7_days_cluster_108_A0_000040_A_000058_lat_04315_lon_-0110_size_0066.tif,2018-06-11,2018-06-18,40212,Orthevielle,FRI13,Landes,455.0,379,151600.0,INTE1818802A__20180612__20180614,INTE1818802A,Orthevielle,ICB,Inondations et/ou Coulées de Boue,2018-06-12,2018-06-14,-1,4,1,4,5,False,True,True,3,7
WD_MERGE_2018-06-11---2018-06-18_duration_7_days_cluster_108_A0_000040_A_000058_lat_04315_lon_-0110_size_0066,WD_MERGE_2018-06-11---2018-06-18_duration_7_days_cluster_108_A0_000040_A_000058_lat_04315_lon_-0110_size_0066.tif,2018-06-11,2018-06-18,40031,Bégaar,FRI13,Landes,437.0,11938,4775200.0,INTE1820387A__20180612__20180612,INTE1820387A,Bégaar,ICB,Inondations et/ou Coulées de Boue,2018-06-12,2018-06-12,-1,6,1,6,7,False,True,True,1,7
WD_MERGE_2018-06-11---2018-06-18_duration_7_days_cluster_108_A0_000040_A_000058_lat_04315_lon_-0110_size_0066,WD_MERGE_2018-06-11---2018-06-18_duration_7_days_cluster_108_A0_000040_A_000058_lat_04315_lon_-0110_size_0066.tif,2018-06-11,2018-06-18,40172,Mant,FRI13,Landes,85.0,747,298800.0,INTE1820387A__20180612__20180612,INTE1820387A,Mant,ICB,Inondations et/ou Coulées de Boue,2018-06-12,2018-06-12,-1,6,1,6,7,False,True,True,1,7
WD_MERGE_2018-06-11---2018-06-18_duration_7_days_cluster_108_A0_000040_A_000058_lat_04315_lon_-0110_size_0066,WD_MERGE_2018-06-11---2018-06-18_duration_7_days_cluster_108_A0_000040_A_000058_lat_04315_lon_-0110_size_0066.tif,2018-06-11,2018-06-18,40177,Maylis,FRI13,Landes,96.0,28,11200.0,INTE1820387A__20180612__20180612,INTE1820387A,Maylis,ICB,Inondations et/ou Coulées de Boue,2018-06-12,2018-06-12,-1,6,1,6,7,False,True,True,1,7
WD_MERGE_2018-06-11---2018-06-18_duration_7_days_cluster_108_A0_000040_A_000058_lat_04315_lon_-0110_size_0066,WD_MERGE_2018-06-11---2018-06-18_duration_7_days_cluster_108_A0_000040_A_000058_lat_04315_lon_-0110_size_0066.tif,2018-06-11,2018-06-18,40249,Saint-Aubin,FRI13,Landes,60.0,147,58800.0,INTE1820387A__20180612__20180612,INTE1820387A,Saint-Aubin,ICB,Inondations et/ou Coulées de Boue,2018-06-12,2018-06-12,-1,6,1,6,7,False,True,True,1,7
WD_MERGE_2018-06-11---2018-06-18_duration_7_days_cluster_108_A0_000040_A_000058_lat_04315_lon_-0110_size_0066,WD_MERGE_2018-06-11---2018-06-18_duration_7_days_cluster_108_A0_000040_A_000058_lat_04315_lon_-0110_size_0066.tif,2018-06-11,2018-06-18,64158,Cabidos,FRI15,Pyrénées-Atlantiques,51.0,43,17200.0,INTE1820387A__20180612__20180612,INTE1820387A,Cabidos,ICB,Inondations et/ou Coulées de Boue,2018-06-12,2018-06-12,-1,6,1,6,7,False,True,True,1,7
WD_MERGE_2018-06-11---2018-06-18_duration_7_days_cluster_108_A0_000040_A_000058_lat_04315_lon_-0110_size_0066,WD_MERGE_2018-06-11---2018-06-18_duration_7_days_cluster_108_A0_000040_A_000058_lat_04315_lon_-0110_size_0066.tif,2018-06-11,2018-06-18,40002,Amou,FRI13,Landes,57.0,67,26800.0,INTE1820387A__20180612__20180613,INTE1820387A,Amou,ICB,Inondations et/ou Coulées de Boue,2018-06-12,2018-06-13,-1,5,1,5,6,False,True,True,2,7
WD_MERGE_2018-06-11---2018-06-18_duration_7_days_cluster_108_A0_000040_A_000058_lat_04315_lon_-0110_size_0066,WD_MERGE_2018-06-11---2018-06-18_duration_7_days_cluster_108_A0_000040_A_000058_lat_04315_lon_-0110_size_0066.tif,2018-06-11,2018-06-18,40231,Port-de-Lanne,FRI13,Landes,680.0,680,272000.0,INTE1820387A__20180612__20180613,INTE1820387A,Port-de-Lanne,ICB,Inondations et/ou Coulées de Boue,2018-06-12,2018-06-13,-1,5,1,5,6,False,True,True,2,7
WD_MERGE_2018-06-11---2018-06-18_duration_7_days_cluster_108_A0_000040_A_000058_lat_04315_lon_-0110_size_0066,WD_MERGE_2018-06-11---2018-06-18_duration_7_days_cluster_108_A0_000040_A_000058_lat_04315_lon_-0110_size_0066.tif,2018-06-11,2018-06-18,40277,Saint-Pandelon,FRI13,Landes,747.0,581,232400.0,INTE1820387A__20180612__20180613,INTE1820387A,Saint-Pandelon,ICB,Inondations et/ou Coulées de Boue,2018-06-12,2018-06-13,-1,5,1,5,6,False,True,True,2,7
WD_MERGE_2018-06-11---2018-06-18_duration_7_days_cluster_108_A0_000040_A_000058_lat_04315_lon_-0110_size_0066,WD_MERGE_2018-06-11---2018-06-18_duration_7_days_cluster_108_A0_000040_A_000058_lat_04315_lon_-0110_size_0066.tif,2018-06-11,2018-06-18,40183,Mimbaste,FRI13,Landes,257.0,133,53200.0,INTE1820387A__20180613__20180613,INTE1820387A,Mimbaste,ICB,Inondations et/ou Coulées de Boue,2018-06-13,2018-06-13,-2,5,2,5,7,False,True,True,1,7
WD_MERGE_2018-06-11---2018-06-18_duration_7_days_cluster_108_A0_000040_A_000058_lat_04315_lon_-0110_size_0066,WD_MERGE_2018-06-11---2018-06-18_duration_7_days_cluster_108_A0_000040_A_000058_lat_04315_lon_-0110_size_0066.tif,2018-06-11,2018-06-18,40271,Sainte-Marie-de-Gosse,FRI13,Landes,101.0,394,157600.0,INTE1820387A__20180613__20180613,INTE1820387A,Sainte-Marie-de-Gosse,ICB,Inondations et/ou Coulées de Boue,2018-06-13,2018-06-13,-2,5,2,5,7,False,True,True,1,7
WD_MERGE_2018-06-11---2018-06-18_duration_7_days_cluster_108_A0_000040_A_000058_lat_04315_lon_-0110_size_0066,WD_MERGE_2018-06-11---2018-06-18_duration_7_days_cluster_108_A0_000040_A_000058_lat_04315_lon_-0110_size_0066.tif,2018-06-11,2018-06-18,64147,Briscous,FRI15,Pyrénées-Atlantiques,73.0,111,44400.0,INTE1820387A__20180613__20180613,INTE1820387A,Briscous,ICB,Inondations et/ou Coulées de Boue,2018-06-13,2018-06-13,-2,5,2,5,7,False,True,True,1,7
WD_MERGE_2018-06-11---2018-06-18_duration_7_days_cluster_108_A0_000040_A_000058_lat_04315_lon_-0110_size_0066,WD_MERGE_2018-06-11---2018-06-18_duration_7_days_cluster_108_A0_000040_A_000058_lat_04315_lon_-0110_size_0066.tif,2018-06-11,2018-06-18,64250,Guiche,FRI15,Pyrénées-Atlantiques,260.0,2840,1136000.0,INTE1820387A__20180613__20180613,INTE1820387A,Guiche,ICB,Inondations et/ou Coulées de Boue,2018-06-13,2018-06-13,-2,5,2,5,7,False,True,True,1,7
WD_MERGE_2018-06-11---2018-06-18_duration_7_days_cluster_108_A0_000040_A_000058_lat_04315_lon_-0110_size_0066,WD_MERGE_2018-06-11---2018-06-18_duration_7_days_cluster_108_A0_000040_A_000058_lat_04315_lon_-0110_size_0066.tif,2018-06-11,2018-06-18,64502,Sames,FRI15,Pyrénées-Atlantiques,567.0,7138,2855200.0,INTE1820387A__20180613__20180615,INTE1820387A,Sames,ICB,Inondations et/ou Coulées de Boue,2018-06-13,2018-06-15,-2,3,2,3,5,False,True,True,3,7
WD_MERGE_2018-06-11---2018-06-18_duration_7_days_cluster_108_A0_000040_A_000058_lat_04315_lon_-0110_size_0066,WD_MERGE_2018-06-11---2018-06-18_duration_7_days_cluster_108_A0_000040_A_000058_lat_04315_lon_-0110_size_0066.tif,2018-06-11,2018-06-18,64546,Urt,FRI15,Pyrénées-Atlantiques,92.0,284,113600.0,INTE1820387A__20180613__20180615,INTE1820387A,Urt,ICB,Inondations et/ou Coulées de Boue,2018-06-13,2018-06-15,-2,3,2,3,5,False,True,True,3,7
WD_MERGE_2018-06-11---2018-06-18_duration_7_days_cluster_108_A0_000040_A_000058_lat_04315_lon_-0110_size_0066,WD_MERGE_2018-06-11---2018-06-18_duration_7_days_cluster_108_A0_000040_A_000058_lat_04315_lon_-0110_size_0066.tif,2018-06-11,2018-06-18,40129,Josse,FRI13,Landes,617.0,1042,416800.0,INTE1824833A__20180612__20180612,INTE1824833A,Josse,ICB,Inondations et/ou Coulées de Boue,2018-06-12,2018-06-12,-1,6,1,6,7,False,True,True,1,7
WD_MERGE_2018-06-11---2018-06-18_duration_7_days_cluster_108_A0_000040_A_000058_lat_04315_lon_-0110_size_0066,WD_MERGE_2018-06-11---2018-06-18_duration_7_days_cluster_108_A0_000040_A_000058_lat_04315_lon_-0110_size_0066.tif,2018-06-11,2018-06-18,40188,Momuy,FRI13,Landes,63.0,120,48000.0,INTE1824833A__20180612__20180612,INTE1824833A,Momuy,ICB,Inondations et/ou Coulées de Boue,2018-06-12,2018-06-12,-1,6,1,6,7,False,True,True,1,7
WD_MERGE_2018-06-11---2018-06-18_duration_7_days_cluster_108_A0_000040_A_000058_lat_04315_lon_-0110_size_0066,WD_MERGE_2018-06-11---2018-06-18_duration_7_days_cluster_108_A0_000040_A_000058_lat_04315_lon_-0110_size_0066.tif,2018-06-11,2018-06-18,40125,Heugas,FRI13,Landes,918.0,5030,2012000.0,INTE1824833A__20180612__20180613,INTE1824833A,Heugas,ICB,Inondations et/ou Coulées de Boue,2018-06-12,2018-06-13,-1,5,1,5,6,False,True,True,2,7
WD_MERGE_2018-06-11---2018-06-18_duration_7_days_cluster_108_A0_000040_A_000058_lat_04315_lon_-0110_size_0066,WD_MERGE_2018-06-11---2018-06-18_duration_7_days_cluster_108_A0_000040_A_000058_lat_04315_lon_-0110_size_0066.tif,2018-06-11,2018-06-18,40256,Saint-Étienne-d'Orthe,FRI13,Landes,357.0,4672,1868800.0,INTE1824833A__20180612__20180613,INTE1824833A,Saint-Étienne-d'Orthe,ICB,Inondations et/ou Coulées de Boue,2018-06-12,2018-06-13,-1,5,1,5,6,False,True,True,2,7
WD_MERGE_2018-06-11---2018-06-18_duration_7_days_cluster_108_A0_000040_A_000058_lat_04315_lon_-0110_size_0066,WD_MERGE_2018-06-11---2018-06-18_duration_7_days_cluster_108_A0_000040_A_000058_lat_04315_lon_-0110_size_0066.tif,2018-06-11,2018-06-18,40268,Saint-Laurent-de-Gosse,FRI13,Landes,30.0,65,26000.0,INTE1824833A__20180613__20180617,INTE1824833A,Saint-Laurent-de-Gosse,ICB,Inondations et/ou Coulées de Boue,2018-06-13,2018-06-17,-2,1,2,1,3,False,True,True,5,7
WD_MERGE_2018-06-11---2018-06-18_duration_7_days_cluster_108_A0_000040_A_000058_lat_04315_lon_-0110_size_0066,WD_MERGE_2018-06-11---2018-06-18_duration_7_days_cluster_108_A0_000040_A_000058_lat_04315_lon_-0110_size_0066.tif,2018-06-11,2018-06-18,40223,Peyre,FRI13,Landes,111.0,1710,684000.0,INTE1824833A__20180614__20180614,INTE1824833A,Peyre,ICB,Inondations et/ou Coulées de Boue,2018-06-14,2018-06-14,-3,4,3,4,7,False,True,True,1,7
WD_MERGE_2018-06-11---2018-06-18_duration_7_days_cluster_108_A0_000040_A_000058_lat_04315_lon_-0110_size_0066,WD_MERGE_2018-06-11---2018-06-18_duration_7_days_cluster_108_A0_000040_A_000058_lat_04315_lon_-0110_size_0066.tif,2018-06-11,2018-06-18,40251,Saint-Barthélemy,FRI13,Landes,356.0,415,166000.0,INTE1831446A__20180612__20180617,INTE1831446A,Saint-Barthélemy,ICB,Inondations et/ou Coulées de Boue,2018-06-12,2018-06-17,-1,1,1,1,2,False,True,True,6,7
WD_MERGE_2018-10-15---2018-10-22_duration_7_days_cluster_251_A0_000047_A_000055_lat_04322_lon_00298_size_0008,WD_MERGE_2018-10-15---2018-10-22_duration_7_days_cluster_251_A0_000047_A_000055_lat_04322_lon_00298_size_0008.tif,2018-10-15,2018-10-22,11001,Aigues-Vives,FRJ11,Aude,27.0,514,205600.0,INTE1828277A__20181014__20181015,INTE1828277A,Aigues-Vives,ICB,Inondations et/ou Coulées de Boue,2018-10-14,2018-10-15,1,7,1,7,8,False,True,True,1,7
WD_MERGE_2018-10-15---2018-10-22_duration_7_days_cluster_251_A0_000047_A_000055_lat_04322_lon_00298_size_0008,WD_MERGE_2018-10-15---2018-10-22_duration_7_days_cluster_251_A0_000047_A_000055_lat_04322_lon_00298_size_0008.tif,2018-10-15,2018-10-22,11042,Blomac,FRJ11,Aude,62.0,4321,1728400.0,INTE1828277A__20181014__20181015,INTE1828277A,Blomac,ICB,Inondations et/ou Coulées de Boue,2018-10-14,2018-10-15,1,7,1,7,8,False,True,True,1,7
WD_MERGE_2018-10-15---2018-10-22_duration_7_days_cluster_251_A0_000047_A_000055_lat_04322_lon_00298_size_0008,WD_MERGE_2018-10-15---2018-10-22_duration_7_days_cluster_251_A0_000047_A_000055_lat_04322_lon_00298_size_0008.tif,2018-10-15,2018-10-22,11069,Carcassonne,FRJ11,Aude,296.0,312,124800.0,INTE1828277A__20181014__20181015,INTE1828277A,Carcassonne,ICB,Inondations et/ou Coulées de Boue,2018-10-14,2018-10-15,1,7,1,7,8,False,True,True,1,7
WD_MERGE_2018-10-15---2018-10-22_duration_7_days_cluster_251_A0_000047_A_000055_lat_04322_lon_00298_size_0008,WD_MERGE_2018-10-15---2018-10-22_duration_7_days_cluster_251_A0_000047_A_000055_lat_04322_lon_00298_size_0008.tif,2018-10-15,2018-10-22,11098,Conilhac-Corbières,FRJ11,Aude,13.0,1,400.0,INTE1828277A__20181014__20181015,INTE1828277A,Conilhac-Corbières,ICB,Inondations et/ou Coulées de Boue,2018-10-14,2018-10-15,1,7,1,7,8,False,True,True,1,7
WD_MERGE_2018-10-15---2018-10-22_duration_7_days_cluster_251_A0_000047_A_000055_lat_04322_lon_00298_size_0008,WD_MERGE_2018-10-15---2018-10-22_duration_7_days_cluster_251_A0_000047_A_000055_lat_04322_lon_00298_size_0008.tif,2018-10-15,2018-10-22,11106,Coursan,FRJ11,Aude,134.0,19103,7641200.0,INTE1828277A__20181014__20181015,INTE1828277A,Coursan,ICB,Inondations et/ou Coulées de Boue,2018-10-14,2018-10-15,1,7,1,7,8,False,True,True,1,7
WD_MERGE_2018-10-15---2018-10-22_duration_7_days_cluster_251_A0_000047_A_000055_lat_04322_lon_00298_size_0008,WD_MERGE_2018-10-15---2018-10-22_duration_7_days_cluster_251_A0_000047_A_000055_lat_04322_lon_00298_size_0008.tif,2018-10-15,2018-10-22,11116,Cuxac-d'Aude,FRJ11,Aude,640.0,12555,5022000.0,INTE1828277A__20181014__20181015,INTE1828277A,Cuxac-d'Aude,ICB,Inondations et/ou Coulées de Boue,2018-10-14,2018-10-15,1,7,1,7,8,False,True,True,1,7
WD_MERGE_2018-10-15---2018-10-22_duration_7_days_cluster_251_A0_000047_A_000055_lat_04322_lon_00298_size_0008,WD_MERGE_2018-10-15---2018-10-22_duration_7_days_cluster_251_A0_000047_A_000055_lat_04322_lon_00298_size_0008.tif,2018-10-15,2018-10-22,11170,Gruissan,FRJ11,Aude,157.0,6244,2497600.0,INTE1828277A__20181014__20181015,INTE1828277A,Gruissan,ICB,Inondations et/ou Coulées de Boue,2018-10-14,2018-10-15,1,7,1,7,8,False,True,True,1,7
WD_MERGE_2018-10-15---2018-10-22_duration_7_days_cluster_251_A0_000047_A_000055_lat_04322_lon_00298_size_0008,WD_MERGE_2018-10-15---2018-10-22_duration_7_days_cluster_251_A0_000047_A_000055_lat_04322_lon_00298_size_0008.tif,2018-10-15,2018-10-22,11220,Marseillette,FRJ11,Aude,21.0,424,169600.0,INTE1828277A__20181014__20181015,INTE1828277A,Marseillette,ICB,Inondations et/ou Coulées de Boue,2018-10-14,2018-10-15,1,7,1,7,8,False,True,True,1,7
WD_MERGE_2018-10-15---2018-10-22_duration_7_days_cluster_251_A0_000047_A_000055_lat_04322_lon_00298_size_0008,WD_MERGE_2018-10-15---2018-10-22_duration_7_days_cluster_251_A0_000047_A_000055_lat_04322_lon_00298_size_0008.tif,2018-10-15,2018-10-22,11262,Narbonne,FRJ11,Aude,375.0,34928,13971200.0,INTE1828277A__20181014__20181015,INTE1828277A,Narbonne,ICB,Inondations et/ou Coulées de Boue,2018-10-14,2018-10-15,1,7,1,7,8,False,True,True,1,7
WD_MERGE_2018-10-15---2018-10-22_duration_7_days_cluster_251_A0_000047_A_000055_lat_04322_lon_00298_size_0008,WD_MERGE_2018-10-15---2018-10-22_duration_7_days_cluster_251_A0_000047_A_000055_lat_04322_lon_00298_size_0008.tif,2018-10-15,2018-10-22,11288,Pezens,FRJ11,Aude,23.0,71,28400.0,INTE1828277A__20181014__20181015,INTE1828277A,Pezens,ICB,Inondations et/ou Coulées de Boue,2018-10-14,2018-10-15,1,7,1,7,8,False,True,True,1,7
WD_MERGE_2018-10-15---2018-10-22_duration_7_days_cluster_251_A0_000047_A_000055_lat_04322_lon_00298_size_0008,WD_MERGE_2018-10-15---2018-10-22_duration_7_days_cluster_251_A0_000047_A_000055_lat_04322_lon_00298_size_0008.tif,2018-10-15,2018-10-22,11301,Puichéric,FRJ11,Aude,35.0,2062,824800.0,INTE1828277A__20181014__20181015,INTE1828277A,Puichéric,ICB,Inondations et/ou Coulées de Boue,2018-10-14,2018-10-15,1,7,1,7,8,False,True,True,1,7
WD_MERGE_2018-10-15---2018-10-22_duration_7_days_cluster_251_A0_000047_A_000055_lat_04322_lon_00298_size_0008,WD_MERGE_2018-10-15---2018-10-22_duration_7_days_cluster_251_A0_000047_A_000055_lat_04322_lon_00298_size_0008.tif,2018-10-15,2018-10-22,11307,Raissac-d'Aude,FRJ11,Aude,604.0,1279,511600.0,INTE1828277A__20181014__20181015,INTE1828277A,Raissac-d'Aude,ICB,Inondations et/ou Coulées de Boue,2018-10-14,2018-10-15,1,7,1,7,8,False,True,True,1,7
WD_MERGE_2018-10-15---2018-10-22_duration_7_days_cluster_251_A0_000047_A_000055_lat_04322_lon_00298_size_0008,WD_MERGE_2018-10-15---2018-10-22_duration_7_days_cluster_251_A0_000047_A_000055_lat_04322_lon_00298_size_0008.tif,2018-10-15,2018-10-22,11315,Rieux-Minervois,FRJ11,Aude,34.0,2279,911600.0,INTE1828277A__20181014__20181015,INTE1828277A,Rieux-Minervois,ICB,Inondations et/ou Coulées de Boue,2018-10-14,2018-10-15,1,7,1,7,8,False,True,True,1,7
WD_MERGE_2018-10-15---2018-10-22_duration_7_days_cluster_251_A0_000047_A_000055_lat_04322_lon_00298_size_0008,WD_MERGE_2018-10-15---2018-10-22_duration_7_days_cluster_251_A0_000047_A_000055_lat_04322_lon_00298_size_0008.tif,2018-10-15,2018-10-22,11342,Saint-Frichoux,FRJ11,Aude,39.0,1273,509200.0,INTE1828277A__20181014__20181015,INTE1828277A,Saint-Frichoux,ICB,Inondations et/ou Coulées de Boue,2018-10-14,2018-10-15,1,7,1,7,8,False,True,True,1,7
WD_MERGE_2018-10-15---2018-10-22_duration_7_days_cluster_251_A0_000047_A_000055_lat_04322_lon_00298_size_0008,WD_MERGE_2018-10-15---2018-10-22_duration_7_days_cluster_251_A0_000047_A_000055_lat_04322_lon_00298_size_0008.tif,2018-10-15,2018-10-22,11353,Saint-Marcel-sur-Aude,FRJ11,Aude,762.0,5764,2305600.0,INTE1828277A__20181014__20181015,INTE1828277A,Saint-Marcel-sur-Aude,ICB,Inondations et/ou Coulées de Boue,2018-10-14,2018-10-15,1,7,1,7,8,False,True,True,1,7
WD_MERGE_2018-10-15---2018-10-22_duration_7_days_cluster_251_A0_000047_A_000055_lat_04322_lon_00298_size_0008,WD_MERGE_2018-10-15---2018-10-22_duration_7_days_cluster_251_A0_000047_A_000055_lat_04322_lon_00298_size_0008.tif,2018-10-15,2018-10-22,11360,Saint-Nazaire-d'Aude,FRJ11,Aude,608.0,2162,864800.0,INTE1828277A__20181014__20181015,INTE1828277A,Saint-Nazaire-d'Aude,ICB,Inondations et/ou Coulées de Boue,2018-10-14,2018-10-15,1,7,1,7,8,False,True,True,1,7
WD_MERGE_2018-10-15---2018-10-22_duration_7_days_cluster_251_A0_000047_A_000055_lat_04322_lon_00298_size_0008,WD_MERGE_2018-10-15---2018-10-22_duration_7_days_cluster_251_A0_000047_A_000055_lat_04322_lon_00298_size_0008.tif,2018-10-15,2018-10-22,11369,Sallèles-d'Aude,FRJ11,Aude,760.0,1554,621600.0,INTE1828277A__20181014__20181015,INTE1828277A,Sallèles-d'Aude,ICB,Inondations et/ou Coulées de Boue,2018-10-14,2018-10-15,1,7,1,7,8,False,True,True,1,7
WD_MERGE_2018-10-15---2018-10-22_duration_7_days_cluster_251_A0_000047_A_000055_lat_04322_lon_00298_size_0008,WD_MERGE_2018-10-15---2018-10-22_duration_7_days_cluster_251_A0_000047_A_000055_lat_04322_lon_00298_size_0008.tif,2018-10-15,2018-10-22,11429,Villemoustaussou,FRJ11,Aude,266.0,929,371600.0,INTE1828277A__20181014__20181015,INTE1828277A,Villemoustaussou,ICB,Inondations et/ou Coulées de Boue,2018-10-14,2018-10-15,1,7,1,7,8,False,True,True,1,7
WD_MERGE_2018-10-15---2018-10-22_duration_7_days_cluster_251_A0_000047_A_000055_lat_04322_lon_00298_size_0008,WD_MERGE_2018-10-15---2018-10-22_duration_7_days_cluster_251_A0_000047_A_000055_lat_04322_lon_00298_size_0008.tif,2018-10-15,2018-10-22,11014,Armissan,FRJ11,Aude,32.0,540,216000.0,INTE1829420A__20181014__20181015,INTE1829420A,Armissan,ICB,Inondations et/ou Coulées de Boue,2018-10-14,2018-10-15,1,7,1,7,8,False,True,True,1,7
WD_MERGE_2018-10-15---2018-10-22_duration_7_days_cluster_251_A0_000047_A_000055_lat_04322_lon_00298_size_0008,WD_MERGE_2018-10-15---2018-10-22_duration_7_days_cluster_251_A0_000047_A_000055_lat_04322_lon_00298_size_0008.tif,2018-10-15,2018-10-22,11085,Cavanac,FRJ11,Aude,265.0,343,137200.0,INTE1829420A__20181014__20181015,INTE1829420A,Cavanac,ICB,Inondations et/ou Coulées de Boue,2018-10-14,2018-10-15,1,7,1,7,8,False,True,True,1,7
WD_MERGE_2018-10-15---2018-10-22_duration_7_days_cluster_251_A0_000047_A_000055_lat_04322_lon_00298_size_0008,WD_MERGE_2018-10-15---2018-10-22_duration_7_days_cluster_251_A0_000047_A_000055_lat_04322_lon_00298_size_0008.tif,2018-10-15,2018-10-22,11145,Fleury,FRJ11,Aude,20.0,259,103600.0,INTE1829420A__20181014__20181015,INTE1829420A,Fleury,ICB,Inondations et/ou Coulées de Boue,2018-10-14,2018-10-15,1,7,1,7,8,False,True,True,1,7
WD_MERGE_2018-10-15---2018-10-22_duration_7_days_cluster_251_A0_000047_A_000055_lat_04322_lon_00298_size_0008,WD_MERGE_2018-10-15---2018-10-22_duration_7_days_cluster_251_A0_000047_A_000055_lat_04322_lon_00298_size_0008.tif,2018-10-15,2018-10-22,11203,Lézignan-Corbières,FRJ11,Aude,23.0,91,36400.0,INTE1829420A__20181014__20181015,INTE1829420A,Lézignan-Corbières,ICB,Inondations et/ou Coulées de Boue,2018-10-14,2018-10-15,1,7,1,7,8,False,True,True,1,7
WD_MERGE_2018-10-15---2018-10-22_duration_7_days_cluster_251_A0_000047_A_000055_lat_04322_lon_00298_size_0008,WD_MERGE_2018-10-15---2018-10-22_duration_7_days_cluster_251_A0_000047_A_000055_lat_04322_lon_00298_size_0008.tif,2018-10-15,2018-10-22,11217,Marcorignan,FRJ11,Aude,604.0,2032,812800.0,INTE1829420A__20181014__20181015,INTE1829420A,Marcorignan,ICB,Inondations et/ou Coulées de Boue,2018-10-14,2018-10-15,1,7,1,7,8,False,True,True,1,7
WD_MERGE_2018-10-15---2018-10-22_duration_7_days_cluster_251_A0_000047_A_000055_lat_04322_lon_00298_size_0008,WD_MERGE_2018-10-15---2018-10-22_duration_7_days_cluster_251_A0_000047_A_000055_lat_04322_lon_00298_size_0008.tif,2018-10-15,2018-10-22,11258,Moussan,FRJ11,Aude,985.0,2075,830000.0,INTE1829420A__20181014__20181015,INTE1829420A,Moussan,ICB,Inondations et/ou Coulées de Boue,2018-10-14,2018-10-15,1,7,1,7,8,False,True,True,1,7
WD_MERGE_2018-10-15---2018-10-22_duration_7_days_cluster_251_A0_000047_A_000055_lat_04322_lon_00298_size_0008,WD_MERGE_2018-10-15---2018-10-22_duration_7_days_cluster_251_A0_000047_A_000055_lat_04322_lon_00298_size_0008.tif,2018-10-15,2018-10-22,11269,Ouveillan,FRJ11,Aude,89.0,1278,511200.0,INTE1829420A__20181014__20181015,INTE1829420A,Ouveillan,ICB,Inondations et/ou Coulées de Boue,2018-10-14,2018-10-15,1,7,1,7,8,False,True,True,1,7
WD_MERGE_2018-10-15---2018-10-22_duration_7_days_cluster_251_A0_000047_A_000055_lat_04322_lon_00298_size_0008,WD_MERGE_2018-10-15---2018-10-22_duration_7_days_cluster_251_A0_000047_A_000055_lat_04322_lon_00298_size_0008.tif,2018-10-15,2018-10-22,11370,Salles-d'Aude,FRJ11,Aude,30.0,847,338800.0,INTE1829420A__20181014__20181015,INTE1829420A,Salles-d'Aude,ICB,Inondations et/ou Coulées de Boue,2018-10-14,2018-10-15,1,7,1,7,8,False,True,True,1,7
WD_MERGE_2018-10-15---2018-10-22_duration_7_days_cluster_251_A0_000047_A_000055_lat_04322_lon_00298_size_0008,WD_MERGE_2018-10-15---2018-10-22_duration_7_days_cluster_251_A0_000047_A_000055_lat_04322_lon_00298_size_0008.tif,2018-10-15,2018-10-22,34183,Nissan-lez-Enserune,FRJ13,Hérault,217.0,3259,1303600.0,INTE1829420A__20181014__20181015,INTE1829420A,Nissan-lez-Enserune,ICB,Inondations et/ou Coulées de Boue,2018-10-14,2018-10-15,1,7,1,7,8,False,True,True,1,7
WD_MERGE_2018-10-15---2018-10-22_duration_7_days_cluster_251_A0_000047_A_000055_lat_04322_lon_00298_size_0008,WD_MERGE_2018-10-15---2018-10-22_duration_7_days_cluster_251_A0_000047_A_000055_lat_04322_lon_00298_size_0008.tif,2018-10-15,2018-10-22,34226,Quarante,FRJ13,Hérault,56.0,480,192000.0,INTE1829420A__20181014__20181015,INTE1829420A,Quarante,ICB,Inondations et/ou Coulées de Boue,2018-10-14,2018-10-15,1,7,1,7,8,False,True,True,1,7
WD_MERGE_2018-10-15---2018-10-22_duration_7_days_cluster_251_A0_000047_A_000055_lat_04322_lon_00298_size_0008,WD_MERGE_2018-10-15---2018-10-22_duration_7_days_cluster_251_A0_000047_A_000055_lat_04322_lon_00298_size_0008.tif,2018-10-15,2018-10-22,11148,Fontcouverte,FRJ11,Aude,55.0,429,171600.0,INTE1905473A__20181015__20181015,INTE1905473A,Fontcouverte,ICB,Inondations et/ou Coulées de Boue,2018-10-15,2018-10-15,0,7,0,7,7,False,True,True,1,7
WD_MERGE_2018-10-15---2018-10-22_duration_7_days_cluster_251_A0_000047_A_000055_lat_04322_lon_00298_size_0008,WD_MERGE_2018-10-15---2018-10-22_duration_7_days_cluster_251_A0_000047_A_000055_lat_04322_lon_00298_size_0008.tif,2018-10-15,2018-10-22,34032,Béziers,FRJ13,Hérault,35.0,67,26800.0,INTE1907677A__20181015__20181015,INTE1907677A,Béziers,ICB,Inondations et/ou Coulées de Boue,2018-10-15,2018-10-15,0,7,0,7,7,False,True,True,1,7
WD_MERGE_2018-10-15---2018-10-22_duration_7_days_cluster_251_A0_000047_A_000055_lat_04322_lon_00298_size_0008,WD_MERGE_2018-10-15---2018-10-22_duration_7_days_cluster_251_A0_000047_A_000055_lat_04322_lon_00298_size_0008.tif,2018-10-15,2018-10-22,34167,Montels,FRJ13,Hérault,208.0,6258,2503200.0,INTE1907677A__20181015__20181015,INTE1907677A,Montels,ICB,Inondations et/ou Coulées de Boue,2018-10-15,2018-10-15,0,7,0,7,7,False,True,True,1,7
WD_MERGE_2018-11-19---2018-11-26_duration_7_days_cluster_305_A0_000033_A_000038_lat_04376_lon_00494_size_0046,WD_MERGE_2018-11-19---2018-11-26_duration_7_days_cluster_305_A0_000033_A_000038_lat_04376_lon_00494_size_0046.tif,2018-11-19,2018-11-26,30006,Aimargues,FRJ12,Gard,92.0,2419,967600.0,INTE1905473A__20181120__20181120,INTE1905473A,Aimargues,ICB,Inondations et/ou Coulées de Boue,2018-11-20,2018-11-20,-1,6,1,6,7,False,True,True,1,7
WD_MERGE_2018-11-19---2018-11-26_duration_7_days_cluster_305_A0_000033_A_000038_lat_04376_lon_00494_size_0046,WD_MERGE_2018-11-19---2018-11-26_duration_7_days_cluster_305_A0_000033_A_000038_lat_04376_lon_00494_size_0046.tif,2018-11-19,2018-11-26,30276,Saint-Laurent-d'Aigouze,FRJ12,Gard,51.0,5492,2196800.0,INTE1905473A__20181120__20181120,INTE1905473A,Saint-Laurent-d'Aigouze,ICB,Inondations et/ou Coulées de Boue,2018-11-20,2018-11-20,-1,6,1,6,7,False,True,True,1,7
WD_MERGE_2018-11-19---2018-11-26_duration_7_days_cluster_305_A0_000033_A_000038_lat_04376_lon_00494_size_0046,WD_MERGE_2018-11-19---2018-11-26_duration_7_days_cluster_305_A0_000033_A_000038_lat_04376_lon_00494_size_0046.tif,2018-11-19,2018-11-26,30341,Vauvert,FRJ12,Gard,43.0,1362,544800.0,INTE1905473A__20181120__20181120,INTE1905473A,Vauvert,ICB,Inondations et/ou Coulées de Boue,2018-11-20,2018-11-20,-1,6,1,6,7,False,True,True,1,7
WD_MERGE_2018-11-19---2018-11-26_duration_7_days_cluster_305_A0_000033_A_000038_lat_04376_lon_00494_size_0046,WD_MERGE_2018-11-19---2018-11-26_duration_7_days_cluster_305_A0_000033_A_000038_lat_04376_lon_00494_size_0046.tif,2018-11-19,2018-11-26,30258,Saint-Gilles,FRJ12,Gard,49.0,6403,2561200.0,INTE1905473A__20181120__20181121,INTE1905473A,Saint-Gilles,ICB,Inondations et/ou Coulées de Boue,2018-11-20,2018-11-21,-1,5,1,5,6,False,True,True,2,7
WD_MERGE_2018-11-19---2018-11-26_duration_7_days_cluster_305_A0_000033_A_000038_lat_04376_lon_00494_size_0046,WD_MERGE_2018-11-19---2018-11-26_duration_7_days_cluster_305_A0_000033_A_000038_lat_04376_lon_00494_size_0046.tif,2018-11-19,2018-11-26,30059,Le Cailar,FRJ12,Gard,282.0,10588,4235200.0,INTE1905473A__20181120__20181122,INTE1905473A,Le Cailar,ICB,Inondations et/ou Coulées de Boue,2018-11-20,2018-11-22,-1,4,1,4,5,False,True,True,3,7
WD_MERGE_2018-11-19---2018-11-26_duration_7_days_cluster_305_A0_000033_A_000038_lat_04376_lon_00494_size_0046,WD_MERGE_2018-11-19---2018-11-26_duration_7_days_cluster_305_A0_000033_A_000038_lat_04376_lon_00494_size_0046.tif,2018-11-19,2018-11-26,34151,Marsillargues,FRJ13,Hérault,55.0,4091,1636400.0,INTE1932508A__20181120__20181120,INTE1932508A,Marsillargues,ICB,Inondations et/ou Coulées de Boue,2018-11-20,2018-11-20,-1,6,1,6,7,False,True,True,1,7
WD_MERGE_2020-05-11---2020-05-18_duration_7_days_cluster_116_A0_000017_A_000028_lat_04375_lon_-0097_size_0011,WD_MERGE_2020-05-11---2020-05-18_duration_7_days_cluster_116_A0_000017_A_000028_lat_04375_lon_-0097_size_0011.tif,2020-05-11,2020-05-18,33042,Belin-Béliet,FRI12,Gironde,31.0,134,53600.0,INTE2014521A__20200509__20200511,INTE2014521A,Belin-Béliet,ICB,Inondations et/ou Coulées de Boue,2020-05-09,2020-05-11,2,7,2,7,9,False,True,True,1,7
WD_MERGE_2020-05-11---2020-05-18_duration_7_days_cluster_116_A0_000017_A_000028_lat_04375_lon_-0097_size_0011,WD_MERGE_2020-05-11---2020-05-18_duration_7_days_cluster_116_A0_000017_A_000028_lat_04375_lon_-0097_size_0011.tif,2020-05-11,2020-05-18,40062,Campet-et-Lamolère,FRI13,Landes,117.0,35,14000.0,INTE2014521A__20200509__20200511,INTE2014521A,Campet-et-Lamolère,ICB,Inondations et/ou Coulées de Boue,2020-05-09,2020-05-11,2,7,2,7,9,False,True,True,1,7
WD_MERGE_2020-05-11---2020-05-18_duration_7_days_cluster_116_A0_000017_A_000028_lat_04375_lon_-0097_size_0011,WD_MERGE_2020-05-11---2020-05-18_duration_7_days_cluster_116_A0_000017_A_000028_lat_04375_lon_-0097_size_0011.tif,2020-05-11,2020-05-18,40227,Pissos,FRI13,Landes,47.0,396,158400.0,INTE2014521A__20200509__20200511,INTE2014521A,Pissos,ICB,Inondations et/ou Coulées de Boue,2020-05-09,2020-05-11,2,7,2,7,9,False,True,True,1,7
WD_MERGE_2020-05-11---2020-05-18_duration_7_days_cluster_116_A0_000017_A_000028_lat_04375_lon_-0097_size_0011,WD_MERGE_2020-05-11---2020-05-18_duration_7_days_cluster_116_A0_000017_A_000028_lat_04375_lon_-0097_size_0011.tif,2020-05-11,2020-05-18,40246,Sabres,FRI13,Landes,35.0,358,143200.0,INTE2014521A__20200509__20200511,INTE2014521A,Sabres,ICB,Inondations et/ou Coulées de Boue,2020-05-09,2020-05-11,2,7,2,7,9,False,True,True,1,7
WD_MERGE_2020-05-11---2020-05-18_duration_7_days_cluster_116_A0_000017_A_000028_lat_04375_lon_-0097_size_0011,WD_MERGE_2020-05-11---2020-05-18_duration_7_days_cluster_116_A0_000017_A_000028_lat_04375_lon_-0097_size_0011.tif,2020-05-11,2020-05-18,40295,Saugnac-et-Muret,FRI13,Landes,26.0,94,37600.0,INTE2014521A__20200509__20200511,INTE2014521A,Saugnacq-et-Muret,ICB,Inondations et/ou Coulées de Boue,2020-05-09,2020-05-11,2,7,2,7,9,False,True,True,1,7
WD_MERGE_2020-05-11---2020-05-18_duration_7_days_cluster_116_A0_000017_A_000028_lat_04375_lon_-0097_size_0011,WD_MERGE_2020-05-11---2020-05-18_duration_7_days_cluster_116_A0_000017_A_000028_lat_04375_lon_-0097_size_0011.tif,2020-05-11,2020-05-18,40307,Sore,FRI13,Landes,21.0,62,24800.0,INTE2014521A__20200509__20200511,INTE2014521A,Sore,ICB,Inondations et/ou Coulées de Boue,2020-05-09,2020-05-11,2,7,2,7,9,False,True,True,1,7
WD_MERGE_2020-05-11---2020-05-18_duration_7_days_cluster_116_A0_000017_A_000028_lat_04375_lon_-0097_size_0011,WD_MERGE_2020-05-11---2020-05-18_duration_7_days_cluster_116_A0_000017_A_000028_lat_04375_lon_-0097_size_0011.tif,2020-05-11,2020-05-18,40313,Tartas,FRI13,Landes,35.0,3,1200.0,INTE2014521A__20200512__20200515,INTE2014521A,Tartas,ICB,Inondations et/ou Coulées de Boue,2020-05-12,2020-05-15,-1,3,1,3,4,False,True,True,4,7
WD_MERGE_2020-06-01---2020-06-08_duration_7_days_cluster_138_A0_000014_A_000016_lat_04355_lon_00458_size_0016,WD_MERGE_2020-06-01---2020-06-08_duration_7_days_cluster_138_A0_000014_A_000016_lat_04355_lon_00458_size_0016.tif,2020-06-01,2020-06-08,13108,Tarascon,FRL04,Bouches-du-Rhône,14.0,113,45200.0,INTE2023938A__20200604__20200604,INTE2023938A,Tarascon,ICB,Inondations et/ou Coulées de Boue,2020-06-04,2020-06-04,-3,4,3,4,7,False,True,True,1,7
WD_MERGE_2021-01-04---2021-01-11_duration_7_days_cluster_008_A0_000021_A_000027_lat_04372_lon_-0112_size_0010,WD_MERGE_2021-01-04---2021-01-11_duration_7_days_cluster_008_A0_000021_A_000027_lat_04372_lon_-0112_size_0010.tif,2021-01-04,2021-01-11,40334,Yzosse,FRI13,Landes,515.0,1907,762800.0,INTE2104714A__20201230__20210104,INTE2104714A,Yzosse,ICB,Inondations et/ou Coulées de Boue,2020-12-30,2021-01-04,5,7,5,7,12,False,True,True,1,7
WD_MERGE_2021-01-04---2021-01-11_duration_7_days_cluster_008_A0_000021_A_000027_lat_04372_lon_-0112_size_0010,WD_MERGE_2021-01-04---2021-01-11_duration_7_days_cluster_008_A0_000021_A_000027_lat_04372_lon_-0112_size_0010.tif,2021-01-04,2021-01-11,40279,Saint-Paul-lès-Dax,FRI13,Landes,905.0,468,187200.0,INTE2105706A__20201228__20210106,INTE2105706A,Saint-Paul-lès-Dax,ICB,Inondations et/ou Coulées de Boue,2020-12-28,2021-01-06,7,5,7,5,12,False,True,True,3,7
WD_MERGE_2021-01-04---2021-01-11_duration_7_days_cluster_008_A0_000021_A_000027_lat_04372_lon_-0112_size_0010,WD_MERGE_2021-01-04---2021-01-11_duration_7_days_cluster_008_A0_000021_A_000027_lat_04372_lon_-0112_size_0010.tif,2021-01-04,2021-01-11,40063,Candresse,FRI13,Landes,201.0,1160,464000.0,INTE2105706A__20201230__20210104,INTE2105706A,Candresse,ICB,Inondations et/ou Coulées de Boue,2020-12-30,2021-01-04,5,7,5,7,12,False,True,True,1,7
WD_MERGE_2021-01-04---2021-01-11_duration_7_days_cluster_008_A0_000021_A_000027_lat_04372_lon_-0112_size_0010,WD_MERGE_2021-01-04---2021-01-11_duration_7_days_cluster_008_A0_000021_A_000027_lat_04372_lon_-0112_size_0010.tif,2021-01-04,2021-01-11,40019,Aureilhan,FRI13,Landes,41.0,147,58800.0,INTE2105706A__20201231__20210105,INTE2105706A,Aureilhan,ICB,Inondations et/ou Coulées de Boue,2020-12-31,2021-01-05,4,6,4,6,10,False,True,True,2,7
WD_MERGE_2021-01-11---2021-02-15_duration_35_days_cluster_351_A0_002339_A_003019_lat_04904_lon_00226_size_0328,WD_MERGE_2021-01-11---2021-02-15_duration_35_days_cluster_351_A0_002339_A_003019_lat_04904_lon_00226_size_0328.tif,2021-01-11,2021-02-15,60021,Appilly,FRE22,Oise,440.0,1162,464800.0,INTE2107265A__20210114__20210215,INTE2107265A,Appilly,ICB,Inondations et/ou Coulées de Boue,2021-01-14,2021-02-15,-3,0,3,0,3,False,True,True,33,7
WD_MERGE_2022-05-30---2022-06-06_duration_7_days_cluster_112_A0_000004_A_000004_lat_04877_lon_-0364_size_0007,WD_MERGE_2022-05-30---2022-06-06_duration_7_days_cluster_112_A0_000004_A_000004_lat_04877_lon_-0364_size_0007.tif,2022-05-30,2022-06-06,22210,Ploubazlanec,FRH01,Côtes-d’Armor,10.0,1,400.0,INTE2217496A__20220603__20220605,INTE2217496A,Ploubazlanec,ICB,Inondations et/ou Coulées de Boue,2022-06-03,2022-06-05,-4,1,4,1,5,False,True,True,3,7
WD_MERGE_2023-06-19---2023-06-26_duration_7_days_cluster_140_A0_000004_A_000004_lat_04402_lon_00037_size_0043,WD_MERGE_2023-06-19---2023-06-26_duration_7_days_cluster_140_A0_000004_A_000004_lat_04402_lon_00037_size_0043.tif,2023-06-19,2023-06-26,47041,Bruch,FRI14,Lot-et-Garonne,31.0,144,57600.0,IOME2320253A__20230619__20230621,IOME2320253A,Bruch,ICB,Inondations et/ou Coulées de Boue,2023-06-19,2023-06-21,0,5,0,5,5,False,True,True,3,7
WD_MERGE_2023-06-19---2023-06-26_duration_7_days_cluster_140_A0_000004_A_000004_lat_04402_lon_00037_size_0043,WD_MERGE_2023-06-19---2023-06-26_duration_7_days_cluster_140_A0_000004_A_000004_lat_04402_lon_00037_size_0043.tif,2023-06-19,2023-06-26,47045,Calignac,FRI14,Lot-et-Garonne,33.0,110,44000.0,IOME2320253A__20230619__20230621,IOME2320253A,Calignac,ICB,Inondations et/ou Coulées de Boue,2023-06-19,2023-06-21,0,5,0,5,5,False,True,True,3,7
WD_MERGE_2023-06-19---2023-06-26_duration_7_days_cluster_140_A0_000004_A_000004_lat_04402_lon_00037_size_0043,WD_MERGE_2023-06-19---2023-06-26_duration_7_days_cluster_140_A0_000004_A_000004_lat_04402_lon_00037_size_0043.tif,2023-06-19,2023-06-26,47102,Francescas,FRI14,Lot-et-Garonne,43.0,68,27200.0,IOME2320253A__20230619__20230621,IOME2320253A,Francescas,ICB,Inondations et/ou Coulées de Boue,2023-06-19,2023-06-21,0,5,0,5,5,False,True,True,3,7
WD_MERGE_2023-06-19---2023-06-26_duration_7_days_cluster_140_A0_000004_A_000004_lat_04402_lon_00037_size_0043,WD_MERGE_2023-06-19---2023-06-26_duration_7_days_cluster_140_A0_000004_A_000004_lat_04402_lon_00037_size_0043.tif,2023-06-19,2023-06-26,47174,Moncrabeau,FRI14,Lot-et-Garonne,110.0,120,48000.0,IOME2320253A__20230619__20230621,IOME2320253A,Moncrabeau,ICB,Inondations et/ou Coulées de Boue,2023-06-19,2023-06-21,0,5,0,5,5,False,True,True,3,7
WD_MERGE_2023-06-19---2023-06-26_duration_7_days_cluster_140_A0_000004_A_000004_lat_04402_lon_00037_size_0043,WD_MERGE_2023-06-19---2023-06-26_duration_7_days_cluster_140_A0_000004_A_000004_lat_04402_lon_00037_size_0043.tif,2023-06-19,2023-06-26,47180,Montagnac-sur-Auvignon,FRI14,Lot-et-Garonne,26.0,9,3600.0,IOME2320253A__20230619__20230621,IOME2320253A,Montagnac-sur-Auvignon,ICB,Inondations et/ou Coulées de Boue,2023-06-19,2023-06-21,0,5,0,5,5,False,True,True,3,7
WD_MERGE_2023-06-19---2023-06-26_duration_7_days_cluster_140_A0_000004_A_000004_lat_04402_lon_00037_size_0043,WD_MERGE_2023-06-19---2023-06-26_duration_7_days_cluster_140_A0_000004_A_000004_lat_04402_lon_00037_size_0043.tif,2023-06-19,2023-06-26,32022,Avéron-Bergelle,FRJ24,Gers,44.0,167,66800.0,IOME2320253A__20230620__20230622,IOME2320253A,Avéron-Bergelle,ICB,Inondations et/ou Coulées de Boue,2023-06-20,2023-06-22,-1,4,1,4,5,False,True,True,3,7
WD_MERGE_2023-06-19---2023-06-26_duration_7_days_cluster_140_A0_000004_A_000004_lat_04402_lon_00037_size_0043,WD_MERGE_2023-06-19---2023-06-26_duration_7_days_cluster_140_A0_000004_A_000004_lat_04402_lon_00037_size_0043.tif,2023-06-19,2023-06-26,32125,Espas,FRJ24,Gers,35.0,205,82000.0,IOME2320253A__20230620__20230622,IOME2320253A,Espas,ICB,Inondations et/ou Coulées de Boue,2023-06-20,2023-06-22,-1,4,1,4,5,False,True,True,3,7
WD_MERGE_2023-06-19---2023-06-26_duration_7_days_cluster_140_A0_000004_A_000004_lat_04402_lon_00037_size_0043,WD_MERGE_2023-06-19---2023-06-26_duration_7_days_cluster_140_A0_000004_A_000004_lat_04402_lon_00037_size_0043.tif,2023-06-19,2023-06-26,32292,Mouchan,FRJ24,Gers,154.0,94,37600.0,IOME2320253A__20230620__20230622,IOME2320253A,Mouchan,ICB,Inondations et/ou Coulées de Boue,2023-06-20,2023-06-22,-1,4,1,4,5,False,True,True,3,7
WD_MERGE_2023-06-19---2023-06-26_duration_7_days_cluster_140_A0_000004_A_000004_lat_04402_lon_00037_size_0043,WD_MERGE_2023-06-19---2023-06-26_duration_7_days_cluster_140_A0_000004_A_000004_lat_04402_lon_00037_size_0043.tif,2023-06-19,2023-06-26,32354,Sabazan,FRJ24,Gers,121.0,296,118400.0,IOME2320253A__20230620__20230622,IOME2320253A,Sabazan,ICB,Inondations et/ou Coulées de Boue,2023-06-20,2023-06-22,-1,4,1,4,5,False,True,True,3,7
WD_MERGE_2023-06-19---2023-06-26_duration_7_days_cluster_140_A0_000004_A_000004_lat_04402_lon_00037_size_0043,WD_MERGE_2023-06-19---2023-06-26_duration_7_days_cluster_140_A0_000004_A_000004_lat_04402_lon_00037_size_0043.tif,2023-06-19,2023-06-26,82032,Castelsagrat,FRJ28,Tarn-et-Garonne,10.0,182,72800.0,IOME2320253A__20230620__20230622,IOME2320253A,Castelsagrat,ICB,Inondations et/ou Coulées de Boue,2023-06-20,2023-06-22,-1,4,1,4,5,False,True,True,3,7
WD_MERGE_2023-06-19---2023-06-26_duration_7_days_cluster_140_A0_000004_A_000004_lat_04402_lon_00037_size_0043,WD_MERGE_2023-06-19---2023-06-26_duration_7_days_cluster_140_A0_000004_A_000004_lat_04402_lon_00037_size_0043.tif,2023-06-19,2023-06-26,82065,Gasques,FRJ28,Tarn-et-Garonne,37.0,207,82800.0,IOME2320253A__20230620__20230622,IOME2320253A,Gasques,ICB,Inondations et/ou Coulées de Boue,2023-06-20,2023-06-22,-1,4,1,4,5,False,True,True,3,7
WD_MERGE_2023-06-19---2023-06-26_duration_7_days_cluster_140_A0_000004_A_000004_lat_04402_lon_00037_size_0043,WD_MERGE_2023-06-19---2023-06-26_duration_7_days_cluster_140_A0_000004_A_000004_lat_04402_lon_00037_size_0043.tif,2023-06-19,2023-06-26,82073,Goudourville,FRJ28,Tarn-et-Garonne,22.0,11,4400.0,IOME2320253A__20230620__20230622,IOME2320253A,Goudourville,ICB,Inondations et/ou Coulées de Boue,2023-06-20,2023-06-22,-1,4,1,4,5,False,True,True,3,7
WD_MERGE_2023-06-19---2023-06-26_duration_7_days_cluster_140_A0_000004_A_000004_lat_04402_lon_00037_size_0043,WD_MERGE_2023-06-19---2023-06-26_duration_7_days_cluster_140_A0_000004_A_000004_lat_04402_lon_00037_size_0043.tif,2023-06-19,2023-06-26,82111,Miramont-de-Quercy,FRJ28,Tarn-et-Garonne,74.0,523,209200.0,IOME2320253A__20230620__20230622,IOME2320253A,Miramont-de-Quercy,ICB,Inondations et/ou Coulées de Boue,2023-06-20,2023-06-22,-1,4,1,4,5,False,True,True,3,7
WD_MERGE_2023-06-19---2023-06-26_duration_7_days_cluster_140_A0_000004_A_000004_lat_04402_lon_00037_size_0043,WD_MERGE_2023-06-19---2023-06-26_duration_7_days_cluster_140_A0_000004_A_000004_lat_04402_lon_00037_size_0043.tif,2023-06-19,2023-06-26,82122,Montbarla,FRJ28,Tarn-et-Garonne,66.0,416,166400.0,IOME2320253A__20230620__20230622,IOME2320253A,Montbarla,ICB,Inondations et/ou Coulées de Boue,2023-06-20,2023-06-22,-1,4,1,4,5,False,True,True,3,7
WD_MERGE_2023-06-19---2023-06-26_duration_7_days_cluster_140_A0_000004_A_000004_lat_04402_lon_00037_size_0043,WD_MERGE_2023-06-19---2023-06-26_duration_7_days_cluster_140_A0_000004_A_000004_lat_04402_lon_00037_size_0043.tif,2023-06-19,2023-06-26,82127,Montesquieu,FRJ28,Tarn-et-Garonne,46.0,575,230000.0,IOME2320253A__20230620__20230622,IOME2320253A,Montesquieu,ICB,Inondations et/ou Coulées de Boue,2023-06-20,2023-06-22,-1,4,1,4,5,False,True,True,3,7
WD_MERGE_2023-06-19---2023-06-26_duration_7_days_cluster_140_A0_000004_A_000004_lat_04402_lon_00037_size_0043,WD_MERGE_2023-06-19---2023-06-26_duration_7_days_cluster_140_A0_000004_A_000004_lat_04402_lon_00037_size_0043.tif,2023-06-19,2023-06-26,82154,Saint-Amans-de-Pellagal,FRJ28,Tarn-et-Garonne,40.0,221,88400.0,IOME2320253A__20230620__20230622,IOME2320253A,Saint-Amans-de-Pellagal,ICB,Inondations et/ou Coulées de Boue,2023-06-20,2023-06-22,-1,4,1,4,5,False,True,True,3,7
WD_MERGE_2023-06-19---2023-06-26_duration_7_days_cluster_140_A0_000004_A_000004_lat_04402_lon_00037_size_0043,WD_MERGE_2023-06-19---2023-06-26_duration_7_days_cluster_140_A0_000004_A_000004_lat_04402_lon_00037_size_0043.tif,2023-06-19,2023-06-26,82160,Saint-Clair,FRJ28,Tarn-et-Garonne,88.0,571,228400.0,IOME2320253A__20230620__20230622,IOME2320253A,Saint-Clair,ICB,Inondations et/ou Coulées de Boue,2023-06-20,2023-06-22,-1,4,1,4,5,False,True,True,3,7
WD_MERGE_2023-06-19---2023-06-26_duration_7_days_cluster_140_A0_000004_A_000004_lat_04402_lon_00037_size_0043,WD_MERGE_2023-06-19---2023-06-26_duration_7_days_cluster_140_A0_000004_A_000004_lat_04402_lon_00037_size_0043.tif,2023-06-19,2023-06-26,82170,Saint-Paul-d'Espis,FRJ28,Tarn-et-Garonne,110.0,157,62800.0,IOME2320253A__20230620__20230622,IOME2320253A,Saint-Paul-d'Espis,ICB,Inondations et/ou Coulées de Boue,2023-06-20,2023-06-22,-1,4,1,4,5,False,True,True,3,7
WD_MERGE_2023-06-19---2023-06-26_duration_7_days_cluster_140_A0_000004_A_000004_lat_04402_lon_00037_size_0043,WD_MERGE_2023-06-19---2023-06-26_duration_7_days_cluster_140_A0_000004_A_000004_lat_04402_lon_00037_size_0043.tif,2023-06-19,2023-06-26,32235,Margouët-Meymes,FRJ24,Gers,68.0,148,59200.0,IOME2324728A__20230620__20230622,IOME2324728A,Margouët-Meymes,ICB,Inondations et/ou Coulées de Boue,2023-06-20,2023-06-22,-1,4,1,4,5,False,True,True,3,7
WD_MERGE_2023-06-19---2023-06-26_duration_7_days_cluster_140_A0_000004_A_000004_lat_04402_lon_00037_size_0043,WD_MERGE_2023-06-19---2023-06-26_duration_7_days_cluster_140_A0_000004_A_000004_lat_04402_lon_00037_size_0043.tif,2023-06-19,2023-06-26,32423,Séailles,FRJ24,Gers,42.0,95,38000.0,IOME2324728A__20230620__20230622,IOME2324728A,Séailles,ICB,Inondations et/ou Coulées de Boue,2023-06-20,2023-06-22,-1,4,1,4,5,False,True,True,3,7
WD_MERGE_2023-06-19---2023-06-26_duration_7_days_cluster_140_A0_000004_A_000004_lat_04402_lon_00037_size_0043,WD_MERGE_2023-06-19---2023-06-26_duration_7_days_cluster_140_A0_000004_A_000004_lat_04402_lon_00037_size_0043.tif,2023-06-19,2023-06-26,32063,Bouzon-Gellenave,FRJ24,Gers,45.0,194,77600.0,IOME2325523A__20230621__20230621,IOME2325523A,Bouzon-Gellenave,ICB,Inondations et/ou Coulées de Boue,2023-06-21,2023-06-21,-2,5,2,5,7,False,True,True,1,7
WD_MERGE_2023-06-19---2023-06-26_duration_7_days_cluster_140_A0_000004_A_000004_lat_04402_lon_00037_size_0043,WD_MERGE_2023-06-19---2023-06-26_duration_7_days_cluster_140_A0_000004_A_000004_lat_04402_lon_00037_size_0043.tif,2023-06-19,2023-06-26,82054,Espalais,FRJ28,Tarn-et-Garonne,156.0,72,28800.0,IOME2327460A__20230620__20230620,IOME2327460A,Espalais,ICB,Inondations et/ou Coulées de Boue,2023-06-20,2023-06-20,-1,6,1,6,7,False,True,True,1,7
WD_MERGE_2023-06-19---2023-06-26_duration_7_days_cluster_140_A0_000004_A_000004_lat_04402_lon_00037_size_0043,WD_MERGE_2023-06-19---2023-06-26_duration_7_days_cluster_140_A0_000004_A_000004_lat_04402_lon_00037_size_0043.tif,2023-06-19,2023-06-26,40218,Parleboscq,FRI13,Landes,200.0,92,36800.0,IOME2328840A__20230620__20230623,IOME2328840A,Parleboscq,ICB,Inondations et/ou Coulées de Boue,2023-06-20,2023-06-23,-1,3,1,3,4,False,True,True,4,7
WD_MERGE_2023-11-27---2023-12-25_duration_28_days_cluster_355_A0_001153_A_001442_lat_04922_lon_00020_size_0374,WD_MERGE_2023-11-27---2023-12-25_duration_28_days_cluster_355_A0_001153_A_001442_lat_04922_lon_00020_size_0374.tif,2023-11-27,2023-12-25,16154,Gond-Pontouvre,FRI31,Charente,725.0,36,14400.0,INTE2525618A__20231130__20231230,INTE2525618A,Gond-Pontouvre,IRN,Inondations Remontée Nappe,2023-11-30,2023-12-30,-3,-5,3,5,8,False,True,True,26,7
WD_MERGE_2024-05-13---2024-05-20_duration_7_days_cluster_070_A0_000052_A_000061_lat_04719_lon_00110_size_0066,WD_MERGE_2024-05-13---2024-05-20_duration_7_days_cluster_070_A0_000052_A_000061_lat_04719_lon_00110_size_0066.tif,2024-05-13,2024-05-20,37008,Athée-sur-Cher,FRB04,Indre-et-Loire,72.0,87,34800.0,INTE2424582A__20240520__20240520,INTE2424582A,Athée-sur-Cher,ICB,Inondations et/ou Coulées de Boue,2024-05-20,2024-05-20,-7,0,7,0,7,False,True,True,1,7
WD_MERGE_2024-07-01---2024-07-08_duration_7_days_cluster_118_A0_000009_A_000009_lat_04830_lon_00554_size_0025,WD_MERGE_2024-07-01---2024-07-08_duration_7_days_cluster_118_A0_000009_A_000009_lat_04830_lon_00554_size_0025.tif,2024-07-01,2024-07-08,52008,Andelot-Blancheville,FRF24,Haute-Marne,51.0,184,73600.0,IOME2420215A__20240627__20240701,IOME2420215A,Andelot-Blancheville,ICB,Inondations et/ou Coulées de Boue,2024-06-27,2024-07-01,4,7,4,7,11,False,True,True,1,7
WD_MERGE_2024-07-01---2024-07-08_duration_7_days_cluster_118_A0_000009_A_000009_lat_04830_lon_00554_size_0025,WD_MERGE_2024-07-01---2024-07-08_duration_7_days_cluster_118_A0_000009_A_000009_lat_04830_lon_00554_size_0025.tif,2024-07-01,2024-07-08,52044,Roches-Bettaincourt,FRF24,Haute-Marne,36.0,87,34800.0,IOME2420215A__20240627__20240701,IOME2420215A,Roches-Bettaincourt,ICB,Inondations et/ou Coulées de Boue,2024-06-27,2024-07-01,4,7,4,7,11,False,True,True,1,7
WD_MERGE_2024-07-01---2024-07-08_duration_7_days_cluster_118_A0_000009_A_000009_lat_04830_lon_00554_size_0025,WD_MERGE_2024-07-01---2024-07-08_duration_7_days_cluster_118_A0_000009_A_000009_lat_04830_lon_00554_size_0025.tif,2024-07-01,2024-07-08,52121,Chaumont,FRF24,Haute-Marne,49.0,391,156400.0,IOME2420215A__20240627__20240701,IOME2420215A,Chaumont,ICB,Inondations et/ou Coulées de Boue,2024-06-27,2024-07-01,4,7,4,7,11,False,True,True,1,7
WD_MERGE_2024-07-01---2024-07-08_duration_7_days_cluster_118_A0_000009_A_000009_lat_04830_lon_00554_size_0025,WD_MERGE_2024-07-01---2024-07-08_duration_7_days_cluster_118_A0_000009_A_000009_lat_04830_lon_00554_size_0025.tif,2024-07-01,2024-07-08,52177,Doulaincourt-Saucourt,FRF24,Haute-Marne,58.0,693,277200.0,IOME2420215A__20240627__20240701,IOME2420215A,Doulaincourt-Saucourt,ICB,Inondations et/ou Coulées de Boue,2024-06-27,2024-07-01,4,7,4,7,11,False,True,True,1,7
WD_MERGE_2024-07-01---2024-07-08_duration_7_days_cluster_118_A0_000009_A_000009_lat_04830_lon_00554_size_0025,WD_MERGE_2024-07-01---2024-07-08_duration_7_days_cluster_118_A0_000009_A_000009_lat_04830_lon_00554_size_0025.tif,2024-07-01,2024-07-08,52211,Froncles,FRF24,Haute-Marne,35.0,208,83200.0,IOME2420215A__20240627__20240701,IOME2420215A,Froncles,ICB,Inondations et/ou Coulées de Boue,2024-06-27,2024-07-01,4,7,4,7,11,False,True,True,1,7
WD_MERGE_2024-07-01---2024-07-08_duration_7_days_cluster_118_A0_000009_A_000009_lat_04830_lon_00554_size_0025,WD_MERGE_2024-07-01---2024-07-08_duration_7_days_cluster_118_A0_000009_A_000009_lat_04830_lon_00554_size_0025.tif,2024-07-01,2024-07-08,52212,Fronville,FRF24,Haute-Marne,27.0,79,31600.0,IOME2420215A__20240627__20240701,IOME2420215A,Fronville,ICB,Inondations et/ou Coulées de Boue,2024-06-27,2024-07-01,4,7,4,7,11,False,True,True,1,7
WD_MERGE_2024-07-01---2024-07-08_duration_7_days_cluster_118_A0_000009_A_000009_lat_04830_lon_00554_size_0025,WD_MERGE_2024-07-01---2024-07-08_duration_7_days_cluster_118_A0_000009_A_000009_lat_04830_lon_00554_size_0025.tif,2024-07-01,2024-07-08,52230,Gudmont-Villiers,FRF24,Haute-Marne,241.0,278,111200.0,IOME2420215A__20240627__20240701,IOME2420215A,Gudmont-Villiers,ICB,Inondations et/ou Coulées de Boue,2024-06-27,2024-07-01,4,7,4,7,11,False,True,True,1,7
WD_MERGE_2024-07-01---2024-07-08_duration_7_days_cluster_118_A0_000009_A_000009_lat_04830_lon_00554_size_0025,WD_MERGE_2024-07-01---2024-07-08_duration_7_days_cluster_118_A0_000009_A_000009_lat_04830_lon_00554_size_0025.tif,2024-07-01,2024-07-08,52335,Montot-sur-Rognon,FRF24,Haute-Marne,34.0,69,27600.0,IOME2420215A__20240627__20240701,IOME2420215A,Montot-sur-Rognon,ICB,Inondations et/ou Coulées de Boue,2024-06-27,2024-07-01,4,7,4,7,11,False,True,True,1,7
WD_MERGE_2024-07-01---2024-07-08_duration_7_days_cluster_118_A0_000009_A_000009_lat_04830_lon_00554_size_0025,WD_MERGE_2024-07-01---2024-07-08_duration_7_days_cluster_118_A0_000009_A_000009_lat_04830_lon_00554_size_0025.tif,2024-07-01,2024-07-08,52346,Mussey-sur-Marne,FRF24,Haute-Marne,10.0,1,400.0,IOME2420215A__20240627__20240701,IOME2420215A,Mussey-sur-Marne,ICB,Inondations et/ou Coulées de Boue,2024-06-27,2024-07-01,4,7,4,7,11,False,True,True,1,7
WD_MERGE_2024-07-01---2024-07-08_duration_7_days_cluster_118_A0_000009_A_000009_lat_04830_lon_00554_size_0025,WD_MERGE_2024-07-01---2024-07-08_duration_7_days_cluster_118_A0_000009_A_000009_lat_04830_lon_00554_size_0025.tif,2024-07-01,2024-07-08,52423,Rimaucourt,FRF24,Haute-Marne,20.0,110,44000.0,IOME2420215A__20240627__20240701,IOME2420215A,Rimaucourt,ICB,Inondations et/ou Coulées de Boue,2024-06-27,2024-07-01,4,7,4,7,11,False,True,True,1,7
WD_MERGE_2024-07-01---2024-07-08_duration_7_days_cluster_118_A0_000009_A_000009_lat_04830_lon_00554_size_0025,WD_MERGE_2024-07-01---2024-07-08_duration_7_days_cluster_118_A0_000009_A_000009_lat_04830_lon_00554_size_0025.tif,2024-07-01,2024-07-08,52456,Saint-Urbain-Maconcourt,FRF24,Haute-Marne,31.0,86,34400.0,IOME2420215A__20240627__20240701,IOME2420215A,Saint-Urbain-Maconcourt,ICB,Inondations et/ou Coulées de Boue,2024-06-27,2024-07-01,4,7,4,7,11,False,True,True,1,7
WD_MERGE_2024-07-01---2024-07-08_duration_7_days_cluster_118_A0_000009_A_000009_lat_04830_lon_00554_size_0025,WD_MERGE_2024-07-01---2024-07-08_duration_7_days_cluster_118_A0_000009_A_000009_lat_04830_lon_00554_size_0025.tif,2024-07-01,2024-07-08,52473,Signéville,FRF24,Haute-Marne,39.0,231,92400.0,IOME2420215A__20240627__20240701,IOME2420215A,Signéville,ICB,Inondations et/ou Coulées de Boue,2024-06-27,2024-07-01,4,7,4,7,11,False,True,True,1,7
WD_MERGE_2024-07-01---2024-07-08_duration_7_days_cluster_118_A0_000009_A_000009_lat_04830_lon_00554_size_0025,WD_MERGE_2024-07-01---2024-07-08_duration_7_days_cluster_118_A0_000009_A_000009_lat_04830_lon_00554_size_0025.tif,2024-07-01,2024-07-08,52480,Soncourt-sur-Marne,FRF24,Haute-Marne,50.0,618,247200.0,IOME2420215A__20240627__20240701,IOME2420215A,Soncourt-sur-Marne,ICB,Inondations et/ou Coulées de Boue,2024-06-27,2024-07-01,4,7,4,7,11,False,True,True,1,7
WD_MERGE_2024-07-01---2024-07-08_duration_7_days_cluster_118_A0_000009_A_000009_lat_04830_lon_00554_size_0025,WD_MERGE_2024-07-01---2024-07-08_duration_7_days_cluster_118_A0_000009_A_000009_lat_04830_lon_00554_size_0025.tif,2024-07-01,2024-07-08,52490,Thonnance-lès-Joinville,FRF24,Haute-Marne,29.0,182,72800.0,IOME2420215A__20240627__20240701,IOME2420215A,Thonnance-lès-Joinville,ICB,Inondations et/ou Coulées de Boue,2024-06-27,2024-07-01,4,7,4,7,11,False,True,True,1,7
WD_MERGE_2024-07-01---2024-07-08_duration_7_days_cluster_118_A0_000009_A_000009_lat_04830_lon_00554_size_0025,WD_MERGE_2024-07-01---2024-07-08_duration_7_days_cluster_118_A0_000009_A_000009_lat_04830_lon_00554_size_0025.tif,2024-07-01,2024-07-08,52512,Vecqueville,FRF24,Haute-Marne,23.0,184,73600.0,IOME2420215A__20240627__20240701,IOME2420215A,Vecqueville,ICB,Inondations et/ou Coulées de Boue,2024-06-27,2024-07-01,4,7,4,7,11,False,True,True,1,7
