gaspar_event_uid,cod_nat_catnat,gaspar_event_start_date,gaspar_event_end_date,gaspar_total_communes,gaspar_total_departments
INTE1507293A__20150216__20150217,INTE1507293A,2015-02-16,2015-02-17,1,1
INTE1510045A__20150215__20150216,INTE1510045A,2015-02-15,2015-02-16,1,1
INTE1510045A__20150216__20150217,INTE1510045A,2015-02-16,2015-02-17,2,1
INTE1510045A__20150315__20150317,INTE1510045A,2015-03-15,2015-03-17,11,1
INTE1511990A__20150225__20150227,INTE1511990A,2015-02-25,2015-02-27,2,1
INTE1511990A__20150315__20150317,INTE1511990A,2015-03-15,2015-03-17,28,1
INTE1516409A__20150315__20150317,INTE1516409A,2015-03-15,2015-03-17,3,1
INTE1516409A__20150416__20150418,INTE1516409A,2015-04-16,2015-04-18,3,1
INTE1516409A__20150426__20150426,INTE1516409A,2015-04-26,2015-04-26,1,1
INTE1516409A__20150426__20150428,INTE1516409A,2015-04-26,2015-04-28,3,1
INTE1516409A__20150426__20150501,INTE1516409A,2015-04-26,2015-05-01,2,1
INTE1516409A__20150430__20150501,INTE1516409A,2015-04-30,2015-05-01,1,1
INTE1516409A__20150430__20150502,INTE1516409A,2015-04-30,2015-05-02,11,1
INTE1516409A__20150430__20150503,INTE1516409A,2015-04-30,2015-05-03,1,1
INTE1516409A__20150430__20150504,INTE1516409A,2015-04-30,2015-05-04,21,1
INTE1516409A__20150430__20150505,INTE1516409A,2015-04-30,2015-05-05,4,1
INTE1516409A__20150501__20150501,INTE1516409A,2015-05-01,2015-05-01,1,1
INTE1516409A__20150501__20150502,INTE1516409A,2015-05-01,2015-05-02,15,2
INTE1516409A__20150501__20150503,INTE1516409A,2015-05-01,2015-05-03,10,2
INTE1516409A__20150501__20150504,INTE1516409A,2015-05-01,2015-05-04,7,1
INTE1516409A__20150501__20150505,INTE1516409A,2015-05-01,2015-05-05,1,1
INTE1516409A__20150501__20150506,INTE1516409A,2015-05-01,2015-05-06,2,2
INTE1516409A__20150502__20150504,INTE1516409A,2015-05-02,2015-05-04,1,1
INTE1516409A__20150503__20150504,INTE1516409A,2015-05-03,2015-05-04,2,1
INTE1516409A__20150504__20150504,INTE1516409A,2015-05-04,2015-05-04,1,1
INTE1516409A__20150610__20150610,INTE1516409A,2015-06-10,2015-06-10,1,1
INTE1517820A__20150315__20150317,INTE1517820A,2015-03-15,2015-03-17,3,1
INTE1517820A__20150426__20150426,INTE1517820A,2015-04-26,2015-04-26,2,2
INTE1517820A__20150430__20150501,INTE1517820A,2015-04-30,2015-05-01,1,1
INTE1517820A__20150430__20150504,INTE1517820A,2015-04-30,2015-05-04,2,1
INTE1517820A__20150501__20150502,INTE1517820A,2015-05-01,2015-05-02,2,2
INTE1517820A__20150501__20150503,INTE1517820A,2015-05-01,2015-05-03,3,2
INTE1517820A__20150501__20150504,INTE1517820A,2015-05-01,2015-05-04,4,1
INTE1517820A__20150501__20150505,INTE1517820A,2015-05-01,2015-05-05,1,1
INTE1517820A__20150503__20150504,INTE1517820A,2015-05-03,2015-05-04,1,1
INTE1517820A__20150605__20150605,INTE1517820A,2015-06-05,2015-06-05,27,2
INTE1517820A__20150612__20150612,INTE1517820A,2015-06-12,2015-06-12,1,1
INTE1517820A__20150615__20150615,INTE1517820A,2015-06-15,2015-06-15,1,1
INTE1523044A__20150416__20150416,INTE1523044A,2015-04-16,2015-04-16,2,1
INTE1523044A__20150426__20150426,INTE1523044A,2015-04-26,2015-04-26,1,1
INTE1523044A__20150502__20150502,INTE1523044A,2015-05-02,2015-05-02,1,1
INTE1523044A__20150605__20150606,INTE1523044A,2015-06-05,2015-06-06,1,1
INTE1523044A__20150606__20150606,INTE1523044A,2015-06-06,2015-06-06,1,1
INTE1523044A__20150607__20150609,INTE1523044A,2015-06-07,2015-06-09,1,1
INTE1523044A__20150611__20150611,INTE1523044A,2015-06-11,2015-06-11,2,2
INTE1523044A__20150612__20150612,INTE1523044A,2015-06-12,2015-06-12,3,2
INTE1523044A__20150612__20150614,INTE1523044A,2015-06-12,2015-06-14,1,1
INTE1523044A__20150613__20150613,INTE1523044A,2015-06-13,2015-06-13,10,4
INTE1523044A__20150614__20150614,INTE1523044A,2015-06-14,2015-06-14,2,2
INTE1523044A__20150616__20150616,INTE1523044A,2015-06-16,2015-06-16,1,1
INTE1523044A__20150823__20150823,INTE1523044A,2015-08-23,2015-08-23,31,1
INTE1523044A__20150823__20150824,INTE1523044A,2015-08-23,2015-08-24,2,1
INTE1523044A__20150831__20150831,INTE1523044A,2015-08-31,2015-08-31,31,1
INTE1523044A__20150912__20150912,INTE1523044A,2015-09-12,2015-09-12,3,1
INTE1523044A__20150912__20150913,INTE1523044A,2015-09-12,2015-09-13,24,1
INTE1523560A__20151003__20151003,INTE1523560A,2015-10-03,2015-10-03,32,2
INTE1525241A__20150427__20150427,INTE1525241A,2015-04-27,2015-04-27,1,1
INTE1525241A__20150504__20150504,INTE1525241A,2015-05-04,2015-05-04,1,1
INTE1525241A__20150605__20150605,INTE1525241A,2015-06-05,2015-06-05,5,1
INTE1525241A__20150606__20150606,INTE1525241A,2015-06-06,2015-06-06,1,1
INTE1525241A__20150607__20150607,INTE1525241A,2015-06-07,2015-06-07,1,1
INTE1525241A__20150608__20150608,INTE1525241A,2015-06-08,2015-06-08,1,1
INTE1525241A__20150609__20150609,INTE1525241A,2015-06-09,2015-06-09,1,1
INTE1525241A__20150611__20150611,INTE1525241A,2015-06-11,2015-06-11,2,1
INTE1525241A__20150613__20150613,INTE1525241A,2015-06-13,2015-06-13,2,2
INTE1525241A__20150614__20150614,INTE1525241A,2015-06-14,2015-06-14,2,2
INTE1525241A__20150615__20150615,INTE1525241A,2015-06-15,2015-06-15,1,1
INTE1525241A__20150616__20150616,INTE1525241A,2015-06-16,2015-06-16,1,1
INTE1525241A__20150724__20150724,INTE1525241A,2015-07-24,2015-07-24,1,1
INTE1525241A__20150810__20150810,INTE1525241A,2015-08-10,2015-08-10,1,1
INTE1525241A__20150813__20150813,INTE1525241A,2015-08-13,2015-08-13,20,4
INTE1525241A__20150823__20150823,INTE1525241A,2015-08-23,2015-08-23,5,2
INTE1525241A__20150824__20150824,INTE1525241A,2015-08-24,2015-08-24,3,2
INTE1525241A__20150831__20150831,INTE1525241A,2015-08-31,2015-08-31,25,4
INTE1525241A__20150831__20150901,INTE1525241A,2015-08-31,2015-09-01,1,1
INTE1525241A__20150912__20150912,INTE1525241A,2015-09-12,2015-09-12,7,2
INTE1525241A__20150912__20150913,INTE1525241A,2015-09-12,2015-09-13,7,2
INTE1525241A__20150912__20150914,INTE1525241A,2015-09-12,2015-09-14,1,1
INTE1525241A__20150913__20150913,INTE1525241A,2015-09-13,2015-09-13,21,2
INTE1525241A__20150913__20150914,INTE1525241A,2015-09-13,2015-09-14,34,1
INTE1525241A__20150917__20150917,INTE1525241A,2015-09-17,2015-09-17,1,1
INTE1525241A__20151001__20151002,INTE1525241A,2015-10-01,2015-10-02,65,2
INTE1525241A__20151003__20151003,INTE1525241A,2015-10-03,2015-10-03,13,1
INTE1525241A__20151003__20151004,INTE1525241A,2015-10-03,2015-10-04,1,1
INTE1527252A__20150501__20150504,INTE1527252A,2015-05-01,2015-05-04,1,1
INTE1527252A__20150605__20150605,INTE1527252A,2015-06-05,2015-06-05,2,2
INTE1527252A__20150606__20150606,INTE1527252A,2015-06-06,2015-06-06,4,2
INTE1527252A__20150606__20150607,INTE1527252A,2015-06-06,2015-06-07,2,1
INTE1527252A__20150607__20150607,INTE1527252A,2015-06-07,2015-06-07,3,2
INTE1527252A__20150612__20150612,INTE1527252A,2015-06-12,2015-06-12,1,1
INTE1527252A__20150718__20150718,INTE1527252A,2015-07-18,2015-07-18,1,1
INTE1527252A__20150721__20150721,INTE1527252A,2015-07-21,2015-07-21,1,1
INTE1527252A__20150722__20150723,INTE1527252A,2015-07-22,2015-07-23,1,1
INTE1527252A__20150813__20150813,INTE1527252A,2015-08-13,2015-08-13,3,2
INTE1527252A__20150814__20150814,INTE1527252A,2015-08-14,2015-08-14,1,1
INTE1527252A__20150823__20150823,INTE1527252A,2015-08-23,2015-08-23,2,2
INTE1527252A__20150823__20150824,INTE1527252A,2015-08-23,2015-08-24,2,1
INTE1527252A__20150824__20150824,INTE1527252A,2015-08-24,2015-08-24,9,2
INTE1527252A__20150831__20150831,INTE1527252A,2015-08-31,2015-08-31,14,5
INTE1527252A__20150831__20150901,INTE1527252A,2015-08-31,2015-09-01,6,2
INTE1527252A__20150912__20150913,INTE1527252A,2015-09-12,2015-09-13,11,4
INTE1527252A__20150913__20150913,INTE1527252A,2015-09-13,2015-09-13,6,3
INTE1527252A__20150913__20150914,INTE1527252A,2015-09-13,2015-09-14,3,3
INTE1527252A__20150917__20150917,INTE1527252A,2015-09-17,2015-09-17,6,2
INTE1527252A__20151001__20151002,INTE1527252A,2015-10-01,2015-10-02,35,2
INTE1527252A__20151002__20151002,INTE1527252A,2015-10-02,2015-10-02,1,1
INTE1527252A__20151003__20151003,INTE1527252A,2015-10-03,2015-10-03,10,2
INTE1527252A__20151003__20151004,INTE1527252A,2015-10-03,2015-10-04,3,1
INTE1527252A__20151104__20151106,INTE1527252A,2015-11-04,2015-11-06,1,1
INTE1527252A__20151106__20151106,INTE1527252A,2015-11-06,2015-11-06,11,1
INTE1529936A__20150721__20150722,INTE1529936A,2015-07-21,2015-07-22,1,1
INTE1529936A__20150813__20150813,INTE1529936A,2015-08-13,2015-08-13,3,3
INTE1529936A__20150823__20150823,INTE1529936A,2015-08-23,2015-08-23,5,2
INTE1529936A__20150830__20150831,INTE1529936A,2015-08-30,2015-08-31,1,1
INTE1529936A__20150831__20150831,INTE1529936A,2015-08-31,2015-08-31,12,3
INTE1529936A__20150831__20150901,INTE1529936A,2015-08-31,2015-09-01,2,2
INTE1529936A__20150912__20150913,INTE1529936A,2015-09-12,2015-09-13,1,1
INTE1529936A__20150913__20150913,INTE1529936A,2015-09-13,2015-09-13,2,1
INTE1529936A__20151001__20151002,INTE1529936A,2015-10-01,2015-10-02,1,1
INTE1529936A__20151003__20151003,INTE1529936A,2015-10-03,2015-10-03,9,3
INTE1529936A__20151028__20151028,INTE1529936A,2015-10-28,2015-10-28,3,1
INTE1601549A__20150609__20150609,INTE1601549A,2015-06-09,2015-06-09,1,1
INTE1601549A__20150614__20150614,INTE1601549A,2015-06-14,2015-06-14,1,1
INTE1601549A__20150722__20150722,INTE1601549A,2015-07-22,2015-07-22,1,1
INTE1601549A__20150813__20150813,INTE1601549A,2015-08-13,2015-08-13,4,2
INTE1601549A__20150831__20150831,INTE1601549A,2015-08-31,2015-08-31,1,1
INTE1601549A__20150831__20150901,INTE1601549A,2015-08-31,2015-09-01,2,1
INTE1601549A__20150912__20150912,INTE1601549A,2015-09-12,2015-09-12,1,1
INTE1601549A__20150912__20150913,INTE1601549A,2015-09-12,2015-09-13,1,1
INTE1601549A__20150913__20150913,INTE1601549A,2015-09-13,2015-09-13,2,1
INTE1601549A__20150913__20150914,INTE1601549A,2015-09-13,2015-09-14,1,1
INTE1601549A__20151001__20151002,INTE1601549A,2015-10-01,2015-10-02,4,1
INTE1601549A__20151028__20151028,INTE1601549A,2015-10-28,2015-10-28,3,1
INTE1601549A__20151120__20151122,INTE1601549A,2015-11-20,2015-11-22,2,1
INTE1601549A__20151130__20151130,INTE1601549A,2015-11-30,2015-11-30,1,1
INTE1604025A__20150612__20150612,INTE1604025A,2015-06-12,2015-06-12,1,1
INTE1604025A__20150613__20150613,INTE1604025A,2015-06-13,2015-06-13,1,1
INTE1604025A__20150613__20150614,INTE1604025A,2015-06-13,2015-06-14,1,1
INTE1604025A__20150615__20150615,INTE1604025A,2015-06-15,2015-06-15,1,1
INTE1604025A__20150913__20150914,INTE1604025A,2015-09-13,2015-09-14,1,1
INTE1604025A__20151001__20151002,INTE1604025A,2015-10-01,2015-10-02,1,1
INTE1604025A__20151125__20151126,INTE1604025A,2015-11-25,2015-11-26,3,1
INTE1604025A__20151231__20160101,INTE1604025A,2015-12-31,2016-01-01,1,1
INTE1607638A__20151107__20151107,INTE1607638A,2015-11-07,2015-11-07,2,1
INTE1610580A__20150813__20150813,INTE1610580A,2015-08-13,2015-08-13,1,1
INTE1610580A__20151028__20151028,INTE1610580A,2015-10-28,2015-10-28,2,1
INTE1610580A__20151125__20151126,INTE1610580A,2015-11-25,2015-11-26,1,1
INTE1610580A__20160229__20160229,INTE1610580A,2016-02-29,2016-02-29,1,1
INTE1612772A__20150913__20150914,INTE1612772A,2015-09-13,2015-09-14,1,1
INTE1612772A__20160126__20160126,INTE1612772A,2016-01-26,2016-01-26,2,1
INTE1612772A__20160225__20160225,INTE1612772A,2016-02-25,2016-02-25,1,1
INTE1616446A__20160526__20160529,INTE1616446A,2016-05-26,2016-05-29,16,1
INTE1616446A__20160528__20160528,INTE1616446A,2016-05-28,2016-05-28,14,1
INTE1616446A__20160528__20160601,INTE1616446A,2016-05-28,2016-06-01,15,2
INTE1616446A__20160528__20160606,INTE1616446A,2016-05-28,2016-06-06,148,3
INTE1616446A__20160529__20160608,INTE1616446A,2016-05-29,2016-06-08,28,1
INTE1616446A__20160530__20160605,INTE1616446A,2016-05-30,2016-06-05,3,1
INTE1616446A__20160605__20160608,INTE1616446A,2016-06-05,2016-06-08,34,1
INTE1616446A__20160606__20160608,INTE1616446A,2016-06-06,2016-06-08,20,1
INTE1617716A__20150606__20150607,INTE1617716A,2015-06-06,2015-06-07,1,1
INTE1617716A__20150813__20150813,INTE1617716A,2015-08-13,2015-08-13,2,1
INTE1617716A__20160305__20160305,INTE1617716A,2016-03-05,2016-03-05,1,1
INTE1617716A__20160512__20160512,INTE1617716A,2016-05-12,2016-05-12,2,1
INTE1617716A__20160526__20160526,INTE1617716A,2016-05-26,2016-05-26,1,1
INTE1617716A__20160527__20160527,INTE1617716A,2016-05-27,2016-05-27,1,1
INTE1617716A__20160527__20160528,INTE1617716A,2016-05-27,2016-05-28,3,1
INTE1617716A__20160528__20160529,INTE1617716A,2016-05-28,2016-05-29,1,1
INTE1617716A__20160529__20160529,INTE1617716A,2016-05-29,2016-05-29,1,1
INTE1617716A__20160530__20160530,INTE1617716A,2016-05-30,2016-05-30,1,1
INTE1617716A__20160530__20160531,INTE1617716A,2016-05-30,2016-05-31,23,1
INTE1617716A__20160530__20160601,INTE1617716A,2016-05-30,2016-06-01,8,3
INTE1617716A__20160531__20160601,INTE1617716A,2016-05-31,2016-06-01,3,1
INTE1617716A__20160601__20160605,INTE1617716A,2016-06-01,2016-06-05,1,1
INTE1617716A__20160602__20160605,INTE1617716A,2016-06-02,2016-06-05,1,1
INTE1617716A__20160604__20160605,INTE1617716A,2016-06-04,2016-06-05,1,1
INTE1617716A__20160607__20160607,INTE1617716A,2016-06-07,2016-06-07,1,1
INTE1617716A__20160608__20160608,INTE1617716A,2016-06-08,2016-06-08,3,1
INTE1620877A__20151106__20151107,INTE1620877A,2015-11-06,2015-11-07,1,1
INTE1620877A__20160422__20160423,INTE1620877A,2016-04-22,2016-04-23,1,1
INTE1620877A__20160521__20160523,INTE1620877A,2016-05-21,2016-05-23,1,1
INTE1620877A__20160522__20160523,INTE1620877A,2016-05-22,2016-05-23,1,1
INTE1620877A__20160523__20160523,INTE1620877A,2016-05-23,2016-05-23,3,1
INTE1620877A__20160529__20160602,INTE1620877A,2016-05-29,2016-06-02,1,1
INTE1620877A__20160529__20160603,INTE1620877A,2016-05-29,2016-06-03,4,1
INTE1620877A__20160529__20160604,INTE1620877A,2016-05-29,2016-06-04,2,1
INTE1620877A__20160529__20160605,INTE1620877A,2016-05-29,2016-06-05,1,1
INTE1620877A__20160530__20160601,INTE1620877A,2016-05-30,2016-06-01,6,2
INTE1620877A__20160530__20160605,INTE1620877A,2016-05-30,2016-06-05,1,1
INTE1620877A__20160531__20160531,INTE1620877A,2016-05-31,2016-05-31,6,3
INTE1620877A__20160531__20160602,INTE1620877A,2016-05-31,2016-06-02,11,2
INTE1620877A__20160531__20160603,INTE1620877A,2016-05-31,2016-06-03,2,1
INTE1620877A__20160531__20160604,INTE1620877A,2016-05-31,2016-06-04,2,1
INTE1620877A__20160531__20160606,INTE1620877A,2016-05-31,2016-06-06,1,1
INTE1620877A__20160601__20160602,INTE1620877A,2016-06-01,2016-06-02,6,2
INTE1620877A__20160602__20160602,INTE1620877A,2016-06-02,2016-06-02,1,1
INTE1620877A__20160603__20160604,INTE1620877A,2016-06-03,2016-06-04,3,1
INTE1620877A__20160606__20160606,INTE1620877A,2016-06-06,2016-06-06,6,3
INTE1620877A__20160606__20160607,INTE1620877A,2016-06-06,2016-06-07,6,2
INTE1620877A__20160607__20160608,INTE1620877A,2016-06-07,2016-06-08,6,2
INTE1620877A__20160616__20160616,INTE1620877A,2016-06-16,2016-06-16,6,2
INTE1620877A__20160623__20160623,INTE1620877A,2016-06-23,2016-06-23,12,1
INTE1620877A__20160624__20160624,INTE1620877A,2016-06-24,2016-06-24,1,1
INTE1620877A__20160624__20160625,INTE1620877A,2016-06-24,2016-06-25,19,1
INTE1620877A__20160625__20160625,INTE1620877A,2016-06-25,2016-06-25,5,1
INTE1625246A__20150831__20150831,INTE1625246A,2015-08-31,2015-08-31,1,1
INTE1625246A__20160511__20160511,INTE1625246A,2016-05-11,2016-05-11,1,1
INTE1625246A__20160512__20160512,INTE1625246A,2016-05-12,2016-05-12,1,1
INTE1625246A__20160522__20160522,INTE1625246A,2016-05-22,2016-05-22,1,1
INTE1625246A__20160525__20160525,INTE1625246A,2016-05-25,2016-05-25,1,1
INTE1625246A__20160527__20160527,INTE1625246A,2016-05-27,2016-05-27,3,2
INTE1625246A__20160529__20160529,INTE1625246A,2016-05-29,2016-05-29,2,1
INTE1625246A__20160529__20160531,INTE1625246A,2016-05-29,2016-05-31,3,2
INTE1625246A__20160529__20160601,INTE1625246A,2016-05-29,2016-06-01,1,1
INTE1625246A__20160529__20160602,INTE1625246A,2016-05-29,2016-06-02,1,1
INTE1625246A__20160529__20160603,INTE1625246A,2016-05-29,2016-06-03,1,1
INTE1625246A__20160530__20160530,INTE1625246A,2016-05-30,2016-05-30,3,3
INTE1625246A__20160530__20160531,INTE1625246A,2016-05-30,2016-05-31,11,3
INTE1625246A__20160530__20160601,INTE1625246A,2016-05-30,2016-06-01,6,1
INTE1625246A__20160530__20160603,INTE1625246A,2016-05-30,2016-06-03,2,1
INTE1625246A__20160531__20160531,INTE1625246A,2016-05-31,2016-05-31,1,1
INTE1625246A__20160531__20160601,INTE1625246A,2016-05-31,2016-06-01,6,3
INTE1625246A__20160531__20160602,INTE1625246A,2016-05-31,2016-06-02,9,1
INTE1625246A__20160601__20160601,INTE1625246A,2016-06-01,2016-06-01,1,1
INTE1625246A__20160601__20160602,INTE1625246A,2016-06-01,2016-06-02,1,1
INTE1625246A__20160601__20160604,INTE1625246A,2016-06-01,2016-06-04,1,1
INTE1625246A__20160602__20160602,INTE1625246A,2016-06-02,2016-06-02,1,1
INTE1625246A__20160602__20160603,INTE1625246A,2016-06-02,2016-06-03,3,1
INTE1625246A__20160602__20160604,INTE1625246A,2016-06-02,2016-06-04,11,1
INTE1625246A__20160603__20160603,INTE1625246A,2016-06-03,2016-06-03,11,1
INTE1625246A__20160603__20160604,INTE1625246A,2016-06-03,2016-06-04,1,1
INTE1625246A__20160604__20160604,INTE1625246A,2016-06-04,2016-06-04,2,2
INTE1625246A__20160605__20160605,INTE1625246A,2016-06-05,2016-06-05,2,1
INTE1625246A__20160606__20160606,INTE1625246A,2016-06-06,2016-06-06,1,1
INTE1625246A__20160606__20160607,INTE1625246A,2016-06-06,2016-06-07,1,1
INTE1625246A__20160606__20160608,INTE1625246A,2016-06-06,2016-06-08,1,1
INTE1625246A__20160607__20160608,INTE1625246A,2016-06-07,2016-06-08,1,1
INTE1625246A__20160608__20160608,INTE1625246A,2016-06-08,2016-06-08,3,2
INTE1625246A__20160615__20160615,INTE1625246A,2016-06-15,2016-06-15,1,1
INTE1625246A__20160617__20160617,INTE1625246A,2016-06-17,2016-06-17,2,2
INTE1625246A__20160624__20160624,INTE1625246A,2016-06-24,2016-06-24,2,2
INTE1625246A__20160625__20160625,INTE1625246A,2016-06-25,2016-06-25,7,1
INTE1626972A__20160511__20160511,INTE1626972A,2016-05-11,2016-05-11,1,1
INTE1626972A__20160521__20160524,INTE1626972A,2016-05-21,2016-05-24,1,1
INTE1626972A__20160527__20160527,INTE1626972A,2016-05-27,2016-05-27,1,1
INTE1626972A__20160529__20160529,INTE1626972A,2016-05-29,2016-05-29,1,1
INTE1626972A__20160529__20160530,INTE1626972A,2016-05-29,2016-05-30,5,1
INTE1626972A__20160529__20160601,INTE1626972A,2016-05-29,2016-06-01,2,2
INTE1626972A__20160529__20160603,INTE1626972A,2016-05-29,2016-06-03,5,1
INTE1626972A__20160529__20160606,INTE1626972A,2016-05-29,2016-06-06,1,1
INTE1626972A__20160530__20160531,INTE1626972A,2016-05-30,2016-05-31,2,1
INTE1626972A__20160530__20160602,INTE1626972A,2016-05-30,2016-06-02,1,1
INTE1626972A__20160601__20160602,INTE1626972A,2016-06-01,2016-06-02,1,1
INTE1626972A__20160604__20160606,INTE1626972A,2016-06-04,2016-06-06,1,1
INTE1626972A__20160606__20160606,INTE1626972A,2016-06-06,2016-06-06,2,1
INTE1626972A__20160608__20160608,INTE1626972A,2016-06-08,2016-06-08,1,1
INTE1626972A__20160611__20160611,INTE1626972A,2016-06-11,2016-06-11,5,1
INTE1626972A__20160615__20160615,INTE1626972A,2016-06-15,2016-06-15,1,1
INTE1626972A__20160617__20160617,INTE1626972A,2016-06-17,2016-06-17,5,3
INTE1626972A__20160617__20160618,INTE1626972A,2016-06-17,2016-06-18,1,1
INTE1626972A__20160624__20160624,INTE1626972A,2016-06-24,2016-06-24,10,4
INTE1626972A__20160704__20160704,INTE1626972A,2016-07-04,2016-07-04,1,1
INTE1626972A__20160722__20160722,INTE1626972A,2016-07-22,2016-07-22,2,2
INTE1630434A__20160422__20160422,INTE1630434A,2016-04-22,2016-04-22,1,1
INTE1630434A__20160511__20160511,INTE1630434A,2016-05-11,2016-05-11,1,1
INTE1630434A__20160527__20160527,INTE1630434A,2016-05-27,2016-05-27,1,1
INTE1630434A__20160529__20160601,INTE1630434A,2016-05-29,2016-06-01,1,1
INTE1630434A__20160529__20160604,INTE1630434A,2016-05-29,2016-06-04,1,1
INTE1630434A__20160529__20160606,INTE1630434A,2016-05-29,2016-06-06,1,1
INTE1630434A__20160530__20160531,INTE1630434A,2016-05-30,2016-05-31,5,3
INTE1630434A__20160530__20160602,INTE1630434A,2016-05-30,2016-06-02,1,1
INTE1630434A__20160530__20160603,INTE1630434A,2016-05-30,2016-06-03,1,1
INTE1630434A__20160530__20160605,INTE1630434A,2016-05-30,2016-06-05,2,1
INTE1630434A__20160530__20160606,INTE1630434A,2016-05-30,2016-06-06,2,1
INTE1630434A__20160531__20160601,INTE1630434A,2016-05-31,2016-06-01,2,2
INTE1630434A__20160601__20160604,INTE1630434A,2016-06-01,2016-06-04,1,1
INTE1630434A__20160603__20160604,INTE1630434A,2016-06-03,2016-06-04,1,1
INTE1630434A__20160603__20160605,INTE1630434A,2016-06-03,2016-06-05,1,1
INTE1630434A__20160605__20160605,INTE1630434A,2016-06-05,2016-06-05,1,1
INTE1630434A__20160606__20160606,INTE1630434A,2016-06-06,2016-06-06,1,1
INTE1630434A__20160615__20160615,INTE1630434A,2016-06-15,2016-06-15,1,1
INTE1630434A__20160616__20160616,INTE1630434A,2016-06-16,2016-06-16,1,1
INTE1630434A__20160617__20160617,INTE1630434A,2016-06-17,2016-06-17,3,2
INTE1630434A__20160618__20160618,INTE1630434A,2016-06-18,2016-06-18,1,1
INTE1630434A__20160622__20160623,INTE1630434A,2016-06-22,2016-06-23,1,1
INTE1630434A__20160623__20160623,INTE1630434A,2016-06-23,2016-06-23,53,4
INTE1630434A__20160629__20160629,INTE1630434A,2016-06-29,2016-06-29,1,1
INTE1630434A__20160721__20160721,INTE1630434A,2016-07-21,2016-07-21,4,2
INTE1630434A__20160731__20160731,INTE1630434A,2016-07-31,2016-07-31,1,1
INTE1630434A__20160818__20160818,INTE1630434A,2016-08-18,2016-08-18,1,1
INTE1633036A__20160523__20160524,INTE1633036A,2016-05-23,2016-05-24,1,1
INTE1633036A__20160528__20160528,INTE1633036A,2016-05-28,2016-05-28,3,3
INTE1633036A__20160528__20160604,INTE1633036A,2016-05-28,2016-06-04,1,1
INTE1633036A__20160529__20160529,INTE1633036A,2016-05-29,2016-05-29,1,1
INTE1633036A__20160529__20160530,INTE1633036A,2016-05-29,2016-05-30,2,1
INTE1633036A__20160529__20160604,INTE1633036A,2016-05-29,2016-06-04,1,1
INTE1633036A__20160530__20160531,INTE1633036A,2016-05-30,2016-05-31,4,3
INTE1633036A__20160530__20160602,INTE1633036A,2016-05-30,2016-06-02,1,1
INTE1633036A__20160530__20160603,INTE1633036A,2016-05-30,2016-06-03,2,1
INTE1633036A__20160531__20160531,INTE1633036A,2016-05-31,2016-05-31,3,3
INTE1633036A__20160531__20160605,INTE1633036A,2016-05-31,2016-06-05,1,1
INTE1633036A__20160601__20160601,INTE1633036A,2016-06-01,2016-06-01,1,1
INTE1633036A__20160601__20160603,INTE1633036A,2016-06-01,2016-06-03,2,2
INTE1633036A__20160601__20160604,INTE1633036A,2016-06-01,2016-06-04,1,1
INTE1633036A__20160602__20160620,INTE1633036A,2016-06-02,2016-06-20,1,1
INTE1633036A__20160603__20160603,INTE1633036A,2016-06-03,2016-06-03,1,1
INTE1633036A__20160605__20160605,INTE1633036A,2016-06-05,2016-06-05,1,1
INTE1633036A__20160605__20160607,INTE1633036A,2016-06-05,2016-06-07,1,1
INTE1633036A__20160607__20160608,INTE1633036A,2016-06-07,2016-06-08,1,1
INTE1633036A__20160611__20160611,INTE1633036A,2016-06-11,2016-06-11,2,1
INTE1633036A__20160612__20160612,INTE1633036A,2016-06-12,2016-06-12,1,1
INTE1633036A__20160615__20160615,INTE1633036A,2016-06-15,2016-06-15,6,2
INTE1633036A__20160615__20160617,INTE1633036A,2016-06-15,2016-06-17,1,1
INTE1633036A__20160617__20160617,INTE1633036A,2016-06-17,2016-06-17,2,1
INTE1633036A__20160622__20160622,INTE1633036A,2016-06-22,2016-06-22,8,2
INTE1633036A__20160622__20160624,INTE1633036A,2016-06-22,2016-06-24,1,1
INTE1633036A__20160623__20160623,INTE1633036A,2016-06-23,2016-06-23,5,2
INTE1633036A__20160623__20160624,INTE1633036A,2016-06-23,2016-06-24,1,1
INTE1633036A__20160624__20160624,INTE1633036A,2016-06-24,2016-06-24,1,1
INTE1633036A__20160630__20160630,INTE1633036A,2016-06-30,2016-06-30,1,1
INTE1633036A__20160722__20160722,INTE1633036A,2016-07-22,2016-07-22,12,5
INTE1633036A__20160722__20160723,INTE1633036A,2016-07-22,2016-07-23,1,1
INTE1633036A__20160816__20160816,INTE1633036A,2016-08-16,2016-08-16,1,1
INTE1633036A__20160817__20160817,INTE1633036A,2016-08-17,2016-08-17,1,1
INTE1633036A__20160904__20160904,INTE1633036A,2016-09-04,2016-09-04,1,1
INTE1633036A__20160904__20160905,INTE1633036A,2016-09-04,2016-09-05,3,1
INTE1633036A__20160913__20160913,INTE1633036A,2016-09-13,2016-09-13,1,1
INTE1633036A__20160915__20160915,INTE1633036A,2016-09-15,2016-09-15,1,1
INTE1633036A__20160928__20160929,INTE1633036A,2016-09-28,2016-09-29,2,1
INTE1633036A__20161001__20161001,INTE1633036A,2016-10-01,2016-10-01,2,1
INTE1637086A__20161123__20161124,INTE1637086A,2016-11-23,2016-11-24,5,1
INTE1637086A__20161123__20161125,INTE1637086A,2016-11-23,2016-11-25,17,1
INTE1637086A__20161124__20161124,INTE1637086A,2016-11-24,2016-11-24,22,1
INTE1637086A__20161124__20161125,INTE1637086A,2016-11-24,2016-11-25,34,1
INTE1637220A__20160528__20160528,INTE1637220A,2016-05-28,2016-05-28,1,1
INTE1637220A__20160529__20160601,INTE1637220A,2016-05-29,2016-06-01,1,1
INTE1637220A__20160530__20160531,INTE1637220A,2016-05-30,2016-05-31,2,1
INTE1637220A__20160531__20160531,INTE1637220A,2016-05-31,2016-05-31,1,1
INTE1637220A__20160531__20160601,INTE1637220A,2016-05-31,2016-06-01,1,1
INTE1637220A__20160601__20160621,INTE1637220A,2016-06-01,2016-06-21,1,1
INTE1637220A__20160603__20160605,INTE1637220A,2016-06-03,2016-06-05,1,1
INTE1637220A__20160604__20160610,INTE1637220A,2016-06-04,2016-06-10,1,1
INTE1637220A__20160607__20160607,INTE1637220A,2016-06-07,2016-06-07,1,1
INTE1637220A__20160608__20160608,INTE1637220A,2016-06-08,2016-06-08,1,1
INTE1637220A__20160623__20160623,INTE1637220A,2016-06-23,2016-06-23,3,2
INTE1637220A__20160722__20160722,INTE1637220A,2016-07-22,2016-07-22,1,1
INTE1637220A__20160912__20160912,INTE1637220A,2016-09-12,2016-09-12,1,1
INTE1637220A__20160913__20160913,INTE1637220A,2016-09-13,2016-09-13,1,1
INTE1637220A__20160915__20160915,INTE1637220A,2016-09-15,2016-09-15,1,1
INTE1637220A__20160928__20160929,INTE1637220A,2016-09-28,2016-09-29,1,1
INTE1701176A__20160530__20160531,INTE1701176A,2016-05-30,2016-05-31,1,1
INTE1701176A__20160607__20160607,INTE1701176A,2016-06-07,2016-06-07,1,1
INTE1701176A__20160615__20160616,INTE1701176A,2016-06-15,2016-06-16,1,1
INTE1701176A__20160616__20160616,INTE1701176A,2016-06-16,2016-06-16,1,1
INTE1701176A__20161123__20161123,INTE1701176A,2016-11-23,2016-11-23,1,1
INTE1701176A__20161123__20161124,INTE1701176A,2016-11-23,2016-11-24,1,1
INTE1701176A__20161123__20161125,INTE1701176A,2016-11-23,2016-11-25,2,1
INTE1701176A__20161124__20161124,INTE1701176A,2016-11-24,2016-11-24,6,1
INTE1701176A__20161124__20161125,INTE1701176A,2016-11-24,2016-11-25,8,1
INTE1701176A__20161219__20161220,INTE1701176A,2016-12-19,2016-12-20,9,1
INTE1701176A__20161219__20161221,INTE1701176A,2016-12-19,2016-12-21,4,1
INTE1705706A__20160527__20160527,INTE1705706A,2016-05-27,2016-05-27,1,1
INTE1705706A__20160527__20160603,INTE1705706A,2016-05-27,2016-06-03,1,1
INTE1705706A__20160530__20160530,INTE1705706A,2016-05-30,2016-05-30,1,1
INTE1705706A__20160530__20160601,INTE1705706A,2016-05-30,2016-06-01,1,1
INTE1705706A__20160607__20160607,INTE1705706A,2016-06-07,2016-06-07,1,1
INTE1705706A__20160608__20160608,INTE1705706A,2016-06-08,2016-06-08,1,1
INTE1705706A__20160615__20160615,INTE1705706A,2016-06-15,2016-06-15,1,1
INTE1705706A__20160623__20160623,INTE1705706A,2016-06-23,2016-06-23,1,1
INTE1705706A__20160624__20160624,INTE1705706A,2016-06-24,2016-06-24,1,1
INTE1705706A__20161123__20161123,INTE1705706A,2016-11-23,2016-11-23,1,1
INTE1705706A__20161124__20161125,INTE1705706A,2016-11-24,2016-11-25,1,1
INTE1705706A__20161219__20161220,INTE1705706A,2016-12-19,2016-12-20,13,2
INTE1705706A__20161219__20161221,INTE1705706A,2016-12-19,2016-12-21,2,2
INTE1705706A__20161220__20161220,INTE1705706A,2016-12-20,2016-12-20,1,1
INTE1705706A__20170121__20170123,INTE1705706A,2017-01-21,2017-01-23,6,1
INTE1705706A__20170122__20170123,INTE1705706A,2017-01-22,2017-01-23,4,1
INTE1705706A__20170123__20170123,INTE1705706A,2017-01-23,2017-01-23,1,1
INTE1708489A__20160529__20160531,INTE1708489A,2016-05-29,2016-05-31,1,1
INTE1708489A__20160530__20160531,INTE1708489A,2016-05-30,2016-05-31,1,1
INTE1708489A__20160624__20160624,INTE1708489A,2016-06-24,2016-06-24,1,1
INTE1708489A__20161120__20161125,INTE1708489A,2016-11-20,2016-11-25,1,1
INTE1708489A__20161122__20161122,INTE1708489A,2016-11-22,2016-11-22,1,1
INTE1708489A__20161124__20161124,INTE1708489A,2016-11-24,2016-11-24,4,1
INTE1708489A__20161124__20161125,INTE1708489A,2016-11-24,2016-11-25,4,2
INTE1708489A__20161125__20161125,INTE1708489A,2016-11-25,2016-11-25,1,1
INTE1708489A__20161219__20161220,INTE1708489A,2016-12-19,2016-12-20,2,1
INTE1708489A__20161220__20161220,INTE1708489A,2016-12-20,2016-12-20,2,1
INTE1708489A__20170115__20170116,INTE1708489A,2017-01-15,2017-01-16,1,1
INTE1708489A__20170116__20170118,INTE1708489A,2017-01-16,2017-01-18,1,1
INTE1708489A__20170121__20170123,INTE1708489A,2017-01-21,2017-01-23,2,1
INTE1708489A__20170122__20170123,INTE1708489A,2017-01-22,2017-01-23,2,1
INTE1711727A__20160529__20160531,INTE1711727A,2016-05-29,2016-05-31,1,1
INTE1711727A__20160530__20160530,INTE1711727A,2016-05-30,2016-05-30,1,1
INTE1711727A__20160602__20160604,INTE1711727A,2016-06-02,2016-06-04,1,1
INTE1711727A__20160605__20160613,INTE1711727A,2016-06-05,2016-06-13,1,1
INTE1711727A__20160607__20160607,INTE1711727A,2016-06-07,2016-06-07,1,1
INTE1711727A__20161122__20161122,INTE1711727A,2016-11-22,2016-11-22,1,1
INTE1711727A__20161219__20161221,INTE1711727A,2016-12-19,2016-12-21,1,1
INTE1711727A__20170121__20170123,INTE1711727A,2017-01-21,2017-01-23,1,1
INTE1711727A__20170128__20170128,INTE1711727A,2017-01-28,2017-01-28,1,1
INTE1711727A__20170214__20170215,INTE1711727A,2017-02-14,2017-02-15,6,1
INTE1714656A__20160523__20160524,INTE1714656A,2016-05-23,2016-05-24,1,1
INTE1714656A__20161124__20161125,INTE1714656A,2016-11-24,2016-11-25,1,1
INTE1714656A__20170208__20170209,INTE1714656A,2017-02-08,2017-02-09,1,1
INTE1714656A__20170214__20170214,INTE1714656A,2017-02-14,2017-02-14,2,1
INTE1717782A__20170405__20170405,INTE1717782A,2017-04-05,2017-04-05,1,1
INTE1717782A__20170529__20170601,INTE1717782A,2017-05-29,2017-06-01,1,1
INTE1717782A__20170602__20170602,INTE1717782A,2017-06-02,2017-06-02,1,1
INTE1717782A__20170613__20170613,INTE1717782A,2017-06-13,2017-06-13,13,1
INTE1719705A__20160530__20160604,INTE1719705A,2016-05-30,2016-06-04,1,1
INTE1719705A__20160531__20160601,INTE1719705A,2016-05-31,2016-06-01,1,1
INTE1719705A__20160531__20160602,INTE1719705A,2016-05-31,2016-06-02,1,1
INTE1719705A__20160601__20160608,INTE1719705A,2016-06-01,2016-06-08,1,1
INTE1719705A__20160602__20160608,INTE1719705A,2016-06-02,2016-06-08,1,1
INTE1719705A__20160602__20160617,INTE1719705A,2016-06-02,2016-06-17,1,1
INTE1719705A__20160603__20160608,INTE1719705A,2016-06-03,2016-06-08,1,1
INTE1719705A__20160603__20160609,INTE1719705A,2016-06-03,2016-06-09,1,1
INTE1719705A__20160623__20160623,INTE1719705A,2016-06-23,2016-06-23,1,1
INTE1719705A__20161122__20161122,INTE1719705A,2016-11-22,2016-11-22,1,1
INTE1719705A__20161219__20161220,INTE1719705A,2016-12-19,2016-12-20,2,1
INTE1719705A__20170512__20170512,INTE1719705A,2017-05-12,2017-05-12,4,2
INTE1719705A__20170518__20170518,INTE1719705A,2017-05-18,2017-05-18,11,2
INTE1719705A__20170531__20170531,INTE1719705A,2017-05-31,2017-05-31,2,1
INTE1719705A__20170602__20170602,INTE1719705A,2017-06-02,2017-06-02,2,1
INTE1719705A__20170603__20170603,INTE1719705A,2017-06-03,2017-06-03,2,2
INTE1719705A__20170613__20170613,INTE1719705A,2017-06-13,2017-06-13,2,1
INTE1719705A__20170613__20170614,INTE1719705A,2017-06-13,2017-06-14,6,1
INTE1726132A__20151125__20151201,INTE1726132A,2015-11-25,2015-12-01,1,1
INTE1726132A__20160529__20160605,INTE1726132A,2016-05-29,2016-06-05,1,1
INTE1726132A__20160616__20160616,INTE1726132A,2016-06-16,2016-06-16,1,1
INTE1726132A__20170122__20170123,INTE1726132A,2017-01-22,2017-01-23,1,1
INTE1726132A__20170213__20170214,INTE1726132A,2017-02-13,2017-02-14,1,1
INTE1726132A__20170511__20170511,INTE1726132A,2017-05-11,2017-05-11,1,1
INTE1726132A__20170512__20170512,INTE1726132A,2017-05-12,2017-05-12,2,1
INTE1726132A__20170522__20170522,INTE1726132A,2017-05-22,2017-05-22,2,2
INTE1726132A__20170527__20170527,INTE1726132A,2017-05-27,2017-05-27,1,1
INTE1726132A__20170529__20170529,INTE1726132A,2017-05-29,2017-05-29,1,1
INTE1726132A__20170530__20170530,INTE1726132A,2017-05-30,2017-05-30,6,3
INTE1726132A__20170531__20170531,INTE1726132A,2017-05-31,2017-05-31,6,5
INTE1726132A__20170602__20170602,INTE1726132A,2017-06-02,2017-06-02,3,2
INTE1726132A__20170603__20170603,INTE1726132A,2017-06-03,2017-06-03,4,3
INTE1726132A__20170603__20170604,INTE1726132A,2017-06-03,2017-06-04,1,1
INTE1726132A__20170613__20170613,INTE1726132A,2017-06-13,2017-06-13,1,1
INTE1726132A__20170614__20170614,INTE1726132A,2017-06-14,2017-06-14,2,2
INTE1726132A__20170615__20170615,INTE1726132A,2017-06-15,2017-06-15,11,1
INTE1726132A__20170623__20170623,INTE1726132A,2017-06-23,2017-06-23,4,1
INTE1726132A__20170627__20170627,INTE1726132A,2017-06-27,2017-06-27,6,4
INTE1726132A__20170630__20170630,INTE1726132A,2017-06-30,2017-06-30,1,1
INTE1726132A__20170706__20170706,INTE1726132A,2017-07-06,2017-07-06,1,1
INTE1726132A__20170709__20170710,INTE1726132A,2017-07-09,2017-07-10,1,1
INTE1726132A__20170710__20170710,INTE1726132A,2017-07-10,2017-07-10,3,2
INTE1726132A__20170731__20170731,INTE1726132A,2017-07-31,2017-07-31,2,1
INTE1726132A__20170731__20170801,INTE1726132A,2017-07-31,2017-08-01,1,1
INTE1726132A__20170801__20170801,INTE1726132A,2017-08-01,2017-08-01,1,1
INTE1726504A__20170918__20170919,INTE1726504A,2017-09-18,2017-09-19,54,2
INTE1727357A__20170213__20170214,INTE1727357A,2017-02-13,2017-02-14,2,1
INTE1727357A__20170214__20170214,INTE1727357A,2017-02-14,2017-02-14,1,1
INTE1727357A__20170518__20170518,INTE1727357A,2017-05-18,2017-05-18,1,1
INTE1727357A__20170530__20170530,INTE1727357A,2017-05-30,2017-05-30,1,1
INTE1727357A__20170614__20170614,INTE1727357A,2017-06-14,2017-06-14,1,1
INTE1727357A__20170621__20170621,INTE1727357A,2017-06-21,2017-06-21,1,1
INTE1727357A__20170624__20170624,INTE1727357A,2017-06-24,2017-06-24,1,1
INTE1727357A__20170627__20170627,INTE1727357A,2017-06-27,2017-06-27,2,2
INTE1727357A__20170719__20170719,INTE1727357A,2017-07-19,2017-07-19,1,1
INTE1727357A__20170719__20170720,INTE1727357A,2017-07-19,2017-07-20,2,1
INTE1727357A__20170731__20170731,INTE1727357A,2017-07-31,2017-07-31,1,1
INTE1727357A__20170815__20170815,INTE1727357A,2017-08-15,2017-08-15,8,1
INTE1727357A__20170823__20170823,INTE1727357A,2017-08-23,2017-08-23,1,1
INTE1727357A__20170825__20170825,INTE1727357A,2017-08-25,2017-08-25,3,1
INTE1727357A__20170830__20170830,INTE1727357A,2017-08-30,2017-08-30,1,1
INTE1727357A__20170901__20170901,INTE1727357A,2017-09-01,2017-09-01,1,1
INTE1727357A__20170909__20170909,INTE1727357A,2017-09-09,2017-09-09,1,1
INTE1731318A__20170213__20170214,INTE1731318A,2017-02-13,2017-02-14,1,1
INTE1731318A__20170324__20170325,INTE1731318A,2017-03-24,2017-03-25,1,1
INTE1731318A__20170331__20170331,INTE1731318A,2017-03-31,2017-03-31,1,1
INTE1731318A__20170518__20170518,INTE1731318A,2017-05-18,2017-05-18,1,1
INTE1731318A__20170527__20170527,INTE1731318A,2017-05-27,2017-05-27,1,1
INTE1731318A__20170528__20170529,INTE1731318A,2017-05-28,2017-05-29,2,1
INTE1731318A__20170602__20170602,INTE1731318A,2017-06-02,2017-06-02,1,1
INTE1731318A__20170603__20170603,INTE1731318A,2017-06-03,2017-06-03,1,1
INTE1731318A__20170613__20170613,INTE1731318A,2017-06-13,2017-06-13,1,1
INTE1731318A__20170627__20170627,INTE1731318A,2017-06-27,2017-06-27,1,1
INTE1731318A__20170708__20170708,INTE1731318A,2017-07-08,2017-07-08,1,1
INTE1731318A__20170719__20170719,INTE1731318A,2017-07-19,2017-07-19,2,1
INTE1731318A__20170731__20170731,INTE1731318A,2017-07-31,2017-07-31,1,1
INTE1731318A__20170815__20170815,INTE1731318A,2017-08-15,2017-08-15,4,3
INTE1731318A__20170825__20170825,INTE1731318A,2017-08-25,2017-08-25,4,2
INTE1731318A__20170827__20170827,INTE1731318A,2017-08-27,2017-08-27,1,1
INTE1731318A__20170901__20170901,INTE1731318A,2017-09-01,2017-09-01,2,2
INTE1731318A__20170909__20170909,INTE1731318A,2017-09-09,2017-09-09,1,1
INTE1734728A__20170213__20170214,INTE1734728A,2017-02-13,2017-02-14,1,1
INTE1734728A__20170214__20170214,INTE1734728A,2017-02-14,2017-02-14,1,1
INTE1734728A__20170522__20170522,INTE1734728A,2017-05-22,2017-05-22,3,1
INTE1734728A__20170531__20170531,INTE1734728A,2017-05-31,2017-05-31,2,1
INTE1734728A__20170602__20170602,INTE1734728A,2017-06-02,2017-06-02,1,1
INTE1734728A__20170627__20170627,INTE1734728A,2017-06-27,2017-06-27,1,1
INTE1734728A__20170709__20170709,INTE1734728A,2017-07-09,2017-07-09,2,2
INTE1734728A__20170719__20170719,INTE1734728A,2017-07-19,2017-07-19,1,1
INTE1734728A__20170815__20170815,INTE1734728A,2017-08-15,2017-08-15,1,1
INTE1734728A__20171104__20171104,INTE1734728A,2017-11-04,2017-11-04,2,1
INTE1802922A__20170531__20170531,INTE1802922A,2017-05-31,2017-05-31,1,1
INTE1802922A__20170731__20170731,INTE1802922A,2017-07-31,2017-07-31,2,1
INTE1802922A__20171104__20171104,INTE1802922A,2017-11-04,2017-11-04,1,1
INTE1802929A__20180117__20180118,INTE1802929A,2018-01-17,2018-01-18,9,1
INTE1802929A__20180118__20180118,INTE1802929A,2018-01-18,2018-01-18,8,1
INTE1805267A__20161222__20161222,INTE1805267A,2016-12-22,2016-12-22,1,1
INTE1805267A__20170213__20170214,INTE1805267A,2017-02-13,2017-02-14,2,1
INTE1805267A__20170214__20170214,INTE1805267A,2017-02-14,2017-02-14,1,1
INTE1805267A__20170709__20170709,INTE1805267A,2017-07-09,2017-07-09,1,1
INTE1805267A__20180103__20180104,INTE1805267A,2018-01-03,2018-01-04,10,1
INTE1805267A__20180118__20180119,INTE1805267A,2018-01-18,2018-01-19,1,1
INTE1808306A__20160607__20160607,INTE1808306A,2016-06-07,2016-06-07,1,1
INTE1808306A__20170511__20170511,INTE1808306A,2017-05-11,2017-05-11,1,1
INTE1808306A__20170731__20170731,INTE1808306A,2017-07-31,2017-07-31,1,1
INTE1808306A__20170808__20170808,INTE1808306A,2017-08-08,2017-08-08,1,1
INTE1808306A__20180104__20180104,INTE1808306A,2018-01-04,2018-01-04,4,1
INTE1808306A__20180108__20180108,INTE1808306A,2018-01-08,2018-01-08,1,1
INTE1810998A__20160529__20160531,INTE1810998A,2016-05-29,2016-05-31,1,1
INTE1810998A__20160604__20160605,INTE1810998A,2016-06-04,2016-06-05,1,1
INTE1810998A__20170815__20170815,INTE1810998A,2017-08-15,2017-08-15,1,1
INTE1810998A__20180104__20180104,INTE1810998A,2018-01-04,2018-01-04,1,1
INTE1813670A__20160523__20160603,INTE1813670A,2016-05-23,2016-06-03,1,1
INTE1813670A__20160523__20160615,INTE1813670A,2016-05-23,2016-06-15,1,1
INTE1813670A__20160601__20160605,INTE1813670A,2016-06-01,2016-06-05,1,1
INTE1813670A__20170909__20170909,INTE1813670A,2017-09-09,2017-09-09,1,1
INTE1813670A__20180423__20180424,INTE1813670A,2018-04-23,2018-04-24,3,1
INTE1813670A__20180424__20180424,INTE1813670A,2018-04-24,2018-04-24,12,1
INTE1817087A__20170621__20170621,INTE1817087A,2017-06-21,2017-06-21,1,1
INTE1817087A__20170709__20170709,INTE1817087A,2017-07-09,2017-07-09,1,1
INTE1817087A__20170815__20170815,INTE1817087A,2017-08-15,2017-08-15,1,1
INTE1817087A__20170913__20170913,INTE1817087A,2017-09-13,2017-09-13,1,1
INTE1817087A__20180103__20180104,INTE1817087A,2018-01-03,2018-01-04,3,1
INTE1817087A__20180120__20180122,INTE1817087A,2018-01-20,2018-01-22,1,1
INTE1817087A__20180423__20180423,INTE1817087A,2018-04-23,2018-04-23,3,1
INTE1817087A__20180507__20180507,INTE1817087A,2018-05-07,2018-05-07,8,3
INTE1817087A__20180507__20180508,INTE1817087A,2018-05-07,2018-05-08,1,1
INTE1817087A__20180515__20180515,INTE1817087A,2018-05-15,2018-05-15,2,2
INTE1817087A__20180519__20180519,INTE1817087A,2018-05-19,2018-05-19,1,1
INTE1817087A__20180522__20180522,INTE1817087A,2018-05-22,2018-05-22,7,1
INTE1817087A__20180524__20180524,INTE1817087A,2018-05-24,2018-05-24,21,2
INTE1817087A__20180526__20180526,INTE1817087A,2018-05-26,2018-05-26,1,1
INTE1817087A__20180527__20180527,INTE1817087A,2018-05-27,2018-05-27,5,2
INTE1817087A__20180530__20180530,INTE1817087A,2018-05-30,2018-05-30,2,2
INTE1817087A__20180531__20180531,INTE1817087A,2018-05-31,2018-05-31,2,1
INTE1817087A__20180531__20180601,INTE1817087A,2018-05-31,2018-06-01,1,1
INTE1817087A__20180604__20180604,INTE1817087A,2018-06-04,2018-06-04,32,2
INTE1817087A__20180604__20180605,INTE1817087A,2018-06-04,2018-06-05,7,2
INTE1817087A__20180605__20180605,INTE1817087A,2018-06-05,2018-06-05,3,1
INTE1817087A__20180606__20180606,INTE1817087A,2018-06-06,2018-06-06,1,1
INTE1817087A__20180607__20180607,INTE1817087A,2018-06-07,2018-06-07,1,1
INTE1818802A__20150531__20150531,INTE1818802A,2015-05-31,2015-05-31,1,1
INTE1818802A__20170825__20170825,INTE1818802A,2017-08-25,2017-08-25,1,1
INTE1818802A__20180409__20180409,INTE1818802A,2018-04-09,2018-04-09,1,1
INTE1818802A__20180515__20180515,INTE1818802A,2018-05-15,2018-05-15,3,1
INTE1818802A__20180524__20180525,INTE1818802A,2018-05-24,2018-05-25,1,1
INTE1818802A__20180525__20180525,INTE1818802A,2018-05-25,2018-05-25,2,1
INTE1818802A__20180525__20180526,INTE1818802A,2018-05-25,2018-05-26,7,2
INTE1818802A__20180526__20180526,INTE1818802A,2018-05-26,2018-05-26,2,1
INTE1818802A__20180528__20180528,INTE1818802A,2018-05-28,2018-05-28,47,8
INTE1818802A__20180528__20180529,INTE1818802A,2018-05-28,2018-05-29,11,3
INTE1818802A__20180528__20180531,INTE1818802A,2018-05-28,2018-05-31,4,2
INTE1818802A__20180528__20180601,INTE1818802A,2018-05-28,2018-06-01,1,1
INTE1818802A__20180529__20180530,INTE1818802A,2018-05-29,2018-05-30,2,1
INTE1818802A__20180531__20180601,INTE1818802A,2018-05-31,2018-06-01,5,1
INTE1818802A__20180601__20180601,INTE1818802A,2018-06-01,2018-06-01,7,2
INTE1818802A__20180605__20180606,INTE1818802A,2018-06-05,2018-06-06,5,1
INTE1818802A__20180606__20180607,INTE1818802A,2018-06-06,2018-06-07,1,1
INTE1818802A__20180610__20180610,INTE1818802A,2018-06-10,2018-06-10,7,3
INTE1818802A__20180610__20180612,INTE1818802A,2018-06-10,2018-06-12,1,1
INTE1818802A__20180611__20180612,INTE1818802A,2018-06-11,2018-06-12,17,4
INTE1820387A__20170602__20170602,INTE1820387A,2017-06-02,2017-06-02,1,1
INTE1820387A__20180220__20180222,INTE1820387A,2018-02-20,2018-02-22,1,1
INTE1820387A__20180409__20180409,INTE1820387A,2018-04-09,2018-04-09,2,1
INTE1820387A__20180505__20180505,INTE1820387A,2018-05-05,2018-05-05,2,1
INTE1820387A__20180507__20180507,INTE1820387A,2018-05-07,2018-05-07,4,2
INTE1820387A__20180507__20180508,INTE1820387A,2018-05-07,2018-05-08,10,4
INTE1820387A__20180509__20180511,INTE1820387A,2018-05-09,2018-05-11,1,1
INTE1820387A__20180510__20180511,INTE1820387A,2018-05-10,2018-05-11,1,1
INTE1820387A__20180515__20180515,INTE1820387A,2018-05-15,2018-05-15,1,1
INTE1820387A__20180518__20180519,INTE1820387A,2018-05-18,2018-05-19,1,1
INTE1820387A__20180520__20180521,INTE1820387A,2018-05-20,2018-05-21,1,1
INTE1820387A__20180522__20180524,INTE1820387A,2018-05-22,2018-05-24,1,1
INTE1820387A__20180522__20180525,INTE1820387A,2018-05-22,2018-05-25,1,1
INTE1820387A__20180523__20180523,INTE1820387A,2018-05-23,2018-05-23,3,2
INTE1820387A__20180525__20180526,INTE1820387A,2018-05-25,2018-05-26,3,1
INTE1820387A__20180526__20180526,INTE1820387A,2018-05-26,2018-05-26,5,3
INTE1820387A__20180527__20180527,INTE1820387A,2018-05-27,2018-05-27,4,2
INTE1820387A__20180529__20180601,INTE1820387A,2018-05-29,2018-06-01,1,1
INTE1820387A__20180531__20180531,INTE1820387A,2018-05-31,2018-05-31,12,7
INTE1820387A__20180601__20180601,INTE1820387A,2018-06-01,2018-06-01,2,2
INTE1820387A__20180602__20180602,INTE1820387A,2018-06-02,2018-06-02,11,2
INTE1820387A__20180606__20180606,INTE1820387A,2018-06-06,2018-06-06,13,8
INTE1820387A__20180606__20180607,INTE1820387A,2018-06-06,2018-06-07,3,2
INTE1820387A__20180607__20180608,INTE1820387A,2018-06-07,2018-06-08,2,1
INTE1820387A__20180608__20180610,INTE1820387A,2018-06-08,2018-06-10,3,1
INTE1820387A__20180611__20180617,INTE1820387A,2018-06-11,2018-06-17,1,1
INTE1820387A__20180614__20180614,INTE1820387A,2018-06-14,2018-06-14,1,1
INTE1820387A__20180705__20180705,INTE1820387A,2018-07-05,2018-07-05,1,1
INTE1824833A__20180507__20180507,INTE1824833A,2018-05-07,2018-05-07,2,1
INTE1824833A__20180507__20180508,INTE1824833A,2018-05-07,2018-05-08,7,3
INTE1824833A__20180508__20180508,INTE1824833A,2018-05-08,2018-05-08,4,2
INTE1824833A__20180515__20180515,INTE1824833A,2018-05-15,2018-05-15,14,1
INTE1824833A__20180515__20180516,INTE1824833A,2018-05-15,2018-05-16,5,1
INTE1824833A__20180519__20180519,INTE1824833A,2018-05-19,2018-05-19,1,1
INTE1824833A__20180522__20180522,INTE1824833A,2018-05-22,2018-05-22,2,2
INTE1824833A__20180524__20180524,INTE1824833A,2018-05-24,2018-05-24,1,1
INTE1824833A__20180525__20180525,INTE1824833A,2018-05-25,2018-05-25,1,1
INTE1824833A__20180527__20180527,INTE1824833A,2018-05-27,2018-05-27,5,2
INTE1824833A__20180527__20180528,INTE1824833A,2018-05-27,2018-05-28,1,1
INTE1824833A__20180529__20180529,INTE1824833A,2018-05-29,2018-05-29,8,6
INTE1824833A__20180531__20180601,INTE1824833A,2018-05-31,2018-06-01,1,1
INTE1824833A__20180601__20180601,INTE1824833A,2018-06-01,2018-06-01,2,2
INTE1824833A__20180601__20180602,INTE1824833A,2018-06-01,2018-06-02,1,1
INTE1824833A__20180602__20180603,INTE1824833A,2018-06-02,2018-06-03,1,1
INTE1824833A__20180605__20180606,INTE1824833A,2018-06-05,2018-06-06,7,2
INTE1824833A__20180606__20180606,INTE1824833A,2018-06-06,2018-06-06,18,7
INTE1824833A__20180606__20180607,INTE1824833A,2018-06-06,2018-06-07,3,2
INTE1824833A__20180607__20180607,INTE1824833A,2018-06-07,2018-06-07,1,1
INTE1824833A__20180608__20180608,INTE1824833A,2018-06-08,2018-06-08,5,5
INTE1824833A__20180609__20180610,INTE1824833A,2018-06-09,2018-06-10,5,3
INTE1824833A__20180610__20180612,INTE1824833A,2018-06-10,2018-06-12,2,2
INTE1824833A__20180610__20180613,INTE1824833A,2018-06-10,2018-06-13,1,1
INTE1824833A__20180612__20180614,INTE1824833A,2018-06-12,2018-06-14,2,2
INTE1824833A__20180613__20180616,INTE1824833A,2018-06-13,2018-06-16,1,1
INTE1824833A__20180702__20180703,INTE1824833A,2018-07-02,2018-07-03,1,1
INTE1824833A__20180704__20180704,INTE1824833A,2018-07-04,2018-07-04,4,2
INTE1824833A__20180715__20180715,INTE1824833A,2018-07-15,2018-07-15,7,2
INTE1824833A__20180715__20180716,INTE1824833A,2018-07-15,2018-07-16,16,2
INTE1824833A__20180720__20180720,INTE1824833A,2018-07-20,2018-07-20,1,1
INTE1824833A__20180727__20180727,INTE1824833A,2018-07-27,2018-07-27,3,1
INTE1824833A__20180807__20180807,INTE1824833A,2018-08-07,2018-08-07,1,1
INTE1826529A__20170930__20170930,INTE1826529A,2017-09-30,2017-09-30,1,1
INTE1826529A__20171104__20171104,INTE1826529A,2017-11-04,2017-11-04,1,1
INTE1826529A__20180220__20180221,INTE1826529A,2018-02-20,2018-02-21,1,1
INTE1826529A__20180416__20180416,INTE1826529A,2018-04-16,2018-04-16,2,1
INTE1826529A__20180416__20180417,INTE1826529A,2018-04-16,2018-04-17,3,1
INTE1826529A__20180507__20180507,INTE1826529A,2018-05-07,2018-05-07,1,1
INTE1826529A__20180524__20180524,INTE1826529A,2018-05-24,2018-05-24,1,1
INTE1826529A__20180527__20180527,INTE1826529A,2018-05-27,2018-05-27,1,1
INTE1826529A__20180528__20180528,INTE1826529A,2018-05-28,2018-05-28,2,2
INTE1826529A__20180529__20180530,INTE1826529A,2018-05-29,2018-05-30,1,1
INTE1826529A__20180531__20180531,INTE1826529A,2018-05-31,2018-05-31,3,3
INTE1826529A__20180604__20180605,INTE1826529A,2018-06-04,2018-06-05,2,2
INTE1826529A__20180606__20180606,INTE1826529A,2018-06-06,2018-06-06,4,3
INTE1826529A__20180607__20180607,INTE1826529A,2018-06-07,2018-06-07,1,1
INTE1826529A__20180610__20180610,INTE1826529A,2018-06-10,2018-06-10,2,2
INTE1826529A__20180612__20180614,INTE1826529A,2018-06-12,2018-06-14,2,1
INTE1826529A__20180613__20180615,INTE1826529A,2018-06-13,2018-06-15,1,1
INTE1826529A__20180613__20180616,INTE1826529A,2018-06-13,2018-06-16,1,1
INTE1826529A__20180703__20180703,INTE1826529A,2018-07-03,2018-07-03,4,2
INTE1826529A__20180714__20180716,INTE1826529A,2018-07-14,2018-07-16,2,1
INTE1826529A__20180715__20180715,INTE1826529A,2018-07-15,2018-07-15,2,2
INTE1826529A__20180715__20180716,INTE1826529A,2018-07-15,2018-07-16,15,1
INTE1826529A__20180718__20180718,INTE1826529A,2018-07-18,2018-07-18,2,1
INTE1826529A__20180720__20180720,INTE1826529A,2018-07-20,2018-07-20,3,3
INTE1826529A__20180724__20180724,INTE1826529A,2018-07-24,2018-07-24,1,1
INTE1826529A__20180727__20180727,INTE1826529A,2018-07-27,2018-07-27,1,1
INTE1826529A__20180805__20180805,INTE1826529A,2018-08-05,2018-08-05,1,1
INTE1826529A__20180807__20180807,INTE1826529A,2018-08-07,2018-08-07,3,2
INTE1826529A__20180808__20180808,INTE1826529A,2018-08-08,2018-08-08,2,1
INTE1826529A__20180809__20180810,INTE1826529A,2018-08-09,2018-08-10,2,1
INTE1826529A__20180816__20180816,INTE1826529A,2018-08-16,2018-08-16,1,1
INTE1826529A__20180817__20180817,INTE1826529A,2018-08-17,2018-08-17,6,2
INTE1828404A__20180105__20180105,INTE1828404A,2018-01-05,2018-01-05,2,1
INTE1828404A__20180121__20180121,INTE1828404A,2018-01-21,2018-01-21,1,1
INTE1828404A__20180507__20180509,INTE1828404A,2018-05-07,2018-05-09,1,1
INTE1828404A__20180527__20180527,INTE1828404A,2018-05-27,2018-05-27,2,2
INTE1828404A__20180528__20180529,INTE1828404A,2018-05-28,2018-05-29,2,2
INTE1828404A__20180530__20180530,INTE1828404A,2018-05-30,2018-05-30,1,1
INTE1828404A__20180531__20180531,INTE1828404A,2018-05-31,2018-05-31,3,3
INTE1828404A__20180601__20180601,INTE1828404A,2018-06-01,2018-06-01,1,1
INTE1828404A__20180604__20180604,INTE1828404A,2018-06-04,2018-06-04,3,3
INTE1828404A__20180605__20180605,INTE1828404A,2018-06-05,2018-06-05,1,1
INTE1828404A__20180605__20180606,INTE1828404A,2018-06-05,2018-06-06,1,1
INTE1828404A__20180606__20180606,INTE1828404A,2018-06-06,2018-06-06,1,1
INTE1828404A__20180609__20180609,INTE1828404A,2018-06-09,2018-06-09,2,2
INTE1828404A__20180610__20180610,INTE1828404A,2018-06-10,2018-06-10,8,5
INTE1828404A__20180610__20180613,INTE1828404A,2018-06-10,2018-06-13,2,1
INTE1828404A__20180611__20180612,INTE1828404A,2018-06-11,2018-06-12,2,1
INTE1828404A__20180703__20180703,INTE1828404A,2018-07-03,2018-07-03,1,1
INTE1828404A__20180704__20180704,INTE1828404A,2018-07-04,2018-07-04,1,1
INTE1828404A__20180712__20180712,INTE1828404A,2018-07-12,2018-07-12,1,1
INTE1828404A__20180715__20180715,INTE1828404A,2018-07-15,2018-07-15,1,1
INTE1828404A__20180715__20180716,INTE1828404A,2018-07-15,2018-07-16,1,1
INTE1828404A__20180716__20180716,INTE1828404A,2018-07-16,2018-07-16,8,2
INTE1828404A__20180801__20180801,INTE1828404A,2018-08-01,2018-08-01,1,1
INTE1828404A__20180805__20180805,INTE1828404A,2018-08-05,2018-08-05,3,1
INTE1828404A__20180905__20180905,INTE1828404A,2018-09-05,2018-09-05,1,1
INTE1829420A__20180507__20180508,INTE1829420A,2018-05-07,2018-05-08,1,1
INTE1829420A__20180522__20180522,INTE1829420A,2018-05-22,2018-05-22,1,1
INTE1829420A__20180526__20180526,INTE1829420A,2018-05-26,2018-05-26,3,1
INTE1829420A__20180527__20180527,INTE1829420A,2018-05-27,2018-05-27,1,1
INTE1829420A__20180528__20180528,INTE1829420A,2018-05-28,2018-05-28,2,2
INTE1829420A__20180530__20180530,INTE1829420A,2018-05-30,2018-05-30,3,1
INTE1829420A__20180602__20180602,INTE1829420A,2018-06-02,2018-06-02,4,1
INTE1829420A__20180603__20180603,INTE1829420A,2018-06-03,2018-06-03,2,2
INTE1829420A__20180604__20180604,INTE1829420A,2018-06-04,2018-06-04,3,2
INTE1829420A__20180605__20180605,INTE1829420A,2018-06-05,2018-06-05,2,2
INTE1829420A__20180606__20180606,INTE1829420A,2018-06-06,2018-06-06,1,1
INTE1829420A__20180606__20180607,INTE1829420A,2018-06-06,2018-06-07,1,1
INTE1829420A__20180609__20180609,INTE1829420A,2018-06-09,2018-06-09,1,1
INTE1829420A__20180609__20180611,INTE1829420A,2018-06-09,2018-06-11,1,1
INTE1829420A__20180609__20180612,INTE1829420A,2018-06-09,2018-06-12,1,1
INTE1829420A__20180610__20180610,INTE1829420A,2018-06-10,2018-06-10,9,1
INTE1829420A__20180610__20180611,INTE1829420A,2018-06-10,2018-06-11,2,1
INTE1829420A__20180611__20180612,INTE1829420A,2018-06-11,2018-06-12,1,1
INTE1829420A__20180611__20180613,INTE1829420A,2018-06-11,2018-06-13,1,1
INTE1829420A__20180612__20180613,INTE1829420A,2018-06-12,2018-06-13,2,1
INTE1829420A__20180612__20180614,INTE1829420A,2018-06-12,2018-06-14,1,1
INTE1829420A__20180613__20180614,INTE1829420A,2018-06-13,2018-06-14,1,1
INTE1829420A__20180621__20180621,INTE1829420A,2018-06-21,2018-06-21,1,1
INTE1829420A__20180703__20180703,INTE1829420A,2018-07-03,2018-07-03,1,1
INTE1829420A__20180715__20180716,INTE1829420A,2018-07-15,2018-07-16,1,1
INTE1829420A__20180716__20180716,INTE1829420A,2018-07-16,2018-07-16,6,1
INTE1829420A__20180720__20180720,INTE1829420A,2018-07-20,2018-07-20,3,1
INTE1831446A__20160602__20160606,INTE1831446A,2016-06-02,2016-06-06,1,1
INTE1831446A__20170709__20170710,INTE1831446A,2017-07-09,2017-07-10,1,1
INTE1831446A__20180301__20180301,INTE1831446A,2018-03-01,2018-03-01,1,1
INTE1831446A__20180527__20180527,INTE1831446A,2018-05-27,2018-05-27,1,1
INTE1831446A__20180604__20180604,INTE1831446A,2018-06-04,2018-06-04,1,1
INTE1831446A__20180611__20180612,INTE1831446A,2018-06-11,2018-06-12,1,1
INTE1831446A__20180612__20180613,INTE1831446A,2018-06-12,2018-06-13,2,1
INTE1831446A__20180612__20180615,INTE1831446A,2018-06-12,2018-06-15,1,1
INTE1831446A__20180613__20180613,INTE1831446A,2018-06-13,2018-06-13,3,1
INTE1831446A__20180726__20180726,INTE1831446A,2018-07-26,2018-07-26,1,1
INTE1831446A__20180727__20180727,INTE1831446A,2018-07-27,2018-07-27,1,1
INTE1831446A__20180809__20180809,INTE1831446A,2018-08-09,2018-08-09,2,2
INTE1831446A__20181006__20181006,INTE1831446A,2018-10-06,2018-10-06,1,1
INTE1831446A__20181007__20181007,INTE1831446A,2018-10-07,2018-10-07,1,1
INTE1831446A__20181016__20181017,INTE1831446A,2018-10-16,2018-10-17,5,1
INTE1831446A__20181029__20181030,INTE1831446A,2018-10-29,2018-10-30,34,2
INTE1835008A__20160528__20160604,INTE1835008A,2016-05-28,2016-06-04,1,1
INTE1835008A__20160528__20160610,INTE1835008A,2016-05-28,2016-06-10,1,1
INTE1835008A__20180104__20180104,INTE1835008A,2018-01-04,2018-01-04,1,1
INTE1835008A__20180220__20180222,INTE1835008A,2018-02-20,2018-02-22,1,1
INTE1835008A__20180310__20180311,INTE1835008A,2018-03-10,2018-03-11,1,1
INTE1835008A__20180506__20180506,INTE1835008A,2018-05-06,2018-05-06,1,1
INTE1835008A__20180527__20180527,INTE1835008A,2018-05-27,2018-05-27,1,1
INTE1835008A__20180530__20180530,INTE1835008A,2018-05-30,2018-05-30,2,2
INTE1835008A__20180531__20180531,INTE1835008A,2018-05-31,2018-05-31,1,1
INTE1835008A__20180602__20180602,INTE1835008A,2018-06-02,2018-06-02,1,1
INTE1835008A__20180605__20180605,INTE1835008A,2018-06-05,2018-06-05,1,1
INTE1835008A__20180606__20180606,INTE1835008A,2018-06-06,2018-06-06,2,2
INTE1835008A__20180607__20180607,INTE1835008A,2018-06-07,2018-06-07,1,1
INTE1835008A__20180610__20180610,INTE1835008A,2018-06-10,2018-06-10,7,3
INTE1835008A__20180612__20180613,INTE1835008A,2018-06-12,2018-06-13,1,1
INTE1835008A__20180704__20180704,INTE1835008A,2018-07-04,2018-07-04,3,3
INTE1835008A__20180715__20180716,INTE1835008A,2018-07-15,2018-07-16,1,1
INTE1835008A__20180716__20180716,INTE1835008A,2018-07-16,2018-07-16,6,1
INTE1835008A__20180720__20180720,INTE1835008A,2018-07-20,2018-07-20,3,1
INTE1835008A__20180726__20180726,INTE1835008A,2018-07-26,2018-07-26,1,1
INTE1835008A__20180727__20180727,INTE1835008A,2018-07-27,2018-07-27,2,2
INTE1835008A__20180807__20180807,INTE1835008A,2018-08-07,2018-08-07,1,1
INTE1835008A__20180808__20180808,INTE1835008A,2018-08-08,2018-08-08,1,1
INTE1835008A__20181007__20181007,INTE1835008A,2018-10-07,2018-10-07,1,1
INTE1835008A__20181015__20181016,INTE1835008A,2018-10-15,2018-10-16,1,1
INTE1835008A__20181015__20181017,INTE1835008A,2018-10-15,2018-10-17,1,1
INTE1835008A__20181016__20181016,INTE1835008A,2018-10-16,2018-10-16,2,1
INTE1835008A__20181016__20181017,INTE1835008A,2018-10-16,2018-10-17,6,1
INTE1835008A__20181101__20181101,INTE1835008A,2018-11-01,2018-11-01,1,1
INTE1901604A__20171210__20171211,INTE1901604A,2017-12-10,2017-12-11,1,1
INTE1901604A__20180525__20180525,INTE1901604A,2018-05-25,2018-05-25,1,1
INTE1901604A__20180606__20180606,INTE1901604A,2018-06-06,2018-06-06,1,1
INTE1901604A__20180607__20180607,INTE1901604A,2018-06-07,2018-06-07,2,1
INTE1901604A__20180610__20180611,INTE1901604A,2018-06-10,2018-06-11,1,1
INTE1901604A__20181016__20181016,INTE1901604A,2018-10-16,2018-10-16,1,1
INTE1901604A__20181016__20181017,INTE1901604A,2018-10-16,2018-10-17,2,1
INTE1901604A__20181029__20181029,INTE1901604A,2018-10-29,2018-10-29,2,1
INTE1901604A__20181029__20181030,INTE1901604A,2018-10-29,2018-10-30,1,1
INTE1905473A__20170213__20170214,INTE1905473A,2017-02-13,2017-02-14,1,1
INTE1905473A__20180507__20180507,INTE1905473A,2018-05-07,2018-05-07,1,1
INTE1905473A__20180515__20180515,INTE1905473A,2018-05-15,2018-05-15,2,1
INTE1905473A__20180530__20180530,INTE1905473A,2018-05-30,2018-05-30,1,1
INTE1905473A__20180609__20180609,INTE1905473A,2018-06-09,2018-06-09,1,1
INTE1905473A__20180611__20180611,INTE1905473A,2018-06-11,2018-06-11,1,1
INTE1905473A__20180612__20180612,INTE1905473A,2018-06-12,2018-06-12,1,1
INTE1905473A__20180613__20180614,INTE1905473A,2018-06-13,2018-06-14,1,1
INTE1905473A__20180716__20180716,INTE1905473A,2018-07-16,2018-07-16,1,1
INTE1905473A__20181101__20181101,INTE1905473A,2018-11-01,2018-11-01,1,1
INTE1907677A__20180528__20180529,INTE1907677A,2018-05-28,2018-05-29,1,1
INTE1907677A__20180529__20180529,INTE1907677A,2018-05-29,2018-05-29,2,2
INTE1907677A__20180702__20180702,INTE1907677A,2018-07-02,2018-07-02,1,1
INTE1907677A__20181016__20181016,INTE1907677A,2018-10-16,2018-10-16,1,1
INTE1907677A__20190201__20190202,INTE1907677A,2019-02-01,2019-02-02,1,1
INTE1910693A__20180603__20180603,INTE1910693A,2018-06-03,2018-06-03,1,1
INTE1914145A__20180104__20180104,INTE1914145A,2018-01-04,2018-01-04,1,1
INTE1914145A__20180416__20180416,INTE1914145A,2018-04-16,2018-04-16,1,1
INTE1914145A__20180801__20180801,INTE1914145A,2018-08-01,2018-08-01,1,1
INTE1917050A__20180604__20180605,INTE1917050A,2018-06-04,2018-06-05,1,1
INTE1917050A__20180606__20180606,INTE1917050A,2018-06-06,2018-06-06,2,1
INTE1917050A__20180727__20180727,INTE1917050A,2018-07-27,2018-07-27,1,1
INTE1920320A__20180720__20180720,INTE1920320A,2018-07-20,2018-07-20,1,1
INTE1920320A__20190519__20190519,INTE1920320A,2019-05-19,2019-05-19,3,1
INTE1920320A__20190619__20190619,INTE1920320A,2019-06-19,2019-06-19,1,1
INTE1922702A__20180506__20180506,INTE1922702A,2018-05-06,2018-05-06,1,1
INTE1922702A__20180701__20180702,INTE1922702A,2018-07-01,2018-07-02,1,1
INTE1922702A__20180705__20180705,INTE1922702A,2018-07-05,2018-07-05,1,1
INTE1922702A__20190519__20190519,INTE1922702A,2019-05-19,2019-05-19,1,1
INTE1922702A__20190523__20190523,INTE1922702A,2019-05-23,2019-05-23,2,1
INTE1922702A__20190524__20190524,INTE1922702A,2019-05-24,2019-05-24,1,1
INTE1922702A__20190605__20190605,INTE1922702A,2019-06-05,2019-06-05,1,1
INTE1922702A__20190619__20190619,INTE1922702A,2019-06-19,2019-06-19,1,1
INTE1922702A__20190619__20190620,INTE1922702A,2019-06-19,2019-06-20,2,1
INTE1922702A__20190630__20190630,INTE1922702A,2019-06-30,2019-06-30,1,1
INTE1922702A__20190701__20190701,INTE1922702A,2019-07-01,2019-07-01,2,1
INTE1922702A__20190715__20190715,INTE1922702A,2019-07-15,2019-07-15,2,1
INTE1926063A__20180525__20180526,INTE1926063A,2018-05-25,2018-05-26,1,1
INTE1926063A__20180610__20180610,INTE1926063A,2018-06-10,2018-06-10,1,1
INTE1926063A__20180610__20180612,INTE1926063A,2018-06-10,2018-06-12,1,1
INTE1926063A__20180611__20180612,INTE1926063A,2018-06-11,2018-06-12,1,1
INTE1926063A__20190603__20190603,INTE1926063A,2019-06-03,2019-06-03,6,1
INTE1926063A__20190618__20190619,INTE1926063A,2019-06-18,2019-06-19,1,1
INTE1926063A__20190619__20190619,INTE1926063A,2019-06-19,2019-06-19,1,1
INTE1926063A__20190624__20190624,INTE1926063A,2019-06-24,2019-06-24,4,1
INTE1926063A__20190624__20190625,INTE1926063A,2019-06-24,2019-06-25,12,1
INTE1926063A__20190701__20190701,INTE1926063A,2019-07-01,2019-07-01,3,1
INTE1926063A__20190701__20190702,INTE1926063A,2019-07-01,2019-07-02,1,1
INTE1926063A__20190702__20190702,INTE1926063A,2019-07-02,2019-07-02,3,1
INTE1926063A__20190709__20190709,INTE1926063A,2019-07-09,2019-07-09,3,1
INTE1926063A__20190726__20190726,INTE1926063A,2019-07-26,2019-07-26,1,1
INTE1926063A__20190727__20190728,INTE1926063A,2019-07-27,2019-07-28,1,1
INTE1926063A__20190827__20190827,INTE1926063A,2019-08-27,2019-08-27,1,1
INTE1928835A__20180610__20180612,INTE1928835A,2018-06-10,2018-06-12,1,1
INTE1928835A__20190524__20190524,INTE1928835A,2019-05-24,2019-05-24,1,1
INTE1928835A__20190525__20190525,INTE1928835A,2019-05-25,2019-05-25,1,1
INTE1928835A__20190622__20190622,INTE1928835A,2019-06-22,2019-06-22,1,1
INTE1928835A__20190701__20190701,INTE1928835A,2019-07-01,2019-07-01,3,1
INTE1928835A__20190702__20190702,INTE1928835A,2019-07-02,2019-07-02,3,1
INTE1928835A__20190705__20190705,INTE1928835A,2019-07-05,2019-07-05,1,1
INTE1928835A__20190706__20190706,INTE1928835A,2019-07-06,2019-07-06,2,2
INTE1928835A__20190725__20190725,INTE1928835A,2019-07-25,2019-07-25,1,1
INTE1928835A__20190726__20190726,INTE1928835A,2019-07-26,2019-07-26,1,1
INTE1928835A__20190809__20190809,INTE1928835A,2019-08-09,2019-08-09,1,1
INTE1928835A__20190823__20190823,INTE1928835A,2019-08-23,2019-08-23,1,1
INTE1932508A__20180104__20180105,INTE1932508A,2018-01-04,2018-01-05,1,1
INTE1932508A__20190619__20190619,INTE1932508A,2019-06-19,2019-06-19,1,1
INTE1932508A__20190625__20190625,INTE1932508A,2019-06-25,2019-06-25,1,1
INTE1932508A__20190715__20190716,INTE1932508A,2019-07-15,2019-07-16,1,1
INTE1932508A__20190726__20190726,INTE1932508A,2019-07-26,2019-07-26,1,1
INTE1932508A__20190726__20190727,INTE1932508A,2019-07-26,2019-07-27,1,1
INTE1932508A__20190806__20190806,INTE1932508A,2019-08-06,2019-08-06,10,1
INTE1932508A__20190806__20190807,INTE1932508A,2019-08-06,2019-08-07,1,1
INTE1932508A__20190806__20190808,INTE1932508A,2019-08-06,2019-08-08,1,1
INTE1932508A__20191020__20191020,INTE1932508A,2019-10-20,2019-10-20,2,1
INTE1935602A__20180601__20180615,INTE1935602A,2018-06-01,2018-06-15,1,1
INTE1935602A__20180612__20180613,INTE1935602A,2018-06-12,2018-06-13,1,1
INTE1935602A__20180716__20180716,INTE1935602A,2018-07-16,2018-07-16,1,1
INTE1935602A__20190625__20190625,INTE1935602A,2019-06-25,2019-06-25,1,1
INTE1935602A__20190701__20190701,INTE1935602A,2019-07-01,2019-07-01,2,2
INTE1935602A__20190702__20190702,INTE1935602A,2019-07-02,2019-07-02,1,1
INTE1935602A__20190806__20190807,INTE1935602A,2019-08-06,2019-08-07,2,1
INTE2000203A__20191220__20191222,INTE2000203A,2019-12-20,2019-12-22,51,2
INTE2000953A__20190605__20190605,INTE2000953A,2019-06-05,2019-06-05,1,1
INTE2000953A__20191212__20191214,INTE2000953A,2019-12-12,2019-12-14,1,1
INTE2002329A__20191220__20191222,INTE2002329A,2019-12-20,2019-12-22,1,1
INTE2002329A__20191221__20191222,INTE2002329A,2019-12-21,2019-12-22,1,1
INTE2002329A__20191221__20191223,INTE2002329A,2019-12-21,2019-12-23,1,1
INTE2005870A__20180525__20180526,INTE2005870A,2018-05-25,2018-05-26,1,1
INTE2005870A__20190617__20190617,INTE2005870A,2019-06-17,2019-06-17,1,1
INTE2005870A__20191214__20191214,INTE2005870A,2019-12-14,2019-12-14,1,1
INTE2005870A__20191221__20191222,INTE2005870A,2019-12-21,2019-12-22,1,1
INTE2005870A__20191222__20191224,INTE2005870A,2019-12-22,2019-12-24,10,1
INTE2005870A__20200120__20200122,INTE2005870A,2020-01-20,2020-01-22,8,1
INTE2005870A__20200121__20200121,INTE2005870A,2020-01-21,2020-01-21,2,1
INTE2005870A__20200121__20200122,INTE2005870A,2020-01-21,2020-01-22,10,2
INTE2005870A__20200121__20200123,INTE2005870A,2020-01-21,2020-01-23,68,2
INTE2005870A__20200122__20200122,INTE2005870A,2020-01-22,2020-01-22,11,2
INTE2005870A__20200122__20200123,INTE2005870A,2020-01-22,2020-01-23,59,2
INTE2005870A__20200122__20200124,INTE2005870A,2020-01-22,2020-01-24,3,1
INTE2005870A__20200123__20200123,INTE2005870A,2020-01-23,2020-01-23,2,1
INTE2010310A__20191212__20191213,INTE2010310A,2019-12-12,2019-12-13,1,1
INTE2010310A__20191213__20191215,INTE2010310A,2019-12-13,2019-12-15,1,1
INTE2010310A__20191214__20191214,INTE2010310A,2019-12-14,2019-12-14,1,1
INTE2010310A__20200121__20200122,INTE2010310A,2020-01-21,2020-01-22,1,1
INTE2010310A__20200121__20200123,INTE2010310A,2020-01-21,2020-01-23,5,2
INTE2010310A__20200122__20200122,INTE2010310A,2020-01-22,2020-01-22,4,2
INTE2010310A__20200122__20200123,INTE2010310A,2020-01-22,2020-01-23,6,2
INTE2010310A__20200122__20200124,INTE2010310A,2020-01-22,2020-01-24,2,1
INTE2010310A__20200123__20200123,INTE2010310A,2020-01-23,2020-01-23,1,1
INTE2014521A__20200119__20200124,INTE2014521A,2020-01-19,2020-01-24,1,1
INTE2014521A__20200121__20200122,INTE2014521A,2020-01-21,2020-01-22,1,1
INTE2014521A__20200121__20200123,INTE2014521A,2020-01-21,2020-01-23,5,2
INTE2014521A__20200122__20200122,INTE2014521A,2020-01-22,2020-01-22,2,2
INTE2014521A__20200122__20200123,INTE2014521A,2020-01-22,2020-01-23,5,1
INTE2014521A__20200122__20200124,INTE2014521A,2020-01-22,2020-01-24,1,1
INTE2014521A__20200123__20200123,INTE2014521A,2020-01-23,2020-01-23,2,1
INTE2014521A__20200427__20200427,INTE2014521A,2020-04-27,2020-04-27,1,1
INTE2014521A__20200510__20200512,INTE2014521A,2020-05-10,2020-05-12,15,1
INTE2016904A__20180106__20180307,INTE2016904A,2018-01-06,2018-03-07,1,1
INTE2016904A__20200121__20200123,INTE2016904A,2020-01-21,2020-01-23,6,1
INTE2016904A__20200510__20200511,INTE2016904A,2020-05-10,2020-05-11,14,2
INTE2016904A__20200510__20200512,INTE2016904A,2020-05-10,2020-05-12,1,1
INTE2016904A__20200519__20200519,INTE2016904A,2020-05-19,2020-05-19,1,1
INTE2016904A__20200603__20200603,INTE2016904A,2020-06-03,2020-06-03,3,1
INTE2016904A__20200603__20200604,INTE2016904A,2020-06-03,2020-06-04,1,1
INTE2016904A__20200611__20200611,INTE2016904A,2020-06-11,2020-06-11,1,1
INTE2016904A__20200617__20200617,INTE2016904A,2020-06-17,2020-06-17,1,1
INTE2019260A__20190615__20190615,INTE2019260A,2019-06-15,2019-06-15,1,1
INTE2019260A__20200110__20200117,INTE2019260A,2020-01-10,2020-01-17,1,1
INTE2019260A__20200121__20200123,INTE2019260A,2020-01-21,2020-01-23,1,1
INTE2019260A__20200122__20200123,INTE2019260A,2020-01-22,2020-01-23,1,1
INTE2019260A__20200601__20200601,INTE2019260A,2020-06-01,2020-06-01,3,1
INTE2019260A__20200603__20200603,INTE2019260A,2020-06-03,2020-06-03,2,2
INTE2019260A__20200608__20200608,INTE2019260A,2020-06-08,2020-06-08,1,1
INTE2019260A__20200610__20200613,INTE2019260A,2020-06-10,2020-06-13,1,1
INTE2019260A__20200611__20200613,INTE2019260A,2020-06-11,2020-06-13,1,1
INTE2019260A__20200612__20200612,INTE2019260A,2020-06-12,2020-06-12,2,1
INTE2019260A__20200612__20200613,INTE2019260A,2020-06-12,2020-06-13,3,1
INTE2019260A__20200617__20200617,INTE2019260A,2020-06-17,2020-06-17,3,3
INTE2019260A__20200625__20200625,INTE2019260A,2020-06-25,2020-06-25,1,1
INTE2019260A__20200626__20200626,INTE2019260A,2020-06-26,2020-06-26,2,2
INTE2023938A__20160531__20160609,INTE2023938A,2016-05-31,2016-06-09,1,1
INTE2023938A__20160602__20160605,INTE2023938A,2016-06-02,2016-06-05,1,1
INTE2023938A__20191220__20191222,INTE2023938A,2019-12-20,2019-12-22,1,1
INTE2023938A__20200122__20200122,INTE2023938A,2020-01-22,2020-01-22,1,1
INTE2023938A__20200122__20200123,INTE2023938A,2020-01-22,2020-01-23,3,1
INTE2023938A__20200427__20200427,INTE2023938A,2020-04-27,2020-04-27,1,1
INTE2023938A__20200509__20200510,INTE2023938A,2020-05-09,2020-05-10,1,1
INTE2023938A__20200602__20200602,INTE2023938A,2020-06-02,2020-06-02,2,1
INTE2023938A__20200603__20200603,INTE2023938A,2020-06-03,2020-06-03,1,1
INTE2023938A__20200612__20200612,INTE2023938A,2020-06-12,2020-06-12,4,2
INTE2023938A__20200617__20200617,INTE2023938A,2020-06-17,2020-06-17,2,2
INTE2023938A__20200625__20200625,INTE2023938A,2020-06-25,2020-06-25,5,3
INTE2023938A__20200626__20200626,INTE2023938A,2020-06-26,2020-06-26,10,7
INTE2023938A__20200701__20200701,INTE2023938A,2020-07-01,2020-07-01,1,1
INTE2023938A__20200710__20200710,INTE2023938A,2020-07-10,2020-07-10,1,1
INTE2023938A__20200809__20200809,INTE2023938A,2020-08-09,2020-08-09,1,1
INTE2023938A__20200811__20200811,INTE2023938A,2020-08-11,2020-08-11,2,1
INTE2023938A__20200812__20200812,INTE2023938A,2020-08-12,2020-08-12,7,3
INTE2023938A__20200812__20200813,INTE2023938A,2020-08-12,2020-08-13,1,1
INTE2023938A__20200813__20200813,INTE2023938A,2020-08-13,2020-08-13,5,3
INTE2024953A__20200919__20200920,INTE2024953A,2020-09-19,2020-09-20,26,2
INTE2026671A__20201002__20201003,INTE2026671A,2020-10-02,2020-10-03,55,1
INTE2027600A__20200121__20200123,INTE2027600A,2020-01-21,2020-01-23,2,1
INTE2027600A__20200309__20200311,INTE2027600A,2020-03-09,2020-03-11,1,1
INTE2027600A__20200510__20200510,INTE2027600A,2020-05-10,2020-05-10,2,2
INTE2027600A__20200510__20200511,INTE2027600A,2020-05-10,2020-05-11,2,1
INTE2027600A__20200511__20200511,INTE2027600A,2020-05-11,2020-05-11,1,1
INTE2027600A__20200601__20200601,INTE2027600A,2020-06-01,2020-06-01,2,1
INTE2027600A__20200603__20200603,INTE2027600A,2020-06-03,2020-06-03,3,2
INTE2027600A__20200611__20200611,INTE2027600A,2020-06-11,2020-06-11,1,1
INTE2027600A__20200612__20200613,INTE2027600A,2020-06-12,2020-06-13,1,1
INTE2027600A__20200625__20200626,INTE2027600A,2020-06-25,2020-06-26,1,1
INTE2027600A__20200721__20200721,INTE2027600A,2020-07-21,2020-07-21,4,1
INTE2027600A__20200801__20200802,INTE2027600A,2020-08-01,2020-08-02,1,1
INTE2027600A__20200809__20200809,INTE2027600A,2020-08-09,2020-08-09,1,1
INTE2027600A__20200811__20200811,INTE2027600A,2020-08-11,2020-08-11,2,2
INTE2027600A__20200812__20200812,INTE2027600A,2020-08-12,2020-08-12,5,3
INTE2027600A__20200812__20200813,INTE2027600A,2020-08-12,2020-08-13,1,1
INTE2027600A__20200813__20200813,INTE2027600A,2020-08-13,2020-08-13,11,3
INTE2027600A__20200814__20200814,INTE2027600A,2020-08-14,2020-08-14,3,2
INTE2027600A__20200916__20200916,INTE2027600A,2020-09-16,2020-09-16,1,1
INTE2027600A__20200919__20200920,INTE2027600A,2020-09-19,2020-09-20,18,2
INTE2027600A__20201002__20201002,INTE2027600A,2020-10-02,2020-10-02,1,1
INTE2027600A__20201002__20201003,INTE2027600A,2020-10-02,2020-10-03,6,1
INTE2031566A__20190827__20190827,INTE2031566A,2019-08-27,2019-08-27,1,1
INTE2031566A__20191031__20191031,INTE2031566A,2019-10-31,2019-10-31,2,1
INTE2031566A__20191031__20191101,INTE2031566A,2019-10-31,2019-11-01,1,1
INTE2031566A__20200122__20200123,INTE2031566A,2020-01-22,2020-01-23,1,1
INTE2031566A__20200511__20200511,INTE2031566A,2020-05-11,2020-05-11,1,1
INTE2031566A__20200612__20200613,INTE2031566A,2020-06-12,2020-06-13,1,1
INTE2031566A__20200801__20200801,INTE2031566A,2020-08-01,2020-08-01,1,1
INTE2031566A__20200811__20200811,INTE2031566A,2020-08-11,2020-08-11,11,4
INTE2031566A__20200812__20200812,INTE2031566A,2020-08-12,2020-08-12,3,2
INTE2031566A__20200813__20200813,INTE2031566A,2020-08-13,2020-08-13,4,3
INTE2031566A__20200920__20200920,INTE2031566A,2020-09-20,2020-09-20,4,2
INTE2031566A__20200924__20200924,INTE2031566A,2020-09-24,2020-09-24,2,2
INTE2031566A__20201002__20201002,INTE2031566A,2020-10-02,2020-10-02,1,1
INTE2031566A__20201023__20201023,INTE2031566A,2020-10-23,2020-10-23,1,1
INTE2031566A__20201107__20201108,INTE2031566A,2020-11-07,2020-11-08,3,1
INTE2031566A__20201109__20201110,INTE2031566A,2020-11-09,2020-11-10,2,1
INTE2031566A__20201110__20201110,INTE2031566A,2020-11-10,2020-11-10,1,1
INTE2031566A__20201110__20201111,INTE2031566A,2020-11-10,2020-11-11,5,1
INTE2034504A__20191213__20191214,INTE2034504A,2019-12-13,2019-12-14,2,2
INTE2034504A__20200509__20200511,INTE2034504A,2020-05-09,2020-05-11,1,1
INTE2034504A__20200510__20200510,INTE2034504A,2020-05-10,2020-05-10,2,1
INTE2034504A__20200510__20200511,INTE2034504A,2020-05-10,2020-05-11,2,2
INTE2034504A__20200813__20200813,INTE2034504A,2020-08-13,2020-08-13,1,1
INTE2034504A__20200816__20200816,INTE2034504A,2020-08-16,2020-08-16,1,1
INTE2034504A__20200919__20200919,INTE2034504A,2020-09-19,2020-09-19,1,1
INTE2034504A__20200919__20200920,INTE2034504A,2020-09-19,2020-09-20,1,1
INTE2034504A__20200922__20200922,INTE2034504A,2020-09-22,2020-09-22,1,1
INTE2034504A__20201002__20201002,INTE2034504A,2020-10-02,2020-10-02,1,1
INTE2034504A__20201002__20201003,INTE2034504A,2020-10-02,2020-10-03,1,1
INTE2034504A__20201107__20201108,INTE2034504A,2020-11-07,2020-11-08,1,1
INTE2034504A__20201109__20201110,INTE2034504A,2020-11-09,2020-11-10,4,1
INTE2034504A__20201109__20201111,INTE2034504A,2020-11-09,2020-11-11,1,1
INTE2101163A__20180611__20180612,INTE2101163A,2018-06-11,2018-06-12,1,1
INTE2101163A__20191220__20191221,INTE2101163A,2019-12-20,2019-12-21,1,1
INTE2101163A__20200417__20200417,INTE2101163A,2020-04-17,2020-04-17,1,1
INTE2101163A__20200510__20200511,INTE2101163A,2020-05-10,2020-05-11,1,1
INTE2101163A__20200511__20200511,INTE2101163A,2020-05-11,2020-05-11,1,1
INTE2101163A__20200617__20200617,INTE2101163A,2020-06-17,2020-06-17,3,3
INTE2101163A__20200626__20200626,INTE2101163A,2020-06-26,2020-06-26,1,1
INTE2101163A__20200811__20200811,INTE2101163A,2020-08-11,2020-08-11,1,1
INTE2101163A__20200812__20200812,INTE2101163A,2020-08-12,2020-08-12,3,1
INTE2101163A__20200911__20200911,INTE2101163A,2020-09-11,2020-09-11,1,1
INTE2101163A__20200919__20200919,INTE2101163A,2020-09-19,2020-09-19,4,1
INTE2104714A__20200626__20200626,INTE2104714A,2020-06-26,2020-06-26,4,1
INTE2104714A__20200811__20200811,INTE2104714A,2020-08-11,2020-08-11,2,1
INTE2104714A__20200920__20200920,INTE2104714A,2020-09-20,2020-09-20,2,1
INTE2104714A__20200922__20200922,INTE2104714A,2020-09-22,2020-09-22,1,1
INTE2105706A__20210130__20210201,INTE2105706A,2021-01-30,2021-02-01,3,1
INTE2107265A__20200509__20200510,INTE2107265A,2020-05-09,2020-05-10,1,1
INTE2107265A__20201002__20201002,INTE2107265A,2020-10-02,2020-10-02,1,1
INTE2107265A__20201228__20201228,INTE2107265A,2020-12-28,2020-12-28,1,1
INTE2107265A__20210210__20210210,INTE2107265A,2021-02-10,2021-02-10,2,1
INTE2112076A__20200601__20200601,INTE2112076A,2020-06-01,2020-06-01,1,1
INTE2112076A__20210201__20210201,INTE2112076A,2021-02-01,2021-02-01,1,1
INTE2112076A__20210209__20210210,INTE2112076A,2021-02-09,2021-02-10,1,1
INTE2114774A__20200507__20200508,INTE2114774A,2020-05-07,2020-05-08,1,1
INTE2114774A__20200507__20200518,INTE2114774A,2020-05-07,2020-05-18,1,1
INTE2114774A__20200510__20200511,INTE2114774A,2020-05-10,2020-05-11,1,1
INTE2118484A__20200510__20200511,INTE2118484A,2020-05-10,2020-05-11,1,1
INTE2118484A__20200511__20200513,INTE2118484A,2020-05-11,2020-05-13,1,1
INTE2118484A__20200919__20200919,INTE2118484A,2020-09-19,2020-09-19,1,1
INTE2118484A__20210416__20210416,INTE2118484A,2021-04-16,2021-04-16,1,1
INTE2118484A__20210510__20210510,INTE2118484A,2021-05-10,2021-05-10,1,1
INTE2118484A__20210510__20210511,INTE2118484A,2021-05-10,2021-05-11,2,1
INTE2118484A__20210516__20210516,INTE2118484A,2021-05-16,2021-05-16,1,1
INTE2118484A__20210602__20210602,INTE2118484A,2021-06-02,2021-06-02,16,3
INTE2118484A__20210604__20210604,INTE2118484A,2021-06-04,2021-06-04,7,3
INTE2119792A__20210131__20210201,INTE2119792A,2021-01-31,2021-02-01,1,1
INTE2119792A__20210510__20210511,INTE2119792A,2021-05-10,2021-05-11,4,1
INTE2119792A__20210601__20210601,INTE2119792A,2021-06-01,2021-06-01,1,1
INTE2119792A__20210602__20210602,INTE2119792A,2021-06-02,2021-06-02,25,5
INTE2119792A__20210602__20210603,INTE2119792A,2021-06-02,2021-06-03,2,1
INTE2119792A__20210602__20210604,INTE2119792A,2021-06-02,2021-06-04,1,1
INTE2119792A__20210603__20210603,INTE2119792A,2021-06-03,2021-06-03,3,3
INTE2119792A__20210603__20210604,INTE2119792A,2021-06-03,2021-06-04,1,1
INTE2119792A__20210604__20210604,INTE2119792A,2021-06-04,2021-06-04,12,4
INTE2119792A__20210604__20210605,INTE2119792A,2021-06-04,2021-06-05,1,1
INTE2119792A__20210605__20210605,INTE2119792A,2021-06-05,2021-06-05,1,1
INTE2119792A__20210608__20210608,INTE2119792A,2021-06-08,2021-06-08,4,2
INTE2119792A__20210609__20210609,INTE2119792A,2021-06-09,2021-06-09,3,3
INTE2119792A__20210610__20210610,INTE2119792A,2021-06-10,2021-06-10,1,1
INTE2119792A__20210617__20210619,INTE2119792A,2021-06-17,2021-06-19,64,2
INTE2119792A__20210621__20210621,INTE2119792A,2021-06-21,2021-06-21,2,1
INTE2121339A__20210510__20210511,INTE2121339A,2021-05-10,2021-05-11,4,3
INTE2121339A__20210516__20210516,INTE2121339A,2021-05-16,2021-05-16,1,1
INTE2121339A__20210602__20210602,INTE2121339A,2021-06-02,2021-06-02,6,2
INTE2121339A__20210603__20210603,INTE2121339A,2021-06-03,2021-06-03,4,2
INTE2121339A__20210603__20210604,INTE2121339A,2021-06-03,2021-06-04,1,1
INTE2121339A__20210604__20210604,INTE2121339A,2021-06-04,2021-06-04,5,4
INTE2121339A__20210617__20210619,INTE2121339A,2021-06-17,2021-06-19,1,1
INTE2121339A__20210618__20210620,INTE2121339A,2021-06-18,2021-06-20,11,1
INTE2121339A__20210619__20210619,INTE2121339A,2021-06-19,2021-06-19,1,1
INTE2121339A__20210620__20210622,INTE2121339A,2021-06-20,2021-06-22,7,1
INTE2121339A__20210623__20210623,INTE2121339A,2021-06-23,2021-06-23,1,1
INTE2121339A__20210627__20210628,INTE2121339A,2021-06-27,2021-06-28,1,1
INTE2121339A__20210627__20210629,INTE2121339A,2021-06-27,2021-06-29,16,1
INTE2122514A__20210123__20210123,INTE2122514A,2021-01-23,2021-01-23,1,1
INTE2122514A__20210602__20210602,INTE2122514A,2021-06-02,2021-06-02,13,3
INTE2122514A__20210602__20210603,INTE2122514A,2021-06-02,2021-06-03,4,2
INTE2122514A__20210602__20210604,INTE2122514A,2021-06-02,2021-06-04,1,1
INTE2122514A__20210603__20210604,INTE2122514A,2021-06-03,2021-06-04,7,2
INTE2122514A__20210604__20210604,INTE2122514A,2021-06-04,2021-06-04,3,3
INTE2122514A__20210609__20210609,INTE2122514A,2021-06-09,2021-06-09,1,1
INTE2122514A__20210617__20210617,INTE2122514A,2021-06-17,2021-06-17,6,2
INTE2122514A__20210618__20210620,INTE2122514A,2021-06-18,2021-06-20,1,1
INTE2122514A__20210620__20210622,INTE2122514A,2021-06-20,2021-06-22,2,1
INTE2122514A__20210622__20210623,INTE2122514A,2021-06-22,2021-06-23,1,1
INTE2122514A__20210626__20210626,INTE2122514A,2021-06-26,2021-06-26,1,1
INTE2122514A__20210626__20210627,INTE2122514A,2021-06-26,2021-06-27,1,1
INTE2122514A__20210627__20210628,INTE2122514A,2021-06-27,2021-06-28,5,1
INTE2122514A__20210627__20210629,INTE2122514A,2021-06-27,2021-06-29,2,1
INTE2122514A__20210628__20210629,INTE2122514A,2021-06-28,2021-06-29,2,1
INTE2122514A__20210703__20210703,INTE2122514A,2021-07-03,2021-07-03,1,1
INTE2122514A__20210712__20210713,INTE2122514A,2021-07-12,2021-07-13,7,1
INTE2122730A__20210605__20210605,INTE2122730A,2021-06-05,2021-06-05,1,1
INTE2124447A__20210510__20210511,INTE2124447A,2021-05-10,2021-05-11,1,1
INTE2124447A__20210602__20210602,INTE2124447A,2021-06-02,2021-06-02,1,1
INTE2124447A__20210604__20210604,INTE2124447A,2021-06-04,2021-06-04,1,1
INTE2124447A__20210617__20210618,INTE2124447A,2021-06-17,2021-06-18,2,1
INTE2124447A__20210618__20210620,INTE2124447A,2021-06-18,2021-06-20,1,1
INTE2124447A__20210622__20210623,INTE2124447A,2021-06-22,2021-06-23,1,1
INTE2124447A__20210627__20210627,INTE2124447A,2021-06-27,2021-06-27,1,1
INTE2124447A__20210627__20210628,INTE2124447A,2021-06-27,2021-06-28,3,1
INTE2124447A__20210707__20210707,INTE2124447A,2021-07-07,2021-07-07,1,1
INTE2124447A__20210712__20210713,INTE2124447A,2021-07-12,2021-07-13,1,1
INTE2124447A__20210712__20210714,INTE2124447A,2021-07-12,2021-07-14,1,1
INTE2124447A__20210713__20210714,INTE2124447A,2021-07-13,2021-07-14,5,1
INTE2127287A__20210223__20210224,INTE2127287A,2021-02-23,2021-02-24,1,1
INTE2127287A__20210314__20210314,INTE2127287A,2021-03-14,2021-03-14,1,1
INTE2127287A__20210516__20210517,INTE2127287A,2021-05-16,2021-05-17,1,1
INTE2127287A__20210602__20210603,INTE2127287A,2021-06-02,2021-06-03,1,1
INTE2127287A__20210603__20210604,INTE2127287A,2021-06-03,2021-06-04,1,1
INTE2127287A__20210604__20210604,INTE2127287A,2021-06-04,2021-06-04,5,3
INTE2127287A__20210604__20210605,INTE2127287A,2021-06-04,2021-06-05,1,1
INTE2127287A__20210608__20210608,INTE2127287A,2021-06-08,2021-06-08,1,1
INTE2127287A__20210609__20210609,INTE2127287A,2021-06-09,2021-06-09,1,1
INTE2127287A__20210622__20210623,INTE2127287A,2021-06-22,2021-06-23,1,1
INTE2127287A__20210626__20210626,INTE2127287A,2021-06-26,2021-06-26,2,1
INTE2127287A__20210626__20210627,INTE2127287A,2021-06-26,2021-06-27,1,1
INTE2127287A__20210627__20210627,INTE2127287A,2021-06-27,2021-06-27,1,1
INTE2127287A__20210627__20210628,INTE2127287A,2021-06-27,2021-06-28,1,1
INTE2127287A__20210628__20210628,INTE2127287A,2021-06-28,2021-06-28,2,2
INTE2127287A__20210712__20210713,INTE2127287A,2021-07-12,2021-07-13,8,3
INTE2127287A__20210713__20210713,INTE2127287A,2021-07-13,2021-07-13,1,1
INTE2127287A__20210723__20210724,INTE2127287A,2021-07-23,2021-07-24,1,1
INTE2127287A__20210724__20210726,INTE2127287A,2021-07-24,2021-07-26,4,1
INTE2127287A__20210725__20210726,INTE2127287A,2021-07-25,2021-07-26,1,1
INTE2127287A__20210726__20210726,INTE2127287A,2021-07-26,2021-07-26,8,2
INTE2127287A__20210727__20210727,INTE2127287A,2021-07-27,2021-07-27,1,1
INTE2127287A__20210804__20210804,INTE2127287A,2021-08-04,2021-08-04,1,1
INTE2127287A__20210812__20210812,INTE2127287A,2021-08-12,2021-08-12,1,1
INTE2127287A__20210815__20210815,INTE2127287A,2021-08-15,2021-08-15,1,1
INTE2128151A__20210603__20210604,INTE2128151A,2021-06-03,2021-06-04,2,2
INTE2128151A__20210604__20210604,INTE2128151A,2021-06-04,2021-06-04,1,1
INTE2128151A__20210626__20210626,INTE2128151A,2021-06-26,2021-06-26,2,2
INTE2128151A__20210721__20210721,INTE2128151A,2021-07-21,2021-07-21,1,1
INTE2128151A__20210730__20210730,INTE2128151A,2021-07-30,2021-07-30,1,1
INTE2128151A__20210812__20210812,INTE2128151A,2021-08-12,2021-08-12,1,1
INTE2128151A__20210824__20210824,INTE2128151A,2021-08-24,2021-08-24,1,1
INTE2128151A__20210903__20210903,INTE2128151A,2021-09-03,2021-09-03,3,1
INTE2128151A__20210908__20210910,INTE2128151A,2021-09-08,2021-09-10,58,3
INTE2128151A__20210914__20210915,INTE2128151A,2021-09-14,2021-09-15,27,3
INTE2128151A__20210914__20210916,INTE2128151A,2021-09-14,2021-09-16,60,2
INTE2130679A__20211002__20211004,INTE2130679A,2021-10-02,2021-10-04,6,1
INTE2130680A__20210201__20210202,INTE2130680A,2021-02-01,2021-02-02,1,1
INTE2130680A__20210603__20210603,INTE2130680A,2021-06-03,2021-06-03,2,1
INTE2130680A__20210604__20210604,INTE2130680A,2021-06-04,2021-06-04,2,2
INTE2130680A__20210616__20210617,INTE2130680A,2021-06-16,2021-06-17,3,1
INTE2130680A__20210617__20210617,INTE2130680A,2021-06-17,2021-06-17,1,1
INTE2130680A__20210621__20210621,INTE2130680A,2021-06-21,2021-06-21,1,1
INTE2130680A__20210622__20210622,INTE2130680A,2021-06-22,2021-06-22,2,1
INTE2130680A__20210627__20210628,INTE2130680A,2021-06-27,2021-06-28,1,1
INTE2130680A__20210712__20210714,INTE2130680A,2021-07-12,2021-07-14,2,1
INTE2130680A__20210724__20210726,INTE2130680A,2021-07-24,2021-07-26,1,1
INTE2130680A__20210828__20210828,INTE2130680A,2021-08-28,2021-08-28,2,1
INTE2130680A__20210903__20210903,INTE2130680A,2021-09-03,2021-09-03,4,1
INTE2130680A__20210904__20210904,INTE2130680A,2021-09-04,2021-09-04,1,1
INTE2130680A__20210908__20210910,INTE2130680A,2021-09-08,2021-09-10,1,1
INTE2130680A__20210909__20210909,INTE2130680A,2021-09-09,2021-09-09,1,1
INTE2130680A__20210914__20210914,INTE2130680A,2021-09-14,2021-09-14,2,1
INTE2130680A__20210914__20210915,INTE2130680A,2021-09-14,2021-09-15,2,1
INTE2130680A__20210915__20210915,INTE2130680A,2021-09-15,2021-09-15,2,1
INTE2130680A__20210926__20210926,INTE2130680A,2021-09-26,2021-09-26,1,1
INTE2137449A__20210622__20210622,INTE2137449A,2021-06-22,2021-06-22,1,1
INTE2137449A__20210703__20210703,INTE2137449A,2021-07-03,2021-07-03,1,1
INTE2137449A__20210824__20210824,INTE2137449A,2021-08-24,2021-08-24,1,1
INTE2137449A__20210914__20210914,INTE2137449A,2021-09-14,2021-09-14,1,1
INTE2137449A__20210914__20210915,INTE2137449A,2021-09-14,2021-09-15,3,1
INTE2137449A__20211002__20211004,INTE2137449A,2021-10-02,2021-10-04,1,1
INTE2137449A__20211003__20211005,INTE2137449A,2021-10-03,2021-10-05,5,2
INTE2137449A__20211114__20211115,INTE2137449A,2021-11-14,2021-11-15,4,1
INTE2137449A__20211123__20211124,INTE2137449A,2021-11-23,2021-11-24,6,1
INTE2201262A__20200612__20200612,INTE2201262A,2020-06-12,2020-06-12,1,1
INTE2201262A__20210603__20210603,INTE2201262A,2021-06-03,2021-06-03,2,1
INTE2201262A__20210609__20210609,INTE2201262A,2021-06-09,2021-06-09,1,1
INTE2201262A__20210617__20210617,INTE2201262A,2021-06-17,2021-06-17,1,1
INTE2201262A__20210619__20210619,INTE2201262A,2021-06-19,2021-06-19,1,1
INTE2201262A__20210619__20210620,INTE2201262A,2021-06-19,2021-06-20,1,1
INTE2201262A__20210620__20210620,INTE2201262A,2021-06-20,2021-06-20,2,1
INTE2201262A__20210622__20210622,INTE2201262A,2021-06-22,2021-06-22,1,1
INTE2201262A__20210706__20210706,INTE2201262A,2021-07-06,2021-07-06,3,1
INTE2201262A__20210731__20210801,INTE2201262A,2021-07-31,2021-08-01,1,1
INTE2201262A__20210904__20210904,INTE2201262A,2021-09-04,2021-09-04,1,1
INTE2201262A__20210909__20210910,INTE2201262A,2021-09-09,2021-09-10,1,1
INTE2201262A__20210914__20210915,INTE2201262A,2021-09-14,2021-09-15,1,1
INTE2201262A__20210915__20210915,INTE2201262A,2021-09-15,2021-09-15,2,2
INTE2201262A__20211004__20211004,INTE2201262A,2021-10-04,2021-10-04,1,1
INTE2201262A__20211123__20211124,INTE2201262A,2021-11-23,2021-11-24,1,1
INTE2204344A__20200510__20200510,INTE2204344A,2020-05-10,2020-05-10,1,1
INTE2204344A__20210314__20210314,INTE2204344A,2021-03-14,2021-03-14,1,1
INTE2204344A__20210604__20210604,INTE2204344A,2021-06-04,2021-06-04,1,1
INTE2204344A__20210604__20210605,INTE2204344A,2021-06-04,2021-06-05,1,1
INTE2204344A__20210619__20210619,INTE2204344A,2021-06-19,2021-06-19,1,1
INTE2204344A__20210619__20210622,INTE2204344A,2021-06-19,2021-06-22,1,1
INTE2204344A__20210626__20210627,INTE2204344A,2021-06-26,2021-06-27,1,1
INTE2204344A__20210713__20210713,INTE2204344A,2021-07-13,2021-07-13,1,1
INTE2204344A__20210908__20210908,INTE2204344A,2021-09-08,2021-09-08,5,2
INTE2204344A__20210914__20210914,INTE2204344A,2021-09-14,2021-09-14,1,1
INTE2204344A__20210925__20210925,INTE2204344A,2021-09-25,2021-09-25,2,1
INTE2204344A__20211002__20211004,INTE2204344A,2021-10-02,2021-10-04,1,1
INTE2204344A__20220202__20220204,INTE2204344A,2022-02-02,2022-02-04,20,1
INTE2207961A__20200122__20200123,INTE2207961A,2020-01-22,2020-01-23,1,1
INTE2207961A__20200812__20200814,INTE2207961A,2020-08-12,2020-08-14,1,1
INTE2207961A__20210604__20210604,INTE2207961A,2021-06-04,2021-06-04,1,1
INTE2207961A__20210627__20210629,INTE2207961A,2021-06-27,2021-06-29,1,1
INTE2207961A__20210903__20210903,INTE2207961A,2021-09-03,2021-09-03,1,1
INTE2207961A__20210909__20210909,INTE2207961A,2021-09-09,2021-09-09,2,1
INTE2207961A__20210915__20210915,INTE2207961A,2021-09-15,2021-09-15,3,1
INTE2207961A__20210919__20210919,INTE2207961A,2021-09-19,2021-09-19,1,1
INTE2207961A__20211114__20211115,INTE2207961A,2021-11-14,2021-11-15,1,1
INTE2207961A__20211124__20211125,INTE2207961A,2021-11-24,2021-11-25,1,1
INTE2209895A__20220301__20220323,INTE2209895A,2022-03-01,2022-03-23,14,1
INTE2424582A__20231129__20231201,INTE2424582A,2023-11-29,2023-12-01,1,1
INTE2424582A__20231130__20231202,INTE2424582A,2023-11-30,2023-12-02,1,1
INTE2424582A__20231212__20231213,INTE2424582A,2023-12-12,2023-12-13,1,1
INTE2424582A__20240328__20240403,INTE2424582A,2024-03-28,2024-04-03,3,1
INTE2424582A__20240416__20240416,INTE2424582A,2024-04-16,2024-04-16,1,1
INTE2424582A__20240627__20240627,INTE2424582A,2024-06-27,2024-06-27,6,2
INTE2424582A__20240630__20240701,INTE2424582A,2024-06-30,2024-07-01,7,1
INTE2424582A__20240718__20240718,INTE2424582A,2024-07-18,2024-07-18,1,1
INTE2424582A__20240729__20240729,INTE2424582A,2024-07-29,2024-07-29,4,1
INTE2424582A__20240729__20240730,INTE2424582A,2024-07-29,2024-07-30,3,3
INTE2424582A__20240729__20240731,INTE2424582A,2024-07-29,2024-07-31,1,1
INTE2424582A__20240730__20240731,INTE2424582A,2024-07-30,2024-07-31,19,2
INTE2424582A__20240730__20240801,INTE2424582A,2024-07-30,2024-08-01,1,1
INTE2424582A__20240731__20240802,INTE2424582A,2024-07-31,2024-08-02,1,1
INTE2424582A__20240801__20240802,INTE2424582A,2024-08-01,2024-08-02,2,1
INTE2424582A__20240811__20240813,INTE2424582A,2024-08-11,2024-08-13,1,1
INTE2424582A__20240812__20240813,INTE2424582A,2024-08-12,2024-08-13,4,3
INTE2424582A__20240813__20240813,INTE2424582A,2024-08-13,2024-08-13,7,5
INTE2424582A__20240831__20240831,INTE2424582A,2024-08-31,2024-08-31,1,1
INTE2427051A__20240710__20240710,INTE2427051A,2024-07-10,2024-07-10,1,1
INTE2427051A__20240729__20240729,INTE2427051A,2024-07-29,2024-07-29,1,1
INTE2427051A__20240729__20240730,INTE2427051A,2024-07-29,2024-07-30,1,1
INTE2427051A__20240730__20240802,INTE2427051A,2024-07-30,2024-08-02,1,1
INTE2427051A__20240801__20240801,INTE2427051A,2024-08-01,2024-08-01,7,2
INTE2427051A__20240813__20240813,INTE2427051A,2024-08-13,2024-08-13,3,3
INTE2427051A__20240903__20240903,INTE2427051A,2024-09-03,2024-09-03,1,1
INTE2427051A__20240903__20240904,INTE2427051A,2024-09-03,2024-09-04,2,2
INTE2427051A__20240904__20240904,INTE2427051A,2024-09-04,2024-09-04,1,1
INTE2427051A__20240905__20240907,INTE2427051A,2024-09-05,2024-09-07,1,1
INTE2430293A__20240711__20240711,INTE2430293A,2024-07-11,2024-07-11,1,1
INTE2430293A__20240718__20240718,INTE2430293A,2024-07-18,2024-07-18,1,1
INTE2430293A__20240729__20240729,INTE2430293A,2024-07-29,2024-07-29,1,1
INTE2430293A__20240730__20240731,INTE2430293A,2024-07-30,2024-07-31,1,1
INTE2430293A__20240731__20240731,INTE2430293A,2024-07-31,2024-07-31,8,4
INTE2430293A__20240801__20240801,INTE2430293A,2024-08-01,2024-08-01,1,1
INTE2430293A__20240812__20240812,INTE2430293A,2024-08-12,2024-08-12,3,1
INTE2430293A__20240812__20240813,INTE2430293A,2024-08-12,2024-08-13,3,2
INTE2430293A__20240831__20240831,INTE2430293A,2024-08-31,2024-08-31,1,1
INTE2430293A__20240904__20240904,INTE2430293A,2024-09-04,2024-09-04,1,1
INTE2430293A__20240904__20240907,INTE2430293A,2024-09-04,2024-09-07,1,1
INTE2430293A__20240905__20240906,INTE2430293A,2024-09-05,2024-09-06,1,1
INTE2430293A__20240906__20240906,INTE2430293A,2024-09-06,2024-09-06,1,1
INTE2430293A__20240908__20240909,INTE2430293A,2024-09-08,2024-09-09,1,1
INTE2430293A__20240922__20240922,INTE2430293A,2024-09-22,2024-09-22,1,1
INTE2430293A__20241015__20241015,INTE2430293A,2024-10-15,2024-10-15,1,1
INTE2430293A__20241015__20241016,INTE2430293A,2024-10-15,2024-10-16,1,1
INTE2433751A__20231130__20231201,INTE2433751A,2023-11-30,2023-12-01,1,1
INTE2433751A__20240629__20240701,INTE2433751A,2024-06-29,2024-07-01,1,1
INTE2433751A__20240630__20240701,INTE2433751A,2024-06-30,2024-07-01,6,2
INTE2433751A__20240730__20240730,INTE2433751A,2024-07-30,2024-07-30,1,1
INTE2433751A__20240801__20240801,INTE2433751A,2024-08-01,2024-08-01,1,1
INTE2433751A__20240813__20240813,INTE2433751A,2024-08-13,2024-08-13,1,1
INTE2433751A__20240901__20240902,INTE2433751A,2024-09-01,2024-09-02,1,1
INTE2433751A__20240903__20240904,INTE2433751A,2024-09-03,2024-09-04,1,1
INTE2433751A__20240906__20240906,INTE2433751A,2024-09-06,2024-09-06,1,1
INTE2433751A__20240922__20240922,INTE2433751A,2024-09-22,2024-09-22,7,1
INTE2433751A__20240926__20240926,INTE2433751A,2024-09-26,2024-09-26,1,1
INTE2433751A__20241008__20241008,INTE2433751A,2024-10-08,2024-10-08,4,2
INTE2433751A__20241008__20241012,INTE2433751A,2024-10-08,2024-10-12,1,1
INTE2433751A__20241014__20241016,INTE2433751A,2024-10-14,2024-10-16,2,1
INTE2433751A__20241015__20241017,INTE2433751A,2024-10-15,2024-10-17,1,1
INTE2433751A__20241016__20241017,INTE2433751A,2024-10-16,2024-10-17,11,4
INTE2433751A__20241017__20241017,INTE2433751A,2024-10-17,2024-10-17,4,2
INTE2433751A__20241023__20241025,INTE2433751A,2024-10-23,2024-10-25,3,1
INTE2433751A__20241024__20241024,INTE2433751A,2024-10-24,2024-10-24,2,1
INTE2433751A__20241024__20241025,INTE2433751A,2024-10-24,2024-10-25,3,1
INTE2433751A__20241024__20241026,INTE2433751A,2024-10-24,2024-10-26,4,1
INTE2433751A__20241025__20241025,INTE2433751A,2024-10-25,2024-10-25,7,1
INTE2433751A__20241025__20241026,INTE2433751A,2024-10-25,2024-10-26,2,1
INTE2433751A__20241117__20241118,INTE2433751A,2024-11-17,2024-11-18,1,1
INTE2433751A__20241118__20241118,INTE2433751A,2024-11-18,2024-11-18,1,1
INTE2434565A__20241212__20241214,INTE2434565A,2024-12-12,2024-12-14,17,1
INTE2501371A__20210907__20210908,INTE2501371A,2021-09-07,2021-09-08,1,1
INTE2501371A__20221105__20221106,INTE2501371A,2022-11-05,2022-11-06,1,1
INTE2501371A__20230602__20230602,INTE2501371A,2023-06-02,2023-06-02,1,1
INTE2501371A__20240629__20240630,INTE2501371A,2024-06-29,2024-06-30,1,1
INTE2501371A__20240718__20240718,INTE2501371A,2024-07-18,2024-07-18,1,1
INTE2501371A__20240801__20240801,INTE2501371A,2024-08-01,2024-08-01,1,1
INTE2501371A__20240812__20240812,INTE2501371A,2024-08-12,2024-08-12,4,2
INTE2501371A__20240823__20240823,INTE2501371A,2024-08-23,2024-08-23,4,1
INTE2501371A__20240905__20240906,INTE2501371A,2024-09-05,2024-09-06,1,1
INTE2501371A__20241006__20241007,INTE2501371A,2024-10-06,2024-10-07,2,1
INTE2501371A__20241007__20241007,INTE2501371A,2024-10-07,2024-10-07,3,1
INTE2501371A__20241007__20241009,INTE2501371A,2024-10-07,2024-10-09,1,1
INTE2501371A__20241008__20241008,INTE2501371A,2024-10-08,2024-10-08,1,1
INTE2501371A__20241024__20241024,INTE2501371A,2024-10-24,2024-10-24,1,1
INTE2501371A__20241024__20241025,INTE2501371A,2024-10-24,2024-10-25,1,1
INTE2501371A__20241025__20241025,INTE2501371A,2024-10-25,2024-10-25,1,1
INTE2501371A__20241025__20241026,INTE2501371A,2024-10-25,2024-10-26,1,1
INTE2501371A__20241027__20241028,INTE2501371A,2024-10-27,2024-10-28,1,1
INTE2505371A__20240328__20240329,INTE2505371A,2024-03-28,2024-03-29,1,1
INTE2505371A__20240714__20240714,INTE2505371A,2024-07-14,2024-07-14,1,1
INTE2505371A__20240812__20240812,INTE2505371A,2024-08-12,2024-08-12,1,1
INTE2505371A__20240813__20240813,INTE2505371A,2024-08-13,2024-08-13,2,1
INTE2505371A__20240823__20240823,INTE2505371A,2024-08-23,2024-08-23,1,1
INTE2505371A__20241015__20241016,INTE2505371A,2024-10-15,2024-10-16,1,1
INTE2505371A__20241016__20241016,INTE2505371A,2024-10-16,2024-10-16,1,1
INTE2505371A__20241025__20241025,INTE2505371A,2024-10-25,2024-10-25,2,2
INTE2505371A__20241118__20241118,INTE2505371A,2024-11-18,2024-11-18,1,1
INTE2505371A__20241211__20241212,INTE2505371A,2024-12-11,2024-12-12,2,1
INTE2508631A__20240730__20240730,INTE2508631A,2024-07-30,2024-07-30,1,1
INTE2508631A__20240812__20240812,INTE2508631A,2024-08-12,2024-08-12,1,1
INTE2508631A__20241007__20241007,INTE2508631A,2024-10-07,2024-10-07,1,1
INTE2508631A__20241015__20241015,INTE2508631A,2024-10-15,2024-10-15,1,1
INTE2508631A__20241016__20241016,INTE2508631A,2024-10-16,2024-10-16,1,1
INTE2508631A__20241016__20241017,INTE2508631A,2024-10-16,2024-10-17,1,1
INTE2508631A__20241025__20241026,INTE2508631A,2024-10-25,2024-10-26,1,1
INTE2511307A__20231102__20240324,INTE2511307A,2023-11-02,2024-03-24,3,1
INTE2511307A__20240801__20240801,INTE2511307A,2024-08-01,2024-08-01,1,1
INTE2514336A__20231130__20231201,INTE2514336A,2023-11-30,2023-12-01,1,1
INTE2514336A__20231210__20231212,INTE2514336A,2023-12-10,2023-12-12,1,1
INTE2514336A__20240328__20240329,INTE2514336A,2024-03-28,2024-03-29,1,1
INTE2514336A__20240608__20240608,INTE2514336A,2024-06-08,2024-06-08,2,1
INTE2514336A__20240812__20240812,INTE2514336A,2024-08-12,2024-08-12,1,1
INTE2517855A__20241015__20241016,INTE2517855A,2024-10-15,2024-10-16,1,1
INTE2517855A__20241025__20241026,INTE2517855A,2024-10-25,2024-10-26,1,1
INTE2519692A__20240229__20240429,INTE2519692A,2024-02-29,2024-04-29,1,1
INTE2525618A__20240812__20240812,INTE2525618A,2024-08-12,2024-08-12,1,1
INTE2525618A__20240925__20240926,INTE2525618A,2024-09-25,2024-09-26,1,1
INTE2525618A__20241016__20241016,INTE2525618A,2024-10-16,2024-10-16,1,1
INTE2525618A__20241211__20241212,INTE2525618A,2024-12-11,2024-12-12,1,1
INTE2527884A__20241008__20241008,INTE2527884A,2024-10-08,2024-10-08,5,2
INTE2527884A__20241008__20241009,INTE2527884A,2024-10-08,2024-10-09,4,1
INTE2527884A__20241009__20241010,INTE2527884A,2024-10-09,2024-10-10,1,1
INTE2527884A__20241009__20241013,INTE2527884A,2024-10-09,2024-10-13,1,1
IOME2219351__20200626__20200627,IOME2219351,2020-06-26,2020-06-27,1,1
IOME2219351__20220424__20220424,IOME2219351,2022-04-24,2022-04-24,1,1
IOME2219351__20220515__20220515,IOME2219351,2022-05-15,2022-05-15,3,2
IOME2219351__20220520__20220520,IOME2219351,2022-05-20,2022-05-20,17,2
IOME2219351__20220522__20220523,IOME2219351,2022-05-22,2022-05-23,1,1
IOME2219351__20220523__20220523,IOME2219351,2022-05-23,2022-05-23,1,1
IOME2219351__20220603__20220603,IOME2219351,2022-06-03,2022-06-03,1,1
IOME2219351__20220604__20220604,IOME2219351,2022-06-04,2022-06-04,5,2
IOME2220202A__20210926__20210926,IOME2220202A,2021-09-26,2021-09-26,1,1
IOME2220202A__20220109__20220110,IOME2220202A,2022-01-09,2022-01-10,1,1
IOME2220202A__20220408__20220408,IOME2220202A,2022-04-08,2022-04-08,2,1
IOME2220202A__20220408__20220409,IOME2220202A,2022-04-08,2022-04-09,3,2
IOME2220202A__20220515__20220515,IOME2220202A,2022-05-15,2022-05-15,2,1
IOME2220202A__20220518__20220518,IOME2220202A,2022-05-18,2022-05-18,2,1
IOME2220202A__20220603__20220603,IOME2220202A,2022-06-03,2022-06-03,2,1
IOME2220202A__20220603__20220605,IOME2220202A,2022-06-03,2022-06-05,4,3
IOME2220202A__20220604__20220604,IOME2220202A,2022-06-04,2022-06-04,1,1
IOME2220202A__20220605__20220605,IOME2220202A,2022-06-05,2022-06-05,2,1
IOME2220202A__20220622__20220622,IOME2220202A,2022-06-22,2022-06-22,1,1
IOME2220202A__20220622__20220623,IOME2220202A,2022-06-22,2022-06-23,1,1
IOME2220202A__20220623__20220623,IOME2220202A,2022-06-23,2022-06-23,3,2
IOME2221479A__20220408__20220408,IOME2221479A,2022-04-08,2022-04-08,1,1
IOME2221479A__20220408__20220409,IOME2221479A,2022-04-08,2022-04-09,1,1
IOME2221479A__20220409__20220411,IOME2221479A,2022-04-09,2022-04-11,1,1
IOME2221479A__20220520__20220520,IOME2221479A,2022-05-20,2022-05-20,1,1
IOME2221479A__20220522__20220523,IOME2221479A,2022-05-22,2022-05-23,1,1
IOME2221479A__20220603__20220605,IOME2221479A,2022-06-03,2022-06-05,6,2
IOME2221479A__20220618__20220618,IOME2221479A,2022-06-18,2022-06-18,1,1
IOME2221479A__20220620__20220620,IOME2221479A,2022-06-20,2022-06-20,5,2
IOME2221479A__20220620__20220621,IOME2221479A,2022-06-20,2022-06-21,1,1
IOME2221479A__20220620__20220622,IOME2221479A,2022-06-20,2022-06-22,31,2
IOME2221479A__20220622__20220622,IOME2221479A,2022-06-22,2022-06-22,1,1
IOME2221479A__20220623__20220623,IOME2221479A,2022-06-23,2022-06-23,1,1
IOME2221479A__20220624__20220624,IOME2221479A,2022-06-24,2022-06-24,1,1
IOME2221479A__20220626__20220627,IOME2221479A,2022-06-26,2022-06-27,1,1
IOME2221479A__20220628__20220628,IOME2221479A,2022-06-28,2022-06-28,1,1
IOME2222390A__20220408__20220409,IOME2222390A,2022-04-08,2022-04-09,1,1
IOME2222390A__20220423__20220424,IOME2222390A,2022-04-23,2022-04-24,1,1
IOME2222390A__20220424__20220424,IOME2222390A,2022-04-24,2022-04-24,2,2
IOME2222390A__20220518__20220518,IOME2222390A,2022-05-18,2022-05-18,1,1
IOME2222390A__20220602__20220602,IOME2222390A,2022-06-02,2022-06-02,2,1
IOME2222390A__20220603__20220605,IOME2222390A,2022-06-03,2022-06-05,4,2
IOME2222390A__20220623__20220623,IOME2222390A,2022-06-23,2022-06-23,1,1
IOME2224383A__20220817__20220817,IOME2224383A,2022-08-17,2022-08-17,4,2
IOME2224383A__20220818__20220819,IOME2224383A,2022-08-18,2022-08-19,73,2
IOME2226252A__20200919__20200920,IOME2226252A,2020-09-19,2020-09-20,1,1
IOME2226252A__20220408__20220409,IOME2226252A,2022-04-08,2022-04-09,1,1
IOME2226252A__20220520__20220520,IOME2226252A,2022-05-20,2022-05-20,1,1
IOME2226252A__20220602__20220602,IOME2226252A,2022-06-02,2022-06-02,3,1
IOME2226252A__20220603__20220603,IOME2226252A,2022-06-03,2022-06-03,3,2
IOME2226252A__20220603__20220605,IOME2226252A,2022-06-03,2022-06-05,5,3
IOME2226252A__20220604__20220604,IOME2226252A,2022-06-04,2022-06-04,1,1
IOME2226252A__20220620__20220620,IOME2226252A,2022-06-20,2022-06-20,6,2
IOME2226252A__20220621__20220622,IOME2226252A,2022-06-21,2022-06-22,1,1
IOME2226252A__20220623__20220623,IOME2226252A,2022-06-23,2022-06-23,2,2
IOME2226252A__20220720__20220720,IOME2226252A,2022-07-20,2022-07-20,1,1
IOME2226252A__20220805__20220805,IOME2226252A,2022-08-05,2022-08-05,2,1
IOME2226252A__20220811__20220811,IOME2226252A,2022-08-11,2022-08-11,1,1
IOME2226252A__20220814__20220814,IOME2226252A,2022-08-14,2022-08-14,1,1
IOME2226252A__20220816__20220816,IOME2226252A,2022-08-16,2022-08-16,5,3
IOME2226252A__20220816__20220817,IOME2226252A,2022-08-16,2022-08-17,3,1
IOME2226252A__20220818__20220819,IOME2226252A,2022-08-18,2022-08-19,22,2
IOME2229183A__20220408__20220408,IOME2229183A,2022-04-08,2022-04-08,2,1
IOME2229183A__20220408__20220409,IOME2229183A,2022-04-08,2022-04-09,10,1
IOME2229183A__20220603__20220603,IOME2229183A,2022-06-03,2022-06-03,3,1
IOME2229183A__20220603__20220605,IOME2229183A,2022-06-03,2022-06-05,1,1
IOME2229183A__20220619__20220620,IOME2229183A,2022-06-19,2022-06-20,1,1
IOME2229183A__20220621__20220622,IOME2229183A,2022-06-21,2022-06-22,1,1
IOME2229183A__20220623__20220623,IOME2229183A,2022-06-23,2022-06-23,3,2
IOME2229183A__20220628__20220629,IOME2229183A,2022-06-28,2022-06-29,1,1
IOME2229183A__20220629__20220629,IOME2229183A,2022-06-29,2022-06-29,1,1
IOME2229183A__20220805__20220805,IOME2229183A,2022-08-05,2022-08-05,1,1
IOME2229183A__20220814__20220814,IOME2229183A,2022-08-14,2022-08-14,3,1
IOME2229183A__20220816__20220816,IOME2229183A,2022-08-16,2022-08-16,4,2
IOME2229183A__20220817__20220817,IOME2229183A,2022-08-17,2022-08-17,3,2
IOME2229183A__20220827__20220827,IOME2229183A,2022-08-27,2022-08-27,1,1
IOME2229183A__20220903__20220903,IOME2229183A,2022-09-03,2022-09-03,3,1
IOME2229183A__20220905__20220905,IOME2229183A,2022-09-05,2022-09-05,6,4
IOME2229183A__20220906__20220906,IOME2229183A,2022-09-06,2022-09-06,7,2
IOME2229183A__20220906__20220908,IOME2229183A,2022-09-06,2022-09-08,5,1
IOME2229183A__20220908__20220908,IOME2229183A,2022-09-08,2022-09-08,1,1
IOME2229183A__20220914__20220914,IOME2229183A,2022-09-14,2022-09-14,4,2
IOME2229183A__20220916__20220918,IOME2229183A,2022-09-16,2022-09-18,2,1
IOME2235873A__20200121__20200122,IOME2235873A,2020-01-21,2020-01-22,1,1
IOME2235873A__20220515__20220515,IOME2235873A,2022-05-15,2022-05-15,1,1
IOME2235873A__20220603__20220605,IOME2235873A,2022-06-03,2022-06-05,2,2
IOME2235873A__20220620__20220620,IOME2235873A,2022-06-20,2022-06-20,1,1
IOME2235873A__20220620__20220621,IOME2235873A,2022-06-20,2022-06-21,1,1
IOME2235873A__20220621__20220621,IOME2235873A,2022-06-21,2022-06-21,1,1
IOME2235873A__20220720__20220720,IOME2235873A,2022-07-20,2022-07-20,1,1
IOME2235873A__20220816__20220816,IOME2235873A,2022-08-16,2022-08-16,1,1
IOME2235873A__20220817__20220817,IOME2235873A,2022-08-17,2022-08-17,2,1
IOME2235873A__20221114__20221114,IOME2235873A,2022-11-14,2022-11-14,4,1
IOME2301092A__20220603__20220605,IOME2301092A,2022-06-03,2022-06-05,1,1
IOME2301092A__20220816__20220816,IOME2301092A,2022-08-16,2022-08-16,1,1
IOME2301092A__20221106__20221106,IOME2301092A,2022-11-06,2022-11-06,1,1
IOME2304949A__20220603__20220605,IOME2304949A,2022-06-03,2022-06-05,2,2
IOME2304949A__20220622__20220622,IOME2304949A,2022-06-22,2022-06-22,1,1
IOME2304949A__20220807__20220807,IOME2304949A,2022-08-07,2022-08-07,1,1
IOME2304949A__20220816__20220816,IOME2304949A,2022-08-16,2022-08-16,8,1
IOME2304949A__20220817__20220817,IOME2304949A,2022-08-17,2022-08-17,1,1
IOME2304949A__20220828__20220828,IOME2304949A,2022-08-28,2022-08-28,2,1
IOME2304949A__20220905__20220905,IOME2304949A,2022-09-05,2022-09-05,1,1
IOME2304949A__20220906__20220908,IOME2304949A,2022-09-06,2022-09-08,1,1
IOME2304949A__20220914__20220914,IOME2304949A,2022-09-14,2022-09-14,1,1
IOME2307448A__20220520__20220520,IOME2307448A,2022-05-20,2022-05-20,1,1
IOME2307448A__20230125__20230126,IOME2307448A,2023-01-25,2023-01-26,2,1
IOME2311006A__20220624__20220624,IOME2311006A,2022-06-24,2022-06-24,1,1
IOME2311006A__20220816__20220816,IOME2311006A,2022-08-16,2022-08-16,1,1
IOME2311006A__20220906__20220906,IOME2311006A,2022-09-06,2022-09-06,1,1
IOME2311006A__20230125__20230126,IOME2311006A,2023-01-25,2023-01-26,1,1
IOME2313527A__20201128__20201217,IOME2313527A,2020-11-28,2020-12-17,1,1
IOME2313527A__20220408__20220409,IOME2313527A,2022-04-08,2022-04-09,1,1
IOME2313527A__20220604__20220604,IOME2313527A,2022-06-04,2022-06-04,1,1
IOME2313527A__20230108__20230109,IOME2313527A,2023-01-08,2023-01-09,1,1
IOME2313527A__20230313__20230313,IOME2313527A,2023-03-13,2023-03-13,1,1
IOME2316196A__20230117__20230118,IOME2316196A,2023-01-17,2023-01-18,1,1
IOME2316196A__20230522__20230522,IOME2316196A,2023-05-22,2023-05-22,3,2
IOME2316196A__20230528__20230528,IOME2316196A,2023-05-28,2023-05-28,4,2
IOME2318044A__20220520__20220520,IOME2318044A,2022-05-20,2022-05-20,1,1
IOME2318044A__20230522__20230523,IOME2318044A,2023-05-22,2023-05-23,1,1
IOME2318044A__20230523__20230523,IOME2318044A,2023-05-23,2023-05-23,1,1
IOME2318044A__20230524__20230524,IOME2318044A,2023-05-24,2023-05-24,9,2
IOME2318044A__20230524__20230525,IOME2318044A,2023-05-24,2023-05-25,1,1
IOME2318044A__20230528__20230528,IOME2318044A,2023-05-28,2023-05-28,3,1
IOME2318044A__20230529__20230529,IOME2318044A,2023-05-29,2023-05-29,1,1
IOME2318044A__20230603__20230604,IOME2318044A,2023-06-03,2023-06-04,1,1
IOME2318044A__20230606__20230606,IOME2318044A,2023-06-06,2023-06-06,2,1
IOME2318044A__20230607__20230607,IOME2318044A,2023-06-07,2023-06-07,1,1
IOME2318044A__20230611__20230612,IOME2318044A,2023-06-11,2023-06-12,2,1
IOME2318044A__20230612__20230613,IOME2318044A,2023-06-12,2023-06-13,3,1
IOME2318044A__20230618__20230618,IOME2318044A,2023-06-18,2023-06-18,5,1
IOME2318044A__20230620__20230620,IOME2318044A,2023-06-20,2023-06-20,1,1
IOME2320253A__20230506__20230506,IOME2320253A,2023-05-06,2023-05-06,2,1
IOME2320253A__20230522__20230522,IOME2320253A,2023-05-22,2023-05-22,2,1
IOME2320253A__20230524__20230525,IOME2320253A,2023-05-24,2023-05-25,2,1
IOME2320253A__20230601__20230601,IOME2320253A,2023-06-01,2023-06-01,1,1
IOME2320253A__20230604__20230604,IOME2320253A,2023-06-04,2023-06-04,1,1
IOME2320253A__20230606__20230606,IOME2320253A,2023-06-06,2023-06-06,1,1
IOME2320253A__20230609__20230610,IOME2320253A,2023-06-09,2023-06-10,1,1
IOME2320253A__20230610__20230610,IOME2320253A,2023-06-10,2023-06-10,4,1
IOME2320253A__20230612__20230613,IOME2320253A,2023-06-12,2023-06-13,7,2
IOME2320253A__20230614__20230614,IOME2320253A,2023-06-14,2023-06-14,2,1
IOME2320253A__20230618__20230618,IOME2320253A,2023-06-18,2023-06-18,5,2
IOME2320253A__20230619__20230619,IOME2320253A,2023-06-19,2023-06-19,6,3
IOME2320253A__20230619__20230620,IOME2320253A,2023-06-19,2023-06-20,1,1
IOME2320253A__20230620__20230620,IOME2320253A,2023-06-20,2023-06-20,10,2
IOME2320253A__20230621__20230621,IOME2320253A,2023-06-21,2023-06-21,24,3
IOME2320253A__20230621__20230622,IOME2320253A,2023-06-21,2023-06-22,6,3
IOME2320253A__20230622__20230622,IOME2320253A,2023-06-22,2023-06-22,3,3
IOME2320253A__20230629__20230629,IOME2320253A,2023-06-29,2023-06-29,1,1
IOME2324728A__20221203__20221203,IOME2324728A,2022-12-03,2022-12-03,1,1
IOME2324728A__20230313__20230313,IOME2324728A,2023-03-13,2023-03-13,1,1
IOME2324728A__20230522__20230523,IOME2324728A,2023-05-22,2023-05-23,5,2
IOME2324728A__20230523__20230524,IOME2324728A,2023-05-23,2023-05-24,3,1
IOME2324728A__20230524__20230525,IOME2324728A,2023-05-24,2023-05-25,1,1
IOME2324728A__20230529__20230529,IOME2324728A,2023-05-29,2023-05-29,1,1
IOME2324728A__20230530__20230530,IOME2324728A,2023-05-30,2023-05-30,1,1
IOME2324728A__20230602__20230602,IOME2324728A,2023-06-02,2023-06-02,2,2
IOME2324728A__20230603__20230604,IOME2324728A,2023-06-03,2023-06-04,3,2
IOME2324728A__20230604__20230604,IOME2324728A,2023-06-04,2023-06-04,4,2
IOME2324728A__20230610__20230610,IOME2324728A,2023-06-10,2023-06-10,3,1
IOME2324728A__20230611__20230612,IOME2324728A,2023-06-11,2023-06-12,5,1
IOME2324728A__20230612__20230612,IOME2324728A,2023-06-12,2023-06-12,8,5
IOME2324728A__20230613__20230614,IOME2324728A,2023-06-13,2023-06-14,1,1
IOME2324728A__20230615__20230615,IOME2324728A,2023-06-15,2023-06-15,1,1
IOME2324728A__20230618__20230618,IOME2324728A,2023-06-18,2023-06-18,10,2
IOME2324728A__20230619__20230619,IOME2324728A,2023-06-19,2023-06-19,6,4
IOME2324728A__20230621__20230622,IOME2324728A,2023-06-21,2023-06-22,2,1
IOME2324728A__20230622__20230622,IOME2324728A,2023-06-22,2023-06-22,4,4
IOME2324728A__20230629__20230629,IOME2324728A,2023-06-29,2023-06-29,4,2
IOME2324728A__20230629__20230630,IOME2324728A,2023-06-29,2023-06-30,3,3
IOME2324728A__20230630__20230630,IOME2324728A,2023-06-30,2023-06-30,1,1
IOME2324728A__20230708__20230708,IOME2324728A,2023-07-08,2023-07-08,3,1
IOME2324728A__20230709__20230709,IOME2324728A,2023-07-09,2023-07-09,1,1
IOME2324728A__20230727__20230727,IOME2324728A,2023-07-27,2023-07-27,3,1
IOME2324728A__20230728__20230728,IOME2324728A,2023-07-28,2023-07-28,1,1
IOME2324728A__20230729__20230729,IOME2324728A,2023-07-29,2023-07-29,1,1
IOME2324728A__20230816__20230816,IOME2324728A,2023-08-16,2023-08-16,1,1
IOME2324728A__20230824__20230824,IOME2324728A,2023-08-24,2023-08-24,1,1
IOME2325523A__20230506__20230506,IOME2325523A,2023-05-06,2023-05-06,1,1
IOME2325523A__20230524__20230525,IOME2325523A,2023-05-24,2023-05-25,1,1
IOME2325523A__20230613__20230614,IOME2325523A,2023-06-13,2023-06-14,1,1
IOME2325523A__20230704__20230704,IOME2325523A,2023-07-04,2023-07-04,1,1
IOME2325523A__20230814__20230814,IOME2325523A,2023-08-14,2023-08-14,8,1
IOME2325523A__20230916__20230917,IOME2325523A,2023-09-16,2023-09-17,16,1
IOME2325523A__20230918__20230918,IOME2325523A,2023-09-18,2023-09-18,47,2
IOME2327460A__20230611__20230612,IOME2327460A,2023-06-11,2023-06-12,1,1
IOME2327460A__20230613__20230613,IOME2327460A,2023-06-13,2023-06-13,1,1
IOME2327460A__20230618__20230618,IOME2327460A,2023-06-18,2023-06-18,2,1
IOME2327460A__20230622__20230622,IOME2327460A,2023-06-22,2023-06-22,1,1
IOME2327460A__20230803__20230803,IOME2327460A,2023-08-03,2023-08-03,1,1
IOME2327460A__20230803__20230804,IOME2327460A,2023-08-03,2023-08-04,1,1
IOME2327460A__20230824__20230824,IOME2327460A,2023-08-24,2023-08-24,2,2
IOME2327460A__20230825__20230825,IOME2327460A,2023-08-25,2023-08-25,2,1
IOME2327460A__20230901__20230901,IOME2327460A,2023-09-01,2023-09-01,1,1
IOME2327460A__20230918__20230918,IOME2327460A,2023-09-18,2023-09-18,2,1
IOME2328840A__20230523__20230524,IOME2328840A,2023-05-23,2023-05-24,2,1
IOME2328840A__20230604__20230604,IOME2328840A,2023-06-04,2023-06-04,1,1
IOME2328840A__20230613__20230613,IOME2328840A,2023-06-13,2023-06-13,1,1
IOME2328840A__20230615__20230615,IOME2328840A,2023-06-15,2023-06-15,1,1
IOME2328840A__20230619__20230619,IOME2328840A,2023-06-19,2023-06-19,1,1
IOME2328840A__20230828__20230829,IOME2328840A,2023-08-28,2023-08-29,1,1
IOME2328840A__20230902__20230902,IOME2328840A,2023-09-02,2023-09-02,1,1
IOME2328840A__20231019__20231020,IOME2328840A,2023-10-19,2023-10-20,10,1
IOME2330890A__20230603__20230604,IOME2330890A,2023-06-03,2023-06-04,1,1
IOME2330890A__20230609__20230609,IOME2330890A,2023-06-09,2023-06-09,1,1
IOME2330890A__20230612__20230612,IOME2330890A,2023-06-12,2023-06-12,1,1
IOME2330890A__20230612__20230613,IOME2330890A,2023-06-12,2023-06-13,1,1
IOME2330890A__20230613__20230613,IOME2330890A,2023-06-13,2023-06-13,1,1
IOME2330890A__20230620__20230620,IOME2330890A,2023-06-20,2023-06-20,1,1
IOME2330890A__20230622__20230622,IOME2330890A,2023-06-22,2023-06-22,2,1
IOME2330890A__20230712__20230712,IOME2330890A,2023-07-12,2023-07-12,1,1
IOME2330890A__20230729__20230729,IOME2330890A,2023-07-29,2023-07-29,1,1
IOME2330890A__20230825__20230825,IOME2330890A,2023-08-25,2023-08-25,1,1
IOME2330890A__20230915__20230917,IOME2330890A,2023-09-15,2023-09-17,1,1
IOME2330890A__20231018__20231020,IOME2330890A,2023-10-18,2023-10-20,3,1
IOME2330890A__20231021__20231022,IOME2330890A,2023-10-21,2023-10-22,11,1
IOME2330890A__20231023__20231023,IOME2330890A,2023-10-23,2023-10-23,7,1
IOME2330890A__20231023__20231024,IOME2330890A,2023-10-23,2023-10-24,1,1
IOME2333648A__20230610__20230610,IOME2333648A,2023-06-10,2023-06-10,1,1
IOME2333648A__20230613__20230613,IOME2333648A,2023-06-13,2023-06-13,1,1
IOME2333648A__20230727__20230727,IOME2333648A,2023-07-27,2023-07-27,1,1
IOME2333648A__20230728__20230728,IOME2333648A,2023-07-28,2023-07-28,1,1
IOME2333648A__20230803__20230803,IOME2333648A,2023-08-03,2023-08-03,1,1
IOME2333648A__20230916__20230916,IOME2333648A,2023-09-16,2023-09-16,1,1
IOME2333648A__20230917__20230917,IOME2333648A,2023-09-17,2023-09-17,4,2
IOME2333648A__20230918__20230918,IOME2333648A,2023-09-18,2023-09-18,2,2
IOME2333648A__20231018__20231020,IOME2333648A,2023-10-18,2023-10-20,28,1
IOME2333648A__20231019__20231020,IOME2333648A,2023-10-19,2023-10-20,1,1
IOME2333648A__20231020__20231020,IOME2333648A,2023-10-20,2023-10-20,6,2
IOME2333648A__20231023__20231023,IOME2333648A,2023-10-23,2023-10-23,6,1
IOME2333648A__20231023__20231024,IOME2333648A,2023-10-23,2023-10-24,1,1
IOME2333648A__20231024__20231024,IOME2333648A,2023-10-24,2023-10-24,1,1
IOME2333648A__20231102__20231105,IOME2333648A,2023-11-02,2023-11-05,28,2
IOME2333648A__20231201__20231203,IOME2333648A,2023-12-01,2023-12-03,37,1
IOME2335302A__20230524__20230525,IOME2335302A,2023-05-24,2023-05-25,1,1
IOME2335302A__20230611__20230611,IOME2335302A,2023-06-11,2023-06-11,1,1
IOME2335302A__20231018__20231020,IOME2335302A,2023-10-18,2023-10-20,1,1
IOME2335302A__20231024__20231024,IOME2335302A,2023-10-24,2023-10-24,1,1
IOME2335302A__20231102__20231105,IOME2335302A,2023-11-02,2023-11-05,8,1
IOME2335302A__20231201__20231203,IOME2335302A,2023-12-01,2023-12-03,10,1
IOME2400969A__20230603__20230603,IOME2400969A,2023-06-03,2023-06-03,1,1
IOME2400969A__20230611__20230612,IOME2400969A,2023-06-11,2023-06-12,1,1
IOME2400969A__20230815__20230815,IOME2400969A,2023-08-15,2023-08-15,1,1
IOME2400969A__20231002__20231003,IOME2400969A,2023-10-02,2023-10-03,4,1
IOME2400969A__20231018__20231020,IOME2400969A,2023-10-18,2023-10-20,1,1
IOME2400969A__20231019__20231020,IOME2400969A,2023-10-19,2023-10-20,15,2
IOME2400969A__20231020__20231020,IOME2400969A,2023-10-20,2023-10-20,1,1
IOME2400969A__20231023__20231024,IOME2400969A,2023-10-23,2023-10-24,1,1
IOME2400969A__20231024__20231024,IOME2400969A,2023-10-24,2023-10-24,1,1
IOME2400969A__20231108__20231108,IOME2400969A,2023-11-08,2023-11-08,1,1
IOME2400969A__20231109__20231110,IOME2400969A,2023-11-09,2023-11-10,1,1
IOME2400969A__20231114__20231114,IOME2400969A,2023-11-14,2023-11-14,1,1
IOME2400969A__20231114__20231115,IOME2400969A,2023-11-14,2023-11-15,16,1
IOME2400969A__20231114__20231124,IOME2400969A,2023-11-14,2023-11-24,1,1
IOME2400969A__20231201__20231203,IOME2400969A,2023-12-01,2023-12-03,3,1
IOME2401804A__20240113__20240115,IOME2401804A,2024-01-13,2024-01-15,24,1
IOME2402725A__20230813__20230813,IOME2402725A,2023-08-13,2023-08-13,1,1
IOME2402725A__20231020__20231020,IOME2402725A,2023-10-20,2023-10-20,2,2
IOME2402725A__20231021__20231022,IOME2402725A,2023-10-21,2023-10-22,1,1
IOME2402725A__20231023__20231023,IOME2402725A,2023-10-23,2023-10-23,1,1
IOME2402725A__20231102__20231105,IOME2402725A,2023-11-02,2023-11-05,1,1
IOME2402725A__20240113__20240115,IOME2402725A,2024-01-13,2024-01-15,5,1
IOME2403657A__20230611__20230611,IOME2403657A,2023-06-11,2023-06-11,1,1
IOME2403657A__20230619__20230621,IOME2403657A,2023-06-19,2023-06-21,2,1
IOME2403657A__20231018__20231020,IOME2403657A,2023-10-18,2023-10-20,1,1
IOME2403657A__20231201__20231203,IOME2403657A,2023-12-01,2023-12-03,3,2
IOME2403657A__20231210__20231212,IOME2403657A,2023-12-10,2023-12-12,1,1
IOME2407754A__20220905__20220906,IOME2407754A,2022-09-05,2022-09-06,1,1
IOME2407754A__20231102__20231103,IOME2407754A,2023-11-02,2023-11-03,1,1
IOME2407754A__20231102__20231105,IOME2407754A,2023-11-02,2023-11-05,1,1
IOME2407754A__20231105__20231106,IOME2407754A,2023-11-05,2023-11-06,1,1
IOME2407754A__20231114__20231114,IOME2407754A,2023-11-14,2023-11-14,2,1
IOME2407754A__20231201__20231203,IOME2407754A,2023-12-01,2023-12-03,1,1
IOME2407754A__20231210__20231216,IOME2407754A,2023-12-10,2023-12-16,1,1
IOME2407754A__20231221__20231221,IOME2407754A,2023-12-21,2023-12-21,1,1
IOME2407754A__20240124__20240126,IOME2407754A,2024-01-24,2024-01-26,3,1
IOME2407754A__20240128__20240129,IOME2407754A,2024-01-28,2024-01-29,10,1
IOME2410378A__20230611__20230611,IOME2410378A,2023-06-11,2023-06-11,2,1
IOME2410378A__20230620__20230621,IOME2410378A,2023-06-20,2023-06-21,1,1
IOME2410378A__20230911__20230912,IOME2410378A,2023-09-11,2023-09-12,1,1
IOME2410378A__20231019__20231020,IOME2410378A,2023-10-19,2023-10-20,1,1
IOME2410378A__20231102__20231124,IOME2410378A,2023-11-02,2023-11-24,1,1
IOME2410378A__20231201__20231201,IOME2410378A,2023-12-01,2023-12-01,1,1
IOME2410378A__20231201__20231203,IOME2410378A,2023-12-01,2023-12-03,3,1
IOME2410378A__20240310__20240310,IOME2410378A,2024-03-10,2024-03-10,3,1
IOME2411920A__20220816__20220816,IOME2411920A,2022-08-16,2022-08-16,1,1
IOME2411920A__20230612__20230612,IOME2411920A,2023-06-12,2023-06-12,1,1
IOME2411920A__20240310__20240310,IOME2411920A,2024-03-10,2024-03-10,2,2
IOME2413412A__20230603__20230604,IOME2413412A,2023-06-03,2023-06-04,1,1
IOME2413412A__20230611__20230611,IOME2413412A,2023-06-11,2023-06-11,1,1
IOME2413412A__20230612__20230612,IOME2413412A,2023-06-12,2023-06-12,1,1
IOME2413412A__20230708__20230709,IOME2413412A,2023-07-08,2023-07-09,1,1
IOME2413412A__20231130__20231202,IOME2413412A,2023-11-30,2023-12-02,1,1
IOME2413412A__20231201__20231202,IOME2413412A,2023-12-01,2023-12-02,1,1
IOME2415152A__20240227__20240227,IOME2415152A,2024-02-27,2024-02-27,1,1
IOME2415152A__20240309__20240310,IOME2415152A,2024-03-09,2024-03-10,2,1
IOME2415152A__20240310__20240310,IOME2415152A,2024-03-10,2024-03-10,1,1
IOME2415152A__20240517__20240517,IOME2415152A,2024-05-17,2024-05-17,1,1
IOME2415152A__20240521__20240522,IOME2415152A,2024-05-21,2024-05-22,5,1
IOME2415152A__20240524__20240526,IOME2415152A,2024-05-24,2024-05-26,2,1
IOME2415880A__20240505__20240506,IOME2415880A,2024-05-05,2024-05-06,2,1
IOME2420215A__20231130__20231130,IOME2420215A,2023-11-30,2023-11-30,2,1
IOME2420215A__20240307__20240309,IOME2420215A,2024-03-07,2024-03-09,1,1
IOME2420215A__20240531__20240531,IOME2420215A,2024-05-31,2024-05-31,1,1
IOME2420215A__20240628__20240629,IOME2420215A,2024-06-28,2024-06-29,1,1
