event_id,year,start_date,end_date,duration_days,cluster_id,commune_code,commune,max_cm
2015-01-12---2015-01-26_cluster_15,2015,2015-01-12,2015-01-26,14,15,55064,Bouquemont,261.0
2015-01-12---2015-01-26_cluster_15,2015,2015-01-12,2015-01-26,14,15,55444,Rouvrois-sur-Meuse,15.0
2015-01-12---2015-02-23_cluster_16,2015,2015-01-12,2015-02-23,35,16,10299,Pouan-les-Vallées,14.0
2015-01-12---2015-02-23_cluster_16,2015,2015-01-12,2015-02-23,35,16,10315,Rances,18.0
2015-01-12---2015-02-23_cluster_16,2015,2015-01-12,2015-02-23,35,16,51502,Saint-Martin-aux-Champs,10.0
2015-01-12---2015-02-23_cluster_16,2015,2015-01-12,2015-02-23,35,16,51533,Servon-Melzicourt,39.0
2015-01-12---2015-02-23_cluster_16,2015,2015-01-12,2015-02-23,35,16,51610,Verrières,28.0
2015-01-19---2015-02-09_cluster_20,2015,2015-01-19,2015-02-09,21,20,17085,Champdolent,182.0
2015-01-19---2015-02-09_cluster_20,2015,2015-01-19,2015-02-09,21,20,17155,Étaules,91.0
2015-01-19---2015-02-09_cluster_20,2015,2015-01-19,2015-02-09,21,20,17185,Le Gua,86.0
2015-01-19---2015-02-09_cluster_20,2015,2015-01-19,2015-02-09,21,20,17421,Saujon,128.0
2015-01-19---2015-02-09_cluster_20,2015,2015-01-19,2015-02-09,21,20,37195,La Riche,103.0
2015-01-19---2015-02-09_cluster_20,2015,2015-01-19,2015-02-09,21,20,37258,Thizay,23.0
2015-01-19---2015-02-09_cluster_20,2015,2015-01-19,2015-02-09,21,20,37269,Verneuil-sur-Indre,32.0
2015-01-19---2015-02-09_cluster_20,2015,2015-01-19,2015-02-09,21,20,49358,Turquant,10.0
2015-01-19---2015-02-09_cluster_20,2015,2015-01-19,2015-02-09,21,20,55080,Brixey-aux-Chanoines,10.0
2015-01-19---2015-02-09_cluster_20,2015,2015-01-19,2015-02-09,21,20,55328,Maxey-sur-Vaise,214.0
2015-01-19---2015-02-09_cluster_20,2015,2015-01-19,2015-02-09,21,20,55485,Sepvigny,251.0
2015-01-19---2015-02-09_cluster_20,2015,2015-01-19,2015-02-09,21,20,55533,Vaucouleurs,10.0
2015-01-19---2015-02-09_cluster_20,2015,2015-01-19,2015-02-09,21,20,70267,Gevigney-et-Mercey,194.0
2015-01-19---2015-02-09_cluster_20,2015,2015-01-19,2015-02-09,21,20,70454,Rosières-sur-Mance,13.0
2015-01-19---2015-02-09_cluster_20,2015,2015-01-19,2015-02-09,21,20,70491,Seveux-Motey,399.0
2015-01-19---2015-02-09_cluster_20,2015,2015-01-19,2015-02-09,21,20,70539,Vellexon-Queutrey-et-Vaudey,283.0
2015-02-02---2015-02-09_cluster_23,2015,2015-02-02,2015-02-09,7,23,33042,Belin-Béliet,10.0
2015-02-02---2015-02-09_cluster_23,2015,2015-02-02,2015-02-09,7,23,40063,Candresse,52.0
2015-02-02---2015-02-09_cluster_23,2015,2015-02-02,2015-02-09,7,23,40088,Dax,317.0
2015-02-02---2015-02-09_cluster_23,2015,2015-02-02,2015-02-09,7,23,40208,Onard,87.0
2015-02-02---2015-02-09_cluster_23,2015,2015-02-02,2015-02-09,7,23,40211,Orist,439.0
2015-02-02---2015-02-09_cluster_23,2015,2015-02-02,2015-02-09,7,23,40222,Pey,484.0
2015-02-02---2015-02-09_cluster_23,2015,2015-02-02,2015-02-09,7,23,40263,Saint-Jean-de-Lier,261.0
2015-02-02---2015-02-09_cluster_23,2015,2015-02-02,2015-02-09,7,23,40314,Tercis-les-Bains,364.0
2015-02-02---2015-02-09_cluster_23,2015,2015-02-02,2015-02-09,7,23,40334,Yzosse,354.0
2015-02-02---2015-02-09_cluster_23,2015,2015-02-02,2015-02-09,7,23,64123,Bidache,97.0
2015-02-09---2015-03-09_cluster_30,2015,2015-02-09,2015-03-09,21,30,40063,Candresse,51.0
2015-02-09---2015-03-09_cluster_30,2015,2015-02-09,2015-03-09,21,30,40088,Dax,321.0
2015-02-09---2015-03-09_cluster_30,2015,2015-02-09,2015-03-09,21,30,40208,Onard,117.0
2015-02-09---2015-03-09_cluster_30,2015,2015-02-09,2015-03-09,21,30,40211,Orist,457.0
2015-02-09---2015-03-09_cluster_30,2015,2015-02-09,2015-03-09,21,30,40222,Pey,558.0
2015-02-09---2015-03-09_cluster_30,2015,2015-02-09,2015-03-09,21,30,40235,Poyanne,403.0
2015-02-09---2015-03-09_cluster_30,2015,2015-02-09,2015-03-09,21,30,40256,Saint-Étienne-d'Orthe,34.0
2015-02-09---2015-03-09_cluster_30,2015,2015-02-09,2015-03-09,21,30,40263,Saint-Jean-de-Lier,462.0
2015-02-09---2015-03-09_cluster_30,2015,2015-02-09,2015-03-09,21,30,40301,Siest,404.0
2015-02-09---2015-03-09_cluster_30,2015,2015-02-09,2015-03-09,21,30,40314,Tercis-les-Bains,386.0
2015-02-09---2015-03-09_cluster_30,2015,2015-02-09,2015-03-09,21,30,40324,Vicq-d'Auribat,377.0
2015-02-09---2015-03-09_cluster_30,2015,2015-02-09,2015-03-09,21,30,40334,Yzosse,406.0
2015-02-09---2015-03-09_cluster_30,2015,2015-02-09,2015-03-09,21,30,64123,Bidache,236.0
2015-02-16---2015-03-09_cluster_35,2015,2015-02-16,2015-03-09,14,35,02014,Amigny-Rouy,183.0
2015-02-16---2015-03-09_cluster_35,2015,2015-02-16,2015-03-09,14,35,02262,Deuillet,17.0
2015-02-16---2015-03-09_cluster_35,2015,2015-02-16,2015-03-09,14,35,02716,Servais,18.0
2015-02-16---2015-03-09_cluster_35,2015,2015-02-16,2015-03-09,14,35,02719,Sinceny,90.0
2015-02-16---2015-03-09_cluster_35,2015,2015-02-16,2015-03-09,14,35,08461,Vandy,22.0
2015-02-16---2015-03-09_cluster_35,2015,2015-02-16,2015-03-09,14,35,50016,Appeville,14.0
2015-02-16---2015-03-09_cluster_35,2015,2015-02-16,2015-03-09,14,35,50023,Auvers,35.0
2015-02-16---2015-03-09_cluster_35,2015,2015-02-16,2015-03-09,14,35,50052,Beuzeville-la-Bastille,21.0
2015-02-16---2015-03-09_cluster_35,2015,2015-02-16,2015-03-09,14,35,50099,Carentan-les-Marais,25.0
2015-02-16---2015-03-09_cluster_35,2015,2015-02-16,2015-03-09,14,35,50269,Liesville-sur-Douve,21.0
2015-02-16---2015-03-09_cluster_35,2015,2015-02-16,2015-03-09,14,35,50451,Saint-Brice,32.0
2015-02-16---2015-03-09_cluster_35,2015,2015-02-16,2015-03-09,14,35,50468,Saint-Fromond,73.0
2015-02-16---2015-03-09_cluster_35,2015,2015-02-16,2015-03-09,14,35,50606,Tribehou,26.0
2015-02-16---2015-03-09_cluster_35,2015,2015-02-16,2015-03-09,14,35,50617,Varenguebec,17.0
2015-02-16---2015-03-09_cluster_35,2015,2015-02-16,2015-03-09,14,35,51171,Cormicy,266.0
2015-02-16---2015-03-09_cluster_35,2015,2015-02-16,2015-03-09,14,35,51533,Servon-Melzicourt,25.0
2015-02-16---2015-03-09_cluster_35,2015,2015-02-16,2015-03-09,14,35,60105,Brétigny,10.0
2015-03-09---2015-03-23_cluster_49,2015,2015-03-09,2015-03-23,14,49,40314,Tercis-les-Bains,321.0
2015-04-27---2015-05-11_cluster_92,2015,2015-04-27,2015-05-11,14,92,27640,Tilleul-Dame-Agnès,47.0
2015-04-27---2015-05-11_cluster_92,2015,2015-04-27,2015-05-11,14,92,50151,Créances,331.0
2015-04-27---2015-05-11_cluster_93,2015,2015-04-27,2015-05-11,14,93,21301,Glanon,19.0
2015-04-27---2015-05-11_cluster_93,2015,2015-04-27,2015-05-11,14,93,71219,Gigny-sur-Saône,108.0
2015-04-27---2015-05-11_cluster_93,2015,2015-04-27,2015-05-11,14,93,71283,Marnay,58.0
2015-04-27---2015-05-11_cluster_93,2015,2015-04-27,2015-05-11,14,93,71315,Mont-lès-Seurre,152.0
2015-04-27---2015-05-11_cluster_93,2015,2015-04-27,2015-05-11,14,93,71504,Saunières,15.0
2015-06-01---2015-06-08_cluster_119,2015,2015-06-01,2015-06-08,7,119,41121,La Madeleine-Villefrouin,10.0
2015-06-01---2015-06-08_cluster_119,2015,2015-06-01,2015-06-08,7,119,45344,Villorceau,10.0
2015-06-29---2015-07-06_cluster_143,2015,2015-06-29,2015-07-06,7,143,44049,Le Croisic,10.0
2015-08-31---2015-09-07_cluster_202,2015,2015-08-31,2015-09-07,7,202,56018,Billiers,10.0
2015-11-23---2015-12-21_cluster_286,2015,2015-11-23,2015-12-21,28,286,40133,Labenne,154.0
2015-11-23---2016-01-04_cluster_344,2015,2015-11-23,2016-01-04,42,344,50016,Appeville,10.0
2015-11-23---2016-01-04_cluster_344,2015,2015-11-23,2016-01-04,42,344,50099,Carentan-les-Marais,12.0
2015-11-23---2016-01-04_cluster_344,2015,2015-11-23,2016-01-04,42,344,50216,Graignes-Mesnil-Angot,19.0
2015-11-23---2016-01-04_cluster_344,2015,2015-11-23,2016-01-04,42,344,50269,Liesville-sur-Douve,13.0
2015-11-23---2016-01-04_cluster_344,2015,2015-11-23,2016-01-04,42,344,50298,Méautis,10.0
2015-11-23---2016-01-04_cluster_344,2015,2015-11-23,2016-01-04,42,344,50445,Saint-André-de-Bohon,23.0
2015-11-23---2016-01-04_cluster_344,2015,2015-11-23,2016-01-04,42,344,50606,Tribehou,27.0
2015-11-23---2016-01-04_cluster_344,2015,2015-11-23,2016-01-04,42,344,50617,Varenguebec,13.0
2015-12-14---2015-12-21_cluster_307,2015,2015-12-14,2015-12-21,7,307,50269,Liesville-sur-Douve,11.0
2015-12-14---2015-12-21_cluster_307,2015,2015-12-14,2015-12-21,7,307,50617,Varenguebec,17.0
2015-12-28---2016-02-22_cluster_295,2016,2015-12-28,2016-02-22,42,295,02014,Amigny-Rouy,185.0
2015-12-28---2016-02-22_cluster_295,2016,2015-12-28,2016-02-22,42,295,02262,Deuillet,10.0
2015-12-28---2016-02-22_cluster_295,2016,2015-12-28,2016-02-22,42,295,02716,Servais,11.0
2015-12-28---2016-02-22_cluster_295,2016,2015-12-28,2016-02-22,42,295,02719,Sinceny,84.0
2015-12-28---2016-02-22_cluster_295,2016,2015-12-28,2016-02-22,42,295,08082,Brécy-Brières,35.0
2015-12-28---2016-02-22_cluster_295,2016,2015-12-28,2016-02-22,42,295,08168,La Ferté-sur-Chiers,42.0
2015-12-28---2016-02-22_cluster_295,2016,2015-12-28,2016-02-22,42,295,08461,Vandy,55.0
2015-12-28---2016-02-22_cluster_295,2016,2015-12-28,2016-02-22,42,295,10171,Hampigny,49.0
2015-12-28---2016-02-22_cluster_295,2016,2015-12-28,2016-02-22,42,295,10315,Rances,57.0
2015-12-28---2016-02-22_cluster_295,2016,2015-12-28,2016-02-22,42,295,14168,Colombières,10.0
2015-12-28---2016-02-22_cluster_295,2016,2015-12-28,2016-02-22,42,295,16217,Merpins,87.0
2015-12-28---2016-02-22_cluster_295,2016,2015-12-28,2016-02-22,42,295,17069,Brives-sur-Charente,368.0
2015-12-28---2016-02-22_cluster_295,2016,2015-12-28,2016-02-22,42,295,17073,Bussac-sur-Charente,451.0
2015-12-28---2016-02-22_cluster_295,2016,2015-12-28,2016-02-22,42,295,17115,Colombiers,40.0
2015-12-28---2016-02-22_cluster_295,2016,2015-12-28,2016-02-22,42,295,17128,Courcoury,370.0
2015-12-28---2016-02-22_cluster_295,2016,2015-12-28,2016-02-22,42,295,17179,Les Gonds,859.0
2015-12-28---2016-02-22_cluster_295,2016,2015-12-28,2016-02-22,42,295,17304,Rouffiac,280.0
2015-12-28---2016-02-22_cluster_295,2016,2015-12-28,2016-02-22,42,295,17400,Saint-Sever-de-Saintonge,223.0
2015-12-28---2016-02-22_cluster_295,2016,2015-12-28,2016-02-22,42,295,17418,Salignac-sur-Charente,381.0
2015-12-28---2016-02-22_cluster_295,2016,2015-12-28,2016-02-22,42,295,21301,Glanon,61.0
2015-12-28---2016-02-22_cluster_295,2016,2015-12-28,2016-02-22,42,295,21344,Lechâtelet,142.0
2015-12-28---2016-02-22_cluster_295,2016,2015-12-28,2016-02-22,42,295,21607,Seurre,173.0
2015-12-28---2016-02-22_cluster_295,2016,2015-12-28,2016-02-22,42,295,25317,Jallerange,40.0
2015-12-28---2016-02-22_cluster_295,2016,2015-12-28,2016-02-22,42,295,25403,Montlebon,247.0
2015-12-28---2016-02-22_cluster_295,2016,2015-12-28,2016-02-22,42,295,39398,Ougney,254.0
2015-12-28---2016-02-22_cluster_295,2016,2015-12-28,2016-02-22,42,295,39402,Pagney,687.0
2015-12-28---2016-02-22_cluster_295,2016,2015-12-28,2016-02-22,42,295,39528,Thervay,58.0
2015-12-28---2016-02-22_cluster_295,2016,2015-12-28,2016-02-22,42,295,39581,Vitreux,339.0
2015-12-28---2016-02-22_cluster_295,2016,2015-12-28,2016-02-22,42,295,44019,Bouée,49.0
2015-12-28---2016-02-22_cluster_295,2016,2015-12-28,2016-02-22,42,295,44047,Couëron,112.0
2015-12-28---2016-02-22_cluster_295,2016,2015-12-28,2016-02-22,42,295,44052,Donges,39.0
2015-12-28---2016-02-22_cluster_295,2016,2015-12-28,2016-02-22,42,295,44061,Frossay,10.0
2015-12-28---2016-02-22_cluster_295,2016,2015-12-28,2016-02-22,42,295,44133,Port-Saint-Père,175.0
2015-12-28---2016-02-22_cluster_295,2016,2015-12-28,2016-02-22,42,295,44192,Saint-Viaud,39.0
2015-12-28---2016-02-22_cluster_295,2016,2015-12-28,2016-02-22,42,295,49048,Briollay,209.0
2015-12-28---2016-02-22_cluster_295,2016,2015-12-28,2016-02-22,42,295,49129,Écouflant,357.0
2015-12-28---2016-02-22_cluster_295,2016,2015-12-28,2016-02-22,42,295,50004,Airel,61.0
2015-12-28---2016-02-22_cluster_295,2016,2015-12-28,2016-02-22,42,295,50016,Appeville,40.0
2015-12-28---2016-02-22_cluster_295,2016,2015-12-28,2016-02-22,42,295,50023,Auvers,90.0
2015-12-28---2016-02-22_cluster_295,2016,2015-12-28,2016-02-22,42,295,50070,Boutteville,62.0
2015-12-28---2016-02-22_cluster_295,2016,2015-12-28,2016-02-22,42,295,50099,Carentan-les-Marais,68.0
2015-12-28---2016-02-22_cluster_295,2016,2015-12-28,2016-02-22,42,295,50151,Créances,311.0
2015-12-28---2016-02-22_cluster_295,2016,2015-12-28,2016-02-22,42,295,50216,Graignes-Mesnil-Angot,22.0
2015-12-28---2016-02-22_cluster_295,2016,2015-12-28,2016-02-22,42,295,50269,Liesville-sur-Douve,15.0
2015-12-28---2016-02-22_cluster_295,2016,2015-12-28,2016-02-22,42,295,50298,Méautis,36.0
2015-12-28---2016-02-22_cluster_295,2016,2015-12-28,2016-02-22,42,295,50409,Pont-Hébert,36.0
2015-12-28---2016-02-22_cluster_295,2016,2015-12-28,2016-02-22,42,295,50431,Remilly Les Marais,33.0
2015-12-28---2016-02-22_cluster_295,2016,2015-12-28,2016-02-22,42,295,50445,Saint-André-de-Bohon,25.0
2015-12-28---2016-02-22_cluster_295,2016,2015-12-28,2016-02-22,42,295,50468,Saint-Fromond,86.0
2015-12-28---2016-02-22_cluster_295,2016,2015-12-28,2016-02-22,42,295,50606,Tribehou,56.0
2015-12-28---2016-02-22_cluster_295,2016,2015-12-28,2016-02-22,42,295,50617,Varenguebec,42.0
2015-12-28---2016-02-22_cluster_295,2016,2015-12-28,2016-02-22,42,295,51065,Blacy,141.0
2015-12-28---2016-02-22_cluster_295,2016,2015-12-28,2016-02-22,42,295,51143,Le Chemin,40.0
2015-12-28---2016-02-22_cluster_295,2016,2015-12-28,2016-02-22,42,295,51502,Saint-Martin-aux-Champs,10.0
2015-12-28---2016-02-22_cluster_295,2016,2015-12-28,2016-02-22,42,295,51533,Servon-Melzicourt,10.0
2015-12-28---2016-02-22_cluster_295,2016,2015-12-28,2016-02-22,42,295,51552,Songy,10.0
2015-12-28---2016-02-22_cluster_295,2016,2015-12-28,2016-02-22,42,295,51610,Verrières,32.0
2015-12-28---2016-02-22_cluster_295,2016,2015-12-28,2016-02-22,42,295,51648,Vitry-la-Ville,11.0
2015-12-28---2016-02-22_cluster_295,2016,2015-12-28,2016-02-22,42,295,52512,Vecqueville,23.0
2015-12-28---2016-02-22_cluster_295,2016,2015-12-28,2016-02-22,42,295,54070,Bey-sur-Seille,82.0
2015-12-28---2016-02-22_cluster_295,2016,2015-12-28,2016-02-22,42,295,54387,Morville-sur-Seille,240.0
2015-12-28---2016-02-22_cluster_295,2016,2015-12-28,2016-02-22,42,295,55009,Ancemont,98.0
2015-12-28---2016-02-22_cluster_295,2016,2015-12-28,2016-02-22,42,295,55064,Bouquemont,299.0
2015-12-28---2016-02-22_cluster_295,2016,2015-12-28,2016-02-22,42,295,55080,Brixey-aux-Chanoines,12.0
2015-12-28---2016-02-22_cluster_295,2016,2015-12-28,2016-02-22,42,295,55102,Charny-sur-Meuse,346.0
2015-12-28---2016-02-22_cluster_295,2016,2015-12-28,2016-02-22,42,295,55111,Chauvoncourt,269.0
2015-12-28---2016-02-22_cluster_295,2016,2015-12-28,2016-02-22,42,295,55122,Commercy,343.0
2015-12-28---2016-02-22_cluster_295,2016,2015-12-28,2016-02-22,42,295,55168,Duzey,26.0
2015-12-28---2016-02-22_cluster_295,2016,2015-12-28,2016-02-22,42,295,55312,Maizey,290.0
2015-12-28---2016-02-22_cluster_295,2016,2015-12-28,2016-02-22,42,295,55328,Maxey-sur-Vaise,277.0
2015-12-28---2016-02-22_cluster_295,2016,2015-12-28,2016-02-22,42,295,55347,Les Monthairons,148.0
2015-12-28---2016-02-22_cluster_295,2016,2015-12-28,2016-02-22,42,295,55433,Rigny-la-Salle,294.0
2015-12-28---2016-02-22_cluster_295,2016,2015-12-28,2016-02-22,42,295,55444,Rouvrois-sur-Meuse,45.0
2015-12-28---2016-02-22_cluster_295,2016,2015-12-28,2016-02-22,42,295,55485,Sepvigny,236.0
2015-12-28---2016-02-22_cluster_295,2016,2015-12-28,2016-02-22,42,295,55503,Taillancourt,27.0
2015-12-28---2016-02-22_cluster_295,2016,2015-12-28,2016-02-22,42,295,57002,Aboncourt-sur-Seille,173.0
2015-12-28---2016-02-22_cluster_295,2016,2015-12-28,2016-02-22,42,295,57040,Aulnois-sur-Seille,10.0
2015-12-28---2016-02-22_cluster_295,2016,2015-12-28,2016-02-22,42,295,57070,Bettange,16.0
2015-12-28---2016-02-22_cluster_295,2016,2015-12-28,2016-02-22,42,295,57155,Courcelles-Chaussy,16.0
2015-12-28---2016-02-22_cluster_295,2016,2015-12-28,2016-02-22,42,295,57187,Éblange,28.0
2015-12-28---2016-02-22_cluster_295,2016,2015-12-28,2016-02-22,42,295,57308,Hazembourg,64.0
2015-12-28---2016-02-22_cluster_295,2016,2015-12-28,2016-02-22,42,295,57329,Holling,38.0
2015-12-28---2016-02-22_cluster_295,2016,2015-12-28,2016-02-22,42,295,57431,Maizeroy,57.0
2015-12-28---2016-02-22_cluster_295,2016,2015-12-28,2016-02-22,42,295,57440,Manhoué,34.0
2015-12-28---2016-02-22_cluster_295,2016,2015-12-28,2016-02-22,42,295,57547,Pommérieux,16.0
2015-12-28---2016-02-22_cluster_295,2016,2015-12-28,2016-02-22,42,295,57627,Sanry-sur-Nied,11.0
2015-12-28---2016-02-22_cluster_295,2016,2015-12-28,2016-02-22,42,295,60105,Brétigny,19.0
2015-12-28---2016-02-22_cluster_295,2016,2015-12-28,2016-02-22,42,295,60507,Pontoise-lès-Noyon,157.0
2015-12-28---2016-02-22_cluster_295,2016,2015-12-28,2016-02-22,42,295,60655,Varesnes,138.0
2015-12-28---2016-02-22_cluster_295,2016,2015-12-28,2016-02-22,42,295,70127,Chantes,395.0
2015-12-28---2016-02-22_cluster_295,2016,2015-12-28,2016-02-22,42,295,70491,Seveux-Motey,408.0
2015-12-28---2016-02-22_cluster_295,2016,2015-12-28,2016-02-22,42,295,70492,Soing-Cubry-Charentenay,417.0
2015-12-28---2016-02-22_cluster_295,2016,2015-12-28,2016-02-22,42,295,70529,Velet,15.0
2015-12-28---2016-02-22_cluster_295,2016,2015-12-28,2016-02-22,42,295,70539,Vellexon-Queutrey-et-Vaudey,287.0
2015-12-28---2016-02-22_cluster_295,2016,2015-12-28,2016-02-22,42,295,71219,Gigny-sur-Saône,74.0
2015-12-28---2016-02-22_cluster_295,2016,2015-12-28,2016-02-22,42,295,71315,Mont-lès-Seurre,103.0
2015-12-28---2016-02-22_cluster_295,2016,2015-12-28,2016-02-22,42,295,71423,Saint-Gervais-en-Vallière,23.0
2015-12-28---2016-02-22_cluster_295,2016,2015-12-28,2016-02-22,42,295,71504,Saunières,26.0
2015-12-28---2016-02-22_cluster_295,2016,2015-12-28,2016-02-22,42,295,72115,Dissay-sous-Courcillon,134.0
2015-12-28---2016-02-22_cluster_295,2016,2015-12-28,2016-02-22,42,295,85207,Saint-Denis-du-Payré,156.0
2016-01-25---2016-03-14_cluster_25,2016,2016-01-25,2016-03-14,49,25,40063,Candresse,45.0
2016-01-25---2016-03-14_cluster_25,2016,2016-01-25,2016-03-14,49,25,40088,Dax,277.0
2016-01-25---2016-03-14_cluster_25,2016,2016-01-25,2016-03-14,49,25,40211,Orist,453.0
2016-01-25---2016-03-14_cluster_25,2016,2016-01-25,2016-03-14,49,25,40222,Pey,486.0
2016-01-25---2016-03-14_cluster_25,2016,2016-01-25,2016-03-14,49,25,40263,Saint-Jean-de-Lier,399.0
2016-01-25---2016-03-14_cluster_25,2016,2016-01-25,2016-03-14,49,25,40314,Tercis-les-Bains,382.0
2016-01-25---2016-03-14_cluster_25,2016,2016-01-25,2016-03-14,49,25,40324,Vicq-d'Auribat,329.0
2016-01-25---2016-03-14_cluster_25,2016,2016-01-25,2016-03-14,49,25,40334,Yzosse,416.0
2016-01-25---2016-03-14_cluster_25,2016,2016-01-25,2016-03-14,49,25,64123,Bidache,82.0
2016-02-08---2016-03-21_cluster_299,2016,2016-02-08,2016-03-21,42,299,02014,Amigny-Rouy,185.0
2016-02-08---2016-03-21_cluster_299,2016,2016-02-08,2016-03-21,42,299,02262,Deuillet,10.0
2016-02-08---2016-03-21_cluster_299,2016,2016-02-08,2016-03-21,42,299,02716,Servais,12.0
2016-02-08---2016-03-21_cluster_299,2016,2016-02-08,2016-03-21,42,299,02719,Sinceny,84.0
2016-02-08---2016-03-21_cluster_299,2016,2016-02-08,2016-03-21,42,299,08004,Aire,77.0
2016-02-08---2016-03-21_cluster_299,2016,2016-02-08,2016-03-21,42,299,08020,Les Petites-Armoises,15.0
2016-02-08---2016-03-21_cluster_299,2016,2016-02-08,2016-03-21,42,299,08082,Brécy-Brières,34.0
2016-02-08---2016-03-21_cluster_299,2016,2016-02-08,2016-03-21,42,299,08168,La Ferté-sur-Chiers,42.0
2016-02-08---2016-03-21_cluster_299,2016,2016-02-08,2016-03-21,42,299,08317,La Neuville-à-Maire,86.0
2016-02-08---2016-03-21_cluster_299,2016,2016-02-08,2016-03-21,42,299,08357,Remilly-Aillicourt,486.0
2016-02-08---2016-03-21_cluster_299,2016,2016-02-08,2016-03-21,42,299,08461,Vandy,56.0
2016-02-08---2016-03-21_cluster_299,2016,2016-02-08,2016-03-21,42,299,08477,Villers-devant-Mouzon,308.0
2016-02-08---2016-03-21_cluster_299,2016,2016-02-08,2016-03-21,42,299,10171,Hampigny,49.0
2016-02-08---2016-03-21_cluster_299,2016,2016-02-08,2016-03-21,42,299,10225,Marnay-sur-Seine,259.0
2016-02-08---2016-03-21_cluster_299,2016,2016-02-08,2016-03-21,42,299,10298,Pont-sur-Seine,124.0
2016-02-08---2016-03-21_cluster_299,2016,2016-02-08,2016-03-21,42,299,10299,Pouan-les-Vallées,23.0
2016-02-08---2016-03-21_cluster_299,2016,2016-02-08,2016-03-21,42,299,10315,Rances,57.0
2016-02-08---2016-03-21_cluster_299,2016,2016-02-08,2016-03-21,42,299,10429,Villette-sur-Aube,420.0
2016-02-08---2016-03-21_cluster_299,2016,2016-02-08,2016-03-21,42,299,14107,Bricqueville,42.0
2016-02-08---2016-03-21_cluster_299,2016,2016-02-08,2016-03-21,42,299,14168,Colombières,12.0
2016-02-08---2016-03-21_cluster_299,2016,2016-02-08,2016-03-21,42,299,14397,Mandeville-en-Bessin,12.0
2016-02-08---2016-03-21_cluster_299,2016,2016-02-08,2016-03-21,42,299,16217,Merpins,435.0
2016-02-08---2016-03-21_cluster_299,2016,2016-02-08,2016-03-21,42,299,17069,Brives-sur-Charente,363.0
2016-02-08---2016-03-21_cluster_299,2016,2016-02-08,2016-03-21,42,299,17073,Bussac-sur-Charente,510.0
2016-02-08---2016-03-21_cluster_299,2016,2016-02-08,2016-03-21,42,299,17085,Champdolent,204.0
2016-02-08---2016-03-21_cluster_299,2016,2016-02-08,2016-03-21,42,299,17115,Colombiers,49.0
2016-02-08---2016-03-21_cluster_299,2016,2016-02-08,2016-03-21,42,299,17128,Courcoury,428.0
2016-02-08---2016-03-21_cluster_299,2016,2016-02-08,2016-03-21,42,299,17155,Étaules,122.0
2016-02-08---2016-03-21_cluster_299,2016,2016-02-08,2016-03-21,42,299,17164,Fontcouverte,481.0
2016-02-08---2016-03-21_cluster_299,2016,2016-02-08,2016-03-21,42,299,17171,Geay,243.0
2016-02-08---2016-03-21_cluster_299,2016,2016-02-08,2016-03-21,42,299,17179,Les Gonds,951.0
2016-02-08---2016-03-21_cluster_299,2016,2016-02-08,2016-03-21,42,299,17184,La Gripperie-Saint-Symphorien,16.0
2016-02-08---2016-03-21_cluster_299,2016,2016-02-08,2016-03-21,42,299,17185,Le Gua,126.0
2016-02-08---2016-03-21_cluster_299,2016,2016-02-08,2016-03-21,42,299,17191,La Jard,20.0
2016-02-08---2016-03-21_cluster_299,2016,2016-02-08,2016-03-21,42,299,17252,Le Mung,246.0
2016-02-08---2016-03-21_cluster_299,2016,2016-02-08,2016-03-21,42,299,17302,Romegoux,223.0
2016-02-08---2016-03-21_cluster_299,2016,2016-02-08,2016-03-21,42,299,17304,Rouffiac,320.0
2016-02-08---2016-03-21_cluster_299,2016,2016-02-08,2016-03-21,42,299,17400,Saint-Sever-de-Saintonge,245.0
2016-02-08---2016-03-21_cluster_299,2016,2016-02-08,2016-03-21,42,299,17412,Saint-Vaize,398.0
2016-02-08---2016-03-21_cluster_299,2016,2016-02-08,2016-03-21,42,299,17418,Salignac-sur-Charente,387.0
2016-02-08---2016-03-21_cluster_299,2016,2016-02-08,2016-03-21,42,299,17421,Saujon,144.0
2016-02-08---2016-03-21_cluster_299,2016,2016-02-08,2016-03-21,42,299,21301,Glanon,61.0
2016-02-08---2016-03-21_cluster_299,2016,2016-02-08,2016-03-21,42,299,21344,Lechâtelet,273.0
2016-02-08---2016-03-21_cluster_299,2016,2016-02-08,2016-03-21,42,299,21474,Pagny-la-Ville,73.0
2016-02-08---2016-03-21_cluster_299,2016,2016-02-08,2016-03-21,42,299,21574,Saint-Seine-sur-Vingeanne,10.0
2016-02-08---2016-03-21_cluster_299,2016,2016-02-08,2016-03-21,42,299,21607,Seurre,181.0
2016-02-08---2016-03-21_cluster_299,2016,2016-02-08,2016-03-21,42,299,24316,Parcoul-Chenaud,491.0
2016-02-08---2016-03-21_cluster_299,2016,2016-02-08,2016-03-21,42,299,24449,Saint-Martial-d'Artenset,580.0
2016-02-08---2016-03-21_cluster_299,2016,2016-02-08,2016-03-21,42,299,25317,Jallerange,39.0
2016-02-08---2016-03-21_cluster_299,2016,2016-02-08,2016-03-21,42,299,32291,Mormès,86.0
2016-02-08---2016-03-21_cluster_299,2016,2016-02-08,2016-03-21,42,299,33172,Fours,79.0
2016-02-08---2016-03-21_cluster_299,2016,2016-02-08,2016-03-21,42,299,33240,Lesparre-Médoc,21.0
2016-02-08---2016-03-21_cluster_299,2016,2016-02-08,2016-03-21,42,299,33315,Les Peintures,977.0
2016-02-08---2016-03-21_cluster_299,2016,2016-02-08,2016-03-21,42,299,33395,Saint-Estèphe,22.0
2016-02-08---2016-03-21_cluster_299,2016,2016-02-08,2016-03-21,42,299,35101,Dourdain,99.0
2016-02-08---2016-03-21_cluster_299,2016,2016-02-08,2016-03-21,42,299,37056,La Chapelle-aux-Naux,364.0
2016-02-08---2016-03-21_cluster_299,2016,2016-02-08,2016-03-21,42,299,37195,La Riche,197.0
2016-02-08---2016-03-21_cluster_299,2016,2016-02-08,2016-03-21,42,299,37258,Thizay,76.0
2016-02-08---2016-03-21_cluster_299,2016,2016-02-08,2016-03-21,42,299,37269,Verneuil-sur-Indre,40.0
2016-02-08---2016-03-21_cluster_299,2016,2016-02-08,2016-03-21,42,299,39402,Pagney,693.0
2016-02-08---2016-03-21_cluster_299,2016,2016-02-08,2016-03-21,42,299,39528,Thervay,42.0
2016-02-08---2016-03-21_cluster_299,2016,2016-02-08,2016-03-21,42,299,39581,Vitreux,319.0
2016-02-08---2016-03-21_cluster_299,2016,2016-02-08,2016-03-21,42,299,44019,Bouée,49.0
2016-02-08---2016-03-21_cluster_299,2016,2016-02-08,2016-03-21,42,299,44047,Couëron,112.0
2016-02-08---2016-03-21_cluster_299,2016,2016-02-08,2016-03-21,42,299,44052,Donges,40.0
2016-02-08---2016-03-21_cluster_299,2016,2016-02-08,2016-03-21,42,299,44061,Frossay,10.0
2016-02-08---2016-03-21_cluster_299,2016,2016-02-08,2016-03-21,42,299,44126,La Plaine-sur-Mer,19.0
2016-02-08---2016-03-21_cluster_299,2016,2016-02-08,2016-03-21,42,299,44133,Port-Saint-Père,177.0
2016-02-08---2016-03-21_cluster_299,2016,2016-02-08,2016-03-21,42,299,44192,Saint-Viaud,39.0
2016-02-08---2016-03-21_cluster_299,2016,2016-02-08,2016-03-21,42,299,49048,Briollay,220.0
2016-02-08---2016-03-21_cluster_299,2016,2016-02-08,2016-03-21,42,299,49129,Écouflant,363.0
2016-02-08---2016-03-21_cluster_299,2016,2016-02-08,2016-03-21,42,299,49358,Turquant,10.0
2016-02-08---2016-03-21_cluster_299,2016,2016-02-08,2016-03-21,42,299,50004,Airel,67.0
2016-02-08---2016-03-21_cluster_299,2016,2016-02-08,2016-03-21,42,299,50016,Appeville,22.0
2016-02-08---2016-03-21_cluster_299,2016,2016-02-08,2016-03-21,42,299,50023,Auvers,65.0
2016-02-08---2016-03-21_cluster_299,2016,2016-02-08,2016-03-21,42,299,50052,Beuzeville-la-Bastille,11.0
2016-02-08---2016-03-21_cluster_299,2016,2016-02-08,2016-03-21,42,299,50070,Boutteville,52.0
2016-02-08---2016-03-21_cluster_299,2016,2016-02-08,2016-03-21,42,299,50099,Carentan-les-Marais,74.0
2016-02-08---2016-03-21_cluster_299,2016,2016-02-08,2016-03-21,42,299,50216,Graignes-Mesnil-Angot,18.0
2016-02-08---2016-03-21_cluster_299,2016,2016-02-08,2016-03-21,42,299,50263,Lapenty,132.0
2016-02-08---2016-03-21_cluster_299,2016,2016-02-08,2016-03-21,42,299,50269,Liesville-sur-Douve,24.0
2016-02-08---2016-03-21_cluster_299,2016,2016-02-08,2016-03-21,42,299,50298,Méautis,37.0
2016-02-08---2016-03-21_cluster_299,2016,2016-02-08,2016-03-21,42,299,50400,Picauville,48.0
2016-02-08---2016-03-21_cluster_299,2016,2016-02-08,2016-03-21,42,299,50409,Pont-Hébert,31.0
2016-02-08---2016-03-21_cluster_299,2016,2016-02-08,2016-03-21,42,299,50422,Raids,27.0
2016-02-08---2016-03-21_cluster_299,2016,2016-02-08,2016-03-21,42,299,50431,Remilly Les Marais,35.0
2016-02-08---2016-03-21_cluster_299,2016,2016-02-08,2016-03-21,42,299,50445,Saint-André-de-Bohon,24.0
2016-02-08---2016-03-21_cluster_299,2016,2016-02-08,2016-03-21,42,299,50451,Saint-Brice,41.0
2016-02-08---2016-03-21_cluster_299,2016,2016-02-08,2016-03-21,42,299,50468,Saint-Fromond,121.0
2016-02-08---2016-03-21_cluster_299,2016,2016-02-08,2016-03-21,42,299,50488,Saint-Jean-de-Daye,95.0
2016-02-08---2016-03-21_cluster_299,2016,2016-02-08,2016-03-21,42,299,50554,Saint-Senier-sous-Avranches,10.0
2016-02-08---2016-03-21_cluster_299,2016,2016-02-08,2016-03-21,42,299,50606,Tribehou,47.0
2016-02-08---2016-03-21_cluster_299,2016,2016-02-08,2016-03-21,42,299,50617,Varenguebec,18.0
2016-02-08---2016-03-21_cluster_299,2016,2016-02-08,2016-03-21,42,299,51018,Athis,25.0
2016-02-08---2016-03-21_cluster_299,2016,2016-02-08,2016-03-21,42,299,51023,Aulnay-sur-Marne,151.0
2016-02-08---2016-03-21_cluster_299,2016,2016-02-08,2016-03-21,42,299,51065,Blacy,142.0
2016-02-08---2016-03-21_cluster_299,2016,2016-02-08,2016-03-21,42,299,51143,Le Chemin,48.0
2016-02-08---2016-03-21_cluster_299,2016,2016-02-08,2016-03-21,42,299,51150,Cherville,22.0
2016-02-08---2016-03-21_cluster_299,2016,2016-02-08,2016-03-21,42,299,51153,Chouilly,259.0
2016-02-08---2016-03-21_cluster_299,2016,2016-02-08,2016-03-21,42,299,51171,Cormicy,348.0
2016-02-08---2016-03-21_cluster_299,2016,2016-02-08,2016-03-21,42,299,51242,Fagnières,27.0
2016-02-08---2016-03-21_cluster_299,2016,2016-02-08,2016-03-21,42,299,51303,Jâlons,26.0
2016-02-08---2016-03-21_cluster_299,2016,2016-02-08,2016-03-21,42,299,51357,Matougues,10.0
2016-02-08---2016-03-21_cluster_299,2016,2016-02-08,2016-03-21,42,299,51413,Oiry,44.0
2016-02-08---2016-03-21_cluster_299,2016,2016-02-08,2016-03-21,42,299,51483,Saint-Gibrien,91.0
2016-02-08---2016-03-21_cluster_299,2016,2016-02-08,2016-03-21,42,299,51502,Saint-Martin-aux-Champs,10.0
2016-02-08---2016-03-21_cluster_299,2016,2016-02-08,2016-03-21,42,299,51533,Servon-Melzicourt,28.0
2016-02-08---2016-03-21_cluster_299,2016,2016-02-08,2016-03-21,42,299,51552,Songy,10.0
2016-02-08---2016-03-21_cluster_299,2016,2016-02-08,2016-03-21,42,299,51610,Verrières,32.0
2016-02-08---2016-03-21_cluster_299,2016,2016-02-08,2016-03-21,42,299,51648,Vitry-la-Ville,45.0
2016-02-08---2016-03-21_cluster_299,2016,2016-02-08,2016-03-21,42,299,52512,Vecqueville,23.0
2016-02-08---2016-03-21_cluster_299,2016,2016-02-08,2016-03-21,42,299,55007,Ambly-sur-Meuse,12.0
2016-02-08---2016-03-21_cluster_299,2016,2016-02-08,2016-03-21,42,299,55009,Ancemont,125.0
2016-02-08---2016-03-21_cluster_299,2016,2016-02-08,2016-03-21,42,299,55027,Bannoncourt,278.0
2016-02-08---2016-03-21_cluster_299,2016,2016-02-08,2016-03-21,42,299,55042,Belleray,305.0
2016-02-08---2016-03-21_cluster_299,2016,2016-02-08,2016-03-21,42,299,55043,Belleville-sur-Meuse,178.0
2016-02-08---2016-03-21_cluster_299,2016,2016-02-08,2016-03-21,42,299,55064,Bouquemont,327.0
2016-02-08---2016-03-21_cluster_299,2016,2016-02-08,2016-03-21,42,299,55078,Brieulles-sur-Meuse,363.0
2016-02-08---2016-03-21_cluster_299,2016,2016-02-08,2016-03-21,42,299,55080,Brixey-aux-Chanoines,12.0
2016-02-08---2016-03-21_cluster_299,2016,2016-02-08,2016-03-21,42,299,55099,Champneuville,214.0
2016-02-08---2016-03-21_cluster_299,2016,2016-02-08,2016-03-21,42,299,55102,Charny-sur-Meuse,393.0
2016-02-08---2016-03-21_cluster_299,2016,2016-02-08,2016-03-21,42,299,55111,Chauvoncourt,292.0
2016-02-08---2016-03-21_cluster_299,2016,2016-02-08,2016-03-21,42,299,55122,Commercy,343.0
2016-02-08---2016-03-21_cluster_299,2016,2016-02-08,2016-03-21,42,299,55146,Dannevoux,212.0
2016-02-08---2016-03-21_cluster_299,2016,2016-02-08,2016-03-21,42,299,55154,Dieue-sur-Meuse,357.0
2016-02-08---2016-03-21_cluster_299,2016,2016-02-08,2016-03-21,42,299,55168,Duzey,19.0
2016-02-08---2016-03-21_cluster_299,2016,2016-02-08,2016-03-21,42,299,55292,Liny-devant-Dun,304.0
2016-02-08---2016-03-21_cluster_299,2016,2016-02-08,2016-03-21,42,299,55310,Luzy-Saint-Martin,231.0
2016-02-08---2016-03-21_cluster_299,2016,2016-02-08,2016-03-21,42,299,55312,Maizey,320.0
2016-02-08---2016-03-21_cluster_299,2016,2016-02-08,2016-03-21,42,299,55321,Marre,172.0
2016-02-08---2016-03-21_cluster_299,2016,2016-02-08,2016-03-21,42,299,55328,Maxey-sur-Vaise,279.0
2016-02-08---2016-03-21_cluster_299,2016,2016-02-08,2016-03-21,42,299,55345,Mont-devant-Sassey,266.0
2016-02-08---2016-03-21_cluster_299,2016,2016-02-08,2016-03-21,42,299,55347,Les Monthairons,205.0
2016-02-08---2016-03-21_cluster_299,2016,2016-02-08,2016-03-21,42,299,55422,Regnéville-sur-Meuse,416.0
2016-02-08---2016-03-21_cluster_299,2016,2016-02-08,2016-03-21,42,299,55433,Rigny-la-Salle,289.0
2016-02-08---2016-03-21_cluster_299,2016,2016-02-08,2016-03-21,42,299,55444,Rouvrois-sur-Meuse,52.0
2016-02-08---2016-03-21_cluster_299,2016,2016-02-08,2016-03-21,42,299,55469,Sassey-sur-Meuse,205.0
2016-02-08---2016-03-21_cluster_299,2016,2016-02-08,2016-03-21,42,299,55485,Sepvigny,254.0
2016-02-08---2016-03-21_cluster_299,2016,2016-02-08,2016-03-21,42,299,55503,Taillancourt,27.0
2016-02-08---2016-03-21_cluster_299,2016,2016-02-08,2016-03-21,42,299,55573,Void-Vacon,32.0
2016-02-08---2016-03-21_cluster_299,2016,2016-02-08,2016-03-21,42,299,55584,Woimbey,29.0
2016-02-08---2016-03-21_cluster_299,2016,2016-02-08,2016-03-21,42,299,57308,Hazembourg,25.0
2016-02-08---2016-03-21_cluster_299,2016,2016-02-08,2016-03-21,42,299,60105,Brétigny,18.0
2016-02-08---2016-03-21_cluster_299,2016,2016-02-08,2016-03-21,42,299,60507,Pontoise-lès-Noyon,172.0
2016-02-08---2016-03-21_cluster_299,2016,2016-02-08,2016-03-21,42,299,60655,Varesnes,142.0
2016-02-08---2016-03-21_cluster_299,2016,2016-02-08,2016-03-21,42,299,61450,Saint-Quentin-de-Blavou,19.0
2016-02-08---2016-03-21_cluster_299,2016,2016-02-08,2016-03-21,42,299,62894,Wimille,20.0
2016-02-08---2016-03-21_cluster_299,2016,2016-02-08,2016-03-21,42,299,70018,Ancier,10.0
2016-02-08---2016-03-21_cluster_299,2016,2016-02-08,2016-03-21,42,299,70127,Chantes,407.0
2016-02-08---2016-03-21_cluster_299,2016,2016-02-08,2016-03-21,42,299,70454,Rosières-sur-Mance,23.0
2016-02-08---2016-03-21_cluster_299,2016,2016-02-08,2016-03-21,42,299,70491,Seveux-Motey,416.0
2016-02-08---2016-03-21_cluster_299,2016,2016-02-08,2016-03-21,42,299,70492,Soing-Cubry-Charentenay,401.0
2016-02-08---2016-03-21_cluster_299,2016,2016-02-08,2016-03-21,42,299,70504,Traves,717.0
2016-02-08---2016-03-21_cluster_299,2016,2016-02-08,2016-03-21,42,299,70529,Velet,15.0
2016-02-08---2016-03-21_cluster_299,2016,2016-02-08,2016-03-21,42,299,70539,Vellexon-Queutrey-et-Vaudey,293.0
2016-02-08---2016-03-21_cluster_299,2016,2016-02-08,2016-03-21,42,299,70572,Vitrey-sur-Mance,17.0
2016-02-08---2016-03-21_cluster_299,2016,2016-02-08,2016-03-21,42,299,71219,Gigny-sur-Saône,122.0
2016-02-08---2016-03-21_cluster_299,2016,2016-02-08,2016-03-21,42,299,71244,Jouvençon,139.0
2016-02-08---2016-03-21_cluster_299,2016,2016-02-08,2016-03-21,42,299,71248,Lacrost,64.0
2016-02-08---2016-03-21_cluster_299,2016,2016-02-08,2016-03-21,42,299,71283,Marnay,55.0
2016-02-08---2016-03-21_cluster_299,2016,2016-02-08,2016-03-21,42,299,71315,Mont-lès-Seurre,170.0
2016-02-08---2016-03-21_cluster_299,2016,2016-02-08,2016-03-21,42,299,71332,Ormes,177.0
2016-02-08---2016-03-21_cluster_299,2016,2016-02-08,2016-03-21,42,299,71543,Tournus,64.0
2016-02-08---2016-03-21_cluster_299,2016,2016-02-08,2016-03-21,42,299,71555,Varennes-le-Grand,107.0
2016-02-08---2016-03-21_cluster_299,2016,2016-02-08,2016-03-21,42,299,85004,Angles,10.0
2016-02-08---2016-03-21_cluster_299,2016,2016-02-08,2016-03-21,42,299,85207,Saint-Denis-du-Payré,143.0
2016-02-22---2016-04-18_cluster_300,2016,2016-02-22,2016-04-18,49,300,22174,Pléboulle,215.0
2016-02-22---2016-04-18_cluster_300,2016,2016-02-22,2016-04-18,49,300,44013,Besné,29.0
2016-02-22---2016-04-18_cluster_300,2016,2016-02-22,2016-04-18,49,300,44068,Guenrouet,19.0
2016-02-22---2016-04-18_cluster_300,2016,2016-02-22,2016-04-18,49,300,44123,Pierric,263.0
2016-02-22---2016-04-18_cluster_300,2016,2016-02-22,2016-04-18,49,300,49048,Briollay,209.0
2016-02-22---2016-04-18_cluster_300,2016,2016-02-22,2016-04-18,49,300,49129,Écouflant,364.0
2016-05-30---2016-06-06_cluster_110,2016,2016-05-30,2016-06-06,7,110,49007,Angers,207.0
2016-05-30---2016-06-06_cluster_110,2016,2016-05-30,2016-06-06,7,110,49048,Briollay,238.0
2016-05-30---2016-06-06_cluster_110,2016,2016-05-30,2016-06-06,7,110,49082,Chaudefonds-sur-Layon,367.0
2016-05-30---2016-06-06_cluster_110,2016,2016-05-30,2016-06-06,7,110,49110,Corzé,370.0
2016-05-30---2016-06-06_cluster_110,2016,2016-05-30,2016-06-06,7,110,49129,Écouflant,484.0
2016-05-30---2016-06-06_cluster_110,2016,2016-05-30,2016-06-06,7,110,49222,Mozé-sur-Louet,66.0
2016-05-30---2016-06-06_cluster_110,2016,2016-05-30,2016-06-06,7,110,49223,Mûrs-Erigné,41.0
2016-05-30---2016-06-06_cluster_110,2016,2016-05-30,2016-06-06,7,110,49259,Rochefort-sur-Loire,171.0
2016-05-30---2016-06-06_cluster_110,2016,2016-05-30,2016-06-06,7,110,49292,Val-du-Layon,655.0
2016-05-30---2016-06-13_cluster_111,2016,2016-05-30,2016-06-13,14,111,21301,Glanon,21.0
2016-05-30---2016-06-13_cluster_111,2016,2016-05-30,2016-06-13,14,111,37056,La Chapelle-aux-Naux,409.0
2016-05-30---2016-06-13_cluster_111,2016,2016-05-30,2016-06-13,14,111,37124,Larçay,17.0
2016-05-30---2016-06-13_cluster_111,2016,2016-05-30,2016-06-13,14,111,37195,La Riche,200.0
2016-05-30---2016-06-13_cluster_111,2016,2016-05-30,2016-06-13,14,111,37258,Thizay,27.0
2016-05-30---2016-06-13_cluster_111,2016,2016-05-30,2016-06-13,14,111,45089,Chécy,173.0
2016-05-30---2016-06-13_cluster_111,2016,2016-05-30,2016-06-13,14,111,45100,Combleux,241.0
2016-05-30---2016-06-13_cluster_111,2016,2016-05-30,2016-06-13,14,111,45173,Jargeau,119.0
2016-05-30---2016-06-13_cluster_111,2016,2016-05-30,2016-06-13,14,111,45280,Saint-Gondon,10.0
2016-05-30---2016-06-13_cluster_111,2016,2016-05-30,2016-06-13,14,111,45300,Sandillon,95.0
2016-05-30---2016-06-13_cluster_111,2016,2016-05-30,2016-06-13,14,111,49358,Turquant,62.0
2016-11-14---2016-11-21_cluster_257,2016,2016-11-14,2016-11-21,7,257,29254,Saint-Martin-des-Champs,413.0
2016-11-14---2016-12-19_cluster_259,2016,2016-11-14,2016-12-19,35,259,49129,Écouflant,342.0
2016-11-14---2016-12-19_cluster_259,2016,2016-11-14,2016-12-19,35,259,62125,Beuvrequen,16.0
2016-11-14---2016-12-19_cluster_259,2016,2016-11-14,2016-12-19,35,259,62894,Wimille,84.0
2016-11-21---2016-11-28_cluster_264,2016,2016-11-21,2016-11-28,7,264,03119,Gannay-sur-Loire,314.0
2016-11-21---2016-11-28_cluster_264,2016,2016-11-21,2016-11-28,7,264,13074,Peyrolles-en-Provence,69.0
2016-11-21---2016-11-28_cluster_264,2016,2016-11-21,2016-11-28,7,264,45300,Sandillon,95.0
2016-11-21---2016-11-28_cluster_264,2016,2016-11-21,2016-11-28,7,264,58173,Montaron,314.0
2016-11-21---2016-11-28_cluster_264,2016,2016-11-21,2016-11-28,7,264,58306,Verneuil,21.0
2016-11-21---2016-11-28_cluster_264,2016,2016-11-21,2016-11-28,7,264,71092,La Chapelle-Naude,17.0
2016-11-21---2016-11-28_cluster_264,2016,2016-11-21,2016-11-28,7,264,71155,Cronat,191.0
2016-11-21---2016-11-28_cluster_264,2016,2016-11-21,2016-11-28,7,264,71255,Lesme,26.0
2016-11-21---2016-11-28_cluster_264,2016,2016-11-21,2016-11-28,7,264,71423,Saint-Gervais-en-Vallière,16.0
2016-11-21---2016-11-28_cluster_264,2016,2016-11-21,2016-11-28,7,264,71500,Sarry,18.0
2016-11-21---2016-11-28_cluster_264,2016,2016-11-21,2016-11-28,7,264,71589,Vitry-sur-Loire,26.0
2016-11-21---2016-11-28_cluster_264,2016,2016-11-21,2016-11-28,7,264,83150,Vinon-sur-Verdon,82.0
2016-12-05---2016-12-19_cluster_275,2016,2016-12-05,2016-12-19,14,275,33514,Soulac-sur-Mer,633.0
2016-12-26---2017-01-02_cluster_2,2017,2016-12-26,2017-01-02,7,2,21674,Veuxhaulles-sur-Aube,109.0
2016-12-26---2017-01-23_cluster_341,2017,2016-12-26,2017-01-23,28,341,50016,Appeville,10.0
2016-12-26---2017-01-23_cluster_341,2017,2016-12-26,2017-01-23,28,341,50151,Créances,320.0
2016-12-26---2017-01-23_cluster_341,2017,2016-12-26,2017-01-23,28,341,50269,Liesville-sur-Douve,13.0
2016-12-26---2017-01-23_cluster_341,2017,2016-12-26,2017-01-23,28,341,50606,Tribehou,26.0
2016-12-26---2017-01-23_cluster_341,2017,2016-12-26,2017-01-23,28,341,62894,Wimille,14.0
2017-01-02---2017-01-09_cluster_6,2017,2017-01-02,2017-01-09,7,6,37117,Hommes,10.0
2017-01-23---2017-03-27_cluster_342,2017,2017-01-23,2017-03-27,56,342,45059,Bucy-Saint-Liphard,10.0
2017-01-23---2017-03-27_cluster_342,2017,2017-01-23,2017-03-27,56,342,45152,Gémigny,10.0
2017-01-23---2017-03-27_cluster_342,2017,2017-01-23,2017-03-27,56,342,50016,Appeville,23.0
2017-01-23---2017-03-27_cluster_342,2017,2017-01-23,2017-03-27,56,342,50023,Auvers,40.0
2017-01-23---2017-03-27_cluster_342,2017,2017-01-23,2017-03-27,56,342,50070,Boutteville,31.0
2017-01-23---2017-03-27_cluster_342,2017,2017-01-23,2017-03-27,56,342,50099,Carentan-les-Marais,24.0
2017-01-23---2017-03-27_cluster_342,2017,2017-01-23,2017-03-27,56,342,50151,Créances,365.0
2017-01-23---2017-03-27_cluster_342,2017,2017-01-23,2017-03-27,56,342,50216,Graignes-Mesnil-Angot,10.0
2017-01-23---2017-03-27_cluster_342,2017,2017-01-23,2017-03-27,56,342,50269,Liesville-sur-Douve,13.0
2017-01-23---2017-03-27_cluster_342,2017,2017-01-23,2017-03-27,56,342,50285,Magneville,10.0
2017-01-23---2017-03-27_cluster_342,2017,2017-01-23,2017-03-27,56,342,50298,Méautis,25.0
2017-01-23---2017-03-27_cluster_342,2017,2017-01-23,2017-03-27,56,342,50400,Picauville,31.0
2017-01-23---2017-03-27_cluster_342,2017,2017-01-23,2017-03-27,56,342,50409,Pont-Hébert,16.0
2017-01-23---2017-03-27_cluster_342,2017,2017-01-23,2017-03-27,56,342,50445,Saint-André-de-Bohon,10.0
2017-01-23---2017-03-27_cluster_342,2017,2017-01-23,2017-03-27,56,342,50606,Tribehou,44.0
2017-01-23---2017-03-27_cluster_342,2017,2017-01-23,2017-03-27,56,342,50617,Varenguebec,32.0
2017-01-23---2017-03-27_cluster_342,2017,2017-01-23,2017-03-27,56,342,89074,Champigny,355.0
2017-01-23---2017-03-27_cluster_342,2017,2017-01-23,2017-03-27,56,342,89456,Villemanoche,307.0
2017-02-13---2017-02-20_cluster_48,2017,2017-02-13,2017-02-20,7,48,21242,Échigey,22.0
2017-02-13---2017-02-20_cluster_48,2017,2017-02-13,2017-02-20,7,48,21622,Tart-le-Bas,10.0
2017-02-20---2017-04-10_cluster_350,2017,2017-02-20,2017-04-10,42,350,52074,Breuvannes-en-Bassigny,19.0
2017-02-20---2017-04-10_cluster_350,2017,2017-02-20,2017-04-10,42,350,55009,Ancemont,115.0
2017-02-20---2017-04-10_cluster_350,2017,2017-02-20,2017-04-10,42,350,55064,Bouquemont,262.0
2017-02-20---2017-04-10_cluster_350,2017,2017-02-20,2017-04-10,42,350,55097,Chalaines,624.0
2017-02-20---2017-04-10_cluster_350,2017,2017-02-20,2017-04-10,42,350,55102,Charny-sur-Meuse,342.0
2017-02-20---2017-04-10_cluster_350,2017,2017-02-20,2017-04-10,42,350,55122,Commercy,283.0
2017-02-20---2017-04-10_cluster_350,2017,2017-02-20,2017-04-10,42,350,55168,Duzey,22.0
2017-02-20---2017-04-10_cluster_350,2017,2017-02-20,2017-04-10,42,350,55328,Maxey-sur-Vaise,224.0
2017-02-20---2017-04-10_cluster_350,2017,2017-02-20,2017-04-10,42,350,55433,Rigny-la-Salle,270.0
2017-02-20---2017-04-10_cluster_350,2017,2017-02-20,2017-04-10,42,350,55444,Rouvrois-sur-Meuse,40.0
2017-02-20---2017-04-10_cluster_350,2017,2017-02-20,2017-04-10,42,350,55485,Sepvigny,271.0
2017-02-20---2017-04-10_cluster_350,2017,2017-02-20,2017-04-10,42,350,55573,Void-Vacon,34.0
2017-02-20---2017-04-10_cluster_350,2017,2017-02-20,2017-04-10,42,350,57308,Hazembourg,31.0
2017-02-20---2017-04-10_cluster_350,2017,2017-02-20,2017-04-10,42,350,71573,Versaugues,28.0
2017-02-20---2017-04-10_cluster_350,2017,2017-02-20,2017-04-10,42,350,85294,La Tranche-sur-Mer,448.0
2017-02-20---2017-04-10_cluster_350,2017,2017-02-20,2017-04-10,42,350,89184,Fulvy,17.0
2017-03-06---2017-03-20_cluster_58,2017,2017-03-06,2017-03-20,14,58,49129,Écouflant,357.0
2017-03-06---2017-03-20_cluster_58,2017,2017-03-06,2017-03-20,14,58,50052,Beuzeville-la-Bastille,10.0
2017-03-06---2017-03-20_cluster_58,2017,2017-03-06,2017-03-20,14,58,50269,Liesville-sur-Douve,21.0
2017-03-06---2017-03-20_cluster_58,2017,2017-03-06,2017-03-20,14,58,50617,Varenguebec,13.0
2017-05-22---2017-05-29_cluster_115,2017,2017-05-22,2017-05-29,7,115,29254,Saint-Martin-des-Champs,440.0
2017-06-26---2017-07-03_cluster_143,2017,2017-06-26,2017-07-03,7,143,44049,Le Croisic,10.0
2017-11-27---2017-12-04_cluster_314,2017,2017-11-27,2017-12-04,7,314,08020,Les Petites-Armoises,27.0
2017-11-27---2017-12-04_cluster_314,2017,2017-11-27,2017-12-04,7,314,08082,Brécy-Brières,16.0
2017-11-27---2017-12-04_cluster_314,2017,2017-11-27,2017-12-04,7,314,08168,La Ferté-sur-Chiers,19.0
2017-11-27---2017-12-04_cluster_314,2017,2017-11-27,2017-12-04,7,314,08317,La Neuville-à-Maire,36.0
2017-11-27---2017-12-04_cluster_314,2017,2017-11-27,2017-12-04,7,314,08438,Taizy,218.0
2017-11-27---2017-12-04_cluster_314,2017,2017-11-27,2017-12-04,7,314,08461,Vandy,60.0
2017-11-27---2017-12-04_cluster_314,2017,2017-11-27,2017-12-04,7,314,08464,Vaux-lès-Mouron,10.0
2017-11-27---2017-12-04_cluster_314,2017,2017-11-27,2017-12-04,7,314,51143,Le Chemin,50.0
2017-11-27---2017-12-04_cluster_314,2017,2017-11-27,2017-12-04,7,314,51502,Saint-Martin-aux-Champs,10.0
2017-11-27---2017-12-04_cluster_314,2017,2017-11-27,2017-12-04,7,314,51533,Servon-Melzicourt,18.0
2017-12-04---2018-01-01_cluster_370,2017,2017-12-04,2018-01-01,28,370,02208,Concevreux,213.0
2017-12-04---2018-01-01_cluster_370,2017,2017-12-04,2018-01-01,28,370,02716,Servais,17.0
2017-12-04---2018-01-01_cluster_370,2017,2017-12-04,2018-01-01,28,370,08004,Aire,116.0
2017-12-04---2018-01-01_cluster_370,2017,2017-12-04,2018-01-01,28,370,08020,Les Petites-Armoises,24.0
2017-12-04---2018-01-01_cluster_370,2017,2017-12-04,2018-01-01,28,370,08082,Brécy-Brières,11.0
2017-12-04---2018-01-01_cluster_370,2017,2017-12-04,2018-01-01,28,370,08168,La Ferté-sur-Chiers,64.0
2017-12-04---2018-01-01_cluster_370,2017,2017-12-04,2018-01-01,28,370,08276,Margut,18.0
2017-12-04---2018-01-01_cluster_370,2017,2017-12-04,2018-01-01,28,370,08317,La Neuville-à-Maire,108.0
2017-12-04---2018-01-01_cluster_370,2017,2017-12-04,2018-01-01,28,370,08357,Remilly-Aillicourt,466.0
2017-12-04---2018-01-01_cluster_370,2017,2017-12-04,2018-01-01,28,370,08438,Taizy,220.0
2017-12-04---2018-01-01_cluster_370,2017,2017-12-04,2018-01-01,28,370,08444,Tétaigne,10.0
2017-12-04---2018-01-01_cluster_370,2017,2017-12-04,2018-01-01,28,370,08461,Vandy,59.0
2017-12-04---2018-01-01_cluster_370,2017,2017-12-04,2018-01-01,28,370,08464,Vaux-lès-Mouron,10.0
2017-12-04---2018-01-01_cluster_370,2017,2017-12-04,2018-01-01,28,370,08466,Vaux-lès-Mouzon,13.0
2017-12-04---2018-01-01_cluster_370,2017,2017-12-04,2018-01-01,28,370,08473,Vieux-lès-Asfeld,651.0
2017-12-04---2018-01-01_cluster_370,2017,2017-12-04,2018-01-01,28,370,08477,Villers-devant-Mouzon,299.0
2017-12-04---2018-01-01_cluster_370,2017,2017-12-04,2018-01-01,28,370,14070,Beuvron-en-Auge,13.0
2017-12-04---2018-01-01_cluster_370,2017,2017-12-04,2018-01-01,28,370,14107,Bricqueville,34.0
2017-12-04---2018-01-01_cluster_370,2017,2017-12-04,2018-01-01,28,370,14168,Colombières,10.0
2017-12-04---2018-01-01_cluster_370,2017,2017-12-04,2018-01-01,28,370,14335,Hotot-en-Auge,49.0
2017-12-04---2018-01-01_cluster_370,2017,2017-12-04,2018-01-01,28,370,14344,Janville,19.0
2017-12-04---2018-01-01_cluster_370,2017,2017-12-04,2018-01-01,28,370,14397,Mandeville-en-Bessin,17.0
2017-12-04---2018-01-01_cluster_370,2017,2017-12-04,2018-01-01,28,370,14535,Reviers,10.0
2017-12-04---2018-01-01_cluster_370,2017,2017-12-04,2018-01-01,28,370,14575,Saint-Étienne-la-Thillaye,13.0
2017-12-04---2018-01-01_cluster_370,2017,2017-12-04,2018-01-01,28,370,14711,Trévières,57.0
2017-12-04---2018-01-01_cluster_370,2017,2017-12-04,2018-01-01,28,370,25107,Cendrey,431.0
2017-12-04---2018-01-01_cluster_370,2017,2017-12-04,2018-01-01,28,370,25330,Lavans-Quingey,241.0
2017-12-04---2018-01-01_cluster_370,2017,2017-12-04,2018-01-01,28,370,35179,Miniac-Morvan,38.0
2017-12-04---2018-01-01_cluster_370,2017,2017-12-04,2018-01-01,28,370,39402,Pagney,688.0
2017-12-04---2018-01-01_cluster_370,2017,2017-12-04,2018-01-01,28,370,39528,Thervay,12.0
2017-12-04---2018-01-01_cluster_370,2017,2017-12-04,2018-01-01,28,370,39581,Vitreux,282.0
2017-12-04---2018-01-01_cluster_370,2017,2017-12-04,2018-01-01,28,370,50004,Airel,75.0
2017-12-04---2018-01-01_cluster_370,2017,2017-12-04,2018-01-01,28,370,50016,Appeville,28.0
2017-12-04---2018-01-01_cluster_370,2017,2017-12-04,2018-01-01,28,370,50023,Auvers,93.0
2017-12-04---2018-01-01_cluster_370,2017,2017-12-04,2018-01-01,28,370,50070,Boutteville,81.0
2017-12-04---2018-01-01_cluster_370,2017,2017-12-04,2018-01-01,28,370,50099,Carentan-les-Marais,58.0
2017-12-04---2018-01-01_cluster_370,2017,2017-12-04,2018-01-01,28,370,50151,Créances,314.0
2017-12-04---2018-01-01_cluster_370,2017,2017-12-04,2018-01-01,28,370,50216,Graignes-Mesnil-Angot,16.0
2017-12-04---2018-01-01_cluster_370,2017,2017-12-04,2018-01-01,28,370,50269,Liesville-sur-Douve,18.0
2017-12-04---2018-01-01_cluster_370,2017,2017-12-04,2018-01-01,28,370,50298,Méautis,36.0
2017-12-04---2018-01-01_cluster_370,2017,2017-12-04,2018-01-01,28,370,50400,Picauville,49.0
2017-12-04---2018-01-01_cluster_370,2017,2017-12-04,2018-01-01,28,370,50409,Pont-Hébert,56.0
2017-12-04---2018-01-01_cluster_370,2017,2017-12-04,2018-01-01,28,370,50422,Raids,27.0
2017-12-04---2018-01-01_cluster_370,2017,2017-12-04,2018-01-01,28,370,50431,Remilly Les Marais,81.0
2017-12-04---2018-01-01_cluster_370,2017,2017-12-04,2018-01-01,28,370,50445,Saint-André-de-Bohon,21.0
2017-12-04---2018-01-01_cluster_370,2017,2017-12-04,2018-01-01,28,370,50468,Saint-Fromond,112.0
2017-12-04---2018-01-01_cluster_370,2017,2017-12-04,2018-01-01,28,370,50488,Saint-Jean-de-Daye,71.0
2017-12-04---2018-01-01_cluster_370,2017,2017-12-04,2018-01-01,28,370,50510,Saint-Martin-d'Aubigny,34.0
2017-12-04---2018-01-01_cluster_370,2017,2017-12-04,2018-01-01,28,370,50564,Terre-et-Marais,31.0
2017-12-04---2018-01-01_cluster_370,2017,2017-12-04,2018-01-01,28,370,50606,Tribehou,71.0
2017-12-04---2018-01-01_cluster_370,2017,2017-12-04,2018-01-01,28,370,50617,Varenguebec,29.0
2017-12-04---2018-01-01_cluster_370,2017,2017-12-04,2018-01-01,28,370,51018,Athis,11.0
2017-12-04---2018-01-01_cluster_370,2017,2017-12-04,2018-01-01,28,370,51065,Blacy,133.0
2017-12-04---2018-01-01_cluster_370,2017,2017-12-04,2018-01-01,28,370,51143,Le Chemin,38.0
2017-12-04---2018-01-01_cluster_370,2017,2017-12-04,2018-01-01,28,370,51150,Cherville,24.0
2017-12-04---2018-01-01_cluster_370,2017,2017-12-04,2018-01-01,28,370,51153,Chouilly,232.0
2017-12-04---2018-01-01_cluster_370,2017,2017-12-04,2018-01-01,28,370,51171,Cormicy,355.0
2017-12-04---2018-01-01_cluster_370,2017,2017-12-04,2018-01-01,28,370,51303,Jâlons,28.0
2017-12-04---2018-01-01_cluster_370,2017,2017-12-04,2018-01-01,28,370,51357,Matougues,10.0
2017-12-04---2018-01-01_cluster_370,2017,2017-12-04,2018-01-01,28,370,51483,Saint-Gibrien,64.0
2017-12-04---2018-01-01_cluster_370,2017,2017-12-04,2018-01-01,28,370,51502,Saint-Martin-aux-Champs,10.0
2017-12-04---2018-01-01_cluster_370,2017,2017-12-04,2018-01-01,28,370,51533,Servon-Melzicourt,48.0
2017-12-04---2018-01-01_cluster_370,2017,2017-12-04,2018-01-01,28,370,51552,Songy,10.0
2017-12-04---2018-01-01_cluster_370,2017,2017-12-04,2018-01-01,28,370,51610,Verrières,245.0
2017-12-04---2018-01-01_cluster_370,2017,2017-12-04,2018-01-01,28,370,51648,Vitry-la-Ville,16.0
2017-12-04---2018-01-01_cluster_370,2017,2017-12-04,2018-01-01,28,370,52074,Breuvannes-en-Bassigny,13.0
2017-12-04---2018-01-01_cluster_370,2017,2017-12-04,2018-01-01,28,370,52174,Doncourt-sur-Meuse,36.0
2017-12-04---2018-01-01_cluster_370,2017,2017-12-04,2018-01-01,28,370,54001,Abaucourt,19.0
2017-12-04---2018-01-01_cluster_370,2017,2017-12-04,2018-01-01,28,370,54070,Bey-sur-Seille,81.0
2017-12-04---2018-01-01_cluster_370,2017,2017-12-04,2018-01-01,28,370,54227,Giraumont,336.0
2017-12-04---2018-01-01_cluster_370,2017,2017-12-04,2018-01-01,28,370,54313,Létricourt,42.0
2017-12-04---2018-01-01_cluster_370,2017,2017-12-04,2018-01-01,28,370,54387,Morville-sur-Seille,333.0
2017-12-04---2018-01-01_cluster_370,2017,2017-12-04,2018-01-01,28,370,54433,Port-sur-Seille,33.0
2017-12-04---2018-01-01_cluster_370,2017,2017-12-04,2018-01-01,28,370,54440,Puxe,55.0
2017-12-04---2018-01-01_cluster_370,2017,2017-12-04,2018-01-01,28,370,55009,Ancemont,123.0
2017-12-04---2018-01-01_cluster_370,2017,2017-12-04,2018-01-01,28,370,55027,Bannoncourt,277.0
2017-12-04---2018-01-01_cluster_370,2017,2017-12-04,2018-01-01,28,370,55064,Bouquemont,328.0
2017-12-04---2018-01-01_cluster_370,2017,2017-12-04,2018-01-01,28,370,55080,Brixey-aux-Chanoines,16.0
2017-12-04---2018-01-01_cluster_370,2017,2017-12-04,2018-01-01,28,370,55097,Chalaines,548.0
2017-12-04---2018-01-01_cluster_370,2017,2017-12-04,2018-01-01,28,370,55099,Champneuville,174.0
2017-12-04---2018-01-01_cluster_370,2017,2017-12-04,2018-01-01,28,370,55102,Charny-sur-Meuse,329.0
2017-12-04---2018-01-01_cluster_370,2017,2017-12-04,2018-01-01,28,370,55122,Commercy,303.0
2017-12-04---2018-01-01_cluster_370,2017,2017-12-04,2018-01-01,28,370,55154,Dieue-sur-Meuse,262.0
2017-12-04---2018-01-01_cluster_370,2017,2017-12-04,2018-01-01,28,370,55168,Duzey,47.0
2017-12-04---2018-01-01_cluster_370,2017,2017-12-04,2018-01-01,28,370,55293,Lion-devant-Dun,11.0
2017-12-04---2018-01-01_cluster_370,2017,2017-12-04,2018-01-01,28,370,55312,Maizey,294.0
2017-12-04---2018-01-01_cluster_370,2017,2017-12-04,2018-01-01,28,370,55321,Marre,114.0
2017-12-04---2018-01-01_cluster_370,2017,2017-12-04,2018-01-01,28,370,55328,Maxey-sur-Vaise,258.0
2017-12-04---2018-01-01_cluster_370,2017,2017-12-04,2018-01-01,28,370,55345,Mont-devant-Sassey,211.0
2017-12-04---2018-01-01_cluster_370,2017,2017-12-04,2018-01-01,28,370,55347,Les Monthairons,209.0
2017-12-04---2018-01-01_cluster_370,2017,2017-12-04,2018-01-01,28,370,55410,Quincy-Landzécourt,136.0
2017-12-04---2018-01-01_cluster_370,2017,2017-12-04,2018-01-01,28,370,55433,Rigny-la-Salle,286.0
2017-12-04---2018-01-01_cluster_370,2017,2017-12-04,2018-01-01,28,370,55444,Rouvrois-sur-Meuse,44.0
2017-12-04---2018-01-01_cluster_370,2017,2017-12-04,2018-01-01,28,370,55469,Sassey-sur-Meuse,131.0
2017-12-04---2018-01-01_cluster_370,2017,2017-12-04,2018-01-01,28,370,55485,Sepvigny,275.0
2017-12-04---2018-01-01_cluster_370,2017,2017-12-04,2018-01-01,28,370,55552,Vigneul-sous-Montmédy,10.0
2017-12-04---2018-01-01_cluster_370,2017,2017-12-04,2018-01-01,28,370,55573,Void-Vacon,31.0
2017-12-04---2018-01-01_cluster_370,2017,2017-12-04,2018-01-01,28,370,55584,Woimbey,30.0
2017-12-04---2018-01-01_cluster_370,2017,2017-12-04,2018-01-01,28,370,57002,Aboncourt-sur-Seille,169.0
2017-12-04---2018-01-01_cluster_370,2017,2017-12-04,2018-01-01,28,370,57040,Aulnois-sur-Seille,15.0
2017-12-04---2018-01-01_cluster_370,2017,2017-12-04,2018-01-01,28,370,57070,Bettange,38.0
2017-12-04---2018-01-01_cluster_370,2017,2017-12-04,2018-01-01,28,370,57088,Bistroff,17.0
2017-12-04---2018-01-01_cluster_370,2017,2017-12-04,2018-01-01,28,370,57155,Courcelles-Chaussy,19.0
2017-12-04---2018-01-01_cluster_370,2017,2017-12-04,2018-01-01,28,370,57187,Éblange,38.0
2017-12-04---2018-01-01_cluster_370,2017,2017-12-04,2018-01-01,28,370,57236,Frémery,25.0
2017-12-04---2018-01-01_cluster_370,2017,2017-12-04,2018-01-01,28,370,57262,Grostenquin,39.0
2017-12-04---2018-01-01_cluster_370,2017,2017-12-04,2018-01-01,28,370,57293,Han-sur-Nied,44.0
2017-12-04---2018-01-01_cluster_370,2017,2017-12-04,2018-01-01,28,370,57308,Hazembourg,77.0
2017-12-04---2018-01-01_cluster_370,2017,2017-12-04,2018-01-01,28,370,57329,Holling,31.0
2017-12-04---2018-01-01_cluster_370,2017,2017-12-04,2018-01-01,28,370,57346,Insming,71.0
2017-12-04---2018-01-01_cluster_370,2017,2017-12-04,2018-01-01,28,370,57431,Maizeroy,58.0
2017-12-04---2018-01-01_cluster_370,2017,2017-12-04,2018-01-01,28,370,57547,Pommérieux,46.0
2017-12-04---2018-01-01_cluster_370,2017,2017-12-04,2018-01-01,28,370,57599,Roupeldange,14.0
2017-12-04---2018-01-01_cluster_370,2017,2017-12-04,2018-01-01,28,370,57708,Verny,35.0
2017-12-04---2018-01-01_cluster_370,2017,2017-12-04,2018-01-01,28,370,60105,Brétigny,13.0
2017-12-04---2018-01-01_cluster_370,2017,2017-12-04,2018-01-01,28,370,67199,Hinsingen,34.0
2017-12-04---2018-01-01_cluster_370,2017,2017-12-04,2018-01-01,28,370,70022,Angirey,26.0
2017-12-04---2018-01-01_cluster_370,2017,2017-12-04,2018-01-01,28,370,70167,Conflandey,13.0
2017-12-04---2018-01-01_cluster_370,2017,2017-12-04,2018-01-01,28,370,70236,Fleurey-lès-Faverney,21.0
2017-12-04---2018-01-01_cluster_370,2017,2017-12-04,2018-01-01,28,370,70491,Seveux-Motey,399.0
2017-12-04---2018-01-01_cluster_370,2017,2017-12-04,2018-01-01,28,370,70492,Soing-Cubry-Charentenay,420.0
2017-12-04---2018-01-01_cluster_370,2017,2017-12-04,2018-01-01,28,370,70539,Vellexon-Queutrey-et-Vaudey,284.0
2017-12-04---2018-01-01_cluster_370,2017,2017-12-04,2018-01-01,28,370,88003,Aingeville,35.0
2017-12-04---2018-01-01_cluster_370,2017,2017-12-04,2018-01-01,28,370,88226,Hagécourt,50.0
2017-12-04---2018-01-01_cluster_370,2017,2017-12-04,2018-01-01,28,370,88264,Légéville-et-Bonfays,10.0
2017-12-04---2018-01-01_cluster_370,2017,2017-12-04,2018-01-01,28,370,88312,Morelmaison,15.0
2018-01-01---2018-01-29_cluster_349,2018,2018-01-01,2018-01-29,28,349,14107,Bricqueville,73.0
2018-01-01---2018-01-29_cluster_349,2018,2018-01-01,2018-01-29,28,349,14163,Cléville,28.0
2018-01-01---2018-01-29_cluster_349,2018,2018-01-01,2018-01-29,28,349,14168,Colombières,10.0
2018-01-01---2018-01-29_cluster_349,2018,2018-01-01,2018-01-29,28,349,14335,Hotot-en-Auge,88.0
2018-01-01---2018-01-29_cluster_349,2018,2018-01-01,2018-01-29,28,349,14344,Janville,36.0
2018-01-01---2018-01-29_cluster_349,2018,2018-01-01,2018-01-29,28,349,14397,Mandeville-en-Bessin,18.0
2018-01-01---2018-01-29_cluster_349,2018,2018-01-01,2018-01-29,28,349,14410,Méry-Bissières-en-Auge,34.0
2018-01-01---2018-01-29_cluster_349,2018,2018-01-01,2018-01-29,28,349,14492,Pennedepie,94.0
2018-01-01---2018-01-29_cluster_349,2018,2018-01-01,2018-01-29,28,349,14535,Reviers,36.0
2018-01-01---2018-01-29_cluster_349,2018,2018-01-01,2018-01-29,28,349,14556,Saint-André-sur-Orne,420.0
2018-01-01---2018-01-29_cluster_349,2018,2018-01-01,2018-01-29,28,349,14575,Saint-Étienne-la-Thillaye,31.0
2018-01-01---2018-01-29_cluster_349,2018,2018-01-01,2018-01-29,28,349,14711,Trévières,55.0
2018-01-01---2018-01-29_cluster_349,2018,2018-01-01,2018-01-29,28,349,15232,Tanavelle,41.0
2018-01-01---2018-01-29_cluster_349,2018,2018-01-01,2018-01-29,28,349,16217,Merpins,578.0
2018-01-01---2018-01-29_cluster_349,2018,2018-01-01,2018-01-29,28,349,17069,Brives-sur-Charente,358.0
2018-01-01---2018-01-29_cluster_349,2018,2018-01-01,2018-01-29,28,349,17073,Bussac-sur-Charente,508.0
2018-01-01---2018-01-29_cluster_349,2018,2018-01-01,2018-01-29,28,349,17115,Colombiers,29.0
2018-01-01---2018-01-29_cluster_349,2018,2018-01-01,2018-01-29,28,349,17128,Courcoury,421.0
2018-01-01---2018-01-29_cluster_349,2018,2018-01-01,2018-01-29,28,349,17164,Fontcouverte,482.0
2018-01-01---2018-01-29_cluster_349,2018,2018-01-01,2018-01-29,28,349,17179,Les Gonds,949.0
2018-01-01---2018-01-29_cluster_349,2018,2018-01-01,2018-01-29,28,349,17184,La Gripperie-Saint-Symphorien,47.0
2018-01-01---2018-01-29_cluster_349,2018,2018-01-01,2018-01-29,28,349,17304,Rouffiac,311.0
2018-01-01---2018-01-29_cluster_349,2018,2018-01-01,2018-01-29,28,349,17400,Saint-Sever-de-Saintonge,254.0
2018-01-01---2018-01-29_cluster_349,2018,2018-01-01,2018-01-29,28,349,17412,Saint-Vaize,402.0
2018-01-01---2018-01-29_cluster_349,2018,2018-01-01,2018-01-29,28,349,17418,Salignac-sur-Charente,379.0
2018-01-01---2018-01-29_cluster_349,2018,2018-01-01,2018-01-29,28,349,24462,Saint-Médard-de-Mussidan,1018.0
2018-01-01---2018-01-29_cluster_349,2018,2018-01-01,2018-01-29,28,349,24543,Sourzac,498.0
2018-01-01---2018-01-29_cluster_349,2018,2018-01-01,2018-01-29,28,349,33315,Les Peintures,982.0
2018-01-01---2018-01-29_cluster_349,2018,2018-01-01,2018-01-29,28,349,33348,Queyrac,10.0
2018-01-01---2018-01-29_cluster_349,2018,2018-01-01,2018-01-29,28,349,33395,Saint-Estèphe,12.0
2018-01-01---2018-01-29_cluster_349,2018,2018-01-01,2018-01-29,28,349,35179,Miniac-Morvan,43.0
2018-01-01---2018-01-29_cluster_349,2018,2018-01-01,2018-01-29,28,349,37161,Mosnes,10.0
2018-01-01---2018-01-29_cluster_349,2018,2018-01-01,2018-01-29,28,349,37269,Verneuil-sur-Indre,39.0
2018-01-01---2018-01-29_cluster_349,2018,2018-01-01,2018-01-29,28,349,40211,Orist,307.0
2018-01-01---2018-01-29_cluster_349,2018,2018-01-01,2018-01-29,28,349,40314,Tercis-les-Bains,319.0
2018-01-01---2018-01-29_cluster_349,2018,2018-01-01,2018-01-29,28,349,44049,Le Croisic,10.0
2018-01-01---2018-01-29_cluster_349,2018,2018-01-01,2018-01-29,28,349,44183,Saint-Molf,93.0
2018-01-01---2018-01-29_cluster_349,2018,2018-01-01,2018-01-29,28,349,50004,Airel,114.0
2018-01-01---2018-01-29_cluster_349,2018,2018-01-01,2018-01-29,28,349,50016,Appeville,46.0
2018-01-01---2018-01-29_cluster_349,2018,2018-01-01,2018-01-29,28,349,50023,Auvers,94.0
2018-01-01---2018-01-29_cluster_349,2018,2018-01-01,2018-01-29,28,349,50025,Avranches,27.0
2018-01-01---2018-01-29_cluster_349,2018,2018-01-01,2018-01-29,28,349,50042,Beauvoir,10.0
2018-01-01---2018-01-29_cluster_349,2018,2018-01-01,2018-01-29,28,349,50070,Boutteville,89.0
2018-01-01---2018-01-29_cluster_349,2018,2018-01-01,2018-01-29,28,349,50099,Carentan-les-Marais,76.0
2018-01-01---2018-01-29_cluster_349,2018,2018-01-01,2018-01-29,28,349,50151,Créances,256.0
2018-01-01---2018-01-29_cluster_349,2018,2018-01-01,2018-01-29,28,349,50165,Donville-les-Bains,10.0
2018-01-01---2018-01-29_cluster_349,2018,2018-01-01,2018-01-29,28,349,50216,Graignes-Mesnil-Angot,25.0
2018-01-01---2018-01-29_cluster_349,2018,2018-01-01,2018-01-29,28,349,50263,Lapenty,128.0
2018-01-01---2018-01-29_cluster_349,2018,2018-01-01,2018-01-29,28,349,50269,Liesville-sur-Douve,15.0
2018-01-01---2018-01-29_cluster_349,2018,2018-01-01,2018-01-29,28,349,50297,La Meauffe,263.0
2018-01-01---2018-01-29_cluster_349,2018,2018-01-01,2018-01-29,28,349,50298,Méautis,44.0
2018-01-01---2018-01-29_cluster_349,2018,2018-01-01,2018-01-29,28,349,50409,Pont-Hébert,65.0
2018-01-01---2018-01-29_cluster_349,2018,2018-01-01,2018-01-29,28,349,50431,Remilly Les Marais,91.0
2018-01-01---2018-01-29_cluster_349,2018,2018-01-01,2018-01-29,28,349,50445,Saint-André-de-Bohon,28.0
2018-01-01---2018-01-29_cluster_349,2018,2018-01-01,2018-01-29,28,349,50468,Saint-Fromond,173.0
2018-01-01---2018-01-29_cluster_349,2018,2018-01-01,2018-01-29,28,349,50488,Saint-Jean-de-Daye,126.0
2018-01-01---2018-01-29_cluster_349,2018,2018-01-01,2018-01-29,28,349,50564,Terre-et-Marais,40.0
2018-01-01---2018-01-29_cluster_349,2018,2018-01-01,2018-01-29,28,349,50606,Tribehou,75.0
2018-01-01---2018-01-29_cluster_349,2018,2018-01-01,2018-01-29,28,349,50617,Varenguebec,76.0
2018-01-01---2018-01-29_cluster_349,2018,2018-01-01,2018-01-29,28,349,53263,Thubœuf,10.0
2018-01-01---2018-01-29_cluster_349,2018,2018-01-01,2018-01-29,28,349,56018,Billiers,37.0
2018-01-01---2018-01-29_cluster_349,2018,2018-01-01,2018-01-29,28,349,61049,Boissei-la-Lande,19.0
2018-01-01---2018-01-29_cluster_349,2018,2018-01-01,2018-01-29,28,349,61066,Buré,10.0
2018-01-01---2018-01-29_cluster_349,2018,2018-01-01,2018-01-29,28,349,61256,Médavy,31.0
2018-01-01---2018-01-29_cluster_349,2018,2018-01-01,2018-01-29,28,349,61487,Torchamp,10.0
2018-01-01---2018-01-29_cluster_349,2018,2018-01-01,2018-01-29,28,349,72212,Moulins-le-Carbonnel,10.0
2018-01-01---2018-01-29_cluster_351,2018,2018-01-01,2018-01-29,28,351,01159,Feillens,23.0
2018-01-01---2018-01-29_cluster_351,2018,2018-01-01,2018-01-29,28,351,01231,Manziat,37.0
2018-01-01---2018-01-29_cluster_351,2018,2018-01-01,2018-01-29,28,351,01252,Mogneneins,29.0
2018-01-01---2018-01-29_cluster_351,2018,2018-01-01,2018-01-29,28,351,01323,Reyssouze,10.0
2018-01-01---2018-01-29_cluster_351,2018,2018-01-01,2018-01-29,28,351,02014,Amigny-Rouy,184.0
2018-01-01---2018-01-29_cluster_351,2018,2018-01-01,2018-01-29,28,351,02016,Andelain,10.0
2018-01-01---2018-01-29_cluster_351,2018,2018-01-01,2018-01-29,28,351,02165,Charmes,349.0
2018-01-01---2018-01-29_cluster_351,2018,2018-01-01,2018-01-29,28,351,02208,Concevreux,254.0
2018-01-01---2018-01-29_cluster_351,2018,2018-01-01,2018-01-29,28,351,02260,Danizy,37.0
2018-01-01---2018-01-29_cluster_351,2018,2018-01-01,2018-01-29,28,351,02262,Deuillet,10.0
2018-01-01---2018-01-29_cluster_351,2018,2018-01-01,2018-01-29,28,351,02453,Maizy,393.0
2018-01-01---2018-01-29_cluster_351,2018,2018-01-01,2018-01-29,28,351,02456,Manicamp,31.0
2018-01-01---2018-01-29_cluster_351,2018,2018-01-01,2018-01-29,28,351,02612,Pont-Arcy,527.0
2018-01-01---2018-01-29_cluster_351,2018,2018-01-01,2018-01-29,28,351,02714,Sermoise,89.0
2018-01-01---2018-01-29_cluster_351,2018,2018-01-01,2018-01-29,28,351,02716,Servais,14.0
2018-01-01---2018-01-29_cluster_351,2018,2018-01-01,2018-01-29,28,351,02719,Sinceny,25.0
2018-01-01---2018-01-29_cluster_351,2018,2018-01-01,2018-01-29,28,351,02780,Venizel,548.0
2018-01-01---2018-01-29_cluster_351,2018,2018-01-01,2018-01-29,28,351,08004,Aire,130.0
2018-01-01---2018-01-29_cluster_351,2018,2018-01-01,2018-01-29,28,351,08010,Ambly-Fleury,36.0
2018-01-01---2018-01-29_cluster_351,2018,2018-01-01,2018-01-29,28,351,08020,Les Petites-Armoises,61.0
2018-01-01---2018-01-29_cluster_351,2018,2018-01-01,2018-01-29,28,351,08048,Barby,11.0
2018-01-01---2018-01-29_cluster_351,2018,2018-01-01,2018-01-29,28,351,08064,Biermes,19.0
2018-01-01---2018-01-29_cluster_351,2018,2018-01-01,2018-01-29,28,351,08082,Brécy-Brières,11.0
2018-01-01---2018-01-29_cluster_351,2018,2018-01-01,2018-01-29,28,351,08140,Dom-le-Mesnil,241.0
2018-01-01---2018-01-29_cluster_351,2018,2018-01-01,2018-01-29,28,351,08168,La Ferté-sur-Chiers,88.0
2018-01-01---2018-01-29_cluster_351,2018,2018-01-01,2018-01-29,28,351,08193,Givry,10.0
2018-01-01---2018-01-29_cluster_351,2018,2018-01-01,2018-01-29,28,351,08194,Glaire,335.0
2018-01-01---2018-01-29_cluster_351,2018,2018-01-01,2018-01-29,28,351,08276,Margut,39.0
2018-01-01---2018-01-29_cluster_351,2018,2018-01-01,2018-01-29,28,351,08317,La Neuville-à-Maire,86.0
2018-01-01---2018-01-29_cluster_351,2018,2018-01-01,2018-01-29,28,351,08357,Remilly-Aillicourt,481.0
2018-01-01---2018-01-29_cluster_351,2018,2018-01-01,2018-01-29,28,351,08364,Rilly-sur-Aisne,70.0
2018-01-01---2018-01-29_cluster_351,2018,2018-01-01,2018-01-29,28,351,08377,Saint-Aignan,24.0
2018-01-01---2018-01-29_cluster_351,2018,2018-01-01,2018-01-29,28,351,08416,Seuil,31.0
2018-01-01---2018-01-29_cluster_351,2018,2018-01-01,2018-01-29,28,351,08438,Taizy,223.0
2018-01-01---2018-01-29_cluster_351,2018,2018-01-01,2018-01-29,28,351,08439,Tannay-le-Mont-Dieu,11.0
2018-01-01---2018-01-29_cluster_351,2018,2018-01-01,2018-01-29,28,351,08444,Tétaigne,10.0
2018-01-01---2018-01-29_cluster_351,2018,2018-01-01,2018-01-29,28,351,08461,Vandy,79.0
2018-01-01---2018-01-29_cluster_351,2018,2018-01-01,2018-01-29,28,351,08464,Vaux-lès-Mouron,17.0
2018-01-01---2018-01-29_cluster_351,2018,2018-01-01,2018-01-29,28,351,08466,Vaux-lès-Mouzon,19.0
2018-01-01---2018-01-29_cluster_351,2018,2018-01-01,2018-01-29,28,351,08473,Vieux-lès-Asfeld,636.0
2018-01-01---2018-01-29_cluster_351,2018,2018-01-01,2018-01-29,28,351,08477,Villers-devant-Mouzon,294.0
2018-01-01---2018-01-29_cluster_351,2018,2018-01-01,2018-01-29,28,351,08481,Villers-sur-Bar,192.0
2018-01-01---2018-01-29_cluster_351,2018,2018-01-01,2018-01-29,28,351,08494,Wadelincourt,333.0
2018-01-01---2018-01-29_cluster_351,2018,2018-01-01,2018-01-29,28,351,10043,Bessy,27.0
2018-01-01---2018-01-29_cluster_351,2018,2018-01-01,2018-01-29,28,351,10047,Blignicourt,239.0
2018-01-01---2018-01-29_cluster_351,2018,2018-01-01,2018-01-29,28,351,10120,Cussangy,15.0
2018-01-01---2018-01-29_cluster_351,2018,2018-01-01,2018-01-29,28,351,10122,Davrey,37.0
2018-01-01---2018-01-29_cluster_351,2018,2018-01-01,2018-01-29,28,351,10144,Étrelles-sur-Aube,155.0
2018-01-01---2018-01-29_cluster_351,2018,2018-01-01,2018-01-29,28,351,10150,Fontaine,42.0
2018-01-01---2018-01-29_cluster_351,2018,2018-01-01,2018-01-29,28,351,10171,Hampigny,64.0
2018-01-01---2018-01-29_cluster_351,2018,2018-01-01,2018-01-29,28,351,10246,Montceaux-lès-Vaudes,11.0
2018-01-01---2018-01-29_cluster_351,2018,2018-01-01,2018-01-29,28,351,10298,Pont-sur-Seine,123.0
2018-01-01---2018-01-29_cluster_351,2018,2018-01-01,2018-01-29,28,351,10299,Pouan-les-Vallées,10.0
2018-01-01---2018-01-29_cluster_351,2018,2018-01-01,2018-01-29,28,351,10315,Rances,122.0
2018-01-01---2018-01-29_cluster_351,2018,2018-01-01,2018-01-29,28,351,10393,Vallentigny,62.0
2018-01-01---2018-01-29_cluster_351,2018,2018-01-01,2018-01-29,28,351,21038,Auxonne,83.0
2018-01-01---2018-01-29_cluster_351,2018,2018-01-01,2018-01-29,28,351,21131,Chamblanc,53.0
2018-01-01---2018-01-29_cluster_351,2018,2018-01-01,2018-01-29,28,351,21180,Cléry,861.0
2018-01-01---2018-01-29_cluster_351,2018,2018-01-01,2018-01-29,28,351,21269,Flammerans,38.0
2018-01-01---2018-01-29_cluster_351,2018,2018-01-01,2018-01-29,28,351,21301,Glanon,120.0
2018-01-01---2018-01-29_cluster_351,2018,2018-01-01,2018-01-29,28,351,21305,Grancey-sur-Ource,36.0
2018-01-01---2018-01-29_cluster_351,2018,2018-01-01,2018-01-29,28,351,21337,Lamarche-sur-Saône,36.0
2018-01-01---2018-01-29_cluster_351,2018,2018-01-01,2018-01-29,28,351,21342,Laperrière-sur-Saône,104.0
2018-01-01---2018-01-29_cluster_351,2018,2018-01-01,2018-01-29,28,351,21344,Lechâtelet,152.0
2018-01-01---2018-01-29_cluster_351,2018,2018-01-01,2018-01-29,28,351,21475,Pagny-le-Château,416.0
2018-01-01---2018-01-29_cluster_351,2018,2018-01-01,2018-01-29,28,351,21482,Perrigny-sur-l'Ognon,302.0
2018-01-01---2018-01-29_cluster_351,2018,2018-01-01,2018-01-29,28,351,21572,Saint-Seine-en-Bâche,268.0
2018-01-01---2018-01-29_cluster_351,2018,2018-01-01,2018-01-29,28,351,21574,Saint-Seine-sur-Vingeanne,50.0
2018-01-01---2018-01-29_cluster_351,2018,2018-01-01,2018-01-29,28,351,21575,Saint-Symphorien-sur-Saône,153.0
2018-01-01---2018-01-29_cluster_351,2018,2018-01-01,2018-01-29,28,351,21607,Seurre,211.0
2018-01-01---2018-01-29_cluster_351,2018,2018-01-01,2018-01-29,28,351,21647,Trugny,28.0
2018-01-01---2018-01-29_cluster_351,2018,2018-01-01,2018-01-29,28,351,21711,Vix,13.0
2018-01-01---2018-01-29_cluster_351,2018,2018-01-01,2018-01-29,28,351,25073,Bonnay,134.0
2018-01-01---2018-01-29_cluster_351,2018,2018-01-01,2018-01-29,28,351,25107,Cendrey,471.0
2018-01-01---2018-01-29_cluster_351,2018,2018-01-01,2018-01-29,28,351,25150,Chevigney-sur-l'Ognon,659.0
2018-01-01---2018-01-29_cluster_351,2018,2018-01-01,2018-01-29,28,351,25172,Courchapon,165.0
2018-01-01---2018-01-29_cluster_351,2018,2018-01-01,2018-01-29,28,351,25186,Cussey-sur-l'Ognon,719.0
2018-01-01---2018-01-29_cluster_351,2018,2018-01-01,2018-01-29,28,351,25242,Flagey-Rigney,384.0
2018-01-01---2018-01-29_cluster_351,2018,2018-01-01,2018-01-29,28,351,25269,Germondans,311.0
2018-01-01---2018-01-29_cluster_351,2018,2018-01-01,2018-01-29,28,351,25317,Jallerange,47.0
2018-01-01---2018-01-29_cluster_351,2018,2018-01-01,2018-01-29,28,351,25330,Lavans-Quingey,220.0
2018-01-01---2018-01-29_cluster_351,2018,2018-01-01,2018-01-29,28,351,25403,Montlebon,301.0
2018-01-01---2018-01-29_cluster_351,2018,2018-01-01,2018-01-29,28,351,25430,Ollans,1469.0
2018-01-01---2018-01-29_cluster_351,2018,2018-01-01,2018-01-29,28,351,25490,Rigney,368.0
2018-01-01---2018-01-29_cluster_351,2018,2018-01-01,2018-01-29,28,351,25516,Saint-Georges-Armont,1000.0
2018-01-01---2018-01-29_cluster_351,2018,2018-01-01,2018-01-29,28,351,25524,Saint-Maurice-Colombier,280.0
2018-01-01---2018-01-29_cluster_351,2018,2018-01-01,2018-01-29,28,351,39076,La Bretenière,10.0
2018-01-01---2018-01-29_cluster_351,2018,2018-01-01,2018-01-29,28,351,39220,Falletans,108.0
2018-01-01---2018-01-29_cluster_351,2018,2018-01-01,2018-01-29,28,351,39377,Mutigney,393.0
2018-01-01---2018-01-29_cluster_351,2018,2018-01-01,2018-01-29,28,351,39398,Ougney,229.0
2018-01-01---2018-01-29_cluster_351,2018,2018-01-01,2018-01-29,28,351,39400,Our,41.0
2018-01-01---2018-01-29_cluster_351,2018,2018-01-01,2018-01-29,28,351,39402,Pagney,699.0
2018-01-01---2018-01-29_cluster_351,2018,2018-01-01,2018-01-29,28,351,39477,Saint-Baraing,47.0
2018-01-01---2018-01-29_cluster_351,2018,2018-01-01,2018-01-29,28,351,39528,Thervay,101.0
2018-01-01---2018-01-29_cluster_351,2018,2018-01-01,2018-01-29,28,351,39581,Vitreux,364.0
2018-01-01---2018-01-29_cluster_351,2018,2018-01-01,2018-01-29,28,351,45280,Saint-Gondon,26.0
2018-01-01---2018-01-29_cluster_351,2018,2018-01-01,2018-01-29,28,351,45300,Sandillon,110.0
2018-01-01---2018-01-29_cluster_351,2018,2018-01-01,2018-01-29,28,351,51018,Athis,50.0
2018-01-01---2018-01-29_cluster_351,2018,2018-01-01,2018-01-29,28,351,51023,Aulnay-sur-Marne,146.0
2018-01-01---2018-01-29_cluster_351,2018,2018-01-01,2018-01-29,28,351,51065,Blacy,177.0
2018-01-01---2018-01-29_cluster_351,2018,2018-01-01,2018-01-29,28,351,51143,Le Chemin,61.0
2018-01-01---2018-01-29_cluster_351,2018,2018-01-01,2018-01-29,28,351,51150,Cherville,390.0
2018-01-01---2018-01-29_cluster_351,2018,2018-01-01,2018-01-29,28,351,51153,Chouilly,280.0
2018-01-01---2018-01-29_cluster_351,2018,2018-01-01,2018-01-29,28,351,51171,Cormicy,386.0
2018-01-01---2018-01-29_cluster_351,2018,2018-01-01,2018-01-29,28,351,51220,Drouilly,10.0
2018-01-01---2018-01-29_cluster_351,2018,2018-01-01,2018-01-29,28,351,51303,Jâlons,14.0
2018-01-01---2018-01-29_cluster_351,2018,2018-01-01,2018-01-29,28,351,51328,Loisy-sur-Marne,96.0
2018-01-01---2018-01-29_cluster_351,2018,2018-01-01,2018-01-29,28,351,51344,Mardeuil,287.0
2018-01-01---2018-01-29_cluster_351,2018,2018-01-01,2018-01-29,28,351,51357,Matougues,10.0
2018-01-01---2018-01-29_cluster_351,2018,2018-01-01,2018-01-29,28,351,51413,Oiry,34.0
2018-01-01---2018-01-29_cluster_351,2018,2018-01-01,2018-01-29,28,351,51446,Pringy,10.0
2018-01-01---2018-01-29_cluster_351,2018,2018-01-01,2018-01-29,28,351,51483,Saint-Gibrien,85.0
2018-01-01---2018-01-29_cluster_351,2018,2018-01-01,2018-01-29,28,351,51502,Saint-Martin-aux-Champs,10.0
2018-01-01---2018-01-29_cluster_351,2018,2018-01-01,2018-01-29,28,351,51519,Saint-Thomas-en-Argonne,95.0
2018-01-01---2018-01-29_cluster_351,2018,2018-01-01,2018-01-29,28,351,51533,Servon-Melzicourt,77.0
2018-01-01---2018-01-29_cluster_351,2018,2018-01-01,2018-01-29,28,351,51552,Songy,10.0
2018-01-01---2018-01-29_cluster_351,2018,2018-01-01,2018-01-29,28,351,51610,Verrières,367.0
2018-01-01---2018-01-29_cluster_351,2018,2018-01-01,2018-01-29,28,351,51620,Vienne-la-Ville,22.0
2018-01-01---2018-01-29_cluster_351,2018,2018-01-01,2018-01-29,28,351,51648,Vitry-la-Ville,69.0
2018-01-01---2018-01-29_cluster_351,2018,2018-01-01,2018-01-29,28,351,52074,Breuvannes-en-Bassigny,25.0
2018-01-01---2018-01-29_cluster_351,2018,2018-01-01,2018-01-29,28,351,52118,Chatonrupt-Sommermont,303.0
2018-01-01---2018-01-29_cluster_351,2018,2018-01-01,2018-01-29,28,351,52174,Doncourt-sur-Meuse,49.0
2018-01-01---2018-01-29_cluster_351,2018,2018-01-01,2018-01-29,28,351,52388,Pierremont-sur-Amance,40.0
2018-01-01---2018-01-29_cluster_351,2018,2018-01-01,2018-01-29,28,351,52512,Vecqueville,72.0
2018-01-01---2018-01-29_cluster_351,2018,2018-01-01,2018-01-29,28,351,54001,Abaucourt,65.0
2018-01-01---2018-01-29_cluster_351,2018,2018-01-01,2018-01-29,28,351,54061,Bénaménil,33.0
2018-01-01---2018-01-29_cluster_351,2018,2018-01-01,2018-01-29,28,351,54070,Bey-sur-Seille,107.0
2018-01-01---2018-01-29_cluster_351,2018,2018-01-01,2018-01-29,28,351,54116,Chanteheux,48.0
2018-01-01---2018-01-29_cluster_351,2018,2018-01-01,2018-01-29,28,351,54167,Dommartin-lès-Toul,460.0
2018-01-01---2018-01-29_cluster_351,2018,2018-01-01,2018-01-29,28,351,54210,Fréménil,101.0
2018-01-01---2018-01-29_cluster_351,2018,2018-01-01,2018-01-29,28,351,54227,Giraumont,367.0
2018-01-01---2018-01-29_cluster_351,2018,2018-01-01,2018-01-29,28,351,54313,Létricourt,59.0
2018-01-01---2018-01-29_cluster_351,2018,2018-01-01,2018-01-29,28,351,54374,Moncel-sur-Seille,10.0
2018-01-01---2018-01-29_cluster_351,2018,2018-01-01,2018-01-29,28,351,54387,Morville-sur-Seille,54.0
2018-01-01---2018-01-29_cluster_351,2018,2018-01-01,2018-01-29,28,351,54406,Ogéviller,11.0
2018-01-01---2018-01-29_cluster_351,2018,2018-01-01,2018-01-29,28,351,54433,Port-sur-Seille,63.0
2018-01-01---2018-01-29_cluster_351,2018,2018-01-01,2018-01-29,28,351,54440,Puxe,59.0
2018-01-01---2018-01-29_cluster_351,2018,2018-01-01,2018-01-29,28,351,54445,Raville-sur-Sânon,27.0
2018-01-01---2018-01-29_cluster_351,2018,2018-01-01,2018-01-29,28,351,54462,Rosières-aux-Salines,483.0
2018-01-01---2018-01-29_cluster_351,2018,2018-01-01,2018-01-29,28,351,55007,Ambly-sur-Meuse,36.0
2018-01-01---2018-01-29_cluster_351,2018,2018-01-01,2018-01-29,28,351,55009,Ancemont,146.0
2018-01-01---2018-01-29_cluster_351,2018,2018-01-01,2018-01-29,28,351,55027,Bannoncourt,335.0
2018-01-01---2018-01-29_cluster_351,2018,2018-01-01,2018-01-29,28,351,55042,Belleray,331.0
2018-01-01---2018-01-29_cluster_351,2018,2018-01-01,2018-01-29,28,351,55043,Belleville-sur-Meuse,163.0
2018-01-01---2018-01-29_cluster_351,2018,2018-01-01,2018-01-29,28,351,55054,Bislée,309.0
2018-01-01---2018-01-29_cluster_351,2018,2018-01-01,2018-01-29,28,351,55064,Bouquemont,238.0
2018-01-01---2018-01-29_cluster_351,2018,2018-01-01,2018-01-29,28,351,55078,Brieulles-sur-Meuse,385.0
2018-01-01---2018-01-29_cluster_351,2018,2018-01-01,2018-01-29,28,351,55080,Brixey-aux-Chanoines,75.0
2018-01-01---2018-01-29_cluster_351,2018,2018-01-01,2018-01-29,28,351,55097,Chalaines,727.0
2018-01-01---2018-01-29_cluster_351,2018,2018-01-01,2018-01-29,28,351,55099,Champneuville,225.0
2018-01-01---2018-01-29_cluster_351,2018,2018-01-01,2018-01-29,28,351,55102,Charny-sur-Meuse,394.0
2018-01-01---2018-01-29_cluster_351,2018,2018-01-01,2018-01-29,28,351,55111,Chauvoncourt,337.0
2018-01-01---2018-01-29_cluster_351,2018,2018-01-01,2018-01-29,28,351,55119,Cléry-le-Petit,422.0
2018-01-01---2018-01-29_cluster_351,2018,2018-01-01,2018-01-29,28,351,55122,Commercy,302.0
2018-01-01---2018-01-29_cluster_351,2018,2018-01-01,2018-01-29,28,351,55146,Dannevoux,225.0
2018-01-01---2018-01-29_cluster_351,2018,2018-01-01,2018-01-29,28,351,55154,Dieue-sur-Meuse,371.0
2018-01-01---2018-01-29_cluster_351,2018,2018-01-01,2018-01-29,28,351,55167,Dun-sur-Meuse,251.0
2018-01-01---2018-01-29_cluster_351,2018,2018-01-01,2018-01-29,28,351,55168,Duzey,48.0
2018-01-01---2018-01-29_cluster_351,2018,2018-01-01,2018-01-29,28,351,55275,Lamouilly,10.0
2018-01-01---2018-01-29_cluster_351,2018,2018-01-01,2018-01-29,28,351,55292,Liny-devant-Dun,397.0
2018-01-01---2018-01-29_cluster_351,2018,2018-01-01,2018-01-29,28,351,55293,Lion-devant-Dun,10.0
2018-01-01---2018-01-29_cluster_351,2018,2018-01-01,2018-01-29,28,351,55310,Luzy-Saint-Martin,260.0
2018-01-01---2018-01-29_cluster_351,2018,2018-01-01,2018-01-29,28,351,55312,Maizey,351.0
2018-01-01---2018-01-29_cluster_351,2018,2018-01-01,2018-01-29,28,351,55321,Marre,176.0
2018-01-01---2018-01-29_cluster_351,2018,2018-01-01,2018-01-29,28,351,55328,Maxey-sur-Vaise,290.0
2018-01-01---2018-01-29_cluster_351,2018,2018-01-01,2018-01-29,28,351,55343,Montblainville,29.0
2018-01-01---2018-01-29_cluster_351,2018,2018-01-01,2018-01-29,28,351,55345,Mont-devant-Sassey,245.0
2018-01-01---2018-01-29_cluster_351,2018,2018-01-01,2018-01-29,28,351,55347,Les Monthairons,292.0
2018-01-01---2018-01-29_cluster_351,2018,2018-01-01,2018-01-29,28,351,55400,Parfondrupt,23.0
2018-01-01---2018-01-29_cluster_351,2018,2018-01-01,2018-01-29,28,351,55408,Pouilly-sur-Meuse,262.0
2018-01-01---2018-01-29_cluster_351,2018,2018-01-01,2018-01-29,28,351,55410,Quincy-Landzécourt,118.0
2018-01-01---2018-01-29_cluster_351,2018,2018-01-01,2018-01-29,28,351,55422,Regnéville-sur-Meuse,461.0
2018-01-01---2018-01-29_cluster_351,2018,2018-01-01,2018-01-29,28,351,55433,Rigny-la-Salle,355.0
2018-01-01---2018-01-29_cluster_351,2018,2018-01-01,2018-01-29,28,351,55444,Rouvrois-sur-Meuse,116.0
2018-01-01---2018-01-29_cluster_351,2018,2018-01-01,2018-01-29,28,351,55456,Saint-Germain-sur-Meuse,10.0
2018-01-01---2018-01-29_cluster_351,2018,2018-01-01,2018-01-29,28,351,55469,Sassey-sur-Meuse,186.0
2018-01-01---2018-01-29_cluster_351,2018,2018-01-01,2018-01-29,28,351,55485,Sepvigny,285.0
2018-01-01---2018-01-29_cluster_351,2018,2018-01-01,2018-01-29,28,351,55503,Taillancourt,58.0
2018-01-01---2018-01-29_cluster_351,2018,2018-01-01,2018-01-29,28,351,55512,Tilly-sur-Meuse,216.0
2018-01-01---2018-01-29_cluster_351,2018,2018-01-01,2018-01-29,28,351,55521,Troyon,34.0
2018-01-01---2018-01-29_cluster_351,2018,2018-01-01,2018-01-29,28,351,55522,Ugny-sur-Meuse,141.0
2018-01-01---2018-01-29_cluster_351,2018,2018-01-01,2018-01-29,28,351,55526,Vadonville,62.0
2018-01-01---2018-01-29_cluster_351,2018,2018-01-01,2018-01-29,28,351,55552,Vigneul-sous-Montmédy,10.0
2018-01-01---2018-01-29_cluster_351,2018,2018-01-01,2018-01-29,28,351,55573,Void-Vacon,73.0
2018-01-01---2018-01-29_cluster_351,2018,2018-01-01,2018-01-29,28,351,55584,Woimbey,15.0
2018-01-01---2018-01-29_cluster_351,2018,2018-01-01,2018-01-29,28,351,57002,Aboncourt-sur-Seille,167.0
2018-01-01---2018-01-29_cluster_351,2018,2018-01-01,2018-01-29,28,351,57040,Aulnois-sur-Seille,36.0
2018-01-01---2018-01-29_cluster_351,2018,2018-01-01,2018-01-29,28,351,57043,Ay-sur-Moselle,177.0
2018-01-01---2018-01-29_cluster_351,2018,2018-01-01,2018-01-29,28,351,57054,Baudrecourt,30.0
2018-01-01---2018-01-29_cluster_351,2018,2018-01-01,2018-01-29,28,351,57070,Bettange,49.0
2018-01-01---2018-01-29_cluster_351,2018,2018-01-01,2018-01-29,28,351,57088,Bistroff,15.0
2018-01-01---2018-01-29_cluster_351,2018,2018-01-01,2018-01-29,28,351,57147,Coin-sur-Seille,10.0
2018-01-01---2018-01-29_cluster_351,2018,2018-01-01,2018-01-29,28,351,57155,Courcelles-Chaussy,28.0
2018-01-01---2018-01-29_cluster_351,2018,2018-01-01,2018-01-29,28,351,57162,Cuvry,34.0
2018-01-01---2018-01-29_cluster_351,2018,2018-01-01,2018-01-29,28,351,57187,Éblange,46.0
2018-01-01---2018-01-29_cluster_351,2018,2018-01-01,2018-01-29,28,351,57193,Ennery,21.0
2018-01-01---2018-01-29_cluster_351,2018,2018-01-01,2018-01-29,28,351,57236,Frémery,58.0
2018-01-01---2018-01-29_cluster_351,2018,2018-01-01,2018-01-29,28,351,57290,Hampont,28.0
2018-01-01---2018-01-29_cluster_351,2018,2018-01-01,2018-01-29,28,351,57308,Hazembourg,91.0
2018-01-01---2018-01-29_cluster_351,2018,2018-01-01,2018-01-29,28,351,57329,Holling,56.0
2018-01-01---2018-01-29_cluster_351,2018,2018-01-01,2018-01-29,28,351,57346,Insming,78.0
2018-01-01---2018-01-29_cluster_351,2018,2018-01-01,2018-01-29,28,351,57370,Kœnigsmacker,287.0
2018-01-01---2018-01-29_cluster_351,2018,2018-01-01,2018-01-29,28,351,57392,Lemud,31.0
2018-01-01---2018-01-29_cluster_351,2018,2018-01-01,2018-01-29,28,351,57395,Lesse,13.0
2018-01-01---2018-01-29_cluster_351,2018,2018-01-01,2018-01-29,28,351,57431,Maizeroy,72.0
2018-01-01---2018-01-29_cluster_351,2018,2018-01-01,2018-01-29,28,351,57437,Malling,154.0
2018-01-01---2018-01-29_cluster_351,2018,2018-01-01,2018-01-29,28,351,57440,Manhoué,10.0
2018-01-01---2018-01-29_cluster_351,2018,2018-01-01,2018-01-29,28,351,57536,Petit-Tenquin,10.0
2018-01-01---2018-01-29_cluster_351,2018,2018-01-01,2018-01-29,28,351,57547,Pommérieux,71.0
2018-01-01---2018-01-29_cluster_351,2018,2018-01-01,2018-01-29,28,351,57555,Prévocourt,10.0
2018-01-01---2018-01-29_cluster_351,2018,2018-01-01,2018-01-29,28,351,57599,Roupeldange,19.0
2018-01-01---2018-01-29_cluster_351,2018,2018-01-01,2018-01-29,28,351,57627,Sanry-sur-Nied,15.0
2018-01-01---2018-01-29_cluster_351,2018,2018-01-01,2018-01-29,28,351,57708,Verny,79.0
2018-01-01---2018-01-29_cluster_351,2018,2018-01-01,2018-01-29,28,351,58118,Fours,11.0
2018-01-01---2018-01-29_cluster_351,2018,2018-01-01,2018-01-29,28,351,58173,Montaron,318.0
2018-01-01---2018-01-29_cluster_351,2018,2018-01-01,2018-01-29,28,351,58285,Tamnay-en-Bazois,41.0
2018-01-01---2018-01-29_cluster_351,2018,2018-01-01,2018-01-29,28,351,58290,Thaix,430.0
2018-01-01---2018-01-29_cluster_351,2018,2018-01-01,2018-01-29,28,351,58306,Verneuil,18.0
2018-01-01---2018-01-29_cluster_351,2018,2018-01-01,2018-01-29,28,351,60105,Brétigny,13.0
2018-01-01---2018-01-29_cluster_351,2018,2018-01-01,2018-01-29,28,351,60507,Pontoise-lès-Noyon,183.0
2018-01-01---2018-01-29_cluster_351,2018,2018-01-01,2018-01-29,28,351,60655,Varesnes,141.0
2018-01-01---2018-01-29_cluster_351,2018,2018-01-01,2018-01-29,28,351,67019,Baldenheim,47.0
2018-01-01---2018-01-29_cluster_351,2018,2018-01-01,2018-01-29,28,351,67116,Ebersmunster,45.0
2018-01-01---2018-01-29_cluster_351,2018,2018-01-01,2018-01-29,28,351,67121,Elsenheim,71.0
2018-01-01---2018-01-29_cluster_351,2018,2018-01-01,2018-01-29,28,351,67183,Harskirchen,44.0
2018-01-01---2018-01-29_cluster_351,2018,2018-01-01,2018-01-29,28,351,67187,Heidolsheim,30.0
2018-01-01---2018-01-29_cluster_351,2018,2018-01-01,2018-01-29,28,351,67196,Hilsenheim,321.0
2018-01-01---2018-01-29_cluster_351,2018,2018-01-01,2018-01-29,28,351,67199,Hinsingen,54.0
2018-01-01---2018-01-29_cluster_351,2018,2018-01-01,2018-01-29,28,351,67311,Muttersholtz,85.0
2018-01-01---2018-01-29_cluster_351,2018,2018-01-01,2018-01-29,28,351,67312,Mutzenhouse,91.0
2018-01-01---2018-01-29_cluster_351,2018,2018-01-01,2018-01-29,28,351,67360,Ohnenheim,113.0
2018-01-01---2018-01-29_cluster_351,2018,2018-01-01,2018-01-29,28,351,67412,Rossfeld,47.0
2018-01-01---2018-01-29_cluster_351,2018,2018-01-01,2018-01-29,28,351,67516,Waltenheim-sur-Zorn,57.0
2018-01-01---2018-01-29_cluster_351,2018,2018-01-01,2018-01-29,28,351,70012,Amance,190.0
2018-01-01---2018-01-29_cluster_351,2018,2018-01-01,2018-01-29,28,351,70018,Ancier,94.0
2018-01-01---2018-01-29_cluster_351,2018,2018-01-01,2018-01-29,28,351,70022,Angirey,46.0
2018-01-01---2018-01-29_cluster_351,2018,2018-01-01,2018-01-29,28,351,70024,Apremont,288.0
2018-01-01---2018-01-29_cluster_351,2018,2018-01-01,2018-01-29,28,351,70058,Beaujeu-Saint-Vallier-Pierrejux-et-Quitteur,803.0
2018-01-01---2018-01-29_cluster_351,2018,2018-01-01,2018-01-29,28,351,70072,Beveuge,43.0
2018-01-01---2018-01-29_cluster_351,2018,2018-01-01,2018-01-29,28,351,70105,Bucey-lès-Traves,394.0
2018-01-01---2018-01-29_cluster_351,2018,2018-01-01,2018-01-29,28,351,70114,Cendrecourt,269.0
2018-01-01---2018-01-29_cluster_351,2018,2018-01-01,2018-01-29,28,351,70127,Chantes,415.0
2018-01-01---2018-01-29_cluster_351,2018,2018-01-01,2018-01-29,28,351,70138,Chassey-lès-Scey,483.0
2018-01-01---2018-01-29_cluster_351,2018,2018-01-01,2018-01-29,28,351,70148,Chemilly,281.0
2018-01-01---2018-01-29_cluster_351,2018,2018-01-01,2018-01-29,28,351,70167,Conflandey,81.0
2018-01-01---2018-01-29_cluster_351,2018,2018-01-01,2018-01-29,28,351,70213,Éhuns,16.0
2018-01-01---2018-01-29_cluster_351,2018,2018-01-01,2018-01-29,28,351,70236,Fleurey-lès-Faverney,40.0
2018-01-01---2018-01-29_cluster_351,2018,2018-01-01,2018-01-29,28,351,70244,Fouchécourt,342.0
2018-01-01---2018-01-29_cluster_351,2018,2018-01-01,2018-01-29,28,351,70267,Gevigney-et-Mercey,292.0
2018-01-01---2018-01-29_cluster_351,2018,2018-01-01,2018-01-29,28,351,70279,Gray,354.0
2018-01-01---2018-01-29_cluster_351,2018,2018-01-01,2018-01-29,28,351,70280,Gray-la-Ville,782.0
2018-01-01---2018-01-29_cluster_351,2018,2018-01-01,2018-01-29,28,351,70317,Les Magny,793.0
2018-01-01---2018-01-29_cluster_351,2018,2018-01-01,2018-01-29,28,351,70400,Ouge,10.0
2018-01-01---2018-01-29_cluster_351,2018,2018-01-01,2018-01-29,28,351,70427,Purgerot,10.0
2018-01-01---2018-01-29_cluster_351,2018,2018-01-01,2018-01-29,28,351,70437,Ranzevelle,89.0
2018-01-01---2018-01-29_cluster_351,2018,2018-01-01,2018-01-29,28,351,70454,Rosières-sur-Mance,49.0
2018-01-01---2018-01-29_cluster_351,2018,2018-01-01,2018-01-29,28,351,70461,Saint-Broing,10.0
2018-01-01---2018-01-29_cluster_351,2018,2018-01-01,2018-01-29,28,351,70474,Saint-Sulpice,155.0
2018-01-01---2018-01-29_cluster_351,2018,2018-01-01,2018-01-29,28,351,70491,Seveux-Motey,441.0
2018-01-01---2018-01-29_cluster_351,2018,2018-01-01,2018-01-29,28,351,70492,Soing-Cubry-Charentenay,427.0
2018-01-01---2018-01-29_cluster_351,2018,2018-01-01,2018-01-29,28,351,70504,Traves,725.0
2018-01-01---2018-01-29_cluster_351,2018,2018-01-01,2018-01-29,28,351,70524,Vauchoux,1199.0
2018-01-01---2018-01-29_cluster_351,2018,2018-01-01,2018-01-29,28,351,70529,Velet,103.0
2018-01-01---2018-01-29_cluster_351,2018,2018-01-01,2018-01-29,28,351,70539,Vellexon-Queutrey-et-Vaudey,305.0
2018-01-01---2018-01-29_cluster_351,2018,2018-01-01,2018-01-29,28,351,70562,Villers-la-Ville,43.0
2018-01-01---2018-01-29_cluster_351,2018,2018-01-01,2018-01-29,28,351,70572,Vitrey-sur-Mance,53.0
2018-01-01---2018-01-29_cluster_351,2018,2018-01-01,2018-01-29,28,351,71001,L'Abergement-de-Cuisery,20.0
2018-01-01---2018-01-29_cluster_351,2018,2018-01-01,2018-01-29,28,351,71101,Charette-Varennes,200.0
2018-01-01---2018-01-29_cluster_351,2018,2018-01-01,2018-01-29,28,351,71155,Cronat,162.0
2018-01-01---2018-01-29_cluster_351,2018,2018-01-01,2018-01-29,28,351,71207,Fretterans,33.0
2018-01-01---2018-01-29_cluster_351,2018,2018-01-01,2018-01-29,28,351,71208,Frontenard,27.0
2018-01-01---2018-01-29_cluster_351,2018,2018-01-01,2018-01-29,28,351,71219,Gigny-sur-Saône,134.0
2018-01-01---2018-01-29_cluster_351,2018,2018-01-01,2018-01-29,28,351,71244,Jouvençon,166.0
2018-01-01---2018-01-29_cluster_351,2018,2018-01-01,2018-01-29,28,351,71248,Lacrost,122.0
2018-01-01---2018-01-29_cluster_351,2018,2018-01-01,2018-01-29,28,351,71262,Longepierre,86.0
2018-01-01---2018-01-29_cluster_351,2018,2018-01-01,2018-01-29,28,351,71315,Mont-lès-Seurre,175.0
2018-01-01---2018-01-29_cluster_351,2018,2018-01-01,2018-01-29,28,351,71329,Navilly,63.0
2018-01-01---2018-01-29_cluster_351,2018,2018-01-01,2018-01-29,28,351,71332,Ormes,130.0
2018-01-01---2018-01-29_cluster_351,2018,2018-01-01,2018-01-29,28,351,71355,Pontoux,437.0
2018-01-01---2018-01-29_cluster_351,2018,2018-01-01,2018-01-29,28,351,71365,Rancy,130.0
2018-01-01---2018-01-29_cluster_351,2018,2018-01-01,2018-01-29,28,351,71423,Saint-Gervais-en-Vallière,10.0
2018-01-01---2018-01-29_cluster_351,2018,2018-01-01,2018-01-29,28,351,71504,Saunières,17.0
2018-01-01---2018-01-29_cluster_351,2018,2018-01-01,2018-01-29,28,351,71514,Sens-sur-Seille,54.0
2018-01-01---2018-01-29_cluster_351,2018,2018-01-01,2018-01-29,28,351,71543,Tournus,122.0
2018-01-01---2018-01-29_cluster_351,2018,2018-01-01,2018-01-29,28,351,71555,Varennes-le-Grand,59.0
2018-01-01---2018-01-29_cluster_351,2018,2018-01-01,2018-01-29,28,351,77173,Étrépilly,10.0
2018-01-01---2018-01-29_cluster_351,2018,2018-01-01,2018-01-29,28,351,77248,Lesches,137.0
2018-01-01---2018-01-29_cluster_351,2018,2018-01-01,2018-01-29,28,351,88003,Aingeville,43.0
2018-01-01---2018-01-29_cluster_351,2018,2018-01-01,2018-01-29,28,351,88031,Balléville,32.0
2018-01-01---2018-01-29_cluster_351,2018,2018-01-01,2018-01-29,28,351,88171,Fignévelle,33.0
2018-01-01---2018-01-29_cluster_351,2018,2018-01-01,2018-01-29,28,351,88183,Frebécourt,19.0
2018-01-01---2018-01-29_cluster_351,2018,2018-01-01,2018-01-29,28,351,88226,Hagécourt,27.0
2018-01-01---2018-01-29_cluster_351,2018,2018-01-01,2018-01-29,28,351,88242,Houéville,34.0
2018-01-01---2018-01-29_cluster_351,2018,2018-01-01,2018-01-29,28,351,88293,Maxey-sur-Meuse,45.0
2018-01-01---2018-01-29_cluster_351,2018,2018-01-01,2018-01-29,28,351,88305,Moncel-sur-Vair,23.0
2018-01-01---2018-01-29_cluster_351,2018,2018-01-01,2018-01-29,28,351,88312,Morelmaison,37.0
2018-01-01---2018-01-29_cluster_351,2018,2018-01-01,2018-01-29,28,351,88383,Remiremont,173.0
2018-01-01---2018-01-29_cluster_351,2018,2018-01-01,2018-01-29,28,351,89017,Argenteuil-sur-Armançon,80.0
2018-01-01---2018-01-29_cluster_351,2018,2018-01-01,2018-01-29,28,351,89184,Fulvy,10.0
2018-01-01---2018-01-29_cluster_351,2018,2018-01-01,2018-01-29,28,351,89211,Junay,56.0
2018-01-01---2018-01-29_cluster_351,2018,2018-01-01,2018-01-29,28,351,89234,Lucy-sur-Yonne,544.0
2018-01-01---2018-01-29_cluster_351,2018,2018-01-01,2018-01-29,28,351,90049,Foussemagne,48.0
2018-01-15---2018-02-05_cluster_356,2018,2018-01-15,2018-02-05,21,356,01147,Domsure,50.0
2018-01-15---2018-02-05_cluster_356,2018,2018-01-15,2018-02-05,21,356,01159,Feillens,40.0
2018-01-15---2018-02-05_cluster_356,2018,2018-01-15,2018-02-05,21,356,01231,Manziat,177.0
2018-01-15---2018-02-05_cluster_356,2018,2018-01-15,2018-02-05,21,356,01252,Mogneneins,102.0
2018-01-15---2018-02-05_cluster_356,2018,2018-01-15,2018-02-05,21,356,01284,Ozan,58.0
2018-01-15---2018-02-05_cluster_356,2018,2018-01-15,2018-02-05,21,356,01323,Reyssouze,59.0
2018-01-15---2018-02-05_cluster_356,2018,2018-01-15,2018-02-05,21,356,01380,Saint-Nizier-le-Bouchoux,44.0
2018-01-15---2018-02-05_cluster_356,2018,2018-01-15,2018-02-05,21,356,01420,Thoissey,21.0
2018-01-15---2018-02-05_cluster_356,2018,2018-01-15,2018-02-05,21,356,02014,Amigny-Rouy,183.0
2018-01-15---2018-02-05_cluster_356,2018,2018-01-15,2018-02-05,21,356,02186,Chézy-sur-Marne,56.0
2018-01-15---2018-02-05_cluster_356,2018,2018-01-15,2018-02-05,21,356,02208,Concevreux,255.0
2018-01-15---2018-02-05_cluster_356,2018,2018-01-15,2018-02-05,21,356,02260,Danizy,10.0
2018-01-15---2018-02-05_cluster_356,2018,2018-01-15,2018-02-05,21,356,02262,Deuillet,10.0
2018-01-15---2018-02-05_cluster_356,2018,2018-01-15,2018-02-05,21,356,02453,Maizy,397.0
2018-01-15---2018-02-05_cluster_356,2018,2018-01-15,2018-02-05,21,356,02456,Manicamp,229.0
2018-01-15---2018-02-05_cluster_356,2018,2018-01-15,2018-02-05,21,356,02484,Mézy-Moulins,146.0
2018-01-15---2018-02-05_cluster_356,2018,2018-01-15,2018-02-05,21,356,02555,Nogent-l'Artaud,399.0
2018-01-15---2018-02-05_cluster_356,2018,2018-01-15,2018-02-05,21,356,02612,Pont-Arcy,460.0
2018-01-15---2018-02-05_cluster_356,2018,2018-01-15,2018-02-05,21,356,02716,Servais,21.0
2018-01-15---2018-02-05_cluster_356,2018,2018-01-15,2018-02-05,21,356,02719,Sinceny,106.0
2018-01-15---2018-02-05_cluster_356,2018,2018-01-15,2018-02-05,21,356,02780,Venizel,532.0
2018-01-15---2018-02-05_cluster_356,2018,2018-01-15,2018-02-05,21,356,08004,Aire,120.0
2018-01-15---2018-02-05_cluster_356,2018,2018-01-15,2018-02-05,21,356,08010,Ambly-Fleury,36.0
2018-01-15---2018-02-05_cluster_356,2018,2018-01-15,2018-02-05,21,356,08020,Les Petites-Armoises,29.0
2018-01-15---2018-02-05_cluster_356,2018,2018-01-15,2018-02-05,21,356,08070,Blanzy-la-Salonnaise,32.0
2018-01-15---2018-02-05_cluster_356,2018,2018-01-15,2018-02-05,21,356,08082,Brécy-Brières,48.0
2018-01-15---2018-02-05_cluster_356,2018,2018-01-15,2018-02-05,21,356,08140,Dom-le-Mesnil,249.0
2018-01-15---2018-02-05_cluster_356,2018,2018-01-15,2018-02-05,21,356,08168,La Ferté-sur-Chiers,86.0
2018-01-15---2018-02-05_cluster_356,2018,2018-01-15,2018-02-05,21,356,08193,Givry,10.0
2018-01-15---2018-02-05_cluster_356,2018,2018-01-15,2018-02-05,21,356,08194,Glaire,341.0
2018-01-15---2018-02-05_cluster_356,2018,2018-01-15,2018-02-05,21,356,08276,Margut,37.0
2018-01-15---2018-02-05_cluster_356,2018,2018-01-15,2018-02-05,21,356,08317,La Neuville-à-Maire,86.0
2018-01-15---2018-02-05_cluster_356,2018,2018-01-15,2018-02-05,21,356,08346,Prix-lès-Mézières,546.0
2018-01-15---2018-02-05_cluster_356,2018,2018-01-15,2018-02-05,21,356,08357,Remilly-Aillicourt,480.0
2018-01-15---2018-02-05_cluster_356,2018,2018-01-15,2018-02-05,21,356,08364,Rilly-sur-Aisne,10.0
2018-01-15---2018-02-05_cluster_356,2018,2018-01-15,2018-02-05,21,356,08416,Seuil,40.0
2018-01-15---2018-02-05_cluster_356,2018,2018-01-15,2018-02-05,21,356,08438,Taizy,223.0
2018-01-15---2018-02-05_cluster_356,2018,2018-01-15,2018-02-05,21,356,08444,Tétaigne,18.0
2018-01-15---2018-02-05_cluster_356,2018,2018-01-15,2018-02-05,21,356,08461,Vandy,76.0
2018-01-15---2018-02-05_cluster_356,2018,2018-01-15,2018-02-05,21,356,08464,Vaux-lès-Mouron,10.0
2018-01-15---2018-02-05_cluster_356,2018,2018-01-15,2018-02-05,21,356,08466,Vaux-lès-Mouzon,28.0
2018-01-15---2018-02-05_cluster_356,2018,2018-01-15,2018-02-05,21,356,08473,Vieux-lès-Asfeld,646.0
2018-01-15---2018-02-05_cluster_356,2018,2018-01-15,2018-02-05,21,356,08477,Villers-devant-Mouzon,294.0
2018-01-15---2018-02-05_cluster_356,2018,2018-01-15,2018-02-05,21,356,08481,Villers-sur-Bar,198.0
2018-01-15---2018-02-05_cluster_356,2018,2018-01-15,2018-02-05,21,356,08494,Wadelincourt,336.0
2018-01-15---2018-02-05_cluster_356,2018,2018-01-15,2018-02-05,21,356,10043,Bessy,47.0
2018-01-15---2018-02-05_cluster_356,2018,2018-01-15,2018-02-05,21,356,10047,Blignicourt,141.0
2018-01-15---2018-02-05_cluster_356,2018,2018-01-15,2018-02-05,21,356,10067,Buchères,29.0
2018-01-15---2018-02-05_cluster_356,2018,2018-01-15,2018-02-05,21,356,10120,Cussangy,25.0
2018-01-15---2018-02-05_cluster_356,2018,2018-01-15,2018-02-05,21,356,10122,Davrey,72.0
2018-01-15---2018-02-05_cluster_356,2018,2018-01-15,2018-02-05,21,356,10144,Étrelles-sur-Aube,504.0
2018-01-15---2018-02-05_cluster_356,2018,2018-01-15,2018-02-05,21,356,10150,Fontaine,23.0
2018-01-15---2018-02-05_cluster_356,2018,2018-01-15,2018-02-05,21,356,10171,Hampigny,64.0
2018-01-15---2018-02-05_cluster_356,2018,2018-01-15,2018-02-05,21,356,10184,Juzanvigny,14.0
2018-01-15---2018-02-05_cluster_356,2018,2018-01-15,2018-02-05,21,356,10246,Montceaux-lès-Vaudes,15.0
2018-01-15---2018-02-05_cluster_356,2018,2018-01-15,2018-02-05,21,356,10249,Montiéramey,69.0
2018-01-15---2018-02-05_cluster_356,2018,2018-01-15,2018-02-05,21,356,10298,Pont-sur-Seine,137.0
2018-01-15---2018-02-05_cluster_356,2018,2018-01-15,2018-02-05,21,356,10299,Pouan-les-Vallées,10.0
2018-01-15---2018-02-05_cluster_356,2018,2018-01-15,2018-02-05,21,356,10315,Rances,124.0
2018-01-15---2018-02-05_cluster_356,2018,2018-01-15,2018-02-05,21,356,10316,Rhèges,43.0
2018-01-15---2018-02-05_cluster_356,2018,2018-01-15,2018-02-05,21,356,10341,Saint-Hilaire-sous-Romilly,278.0
2018-01-15---2018-02-05_cluster_356,2018,2018-01-15,2018-02-05,21,356,10363,Saint-Thibault,17.0
2018-01-15---2018-02-05_cluster_356,2018,2018-01-15,2018-02-05,21,356,10393,Vallentigny,64.0
2018-01-15---2018-02-05_cluster_356,2018,2018-01-15,2018-02-05,21,356,10429,Villette-sur-Aube,470.0
2018-01-15---2018-02-05_cluster_356,2018,2018-01-15,2018-02-05,21,356,14107,Bricqueville,52.0
2018-01-15---2018-02-05_cluster_356,2018,2018-01-15,2018-02-05,21,356,14163,Cléville,28.0
2018-01-15---2018-02-05_cluster_356,2018,2018-01-15,2018-02-05,21,356,14168,Colombières,10.0
2018-01-15---2018-02-05_cluster_356,2018,2018-01-15,2018-02-05,21,356,14335,Hotot-en-Auge,86.0
2018-01-15---2018-02-05_cluster_356,2018,2018-01-15,2018-02-05,21,356,14344,Janville,30.0
2018-01-15---2018-02-05_cluster_356,2018,2018-01-15,2018-02-05,21,356,14397,Mandeville-en-Bessin,26.0
2018-01-15---2018-02-05_cluster_356,2018,2018-01-15,2018-02-05,21,356,14410,Méry-Bissières-en-Auge,29.0
2018-01-15---2018-02-05_cluster_356,2018,2018-01-15,2018-02-05,21,356,14492,Pennedepie,168.0
2018-01-15---2018-02-05_cluster_356,2018,2018-01-15,2018-02-05,21,356,14535,Reviers,34.0
2018-01-15---2018-02-05_cluster_356,2018,2018-01-15,2018-02-05,21,356,14556,Saint-André-sur-Orne,414.0
2018-01-15---2018-02-05_cluster_356,2018,2018-01-15,2018-02-05,21,356,14575,Saint-Étienne-la-Thillaye,10.0
2018-01-15---2018-02-05_cluster_356,2018,2018-01-15,2018-02-05,21,356,16089,Châteaubernard,246.0
2018-01-15---2018-02-05_cluster_356,2018,2018-01-15,2018-02-05,21,356,16090,Châteauneuf-sur-Charente,615.0
2018-01-15---2018-02-05_cluster_356,2018,2018-01-15,2018-02-05,21,356,16217,Merpins,422.0
2018-01-15---2018-02-05_cluster_356,2018,2018-01-15,2018-02-05,21,356,17069,Brives-sur-Charente,352.0
2018-01-15---2018-02-05_cluster_356,2018,2018-01-15,2018-02-05,21,356,17073,Bussac-sur-Charente,514.0
2018-01-15---2018-02-05_cluster_356,2018,2018-01-15,2018-02-05,21,356,17085,Champdolent,166.0
2018-01-15---2018-02-05_cluster_356,2018,2018-01-15,2018-02-05,21,356,17115,Colombiers,53.0
2018-01-15---2018-02-05_cluster_356,2018,2018-01-15,2018-02-05,21,356,17128,Courcoury,441.0
2018-01-15---2018-02-05_cluster_356,2018,2018-01-15,2018-02-05,21,356,17155,Étaules,106.0
2018-01-15---2018-02-05_cluster_356,2018,2018-01-15,2018-02-05,21,356,17164,Fontcouverte,491.0
2018-01-15---2018-02-05_cluster_356,2018,2018-01-15,2018-02-05,21,356,17179,Les Gonds,937.0
2018-01-15---2018-02-05_cluster_356,2018,2018-01-15,2018-02-05,21,356,17184,La Gripperie-Saint-Symphorien,46.0
2018-01-15---2018-02-05_cluster_356,2018,2018-01-15,2018-02-05,21,356,17191,La Jard,16.0
2018-01-15---2018-02-05_cluster_356,2018,2018-01-15,2018-02-05,21,356,17304,Rouffiac,302.0
2018-01-15---2018-02-05_cluster_356,2018,2018-01-15,2018-02-05,21,356,17400,Saint-Sever-de-Saintonge,254.0
2018-01-15---2018-02-05_cluster_356,2018,2018-01-15,2018-02-05,21,356,17412,Saint-Vaize,401.0
2018-01-15---2018-02-05_cluster_356,2018,2018-01-15,2018-02-05,21,356,17418,Salignac-sur-Charente,385.0
2018-01-15---2018-02-05_cluster_356,2018,2018-01-15,2018-02-05,21,356,17421,Saujon,117.0
2018-01-15---2018-02-05_cluster_356,2018,2018-01-15,2018-02-05,21,356,17481,Voissay,33.0
2018-01-15---2018-02-05_cluster_356,2018,2018-01-15,2018-02-05,21,356,21038,Auxonne,94.0
2018-01-15---2018-02-05_cluster_356,2018,2018-01-15,2018-02-05,21,356,21131,Chamblanc,62.0
2018-01-15---2018-02-05_cluster_356,2018,2018-01-15,2018-02-05,21,356,21180,Cléry,860.0
2018-01-15---2018-02-05_cluster_356,2018,2018-01-15,2018-02-05,21,356,21269,Flammerans,35.0
2018-01-15---2018-02-05_cluster_356,2018,2018-01-15,2018-02-05,21,356,21301,Glanon,156.0
2018-01-15---2018-02-05_cluster_356,2018,2018-01-15,2018-02-05,21,356,21337,Lamarche-sur-Saône,71.0
2018-01-15---2018-02-05_cluster_356,2018,2018-01-15,2018-02-05,21,356,21342,Laperrière-sur-Saône,135.0
2018-01-15---2018-02-05_cluster_356,2018,2018-01-15,2018-02-05,21,356,21344,Lechâtelet,160.0
2018-01-15---2018-02-05_cluster_356,2018,2018-01-15,2018-02-05,21,356,21356,Losne,132.0
2018-01-15---2018-02-05_cluster_356,2018,2018-01-15,2018-02-05,21,356,21475,Pagny-le-Château,416.0
2018-01-15---2018-02-05_cluster_356,2018,2018-01-15,2018-02-05,21,356,21482,Perrigny-sur-l'Ognon,300.0
2018-01-15---2018-02-05_cluster_356,2018,2018-01-15,2018-02-05,21,356,21571,Saint-Sauveur,10.0
2018-01-15---2018-02-05_cluster_356,2018,2018-01-15,2018-02-05,21,356,21572,Saint-Seine-en-Bâche,297.0
2018-01-15---2018-02-05_cluster_356,2018,2018-01-15,2018-02-05,21,356,21574,Saint-Seine-sur-Vingeanne,65.0
2018-01-15---2018-02-05_cluster_356,2018,2018-01-15,2018-02-05,21,356,21575,Saint-Symphorien-sur-Saône,159.0
2018-01-15---2018-02-05_cluster_356,2018,2018-01-15,2018-02-05,21,356,21607,Seurre,242.0
2018-01-15---2018-02-05_cluster_356,2018,2018-01-15,2018-02-05,21,356,21647,Trugny,35.0
2018-01-15---2018-02-05_cluster_356,2018,2018-01-15,2018-02-05,21,356,21711,Vix,19.0
2018-01-15---2018-02-05_cluster_356,2018,2018-01-15,2018-02-05,21,356,25067,Blussans,874.0
2018-01-15---2018-02-05_cluster_356,2018,2018-01-15,2018-02-05,21,356,25073,Bonnay,146.0
2018-01-15---2018-02-05_cluster_356,2018,2018-01-15,2018-02-05,21,356,25090,Brères,838.0
2018-01-15---2018-02-05_cluster_356,2018,2018-01-15,2018-02-05,21,356,25107,Cendrey,777.0
2018-01-15---2018-02-05_cluster_356,2018,2018-01-15,2018-02-05,21,356,25136,Chaucenne,47.0
2018-01-15---2018-02-05_cluster_356,2018,2018-01-15,2018-02-05,21,356,25150,Chevigney-sur-l'Ognon,654.0
2018-01-15---2018-02-05_cluster_356,2018,2018-01-15,2018-02-05,21,356,25172,Courchapon,183.0
2018-01-15---2018-02-05_cluster_356,2018,2018-01-15,2018-02-05,21,356,25186,Cussey-sur-l'Ognon,726.0
2018-01-15---2018-02-05_cluster_356,2018,2018-01-15,2018-02-05,21,356,25217,Émagny,225.0
2018-01-15---2018-02-05_cluster_356,2018,2018-01-15,2018-02-05,21,356,25242,Flagey-Rigney,393.0
2018-01-15---2018-02-05_cluster_356,2018,2018-01-15,2018-02-05,21,356,25269,Germondans,334.0
2018-01-15---2018-02-05_cluster_356,2018,2018-01-15,2018-02-05,21,356,25317,Jallerange,58.0
2018-01-15---2018-02-05_cluster_356,2018,2018-01-15,2018-02-05,21,356,25330,Lavans-Quingey,299.0
2018-01-15---2018-02-05_cluster_356,2018,2018-01-15,2018-02-05,21,356,25376,Mérey-Vieilley,99.0
2018-01-15---2018-02-05_cluster_356,2018,2018-01-15,2018-02-05,21,356,25383,Moncley,225.0
2018-01-15---2018-02-05_cluster_356,2018,2018-01-15,2018-02-05,21,356,25430,Ollans,1468.0
2018-01-15---2018-02-05_cluster_356,2018,2018-01-15,2018-02-05,21,356,25490,Rigney,399.0
2018-01-15---2018-02-05_cluster_356,2018,2018-01-15,2018-02-05,21,356,25502,Roset-Fluans,903.0
2018-01-15---2018-02-05_cluster_356,2018,2018-01-15,2018-02-05,21,356,25516,Saint-Georges-Armont,928.0
2018-01-15---2018-02-05_cluster_356,2018,2018-01-15,2018-02-05,21,356,25524,Saint-Maurice-Colombier,294.0
2018-01-15---2018-02-05_cluster_356,2018,2018-01-15,2018-02-05,21,356,27097,Bouafles,17.0
2018-01-15---2018-02-05_cluster_356,2018,2018-01-15,2018-02-05,21,356,27275,Gaillon,194.0
2018-01-15---2018-02-05_cluster_356,2018,2018-01-15,2018-02-05,21,356,27365,Léry,504.0
2018-01-15---2018-02-05_cluster_356,2018,2018-01-15,2018-02-05,21,356,33055,Blaignan-Prignac,16.0
2018-01-15---2018-02-05_cluster_356,2018,2018-01-15,2018-02-05,21,356,33240,Lesparre-Médoc,20.0
2018-01-15---2018-02-05_cluster_356,2018,2018-01-15,2018-02-05,21,356,33315,Les Peintures,975.0
2018-01-15---2018-02-05_cluster_356,2018,2018-01-15,2018-02-05,21,356,33395,Saint-Estèphe,17.0
2018-01-15---2018-02-05_cluster_356,2018,2018-01-15,2018-02-05,21,356,33545,Vertheuil,27.0
2018-01-15---2018-02-05_cluster_356,2018,2018-01-15,2018-02-05,21,356,35179,Miniac-Morvan,39.0
2018-01-15---2018-02-05_cluster_356,2018,2018-01-15,2018-02-05,21,356,37161,Mosnes,10.0
2018-01-15---2018-02-05_cluster_356,2018,2018-01-15,2018-02-05,21,356,37258,Thizay,66.0
2018-01-15---2018-02-05_cluster_356,2018,2018-01-15,2018-02-05,21,356,37269,Verneuil-sur-Indre,41.0
2018-01-15---2018-02-05_cluster_356,2018,2018-01-15,2018-02-05,21,356,39043,Beaufort-Orbagna,10.0
2018-01-15---2018-02-05_cluster_356,2018,2018-01-15,2018-02-05,21,356,39076,La Bretenière,10.0
2018-01-15---2018-02-05_cluster_356,2018,2018-01-15,2018-02-05,21,356,39134,Chavéria,50.0
2018-01-15---2018-02-05_cluster_356,2018,2018-01-15,2018-02-05,21,356,39140,Chêne-Sec,19.0
2018-01-15---2018-02-05_cluster_356,2018,2018-01-15,2018-02-05,21,356,39206,Écleux,37.0
2018-01-15---2018-02-05_cluster_356,2018,2018-01-15,2018-02-05,21,356,39218,Étrepigney,664.0
2018-01-15---2018-02-05_cluster_356,2018,2018-01-15,2018-02-05,21,356,39220,Falletans,102.0
2018-01-15---2018-02-05_cluster_356,2018,2018-01-15,2018-02-05,21,356,39235,Fraisans,247.0
2018-01-15---2018-02-05_cluster_356,2018,2018-01-15,2018-02-05,21,356,39377,Mutigney,444.0
2018-01-15---2018-02-05_cluster_356,2018,2018-01-15,2018-02-05,21,356,39387,Nevy-lès-Dole,348.0
2018-01-15---2018-02-05_cluster_356,2018,2018-01-15,2018-02-05,21,356,39398,Ougney,257.0
2018-01-15---2018-02-05_cluster_356,2018,2018-01-15,2018-02-05,21,356,39399,Ounans,36.0
2018-01-15---2018-02-05_cluster_356,2018,2018-01-15,2018-02-05,21,356,39400,Our,64.0
2018-01-15---2018-02-05_cluster_356,2018,2018-01-15,2018-02-05,21,356,39402,Pagney,693.0
2018-01-15---2018-02-05_cluster_356,2018,2018-01-15,2018-02-05,21,356,39452,Rans,237.0
2018-01-15---2018-02-05_cluster_356,2018,2018-01-15,2018-02-05,21,356,39477,Saint-Baraing,45.0
2018-01-15---2018-02-05_cluster_356,2018,2018-01-15,2018-02-05,21,356,39525,Tassenières,45.0
2018-01-15---2018-02-05_cluster_356,2018,2018-01-15,2018-02-05,21,356,39528,Thervay,117.0
2018-01-15---2018-02-05_cluster_356,2018,2018-01-15,2018-02-05,21,356,39569,Villers-Farlay,35.0
2018-01-15---2018-02-05_cluster_356,2018,2018-01-15,2018-02-05,21,356,39581,Vitreux,368.0
2018-01-15---2018-02-05_cluster_356,2018,2018-01-15,2018-02-05,21,356,44032,La Chapelle-Heulin,44.0
2018-01-15---2018-02-05_cluster_356,2018,2018-01-15,2018-02-05,21,356,44052,Donges,57.0
2018-01-15---2018-02-05_cluster_356,2018,2018-01-15,2018-02-05,21,356,44087,Machecoul-Saint-Même,456.0
2018-01-15---2018-02-05_cluster_356,2018,2018-01-15,2018-02-05,21,356,44133,Port-Saint-Père,150.0
2018-01-15---2018-02-05_cluster_356,2018,2018-01-15,2018-02-05,21,356,44178,Saint-Mars-de-Coutais,149.0
2018-01-15---2018-02-05_cluster_356,2018,2018-01-15,2018-02-05,21,356,44183,Saint-Molf,63.0
2018-01-15---2018-02-05_cluster_356,2018,2018-01-15,2018-02-05,21,356,44188,Saint-Philbert-de-Grand-Lieu,89.0
2018-01-15---2018-02-05_cluster_356,2018,2018-01-15,2018-02-05,21,356,45300,Sandillon,99.0
2018-01-15---2018-02-05_cluster_356,2018,2018-01-15,2018-02-05,21,356,50004,Airel,93.0
2018-01-15---2018-02-05_cluster_356,2018,2018-01-15,2018-02-05,21,356,50016,Appeville,39.0
2018-01-15---2018-02-05_cluster_356,2018,2018-01-15,2018-02-05,21,356,50023,Auvers,89.0
2018-01-15---2018-02-05_cluster_356,2018,2018-01-15,2018-02-05,21,356,50070,Boutteville,75.0
2018-01-15---2018-02-05_cluster_356,2018,2018-01-15,2018-02-05,21,356,50099,Carentan-les-Marais,73.0
2018-01-15---2018-02-05_cluster_356,2018,2018-01-15,2018-02-05,21,356,50216,Graignes-Mesnil-Angot,23.0
2018-01-15---2018-02-05_cluster_356,2018,2018-01-15,2018-02-05,21,356,50263,Lapenty,114.0
2018-01-15---2018-02-05_cluster_356,2018,2018-01-15,2018-02-05,21,356,50269,Liesville-sur-Douve,15.0
2018-01-15---2018-02-05_cluster_356,2018,2018-01-15,2018-02-05,21,356,50298,Méautis,38.0
2018-01-15---2018-02-05_cluster_356,2018,2018-01-15,2018-02-05,21,356,50409,Pont-Hébert,53.0
2018-01-15---2018-02-05_cluster_356,2018,2018-01-15,2018-02-05,21,356,50431,Remilly Les Marais,64.0
2018-01-15---2018-02-05_cluster_356,2018,2018-01-15,2018-02-05,21,356,50445,Saint-André-de-Bohon,26.0
2018-01-15---2018-02-05_cluster_356,2018,2018-01-15,2018-02-05,21,356,50451,Saint-Brice,36.0
2018-01-15---2018-02-05_cluster_356,2018,2018-01-15,2018-02-05,21,356,50468,Saint-Fromond,166.0
2018-01-15---2018-02-05_cluster_356,2018,2018-01-15,2018-02-05,21,356,50488,Saint-Jean-de-Daye,116.0
2018-01-15---2018-02-05_cluster_356,2018,2018-01-15,2018-02-05,21,356,50554,Saint-Senier-sous-Avranches,11.0
2018-01-15---2018-02-05_cluster_356,2018,2018-01-15,2018-02-05,21,356,50606,Tribehou,62.0
2018-01-15---2018-02-05_cluster_356,2018,2018-01-15,2018-02-05,21,356,50617,Varenguebec,80.0
2018-01-15---2018-02-05_cluster_356,2018,2018-01-15,2018-02-05,21,356,51018,Athis,69.0
2018-01-15---2018-02-05_cluster_356,2018,2018-01-15,2018-02-05,21,356,51023,Aulnay-sur-Marne,140.0
2018-01-15---2018-02-05_cluster_356,2018,2018-01-15,2018-02-05,21,356,51065,Blacy,176.0
2018-01-15---2018-02-05_cluster_356,2018,2018-01-15,2018-02-05,21,356,51076,Boursault,281.0
2018-01-15---2018-02-05_cluster_356,2018,2018-01-15,2018-02-05,21,356,51143,Le Chemin,76.0
2018-01-15---2018-02-05_cluster_356,2018,2018-01-15,2018-02-05,21,356,51150,Cherville,28.0
2018-01-15---2018-02-05_cluster_356,2018,2018-01-15,2018-02-05,21,356,51153,Chouilly,330.0
2018-01-15---2018-02-05_cluster_356,2018,2018-01-15,2018-02-05,21,356,51168,Coolus,334.0
2018-01-15---2018-02-05_cluster_356,2018,2018-01-15,2018-02-05,21,356,51171,Cormicy,389.0
2018-01-15---2018-02-05_cluster_356,2018,2018-01-15,2018-02-05,21,356,51192,Courthiézy,554.0
2018-01-15---2018-02-05_cluster_356,2018,2018-01-15,2018-02-05,21,356,51217,Dormans,469.0
2018-01-15---2018-02-05_cluster_356,2018,2018-01-15,2018-02-05,21,356,51220,Drouilly,10.0
2018-01-15---2018-02-05_cluster_356,2018,2018-01-15,2018-02-05,21,356,51227,Écury-sur-Coole,307.0
2018-01-15---2018-02-05_cluster_356,2018,2018-01-15,2018-02-05,21,356,51242,Fagnières,32.0
2018-01-15---2018-02-05_cluster_356,2018,2018-01-15,2018-02-05,21,356,51303,Jâlons,18.0
2018-01-15---2018-02-05_cluster_356,2018,2018-01-15,2018-02-05,21,356,51328,Loisy-sur-Marne,99.0
2018-01-15---2018-02-05_cluster_356,2018,2018-01-15,2018-02-05,21,356,51344,Mardeuil,397.0
2018-01-15---2018-02-05_cluster_356,2018,2018-01-15,2018-02-05,21,356,51346,Mareuil-le-Port,350.0
2018-01-15---2018-02-05_cluster_356,2018,2018-01-15,2018-02-05,21,356,51357,Matougues,10.0
2018-01-15---2018-02-05_cluster_356,2018,2018-01-15,2018-02-05,21,356,51410,Œuilly,354.0
2018-01-15---2018-02-05_cluster_356,2018,2018-01-15,2018-02-05,21,356,51413,Oiry,52.0
2018-01-15---2018-02-05_cluster_356,2018,2018-01-15,2018-02-05,21,356,51446,Pringy,10.0
2018-01-15---2018-02-05_cluster_356,2018,2018-01-15,2018-02-05,21,356,51483,Saint-Gibrien,65.0
2018-01-15---2018-02-05_cluster_356,2018,2018-01-15,2018-02-05,21,356,51492,Saint-Just-Sauvage,55.0
2018-01-15---2018-02-05_cluster_356,2018,2018-01-15,2018-02-05,21,356,51502,Saint-Martin-aux-Champs,10.0
2018-01-15---2018-02-05_cluster_356,2018,2018-01-15,2018-02-05,21,356,51519,Saint-Thomas-en-Argonne,39.0
2018-01-15---2018-02-05_cluster_356,2018,2018-01-15,2018-02-05,21,356,51525,Sarry,62.0
2018-01-15---2018-02-05_cluster_356,2018,2018-01-15,2018-02-05,21,356,51533,Servon-Melzicourt,72.0
2018-01-15---2018-02-05_cluster_356,2018,2018-01-15,2018-02-05,21,356,51538,Sogny-aux-Moulins,239.0
2018-01-15---2018-02-05_cluster_356,2018,2018-01-15,2018-02-05,21,356,51552,Songy,10.0
2018-01-15---2018-02-05_cluster_356,2018,2018-01-15,2018-02-05,21,356,51585,Troissy,214.0
2018-01-15---2018-02-05_cluster_356,2018,2018-01-15,2018-02-05,21,356,51610,Verrières,387.0
2018-01-15---2018-02-05_cluster_356,2018,2018-01-15,2018-02-05,21,356,51620,Vienne-la-Ville,50.0
2018-01-15---2018-02-05_cluster_356,2018,2018-01-15,2018-02-05,21,356,51648,Vitry-la-Ville,68.0
2018-01-15---2018-02-05_cluster_356,2018,2018-01-15,2018-02-05,21,356,52074,Breuvannes-en-Bassigny,29.0
2018-01-15---2018-02-05_cluster_356,2018,2018-01-15,2018-02-05,21,356,52118,Chatonrupt-Sommermont,388.0
2018-01-15---2018-02-05_cluster_356,2018,2018-01-15,2018-02-05,21,356,52174,Doncourt-sur-Meuse,62.0
2018-01-15---2018-02-05_cluster_356,2018,2018-01-15,2018-02-05,21,356,52388,Pierremont-sur-Amance,45.0
2018-01-15---2018-02-05_cluster_356,2018,2018-01-15,2018-02-05,21,356,52442,Rupt,367.0
2018-01-15---2018-02-05_cluster_356,2018,2018-01-15,2018-02-05,21,356,52512,Vecqueville,60.0
2018-01-15---2018-02-05_cluster_356,2018,2018-01-15,2018-02-05,21,356,52548,Vraincourt,19.0
2018-01-15---2018-02-05_cluster_356,2018,2018-01-15,2018-02-05,21,356,54061,Bénaménil,19.0
2018-01-15---2018-02-05_cluster_356,2018,2018-01-15,2018-02-05,21,356,54070,Bey-sur-Seille,56.0
2018-01-15---2018-02-05_cluster_356,2018,2018-01-15,2018-02-05,21,356,54116,Chanteheux,43.0
2018-01-15---2018-02-05_cluster_356,2018,2018-01-15,2018-02-05,21,356,54210,Fréménil,36.0
2018-01-15---2018-02-05_cluster_356,2018,2018-01-15,2018-02-05,21,356,54227,Giraumont,336.0
2018-01-15---2018-02-05_cluster_356,2018,2018-01-15,2018-02-05,21,356,54387,Morville-sur-Seille,342.0
2018-01-15---2018-02-05_cluster_356,2018,2018-01-15,2018-02-05,21,356,54445,Raville-sur-Sânon,32.0
2018-01-15---2018-02-05_cluster_356,2018,2018-01-15,2018-02-05,21,356,54462,Rosières-aux-Salines,501.0
2018-01-15---2018-02-05_cluster_356,2018,2018-01-15,2018-02-05,21,356,55007,Ambly-sur-Meuse,53.0
2018-01-15---2018-02-05_cluster_356,2018,2018-01-15,2018-02-05,21,356,55009,Ancemont,142.0
2018-01-15---2018-02-05_cluster_356,2018,2018-01-15,2018-02-05,21,356,55027,Bannoncourt,317.0
2018-01-15---2018-02-05_cluster_356,2018,2018-01-15,2018-02-05,21,356,55042,Belleray,348.0
2018-01-15---2018-02-05_cluster_356,2018,2018-01-15,2018-02-05,21,356,55043,Belleville-sur-Meuse,164.0
2018-01-15---2018-02-05_cluster_356,2018,2018-01-15,2018-02-05,21,356,55054,Bislée,349.0
2018-01-15---2018-02-05_cluster_356,2018,2018-01-15,2018-02-05,21,356,55064,Bouquemont,255.0
2018-01-15---2018-02-05_cluster_356,2018,2018-01-15,2018-02-05,21,356,55078,Brieulles-sur-Meuse,396.0
2018-01-15---2018-02-05_cluster_356,2018,2018-01-15,2018-02-05,21,356,55080,Brixey-aux-Chanoines,77.0
2018-01-15---2018-02-05_cluster_356,2018,2018-01-15,2018-02-05,21,356,55097,Chalaines,749.0
2018-01-15---2018-02-05_cluster_356,2018,2018-01-15,2018-02-05,21,356,55099,Champneuville,237.0
2018-01-15---2018-02-05_cluster_356,2018,2018-01-15,2018-02-05,21,356,55102,Charny-sur-Meuse,373.0
2018-01-15---2018-02-05_cluster_356,2018,2018-01-15,2018-02-05,21,356,55111,Chauvoncourt,340.0
2018-01-15---2018-02-05_cluster_356,2018,2018-01-15,2018-02-05,21,356,55119,Cléry-le-Petit,426.0
2018-01-15---2018-02-05_cluster_356,2018,2018-01-15,2018-02-05,21,356,55122,Commercy,320.0
2018-01-15---2018-02-05_cluster_356,2018,2018-01-15,2018-02-05,21,356,55146,Dannevoux,220.0
2018-01-15---2018-02-05_cluster_356,2018,2018-01-15,2018-02-05,21,356,55154,Dieue-sur-Meuse,356.0
2018-01-15---2018-02-05_cluster_356,2018,2018-01-15,2018-02-05,21,356,55167,Dun-sur-Meuse,267.0
2018-01-15---2018-02-05_cluster_356,2018,2018-01-15,2018-02-05,21,356,55168,Duzey,44.0
2018-01-15---2018-02-05_cluster_356,2018,2018-01-15,2018-02-05,21,356,55292,Liny-devant-Dun,408.0
2018-01-15---2018-02-05_cluster_356,2018,2018-01-15,2018-02-05,21,356,55293,Lion-devant-Dun,10.0
2018-01-15---2018-02-05_cluster_356,2018,2018-01-15,2018-02-05,21,356,55310,Luzy-Saint-Martin,255.0
2018-01-15---2018-02-05_cluster_356,2018,2018-01-15,2018-02-05,21,356,55312,Maizey,350.0
2018-01-15---2018-02-05_cluster_356,2018,2018-01-15,2018-02-05,21,356,55321,Marre,208.0
2018-01-15---2018-02-05_cluster_356,2018,2018-01-15,2018-02-05,21,356,55328,Maxey-sur-Vaise,297.0
2018-01-15---2018-02-05_cluster_356,2018,2018-01-15,2018-02-05,21,356,55343,Montblainville,31.0
2018-01-15---2018-02-05_cluster_356,2018,2018-01-15,2018-02-05,21,356,55345,Mont-devant-Sassey,260.0
2018-01-15---2018-02-05_cluster_356,2018,2018-01-15,2018-02-05,21,356,55347,Les Monthairons,284.0
2018-01-15---2018-02-05_cluster_356,2018,2018-01-15,2018-02-05,21,356,55403,Peuvillers,10.0
2018-01-15---2018-02-05_cluster_356,2018,2018-01-15,2018-02-05,21,356,55408,Pouilly-sur-Meuse,263.0
2018-01-15---2018-02-05_cluster_356,2018,2018-01-15,2018-02-05,21,356,55422,Regnéville-sur-Meuse,488.0
2018-01-15---2018-02-05_cluster_356,2018,2018-01-15,2018-02-05,21,356,55427,Revigny-sur-Ornain,23.0
2018-01-15---2018-02-05_cluster_356,2018,2018-01-15,2018-02-05,21,356,55433,Rigny-la-Salle,268.0
2018-01-15---2018-02-05_cluster_356,2018,2018-01-15,2018-02-05,21,356,55444,Rouvrois-sur-Meuse,124.0
2018-01-15---2018-02-05_cluster_356,2018,2018-01-15,2018-02-05,21,356,55469,Sassey-sur-Meuse,208.0
2018-01-15---2018-02-05_cluster_356,2018,2018-01-15,2018-02-05,21,356,55485,Sepvigny,270.0
2018-01-15---2018-02-05_cluster_356,2018,2018-01-15,2018-02-05,21,356,55503,Taillancourt,58.0
2018-01-15---2018-02-05_cluster_356,2018,2018-01-15,2018-02-05,21,356,55512,Tilly-sur-Meuse,209.0
2018-01-15---2018-02-05_cluster_356,2018,2018-01-15,2018-02-05,21,356,55521,Troyon,28.0
2018-01-15---2018-02-05_cluster_356,2018,2018-01-15,2018-02-05,21,356,55526,Vadonville,53.0
2018-01-15---2018-02-05_cluster_356,2018,2018-01-15,2018-02-05,21,356,55573,Void-Vacon,80.0
2018-01-15---2018-02-05_cluster_356,2018,2018-01-15,2018-02-05,21,356,55584,Woimbey,20.0
2018-01-15---2018-02-05_cluster_356,2018,2018-01-15,2018-02-05,21,356,57002,Aboncourt-sur-Seille,166.0
2018-01-15---2018-02-05_cluster_356,2018,2018-01-15,2018-02-05,21,356,57040,Aulnois-sur-Seille,17.0
2018-01-15---2018-02-05_cluster_356,2018,2018-01-15,2018-02-05,21,356,57147,Coin-sur-Seille,10.0
2018-01-15---2018-02-05_cluster_356,2018,2018-01-15,2018-02-05,21,356,57236,Frémery,49.0
2018-01-15---2018-02-05_cluster_356,2018,2018-01-15,2018-02-05,21,356,57308,Hazembourg,60.0
2018-01-15---2018-02-05_cluster_356,2018,2018-01-15,2018-02-05,21,356,57346,Insming,52.0
2018-01-15---2018-02-05_cluster_356,2018,2018-01-15,2018-02-05,21,356,57395,Lesse,12.0
2018-01-15---2018-02-05_cluster_356,2018,2018-01-15,2018-02-05,21,356,57547,Pommérieux,23.0
2018-01-15---2018-02-05_cluster_356,2018,2018-01-15,2018-02-05,21,356,57555,Prévocourt,10.0
2018-01-15---2018-02-05_cluster_356,2018,2018-01-15,2018-02-05,21,356,58173,Montaron,302.0
2018-01-15---2018-02-05_cluster_356,2018,2018-01-15,2018-02-05,21,356,58285,Tamnay-en-Bazois,73.0
2018-01-15---2018-02-05_cluster_356,2018,2018-01-15,2018-02-05,21,356,58290,Thaix,428.0
2018-01-15---2018-02-05_cluster_356,2018,2018-01-15,2018-02-05,21,356,60105,Brétigny,12.0
2018-01-15---2018-02-05_cluster_356,2018,2018-01-15,2018-02-05,21,356,60211,Éragny-sur-Epte,28.0
2018-01-15---2018-02-05_cluster_356,2018,2018-01-15,2018-02-05,21,356,60507,Pontoise-lès-Noyon,163.0
2018-01-15---2018-02-05_cluster_356,2018,2018-01-15,2018-02-05,21,356,60592,Saint-Pierre-es-Champs,14.0
2018-01-15---2018-02-05_cluster_356,2018,2018-01-15,2018-02-05,21,356,60655,Varesnes,145.0
2018-01-15---2018-02-05_cluster_356,2018,2018-01-15,2018-02-05,21,356,61049,Boissei-la-Lande,13.0
2018-01-15---2018-02-05_cluster_356,2018,2018-01-15,2018-02-05,21,356,67019,Baldenheim,50.0
2018-01-15---2018-02-05_cluster_356,2018,2018-01-15,2018-02-05,21,356,67116,Ebersmunster,45.0
2018-01-15---2018-02-05_cluster_356,2018,2018-01-15,2018-02-05,21,356,67196,Hilsenheim,304.0
2018-01-15---2018-02-05_cluster_356,2018,2018-01-15,2018-02-05,21,356,67199,Hinsingen,26.0
2018-01-15---2018-02-05_cluster_356,2018,2018-01-15,2018-02-05,21,356,67205,Hœrdt,10.0
2018-01-15---2018-02-05_cluster_356,2018,2018-01-15,2018-02-05,21,356,67233,Kertzfeld,15.0
2018-01-15---2018-02-05_cluster_356,2018,2018-01-15,2018-02-05,21,356,67311,Muttersholtz,76.0
2018-01-15---2018-02-05_cluster_356,2018,2018-01-15,2018-02-05,21,356,67312,Mutzenhouse,64.0
2018-01-15---2018-02-05_cluster_356,2018,2018-01-15,2018-02-05,21,356,67516,Waltenheim-sur-Zorn,66.0
2018-01-15---2018-02-05_cluster_356,2018,2018-01-15,2018-02-05,21,356,67526,Westhouse,49.0
2018-01-15---2018-02-05_cluster_356,2018,2018-01-15,2018-02-05,21,356,68153,Illhaeusern,63.0
2018-01-15---2018-02-05_cluster_356,2018,2018-01-15,2018-02-05,21,356,69163,Quincieux,321.0
2018-01-15---2018-02-05_cluster_356,2018,2018-01-15,2018-02-05,21,356,70012,Amance,202.0
2018-01-15---2018-02-05_cluster_356,2018,2018-01-15,2018-02-05,21,356,70018,Ancier,104.0
2018-01-15---2018-02-05_cluster_356,2018,2018-01-15,2018-02-05,21,356,70022,Angirey,59.0
2018-01-15---2018-02-05_cluster_356,2018,2018-01-15,2018-02-05,21,356,70024,Apremont,290.0
2018-01-15---2018-02-05_cluster_356,2018,2018-01-15,2018-02-05,21,356,70058,Beaujeu-Saint-Vallier-Pierrejux-et-Quitteur,819.0
2018-01-15---2018-02-05_cluster_356,2018,2018-01-15,2018-02-05,21,356,70072,Beveuge,62.0
2018-01-15---2018-02-05_cluster_356,2018,2018-01-15,2018-02-05,21,356,70098,Brotte-lès-Luxeuil,21.0
2018-01-15---2018-02-05_cluster_356,2018,2018-01-15,2018-02-05,21,356,70105,Bucey-lès-Traves,455.0
2018-01-15---2018-02-05_cluster_356,2018,2018-01-15,2018-02-05,21,356,70114,Cendrecourt,283.0
2018-01-15---2018-02-05_cluster_356,2018,2018-01-15,2018-02-05,21,356,70127,Chantes,420.0
2018-01-15---2018-02-05_cluster_356,2018,2018-01-15,2018-02-05,21,356,70138,Chassey-lès-Scey,501.0
2018-01-15---2018-02-05_cluster_356,2018,2018-01-15,2018-02-05,21,356,70148,Chemilly,277.0
2018-01-15---2018-02-05_cluster_356,2018,2018-01-15,2018-02-05,21,356,70152,Colombine,16.0
2018-01-15---2018-02-05_cluster_356,2018,2018-01-15,2018-02-05,21,356,70167,Conflandey,87.0
2018-01-15---2018-02-05_cluster_356,2018,2018-01-15,2018-02-05,21,356,70213,Éhuns,26.0
2018-01-15---2018-02-05_cluster_356,2018,2018-01-15,2018-02-05,21,356,70236,Fleurey-lès-Faverney,44.0
2018-01-15---2018-02-05_cluster_356,2018,2018-01-15,2018-02-05,21,356,70244,Fouchécourt,344.0
2018-01-15---2018-02-05_cluster_356,2018,2018-01-15,2018-02-05,21,356,70267,Gevigney-et-Mercey,304.0
2018-01-15---2018-02-05_cluster_356,2018,2018-01-15,2018-02-05,21,356,70279,Gray,366.0
2018-01-15---2018-02-05_cluster_356,2018,2018-01-15,2018-02-05,21,356,70280,Gray-la-Ville,761.0
2018-01-15---2018-02-05_cluster_356,2018,2018-01-15,2018-02-05,21,356,70282,Gy,10.0
2018-01-15---2018-02-05_cluster_356,2018,2018-01-15,2018-02-05,21,356,70317,Les Magny,743.0
2018-01-15---2018-02-05_cluster_356,2018,2018-01-15,2018-02-05,21,356,70400,Ouge,10.0
2018-01-15---2018-02-05_cluster_356,2018,2018-01-15,2018-02-05,21,356,70427,Purgerot,10.0
2018-01-15---2018-02-05_cluster_356,2018,2018-01-15,2018-02-05,21,356,70437,Ranzevelle,24.0
2018-01-15---2018-02-05_cluster_356,2018,2018-01-15,2018-02-05,21,356,70454,Rosières-sur-Mance,79.0
2018-01-15---2018-02-05_cluster_356,2018,2018-01-15,2018-02-05,21,356,70461,Saint-Broing,10.0
2018-01-15---2018-02-05_cluster_356,2018,2018-01-15,2018-02-05,21,356,70474,Saint-Sulpice,145.0
2018-01-15---2018-02-05_cluster_356,2018,2018-01-15,2018-02-05,21,356,70491,Seveux-Motey,436.0
2018-01-15---2018-02-05_cluster_356,2018,2018-01-15,2018-02-05,21,356,70492,Soing-Cubry-Charentenay,442.0
2018-01-15---2018-02-05_cluster_356,2018,2018-01-15,2018-02-05,21,356,70504,Traves,738.0
2018-01-15---2018-02-05_cluster_356,2018,2018-01-15,2018-02-05,21,356,70524,Vauchoux,1213.0
2018-01-15---2018-02-05_cluster_356,2018,2018-01-15,2018-02-05,21,356,70529,Velet,119.0
2018-01-15---2018-02-05_cluster_356,2018,2018-01-15,2018-02-05,21,356,70539,Vellexon-Queutrey-et-Vaudey,312.0
2018-01-15---2018-02-05_cluster_356,2018,2018-01-15,2018-02-05,21,356,70562,Villers-la-Ville,62.0
2018-01-15---2018-02-05_cluster_356,2018,2018-01-15,2018-02-05,21,356,70572,Vitrey-sur-Mance,60.0
2018-01-15---2018-02-05_cluster_356,2018,2018-01-15,2018-02-05,21,356,71001,L'Abergement-de-Cuisery,47.0
2018-01-15---2018-02-05_cluster_356,2018,2018-01-15,2018-02-05,21,356,71018,Bantanges,116.0
2018-01-15---2018-02-05_cluster_356,2018,2018-01-15,2018-02-05,21,356,71028,Beauvernois,10.0
2018-01-15---2018-02-05_cluster_356,2018,2018-01-15,2018-02-05,21,356,71061,Brienne,241.0
2018-01-15---2018-02-05_cluster_356,2018,2018-01-15,2018-02-05,21,356,71089,La Chapelle-de-Bragny,10.0
2018-01-15---2018-02-05_cluster_356,2018,2018-01-15,2018-02-05,21,356,71092,La Chapelle-Naude,47.0
2018-01-15---2018-02-05_cluster_356,2018,2018-01-15,2018-02-05,21,356,71101,Charette-Varennes,206.0
2018-01-15---2018-02-05_cluster_356,2018,2018-01-15,2018-02-05,21,356,71117,Châtenoy-en-Bresse,171.0
2018-01-15---2018-02-05_cluster_356,2018,2018-01-15,2018-02-05,21,356,71155,Cronat,73.0
2018-01-15---2018-02-05_cluster_356,2018,2018-01-15,2018-02-05,21,356,71207,Fretterans,41.0
2018-01-15---2018-02-05_cluster_356,2018,2018-01-15,2018-02-05,21,356,71208,Frontenard,144.0
2018-01-15---2018-02-05_cluster_356,2018,2018-01-15,2018-02-05,21,356,71219,Gigny-sur-Saône,211.0
2018-01-15---2018-02-05_cluster_356,2018,2018-01-15,2018-02-05,21,356,71244,Jouvençon,183.0
2018-01-15---2018-02-05_cluster_356,2018,2018-01-15,2018-02-05,21,356,71248,Lacrost,141.0
2018-01-15---2018-02-05_cluster_356,2018,2018-01-15,2018-02-05,21,356,71262,Longepierre,155.0
2018-01-15---2018-02-05_cluster_356,2018,2018-01-15,2018-02-05,21,356,71311,Montcony,30.0
2018-01-15---2018-02-05_cluster_356,2018,2018-01-15,2018-02-05,21,356,71315,Mont-lès-Seurre,179.0
2018-01-15---2018-02-05_cluster_356,2018,2018-01-15,2018-02-05,21,356,71329,Navilly,75.0
2018-01-15---2018-02-05_cluster_356,2018,2018-01-15,2018-02-05,21,356,71332,Ormes,205.0
2018-01-15---2018-02-05_cluster_356,2018,2018-01-15,2018-02-05,21,356,71352,Le Planois,18.0
2018-01-15---2018-02-05_cluster_356,2018,2018-01-15,2018-02-05,21,356,71355,Pontoux,468.0
2018-01-15---2018-02-05_cluster_356,2018,2018-01-15,2018-02-05,21,356,71365,Rancy,138.0
2018-01-15---2018-02-05_cluster_356,2018,2018-01-15,2018-02-05,21,356,71402,Saint-Cyr,87.0
2018-01-15---2018-02-05_cluster_356,2018,2018-01-15,2018-02-05,21,356,71423,Saint-Gervais-en-Vallière,18.0
2018-01-15---2018-02-05_cluster_356,2018,2018-01-15,2018-02-05,21,356,71445,Saint-Marcel,64.0
2018-01-15---2018-02-05_cluster_356,2018,2018-01-15,2018-02-05,21,356,71500,Sarry,13.0
2018-01-15---2018-02-05_cluster_356,2018,2018-01-15,2018-02-05,21,356,71504,Saunières,60.0
2018-01-15---2018-02-05_cluster_356,2018,2018-01-15,2018-02-05,21,356,71514,Sens-sur-Seille,32.0
2018-01-15---2018-02-05_cluster_356,2018,2018-01-15,2018-02-05,21,356,71517,Sermesse,461.0
2018-01-15---2018-02-05_cluster_356,2018,2018-01-15,2018-02-05,21,356,71520,Sevrey,63.0
2018-01-15---2018-02-05_cluster_356,2018,2018-01-15,2018-02-05,21,356,71528,Sornay,75.0
2018-01-15---2018-02-05_cluster_356,2018,2018-01-15,2018-02-05,21,356,71543,Tournus,141.0
2018-01-15---2018-02-05_cluster_356,2018,2018-01-15,2018-02-05,21,356,71549,La Truchère,59.0
2018-01-15---2018-02-05_cluster_356,2018,2018-01-15,2018-02-05,21,356,71555,Varennes-le-Grand,89.0
2018-01-15---2018-02-05_cluster_356,2018,2018-01-15,2018-02-05,21,356,77037,Bois-le-Roi,674.0
2018-01-15---2018-02-05_cluster_356,2018,2018-01-15,2018-02-05,21,356,77070,Chailly-en-Brie,24.0
2018-01-15---2018-02-05_cluster_356,2018,2018-01-15,2018-02-05,21,356,77117,Citry,394.0
2018-01-15---2018-02-05_cluster_356,2018,2018-01-15,2018-02-05,21,356,77125,Condé-Sainte-Libiaire,24.0
2018-01-15---2018-02-05_cluster_356,2018,2018-01-15,2018-02-05,21,356,77171,Esbly,189.0
2018-01-15---2018-02-05_cluster_356,2018,2018-01-15,2018-02-05,21,356,77173,Étrépilly,10.0
2018-01-15---2018-02-05_cluster_356,2018,2018-01-15,2018-02-05,21,356,77199,Fublaines,236.0
2018-01-15---2018-02-05_cluster_356,2018,2018-01-15,2018-02-05,21,356,77203,Germigny-l'Évêque,524.0
2018-01-15---2018-02-05_cluster_356,2018,2018-01-15,2018-02-05,21,356,77234,Jablines,300.0
2018-01-15---2018-02-05_cluster_356,2018,2018-01-15,2018-02-05,21,356,77248,Lesches,233.0
2018-01-15---2018-02-05_cluster_356,2018,2018-01-15,2018-02-05,21,356,77397,Saâcy-sur-Marne,485.0
2018-01-15---2018-02-05_cluster_356,2018,2018-01-15,2018-02-05,21,356,77415,Saint-Jean-les-Deux-Jumeaux,375.0
2018-01-15---2018-02-05_cluster_356,2018,2018-01-15,2018-02-05,21,356,77475,Trilport,252.0
2018-01-15---2018-02-05_cluster_356,2018,2018-01-15,2018-02-05,21,356,77522,Villiers-sur-Seine,154.0
2018-01-15---2018-02-05_cluster_356,2018,2018-01-15,2018-02-05,21,356,78029,Aubergenville,51.0
2018-01-15---2018-02-05_cluster_356,2018,2018-01-15,2018-02-05,21,356,78217,Épône,18.0
2018-01-15---2018-02-05_cluster_356,2018,2018-01-15,2018-02-05,21,356,78320,Notre-Dame-de-la-Mer,10.0
2018-01-15---2018-02-05_cluster_356,2018,2018-01-15,2018-02-05,21,356,78410,Moisson,347.0
2018-01-15---2018-02-05_cluster_356,2018,2018-01-15,2018-02-05,21,356,78586,Sartrouville,71.0
2018-01-15---2018-02-05_cluster_356,2018,2018-01-15,2018-02-05,21,356,88003,Aingeville,40.0
2018-01-15---2018-02-05_cluster_356,2018,2018-01-15,2018-02-05,21,356,88031,Balléville,28.0
2018-01-15---2018-02-05_cluster_356,2018,2018-01-15,2018-02-05,21,356,88171,Fignévelle,36.0
2018-01-15---2018-02-05_cluster_356,2018,2018-01-15,2018-02-05,21,356,88183,Frebécourt,18.0
2018-01-15---2018-02-05_cluster_356,2018,2018-01-15,2018-02-05,21,356,88226,Hagécourt,27.0
2018-01-15---2018-02-05_cluster_356,2018,2018-01-15,2018-02-05,21,356,88242,Houéville,36.0
2018-01-15---2018-02-05_cluster_356,2018,2018-01-15,2018-02-05,21,356,88293,Maxey-sur-Meuse,47.0
2018-01-15---2018-02-05_cluster_356,2018,2018-01-15,2018-02-05,21,356,88312,Morelmaison,30.0
2018-01-15---2018-02-05_cluster_356,2018,2018-01-15,2018-02-05,21,356,89017,Argenteuil-sur-Armançon,20.0
2018-01-15---2018-02-05_cluster_356,2018,2018-01-15,2018-02-05,21,356,89018,Armeau,201.0
2018-01-15---2018-02-05_cluster_356,2018,2018-01-15,2018-02-05,21,356,89093,Chaumont,120.0
2018-01-15---2018-02-05_cluster_356,2018,2018-01-15,2018-02-05,21,356,89099,Cheny,473.0
2018-01-15---2018-02-05_cluster_356,2018,2018-01-15,2018-02-05,21,356,89127,Courtois-sur-Yonne,361.0
2018-01-15---2018-02-05_cluster_356,2018,2018-01-15,2018-02-05,21,356,89136,Cuy,25.0
2018-01-15---2018-02-05_cluster_356,2018,2018-01-15,2018-02-05,21,356,89152,Épineau-les-Voves,241.0
2018-01-15---2018-02-05_cluster_356,2018,2018-01-15,2018-02-05,21,356,89184,Fulvy,18.0
2018-01-15---2018-02-05_cluster_356,2018,2018-01-15,2018-02-05,21,356,89211,Junay,79.0
2018-01-15---2018-02-05_cluster_356,2018,2018-01-15,2018-02-05,21,356,89225,Lichères-sur-Yonne,57.0
2018-01-15---2018-02-05_cluster_356,2018,2018-01-15,2018-02-05,21,356,89291,Passy,126.0
2018-01-15---2018-02-05_cluster_356,2018,2018-01-15,2018-02-05,21,356,89309,Pont-sur-Yonne,291.0
2018-01-15---2018-02-05_cluster_356,2018,2018-01-15,2018-02-05,21,356,89342,Saint-Denis-lès-Sens,432.0
2018-01-15---2018-02-05_cluster_356,2018,2018-01-15,2018-02-05,21,356,89443,Véron,126.0
2018-01-15---2018-02-05_cluster_356,2018,2018-01-15,2018-02-05,21,356,89456,Villemanoche,240.0
2018-01-15---2018-02-05_cluster_356,2018,2018-01-15,2018-02-05,21,356,89460,Villeneuve-la-Guyard,368.0
2018-01-15---2018-02-05_cluster_356,2018,2018-01-15,2018-02-05,21,356,90049,Foussemagne,16.0
2018-02-05---2018-03-12_cluster_362,2018,2018-02-05,2018-03-12,35,362,01159,Feillens,17.0
2018-02-05---2018-03-12_cluster_362,2018,2018-02-05,2018-03-12,35,362,01231,Manziat,82.0
2018-02-05---2018-03-12_cluster_362,2018,2018-02-05,2018-03-12,35,362,02014,Amigny-Rouy,181.0
2018-02-05---2018-03-12_cluster_362,2018,2018-02-05,2018-03-12,35,362,02208,Concevreux,242.0
2018-02-05---2018-03-12_cluster_362,2018,2018-02-05,2018-03-12,35,362,02262,Deuillet,32.0
2018-02-05---2018-03-12_cluster_362,2018,2018-02-05,2018-03-12,35,362,02456,Manicamp,199.0
2018-02-05---2018-03-12_cluster_362,2018,2018-02-05,2018-03-12,35,362,02716,Servais,11.0
2018-02-05---2018-03-12_cluster_362,2018,2018-02-05,2018-03-12,35,362,02719,Sinceny,73.0
2018-02-05---2018-03-12_cluster_362,2018,2018-02-05,2018-03-12,35,362,02780,Venizel,414.0
2018-02-05---2018-03-12_cluster_362,2018,2018-02-05,2018-03-12,35,362,08004,Aire,91.0
2018-02-05---2018-03-12_cluster_362,2018,2018-02-05,2018-03-12,35,362,08082,Brécy-Brières,36.0
2018-02-05---2018-03-12_cluster_362,2018,2018-02-05,2018-03-12,35,362,08317,La Neuville-à-Maire,28.0
2018-02-05---2018-03-12_cluster_362,2018,2018-02-05,2018-03-12,35,362,08357,Remilly-Aillicourt,469.0
2018-02-05---2018-03-12_cluster_362,2018,2018-02-05,2018-03-12,35,362,08438,Taizy,219.0
2018-02-05---2018-03-12_cluster_362,2018,2018-02-05,2018-03-12,35,362,08461,Vandy,31.0
2018-02-05---2018-03-12_cluster_362,2018,2018-02-05,2018-03-12,35,362,08473,Vieux-lès-Asfeld,665.0
2018-02-05---2018-03-12_cluster_362,2018,2018-02-05,2018-03-12,35,362,08477,Villers-devant-Mouzon,309.0
2018-02-05---2018-03-12_cluster_362,2018,2018-02-05,2018-03-12,35,362,10043,Bessy,39.0
2018-02-05---2018-03-12_cluster_362,2018,2018-02-05,2018-03-12,35,362,10122,Davrey,27.0
2018-02-05---2018-03-12_cluster_362,2018,2018-02-05,2018-03-12,35,362,10144,Étrelles-sur-Aube,174.0
2018-02-05---2018-03-12_cluster_362,2018,2018-02-05,2018-03-12,35,362,10171,Hampigny,14.0
2018-02-05---2018-03-12_cluster_362,2018,2018-02-05,2018-03-12,35,362,10298,Pont-sur-Seine,131.0
2018-02-05---2018-03-12_cluster_362,2018,2018-02-05,2018-03-12,35,362,10299,Pouan-les-Vallées,141.0
2018-02-05---2018-03-12_cluster_362,2018,2018-02-05,2018-03-12,35,362,10315,Rances,25.0
2018-02-05---2018-03-12_cluster_362,2018,2018-02-05,2018-03-12,35,362,10316,Rhèges,23.0
2018-02-05---2018-03-12_cluster_362,2018,2018-02-05,2018-03-12,35,362,10341,Saint-Hilaire-sous-Romilly,81.0
2018-02-05---2018-03-12_cluster_362,2018,2018-02-05,2018-03-12,35,362,14168,Colombières,10.0
2018-02-05---2018-03-12_cluster_362,2018,2018-02-05,2018-03-12,35,362,16217,Merpins,585.0
2018-02-05---2018-03-12_cluster_362,2018,2018-02-05,2018-03-12,35,362,17069,Brives-sur-Charente,339.0
2018-02-05---2018-03-12_cluster_362,2018,2018-02-05,2018-03-12,35,362,17073,Bussac-sur-Charente,448.0
2018-02-05---2018-03-12_cluster_362,2018,2018-02-05,2018-03-12,35,362,17085,Champdolent,190.0
2018-02-05---2018-03-12_cluster_362,2018,2018-02-05,2018-03-12,35,362,17128,Courcoury,411.0
2018-02-05---2018-03-12_cluster_362,2018,2018-02-05,2018-03-12,35,362,17155,Étaules,121.0
2018-02-05---2018-03-12_cluster_362,2018,2018-02-05,2018-03-12,35,362,17164,Fontcouverte,486.0
2018-02-05---2018-03-12_cluster_362,2018,2018-02-05,2018-03-12,35,362,17171,Geay,221.0
2018-02-05---2018-03-12_cluster_362,2018,2018-02-05,2018-03-12,35,362,17179,Les Gonds,917.0
2018-02-05---2018-03-12_cluster_362,2018,2018-02-05,2018-03-12,35,362,17185,Le Gua,139.0
2018-02-05---2018-03-12_cluster_362,2018,2018-02-05,2018-03-12,35,362,17265,Nieulle-sur-Seudre,107.0
2018-02-05---2018-03-12_cluster_362,2018,2018-02-05,2018-03-12,35,362,17302,Romegoux,237.0
2018-02-05---2018-03-12_cluster_362,2018,2018-02-05,2018-03-12,35,362,17304,Rouffiac,314.0
2018-02-05---2018-03-12_cluster_362,2018,2018-02-05,2018-03-12,35,362,17400,Saint-Sever-de-Saintonge,252.0
2018-02-05---2018-03-12_cluster_362,2018,2018-02-05,2018-03-12,35,362,17418,Salignac-sur-Charente,384.0
2018-02-05---2018-03-12_cluster_362,2018,2018-02-05,2018-03-12,35,362,17421,Saujon,140.0
2018-02-05---2018-03-12_cluster_362,2018,2018-02-05,2018-03-12,35,362,17454,Tugéras-Saint-Maurice,10.0
2018-02-05---2018-03-12_cluster_362,2018,2018-02-05,2018-03-12,35,362,18174,Osmoy,44.0
2018-02-05---2018-03-12_cluster_362,2018,2018-02-05,2018-03-12,35,362,18240,Sancergues,19.0
2018-02-05---2018-03-12_cluster_362,2018,2018-02-05,2018-03-12,35,362,21301,Glanon,58.0
2018-02-05---2018-03-12_cluster_362,2018,2018-02-05,2018-03-12,35,362,21337,Lamarche-sur-Saône,13.0
2018-02-05---2018-03-12_cluster_362,2018,2018-02-05,2018-03-12,35,362,33172,Fours,42.0
2018-02-05---2018-03-12_cluster_362,2018,2018-02-05,2018-03-12,35,362,33395,Saint-Estèphe,16.0
2018-02-05---2018-03-12_cluster_362,2018,2018-02-05,2018-03-12,35,362,33514,Soulac-sur-Mer,659.0
2018-02-05---2018-03-12_cluster_362,2018,2018-02-05,2018-03-12,35,362,37258,Thizay,29.0
2018-02-05---2018-03-12_cluster_362,2018,2018-02-05,2018-03-12,35,362,37269,Verneuil-sur-Indre,84.0
2018-02-05---2018-03-12_cluster_362,2018,2018-02-05,2018-03-12,35,362,39104,Chapelle-Voland,80.0
2018-02-05---2018-03-12_cluster_362,2018,2018-02-05,2018-03-12,35,362,40063,Candresse,53.0
2018-02-05---2018-03-12_cluster_362,2018,2018-02-05,2018-03-12,35,362,40113,Goos,349.0
2018-02-05---2018-03-12_cluster_362,2018,2018-02-05,2018-03-12,35,362,40133,Labenne,531.0
2018-02-05---2018-03-12_cluster_362,2018,2018-02-05,2018-03-12,35,362,40208,Onard,79.0
2018-02-05---2018-03-12_cluster_362,2018,2018-02-05,2018-03-12,35,362,40211,Orist,335.0
2018-02-05---2018-03-12_cluster_362,2018,2018-02-05,2018-03-12,35,362,40222,Pey,286.0
2018-02-05---2018-03-12_cluster_362,2018,2018-02-05,2018-03-12,35,362,40235,Poyanne,401.0
2018-02-05---2018-03-12_cluster_362,2018,2018-02-05,2018-03-12,35,362,40314,Tercis-les-Bains,386.0
2018-02-05---2018-03-12_cluster_362,2018,2018-02-05,2018-03-12,35,362,44047,Couëron,122.0
2018-02-05---2018-03-12_cluster_362,2018,2018-02-05,2018-03-12,35,362,44052,Donges,49.0
2018-02-05---2018-03-12_cluster_362,2018,2018-02-05,2018-03-12,35,362,44061,Frossay,10.0
2018-02-05---2018-03-12_cluster_362,2018,2018-02-05,2018-03-12,35,362,44133,Port-Saint-Père,131.0
2018-02-05---2018-03-12_cluster_362,2018,2018-02-05,2018-03-12,35,362,44178,Saint-Mars-de-Coutais,66.0
2018-02-05---2018-03-12_cluster_362,2018,2018-02-05,2018-03-12,35,362,44179,Saint-Mars-du-Désert,20.0
2018-02-05---2018-03-12_cluster_362,2018,2018-02-05,2018-03-12,35,362,44188,Saint-Philbert-de-Grand-Lieu,106.0
2018-02-05---2018-03-12_cluster_362,2018,2018-02-05,2018-03-12,35,362,44196,Sévérac,17.0
2018-02-05---2018-03-12_cluster_362,2018,2018-02-05,2018-03-12,35,362,50016,Appeville,60.0
2018-02-05---2018-03-12_cluster_362,2018,2018-02-05,2018-03-12,35,362,50023,Auvers,68.0
2018-02-05---2018-03-12_cluster_362,2018,2018-02-05,2018-03-12,35,362,50052,Beuzeville-la-Bastille,52.0
2018-02-05---2018-03-12_cluster_362,2018,2018-02-05,2018-03-12,35,362,50070,Boutteville,57.0
2018-02-05---2018-03-12_cluster_362,2018,2018-02-05,2018-03-12,35,362,50099,Carentan-les-Marais,64.0
2018-02-05---2018-03-12_cluster_362,2018,2018-02-05,2018-03-12,35,362,50216,Graignes-Mesnil-Angot,24.0
2018-02-05---2018-03-12_cluster_362,2018,2018-02-05,2018-03-12,35,362,50269,Liesville-sur-Douve,25.0
2018-02-05---2018-03-12_cluster_362,2018,2018-02-05,2018-03-12,35,362,50298,Méautis,33.0
2018-02-05---2018-03-12_cluster_362,2018,2018-02-05,2018-03-12,35,362,50409,Pont-Hébert,17.0
2018-02-05---2018-03-12_cluster_362,2018,2018-02-05,2018-03-12,35,362,50445,Saint-André-de-Bohon,26.0
2018-02-05---2018-03-12_cluster_362,2018,2018-02-05,2018-03-12,35,362,50468,Saint-Fromond,82.0
2018-02-05---2018-03-12_cluster_362,2018,2018-02-05,2018-03-12,35,362,50606,Tribehou,39.0
2018-02-05---2018-03-12_cluster_362,2018,2018-02-05,2018-03-12,35,362,50617,Varenguebec,94.0
2018-02-05---2018-03-12_cluster_362,2018,2018-02-05,2018-03-12,35,362,51018,Athis,36.0
2018-02-05---2018-03-12_cluster_362,2018,2018-02-05,2018-03-12,35,362,51023,Aulnay-sur-Marne,93.0
2018-02-05---2018-03-12_cluster_362,2018,2018-02-05,2018-03-12,35,362,51065,Blacy,142.0
2018-02-05---2018-03-12_cluster_362,2018,2018-02-05,2018-03-12,35,362,51150,Cherville,374.0
2018-02-05---2018-03-12_cluster_362,2018,2018-02-05,2018-03-12,35,362,51153,Chouilly,256.0
2018-02-05---2018-03-12_cluster_362,2018,2018-02-05,2018-03-12,35,362,51171,Cormicy,374.0
2018-02-05---2018-03-12_cluster_362,2018,2018-02-05,2018-03-12,35,362,51242,Fagnières,21.0
2018-02-05---2018-03-12_cluster_362,2018,2018-02-05,2018-03-12,35,362,51303,Jâlons,12.0
2018-02-05---2018-03-12_cluster_362,2018,2018-02-05,2018-03-12,35,362,51357,Matougues,10.0
2018-02-05---2018-03-12_cluster_362,2018,2018-02-05,2018-03-12,35,362,51413,Oiry,26.0
2018-02-05---2018-03-12_cluster_362,2018,2018-02-05,2018-03-12,35,362,51483,Saint-Gibrien,66.0
2018-02-05---2018-03-12_cluster_362,2018,2018-02-05,2018-03-12,35,362,51502,Saint-Martin-aux-Champs,10.0
2018-02-05---2018-03-12_cluster_362,2018,2018-02-05,2018-03-12,35,362,51533,Servon-Melzicourt,44.0
2018-02-05---2018-03-12_cluster_362,2018,2018-02-05,2018-03-12,35,362,51552,Songy,10.0
2018-02-05---2018-03-12_cluster_362,2018,2018-02-05,2018-03-12,35,362,51648,Vitry-la-Ville,36.0
2018-02-05---2018-03-12_cluster_362,2018,2018-02-05,2018-03-12,35,362,55009,Ancemont,105.0
2018-02-05---2018-03-12_cluster_362,2018,2018-02-05,2018-03-12,35,362,55042,Belleray,252.0
2018-02-05---2018-03-12_cluster_362,2018,2018-02-05,2018-03-12,35,362,55064,Bouquemont,273.0
2018-02-05---2018-03-12_cluster_362,2018,2018-02-05,2018-03-12,35,362,55078,Brieulles-sur-Meuse,341.0
2018-02-05---2018-03-12_cluster_362,2018,2018-02-05,2018-03-12,35,362,55080,Brixey-aux-Chanoines,13.0
2018-02-05---2018-03-12_cluster_362,2018,2018-02-05,2018-03-12,35,362,55099,Champneuville,194.0
2018-02-05---2018-03-12_cluster_362,2018,2018-02-05,2018-03-12,35,362,55102,Charny-sur-Meuse,358.0
2018-02-05---2018-03-12_cluster_362,2018,2018-02-05,2018-03-12,35,362,55146,Dannevoux,157.0
2018-02-05---2018-03-12_cluster_362,2018,2018-02-05,2018-03-12,35,362,55154,Dieue-sur-Meuse,249.0
2018-02-05---2018-03-12_cluster_362,2018,2018-02-05,2018-03-12,35,362,55310,Luzy-Saint-Martin,224.0
2018-02-05---2018-03-12_cluster_362,2018,2018-02-05,2018-03-12,35,362,55321,Marre,152.0
2018-02-05---2018-03-12_cluster_362,2018,2018-02-05,2018-03-12,35,362,55328,Maxey-sur-Vaise,264.0
2018-02-05---2018-03-12_cluster_362,2018,2018-02-05,2018-03-12,35,362,55345,Mont-devant-Sassey,237.0
2018-02-05---2018-03-12_cluster_362,2018,2018-02-05,2018-03-12,35,362,55347,Les Monthairons,130.0
2018-02-05---2018-03-12_cluster_362,2018,2018-02-05,2018-03-12,35,362,55444,Rouvrois-sur-Meuse,18.0
2018-02-05---2018-03-12_cluster_362,2018,2018-02-05,2018-03-12,35,362,55469,Sassey-sur-Meuse,151.0
2018-02-05---2018-03-12_cluster_362,2018,2018-02-05,2018-03-12,35,362,55485,Sepvigny,273.0
2018-02-05---2018-03-12_cluster_362,2018,2018-02-05,2018-03-12,35,362,55584,Woimbey,10.0
2018-02-05---2018-03-12_cluster_362,2018,2018-02-05,2018-03-12,35,362,58217,Pousseaux,558.0
2018-02-05---2018-03-12_cluster_362,2018,2018-02-05,2018-03-12,35,362,60105,Brétigny,11.0
2018-02-05---2018-03-12_cluster_362,2018,2018-02-05,2018-03-12,35,362,60507,Pontoise-lès-Noyon,147.0
2018-02-05---2018-03-12_cluster_362,2018,2018-02-05,2018-03-12,35,362,60655,Varesnes,133.0
2018-02-05---2018-03-12_cluster_362,2018,2018-02-05,2018-03-12,35,362,70018,Ancier,23.0
2018-02-05---2018-03-12_cluster_362,2018,2018-02-05,2018-03-12,35,362,70454,Rosières-sur-Mance,24.0
2018-02-05---2018-03-12_cluster_362,2018,2018-02-05,2018-03-12,35,362,70491,Seveux-Motey,391.0
2018-02-05---2018-03-12_cluster_362,2018,2018-02-05,2018-03-12,35,362,70539,Vellexon-Queutrey-et-Vaudey,284.0
2018-02-05---2018-03-12_cluster_362,2018,2018-02-05,2018-03-12,35,362,71117,Châtenoy-en-Bresse,118.0
2018-02-05---2018-03-12_cluster_362,2018,2018-02-05,2018-03-12,35,362,71219,Gigny-sur-Saône,135.0
2018-02-05---2018-03-12_cluster_362,2018,2018-02-05,2018-03-12,35,362,71244,Jouvençon,167.0
2018-02-05---2018-03-12_cluster_362,2018,2018-02-05,2018-03-12,35,362,71283,Marnay,53.0
2018-02-05---2018-03-12_cluster_362,2018,2018-02-05,2018-03-12,35,362,71315,Mont-lès-Seurre,149.0
2018-02-05---2018-03-12_cluster_362,2018,2018-02-05,2018-03-12,35,362,71332,Ormes,186.0
2018-02-05---2018-03-12_cluster_362,2018,2018-02-05,2018-03-12,35,362,71352,Le Planois,54.0
2018-02-05---2018-03-12_cluster_362,2018,2018-02-05,2018-03-12,35,362,71445,Saint-Marcel,62.0
2018-02-05---2018-03-12_cluster_362,2018,2018-02-05,2018-03-12,35,362,71514,Sens-sur-Seille,61.0
2018-02-05---2018-03-12_cluster_362,2018,2018-02-05,2018-03-12,35,362,77125,Condé-Sainte-Libiaire,113.0
2018-02-05---2018-03-12_cluster_362,2018,2018-02-05,2018-03-12,35,362,77173,Étrépilly,10.0
2018-02-05---2018-03-12_cluster_362,2018,2018-02-05,2018-03-12,35,362,77234,Jablines,269.0
2018-02-05---2018-03-12_cluster_362,2018,2018-02-05,2018-03-12,35,362,77248,Lesches,198.0
2018-02-05---2018-03-12_cluster_362,2018,2018-02-05,2018-03-12,35,362,77475,Trilport,188.0
2018-02-05---2018-03-12_cluster_362,2018,2018-02-05,2018-03-12,35,362,77522,Villiers-sur-Seine,144.0
2018-02-05---2018-03-12_cluster_362,2018,2018-02-05,2018-03-12,35,362,85012,La Barre-de-Monts,15.0
2018-02-05---2018-03-12_cluster_362,2018,2018-02-05,2018-03-12,35,362,85062,Châteauneuf,10.0
2018-02-05---2018-03-12_cluster_362,2018,2018-02-05,2018-03-12,35,362,85164,Notre-Dame-de-Monts,136.0
2018-02-05---2018-03-12_cluster_362,2018,2018-02-05,2018-03-12,35,362,85207,Saint-Denis-du-Payré,127.0
2018-02-05---2018-03-12_cluster_362,2018,2018-02-05,2018-03-12,35,362,85294,La Tranche-sur-Mer,270.0
2018-02-05---2018-03-12_cluster_362,2018,2018-02-05,2018-03-12,35,362,89017,Argenteuil-sur-Armançon,28.0
2018-02-05---2018-03-12_cluster_362,2018,2018-02-05,2018-03-12,35,362,89184,Fulvy,10.0
2018-02-05---2018-03-12_cluster_362,2018,2018-02-05,2018-03-12,35,362,89225,Lichères-sur-Yonne,27.0
2018-02-05---2018-03-12_cluster_362,2018,2018-02-05,2018-03-12,35,362,89234,Lucy-sur-Yonne,532.0
2018-03-05---2018-04-09_cluster_365,2018,2018-03-05,2018-04-09,35,365,01159,Feillens,20.0
2018-03-05---2018-04-09_cluster_365,2018,2018-03-05,2018-04-09,35,365,01252,Mogneneins,28.0
2018-03-05---2018-04-09_cluster_365,2018,2018-03-05,2018-04-09,35,365,01323,Reyssouze,10.0
2018-03-05---2018-04-09_cluster_365,2018,2018-03-05,2018-04-09,35,365,10043,Bessy,40.0
2018-03-05---2018-04-09_cluster_365,2018,2018-03-05,2018-04-09,35,365,10047,Blignicourt,155.0
2018-03-05---2018-04-09_cluster_365,2018,2018-03-05,2018-04-09,35,365,10106,Courceroy,54.0
2018-03-05---2018-04-09_cluster_365,2018,2018-03-05,2018-04-09,35,365,10122,Davrey,37.0
2018-03-05---2018-04-09_cluster_365,2018,2018-03-05,2018-04-09,35,365,10144,Étrelles-sur-Aube,475.0
2018-03-05---2018-04-09_cluster_365,2018,2018-03-05,2018-04-09,35,365,10171,Hampigny,65.0
2018-03-05---2018-04-09_cluster_365,2018,2018-03-05,2018-04-09,35,365,10298,Pont-sur-Seine,128.0
2018-03-05---2018-04-09_cluster_365,2018,2018-03-05,2018-04-09,35,365,10299,Pouan-les-Vallées,10.0
2018-03-05---2018-04-09_cluster_365,2018,2018-03-05,2018-04-09,35,365,10315,Rances,117.0
2018-03-05---2018-04-09_cluster_365,2018,2018-03-05,2018-04-09,35,365,10316,Rhèges,14.0
2018-03-05---2018-04-09_cluster_365,2018,2018-03-05,2018-04-09,35,365,10393,Vallentigny,62.0
2018-03-05---2018-04-09_cluster_365,2018,2018-03-05,2018-04-09,35,365,10429,Villette-sur-Aube,471.0
2018-03-05---2018-04-09_cluster_365,2018,2018-03-05,2018-04-09,35,365,17085,Champdolent,183.0
2018-03-05---2018-04-09_cluster_365,2018,2018-03-05,2018-04-09,35,365,17128,Courcoury,372.0
2018-03-05---2018-04-09_cluster_365,2018,2018-03-05,2018-04-09,35,365,17155,Étaules,121.0
2018-03-05---2018-04-09_cluster_365,2018,2018-03-05,2018-04-09,35,365,17179,Les Gonds,893.0
2018-03-05---2018-04-09_cluster_365,2018,2018-03-05,2018-04-09,35,365,17185,Le Gua,136.0
2018-03-05---2018-04-09_cluster_365,2018,2018-03-05,2018-04-09,35,365,17400,Saint-Sever-de-Saintonge,154.0
2018-03-05---2018-04-09_cluster_365,2018,2018-03-05,2018-04-09,35,365,21301,Glanon,74.0
2018-03-05---2018-04-09_cluster_365,2018,2018-03-05,2018-04-09,35,365,21337,Lamarche-sur-Saône,69.0
2018-03-05---2018-04-09_cluster_365,2018,2018-03-05,2018-04-09,35,365,21344,Lechâtelet,270.0
2018-03-05---2018-04-09_cluster_365,2018,2018-03-05,2018-04-09,35,365,21474,Pagny-la-Ville,107.0
2018-03-05---2018-04-09_cluster_365,2018,2018-03-05,2018-04-09,35,365,21475,Pagny-le-Château,390.0
2018-03-05---2018-04-09_cluster_365,2018,2018-03-05,2018-04-09,35,365,21574,Saint-Seine-sur-Vingeanne,41.0
2018-03-05---2018-04-09_cluster_365,2018,2018-03-05,2018-04-09,35,365,21607,Seurre,190.0
2018-03-05---2018-04-09_cluster_365,2018,2018-03-05,2018-04-09,35,365,29254,Saint-Martin-des-Champs,403.0
2018-03-05---2018-04-09_cluster_365,2018,2018-03-05,2018-04-09,35,365,33240,Lesparre-Médoc,16.0
2018-03-05---2018-04-09_cluster_365,2018,2018-03-05,2018-04-09,35,365,33395,Saint-Estèphe,19.0
2018-03-05---2018-04-09_cluster_365,2018,2018-03-05,2018-04-09,35,365,39528,Thervay,15.0
2018-03-05---2018-04-09_cluster_365,2018,2018-03-05,2018-04-09,35,365,44013,Besné,140.0
2018-03-05---2018-04-09_cluster_365,2018,2018-03-05,2018-04-09,35,365,44032,La Chapelle-Heulin,40.0
2018-03-05---2018-04-09_cluster_365,2018,2018-03-05,2018-04-09,35,365,44047,Couëron,112.0
2018-03-05---2018-04-09_cluster_365,2018,2018-03-05,2018-04-09,35,365,44052,Donges,51.0
2018-03-05---2018-04-09_cluster_365,2018,2018-03-05,2018-04-09,35,365,44061,Frossay,10.0
2018-03-05---2018-04-09_cluster_365,2018,2018-03-05,2018-04-09,35,365,44068,Guenrouet,24.0
2018-03-05---2018-04-09_cluster_365,2018,2018-03-05,2018-04-09,35,365,44087,Machecoul-Saint-Même,584.0
2018-03-05---2018-04-09_cluster_365,2018,2018-03-05,2018-04-09,35,365,44123,Pierric,301.0
2018-03-05---2018-04-09_cluster_365,2018,2018-03-05,2018-04-09,35,365,44126,La Plaine-sur-Mer,22.0
2018-03-05---2018-04-09_cluster_365,2018,2018-03-05,2018-04-09,35,365,44133,Port-Saint-Père,171.0
2018-03-05---2018-04-09_cluster_365,2018,2018-03-05,2018-04-09,35,365,44174,Saint-Lumine-de-Coutais,56.0
2018-03-05---2018-04-09_cluster_365,2018,2018-03-05,2018-04-09,35,365,44176,Saint-Malo-de-Guersac,10.0
2018-03-05---2018-04-09_cluster_365,2018,2018-03-05,2018-04-09,35,365,44178,Saint-Mars-de-Coutais,163.0
2018-03-05---2018-04-09_cluster_365,2018,2018-03-05,2018-04-09,35,365,44183,Saint-Molf,69.0
2018-03-05---2018-04-09_cluster_365,2018,2018-03-05,2018-04-09,35,365,44184,Saint-Nazaire,33.0
2018-03-05---2018-04-09_cluster_365,2018,2018-03-05,2018-04-09,35,365,44185,Saint-Nicolas-de-Redon,154.0
2018-03-05---2018-04-09_cluster_365,2018,2018-03-05,2018-04-09,35,365,44188,Saint-Philbert-de-Grand-Lieu,131.0
2018-03-05---2018-04-09_cluster_365,2018,2018-03-05,2018-04-09,35,365,44210,Trignac,62.0
2018-03-05---2018-04-09_cluster_365,2018,2018-03-05,2018-04-09,35,365,49048,Briollay,214.0
2018-03-05---2018-04-09_cluster_365,2018,2018-03-05,2018-04-09,35,365,49129,Écouflant,365.0
2018-03-05---2018-04-09_cluster_365,2018,2018-03-05,2018-04-09,35,365,50016,Appeville,30.0
2018-03-05---2018-04-09_cluster_365,2018,2018-03-05,2018-04-09,35,365,50023,Auvers,28.0
2018-03-05---2018-04-09_cluster_365,2018,2018-03-05,2018-04-09,35,365,50052,Beuzeville-la-Bastille,55.0
2018-03-05---2018-04-09_cluster_365,2018,2018-03-05,2018-04-09,35,365,50099,Carentan-les-Marais,14.0
2018-03-05---2018-04-09_cluster_365,2018,2018-03-05,2018-04-09,35,365,50151,Créances,113.0
2018-03-05---2018-04-09_cluster_365,2018,2018-03-05,2018-04-09,35,365,50269,Liesville-sur-Douve,71.0
2018-03-05---2018-04-09_cluster_365,2018,2018-03-05,2018-04-09,35,365,50617,Varenguebec,60.0
2018-03-05---2018-04-09_cluster_365,2018,2018-03-05,2018-04-09,35,365,51018,Athis,29.0
2018-03-05---2018-04-09_cluster_365,2018,2018-03-05,2018-04-09,35,365,51023,Aulnay-sur-Marne,149.0
2018-03-05---2018-04-09_cluster_365,2018,2018-03-05,2018-04-09,35,365,51065,Blacy,138.0
2018-03-05---2018-04-09_cluster_365,2018,2018-03-05,2018-04-09,35,365,51150,Cherville,24.0
2018-03-05---2018-04-09_cluster_365,2018,2018-03-05,2018-04-09,35,365,51153,Chouilly,249.0
2018-03-05---2018-04-09_cluster_365,2018,2018-03-05,2018-04-09,35,365,51171,Cormicy,337.0
2018-03-05---2018-04-09_cluster_365,2018,2018-03-05,2018-04-09,35,365,51303,Jâlons,14.0
2018-03-05---2018-04-09_cluster_365,2018,2018-03-05,2018-04-09,35,365,51357,Matougues,10.0
2018-03-05---2018-04-09_cluster_365,2018,2018-03-05,2018-04-09,35,365,51413,Oiry,16.0
2018-03-05---2018-04-09_cluster_365,2018,2018-03-05,2018-04-09,35,365,51483,Saint-Gibrien,67.0
2018-03-05---2018-04-09_cluster_365,2018,2018-03-05,2018-04-09,35,365,51502,Saint-Martin-aux-Champs,10.0
2018-03-05---2018-04-09_cluster_365,2018,2018-03-05,2018-04-09,35,365,51533,Servon-Melzicourt,28.0
2018-03-05---2018-04-09_cluster_365,2018,2018-03-05,2018-04-09,35,365,51552,Songy,10.0
2018-03-05---2018-04-09_cluster_365,2018,2018-03-05,2018-04-09,35,365,51648,Vitry-la-Ville,43.0
2018-03-05---2018-04-09_cluster_365,2018,2018-03-05,2018-04-09,35,365,52074,Breuvannes-en-Bassigny,17.0
2018-03-05---2018-04-09_cluster_365,2018,2018-03-05,2018-04-09,35,365,52174,Doncourt-sur-Meuse,28.0
2018-03-05---2018-04-09_cluster_365,2018,2018-03-05,2018-04-09,35,365,52388,Pierremont-sur-Amance,10.0
2018-03-05---2018-04-09_cluster_365,2018,2018-03-05,2018-04-09,35,365,52512,Vecqueville,28.0
2018-03-05---2018-04-09_cluster_365,2018,2018-03-05,2018-04-09,35,365,52548,Vraincourt,16.0
2018-03-05---2018-04-09_cluster_365,2018,2018-03-05,2018-04-09,35,365,55009,Ancemont,120.0
2018-03-05---2018-04-09_cluster_365,2018,2018-03-05,2018-04-09,35,365,55064,Bouquemont,288.0
2018-03-05---2018-04-09_cluster_365,2018,2018-03-05,2018-04-09,35,365,55312,Maizey,290.0
2018-03-05---2018-04-09_cluster_365,2018,2018-03-05,2018-04-09,35,365,55328,Maxey-sur-Vaise,213.0
2018-03-05---2018-04-09_cluster_365,2018,2018-03-05,2018-04-09,35,365,55444,Rouvrois-sur-Meuse,20.0
2018-03-05---2018-04-09_cluster_365,2018,2018-03-05,2018-04-09,35,365,55573,Void-Vacon,23.0
2018-03-05---2018-04-09_cluster_365,2018,2018-03-05,2018-04-09,35,365,70018,Ancier,26.0
2018-03-05---2018-04-09_cluster_365,2018,2018-03-05,2018-04-09,35,365,70022,Angirey,32.0
2018-03-05---2018-04-09_cluster_365,2018,2018-03-05,2018-04-09,35,365,70114,Cendrecourt,233.0
2018-03-05---2018-04-09_cluster_365,2018,2018-03-05,2018-04-09,35,365,70152,Colombine,19.0
2018-03-05---2018-04-09_cluster_365,2018,2018-03-05,2018-04-09,35,365,70167,Conflandey,33.0
2018-03-05---2018-04-09_cluster_365,2018,2018-03-05,2018-04-09,35,365,70244,Fouchécourt,448.0
2018-03-05---2018-04-09_cluster_365,2018,2018-03-05,2018-04-09,35,365,70267,Gevigney-et-Mercey,274.0
2018-03-05---2018-04-09_cluster_365,2018,2018-03-05,2018-04-09,35,365,70400,Ouge,10.0
2018-03-05---2018-04-09_cluster_365,2018,2018-03-05,2018-04-09,35,365,70427,Purgerot,234.0
2018-03-05---2018-04-09_cluster_365,2018,2018-03-05,2018-04-09,35,365,70437,Ranzevelle,61.0
2018-03-05---2018-04-09_cluster_365,2018,2018-03-05,2018-04-09,35,365,70454,Rosières-sur-Mance,66.0
2018-03-05---2018-04-09_cluster_365,2018,2018-03-05,2018-04-09,35,365,70491,Seveux-Motey,421.0
2018-03-05---2018-04-09_cluster_365,2018,2018-03-05,2018-04-09,35,365,70529,Velet,48.0
2018-03-05---2018-04-09_cluster_365,2018,2018-03-05,2018-04-09,35,365,70539,Vellexon-Queutrey-et-Vaudey,291.0
2018-03-05---2018-04-09_cluster_365,2018,2018-03-05,2018-04-09,35,365,70572,Vitrey-sur-Mance,46.0
2018-03-05---2018-04-09_cluster_365,2018,2018-03-05,2018-04-09,35,365,71219,Gigny-sur-Saône,156.0
2018-03-05---2018-04-09_cluster_365,2018,2018-03-05,2018-04-09,35,365,71244,Jouvençon,162.0
2018-03-05---2018-04-09_cluster_365,2018,2018-03-05,2018-04-09,35,365,71248,Lacrost,75.0
2018-03-05---2018-04-09_cluster_365,2018,2018-03-05,2018-04-09,35,365,71283,Marnay,57.0
2018-03-05---2018-04-09_cluster_365,2018,2018-03-05,2018-04-09,35,365,71315,Mont-lès-Seurre,178.0
2018-03-05---2018-04-09_cluster_365,2018,2018-03-05,2018-04-09,35,365,71332,Ormes,184.0
2018-03-05---2018-04-09_cluster_365,2018,2018-03-05,2018-04-09,35,365,71423,Saint-Gervais-en-Vallière,23.0
2018-03-05---2018-04-09_cluster_365,2018,2018-03-05,2018-04-09,35,365,71504,Saunières,21.0
2018-03-05---2018-04-09_cluster_365,2018,2018-03-05,2018-04-09,35,365,71543,Tournus,75.0
2018-03-05---2018-04-09_cluster_365,2018,2018-03-05,2018-04-09,35,365,71555,Varennes-le-Grand,106.0
2018-03-05---2018-04-09_cluster_365,2018,2018-03-05,2018-04-09,35,365,77522,Villiers-sur-Seine,153.0
2018-03-05---2018-04-09_cluster_365,2018,2018-03-05,2018-04-09,35,365,88171,Fignévelle,39.0
2018-03-19---2018-04-30_cluster_367,2018,2018-03-19,2018-04-30,42,367,44013,Besné,55.0
2018-03-19---2018-04-30_cluster_367,2018,2018-03-19,2018-04-30,42,367,44087,Machecoul-Saint-Même,470.0
2018-03-19---2018-04-30_cluster_367,2018,2018-03-19,2018-04-30,42,367,44133,Port-Saint-Père,122.0
2018-03-19---2018-04-30_cluster_367,2018,2018-03-19,2018-04-30,42,367,44174,Saint-Lumine-de-Coutais,50.0
2018-03-19---2018-04-30_cluster_367,2018,2018-03-19,2018-04-30,42,367,44178,Saint-Mars-de-Coutais,88.0
2018-03-19---2018-04-30_cluster_367,2018,2018-03-19,2018-04-30,42,367,44188,Saint-Philbert-de-Grand-Lieu,106.0
2018-03-19---2018-04-30_cluster_367,2018,2018-03-19,2018-04-30,42,367,55064,Bouquemont,173.0
2018-06-04---2018-06-18_cluster_98,2018,2018-06-04,2018-06-18,14,98,49048,Briollay,470.0
2018-06-04---2018-06-18_cluster_98,2018,2018-06-04,2018-06-18,14,98,49129,Écouflant,406.0
2018-06-04---2018-06-18_cluster_98,2018,2018-06-04,2018-06-18,14,98,50151,Créances,318.0
2018-06-04---2018-06-18_cluster_98,2018,2018-06-04,2018-06-18,14,98,53230,Saint-Julien-du-Terroux,31.0
2018-06-04---2018-06-18_cluster_98,2018,2018-06-04,2018-06-18,14,98,61049,Boissei-la-Lande,22.0
2018-06-04---2018-06-18_cluster_98,2018,2018-06-04,2018-06-18,14,98,72076,Chenay,39.0
2018-06-04---2018-06-18_cluster_98,2018,2018-06-04,2018-06-18,14,98,72212,Moulins-le-Carbonnel,23.0
2018-06-04---2018-06-18_cluster_98,2018,2018-06-04,2018-06-18,14,98,72308,Saint-Paterne - Le Chevain,67.0
2018-06-11---2018-06-18_cluster_108,2018,2018-06-11,2018-06-18,7,108,40063,Candresse,53.0
2018-06-11---2018-06-18_cluster_108,2018,2018-06-11,2018-06-18,7,108,40088,Dax,317.0
2018-06-11---2018-06-18_cluster_108,2018,2018-06-11,2018-06-18,7,108,40208,Onard,320.0
2018-06-11---2018-06-18_cluster_108,2018,2018-06-11,2018-06-18,7,108,40222,Pey,405.0
2018-06-11---2018-06-18_cluster_108,2018,2018-06-11,2018-06-18,7,108,40256,Saint-Étienne-d'Orthe,19.0
2018-06-11---2018-06-18_cluster_108,2018,2018-06-11,2018-06-18,7,108,40263,Saint-Jean-de-Lier,372.0
2018-06-11---2018-06-18_cluster_108,2018,2018-06-11,2018-06-18,7,108,40314,Tercis-les-Bains,333.0
2018-06-11---2018-06-18_cluster_108,2018,2018-06-11,2018-06-18,7,108,40324,Vicq-d'Auribat,322.0
2018-06-11---2018-06-18_cluster_108,2018,2018-06-11,2018-06-18,7,108,40334,Yzosse,330.0
2018-06-11---2018-06-18_cluster_108,2018,2018-06-11,2018-06-18,7,108,64123,Bidache,94.0
2018-10-08---2018-10-22_cluster_240,2018,2018-10-08,2018-10-22,14,240,29254,Saint-Martin-des-Champs,161.0
2018-10-08---2018-10-22_cluster_240,2018,2018-10-08,2018-10-22,14,240,44126,La Plaine-sur-Mer,22.0
2018-10-08---2018-10-22_cluster_240,2018,2018-10-08,2018-10-22,14,240,44136,Préfailles,10.0
2018-10-15---2018-10-22_cluster_251,2018,2018-10-15,2018-10-22,7,251,11106,Coursan,107.0
2018-10-15---2018-10-22_cluster_251,2018,2018-10-15,2018-10-22,7,251,11217,Marcorignan,49.0
2018-10-15---2018-10-22_cluster_251,2018,2018-10-15,2018-10-22,7,251,11258,Moussan,385.0
2018-10-15---2018-10-22_cluster_251,2018,2018-10-15,2018-10-22,7,251,11307,Raissac-d'Aude,310.0
2018-12-03---2019-01-07_cluster_328,2018,2018-12-03,2019-01-07,35,328,25107,Cendrey,231.0
2018-12-03---2019-01-07_cluster_328,2018,2018-12-03,2019-01-07,35,328,25403,Montlebon,275.0
2018-12-03---2019-01-07_cluster_328,2018,2018-12-03,2019-01-07,35,328,70167,Conflandey,10.0
2018-12-03---2019-01-07_cluster_328,2018,2018-12-03,2019-01-07,35,328,70236,Fleurey-lès-Faverney,19.0
2018-12-03---2019-01-07_cluster_328,2018,2018-12-03,2019-01-07,35,328,70474,Saint-Sulpice,128.0
2018-12-03---2019-01-07_cluster_382,2018,2018-12-03,2019-01-07,35,382,08020,Les Petites-Armoises,16.0
2018-12-03---2019-01-07_cluster_382,2018,2018-12-03,2019-01-07,35,382,08082,Brécy-Brières,24.0
2018-12-03---2019-01-07_cluster_382,2018,2018-12-03,2019-01-07,35,382,08168,La Ferté-sur-Chiers,27.0
2018-12-03---2019-01-07_cluster_382,2018,2018-12-03,2019-01-07,35,382,08461,Vandy,27.0
2018-12-03---2019-01-07_cluster_382,2018,2018-12-03,2019-01-07,35,382,08466,Vaux-lès-Mouzon,10.0
2018-12-03---2019-01-07_cluster_382,2018,2018-12-03,2019-01-07,35,382,16217,Merpins,357.0
2018-12-03---2019-01-07_cluster_382,2018,2018-12-03,2019-01-07,35,382,17069,Brives-sur-Charente,355.0
2018-12-03---2019-01-07_cluster_382,2018,2018-12-03,2019-01-07,35,382,17128,Courcoury,344.0
2018-12-03---2019-01-07_cluster_382,2018,2018-12-03,2019-01-07,35,382,17179,Les Gonds,781.0
2018-12-03---2019-01-07_cluster_382,2018,2018-12-03,2019-01-07,35,382,17304,Rouffiac,277.0
2018-12-03---2019-01-07_cluster_382,2018,2018-12-03,2019-01-07,35,382,17400,Saint-Sever-de-Saintonge,218.0
2018-12-03---2019-01-07_cluster_382,2018,2018-12-03,2019-01-07,35,382,17418,Salignac-sur-Charente,375.0
2018-12-03---2019-01-07_cluster_382,2018,2018-12-03,2019-01-07,35,382,44176,Saint-Malo-de-Guersac,10.0
2018-12-03---2019-01-07_cluster_382,2018,2018-12-03,2019-01-07,35,382,49129,Écouflant,323.0
2018-12-03---2019-01-07_cluster_382,2018,2018-12-03,2019-01-07,35,382,50016,Appeville,11.0
2018-12-03---2019-01-07_cluster_382,2018,2018-12-03,2019-01-07,35,382,50023,Auvers,22.0
2018-12-03---2019-01-07_cluster_382,2018,2018-12-03,2019-01-07,35,382,50099,Carentan-les-Marais,15.0
2018-12-03---2019-01-07_cluster_382,2018,2018-12-03,2019-01-07,35,382,50151,Créances,174.0
2018-12-03---2019-01-07_cluster_382,2018,2018-12-03,2019-01-07,35,382,50216,Graignes-Mesnil-Angot,13.0
2018-12-03---2019-01-07_cluster_382,2018,2018-12-03,2019-01-07,35,382,50269,Liesville-sur-Douve,11.0
2018-12-03---2019-01-07_cluster_382,2018,2018-12-03,2019-01-07,35,382,50400,Picauville,31.0
2018-12-03---2019-01-07_cluster_382,2018,2018-12-03,2019-01-07,35,382,50409,Pont-Hébert,14.0
2018-12-03---2019-01-07_cluster_382,2018,2018-12-03,2019-01-07,35,382,50445,Saint-André-de-Bohon,21.0
2018-12-03---2019-01-07_cluster_382,2018,2018-12-03,2019-01-07,35,382,50606,Tribehou,42.0
2018-12-03---2019-01-07_cluster_382,2018,2018-12-03,2019-01-07,35,382,50617,Varenguebec,22.0
2018-12-03---2019-01-07_cluster_382,2018,2018-12-03,2019-01-07,35,382,55064,Bouquemont,139.0
2018-12-31---2019-02-04_cluster_3,2019,2018-12-31,2019-02-04,35,3,50099,Carentan-les-Marais,12.0
2018-12-31---2019-02-04_cluster_3,2019,2018-12-31,2019-02-04,35,3,50216,Graignes-Mesnil-Angot,18.0
2018-12-31---2019-02-04_cluster_3,2019,2018-12-31,2019-02-04,35,3,50445,Saint-André-de-Bohon,22.0
2018-12-31---2019-02-04_cluster_3,2019,2018-12-31,2019-02-04,35,3,50606,Tribehou,35.0
2019-01-21---2019-02-11_cluster_26,2019,2019-01-21,2019-02-11,21,26,40191,Montaut,140.0
2019-01-21---2019-02-11_cluster_26,2019,2019-01-21,2019-02-11,21,26,40222,Pey,226.0
2019-01-21---2019-02-25_cluster_27,2019,2019-01-21,2019-02-25,28,27,02262,Deuillet,21.0
2019-01-21---2019-02-25_cluster_27,2019,2019-01-21,2019-02-25,28,27,02716,Servais,10.0
2019-01-21---2019-02-25_cluster_27,2019,2019-01-21,2019-02-25,28,27,08168,La Ferté-sur-Chiers,13.0
2019-01-21---2019-02-25_cluster_27,2019,2019-01-21,2019-02-25,28,27,08461,Vandy,17.0
2019-01-21---2019-02-25_cluster_27,2019,2019-01-21,2019-02-25,28,27,14107,Bricqueville,14.0
2019-01-21---2019-02-25_cluster_27,2019,2019-01-21,2019-02-25,28,27,14168,Colombières,10.0
2019-01-21---2019-02-25_cluster_27,2019,2019-01-21,2019-02-25,28,27,14397,Mandeville-en-Bessin,16.0
2019-01-21---2019-02-25_cluster_27,2019,2019-01-21,2019-02-25,28,27,14711,Trévières,31.0
2019-01-21---2019-02-25_cluster_27,2019,2019-01-21,2019-02-25,28,27,17155,Étaules,100.0
2019-01-21---2019-02-25_cluster_27,2019,2019-01-21,2019-02-25,28,27,17185,Le Gua,72.0
2019-01-21---2019-02-25_cluster_27,2019,2019-01-21,2019-02-25,28,27,35179,Miniac-Morvan,21.0
2019-01-21---2019-02-25_cluster_27,2019,2019-01-21,2019-02-25,28,27,44183,Saint-Molf,64.0
2019-01-21---2019-02-25_cluster_27,2019,2019-01-21,2019-02-25,28,27,49048,Briollay,226.0
2019-01-21---2019-02-25_cluster_27,2019,2019-01-21,2019-02-25,28,27,49129,Écouflant,366.0
2019-01-21---2019-02-25_cluster_27,2019,2019-01-21,2019-02-25,28,27,50004,Airel,33.0
2019-01-21---2019-02-25_cluster_27,2019,2019-01-21,2019-02-25,28,27,50016,Appeville,16.0
2019-01-21---2019-02-25_cluster_27,2019,2019-01-21,2019-02-25,28,27,50023,Auvers,42.0
2019-01-21---2019-02-25_cluster_27,2019,2019-01-21,2019-02-25,28,27,50070,Boutteville,68.0
2019-01-21---2019-02-25_cluster_27,2019,2019-01-21,2019-02-25,28,27,50099,Carentan-les-Marais,32.0
2019-01-21---2019-02-25_cluster_27,2019,2019-01-21,2019-02-25,28,27,50151,Créances,311.0
2019-01-21---2019-02-25_cluster_27,2019,2019-01-21,2019-02-25,28,27,50216,Graignes-Mesnil-Angot,20.0
2019-01-21---2019-02-25_cluster_27,2019,2019-01-21,2019-02-25,28,27,50269,Liesville-sur-Douve,10.0
2019-01-21---2019-02-25_cluster_27,2019,2019-01-21,2019-02-25,28,27,50400,Picauville,21.0
2019-01-21---2019-02-25_cluster_27,2019,2019-01-21,2019-02-25,28,27,50409,Pont-Hébert,36.0
2019-01-21---2019-02-25_cluster_27,2019,2019-01-21,2019-02-25,28,27,50431,Remilly Les Marais,39.0
2019-01-21---2019-02-25_cluster_27,2019,2019-01-21,2019-02-25,28,27,50445,Saint-André-de-Bohon,23.0
2019-01-21---2019-02-25_cluster_27,2019,2019-01-21,2019-02-25,28,27,50468,Saint-Fromond,83.0
2019-01-21---2019-02-25_cluster_27,2019,2019-01-21,2019-02-25,28,27,50564,Terre-et-Marais,11.0
2019-01-21---2019-02-25_cluster_27,2019,2019-01-21,2019-02-25,28,27,50606,Tribehou,65.0
2019-01-21---2019-02-25_cluster_27,2019,2019-01-21,2019-02-25,28,27,50617,Varenguebec,24.0
2019-01-21---2019-02-25_cluster_27,2019,2019-01-21,2019-02-25,28,27,53127,Lassay-les-Châteaux,77.0
2019-01-21---2019-02-25_cluster_27,2019,2019-01-21,2019-02-25,28,27,53263,Thubœuf,10.0
2019-01-21---2019-02-25_cluster_27,2019,2019-01-21,2019-02-25,28,27,54227,Giraumont,306.0
2019-01-21---2019-02-25_cluster_27,2019,2019-01-21,2019-02-25,28,27,55552,Vigneul-sous-Montmédy,26.0
2019-01-21---2019-02-25_cluster_27,2019,2019-01-21,2019-02-25,28,27,60105,Brétigny,19.0
2019-01-21---2019-02-25_cluster_27,2019,2019-01-21,2019-02-25,28,27,60655,Varesnes,120.0
2019-01-21---2019-02-25_cluster_27,2019,2019-01-21,2019-02-25,28,27,61473,Sevrai,10.0
2019-01-21---2019-02-25_cluster_27,2019,2019-01-21,2019-02-25,28,27,61487,Torchamp,37.0
2019-01-21---2019-02-25_cluster_27,2019,2019-01-21,2019-02-25,28,27,72212,Moulins-le-Carbonnel,31.0
2019-01-21---2019-02-25_cluster_27,2019,2019-01-21,2019-02-25,28,27,72289,Sainte-Jamme-sur-Sarthe,521.0
2019-01-28---2019-02-11_cluster_35,2019,2019-01-28,2019-02-11,14,35,63006,Anzat-le-Luguet,1644.0
2019-02-18---2019-02-25_cluster_58,2019,2019-02-18,2019-02-25,7,58,44176,Saint-Malo-de-Guersac,18.0
2019-02-18---2019-02-25_cluster_58,2019,2019-02-18,2019-02-25,7,58,44183,Saint-Molf,75.0
2019-02-18---2019-02-25_cluster_58,2019,2019-02-18,2019-02-25,7,58,44210,Trignac,32.0
2019-02-18---2019-02-25_cluster_58,2019,2019-02-18,2019-02-25,7,58,56018,Billiers,23.0
2019-03-04---2019-04-08_cluster_333,2019,2019-03-04,2019-04-08,28,333,02014,Amigny-Rouy,193.0
2019-03-04---2019-04-08_cluster_333,2019,2019-03-04,2019-04-08,28,333,02016,Andelain,10.0
2019-03-04---2019-04-08_cluster_333,2019,2019-03-04,2019-04-08,28,333,02123,Brissay-Choigny,79.0
2019-03-04---2019-04-08_cluster_333,2019,2019-03-04,2019-04-08,28,333,02165,Charmes,234.0
2019-03-04---2019-04-08_cluster_333,2019,2019-03-04,2019-04-08,28,333,02262,Deuillet,11.0
2019-03-04---2019-04-08_cluster_333,2019,2019-03-04,2019-04-08,28,333,02304,La Fère,100.0
2019-03-04---2019-04-08_cluster_333,2019,2019-03-04,2019-04-08,28,333,02456,Manicamp,25.0
2019-03-04---2019-04-08_cluster_333,2019,2019-03-04,2019-04-08,28,333,02575,Origny-Sainte-Benoite,16.0
2019-03-04---2019-04-08_cluster_333,2019,2019-03-04,2019-04-08,28,333,02624,Proisy,15.0
2019-03-04---2019-04-08_cluster_333,2019,2019-03-04,2019-04-08,28,333,02638,Remies,18.0
2019-03-04---2019-04-08_cluster_333,2019,2019-03-04,2019-04-08,28,333,02716,Servais,12.0
2019-03-04---2019-04-08_cluster_333,2019,2019-03-04,2019-04-08,28,333,08004,Aire,85.0
2019-03-04---2019-04-08_cluster_333,2019,2019-03-04,2019-04-08,28,333,08020,Les Petites-Armoises,27.0
2019-03-04---2019-04-08_cluster_333,2019,2019-03-04,2019-04-08,28,333,08168,La Ferté-sur-Chiers,55.0
2019-03-04---2019-04-08_cluster_333,2019,2019-03-04,2019-04-08,28,333,08276,Margut,16.0
2019-03-04---2019-04-08_cluster_333,2019,2019-03-04,2019-04-08,28,333,08317,La Neuville-à-Maire,126.0
2019-03-04---2019-04-08_cluster_333,2019,2019-03-04,2019-04-08,28,333,08466,Vaux-lès-Mouzon,18.0
2019-03-04---2019-04-08_cluster_333,2019,2019-03-04,2019-04-08,28,333,08473,Vieux-lès-Asfeld,587.0
2019-03-04---2019-04-08_cluster_333,2019,2019-03-04,2019-04-08,28,333,21242,Échigey,10.0
2019-03-04---2019-04-08_cluster_333,2019,2019-03-04,2019-04-08,28,333,39402,Pagney,694.0
2019-03-04---2019-04-08_cluster_333,2019,2019-03-04,2019-04-08,28,333,39528,Thervay,19.0
2019-03-04---2019-04-08_cluster_333,2019,2019-03-04,2019-04-08,28,333,39581,Vitreux,283.0
2019-03-04---2019-04-08_cluster_333,2019,2019-03-04,2019-04-08,28,333,44013,Besné,63.0
2019-03-04---2019-04-08_cluster_333,2019,2019-03-04,2019-04-08,28,333,44032,La Chapelle-Heulin,46.0
2019-03-04---2019-04-08_cluster_333,2019,2019-03-04,2019-04-08,28,333,44052,Donges,65.0
2019-03-04---2019-04-08_cluster_333,2019,2019-03-04,2019-04-08,28,333,44176,Saint-Malo-de-Guersac,10.0
2019-03-04---2019-04-08_cluster_333,2019,2019-03-04,2019-04-08,28,333,50052,Beuzeville-la-Bastille,10.0
2019-03-04---2019-04-08_cluster_333,2019,2019-03-04,2019-04-08,28,333,50269,Liesville-sur-Douve,20.0
2019-03-04---2019-04-08_cluster_333,2019,2019-03-04,2019-04-08,28,333,51171,Cormicy,240.0
2019-03-04---2019-04-08_cluster_333,2019,2019-03-04,2019-04-08,28,333,55009,Ancemont,101.0
2019-03-04---2019-04-08_cluster_333,2019,2019-03-04,2019-04-08,28,333,55027,Bannoncourt,271.0
2019-03-04---2019-04-08_cluster_333,2019,2019-03-04,2019-04-08,28,333,55064,Bouquemont,309.0
2019-03-04---2019-04-08_cluster_333,2019,2019-03-04,2019-04-08,28,333,55111,Chauvoncourt,258.0
2019-03-04---2019-04-08_cluster_333,2019,2019-03-04,2019-04-08,28,333,55122,Commercy,297.0
2019-03-04---2019-04-08_cluster_333,2019,2019-03-04,2019-04-08,28,333,55154,Dieue-sur-Meuse,249.0
2019-03-04---2019-04-08_cluster_333,2019,2019-03-04,2019-04-08,28,333,55312,Maizey,292.0
2019-03-04---2019-04-08_cluster_333,2019,2019-03-04,2019-04-08,28,333,55347,Les Monthairons,159.0
2019-03-04---2019-04-08_cluster_333,2019,2019-03-04,2019-04-08,28,333,55433,Rigny-la-Salle,276.0
2019-03-04---2019-04-08_cluster_333,2019,2019-03-04,2019-04-08,28,333,55444,Rouvrois-sur-Meuse,46.0
2019-03-04---2019-04-08_cluster_333,2019,2019-03-04,2019-04-08,28,333,55552,Vigneul-sous-Montmédy,21.0
2019-03-04---2019-04-08_cluster_333,2019,2019-03-04,2019-04-08,28,333,57002,Aboncourt-sur-Seille,157.0
2019-03-04---2019-04-08_cluster_333,2019,2019-03-04,2019-04-08,28,333,57308,Hazembourg,72.0
2019-03-04---2019-04-08_cluster_333,2019,2019-03-04,2019-04-08,28,333,57346,Insming,31.0
2019-03-04---2019-04-08_cluster_333,2019,2019-03-04,2019-04-08,28,333,57431,Maizeroy,11.0
2019-03-04---2019-04-08_cluster_333,2019,2019-03-04,2019-04-08,28,333,59543,Saint-Remy-du-Nord,42.0
2019-03-04---2019-04-08_cluster_333,2019,2019-03-04,2019-04-08,28,333,60105,Brétigny,14.0
2019-03-04---2019-04-08_cluster_333,2019,2019-03-04,2019-04-08,28,333,60507,Pontoise-lès-Noyon,171.0
2019-03-04---2019-04-08_cluster_333,2019,2019-03-04,2019-04-08,28,333,60655,Varesnes,145.0
2019-03-04---2019-04-08_cluster_333,2019,2019-03-04,2019-04-08,28,333,70491,Seveux-Motey,396.0
2019-03-04---2019-04-08_cluster_333,2019,2019-03-04,2019-04-08,28,333,70539,Vellexon-Queutrey-et-Vaudey,203.0
2019-03-04---2019-04-08_cluster_333,2019,2019-03-04,2019-04-08,28,333,71167,Damerey,10.0
2019-03-04---2019-04-08_cluster_333,2019,2019-03-04,2019-04-08,28,333,71219,Gigny-sur-Saône,79.0
2019-03-04---2019-04-08_cluster_333,2019,2019-03-04,2019-04-08,28,333,71283,Marnay,48.0
2019-04-29---2019-06-17_cluster_116,2019,2019-04-29,2019-06-17,35,116,13057,Mas-Blanc-des-Alpilles,24.0
2019-04-29---2019-06-17_cluster_116,2019,2019-04-29,2019-06-17,35,116,30290,Saint-Paulet-de-Caisson,10.0
2019-08-12---2019-08-19_cluster_210,2019,2019-08-12,2019-08-19,7,210,80152,Bus-la-Mésière,112.0
2019-09-23---2019-10-21_cluster_346,2019,2019-09-23,2019-10-21,28,346,44126,La Plaine-sur-Mer,24.0
2019-10-07---2019-12-02_cluster_348,2019,2019-10-07,2019-12-02,42,348,14107,Bricqueville,28.0
2019-10-07---2019-12-02_cluster_348,2019,2019-10-07,2019-12-02,42,348,14168,Colombières,10.0
2019-10-07---2019-12-02_cluster_348,2019,2019-10-07,2019-12-02,42,348,14397,Mandeville-en-Bessin,59.0
2019-10-07---2019-12-02_cluster_348,2019,2019-10-07,2019-12-02,42,348,14711,Trévières,33.0
2019-10-07---2019-12-02_cluster_348,2019,2019-10-07,2019-12-02,42,348,16217,Merpins,58.0
2019-10-07---2019-12-02_cluster_348,2019,2019-10-07,2019-12-02,42,348,17069,Brives-sur-Charente,363.0
2019-10-07---2019-12-02_cluster_348,2019,2019-10-07,2019-12-02,42,348,17073,Bussac-sur-Charente,449.0
2019-10-07---2019-12-02_cluster_348,2019,2019-10-07,2019-12-02,42,348,17128,Courcoury,368.0
2019-10-07---2019-12-02_cluster_348,2019,2019-10-07,2019-12-02,42,348,17164,Fontcouverte,462.0
2019-10-07---2019-12-02_cluster_348,2019,2019-10-07,2019-12-02,42,348,17179,Les Gonds,891.0
2019-10-07---2019-12-02_cluster_348,2019,2019-10-07,2019-12-02,42,348,17184,La Gripperie-Saint-Symphorien,50.0
2019-10-07---2019-12-02_cluster_348,2019,2019-10-07,2019-12-02,42,348,17303,La Ronde,176.0
2019-10-07---2019-12-02_cluster_348,2019,2019-10-07,2019-12-02,42,348,17304,Rouffiac,321.0
2019-10-07---2019-12-02_cluster_348,2019,2019-10-07,2019-12-02,42,348,17400,Saint-Sever-de-Saintonge,248.0
2019-10-07---2019-12-02_cluster_348,2019,2019-10-07,2019-12-02,42,348,17412,Saint-Vaize,317.0
2019-10-07---2019-12-02_cluster_348,2019,2019-10-07,2019-12-02,42,348,17418,Salignac-sur-Charente,383.0
2019-10-07---2019-12-02_cluster_348,2019,2019-10-07,2019-12-02,42,348,29254,Saint-Martin-des-Champs,26.0
2019-10-07---2019-12-02_cluster_348,2019,2019-10-07,2019-12-02,42,348,33395,Saint-Estèphe,17.0
2019-10-07---2019-12-02_cluster_348,2019,2019-10-07,2019-12-02,42,348,35179,Miniac-Morvan,19.0
2019-10-07---2019-12-02_cluster_348,2019,2019-10-07,2019-12-02,42,348,44126,La Plaine-sur-Mer,21.0
2019-10-07---2019-12-02_cluster_348,2019,2019-10-07,2019-12-02,42,348,49129,Écouflant,325.0
2019-10-07---2019-12-02_cluster_348,2019,2019-10-07,2019-12-02,42,348,50004,Airel,54.0
2019-10-07---2019-12-02_cluster_348,2019,2019-10-07,2019-12-02,42,348,50016,Appeville,102.0
2019-10-07---2019-12-02_cluster_348,2019,2019-10-07,2019-12-02,42,348,50023,Auvers,111.0
2019-10-07---2019-12-02_cluster_348,2019,2019-10-07,2019-12-02,42,348,50052,Beuzeville-la-Bastille,105.0
2019-10-07---2019-12-02_cluster_348,2019,2019-10-07,2019-12-02,42,348,50070,Boutteville,75.0
2019-10-07---2019-12-02_cluster_348,2019,2019-10-07,2019-12-02,42,348,50099,Carentan-les-Marais,89.0
2019-10-07---2019-12-02_cluster_348,2019,2019-10-07,2019-12-02,42,348,50151,Créances,330.0
2019-10-07---2019-12-02_cluster_348,2019,2019-10-07,2019-12-02,42,348,50165,Donville-les-Bains,10.0
2019-10-07---2019-12-02_cluster_348,2019,2019-10-07,2019-12-02,42,348,50216,Graignes-Mesnil-Angot,17.0
2019-10-07---2019-12-02_cluster_348,2019,2019-10-07,2019-12-02,42,348,50269,Liesville-sur-Douve,126.0
2019-10-07---2019-12-02_cluster_348,2019,2019-10-07,2019-12-02,42,348,50298,Méautis,51.0
2019-10-07---2019-12-02_cluster_348,2019,2019-10-07,2019-12-02,42,348,50400,Picauville,49.0
2019-10-07---2019-12-02_cluster_348,2019,2019-10-07,2019-12-02,42,348,50409,Pont-Hébert,59.0
2019-10-07---2019-12-02_cluster_348,2019,2019-10-07,2019-12-02,42,348,50431,Remilly Les Marais,66.0
2019-10-07---2019-12-02_cluster_348,2019,2019-10-07,2019-12-02,42,348,50445,Saint-André-de-Bohon,19.0
2019-10-07---2019-12-02_cluster_348,2019,2019-10-07,2019-12-02,42,348,50468,Saint-Fromond,91.0
2019-10-07---2019-12-02_cluster_348,2019,2019-10-07,2019-12-02,42,348,50488,Saint-Jean-de-Daye,54.0
2019-10-07---2019-12-02_cluster_348,2019,2019-10-07,2019-12-02,42,348,50606,Tribehou,63.0
2019-10-07---2019-12-02_cluster_348,2019,2019-10-07,2019-12-02,42,348,50617,Varenguebec,113.0
2019-10-07---2019-12-02_cluster_348,2019,2019-10-07,2019-12-02,42,348,61256,Médavy,10.0
2019-10-07---2019-12-02_cluster_348,2019,2019-10-07,2019-12-02,42,348,79112,Épannes,10.0
2019-10-07---2019-12-02_cluster_348,2019,2019-10-07,2019-12-02,42,348,85090,Sèvremont,48.0
2019-10-14---2019-10-21_cluster_262,2019,2019-10-14,2019-10-21,7,262,56181,Port-Louis,10.0
2019-11-04---2020-01-06_cluster_351,2019,2019-11-04,2020-01-06,56,351,01147,Domsure,15.0
2019-11-04---2020-01-06_cluster_351,2019,2019-11-04,2020-01-06,56,351,13074,Peyrolles-en-Provence,317.0
2019-11-04---2020-01-06_cluster_351,2019,2019-11-04,2020-01-06,56,351,14107,Bricqueville,18.0
2019-11-04---2020-01-06_cluster_351,2019,2019-11-04,2020-01-06,56,351,14168,Colombières,10.0
2019-11-04---2020-01-06_cluster_351,2019,2019-11-04,2020-01-06,56,351,14397,Mandeville-en-Bessin,21.0
2019-11-04---2020-01-06_cluster_351,2019,2019-11-04,2020-01-06,56,351,16217,Merpins,448.0
2019-11-04---2020-01-06_cluster_351,2019,2019-11-04,2020-01-06,56,351,17069,Brives-sur-Charente,366.0
2019-11-04---2020-01-06_cluster_351,2019,2019-11-04,2020-01-06,56,351,17073,Bussac-sur-Charente,435.0
2019-11-04---2020-01-06_cluster_351,2019,2019-11-04,2020-01-06,56,351,17128,Courcoury,391.0
2019-11-04---2020-01-06_cluster_351,2019,2019-11-04,2020-01-06,56,351,17155,Étaules,88.0
2019-11-04---2020-01-06_cluster_351,2019,2019-11-04,2020-01-06,56,351,17164,Fontcouverte,457.0
2019-11-04---2020-01-06_cluster_351,2019,2019-11-04,2020-01-06,56,351,17171,Geay,168.0
2019-11-04---2020-01-06_cluster_351,2019,2019-11-04,2020-01-06,56,351,17179,Les Gonds,895.0
2019-11-04---2020-01-06_cluster_351,2019,2019-11-04,2020-01-06,56,351,17184,La Gripperie-Saint-Symphorien,46.0
2019-11-04---2020-01-06_cluster_351,2019,2019-11-04,2020-01-06,56,351,17304,Rouffiac,321.0
2019-11-04---2020-01-06_cluster_351,2019,2019-11-04,2020-01-06,56,351,17400,Saint-Sever-de-Saintonge,254.0
2019-11-04---2020-01-06_cluster_351,2019,2019-11-04,2020-01-06,56,351,17406,Saint-Sornin,10.0
2019-11-04---2020-01-06_cluster_351,2019,2019-11-04,2020-01-06,56,351,17412,Saint-Vaize,299.0
2019-11-04---2020-01-06_cluster_351,2019,2019-11-04,2020-01-06,56,351,17418,Salignac-sur-Charente,389.0
2019-11-04---2020-01-06_cluster_351,2019,2019-11-04,2020-01-06,56,351,25403,Montlebon,259.0
2019-11-04---2020-01-06_cluster_351,2019,2019-11-04,2020-01-06,56,351,33055,Blaignan-Prignac,17.0
2019-11-04---2020-01-06_cluster_351,2019,2019-11-04,2020-01-06,56,351,33240,Lesparre-Médoc,23.0
2019-11-04---2020-01-06_cluster_351,2019,2019-11-04,2020-01-06,56,351,33395,Saint-Estèphe,22.0
2019-11-04---2020-01-06_cluster_351,2019,2019-11-04,2020-01-06,56,351,33514,Soulac-sur-Mer,657.0
2019-11-04---2020-01-06_cluster_351,2019,2019-11-04,2020-01-06,56,351,35179,Miniac-Morvan,24.0
2019-11-04---2020-01-06_cluster_351,2019,2019-11-04,2020-01-06,56,351,44013,Besné,119.0
2019-11-04---2020-01-06_cluster_351,2019,2019-11-04,2020-01-06,56,351,44052,Donges,88.0
2019-11-04---2020-01-06_cluster_351,2019,2019-11-04,2020-01-06,56,351,44068,Guenrouet,52.0
2019-11-04---2020-01-06_cluster_351,2019,2019-11-04,2020-01-06,56,351,44087,Machecoul-Saint-Même,485.0
2019-11-04---2020-01-06_cluster_351,2019,2019-11-04,2020-01-06,56,351,44092,Massérac,237.0
2019-11-04---2020-01-06_cluster_351,2019,2019-11-04,2020-01-06,56,351,44123,Pierric,284.0
2019-11-04---2020-01-06_cluster_351,2019,2019-11-04,2020-01-06,56,351,44133,Port-Saint-Père,167.0
2019-11-04---2020-01-06_cluster_351,2019,2019-11-04,2020-01-06,56,351,44174,Saint-Lumine-de-Coutais,54.0
2019-11-04---2020-01-06_cluster_351,2019,2019-11-04,2020-01-06,56,351,44176,Saint-Malo-de-Guersac,10.0
2019-11-04---2020-01-06_cluster_351,2019,2019-11-04,2020-01-06,56,351,44178,Saint-Mars-de-Coutais,147.0
2019-11-04---2020-01-06_cluster_351,2019,2019-11-04,2020-01-06,56,351,44185,Saint-Nicolas-de-Redon,157.0
2019-11-04---2020-01-06_cluster_351,2019,2019-11-04,2020-01-06,56,351,44188,Saint-Philbert-de-Grand-Lieu,121.0
2019-11-04---2020-01-06_cluster_351,2019,2019-11-04,2020-01-06,56,351,49048,Briollay,210.0
2019-11-04---2020-01-06_cluster_351,2019,2019-11-04,2020-01-06,56,351,49082,Chaudefonds-sur-Layon,71.0
2019-11-04---2020-01-06_cluster_351,2019,2019-11-04,2020-01-06,56,351,49129,Écouflant,420.0
2019-11-04---2020-01-06_cluster_351,2019,2019-11-04,2020-01-06,56,351,50004,Airel,48.0
2019-11-04---2020-01-06_cluster_351,2019,2019-11-04,2020-01-06,56,351,50016,Appeville,73.0
2019-11-04---2020-01-06_cluster_351,2019,2019-11-04,2020-01-06,56,351,50023,Auvers,101.0
2019-11-04---2020-01-06_cluster_351,2019,2019-11-04,2020-01-06,56,351,50052,Beuzeville-la-Bastille,88.0
2019-11-04---2020-01-06_cluster_351,2019,2019-11-04,2020-01-06,56,351,50070,Boutteville,69.0
2019-11-04---2020-01-06_cluster_351,2019,2019-11-04,2020-01-06,56,351,50099,Carentan-les-Marais,88.0
2019-11-04---2020-01-06_cluster_351,2019,2019-11-04,2020-01-06,56,351,50151,Créances,274.0
2019-11-04---2020-01-06_cluster_351,2019,2019-11-04,2020-01-06,56,351,50216,Graignes-Mesnil-Angot,17.0
2019-11-04---2020-01-06_cluster_351,2019,2019-11-04,2020-01-06,56,351,50269,Liesville-sur-Douve,112.0
2019-11-04---2020-01-06_cluster_351,2019,2019-11-04,2020-01-06,56,351,50298,Méautis,45.0
2019-11-04---2020-01-06_cluster_351,2019,2019-11-04,2020-01-06,56,351,50409,Pont-Hébert,44.0
2019-11-04---2020-01-06_cluster_351,2019,2019-11-04,2020-01-06,56,351,50431,Remilly Les Marais,36.0
2019-11-04---2020-01-06_cluster_351,2019,2019-11-04,2020-01-06,56,351,50445,Saint-André-de-Bohon,19.0
2019-11-04---2020-01-06_cluster_351,2019,2019-11-04,2020-01-06,56,351,50468,Saint-Fromond,90.0
2019-11-04---2020-01-06_cluster_351,2019,2019-11-04,2020-01-06,56,351,50488,Saint-Jean-de-Daye,51.0
2019-11-04---2020-01-06_cluster_351,2019,2019-11-04,2020-01-06,56,351,50606,Tribehou,56.0
2019-11-04---2020-01-06_cluster_351,2019,2019-11-04,2020-01-06,56,351,50617,Varenguebec,94.0
2019-11-04---2020-01-06_cluster_351,2019,2019-11-04,2020-01-06,56,351,71244,Jouvençon,146.0
2019-11-04---2020-01-06_cluster_351,2019,2019-11-04,2020-01-06,56,351,83150,Vinon-sur-Verdon,104.0
2019-11-18---2020-01-06_cluster_353,2019,2019-11-18,2020-01-06,42,353,14168,Colombières,35.0
2019-11-18---2020-01-06_cluster_353,2019,2019-11-18,2020-01-06,42,353,16089,Châteaubernard,370.0
2019-11-18---2020-01-06_cluster_353,2019,2019-11-18,2020-01-06,42,353,16217,Merpins,471.0
2019-11-18---2020-01-06_cluster_353,2019,2019-11-18,2020-01-06,42,353,17069,Brives-sur-Charente,365.0
2019-11-18---2020-01-06_cluster_353,2019,2019-11-18,2020-01-06,42,353,17073,Bussac-sur-Charente,440.0
2019-11-18---2020-01-06_cluster_353,2019,2019-11-18,2020-01-06,42,353,17083,Champagne,57.0
2019-11-18---2020-01-06_cluster_353,2019,2019-11-18,2020-01-06,42,353,17115,Colombiers,52.0
2019-11-18---2020-01-06_cluster_353,2019,2019-11-18,2020-01-06,42,353,17128,Courcoury,372.0
2019-11-18---2020-01-06_cluster_353,2019,2019-11-18,2020-01-06,42,353,17155,Étaules,88.0
2019-11-18---2020-01-06_cluster_353,2019,2019-11-18,2020-01-06,42,353,17164,Fontcouverte,458.0
2019-11-18---2020-01-06_cluster_353,2019,2019-11-18,2020-01-06,42,353,17171,Geay,135.0
2019-11-18---2020-01-06_cluster_353,2019,2019-11-18,2020-01-06,42,353,17179,Les Gonds,895.0
2019-11-18---2020-01-06_cluster_353,2019,2019-11-18,2020-01-06,42,353,17184,La Gripperie-Saint-Symphorien,128.0
2019-11-18---2020-01-06_cluster_353,2019,2019-11-18,2020-01-06,42,353,17185,Le Gua,134.0
2019-11-18---2020-01-06_cluster_353,2019,2019-11-18,2020-01-06,42,353,17303,La Ronde,145.0
2019-11-18---2020-01-06_cluster_353,2019,2019-11-18,2020-01-06,42,353,17304,Rouffiac,322.0
2019-11-18---2020-01-06_cluster_353,2019,2019-11-18,2020-01-06,42,353,17400,Saint-Sever-de-Saintonge,253.0
2019-11-18---2020-01-06_cluster_353,2019,2019-11-18,2020-01-06,42,353,17406,Saint-Sornin,10.0
2019-11-18---2020-01-06_cluster_353,2019,2019-11-18,2020-01-06,42,353,17412,Saint-Vaize,338.0
2019-11-18---2020-01-06_cluster_353,2019,2019-11-18,2020-01-06,42,353,17418,Salignac-sur-Charente,389.0
2019-11-18---2020-01-06_cluster_353,2019,2019-11-18,2020-01-06,42,353,17421,Saujon,125.0
2019-11-18---2020-01-06_cluster_353,2019,2019-11-18,2020-01-06,42,353,24449,Saint-Martial-d'Artenset,573.0
2019-11-18---2020-01-06_cluster_353,2019,2019-11-18,2020-01-06,42,353,24462,Saint-Médard-de-Mussidan,1214.0
2019-11-18---2020-01-06_cluster_353,2019,2019-11-18,2020-01-06,42,353,31117,Castelmaurou,19.0
2019-11-18---2020-01-06_cluster_353,2019,2019-11-18,2020-01-06,42,353,33055,Blaignan-Prignac,18.0
2019-11-18---2020-01-06_cluster_353,2019,2019-11-18,2020-01-06,42,353,33240,Lesparre-Médoc,23.0
2019-11-18---2020-01-06_cluster_353,2019,2019-11-18,2020-01-06,42,353,33315,Les Peintures,966.0
2019-11-18---2020-01-06_cluster_353,2019,2019-11-18,2020-01-06,42,353,33395,Saint-Estèphe,24.0
2019-11-18---2020-01-06_cluster_353,2019,2019-11-18,2020-01-06,42,353,33514,Soulac-sur-Mer,657.0
2019-11-18---2020-01-06_cluster_353,2019,2019-11-18,2020-01-06,42,353,35179,Miniac-Morvan,15.0
2019-11-18---2020-01-06_cluster_353,2019,2019-11-18,2020-01-06,42,353,35207,Noyal-sur-Vilaine,10.0
2019-11-18---2020-01-06_cluster_353,2019,2019-11-18,2020-01-06,42,353,37258,Thizay,30.0
2019-11-18---2020-01-06_cluster_353,2019,2019-11-18,2020-01-06,42,353,40063,Candresse,335.0
2019-11-18---2020-01-06_cluster_353,2019,2019-11-18,2020-01-06,42,353,40088,Dax,318.0
2019-11-18---2020-01-06_cluster_353,2019,2019-11-18,2020-01-06,42,353,40113,Goos,252.0
2019-11-18---2020-01-06_cluster_353,2019,2019-11-18,2020-01-06,42,353,40116,Gouts,38.0
2019-11-18---2020-01-06_cluster_353,2019,2019-11-18,2020-01-06,42,353,40201,Mugron,142.0
2019-11-18---2020-01-06_cluster_353,2019,2019-11-18,2020-01-06,42,353,40204,Nerbis,228.0
2019-11-18---2020-01-06_cluster_353,2019,2019-11-18,2020-01-06,42,353,40208,Onard,341.0
2019-11-18---2020-01-06_cluster_353,2019,2019-11-18,2020-01-06,42,353,40211,Orist,460.0
2019-11-18---2020-01-06_cluster_353,2019,2019-11-18,2020-01-06,42,353,40222,Pey,558.0
2019-11-18---2020-01-06_cluster_353,2019,2019-11-18,2020-01-06,42,353,40235,Poyanne,427.0
2019-11-18---2020-01-06_cluster_353,2019,2019-11-18,2020-01-06,42,353,40256,Saint-Étienne-d'Orthe,11.0
2019-11-18---2020-01-06_cluster_353,2019,2019-11-18,2020-01-06,42,353,40263,Saint-Jean-de-Lier,461.0
2019-11-18---2020-01-06_cluster_353,2019,2019-11-18,2020-01-06,42,353,40314,Tercis-les-Bains,450.0
2019-11-18---2020-01-06_cluster_353,2019,2019-11-18,2020-01-06,42,353,40318,Toulouzette,423.0
2019-11-18---2020-01-06_cluster_353,2019,2019-11-18,2020-01-06,42,353,40324,Vicq-d'Auribat,375.0
2019-11-18---2020-01-06_cluster_353,2019,2019-11-18,2020-01-06,42,353,40334,Yzosse,408.0
2019-11-18---2020-01-06_cluster_353,2019,2019-11-18,2020-01-06,42,353,44126,La Plaine-sur-Mer,19.0
2019-11-18---2020-01-06_cluster_353,2019,2019-11-18,2020-01-06,42,353,44176,Saint-Malo-de-Guersac,10.0
2019-11-18---2020-01-06_cluster_353,2019,2019-11-18,2020-01-06,42,353,44210,Trignac,62.0
2019-11-18---2020-01-06_cluster_353,2019,2019-11-18,2020-01-06,42,353,49007,Angers,207.0
2019-11-18---2020-01-06_cluster_353,2019,2019-11-18,2020-01-06,42,353,49048,Briollay,226.0
2019-11-18---2020-01-06_cluster_353,2019,2019-11-18,2020-01-06,42,353,49082,Chaudefonds-sur-Layon,114.0
2019-11-18---2020-01-06_cluster_353,2019,2019-11-18,2020-01-06,42,353,49129,Écouflant,436.0
2019-11-18---2020-01-06_cluster_353,2019,2019-11-18,2020-01-06,42,353,50016,Appeville,26.0
2019-11-18---2020-01-06_cluster_353,2019,2019-11-18,2020-01-06,42,353,50023,Auvers,55.0
2019-11-18---2020-01-06_cluster_353,2019,2019-11-18,2020-01-06,42,353,50070,Boutteville,60.0
2019-11-18---2020-01-06_cluster_353,2019,2019-11-18,2020-01-06,42,353,50099,Carentan-les-Marais,47.0
2019-11-18---2020-01-06_cluster_353,2019,2019-11-18,2020-01-06,42,353,50216,Graignes-Mesnil-Angot,23.0
2019-11-18---2020-01-06_cluster_353,2019,2019-11-18,2020-01-06,42,353,50269,Liesville-sur-Douve,13.0
2019-11-18---2020-01-06_cluster_353,2019,2019-11-18,2020-01-06,42,353,50298,Méautis,22.0
2019-11-18---2020-01-06_cluster_353,2019,2019-11-18,2020-01-06,42,353,50400,Picauville,29.0
2019-11-18---2020-01-06_cluster_353,2019,2019-11-18,2020-01-06,42,353,50422,Raids,31.0
2019-11-18---2020-01-06_cluster_353,2019,2019-11-18,2020-01-06,42,353,50431,Remilly Les Marais,30.0
2019-11-18---2020-01-06_cluster_353,2019,2019-11-18,2020-01-06,42,353,50445,Saint-André-de-Bohon,26.0
2019-11-18---2020-01-06_cluster_353,2019,2019-11-18,2020-01-06,42,353,50468,Saint-Fromond,84.0
2019-11-18---2020-01-06_cluster_353,2019,2019-11-18,2020-01-06,42,353,50488,Saint-Jean-de-Daye,26.0
2019-11-18---2020-01-06_cluster_353,2019,2019-11-18,2020-01-06,42,353,50606,Tribehou,46.0
2019-11-18---2020-01-06_cluster_353,2019,2019-11-18,2020-01-06,42,353,50617,Varenguebec,21.0
2019-11-18---2020-01-06_cluster_353,2019,2019-11-18,2020-01-06,42,353,53263,Thubœuf,10.0
2019-11-18---2020-01-06_cluster_353,2019,2019-11-18,2020-01-06,42,353,61049,Boissei-la-Lande,14.0
2019-11-18---2020-01-06_cluster_353,2019,2019-11-18,2020-01-06,42,353,64123,Bidache,227.0
2019-11-18---2020-01-06_cluster_353,2019,2019-11-18,2020-01-06,42,353,72289,Sainte-Jamme-sur-Sarthe,513.0
2019-11-18---2020-01-06_cluster_353,2019,2019-11-18,2020-01-06,42,353,79112,Épannes,10.0
2019-11-18---2020-01-06_cluster_353,2019,2019-11-18,2020-01-06,42,353,85004,Angles,10.0
2019-11-18---2020-01-06_cluster_353,2019,2019-11-18,2020-01-06,42,353,85090,Sèvremont,50.0
2019-11-18---2020-01-06_cluster_353,2019,2019-11-18,2020-01-06,42,353,85104,Grues,10.0
2019-11-18---2020-01-06_cluster_353,2019,2019-11-18,2020-01-06,42,353,85207,Saint-Denis-du-Payré,152.0
2019-11-18---2020-01-06_cluster_353,2019,2019-11-18,2020-01-06,42,353,85254,Saint-Mesmin,58.0
2019-11-25---2020-01-06_cluster_354,2019,2019-11-25,2020-01-06,42,354,02014,Amigny-Rouy,179.0
2019-11-25---2020-01-06_cluster_354,2019,2019-11-25,2020-01-06,42,354,02208,Concevreux,164.0
2019-11-25---2020-01-06_cluster_354,2019,2019-11-25,2020-01-06,42,354,02716,Servais,18.0
2019-11-25---2020-01-06_cluster_354,2019,2019-11-25,2020-01-06,42,354,02719,Sinceny,61.0
2019-11-25---2020-01-06_cluster_354,2019,2019-11-25,2020-01-06,42,354,08004,Aire,91.0
2019-11-25---2020-01-06_cluster_354,2019,2019-11-25,2020-01-06,42,354,08010,Ambly-Fleury,24.0
2019-11-25---2020-01-06_cluster_354,2019,2019-11-25,2020-01-06,42,354,08020,Les Petites-Armoises,30.0
2019-11-25---2020-01-06_cluster_354,2019,2019-11-25,2020-01-06,42,354,08168,La Ferté-sur-Chiers,63.0
2019-11-25---2020-01-06_cluster_354,2019,2019-11-25,2020-01-06,42,354,08276,Margut,16.0
2019-11-25---2020-01-06_cluster_354,2019,2019-11-25,2020-01-06,42,354,08317,La Neuville-à-Maire,108.0
2019-11-25---2020-01-06_cluster_354,2019,2019-11-25,2020-01-06,42,354,08357,Remilly-Aillicourt,451.0
2019-11-25---2020-01-06_cluster_354,2019,2019-11-25,2020-01-06,42,354,08377,Saint-Aignan,21.0
2019-11-25---2020-01-06_cluster_354,2019,2019-11-25,2020-01-06,42,354,08438,Taizy,218.0
2019-11-25---2020-01-06_cluster_354,2019,2019-11-25,2020-01-06,42,354,08439,Tannay-le-Mont-Dieu,13.0
2019-11-25---2020-01-06_cluster_354,2019,2019-11-25,2020-01-06,42,354,08461,Vandy,17.0
2019-11-25---2020-01-06_cluster_354,2019,2019-11-25,2020-01-06,42,354,08466,Vaux-lès-Mouzon,21.0
2019-11-25---2020-01-06_cluster_354,2019,2019-11-25,2020-01-06,42,354,08473,Vieux-lès-Asfeld,556.0
2019-11-25---2020-01-06_cluster_354,2019,2019-11-25,2020-01-06,42,354,08477,Villers-devant-Mouzon,312.0
2019-11-25---2020-01-06_cluster_354,2019,2019-11-25,2020-01-06,42,354,10122,Davrey,44.0
2019-11-25---2020-01-06_cluster_354,2019,2019-11-25,2020-01-06,42,354,10171,Hampigny,26.0
2019-11-25---2020-01-06_cluster_354,2019,2019-11-25,2020-01-06,42,354,10299,Pouan-les-Vallées,15.0
2019-11-25---2020-01-06_cluster_354,2019,2019-11-25,2020-01-06,42,354,10315,Rances,40.0
2019-11-25---2020-01-06_cluster_354,2019,2019-11-25,2020-01-06,42,354,14107,Bricqueville,52.0
2019-11-25---2020-01-06_cluster_354,2019,2019-11-25,2020-01-06,42,354,14168,Colombières,10.0
2019-11-25---2020-01-06_cluster_354,2019,2019-11-25,2020-01-06,42,354,14397,Mandeville-en-Bessin,17.0
2019-11-25---2020-01-06_cluster_354,2019,2019-11-25,2020-01-06,42,354,14711,Trévières,38.0
2019-11-25---2020-01-06_cluster_354,2019,2019-11-25,2020-01-06,42,354,16081,La Chapelle,10.0
2019-11-25---2020-01-06_cluster_354,2019,2019-11-25,2020-01-06,42,354,16089,Châteaubernard,406.0
2019-11-25---2020-01-06_cluster_354,2019,2019-11-25,2020-01-06,42,354,16090,Châteauneuf-sur-Charente,620.0
2019-11-25---2020-01-06_cluster_354,2019,2019-11-25,2020-01-06,42,354,16152,Gimeux,94.0
2019-11-25---2020-01-06_cluster_354,2019,2019-11-25,2020-01-06,42,354,16194,Lupsault,20.0
2019-11-25---2020-01-06_cluster_354,2019,2019-11-25,2020-01-06,42,354,16217,Merpins,417.0
2019-11-25---2020-01-06_cluster_354,2019,2019-11-25,2020-01-06,42,354,17069,Brives-sur-Charente,375.0
2019-11-25---2020-01-06_cluster_354,2019,2019-11-25,2020-01-06,42,354,17073,Bussac-sur-Charente,504.0
2019-11-25---2020-01-06_cluster_354,2019,2019-11-25,2020-01-06,42,354,17083,Champagne,74.0
2019-11-25---2020-01-06_cluster_354,2019,2019-11-25,2020-01-06,42,354,17085,Champdolent,204.0
2019-11-25---2020-01-06_cluster_354,2019,2019-11-25,2020-01-06,42,354,17115,Colombiers,39.0
2019-11-25---2020-01-06_cluster_354,2019,2019-11-25,2020-01-06,42,354,17128,Courcoury,415.0
2019-11-25---2020-01-06_cluster_354,2019,2019-11-25,2020-01-06,42,354,17155,Étaules,88.0
2019-11-25---2020-01-06_cluster_354,2019,2019-11-25,2020-01-06,42,354,17164,Fontcouverte,480.0
2019-11-25---2020-01-06_cluster_354,2019,2019-11-25,2020-01-06,42,354,17171,Geay,228.0
2019-11-25---2020-01-06_cluster_354,2019,2019-11-25,2020-01-06,42,354,17179,Les Gonds,948.0
2019-11-25---2020-01-06_cluster_354,2019,2019-11-25,2020-01-06,42,354,17184,La Gripperie-Saint-Symphorien,127.0
2019-11-25---2020-01-06_cluster_354,2019,2019-11-25,2020-01-06,42,354,17185,Le Gua,134.0
2019-11-25---2020-01-06_cluster_354,2019,2019-11-25,2020-01-06,42,354,17252,Le Mung,259.0
2019-11-25---2020-01-06_cluster_354,2019,2019-11-25,2020-01-06,42,354,17266,Les Nouillers,11.0
2019-11-25---2020-01-06_cluster_354,2019,2019-11-25,2020-01-06,42,354,17303,La Ronde,188.0
2019-11-25---2020-01-06_cluster_354,2019,2019-11-25,2020-01-06,42,354,17304,Rouffiac,330.0
2019-11-25---2020-01-06_cluster_354,2019,2019-11-25,2020-01-06,42,354,17349,Saint-Jean-de-Liversay,108.0
2019-11-25---2020-01-06_cluster_354,2019,2019-11-25,2020-01-06,42,354,17400,Saint-Sever-de-Saintonge,247.0
2019-11-25---2020-01-06_cluster_354,2019,2019-11-25,2020-01-06,42,354,17406,Saint-Sornin,10.0
2019-11-25---2020-01-06_cluster_354,2019,2019-11-25,2020-01-06,42,354,17412,Saint-Vaize,397.0
2019-11-25---2020-01-06_cluster_354,2019,2019-11-25,2020-01-06,42,354,17418,Salignac-sur-Charente,392.0
2019-11-25---2020-01-06_cluster_354,2019,2019-11-25,2020-01-06,42,354,17421,Saujon,125.0
2019-11-25---2020-01-06_cluster_354,2019,2019-11-25,2020-01-06,42,354,17481,Voissay,15.0
2019-11-25---2020-01-06_cluster_354,2019,2019-11-25,2020-01-06,42,354,21301,Glanon,53.0
2019-11-25---2020-01-06_cluster_354,2019,2019-11-25,2020-01-06,42,354,24449,Saint-Martial-d'Artenset,576.0
2019-11-25---2020-01-06_cluster_354,2019,2019-11-25,2020-01-06,42,354,24462,Saint-Médard-de-Mussidan,1215.0
2019-11-25---2020-01-06_cluster_354,2019,2019-11-25,2020-01-06,42,354,24543,Sourzac,400.0
2019-11-25---2020-01-06_cluster_354,2019,2019-11-25,2020-01-06,42,354,25403,Montlebon,268.0
2019-11-25---2020-01-06_cluster_354,2019,2019-11-25,2020-01-06,42,354,33055,Blaignan-Prignac,18.0
2019-11-25---2020-01-06_cluster_354,2019,2019-11-25,2020-01-06,42,354,33240,Lesparre-Médoc,25.0
2019-11-25---2020-01-06_cluster_354,2019,2019-11-25,2020-01-06,42,354,33315,Les Peintures,985.0
2019-11-25---2020-01-06_cluster_354,2019,2019-11-25,2020-01-06,42,354,33362,Sablons,1047.0
2019-11-25---2020-01-06_cluster_354,2019,2019-11-25,2020-01-06,42,354,33395,Saint-Estèphe,26.0
2019-11-25---2020-01-06_cluster_354,2019,2019-11-25,2020-01-06,42,354,33447,Saint-Médard-de-Guizières,806.0
2019-11-25---2020-01-06_cluster_354,2019,2019-11-25,2020-01-06,42,354,35047,Bruz,337.0
2019-11-25---2020-01-06_cluster_354,2019,2019-11-25,2020-01-06,42,354,35179,Miniac-Morvan,34.0
2019-11-25---2020-01-06_cluster_354,2019,2019-11-25,2020-01-06,42,354,35207,Noyal-sur-Vilaine,10.0
2019-11-25---2020-01-06_cluster_354,2019,2019-11-25,2020-01-06,42,354,37258,Thizay,30.0
2019-11-25---2020-01-06_cluster_354,2019,2019-11-25,2020-01-06,42,354,39402,Pagney,699.0
2019-11-25---2020-01-06_cluster_354,2019,2019-11-25,2020-01-06,42,354,39528,Thervay,22.0
2019-11-25---2020-01-06_cluster_354,2019,2019-11-25,2020-01-06,42,354,39581,Vitreux,282.0
2019-11-25---2020-01-06_cluster_354,2019,2019-11-25,2020-01-06,42,354,44007,Avessac,77.0
2019-11-25---2020-01-06_cluster_354,2019,2019-11-25,2020-01-06,42,354,44013,Besné,105.0
2019-11-25---2020-01-06_cluster_354,2019,2019-11-25,2020-01-06,42,354,44019,Bouée,21.0
2019-11-25---2020-01-06_cluster_354,2019,2019-11-25,2020-01-06,42,354,44052,Donges,97.0
2019-11-25---2020-01-06_cluster_354,2019,2019-11-25,2020-01-06,42,354,44057,Fégréac,95.0
2019-11-25---2020-01-06_cluster_354,2019,2019-11-25,2020-01-06,42,354,44087,Machecoul-Saint-Même,740.0
2019-11-25---2020-01-06_cluster_354,2019,2019-11-25,2020-01-06,42,354,44092,Massérac,303.0
2019-11-25---2020-01-06_cluster_354,2019,2019-11-25,2020-01-06,42,354,44123,Pierric,356.0
2019-11-25---2020-01-06_cluster_354,2019,2019-11-25,2020-01-06,42,354,44133,Port-Saint-Père,215.0
2019-11-25---2020-01-06_cluster_354,2019,2019-11-25,2020-01-06,42,354,44174,Saint-Lumine-de-Coutais,28.0
2019-11-25---2020-01-06_cluster_354,2019,2019-11-25,2020-01-06,42,354,44178,Saint-Mars-de-Coutais,142.0
2019-11-25---2020-01-06_cluster_354,2019,2019-11-25,2020-01-06,42,354,44185,Saint-Nicolas-de-Redon,178.0
2019-11-25---2020-01-06_cluster_354,2019,2019-11-25,2020-01-06,42,354,44188,Saint-Philbert-de-Grand-Lieu,121.0
2019-11-25---2020-01-06_cluster_354,2019,2019-11-25,2020-01-06,42,354,44196,Sévérac,12.0
2019-11-25---2020-01-06_cluster_354,2019,2019-11-25,2020-01-06,42,354,49007,Angers,206.0
2019-11-25---2020-01-06_cluster_354,2019,2019-11-25,2020-01-06,42,354,49048,Briollay,323.0
2019-11-25---2020-01-06_cluster_354,2019,2019-11-25,2020-01-06,42,354,49082,Chaudefonds-sur-Layon,621.0
2019-11-25---2020-01-06_cluster_354,2019,2019-11-25,2020-01-06,42,354,49110,Corzé,435.0
2019-11-25---2020-01-06_cluster_354,2019,2019-11-25,2020-01-06,42,354,49129,Écouflant,423.0
2019-11-25---2020-01-06_cluster_354,2019,2019-11-25,2020-01-06,42,354,49132,Étriché,435.0
2019-11-25---2020-01-06_cluster_354,2019,2019-11-25,2020-01-06,42,354,49222,Mozé-sur-Louet,86.0
2019-11-25---2020-01-06_cluster_354,2019,2019-11-25,2020-01-06,42,354,49259,Rochefort-sur-Loire,443.0
2019-11-25---2020-01-06_cluster_354,2019,2019-11-25,2020-01-06,42,354,49292,Val-du-Layon,668.0
2019-11-25---2020-01-06_cluster_354,2019,2019-11-25,2020-01-06,42,354,50004,Airel,67.0
2019-11-25---2020-01-06_cluster_354,2019,2019-11-25,2020-01-06,42,354,50016,Appeville,34.0
2019-11-25---2020-01-06_cluster_354,2019,2019-11-25,2020-01-06,42,354,50023,Auvers,85.0
2019-11-25---2020-01-06_cluster_354,2019,2019-11-25,2020-01-06,42,354,50070,Boutteville,77.0
2019-11-25---2020-01-06_cluster_354,2019,2019-11-25,2020-01-06,42,354,50099,Carentan-les-Marais,75.0
2019-11-25---2020-01-06_cluster_354,2019,2019-11-25,2020-01-06,42,354,50151,Créances,363.0
2019-11-25---2020-01-06_cluster_354,2019,2019-11-25,2020-01-06,42,354,50196,Gatteville-le-Phare,10.0
2019-11-25---2020-01-06_cluster_354,2019,2019-11-25,2020-01-06,42,354,50216,Graignes-Mesnil-Angot,14.0
2019-11-25---2020-01-06_cluster_354,2019,2019-11-25,2020-01-06,42,354,50269,Liesville-sur-Douve,19.0
2019-11-25---2020-01-06_cluster_354,2019,2019-11-25,2020-01-06,42,354,50298,Méautis,40.0
2019-11-25---2020-01-06_cluster_354,2019,2019-11-25,2020-01-06,42,354,50400,Picauville,32.0
2019-11-25---2020-01-06_cluster_354,2019,2019-11-25,2020-01-06,42,354,50409,Pont-Hébert,42.0
2019-11-25---2020-01-06_cluster_354,2019,2019-11-25,2020-01-06,42,354,50422,Raids,42.0
2019-11-25---2020-01-06_cluster_354,2019,2019-11-25,2020-01-06,42,354,50431,Remilly Les Marais,50.0
2019-11-25---2020-01-06_cluster_354,2019,2019-11-25,2020-01-06,42,354,50445,Saint-André-de-Bohon,23.0
2019-11-25---2020-01-06_cluster_354,2019,2019-11-25,2020-01-06,42,354,50468,Saint-Fromond,112.0
2019-11-25---2020-01-06_cluster_354,2019,2019-11-25,2020-01-06,42,354,50488,Saint-Jean-de-Daye,73.0
2019-11-25---2020-01-06_cluster_354,2019,2019-11-25,2020-01-06,42,354,50606,Tribehou,63.0
2019-11-25---2020-01-06_cluster_354,2019,2019-11-25,2020-01-06,42,354,50617,Varenguebec,24.0
2019-11-25---2020-01-06_cluster_354,2019,2019-11-25,2020-01-06,42,354,51065,Blacy,128.0
2019-11-25---2020-01-06_cluster_354,2019,2019-11-25,2020-01-06,42,354,51143,Le Chemin,69.0
2019-11-25---2020-01-06_cluster_354,2019,2019-11-25,2020-01-06,42,354,51171,Cormicy,347.0
2019-11-25---2020-01-06_cluster_354,2019,2019-11-25,2020-01-06,42,354,51357,Matougues,10.0
2019-11-25---2020-01-06_cluster_354,2019,2019-11-25,2020-01-06,42,354,51502,Saint-Martin-aux-Champs,10.0
2019-11-25---2020-01-06_cluster_354,2019,2019-11-25,2020-01-06,42,354,51533,Servon-Melzicourt,10.0
2019-11-25---2020-01-06_cluster_354,2019,2019-11-25,2020-01-06,42,354,52512,Vecqueville,27.0
2019-11-25---2020-01-06_cluster_354,2019,2019-11-25,2020-01-06,42,354,53263,Thubœuf,10.0
2019-11-25---2020-01-06_cluster_354,2019,2019-11-25,2020-01-06,42,354,54070,Bey-sur-Seille,46.0
2019-11-25---2020-01-06_cluster_354,2019,2019-11-25,2020-01-06,42,354,55009,Ancemont,139.0
2019-11-25---2020-01-06_cluster_354,2019,2019-11-25,2020-01-06,42,354,55027,Bannoncourt,296.0
2019-11-25---2020-01-06_cluster_354,2019,2019-11-25,2020-01-06,42,354,55042,Belleray,301.0
2019-11-25---2020-01-06_cluster_354,2019,2019-11-25,2020-01-06,42,354,55043,Belleville-sur-Meuse,143.0
2019-11-25---2020-01-06_cluster_354,2019,2019-11-25,2020-01-06,42,354,55064,Bouquemont,339.0
2019-11-25---2020-01-06_cluster_354,2019,2019-11-25,2020-01-06,42,354,55080,Brixey-aux-Chanoines,15.0
2019-11-25---2020-01-06_cluster_354,2019,2019-11-25,2020-01-06,42,354,55097,Chalaines,534.0
2019-11-25---2020-01-06_cluster_354,2019,2019-11-25,2020-01-06,42,354,55099,Champneuville,205.0
2019-11-25---2020-01-06_cluster_354,2019,2019-11-25,2020-01-06,42,354,55102,Charny-sur-Meuse,363.0
2019-11-25---2020-01-06_cluster_354,2019,2019-11-25,2020-01-06,42,354,55111,Chauvoncourt,293.0
2019-11-25---2020-01-06_cluster_354,2019,2019-11-25,2020-01-06,42,354,55122,Commercy,343.0
2019-11-25---2020-01-06_cluster_354,2019,2019-11-25,2020-01-06,42,354,55154,Dieue-sur-Meuse,334.0
2019-11-25---2020-01-06_cluster_354,2019,2019-11-25,2020-01-06,42,354,55310,Luzy-Saint-Martin,231.0
2019-11-25---2020-01-06_cluster_354,2019,2019-11-25,2020-01-06,42,354,55312,Maizey,327.0
2019-11-25---2020-01-06_cluster_354,2019,2019-11-25,2020-01-06,42,354,55321,Marre,142.0
2019-11-25---2020-01-06_cluster_354,2019,2019-11-25,2020-01-06,42,354,55328,Maxey-sur-Vaise,278.0
2019-11-25---2020-01-06_cluster_354,2019,2019-11-25,2020-01-06,42,354,55345,Mont-devant-Sassey,215.0
2019-11-25---2020-01-06_cluster_354,2019,2019-11-25,2020-01-06,42,354,55347,Les Monthairons,165.0
2019-11-25---2020-01-06_cluster_354,2019,2019-11-25,2020-01-06,42,354,55433,Rigny-la-Salle,299.0
2019-11-25---2020-01-06_cluster_354,2019,2019-11-25,2020-01-06,42,354,55444,Rouvrois-sur-Meuse,62.0
2019-11-25---2020-01-06_cluster_354,2019,2019-11-25,2020-01-06,42,354,55469,Sassey-sur-Meuse,134.0
2019-11-25---2020-01-06_cluster_354,2019,2019-11-25,2020-01-06,42,354,55485,Sepvigny,275.0
2019-11-25---2020-01-06_cluster_354,2019,2019-11-25,2020-01-06,42,354,55573,Void-Vacon,45.0
2019-11-25---2020-01-06_cluster_354,2019,2019-11-25,2020-01-06,42,354,55584,Woimbey,36.0
2019-11-25---2020-01-06_cluster_354,2019,2019-11-25,2020-01-06,42,354,56124,Malestroit,47.0
2019-11-25---2020-01-06_cluster_354,2019,2019-11-25,2020-01-06,42,354,56154,Peillac,746.0
2019-11-25---2020-01-06_cluster_354,2019,2019-11-25,2020-01-06,42,354,56218,Saint-Gravé,444.0
2019-11-25---2020-01-06_cluster_354,2019,2019-11-25,2020-01-06,42,354,56229,Saint-Martin-sur-Oust,416.0
2019-11-25---2020-01-06_cluster_354,2019,2019-11-25,2020-01-06,42,354,56239,Saint-Vincent-sur-Oust,285.0
2019-11-25---2020-01-06_cluster_354,2019,2019-11-25,2020-01-06,42,354,57002,Aboncourt-sur-Seille,158.0
2019-11-25---2020-01-06_cluster_354,2019,2019-11-25,2020-01-06,42,354,57088,Bistroff,17.0
2019-11-25---2020-01-06_cluster_354,2019,2019-11-25,2020-01-06,42,354,57187,Éblange,38.0
2019-11-25---2020-01-06_cluster_354,2019,2019-11-25,2020-01-06,42,354,57308,Hazembourg,53.0
2019-11-25---2020-01-06_cluster_354,2019,2019-11-25,2020-01-06,42,354,57431,Maizeroy,27.0
2019-11-25---2020-01-06_cluster_354,2019,2019-11-25,2020-01-06,42,354,60105,Brétigny,26.0
2019-11-25---2020-01-06_cluster_354,2019,2019-11-25,2020-01-06,42,354,60507,Pontoise-lès-Noyon,134.0
2019-11-25---2020-01-06_cluster_354,2019,2019-11-25,2020-01-06,42,354,60655,Varesnes,147.0
2019-11-25---2020-01-06_cluster_354,2019,2019-11-25,2020-01-06,42,354,61049,Boissei-la-Lande,36.0
2019-11-25---2020-01-06_cluster_354,2019,2019-11-25,2020-01-06,42,354,61066,Buré,15.0
2019-11-25---2020-01-06_cluster_354,2019,2019-11-25,2020-01-06,42,354,61256,Médavy,43.0
2019-11-25---2020-01-06_cluster_354,2019,2019-11-25,2020-01-06,42,354,67311,Muttersholtz,24.0
2019-11-25---2020-01-06_cluster_354,2019,2019-11-25,2020-01-06,42,354,70491,Seveux-Motey,402.0
2019-11-25---2020-01-06_cluster_354,2019,2019-11-25,2020-01-06,42,354,70539,Vellexon-Queutrey-et-Vaudey,286.0
2019-11-25---2020-01-06_cluster_354,2019,2019-11-25,2020-01-06,42,354,71219,Gigny-sur-Saône,87.0
2019-11-25---2020-01-06_cluster_354,2019,2019-11-25,2020-01-06,42,354,71244,Jouvençon,124.0
2019-11-25---2020-01-06_cluster_354,2019,2019-11-25,2020-01-06,42,354,71283,Marnay,39.0
2019-11-25---2020-01-06_cluster_354,2019,2019-11-25,2020-01-06,42,354,71315,Mont-lès-Seurre,121.0
2019-11-25---2020-01-06_cluster_354,2019,2019-11-25,2020-01-06,42,354,72115,Dissay-sous-Courcillon,211.0
2019-11-25---2020-01-06_cluster_354,2019,2019-11-25,2020-01-06,42,354,72199,Moitron-sur-Sarthe,503.0
2019-11-25---2020-01-06_cluster_354,2019,2019-11-25,2020-01-06,42,354,72212,Moulins-le-Carbonnel,38.0
2019-11-25---2020-01-06_cluster_354,2019,2019-11-25,2020-01-06,42,354,72217,Neuville-sur-Sarthe,363.0
2019-11-25---2020-01-06_cluster_354,2019,2019-11-25,2020-01-06,42,354,72265,Saint-Aignan,34.0
2019-11-25---2020-01-06_cluster_354,2019,2019-11-25,2020-01-06,42,354,72289,Sainte-Jamme-sur-Sarthe,552.0
2019-11-25---2020-01-06_cluster_354,2019,2019-11-25,2020-01-06,42,354,72308,Saint-Paterne - Le Chevain,64.0
2019-11-25---2020-01-06_cluster_354,2019,2019-11-25,2020-01-06,42,354,72310,Saint-Pavace,647.0
2019-11-25---2020-01-06_cluster_354,2019,2019-11-25,2020-01-06,42,354,79112,Épannes,10.0
2019-11-25---2020-01-06_cluster_354,2019,2019-11-25,2020-01-06,42,354,85004,Angles,10.0
2019-11-25---2020-01-06_cluster_354,2019,2019-11-25,2020-01-06,42,354,85090,Sèvremont,51.0
2019-11-25---2020-01-06_cluster_354,2019,2019-11-25,2020-01-06,42,354,85104,Grues,42.0
2019-11-25---2020-01-06_cluster_354,2019,2019-11-25,2020-01-06,42,354,85105,Le Gué-de-Velluire,81.0
2019-11-25---2020-01-06_cluster_354,2019,2019-11-25,2020-01-06,42,354,85207,Saint-Denis-du-Payré,158.0
2019-11-25---2020-01-06_cluster_354,2019,2019-11-25,2020-01-06,42,354,85254,Saint-Mesmin,64.0
2019-11-25---2020-01-06_cluster_354,2019,2019-11-25,2020-01-06,42,354,89184,Fulvy,20.0
2019-12-30---2020-02-10_cluster_371,2020,2019-12-30,2020-02-10,42,371,02014,Amigny-Rouy,195.0
2019-12-30---2020-02-10_cluster_371,2020,2019-12-30,2020-02-10,42,371,02016,Andelain,15.0
2019-12-30---2020-02-10_cluster_371,2020,2019-12-30,2020-02-10,42,371,02040,Autreppes,33.0
2019-12-30---2020-02-10_cluster_371,2020,2019-12-30,2020-02-10,42,371,02123,Brissay-Choigny,113.0
2019-12-30---2020-02-10_cluster_371,2020,2019-12-30,2020-02-10,42,371,02156,Chalandry,15.0
2019-12-30---2020-02-10_cluster_371,2020,2019-12-30,2020-02-10,42,371,02208,Concevreux,271.0
2019-12-30---2020-02-10_cluster_371,2020,2019-12-30,2020-02-10,42,371,02260,Danizy,41.0
2019-12-30---2020-02-10_cluster_371,2020,2019-12-30,2020-02-10,42,371,02262,Deuillet,10.0
2019-12-30---2020-02-10_cluster_371,2020,2019-12-30,2020-02-10,42,371,02304,La Fère,96.0
2019-12-30---2020-02-10_cluster_371,2020,2019-12-30,2020-02-10,42,371,02453,Maizy,437.0
2019-12-30---2020-02-10_cluster_371,2020,2019-12-30,2020-02-10,42,371,02575,Origny-Sainte-Benoite,57.0
2019-12-30---2020-02-10_cluster_371,2020,2019-12-30,2020-02-10,42,371,02612,Pont-Arcy,527.0
2019-12-30---2020-02-10_cluster_371,2020,2019-12-30,2020-02-10,42,371,02624,Proisy,80.0
2019-12-30---2020-02-10_cluster_371,2020,2019-12-30,2020-02-10,42,371,02638,Remies,24.0
2019-12-30---2020-02-10_cluster_371,2020,2019-12-30,2020-02-10,42,371,02716,Servais,24.0
2019-12-30---2020-02-10_cluster_371,2020,2019-12-30,2020-02-10,42,371,02719,Sinceny,34.0
2019-12-30---2020-02-10_cluster_371,2020,2019-12-30,2020-02-10,42,371,02780,Venizel,485.0
2019-12-30---2020-02-10_cluster_371,2020,2019-12-30,2020-02-10,42,371,08004,Aire,127.0
2019-12-30---2020-02-10_cluster_371,2020,2019-12-30,2020-02-10,42,371,08010,Ambly-Fleury,33.0
2019-12-30---2020-02-10_cluster_371,2020,2019-12-30,2020-02-10,42,371,08020,Les Petites-Armoises,26.0
2019-12-30---2020-02-10_cluster_371,2020,2019-12-30,2020-02-10,42,371,08025,Attigny,13.0
2019-12-30---2020-02-10_cluster_371,2020,2019-12-30,2020-02-10,42,371,08131,Cornay,10.0
2019-12-30---2020-02-10_cluster_371,2020,2019-12-30,2020-02-10,42,371,08168,La Ferté-sur-Chiers,78.0
2019-12-30---2020-02-10_cluster_371,2020,2019-12-30,2020-02-10,42,371,08193,Givry,12.0
2019-12-30---2020-02-10_cluster_371,2020,2019-12-30,2020-02-10,42,371,08194,Glaire,326.0
2019-12-30---2020-02-10_cluster_371,2020,2019-12-30,2020-02-10,42,371,08197,Grandham,28.0
2019-12-30---2020-02-10_cluster_371,2020,2019-12-30,2020-02-10,42,371,08276,Margut,28.0
2019-12-30---2020-02-10_cluster_371,2020,2019-12-30,2020-02-10,42,371,08317,La Neuville-à-Maire,125.0
2019-12-30---2020-02-10_cluster_371,2020,2019-12-30,2020-02-10,42,371,08357,Remilly-Aillicourt,484.0
2019-12-30---2020-02-10_cluster_371,2020,2019-12-30,2020-02-10,42,371,08377,Saint-Aignan,37.0
2019-12-30---2020-02-10_cluster_371,2020,2019-12-30,2020-02-10,42,371,08416,Seuil,24.0
2019-12-30---2020-02-10_cluster_371,2020,2019-12-30,2020-02-10,42,371,08438,Taizy,223.0
2019-12-30---2020-02-10_cluster_371,2020,2019-12-30,2020-02-10,42,371,08439,Tannay-le-Mont-Dieu,17.0
2019-12-30---2020-02-10_cluster_371,2020,2019-12-30,2020-02-10,42,371,08444,Tétaigne,10.0
2019-12-30---2020-02-10_cluster_371,2020,2019-12-30,2020-02-10,42,371,08461,Vandy,82.0
2019-12-30---2020-02-10_cluster_371,2020,2019-12-30,2020-02-10,42,371,08464,Vaux-lès-Mouron,22.0
2019-12-30---2020-02-10_cluster_371,2020,2019-12-30,2020-02-10,42,371,08466,Vaux-lès-Mouzon,47.0
2019-12-30---2020-02-10_cluster_371,2020,2019-12-30,2020-02-10,42,371,08473,Vieux-lès-Asfeld,658.0
2019-12-30---2020-02-10_cluster_371,2020,2019-12-30,2020-02-10,42,371,08477,Villers-devant-Mouzon,302.0
2019-12-30---2020-02-10_cluster_371,2020,2019-12-30,2020-02-10,42,371,08481,Villers-sur-Bar,74.0
2019-12-30---2020-02-10_cluster_371,2020,2019-12-30,2020-02-10,42,371,08494,Wadelincourt,333.0
2019-12-30---2020-02-10_cluster_371,2020,2019-12-30,2020-02-10,42,371,10047,Blignicourt,165.0
2019-12-30---2020-02-10_cluster_371,2020,2019-12-30,2020-02-10,42,371,10171,Hampigny,58.0
2019-12-30---2020-02-10_cluster_371,2020,2019-12-30,2020-02-10,42,371,10299,Pouan-les-Vallées,19.0
2019-12-30---2020-02-10_cluster_371,2020,2019-12-30,2020-02-10,42,371,10315,Rances,98.0
2019-12-30---2020-02-10_cluster_371,2020,2019-12-30,2020-02-10,42,371,10393,Vallentigny,58.0
2019-12-30---2020-02-10_cluster_371,2020,2019-12-30,2020-02-10,42,371,14107,Bricqueville,47.0
2019-12-30---2020-02-10_cluster_371,2020,2019-12-30,2020-02-10,42,371,14168,Colombières,10.0
2019-12-30---2020-02-10_cluster_371,2020,2019-12-30,2020-02-10,42,371,14397,Mandeville-en-Bessin,47.0
2019-12-30---2020-02-10_cluster_371,2020,2019-12-30,2020-02-10,42,371,14535,Reviers,10.0
2019-12-30---2020-02-10_cluster_371,2020,2019-12-30,2020-02-10,42,371,14711,Trévières,32.0
2019-12-30---2020-02-10_cluster_371,2020,2019-12-30,2020-02-10,42,371,35179,Miniac-Morvan,20.0
2019-12-30---2020-02-10_cluster_371,2020,2019-12-30,2020-02-10,42,371,44019,Bouée,24.0
2019-12-30---2020-02-10_cluster_371,2020,2019-12-30,2020-02-10,42,371,44047,Couëron,112.0
2019-12-30---2020-02-10_cluster_371,2020,2019-12-30,2020-02-10,42,371,44052,Donges,70.0
2019-12-30---2020-02-10_cluster_371,2020,2019-12-30,2020-02-10,42,371,44133,Port-Saint-Père,168.0
2019-12-30---2020-02-10_cluster_371,2020,2019-12-30,2020-02-10,42,371,44185,Saint-Nicolas-de-Redon,111.0
2019-12-30---2020-02-10_cluster_371,2020,2019-12-30,2020-02-10,42,371,44192,Saint-Viaud,33.0
2019-12-30---2020-02-10_cluster_371,2020,2019-12-30,2020-02-10,42,371,49048,Briollay,215.0
2019-12-30---2020-02-10_cluster_371,2020,2019-12-30,2020-02-10,42,371,49129,Écouflant,1341.0
2019-12-30---2020-02-10_cluster_371,2020,2019-12-30,2020-02-10,42,371,50004,Airel,73.0
2019-12-30---2020-02-10_cluster_371,2020,2019-12-30,2020-02-10,42,371,50016,Appeville,16.0
2019-12-30---2020-02-10_cluster_371,2020,2019-12-30,2020-02-10,42,371,50023,Auvers,59.0
2019-12-30---2020-02-10_cluster_371,2020,2019-12-30,2020-02-10,42,371,50070,Boutteville,37.0
2019-12-30---2020-02-10_cluster_371,2020,2019-12-30,2020-02-10,42,371,50099,Carentan-les-Marais,50.0
2019-12-30---2020-02-10_cluster_371,2020,2019-12-30,2020-02-10,42,371,50151,Créances,317.0
2019-12-30---2020-02-10_cluster_371,2020,2019-12-30,2020-02-10,42,371,50216,Graignes-Mesnil-Angot,11.0
2019-12-30---2020-02-10_cluster_371,2020,2019-12-30,2020-02-10,42,371,50269,Liesville-sur-Douve,13.0
2019-12-30---2020-02-10_cluster_371,2020,2019-12-30,2020-02-10,42,371,50298,Méautis,16.0
2019-12-30---2020-02-10_cluster_371,2020,2019-12-30,2020-02-10,42,371,50409,Pont-Hébert,31.0
2019-12-30---2020-02-10_cluster_371,2020,2019-12-30,2020-02-10,42,371,50431,Remilly Les Marais,32.0
2019-12-30---2020-02-10_cluster_371,2020,2019-12-30,2020-02-10,42,371,50445,Saint-André-de-Bohon,15.0
2019-12-30---2020-02-10_cluster_371,2020,2019-12-30,2020-02-10,42,371,50468,Saint-Fromond,93.0
2019-12-30---2020-02-10_cluster_371,2020,2019-12-30,2020-02-10,42,371,50488,Saint-Jean-de-Daye,56.0
2019-12-30---2020-02-10_cluster_371,2020,2019-12-30,2020-02-10,42,371,50564,Terre-et-Marais,34.0
2019-12-30---2020-02-10_cluster_371,2020,2019-12-30,2020-02-10,42,371,50606,Tribehou,56.0
2019-12-30---2020-02-10_cluster_371,2020,2019-12-30,2020-02-10,42,371,50617,Varenguebec,33.0
2019-12-30---2020-02-10_cluster_371,2020,2019-12-30,2020-02-10,42,371,51018,Athis,38.0
2019-12-30---2020-02-10_cluster_371,2020,2019-12-30,2020-02-10,42,371,51023,Aulnay-sur-Marne,149.0
2019-12-30---2020-02-10_cluster_371,2020,2019-12-30,2020-02-10,42,371,51065,Blacy,144.0
2019-12-30---2020-02-10_cluster_371,2020,2019-12-30,2020-02-10,42,371,51143,Le Chemin,80.0
2019-12-30---2020-02-10_cluster_371,2020,2019-12-30,2020-02-10,42,371,51150,Cherville,426.0
2019-12-30---2020-02-10_cluster_371,2020,2019-12-30,2020-02-10,42,371,51153,Chouilly,288.0
2019-12-30---2020-02-10_cluster_371,2020,2019-12-30,2020-02-10,42,371,51171,Cormicy,400.0
2019-12-30---2020-02-10_cluster_371,2020,2019-12-30,2020-02-10,42,371,51303,Jâlons,15.0
2019-12-30---2020-02-10_cluster_371,2020,2019-12-30,2020-02-10,42,371,51328,Loisy-sur-Marne,88.0
2019-12-30---2020-02-10_cluster_371,2020,2019-12-30,2020-02-10,42,371,51344,Mardeuil,352.0
2019-12-30---2020-02-10_cluster_371,2020,2019-12-30,2020-02-10,42,371,51357,Matougues,10.0
2019-12-30---2020-02-10_cluster_371,2020,2019-12-30,2020-02-10,42,371,51413,Oiry,53.0
2019-12-30---2020-02-10_cluster_371,2020,2019-12-30,2020-02-10,42,371,51483,Saint-Gibrien,85.0
2019-12-30---2020-02-10_cluster_371,2020,2019-12-30,2020-02-10,42,371,51502,Saint-Martin-aux-Champs,10.0
2019-12-30---2020-02-10_cluster_371,2020,2019-12-30,2020-02-10,42,371,51519,Saint-Thomas-en-Argonne,95.0
2019-12-30---2020-02-10_cluster_371,2020,2019-12-30,2020-02-10,42,371,51525,Sarry,23.0
2019-12-30---2020-02-10_cluster_371,2020,2019-12-30,2020-02-10,42,371,51533,Servon-Melzicourt,76.0
2019-12-30---2020-02-10_cluster_371,2020,2019-12-30,2020-02-10,42,371,51552,Songy,10.0
2019-12-30---2020-02-10_cluster_371,2020,2019-12-30,2020-02-10,42,371,51610,Verrières,346.0
2019-12-30---2020-02-10_cluster_371,2020,2019-12-30,2020-02-10,42,371,51620,Vienne-la-Ville,37.0
2019-12-30---2020-02-10_cluster_371,2020,2019-12-30,2020-02-10,42,371,51648,Vitry-la-Ville,59.0
2019-12-30---2020-02-10_cluster_371,2020,2019-12-30,2020-02-10,42,371,54001,Abaucourt,53.0
2019-12-30---2020-02-10_cluster_371,2020,2019-12-30,2020-02-10,42,371,54070,Bey-sur-Seille,89.0
2019-12-30---2020-02-10_cluster_371,2020,2019-12-30,2020-02-10,42,371,54227,Giraumont,367.0
2019-12-30---2020-02-10_cluster_371,2020,2019-12-30,2020-02-10,42,371,54313,Létricourt,59.0
2019-12-30---2020-02-10_cluster_371,2020,2019-12-30,2020-02-10,42,371,54374,Moncel-sur-Seille,10.0
2019-12-30---2020-02-10_cluster_371,2020,2019-12-30,2020-02-10,42,371,54387,Morville-sur-Seille,44.0
2019-12-30---2020-02-10_cluster_371,2020,2019-12-30,2020-02-10,42,371,54433,Port-sur-Seille,46.0
2019-12-30---2020-02-10_cluster_371,2020,2019-12-30,2020-02-10,42,371,54440,Puxe,57.0
2019-12-30---2020-02-10_cluster_371,2020,2019-12-30,2020-02-10,42,371,55007,Ambly-sur-Meuse,12.0
2019-12-30---2020-02-10_cluster_371,2020,2019-12-30,2020-02-10,42,371,55009,Ancemont,128.0
2019-12-30---2020-02-10_cluster_371,2020,2019-12-30,2020-02-10,42,371,55027,Bannoncourt,311.0
2019-12-30---2020-02-10_cluster_371,2020,2019-12-30,2020-02-10,42,371,55042,Belleray,315.0
2019-12-30---2020-02-10_cluster_371,2020,2019-12-30,2020-02-10,42,371,55043,Belleville-sur-Meuse,150.0
2019-12-30---2020-02-10_cluster_371,2020,2019-12-30,2020-02-10,42,371,55064,Bouquemont,324.0
2019-12-30---2020-02-10_cluster_371,2020,2019-12-30,2020-02-10,42,371,55078,Brieulles-sur-Meuse,374.0
2019-12-30---2020-02-10_cluster_371,2020,2019-12-30,2020-02-10,42,371,55099,Champneuville,224.0
2019-12-30---2020-02-10_cluster_371,2020,2019-12-30,2020-02-10,42,371,55102,Charny-sur-Meuse,372.0
2019-12-30---2020-02-10_cluster_371,2020,2019-12-30,2020-02-10,42,371,55111,Chauvoncourt,307.0
2019-12-30---2020-02-10_cluster_371,2020,2019-12-30,2020-02-10,42,371,55122,Commercy,288.0
2019-12-30---2020-02-10_cluster_371,2020,2019-12-30,2020-02-10,42,371,55146,Dannevoux,204.0
2019-12-30---2020-02-10_cluster_371,2020,2019-12-30,2020-02-10,42,371,55154,Dieue-sur-Meuse,342.0
2019-12-30---2020-02-10_cluster_371,2020,2019-12-30,2020-02-10,42,371,55168,Duzey,26.0
2019-12-30---2020-02-10_cluster_371,2020,2019-12-30,2020-02-10,42,371,55292,Liny-devant-Dun,329.0
2019-12-30---2020-02-10_cluster_371,2020,2019-12-30,2020-02-10,42,371,55295,Lisle-en-Barrois,29.0
2019-12-30---2020-02-10_cluster_371,2020,2019-12-30,2020-02-10,42,371,55310,Luzy-Saint-Martin,226.0
2019-12-30---2020-02-10_cluster_371,2020,2019-12-30,2020-02-10,42,371,55312,Maizey,340.0
2019-12-30---2020-02-10_cluster_371,2020,2019-12-30,2020-02-10,42,371,55321,Marre,202.0
2019-12-30---2020-02-10_cluster_371,2020,2019-12-30,2020-02-10,42,371,55345,Mont-devant-Sassey,262.0
2019-12-30---2020-02-10_cluster_371,2020,2019-12-30,2020-02-10,42,371,55347,Les Monthairons,193.0
2019-12-30---2020-02-10_cluster_371,2020,2019-12-30,2020-02-10,42,371,55422,Regnéville-sur-Meuse,416.0
2019-12-30---2020-02-10_cluster_371,2020,2019-12-30,2020-02-10,42,371,55433,Rigny-la-Salle,295.0
2019-12-30---2020-02-10_cluster_371,2020,2019-12-30,2020-02-10,42,371,55444,Rouvrois-sur-Meuse,88.0
2019-12-30---2020-02-10_cluster_371,2020,2019-12-30,2020-02-10,42,371,55456,Saint-Germain-sur-Meuse,10.0
2019-12-30---2020-02-10_cluster_371,2020,2019-12-30,2020-02-10,42,371,55469,Sassey-sur-Meuse,163.0
2019-12-30---2020-02-10_cluster_371,2020,2019-12-30,2020-02-10,42,371,55512,Tilly-sur-Meuse,166.0
2019-12-30---2020-02-10_cluster_371,2020,2019-12-30,2020-02-10,42,371,55526,Vadonville,10.0
2019-12-30---2020-02-10_cluster_371,2020,2019-12-30,2020-02-10,42,371,55552,Vigneul-sous-Montmédy,10.0
2019-12-30---2020-02-10_cluster_371,2020,2019-12-30,2020-02-10,42,371,55573,Void-Vacon,51.0
2019-12-30---2020-02-10_cluster_371,2020,2019-12-30,2020-02-10,42,371,55584,Woimbey,35.0
2019-12-30---2020-02-10_cluster_371,2020,2019-12-30,2020-02-10,42,371,57002,Aboncourt-sur-Seille,169.0
2019-12-30---2020-02-10_cluster_371,2020,2019-12-30,2020-02-10,42,371,57070,Bettange,43.0
2019-12-30---2020-02-10_cluster_371,2020,2019-12-30,2020-02-10,42,371,57155,Courcelles-Chaussy,31.0
2019-12-30---2020-02-10_cluster_371,2020,2019-12-30,2020-02-10,42,371,57162,Cuvry,38.0
2019-12-30---2020-02-10_cluster_371,2020,2019-12-30,2020-02-10,42,371,57187,Éblange,29.0
2019-12-30---2020-02-10_cluster_371,2020,2019-12-30,2020-02-10,42,371,57236,Frémery,66.0
2019-12-30---2020-02-10_cluster_371,2020,2019-12-30,2020-02-10,42,371,57245,Gavisse,36.0
2019-12-30---2020-02-10_cluster_371,2020,2019-12-30,2020-02-10,42,371,57290,Hampont,30.0
2019-12-30---2020-02-10_cluster_371,2020,2019-12-30,2020-02-10,42,371,57292,Hannocourt,10.0
2019-12-30---2020-02-10_cluster_371,2020,2019-12-30,2020-02-10,42,371,57308,Hazembourg,84.0
2019-12-30---2020-02-10_cluster_371,2020,2019-12-30,2020-02-10,42,371,57329,Holling,62.0
2019-12-30---2020-02-10_cluster_371,2020,2019-12-30,2020-02-10,42,371,57346,Insming,56.0
2019-12-30---2020-02-10_cluster_371,2020,2019-12-30,2020-02-10,42,371,57397,Ley,59.0
2019-12-30---2020-02-10_cluster_371,2020,2019-12-30,2020-02-10,42,371,57424,Lucy,38.0
2019-12-30---2020-02-10_cluster_371,2020,2019-12-30,2020-02-10,42,371,57431,Maizeroy,61.0
2019-12-30---2020-02-10_cluster_371,2020,2019-12-30,2020-02-10,42,371,57440,Manhoué,35.0
2019-12-30---2020-02-10_cluster_371,2020,2019-12-30,2020-02-10,42,371,57547,Pommérieux,65.0
2019-12-30---2020-02-10_cluster_371,2020,2019-12-30,2020-02-10,42,371,57555,Prévocourt,25.0
2019-12-30---2020-02-10_cluster_371,2020,2019-12-30,2020-02-10,42,371,57627,Sanry-sur-Nied,16.0
2019-12-30---2020-02-10_cluster_371,2020,2019-12-30,2020-02-10,42,371,57685,Vahl-lès-Bénestroff,13.0
2019-12-30---2020-02-10_cluster_371,2020,2019-12-30,2020-02-10,42,371,57708,Verny,94.0
2019-12-30---2020-02-10_cluster_371,2020,2019-12-30,2020-02-10,42,371,60105,Brétigny,21.0
2019-12-30---2020-02-10_cluster_371,2020,2019-12-30,2020-02-10,42,371,60507,Pontoise-lès-Noyon,172.0
2019-12-30---2020-02-10_cluster_371,2020,2019-12-30,2020-02-10,42,371,60655,Varesnes,159.0
2019-12-30---2020-02-10_cluster_371,2020,2019-12-30,2020-02-10,42,371,67183,Harskirchen,57.0
2019-12-30---2020-02-10_cluster_371,2020,2019-12-30,2020-02-10,42,371,67199,Hinsingen,27.0
2019-12-30---2020-02-24_cluster_370,2020,2019-12-30,2020-02-24,56,370,02014,Amigny-Rouy,195.0
2019-12-30---2020-02-24_cluster_370,2020,2019-12-30,2020-02-24,56,370,02016,Andelain,11.0
2019-12-30---2020-02-24_cluster_370,2020,2019-12-30,2020-02-24,56,370,02040,Autreppes,37.0
2019-12-30---2020-02-24_cluster_370,2020,2019-12-30,2020-02-24,56,370,02123,Brissay-Choigny,116.0
2019-12-30---2020-02-24_cluster_370,2020,2019-12-30,2020-02-24,56,370,02156,Chalandry,15.0
2019-12-30---2020-02-24_cluster_370,2020,2019-12-30,2020-02-24,56,370,02208,Concevreux,271.0
2019-12-30---2020-02-24_cluster_370,2020,2019-12-30,2020-02-24,56,370,02260,Danizy,41.0
2019-12-30---2020-02-24_cluster_370,2020,2019-12-30,2020-02-24,56,370,02262,Deuillet,10.0
2019-12-30---2020-02-24_cluster_370,2020,2019-12-30,2020-02-24,56,370,02304,La Fère,98.0
2019-12-30---2020-02-24_cluster_370,2020,2019-12-30,2020-02-24,56,370,02453,Maizy,437.0
2019-12-30---2020-02-24_cluster_370,2020,2019-12-30,2020-02-24,56,370,02575,Origny-Sainte-Benoite,57.0
2019-12-30---2020-02-24_cluster_370,2020,2019-12-30,2020-02-24,56,370,02612,Pont-Arcy,527.0
2019-12-30---2020-02-24_cluster_370,2020,2019-12-30,2020-02-24,56,370,02624,Proisy,80.0
2019-12-30---2020-02-24_cluster_370,2020,2019-12-30,2020-02-24,56,370,02638,Remies,24.0
2019-12-30---2020-02-24_cluster_370,2020,2019-12-30,2020-02-24,56,370,02716,Servais,24.0
2019-12-30---2020-02-24_cluster_370,2020,2019-12-30,2020-02-24,56,370,02719,Sinceny,34.0
2019-12-30---2020-02-24_cluster_370,2020,2019-12-30,2020-02-24,56,370,08004,Aire,127.0
2019-12-30---2020-02-24_cluster_370,2020,2019-12-30,2020-02-24,56,370,08010,Ambly-Fleury,33.0
2019-12-30---2020-02-24_cluster_370,2020,2019-12-30,2020-02-24,56,370,08020,Les Petites-Armoises,27.0
2019-12-30---2020-02-24_cluster_370,2020,2019-12-30,2020-02-24,56,370,08025,Attigny,13.0
2019-12-30---2020-02-24_cluster_370,2020,2019-12-30,2020-02-24,56,370,08131,Cornay,10.0
2019-12-30---2020-02-24_cluster_370,2020,2019-12-30,2020-02-24,56,370,08168,La Ferté-sur-Chiers,78.0
2019-12-30---2020-02-24_cluster_370,2020,2019-12-30,2020-02-24,56,370,08193,Givry,12.0
2019-12-30---2020-02-24_cluster_370,2020,2019-12-30,2020-02-24,56,370,08194,Glaire,325.0
2019-12-30---2020-02-24_cluster_370,2020,2019-12-30,2020-02-24,56,370,08197,Grandham,28.0
2019-12-30---2020-02-24_cluster_370,2020,2019-12-30,2020-02-24,56,370,08276,Margut,27.0
2019-12-30---2020-02-24_cluster_370,2020,2019-12-30,2020-02-24,56,370,08317,La Neuville-à-Maire,125.0
2019-12-30---2020-02-24_cluster_370,2020,2019-12-30,2020-02-24,56,370,08357,Remilly-Aillicourt,483.0
2019-12-30---2020-02-24_cluster_370,2020,2019-12-30,2020-02-24,56,370,08377,Saint-Aignan,37.0
2019-12-30---2020-02-24_cluster_370,2020,2019-12-30,2020-02-24,56,370,08416,Seuil,24.0
2019-12-30---2020-02-24_cluster_370,2020,2019-12-30,2020-02-24,56,370,08438,Taizy,223.0
2019-12-30---2020-02-24_cluster_370,2020,2019-12-30,2020-02-24,56,370,08439,Tannay-le-Mont-Dieu,17.0
2019-12-30---2020-02-24_cluster_370,2020,2019-12-30,2020-02-24,56,370,08444,Tétaigne,10.0
2019-12-30---2020-02-24_cluster_370,2020,2019-12-30,2020-02-24,56,370,08461,Vandy,78.0
2019-12-30---2020-02-24_cluster_370,2020,2019-12-30,2020-02-24,56,370,08464,Vaux-lès-Mouron,22.0
2019-12-30---2020-02-24_cluster_370,2020,2019-12-30,2020-02-24,56,370,08466,Vaux-lès-Mouzon,48.0
2019-12-30---2020-02-24_cluster_370,2020,2019-12-30,2020-02-24,56,370,08473,Vieux-lès-Asfeld,658.0
2019-12-30---2020-02-24_cluster_370,2020,2019-12-30,2020-02-24,56,370,08477,Villers-devant-Mouzon,303.0
2019-12-30---2020-02-24_cluster_370,2020,2019-12-30,2020-02-24,56,370,08481,Villers-sur-Bar,74.0
2019-12-30---2020-02-24_cluster_370,2020,2019-12-30,2020-02-24,56,370,08494,Wadelincourt,333.0
2019-12-30---2020-02-24_cluster_370,2020,2019-12-30,2020-02-24,56,370,10047,Blignicourt,165.0
2019-12-30---2020-02-24_cluster_370,2020,2019-12-30,2020-02-24,56,370,10120,Cussangy,10.0
2019-12-30---2020-02-24_cluster_370,2020,2019-12-30,2020-02-24,56,370,10122,Davrey,34.0
2019-12-30---2020-02-24_cluster_370,2020,2019-12-30,2020-02-24,56,370,10144,Étrelles-sur-Aube,23.0
2019-12-30---2020-02-24_cluster_370,2020,2019-12-30,2020-02-24,56,370,10171,Hampigny,58.0
2019-12-30---2020-02-24_cluster_370,2020,2019-12-30,2020-02-24,56,370,10298,Pont-sur-Seine,65.0
2019-12-30---2020-02-24_cluster_370,2020,2019-12-30,2020-02-24,56,370,10299,Pouan-les-Vallées,98.0
2019-12-30---2020-02-24_cluster_370,2020,2019-12-30,2020-02-24,56,370,10315,Rances,98.0
2019-12-30---2020-02-24_cluster_370,2020,2019-12-30,2020-02-24,56,370,10393,Vallentigny,58.0
2019-12-30---2020-02-24_cluster_370,2020,2019-12-30,2020-02-24,56,370,14107,Bricqueville,16.0
2019-12-30---2020-02-24_cluster_370,2020,2019-12-30,2020-02-24,56,370,14168,Colombières,10.0
2019-12-30---2020-02-24_cluster_370,2020,2019-12-30,2020-02-24,56,370,14397,Mandeville-en-Bessin,16.0
2019-12-30---2020-02-24_cluster_370,2020,2019-12-30,2020-02-24,56,370,14711,Trévières,30.0
2019-12-30---2020-02-24_cluster_370,2020,2019-12-30,2020-02-24,56,370,16217,Merpins,503.0
2019-12-30---2020-02-24_cluster_370,2020,2019-12-30,2020-02-24,56,370,17069,Brives-sur-Charente,378.0
2019-12-30---2020-02-24_cluster_370,2020,2019-12-30,2020-02-24,56,370,17073,Bussac-sur-Charente,479.0
2019-12-30---2020-02-24_cluster_370,2020,2019-12-30,2020-02-24,56,370,17085,Champdolent,194.0
2019-12-30---2020-02-24_cluster_370,2020,2019-12-30,2020-02-24,56,370,17128,Courcoury,411.0
2019-12-30---2020-02-24_cluster_370,2020,2019-12-30,2020-02-24,56,370,17155,Étaules,124.0
2019-12-30---2020-02-24_cluster_370,2020,2019-12-30,2020-02-24,56,370,17164,Fontcouverte,481.0
2019-12-30---2020-02-24_cluster_370,2020,2019-12-30,2020-02-24,56,370,17171,Geay,220.0
2019-12-30---2020-02-24_cluster_370,2020,2019-12-30,2020-02-24,56,370,17179,Les Gonds,896.0
2019-12-30---2020-02-24_cluster_370,2020,2019-12-30,2020-02-24,56,370,17185,Le Gua,141.0
2019-12-30---2020-02-24_cluster_370,2020,2019-12-30,2020-02-24,56,370,17252,Le Mung,241.0
2019-12-30---2020-02-24_cluster_370,2020,2019-12-30,2020-02-24,56,370,17265,Nieulle-sur-Seudre,103.0
2019-12-30---2020-02-24_cluster_370,2020,2019-12-30,2020-02-24,56,370,17266,Les Nouillers,12.0
2019-12-30---2020-02-24_cluster_370,2020,2019-12-30,2020-02-24,56,370,17302,Romegoux,217.0
2019-12-30---2020-02-24_cluster_370,2020,2019-12-30,2020-02-24,56,370,17303,La Ronde,180.0
2019-12-30---2020-02-24_cluster_370,2020,2019-12-30,2020-02-24,56,370,17304,Rouffiac,314.0
2019-12-30---2020-02-24_cluster_370,2020,2019-12-30,2020-02-24,56,370,17400,Saint-Sever-de-Saintonge,253.0
2019-12-30---2020-02-24_cluster_370,2020,2019-12-30,2020-02-24,56,370,17412,Saint-Vaize,398.0
2019-12-30---2020-02-24_cluster_370,2020,2019-12-30,2020-02-24,56,370,17418,Salignac-sur-Charente,391.0
2019-12-30---2020-02-24_cluster_370,2020,2019-12-30,2020-02-24,56,370,17421,Saujon,140.0
2019-12-30---2020-02-24_cluster_370,2020,2019-12-30,2020-02-24,56,370,17481,Voissay,21.0
2019-12-30---2020-02-24_cluster_370,2020,2019-12-30,2020-02-24,56,370,25073,Bonnay,141.0
2019-12-30---2020-02-24_cluster_370,2020,2019-12-30,2020-02-24,56,370,25107,Cendrey,428.0
2019-12-30---2020-02-24_cluster_370,2020,2019-12-30,2020-02-24,56,370,25186,Cussey-sur-l'Ognon,707.0
2019-12-30---2020-02-24_cluster_370,2020,2019-12-30,2020-02-24,56,370,25317,Jallerange,40.0
2019-12-30---2020-02-24_cluster_370,2020,2019-12-30,2020-02-24,56,370,25403,Montlebon,258.0
2019-12-30---2020-02-24_cluster_370,2020,2019-12-30,2020-02-24,56,370,33514,Soulac-sur-Mer,646.0
2019-12-30---2020-02-24_cluster_370,2020,2019-12-30,2020-02-24,56,370,33529,La Teste-de-Buch,31.0
2019-12-30---2020-02-24_cluster_370,2020,2019-12-30,2020-02-24,56,370,35179,Miniac-Morvan,22.0
2019-12-30---2020-02-24_cluster_370,2020,2019-12-30,2020-02-24,56,370,39398,Ougney,220.0
2019-12-30---2020-02-24_cluster_370,2020,2019-12-30,2020-02-24,56,370,39402,Pagney,689.0
2019-12-30---2020-02-24_cluster_370,2020,2019-12-30,2020-02-24,56,370,39528,Thervay,45.0
2019-12-30---2020-02-24_cluster_370,2020,2019-12-30,2020-02-24,56,370,39581,Vitreux,320.0
2019-12-30---2020-02-24_cluster_370,2020,2019-12-30,2020-02-24,56,370,44007,Avessac,42.0
2019-12-30---2020-02-24_cluster_370,2020,2019-12-30,2020-02-24,56,370,44013,Besné,40.0
2019-12-30---2020-02-24_cluster_370,2020,2019-12-30,2020-02-24,56,370,44052,Donges,81.0
2019-12-30---2020-02-24_cluster_370,2020,2019-12-30,2020-02-24,56,370,44087,Machecoul-Saint-Même,478.0
2019-12-30---2020-02-24_cluster_370,2020,2019-12-30,2020-02-24,56,370,44092,Massérac,253.0
2019-12-30---2020-02-24_cluster_370,2020,2019-12-30,2020-02-24,56,370,44123,Pierric,288.0
2019-12-30---2020-02-24_cluster_370,2020,2019-12-30,2020-02-24,56,370,44133,Port-Saint-Père,170.0
2019-12-30---2020-02-24_cluster_370,2020,2019-12-30,2020-02-24,56,370,44176,Saint-Malo-de-Guersac,10.0
2019-12-30---2020-02-24_cluster_370,2020,2019-12-30,2020-02-24,56,370,44178,Saint-Mars-de-Coutais,146.0
2019-12-30---2020-02-24_cluster_370,2020,2019-12-30,2020-02-24,56,370,44184,Saint-Nazaire,35.0
2019-12-30---2020-02-24_cluster_370,2020,2019-12-30,2020-02-24,56,370,44185,Saint-Nicolas-de-Redon,172.0
2019-12-30---2020-02-24_cluster_370,2020,2019-12-30,2020-02-24,56,370,44188,Saint-Philbert-de-Grand-Lieu,96.0
2019-12-30---2020-02-24_cluster_370,2020,2019-12-30,2020-02-24,56,370,44210,Trignac,27.0
2019-12-30---2020-02-24_cluster_370,2020,2019-12-30,2020-02-24,56,370,49048,Briollay,207.0
2019-12-30---2020-02-24_cluster_370,2020,2019-12-30,2020-02-24,56,370,49129,Écouflant,368.0
2019-12-30---2020-02-24_cluster_370,2020,2019-12-30,2020-02-24,56,370,49222,Mozé-sur-Louet,25.0
2019-12-30---2020-02-24_cluster_370,2020,2019-12-30,2020-02-24,56,370,50004,Airel,73.0
2019-12-30---2020-02-24_cluster_370,2020,2019-12-30,2020-02-24,56,370,50016,Appeville,29.0
2019-12-30---2020-02-24_cluster_370,2020,2019-12-30,2020-02-24,56,370,50023,Auvers,46.0
2019-12-30---2020-02-24_cluster_370,2020,2019-12-30,2020-02-24,56,370,50070,Boutteville,44.0
2019-12-30---2020-02-24_cluster_370,2020,2019-12-30,2020-02-24,56,370,50099,Carentan-les-Marais,60.0
2019-12-30---2020-02-24_cluster_370,2020,2019-12-30,2020-02-24,56,370,50151,Créances,317.0
2019-12-30---2020-02-24_cluster_370,2020,2019-12-30,2020-02-24,56,370,50216,Graignes-Mesnil-Angot,21.0
2019-12-30---2020-02-24_cluster_370,2020,2019-12-30,2020-02-24,56,370,50269,Liesville-sur-Douve,13.0
2019-12-30---2020-02-24_cluster_370,2020,2019-12-30,2020-02-24,56,370,50298,Méautis,20.0
2019-12-30---2020-02-24_cluster_370,2020,2019-12-30,2020-02-24,56,370,50409,Pont-Hébert,24.0
2019-12-30---2020-02-24_cluster_370,2020,2019-12-30,2020-02-24,56,370,50431,Remilly Les Marais,32.0
2019-12-30---2020-02-24_cluster_370,2020,2019-12-30,2020-02-24,56,370,50445,Saint-André-de-Bohon,25.0
2019-12-30---2020-02-24_cluster_370,2020,2019-12-30,2020-02-24,56,370,50468,Saint-Fromond,96.0
2019-12-30---2020-02-24_cluster_370,2020,2019-12-30,2020-02-24,56,370,50488,Saint-Jean-de-Daye,59.0
2019-12-30---2020-02-24_cluster_370,2020,2019-12-30,2020-02-24,56,370,50606,Tribehou,56.0
2019-12-30---2020-02-24_cluster_370,2020,2019-12-30,2020-02-24,56,370,50617,Varenguebec,76.0
2019-12-30---2020-02-24_cluster_370,2020,2019-12-30,2020-02-24,56,370,51018,Athis,38.0
2019-12-30---2020-02-24_cluster_370,2020,2019-12-30,2020-02-24,56,370,51023,Aulnay-sur-Marne,149.0
2019-12-30---2020-02-24_cluster_370,2020,2019-12-30,2020-02-24,56,370,51065,Blacy,144.0
2019-12-30---2020-02-24_cluster_370,2020,2019-12-30,2020-02-24,56,370,51143,Le Chemin,80.0
2019-12-30---2020-02-24_cluster_370,2020,2019-12-30,2020-02-24,56,370,51150,Cherville,421.0
2019-12-30---2020-02-24_cluster_370,2020,2019-12-30,2020-02-24,56,370,51153,Chouilly,287.0
2019-12-30---2020-02-24_cluster_370,2020,2019-12-30,2020-02-24,56,370,51171,Cormicy,400.0
2019-12-30---2020-02-24_cluster_370,2020,2019-12-30,2020-02-24,56,370,51303,Jâlons,12.0
2019-12-30---2020-02-24_cluster_370,2020,2019-12-30,2020-02-24,56,370,51328,Loisy-sur-Marne,88.0
2019-12-30---2020-02-24_cluster_370,2020,2019-12-30,2020-02-24,56,370,51344,Mardeuil,352.0
2019-12-30---2020-02-24_cluster_370,2020,2019-12-30,2020-02-24,56,370,51357,Matougues,10.0
2019-12-30---2020-02-24_cluster_370,2020,2019-12-30,2020-02-24,56,370,51413,Oiry,48.0
2019-12-30---2020-02-24_cluster_370,2020,2019-12-30,2020-02-24,56,370,51483,Saint-Gibrien,85.0
2019-12-30---2020-02-24_cluster_370,2020,2019-12-30,2020-02-24,56,370,51502,Saint-Martin-aux-Champs,10.0
2019-12-30---2020-02-24_cluster_370,2020,2019-12-30,2020-02-24,56,370,51519,Saint-Thomas-en-Argonne,95.0
2019-12-30---2020-02-24_cluster_370,2020,2019-12-30,2020-02-24,56,370,51525,Sarry,23.0
2019-12-30---2020-02-24_cluster_370,2020,2019-12-30,2020-02-24,56,370,51533,Servon-Melzicourt,76.0
2019-12-30---2020-02-24_cluster_370,2020,2019-12-30,2020-02-24,56,370,51552,Songy,10.0
2019-12-30---2020-02-24_cluster_370,2020,2019-12-30,2020-02-24,56,370,51610,Verrières,346.0
2019-12-30---2020-02-24_cluster_370,2020,2019-12-30,2020-02-24,56,370,51620,Vienne-la-Ville,37.0
2019-12-30---2020-02-24_cluster_370,2020,2019-12-30,2020-02-24,56,370,51648,Vitry-la-Ville,59.0
2019-12-30---2020-02-24_cluster_370,2020,2019-12-30,2020-02-24,56,370,52074,Breuvannes-en-Bassigny,13.0
2019-12-30---2020-02-24_cluster_370,2020,2019-12-30,2020-02-24,56,370,52512,Vecqueville,26.0
2019-12-30---2020-02-24_cluster_370,2020,2019-12-30,2020-02-24,56,370,54061,Bénaménil,35.0
2019-12-30---2020-02-24_cluster_370,2020,2019-12-30,2020-02-24,56,370,54116,Chanteheux,39.0
2019-12-30---2020-02-24_cluster_370,2020,2019-12-30,2020-02-24,56,370,54300,Laneuveville-devant-Nancy,184.0
2019-12-30---2020-02-24_cluster_370,2020,2019-12-30,2020-02-24,56,370,54445,Raville-sur-Sânon,57.0
2019-12-30---2020-02-24_cluster_370,2020,2019-12-30,2020-02-24,56,370,54462,Rosières-aux-Salines,507.0
2019-12-30---2020-02-24_cluster_370,2020,2019-12-30,2020-02-24,56,370,55007,Ambly-sur-Meuse,12.0
2019-12-30---2020-02-24_cluster_370,2020,2019-12-30,2020-02-24,56,370,55009,Ancemont,128.0
2019-12-30---2020-02-24_cluster_370,2020,2019-12-30,2020-02-24,56,370,55027,Bannoncourt,311.0
2019-12-30---2020-02-24_cluster_370,2020,2019-12-30,2020-02-24,56,370,55042,Belleray,315.0
2019-12-30---2020-02-24_cluster_370,2020,2019-12-30,2020-02-24,56,370,55043,Belleville-sur-Meuse,151.0
2019-12-30---2020-02-24_cluster_370,2020,2019-12-30,2020-02-24,56,370,55064,Bouquemont,322.0
2019-12-30---2020-02-24_cluster_370,2020,2019-12-30,2020-02-24,56,370,55078,Brieulles-sur-Meuse,374.0
2019-12-30---2020-02-24_cluster_370,2020,2019-12-30,2020-02-24,56,370,55080,Brixey-aux-Chanoines,10.0
2019-12-30---2020-02-24_cluster_370,2020,2019-12-30,2020-02-24,56,370,55099,Champneuville,224.0
2019-12-30---2020-02-24_cluster_370,2020,2019-12-30,2020-02-24,56,370,55102,Charny-sur-Meuse,372.0
2019-12-30---2020-02-24_cluster_370,2020,2019-12-30,2020-02-24,56,370,55111,Chauvoncourt,307.0
2019-12-30---2020-02-24_cluster_370,2020,2019-12-30,2020-02-24,56,370,55122,Commercy,288.0
2019-12-30---2020-02-24_cluster_370,2020,2019-12-30,2020-02-24,56,370,55146,Dannevoux,204.0
2019-12-30---2020-02-24_cluster_370,2020,2019-12-30,2020-02-24,56,370,55154,Dieue-sur-Meuse,342.0
2019-12-30---2020-02-24_cluster_370,2020,2019-12-30,2020-02-24,56,370,55292,Liny-devant-Dun,329.0
2019-12-30---2020-02-24_cluster_370,2020,2019-12-30,2020-02-24,56,370,55295,Lisle-en-Barrois,29.0
2019-12-30---2020-02-24_cluster_370,2020,2019-12-30,2020-02-24,56,370,55310,Luzy-Saint-Martin,226.0
2019-12-30---2020-02-24_cluster_370,2020,2019-12-30,2020-02-24,56,370,55312,Maizey,340.0
2019-12-30---2020-02-24_cluster_370,2020,2019-12-30,2020-02-24,56,370,55321,Marre,202.0
2019-12-30---2020-02-24_cluster_370,2020,2019-12-30,2020-02-24,56,370,55328,Maxey-sur-Vaise,286.0
2019-12-30---2020-02-24_cluster_370,2020,2019-12-30,2020-02-24,56,370,55345,Mont-devant-Sassey,262.0
2019-12-30---2020-02-24_cluster_370,2020,2019-12-30,2020-02-24,56,370,55347,Les Monthairons,192.0
2019-12-30---2020-02-24_cluster_370,2020,2019-12-30,2020-02-24,56,370,55422,Regnéville-sur-Meuse,416.0
2019-12-30---2020-02-24_cluster_370,2020,2019-12-30,2020-02-24,56,370,55444,Rouvrois-sur-Meuse,88.0
2019-12-30---2020-02-24_cluster_370,2020,2019-12-30,2020-02-24,56,370,55469,Sassey-sur-Meuse,163.0
2019-12-30---2020-02-24_cluster_370,2020,2019-12-30,2020-02-24,56,370,55485,Sepvigny,275.0
2019-12-30---2020-02-24_cluster_370,2020,2019-12-30,2020-02-24,56,370,55512,Tilly-sur-Meuse,166.0
2019-12-30---2020-02-24_cluster_370,2020,2019-12-30,2020-02-24,56,370,55526,Vadonville,10.0
2019-12-30---2020-02-24_cluster_370,2020,2019-12-30,2020-02-24,56,370,55552,Vigneul-sous-Montmédy,10.0
2019-12-30---2020-02-24_cluster_370,2020,2019-12-30,2020-02-24,56,370,55573,Void-Vacon,51.0
2019-12-30---2020-02-24_cluster_370,2020,2019-12-30,2020-02-24,56,370,55584,Woimbey,34.0
2019-12-30---2020-02-24_cluster_370,2020,2019-12-30,2020-02-24,56,370,56031,Camors,469.0
2019-12-30---2020-02-24_cluster_370,2020,2019-12-30,2020-02-24,56,370,56124,Malestroit,32.0
2019-12-30---2020-02-24_cluster_370,2020,2019-12-30,2020-02-24,56,370,56154,Peillac,656.0
2019-12-30---2020-02-24_cluster_370,2020,2019-12-30,2020-02-24,56,370,56223,Saint-Jean-la-Poterie,46.0
2019-12-30---2020-02-24_cluster_370,2020,2019-12-30,2020-02-24,56,370,56239,Saint-Vincent-sur-Oust,288.0
2019-12-30---2020-02-24_cluster_370,2020,2019-12-30,2020-02-24,56,370,58173,Montaron,170.0
2019-12-30---2020-02-24_cluster_370,2020,2019-12-30,2020-02-24,56,370,60105,Brétigny,20.0
2019-12-30---2020-02-24_cluster_370,2020,2019-12-30,2020-02-24,56,370,60507,Pontoise-lès-Noyon,170.0
2019-12-30---2020-02-24_cluster_370,2020,2019-12-30,2020-02-24,56,370,60655,Varesnes,160.0
2019-12-30---2020-02-24_cluster_370,2020,2019-12-30,2020-02-24,56,370,67116,Ebersmunster,22.0
2019-12-30---2020-02-24_cluster_370,2020,2019-12-30,2020-02-24,56,370,67196,Hilsenheim,291.0
2019-12-30---2020-02-24_cluster_370,2020,2019-12-30,2020-02-24,56,370,67311,Muttersholtz,55.0
2019-12-30---2020-02-24_cluster_370,2020,2019-12-30,2020-02-24,56,370,67516,Waltenheim-sur-Zorn,19.0
2019-12-30---2020-02-24_cluster_370,2020,2019-12-30,2020-02-24,56,370,70127,Chantes,397.0
2019-12-30---2020-02-24_cluster_370,2020,2019-12-30,2020-02-24,56,370,70167,Conflandey,26.0
2019-12-30---2020-02-24_cluster_370,2020,2019-12-30,2020-02-24,56,370,70236,Fleurey-lès-Faverney,30.0
2019-12-30---2020-02-24_cluster_370,2020,2019-12-30,2020-02-24,56,370,70307,Longevelle,14.0
2019-12-30---2020-02-24_cluster_370,2020,2019-12-30,2020-02-24,56,370,70317,Les Magny,751.0
2019-12-30---2020-02-24_cluster_370,2020,2019-12-30,2020-02-24,56,370,70474,Saint-Sulpice,155.0
2019-12-30---2020-02-24_cluster_370,2020,2019-12-30,2020-02-24,56,370,70491,Seveux-Motey,415.0
2019-12-30---2020-02-24_cluster_370,2020,2019-12-30,2020-02-24,56,370,70492,Soing-Cubry-Charentenay,443.0
2019-12-30---2020-02-24_cluster_370,2020,2019-12-30,2020-02-24,56,370,70539,Vellexon-Queutrey-et-Vaudey,290.0
2019-12-30---2020-02-24_cluster_370,2020,2019-12-30,2020-02-24,56,370,85207,Saint-Denis-du-Payré,147.0
2019-12-30---2020-02-24_cluster_370,2020,2019-12-30,2020-02-24,56,370,88031,Balléville,10.0
2019-12-30---2020-02-24_cluster_370,2020,2019-12-30,2020-02-24,56,370,90049,Foussemagne,46.0
2020-02-10---2020-03-30_cluster_377,2020,2020-02-10,2020-03-30,42,377,25403,Montlebon,246.0
2020-02-10---2020-03-30_cluster_377,2020,2020-02-10,2020-03-30,42,377,70167,Conflandey,16.0
2020-02-10---2020-03-30_cluster_377,2020,2020-02-10,2020-03-30,42,377,70236,Fleurey-lès-Faverney,34.0
2020-02-10---2020-04-13_cluster_376,2020,2020-02-10,2020-04-13,63,376,02014,Amigny-Rouy,193.0
2020-02-10---2020-04-13_cluster_376,2020,2020-02-10,2020-04-13,63,376,02016,Andelain,11.0
2020-02-10---2020-04-13_cluster_376,2020,2020-02-10,2020-04-13,63,376,02040,Autreppes,10.0
2020-02-10---2020-04-13_cluster_376,2020,2020-02-10,2020-04-13,63,376,02208,Concevreux,242.0
2020-02-10---2020-04-13_cluster_376,2020,2020-02-10,2020-04-13,63,376,02262,Deuillet,10.0
2020-02-10---2020-04-13_cluster_376,2020,2020-02-10,2020-04-13,63,376,02624,Proisy,17.0
2020-02-10---2020-04-13_cluster_376,2020,2020-02-10,2020-04-13,63,376,02638,Remies,25.0
2020-02-10---2020-04-13_cluster_376,2020,2020-02-10,2020-04-13,63,376,02716,Servais,25.0
2020-02-10---2020-04-13_cluster_376,2020,2020-02-10,2020-04-13,63,376,02719,Sinceny,53.0
2020-02-10---2020-04-13_cluster_376,2020,2020-02-10,2020-04-13,63,376,02780,Venizel,485.0
2020-02-10---2020-04-13_cluster_376,2020,2020-02-10,2020-04-13,63,376,08004,Aire,122.0
2020-02-10---2020-04-13_cluster_376,2020,2020-02-10,2020-04-13,63,376,08010,Ambly-Fleury,26.0
2020-02-10---2020-04-13_cluster_376,2020,2020-02-10,2020-04-13,63,376,08020,Les Petites-Armoises,30.0
2020-02-10---2020-04-13_cluster_376,2020,2020-02-10,2020-04-13,63,376,08082,Brécy-Brières,24.0
2020-02-10---2020-04-13_cluster_376,2020,2020-02-10,2020-04-13,63,376,08131,Cornay,67.0
2020-02-10---2020-04-13_cluster_376,2020,2020-02-10,2020-04-13,63,376,08168,La Ferté-sur-Chiers,85.0
2020-02-10---2020-04-13_cluster_376,2020,2020-02-10,2020-04-13,63,376,08193,Givry,10.0
2020-02-10---2020-04-13_cluster_376,2020,2020-02-10,2020-04-13,63,376,08194,Glaire,325.0
2020-02-10---2020-04-13_cluster_376,2020,2020-02-10,2020-04-13,63,376,08276,Margut,35.0
2020-02-10---2020-04-13_cluster_376,2020,2020-02-10,2020-04-13,63,376,08317,La Neuville-à-Maire,109.0
2020-02-10---2020-04-13_cluster_376,2020,2020-02-10,2020-04-13,63,376,08357,Remilly-Aillicourt,484.0
2020-02-10---2020-04-13_cluster_376,2020,2020-02-10,2020-04-13,63,376,08364,Rilly-sur-Aisne,75.0
2020-02-10---2020-04-13_cluster_376,2020,2020-02-10,2020-04-13,63,376,08377,Saint-Aignan,32.0
2020-02-10---2020-04-13_cluster_376,2020,2020-02-10,2020-04-13,63,376,08416,Seuil,17.0
2020-02-10---2020-04-13_cluster_376,2020,2020-02-10,2020-04-13,63,376,08438,Taizy,223.0
2020-02-10---2020-04-13_cluster_376,2020,2020-02-10,2020-04-13,63,376,08439,Tannay-le-Mont-Dieu,11.0
2020-02-10---2020-04-13_cluster_376,2020,2020-02-10,2020-04-13,63,376,08444,Tétaigne,10.0
2020-02-10---2020-04-13_cluster_376,2020,2020-02-10,2020-04-13,63,376,08461,Vandy,79.0
2020-02-10---2020-04-13_cluster_376,2020,2020-02-10,2020-04-13,63,376,08464,Vaux-lès-Mouron,12.0
2020-02-10---2020-04-13_cluster_376,2020,2020-02-10,2020-04-13,63,376,08466,Vaux-lès-Mouzon,22.0
2020-02-10---2020-04-13_cluster_376,2020,2020-02-10,2020-04-13,63,376,08473,Vieux-lès-Asfeld,654.0
2020-02-10---2020-04-13_cluster_376,2020,2020-02-10,2020-04-13,63,376,08477,Villers-devant-Mouzon,296.0
2020-02-10---2020-04-13_cluster_376,2020,2020-02-10,2020-04-13,63,376,08494,Wadelincourt,333.0
2020-02-10---2020-04-13_cluster_376,2020,2020-02-10,2020-04-13,63,376,10144,Étrelles-sur-Aube,26.0
2020-02-10---2020-04-13_cluster_376,2020,2020-02-10,2020-04-13,63,376,10171,Hampigny,18.0
2020-02-10---2020-04-13_cluster_376,2020,2020-02-10,2020-04-13,63,376,10298,Pont-sur-Seine,75.0
2020-02-10---2020-04-13_cluster_376,2020,2020-02-10,2020-04-13,63,376,10299,Pouan-les-Vallées,21.0
2020-02-10---2020-04-13_cluster_376,2020,2020-02-10,2020-04-13,63,376,10315,Rances,41.0
2020-02-10---2020-04-13_cluster_376,2020,2020-02-10,2020-04-13,63,376,14107,Bricqueville,50.0
2020-02-10---2020-04-13_cluster_376,2020,2020-02-10,2020-04-13,63,376,14168,Colombières,10.0
2020-02-10---2020-04-13_cluster_376,2020,2020-02-10,2020-04-13,63,376,14397,Mandeville-en-Bessin,49.0
2020-02-10---2020-04-13_cluster_376,2020,2020-02-10,2020-04-13,63,376,14535,Reviers,10.0
2020-02-10---2020-04-13_cluster_376,2020,2020-02-10,2020-04-13,63,376,14575,Saint-Étienne-la-Thillaye,11.0
2020-02-10---2020-04-13_cluster_376,2020,2020-02-10,2020-04-13,63,376,14711,Trévières,31.0
2020-02-10---2020-04-13_cluster_376,2020,2020-02-10,2020-04-13,63,376,35179,Miniac-Morvan,21.0
2020-02-10---2020-04-13_cluster_376,2020,2020-02-10,2020-04-13,63,376,35207,Noyal-sur-Vilaine,10.0
2020-02-10---2020-04-13_cluster_376,2020,2020-02-10,2020-04-13,63,376,35236,Redon,738.0
2020-02-10---2020-04-13_cluster_376,2020,2020-02-10,2020-04-13,63,376,41070,Vallée-de-Ronsard,555.0
2020-02-10---2020-04-13_cluster_376,2020,2020-02-10,2020-04-13,63,376,41113,Lavardin,111.0
2020-02-10---2020-04-13_cluster_376,2020,2020-02-10,2020-04-13,63,376,44007,Avessac,69.0
2020-02-10---2020-04-13_cluster_376,2020,2020-02-10,2020-04-13,63,376,44013,Besné,78.0
2020-02-10---2020-04-13_cluster_376,2020,2020-02-10,2020-04-13,63,376,44019,Bouée,51.0
2020-02-10---2020-04-13_cluster_376,2020,2020-02-10,2020-04-13,63,376,44032,La Chapelle-Heulin,47.0
2020-02-10---2020-04-13_cluster_376,2020,2020-02-10,2020-04-13,63,376,44047,Couëron,112.0
2020-02-10---2020-04-13_cluster_376,2020,2020-02-10,2020-04-13,63,376,44052,Donges,117.0
2020-02-10---2020-04-13_cluster_376,2020,2020-02-10,2020-04-13,63,376,44067,Guémené-Penfao,404.0
2020-02-10---2020-04-13_cluster_376,2020,2020-02-10,2020-04-13,63,376,44068,Guenrouet,28.0
2020-02-10---2020-04-13_cluster_376,2020,2020-02-10,2020-04-13,63,376,44087,Machecoul-Saint-Même,725.0
2020-02-10---2020-04-13_cluster_376,2020,2020-02-10,2020-04-13,63,376,44092,Massérac,298.0
2020-02-10---2020-04-13_cluster_376,2020,2020-02-10,2020-04-13,63,376,44103,Montoir-de-Bretagne,47.0
2020-02-10---2020-04-13_cluster_376,2020,2020-02-10,2020-04-13,63,376,44123,Pierric,373.0
2020-02-10---2020-04-13_cluster_376,2020,2020-02-10,2020-04-13,63,376,44133,Port-Saint-Père,242.0
2020-02-10---2020-04-13_cluster_376,2020,2020-02-10,2020-04-13,63,376,44151,Saint-André-des-Eaux,45.0
2020-02-10---2020-04-13_cluster_376,2020,2020-02-10,2020-04-13,63,376,44176,Saint-Malo-de-Guersac,17.0
2020-02-10---2020-04-13_cluster_376,2020,2020-02-10,2020-04-13,63,376,44178,Saint-Mars-de-Coutais,160.0
2020-02-10---2020-04-13_cluster_376,2020,2020-02-10,2020-04-13,63,376,44179,Saint-Mars-du-Désert,20.0
2020-02-10---2020-04-13_cluster_376,2020,2020-02-10,2020-04-13,63,376,44183,Saint-Molf,88.0
2020-02-10---2020-04-13_cluster_376,2020,2020-02-10,2020-04-13,63,376,44184,Saint-Nazaire,28.0
2020-02-10---2020-04-13_cluster_376,2020,2020-02-10,2020-04-13,63,376,44185,Saint-Nicolas-de-Redon,179.0
2020-02-10---2020-04-13_cluster_376,2020,2020-02-10,2020-04-13,63,376,44188,Saint-Philbert-de-Grand-Lieu,153.0
2020-02-10---2020-04-13_cluster_376,2020,2020-02-10,2020-04-13,63,376,44192,Saint-Viaud,33.0
2020-02-10---2020-04-13_cluster_376,2020,2020-02-10,2020-04-13,63,376,44196,Sévérac,12.0
2020-02-10---2020-04-13_cluster_376,2020,2020-02-10,2020-04-13,63,376,44210,Trignac,35.0
2020-02-10---2020-04-13_cluster_376,2020,2020-02-10,2020-04-13,63,376,49007,Angers,206.0
2020-02-10---2020-04-13_cluster_376,2020,2020-02-10,2020-04-13,63,376,49048,Briollay,289.0
2020-02-10---2020-04-13_cluster_376,2020,2020-02-10,2020-04-13,63,376,49082,Chaudefonds-sur-Layon,181.0
2020-02-10---2020-04-13_cluster_376,2020,2020-02-10,2020-04-13,63,376,49110,Corzé,415.0
2020-02-10---2020-04-13_cluster_376,2020,2020-02-10,2020-04-13,63,376,49129,Écouflant,416.0
2020-02-10---2020-04-13_cluster_376,2020,2020-02-10,2020-04-13,63,376,49132,Étriché,487.0
2020-02-10---2020-04-13_cluster_376,2020,2020-02-10,2020-04-13,63,376,49222,Mozé-sur-Louet,34.0
2020-02-10---2020-04-13_cluster_376,2020,2020-02-10,2020-04-13,63,376,49259,Rochefort-sur-Loire,51.0
2020-02-10---2020-04-13_cluster_376,2020,2020-02-10,2020-04-13,63,376,49292,Val-du-Layon,607.0
2020-02-10---2020-04-13_cluster_376,2020,2020-02-10,2020-04-13,63,376,50004,Airel,62.0
2020-02-10---2020-04-13_cluster_376,2020,2020-02-10,2020-04-13,63,376,50016,Appeville,72.0
2020-02-10---2020-04-13_cluster_376,2020,2020-02-10,2020-04-13,63,376,50023,Auvers,79.0
2020-02-10---2020-04-13_cluster_376,2020,2020-02-10,2020-04-13,63,376,50052,Beuzeville-la-Bastille,58.0
2020-02-10---2020-04-13_cluster_376,2020,2020-02-10,2020-04-13,63,376,50070,Boutteville,80.0
2020-02-10---2020-04-13_cluster_376,2020,2020-02-10,2020-04-13,63,376,50099,Carentan-les-Marais,68.0
2020-02-10---2020-04-13_cluster_376,2020,2020-02-10,2020-04-13,63,376,50151,Créances,261.0
2020-02-10---2020-04-13_cluster_376,2020,2020-02-10,2020-04-13,63,376,50196,Gatteville-le-Phare,10.0
2020-02-10---2020-04-13_cluster_376,2020,2020-02-10,2020-04-13,63,376,50216,Graignes-Mesnil-Angot,23.0
2020-02-10---2020-04-13_cluster_376,2020,2020-02-10,2020-04-13,63,376,50269,Liesville-sur-Douve,26.0
2020-02-10---2020-04-13_cluster_376,2020,2020-02-10,2020-04-13,63,376,50298,Méautis,47.0
2020-02-10---2020-04-13_cluster_376,2020,2020-02-10,2020-04-13,63,376,50400,Picauville,68.0
2020-02-10---2020-04-13_cluster_376,2020,2020-02-10,2020-04-13,63,376,50409,Pont-Hébert,41.0
2020-02-10---2020-04-13_cluster_376,2020,2020-02-10,2020-04-13,63,376,50422,Raids,25.0
2020-02-10---2020-04-13_cluster_376,2020,2020-02-10,2020-04-13,63,376,50431,Remilly Les Marais,37.0
2020-02-10---2020-04-13_cluster_376,2020,2020-02-10,2020-04-13,63,376,50445,Saint-André-de-Bohon,25.0
2020-02-10---2020-04-13_cluster_376,2020,2020-02-10,2020-04-13,63,376,50451,Saint-Brice,31.0
2020-02-10---2020-04-13_cluster_376,2020,2020-02-10,2020-04-13,63,376,50468,Saint-Fromond,97.0
2020-02-10---2020-04-13_cluster_376,2020,2020-02-10,2020-04-13,63,376,50488,Saint-Jean-de-Daye,63.0
2020-02-10---2020-04-13_cluster_376,2020,2020-02-10,2020-04-13,63,376,50562,Saint-Vaast-la-Hougue,21.0
2020-02-10---2020-04-13_cluster_376,2020,2020-02-10,2020-04-13,63,376,50564,Terre-et-Marais,30.0
2020-02-10---2020-04-13_cluster_376,2020,2020-02-10,2020-04-13,63,376,50606,Tribehou,55.0
2020-02-10---2020-04-13_cluster_376,2020,2020-02-10,2020-04-13,63,376,50617,Varenguebec,115.0
2020-02-10---2020-04-13_cluster_376,2020,2020-02-10,2020-04-13,63,376,51018,Athis,18.0
2020-02-10---2020-04-13_cluster_376,2020,2020-02-10,2020-04-13,63,376,51023,Aulnay-sur-Marne,151.0
2020-02-10---2020-04-13_cluster_376,2020,2020-02-10,2020-04-13,63,376,51065,Blacy,141.0
2020-02-10---2020-04-13_cluster_376,2020,2020-02-10,2020-04-13,63,376,51143,Le Chemin,72.0
2020-02-10---2020-04-13_cluster_376,2020,2020-02-10,2020-04-13,63,376,51153,Chouilly,260.0
2020-02-10---2020-04-13_cluster_376,2020,2020-02-10,2020-04-13,63,376,51171,Cormicy,376.0
2020-02-10---2020-04-13_cluster_376,2020,2020-02-10,2020-04-13,63,376,51303,Jâlons,13.0
2020-02-10---2020-04-13_cluster_376,2020,2020-02-10,2020-04-13,63,376,51357,Matougues,10.0
2020-02-10---2020-04-13_cluster_376,2020,2020-02-10,2020-04-13,63,376,51413,Oiry,37.0
2020-02-10---2020-04-13_cluster_376,2020,2020-02-10,2020-04-13,63,376,51483,Saint-Gibrien,89.0
2020-02-10---2020-04-13_cluster_376,2020,2020-02-10,2020-04-13,63,376,51502,Saint-Martin-aux-Champs,10.0
2020-02-10---2020-04-13_cluster_376,2020,2020-02-10,2020-04-13,63,376,51519,Saint-Thomas-en-Argonne,94.0
2020-02-10---2020-04-13_cluster_376,2020,2020-02-10,2020-04-13,63,376,51533,Servon-Melzicourt,78.0
2020-02-10---2020-04-13_cluster_376,2020,2020-02-10,2020-04-13,63,376,51552,Songy,10.0
2020-02-10---2020-04-13_cluster_376,2020,2020-02-10,2020-04-13,63,376,51610,Verrières,436.0
2020-02-10---2020-04-13_cluster_376,2020,2020-02-10,2020-04-13,63,376,51620,Vienne-la-Ville,18.0
2020-02-10---2020-04-13_cluster_376,2020,2020-02-10,2020-04-13,63,376,51648,Vitry-la-Ville,38.0
2020-02-10---2020-04-13_cluster_376,2020,2020-02-10,2020-04-13,63,376,52118,Chatonrupt-Sommermont,348.0
2020-02-10---2020-04-13_cluster_376,2020,2020-02-10,2020-04-13,63,376,54001,Abaucourt,12.0
2020-02-10---2020-04-13_cluster_376,2020,2020-02-10,2020-04-13,63,376,54070,Bey-sur-Seille,82.0
2020-02-10---2020-04-13_cluster_376,2020,2020-02-10,2020-04-13,63,376,54374,Moncel-sur-Seille,10.0
2020-02-10---2020-04-13_cluster_376,2020,2020-02-10,2020-04-13,63,376,54387,Morville-sur-Seille,226.0
2020-02-10---2020-04-13_cluster_376,2020,2020-02-10,2020-04-13,63,376,55007,Ambly-sur-Meuse,10.0
2020-02-10---2020-04-13_cluster_376,2020,2020-02-10,2020-04-13,63,376,55009,Ancemont,133.0
2020-02-10---2020-04-13_cluster_376,2020,2020-02-10,2020-04-13,63,376,55027,Bannoncourt,309.0
2020-02-10---2020-04-13_cluster_376,2020,2020-02-10,2020-04-13,63,376,55042,Belleray,302.0
2020-02-10---2020-04-13_cluster_376,2020,2020-02-10,2020-04-13,63,376,55043,Belleville-sur-Meuse,163.0
2020-02-10---2020-04-13_cluster_376,2020,2020-02-10,2020-04-13,63,376,55064,Bouquemont,319.0
2020-02-10---2020-04-13_cluster_376,2020,2020-02-10,2020-04-13,63,376,55078,Brieulles-sur-Meuse,358.0
2020-02-10---2020-04-13_cluster_376,2020,2020-02-10,2020-04-13,63,376,55097,Chalaines,672.0
2020-02-10---2020-04-13_cluster_376,2020,2020-02-10,2020-04-13,63,376,55099,Champneuville,205.0
2020-02-10---2020-04-13_cluster_376,2020,2020-02-10,2020-04-13,63,376,55102,Charny-sur-Meuse,356.0
2020-02-10---2020-04-13_cluster_376,2020,2020-02-10,2020-04-13,63,376,55111,Chauvoncourt,307.0
2020-02-10---2020-04-13_cluster_376,2020,2020-02-10,2020-04-13,63,376,55122,Commercy,344.0
2020-02-10---2020-04-13_cluster_376,2020,2020-02-10,2020-04-13,63,376,55146,Dannevoux,198.0
2020-02-10---2020-04-13_cluster_376,2020,2020-02-10,2020-04-13,63,376,55154,Dieue-sur-Meuse,335.0
2020-02-10---2020-04-13_cluster_376,2020,2020-02-10,2020-04-13,63,376,55168,Duzey,47.0
2020-02-10---2020-04-13_cluster_376,2020,2020-02-10,2020-04-13,63,376,55275,Lamouilly,22.0
2020-02-10---2020-04-13_cluster_376,2020,2020-02-10,2020-04-13,63,376,55310,Luzy-Saint-Martin,240.0
2020-02-10---2020-04-13_cluster_376,2020,2020-02-10,2020-04-13,63,376,55312,Maizey,332.0
2020-02-10---2020-04-13_cluster_376,2020,2020-02-10,2020-04-13,63,376,55321,Marre,164.0
2020-02-10---2020-04-13_cluster_376,2020,2020-02-10,2020-04-13,63,376,55345,Mont-devant-Sassey,243.0
2020-02-10---2020-04-13_cluster_376,2020,2020-02-10,2020-04-13,63,376,55347,Les Monthairons,207.0
2020-02-10---2020-04-13_cluster_376,2020,2020-02-10,2020-04-13,63,376,55383,Neuvilly-en-Argonne,40.0
2020-02-10---2020-04-13_cluster_376,2020,2020-02-10,2020-04-13,63,376,55408,Pouilly-sur-Meuse,208.0
2020-02-10---2020-04-13_cluster_376,2020,2020-02-10,2020-04-13,63,376,55410,Quincy-Landzécourt,138.0
2020-02-10---2020-04-13_cluster_376,2020,2020-02-10,2020-04-13,63,376,55422,Regnéville-sur-Meuse,392.0
2020-02-10---2020-04-13_cluster_376,2020,2020-02-10,2020-04-13,63,376,55427,Revigny-sur-Ornain,12.0
2020-02-10---2020-04-13_cluster_376,2020,2020-02-10,2020-04-13,63,376,55433,Rigny-la-Salle,217.0
2020-02-10---2020-04-13_cluster_376,2020,2020-02-10,2020-04-13,63,376,55444,Rouvrois-sur-Meuse,64.0
2020-02-10---2020-04-13_cluster_376,2020,2020-02-10,2020-04-13,63,376,55469,Sassey-sur-Meuse,154.0
2020-02-10---2020-04-13_cluster_376,2020,2020-02-10,2020-04-13,63,376,55526,Vadonville,10.0
2020-02-10---2020-04-13_cluster_376,2020,2020-02-10,2020-04-13,63,376,55552,Vigneul-sous-Montmédy,10.0
2020-02-10---2020-04-13_cluster_376,2020,2020-02-10,2020-04-13,63,376,55573,Void-Vacon,39.0
2020-02-10---2020-04-13_cluster_376,2020,2020-02-10,2020-04-13,63,376,55584,Woimbey,39.0
2020-02-10---2020-04-13_cluster_376,2020,2020-02-10,2020-04-13,63,376,56018,Billiers,35.0
2020-02-10---2020-04-13_cluster_376,2020,2020-02-10,2020-04-13,63,376,56031,Camors,458.0
2020-02-10---2020-04-13_cluster_376,2020,2020-02-10,2020-04-13,63,376,56124,Malestroit,46.0
2020-02-10---2020-04-13_cluster_376,2020,2020-02-10,2020-04-13,63,376,56154,Peillac,634.0
2020-02-10---2020-04-13_cluster_376,2020,2020-02-10,2020-04-13,63,376,56218,Saint-Gravé,184.0
2020-02-10---2020-04-13_cluster_376,2020,2020-02-10,2020-04-13,63,376,56223,Saint-Jean-la-Poterie,43.0
2020-02-10---2020-04-13_cluster_376,2020,2020-02-10,2020-04-13,63,376,56239,Saint-Vincent-sur-Oust,258.0
2020-02-10---2020-04-13_cluster_376,2020,2020-02-10,2020-04-13,63,376,57002,Aboncourt-sur-Seille,31.0
2020-02-10---2020-04-13_cluster_376,2020,2020-02-10,2020-04-13,63,376,57088,Bistroff,13.0
2020-02-10---2020-04-13_cluster_376,2020,2020-02-10,2020-04-13,63,376,57155,Courcelles-Chaussy,15.0
2020-02-10---2020-04-13_cluster_376,2020,2020-02-10,2020-04-13,63,376,57236,Frémery,38.0
2020-02-10---2020-04-13_cluster_376,2020,2020-02-10,2020-04-13,63,376,57293,Han-sur-Nied,44.0
2020-02-10---2020-04-13_cluster_376,2020,2020-02-10,2020-04-13,63,376,57297,Harprich,22.0
2020-02-10---2020-04-13_cluster_376,2020,2020-02-10,2020-04-13,63,376,57308,Hazembourg,74.0
2020-02-10---2020-04-13_cluster_376,2020,2020-02-10,2020-04-13,63,376,57346,Insming,67.0
2020-02-10---2020-04-13_cluster_376,2020,2020-02-10,2020-04-13,63,376,57431,Maizeroy,20.0
2020-02-10---2020-04-13_cluster_376,2020,2020-02-10,2020-04-13,63,376,57440,Manhoué,10.0
2020-02-10---2020-04-13_cluster_376,2020,2020-02-10,2020-04-13,63,376,57547,Pommérieux,24.0
2020-02-10---2020-04-13_cluster_376,2020,2020-02-10,2020-04-13,63,376,57555,Prévocourt,11.0
2020-02-10---2020-04-13_cluster_376,2020,2020-02-10,2020-04-13,63,376,59318,Houtkerque,17.0
2020-02-10---2020-04-13_cluster_376,2020,2020-02-10,2020-04-13,63,376,60105,Brétigny,15.0
2020-02-10---2020-04-13_cluster_376,2020,2020-02-10,2020-04-13,63,376,60507,Pontoise-lès-Noyon,158.0
2020-02-10---2020-04-13_cluster_376,2020,2020-02-10,2020-04-13,63,376,60655,Varesnes,147.0
2020-02-10---2020-04-13_cluster_376,2020,2020-02-10,2020-04-13,63,376,61026,Barville,18.0
2020-02-10---2020-04-13_cluster_376,2020,2020-02-10,2020-04-13,63,376,61049,Boissei-la-Lande,32.0
2020-02-10---2020-04-13_cluster_376,2020,2020-02-10,2020-04-13,63,376,61066,Buré,27.0
2020-02-10---2020-04-13_cluster_376,2020,2020-02-10,2020-04-13,63,376,61079,Ceton,15.0
2020-02-10---2020-04-13_cluster_376,2020,2020-02-10,2020-04-13,63,376,61256,Médavy,36.0
2020-02-10---2020-04-13_cluster_376,2020,2020-02-10,2020-04-13,63,376,61375,Boischampré,30.0
2020-02-10---2020-04-13_cluster_376,2020,2020-02-10,2020-04-13,63,376,61450,Saint-Quentin-de-Blavou,30.0
2020-02-10---2020-04-13_cluster_376,2020,2020-02-10,2020-04-13,63,376,67199,Hinsingen,41.0
2020-02-10---2020-04-13_cluster_376,2020,2020-02-10,2020-04-13,63,376,72049,La Bruère-sur-Loir,605.0
2020-02-10---2020-04-13_cluster_376,2020,2020-02-10,2020-04-13,63,376,72115,Dissay-sous-Courcillon,467.0
2020-02-10---2020-04-13_cluster_376,2020,2020-02-10,2020-04-13,63,376,72183,Marçon,324.0
2020-02-10---2020-04-13_cluster_376,2020,2020-02-10,2020-04-13,63,376,72265,Saint-Aignan,48.0
2020-02-10---2020-04-13_cluster_376,2020,2020-02-10,2020-04-13,63,376,72283,Saint-Germain-d'Arcé,1096.0
2020-02-10---2020-04-13_cluster_376,2020,2020-02-10,2020-04-13,63,376,72289,Sainte-Jamme-sur-Sarthe,555.0
2020-02-10---2020-04-13_cluster_376,2020,2020-02-10,2020-04-13,63,376,72357,Thorée-les-Pins,140.0
2020-02-10---2020-04-13_cluster_376,2020,2020-02-10,2020-04-13,63,376,77248,Lesches,178.0
2020-02-24---2020-04-06_cluster_380,2020,2020-02-24,2020-04-06,35,380,01147,Domsure,20.0
2020-02-24---2020-04-06_cluster_380,2020,2020-02-24,2020-04-06,35,380,02014,Amigny-Rouy,189.0
2020-02-24---2020-04-06_cluster_380,2020,2020-02-24,2020-04-06,35,380,02016,Andelain,23.0
2020-02-24---2020-04-06_cluster_380,2020,2020-02-24,2020-04-06,35,380,02040,Autreppes,10.0
2020-02-24---2020-04-06_cluster_380,2020,2020-02-24,2020-04-06,35,380,02156,Chalandry,10.0
2020-02-24---2020-04-06_cluster_380,2020,2020-02-24,2020-04-06,35,380,02165,Charmes,350.0
2020-02-24---2020-04-06_cluster_380,2020,2020-02-24,2020-04-06,35,380,02208,Concevreux,242.0
2020-02-24---2020-04-06_cluster_380,2020,2020-02-24,2020-04-06,35,380,02262,Deuillet,10.0
2020-02-24---2020-04-06_cluster_380,2020,2020-02-24,2020-04-06,35,380,02453,Maizy,437.0
2020-02-24---2020-04-06_cluster_380,2020,2020-02-24,2020-04-06,35,380,02612,Pont-Arcy,433.0
2020-02-24---2020-04-06_cluster_380,2020,2020-02-24,2020-04-06,35,380,02624,Proisy,68.0
2020-02-24---2020-04-06_cluster_380,2020,2020-02-24,2020-04-06,35,380,02638,Remies,25.0
2020-02-24---2020-04-06_cluster_380,2020,2020-02-24,2020-04-06,35,380,02716,Servais,25.0
2020-02-24---2020-04-06_cluster_380,2020,2020-02-24,2020-04-06,35,380,02719,Sinceny,57.0
2020-02-24---2020-04-06_cluster_380,2020,2020-02-24,2020-04-06,35,380,02780,Venizel,535.0
2020-02-24---2020-04-06_cluster_380,2020,2020-02-24,2020-04-06,35,380,08004,Aire,122.0
2020-02-24---2020-04-06_cluster_380,2020,2020-02-24,2020-04-06,35,380,08010,Ambly-Fleury,36.0
2020-02-24---2020-04-06_cluster_380,2020,2020-02-24,2020-04-06,35,380,08020,Les Petites-Armoises,26.0
2020-02-24---2020-04-06_cluster_380,2020,2020-02-24,2020-04-06,35,380,08082,Brécy-Brières,30.0
2020-02-24---2020-04-06_cluster_380,2020,2020-02-24,2020-04-06,35,380,08131,Cornay,67.0
2020-02-24---2020-04-06_cluster_380,2020,2020-02-24,2020-04-06,35,380,08168,La Ferté-sur-Chiers,83.0
2020-02-24---2020-04-06_cluster_380,2020,2020-02-24,2020-04-06,35,380,08193,Givry,10.0
2020-02-24---2020-04-06_cluster_380,2020,2020-02-24,2020-04-06,35,380,08194,Glaire,332.0
2020-02-24---2020-04-06_cluster_380,2020,2020-02-24,2020-04-06,35,380,08276,Margut,32.0
2020-02-24---2020-04-06_cluster_380,2020,2020-02-24,2020-04-06,35,380,08317,La Neuville-à-Maire,107.0
2020-02-24---2020-04-06_cluster_380,2020,2020-02-24,2020-04-06,35,380,08357,Remilly-Aillicourt,483.0
2020-02-24---2020-04-06_cluster_380,2020,2020-02-24,2020-04-06,35,380,08364,Rilly-sur-Aisne,77.0
2020-02-24---2020-04-06_cluster_380,2020,2020-02-24,2020-04-06,35,380,08377,Saint-Aignan,35.0
2020-02-24---2020-04-06_cluster_380,2020,2020-02-24,2020-04-06,35,380,08416,Seuil,32.0
2020-02-24---2020-04-06_cluster_380,2020,2020-02-24,2020-04-06,35,380,08438,Taizy,223.0
2020-02-24---2020-04-06_cluster_380,2020,2020-02-24,2020-04-06,35,380,08439,Tannay-le-Mont-Dieu,12.0
2020-02-24---2020-04-06_cluster_380,2020,2020-02-24,2020-04-06,35,380,08444,Tétaigne,10.0
2020-02-24---2020-04-06_cluster_380,2020,2020-02-24,2020-04-06,35,380,08461,Vandy,77.0
2020-02-24---2020-04-06_cluster_380,2020,2020-02-24,2020-04-06,35,380,08464,Vaux-lès-Mouron,10.0
2020-02-24---2020-04-06_cluster_380,2020,2020-02-24,2020-04-06,35,380,08466,Vaux-lès-Mouzon,22.0
2020-02-24---2020-04-06_cluster_380,2020,2020-02-24,2020-04-06,35,380,08473,Vieux-lès-Asfeld,654.0
2020-02-24---2020-04-06_cluster_380,2020,2020-02-24,2020-04-06,35,380,08477,Villers-devant-Mouzon,298.0
2020-02-24---2020-04-06_cluster_380,2020,2020-02-24,2020-04-06,35,380,08481,Villers-sur-Bar,115.0
2020-02-24---2020-04-06_cluster_380,2020,2020-02-24,2020-04-06,35,380,08494,Wadelincourt,333.0
2020-02-24---2020-04-06_cluster_380,2020,2020-02-24,2020-04-06,35,380,10043,Bessy,26.0
2020-02-24---2020-04-06_cluster_380,2020,2020-02-24,2020-04-06,35,380,10047,Blignicourt,122.0
2020-02-24---2020-04-06_cluster_380,2020,2020-02-24,2020-04-06,35,380,10106,Courceroy,55.0
2020-02-24---2020-04-06_cluster_380,2020,2020-02-24,2020-04-06,35,380,10122,Davrey,34.0
2020-02-24---2020-04-06_cluster_380,2020,2020-02-24,2020-04-06,35,380,10144,Étrelles-sur-Aube,141.0
2020-02-24---2020-04-06_cluster_380,2020,2020-02-24,2020-04-06,35,380,10171,Hampigny,56.0
2020-02-24---2020-04-06_cluster_380,2020,2020-02-24,2020-04-06,35,380,10298,Pont-sur-Seine,132.0
2020-02-24---2020-04-06_cluster_380,2020,2020-02-24,2020-04-06,35,380,10299,Pouan-les-Vallées,10.0
2020-02-24---2020-04-06_cluster_380,2020,2020-02-24,2020-04-06,35,380,10315,Rances,82.0
2020-02-24---2020-04-06_cluster_380,2020,2020-02-24,2020-04-06,35,380,10429,Villette-sur-Aube,475.0
2020-02-24---2020-04-06_cluster_380,2020,2020-02-24,2020-04-06,35,380,14107,Bricqueville,21.0
2020-02-24---2020-04-06_cluster_380,2020,2020-02-24,2020-04-06,35,380,14168,Colombières,16.0
2020-02-24---2020-04-06_cluster_380,2020,2020-02-24,2020-04-06,35,380,14335,Hotot-en-Auge,41.0
2020-02-24---2020-04-06_cluster_380,2020,2020-02-24,2020-04-06,35,380,14344,Janville,12.0
2020-02-24---2020-04-06_cluster_380,2020,2020-02-24,2020-04-06,35,380,14535,Reviers,10.0
2020-02-24---2020-04-06_cluster_380,2020,2020-02-24,2020-04-06,35,380,14575,Saint-Étienne-la-Thillaye,11.0
2020-02-24---2020-04-06_cluster_380,2020,2020-02-24,2020-04-06,35,380,14711,Trévières,24.0
2020-02-24---2020-04-06_cluster_380,2020,2020-02-24,2020-04-06,35,380,16090,Châteauneuf-sur-Charente,565.0
2020-02-24---2020-04-06_cluster_380,2020,2020-02-24,2020-04-06,35,380,16217,Merpins,476.0
2020-02-24---2020-04-06_cluster_380,2020,2020-02-24,2020-04-06,35,380,17069,Brives-sur-Charente,375.0
2020-02-24---2020-04-06_cluster_380,2020,2020-02-24,2020-04-06,35,380,17073,Bussac-sur-Charente,440.0
2020-02-24---2020-04-06_cluster_380,2020,2020-02-24,2020-04-06,35,380,17083,Champagne,32.0
2020-02-24---2020-04-06_cluster_380,2020,2020-02-24,2020-04-06,35,380,17085,Champdolent,195.0
2020-02-24---2020-04-06_cluster_380,2020,2020-02-24,2020-04-06,35,380,17115,Colombiers,35.0
2020-02-24---2020-04-06_cluster_380,2020,2020-02-24,2020-04-06,35,380,17128,Courcoury,397.0
2020-02-24---2020-04-06_cluster_380,2020,2020-02-24,2020-04-06,35,380,17155,Étaules,101.0
2020-02-24---2020-04-06_cluster_380,2020,2020-02-24,2020-04-06,35,380,17164,Fontcouverte,479.0
2020-02-24---2020-04-06_cluster_380,2020,2020-02-24,2020-04-06,35,380,17171,Geay,132.0
2020-02-24---2020-04-06_cluster_380,2020,2020-02-24,2020-04-06,35,380,17179,Les Gonds,897.0
2020-02-24---2020-04-06_cluster_380,2020,2020-02-24,2020-04-06,35,380,17185,Le Gua,86.0
2020-02-24---2020-04-06_cluster_380,2020,2020-02-24,2020-04-06,35,380,17190,L'Houmeau,17.0
2020-02-24---2020-04-06_cluster_380,2020,2020-02-24,2020-04-06,35,380,17252,Le Mung,246.0
2020-02-24---2020-04-06_cluster_380,2020,2020-02-24,2020-04-06,35,380,17266,Les Nouillers,13.0
2020-02-24---2020-04-06_cluster_380,2020,2020-02-24,2020-04-06,35,380,17303,La Ronde,179.0
2020-02-24---2020-04-06_cluster_380,2020,2020-02-24,2020-04-06,35,380,17304,Rouffiac,316.0
2020-02-24---2020-04-06_cluster_380,2020,2020-02-24,2020-04-06,35,380,17349,Saint-Jean-de-Liversay,108.0
2020-02-24---2020-04-06_cluster_380,2020,2020-02-24,2020-04-06,35,380,17400,Saint-Sever-de-Saintonge,241.0
2020-02-24---2020-04-06_cluster_380,2020,2020-02-24,2020-04-06,35,380,17412,Saint-Vaize,394.0
2020-02-24---2020-04-06_cluster_380,2020,2020-02-24,2020-04-06,35,380,17418,Salignac-sur-Charente,387.0
2020-02-24---2020-04-06_cluster_380,2020,2020-02-24,2020-04-06,35,380,17481,Voissay,25.0
2020-02-24---2020-04-06_cluster_380,2020,2020-02-24,2020-04-06,35,380,21301,Glanon,75.0
2020-02-24---2020-04-06_cluster_380,2020,2020-02-24,2020-04-06,35,380,21337,Lamarche-sur-Saône,20.0
2020-02-24---2020-04-06_cluster_380,2020,2020-02-24,2020-04-06,35,380,21344,Lechâtelet,278.0
2020-02-24---2020-04-06_cluster_380,2020,2020-02-24,2020-04-06,35,380,21474,Pagny-la-Ville,74.0
2020-02-24---2020-04-06_cluster_380,2020,2020-02-24,2020-04-06,35,380,21475,Pagny-le-Château,383.0
2020-02-24---2020-04-06_cluster_380,2020,2020-02-24,2020-04-06,35,380,21571,Saint-Sauveur,11.0
2020-02-24---2020-04-06_cluster_380,2020,2020-02-24,2020-04-06,35,380,21574,Saint-Seine-sur-Vingeanne,41.0
2020-02-24---2020-04-06_cluster_380,2020,2020-02-24,2020-04-06,35,380,21607,Seurre,190.0
2020-02-24---2020-04-06_cluster_380,2020,2020-02-24,2020-04-06,35,380,25403,Montlebon,268.0
2020-02-24---2020-04-06_cluster_380,2020,2020-02-24,2020-04-06,35,380,25515,Sainte-Colombe,21.0
2020-02-24---2020-04-06_cluster_380,2020,2020-02-24,2020-04-06,35,380,29064,Goulven,10.0
2020-02-24---2020-04-06_cluster_380,2020,2020-02-24,2020-04-06,35,380,29198,Plouider,14.0
2020-02-24---2020-04-06_cluster_380,2020,2020-02-24,2020-04-06,35,380,29254,Saint-Martin-des-Champs,474.0
2020-02-24---2020-04-06_cluster_380,2020,2020-02-24,2020-04-06,35,380,33055,Blaignan-Prignac,18.0
2020-02-24---2020-04-06_cluster_380,2020,2020-02-24,2020-04-06,35,380,33240,Lesparre-Médoc,23.0
2020-02-24---2020-04-06_cluster_380,2020,2020-02-24,2020-04-06,35,380,33395,Saint-Estèphe,21.0
2020-02-24---2020-04-06_cluster_380,2020,2020-02-24,2020-04-06,35,380,35179,Miniac-Morvan,21.0
2020-02-24---2020-04-06_cluster_380,2020,2020-02-24,2020-04-06,35,380,35207,Noyal-sur-Vilaine,10.0
2020-02-24---2020-04-06_cluster_380,2020,2020-02-24,2020-04-06,35,380,35236,Redon,754.0
2020-02-24---2020-04-06_cluster_380,2020,2020-02-24,2020-04-06,35,380,39528,Thervay,16.0
2020-02-24---2020-04-06_cluster_380,2020,2020-02-24,2020-04-06,35,380,39581,Vitreux,282.0
2020-02-24---2020-04-06_cluster_380,2020,2020-02-24,2020-04-06,35,380,40063,Candresse,127.0
2020-02-24---2020-04-06_cluster_380,2020,2020-02-24,2020-04-06,35,380,40088,Dax,318.0
2020-02-24---2020-04-06_cluster_380,2020,2020-02-24,2020-04-06,35,380,40113,Goos,374.0
2020-02-24---2020-04-06_cluster_380,2020,2020-02-24,2020-04-06,35,380,40133,Labenne,343.0
2020-02-24---2020-04-06_cluster_380,2020,2020-02-24,2020-04-06,35,380,40208,Onard,191.0
2020-02-24---2020-04-06_cluster_380,2020,2020-02-24,2020-04-06,35,380,40211,Orist,451.0
2020-02-24---2020-04-06_cluster_380,2020,2020-02-24,2020-04-06,35,380,40222,Pey,558.0
2020-02-24---2020-04-06_cluster_380,2020,2020-02-24,2020-04-06,35,380,40235,Poyanne,206.0
2020-02-24---2020-04-06_cluster_380,2020,2020-02-24,2020-04-06,35,380,40263,Saint-Jean-de-Lier,399.0
2020-02-24---2020-04-06_cluster_380,2020,2020-02-24,2020-04-06,35,380,40301,Siest,387.0
2020-02-24---2020-04-06_cluster_380,2020,2020-02-24,2020-04-06,35,380,40314,Tercis-les-Bains,364.0
2020-02-24---2020-04-06_cluster_380,2020,2020-02-24,2020-04-06,35,380,40324,Vicq-d'Auribat,329.0
2020-02-24---2020-04-06_cluster_380,2020,2020-02-24,2020-04-06,35,380,40334,Yzosse,391.0
2020-02-24---2020-04-06_cluster_380,2020,2020-02-24,2020-04-06,35,380,41070,Vallée-de-Ronsard,555.0
2020-02-24---2020-04-06_cluster_380,2020,2020-02-24,2020-04-06,35,380,41113,Lavardin,111.0
2020-02-24---2020-04-06_cluster_380,2020,2020-02-24,2020-04-06,35,380,44007,Avessac,65.0
2020-02-24---2020-04-06_cluster_380,2020,2020-02-24,2020-04-06,35,380,44013,Besné,77.0
2020-02-24---2020-04-06_cluster_380,2020,2020-02-24,2020-04-06,35,380,44019,Bouée,52.0
2020-02-24---2020-04-06_cluster_380,2020,2020-02-24,2020-04-06,35,380,44032,La Chapelle-Heulin,48.0
2020-02-24---2020-04-06_cluster_380,2020,2020-02-24,2020-04-06,35,380,44047,Couëron,117.0
2020-02-24---2020-04-06_cluster_380,2020,2020-02-24,2020-04-06,35,380,44052,Donges,128.0
2020-02-24---2020-04-06_cluster_380,2020,2020-02-24,2020-04-06,35,380,44061,Frossay,10.0
2020-02-24---2020-04-06_cluster_380,2020,2020-02-24,2020-04-06,35,380,44067,Guémené-Penfao,404.0
2020-02-24---2020-04-06_cluster_380,2020,2020-02-24,2020-04-06,35,380,44068,Guenrouet,28.0
2020-02-24---2020-04-06_cluster_380,2020,2020-02-24,2020-04-06,35,380,44087,Machecoul-Saint-Même,721.0
2020-02-24---2020-04-06_cluster_380,2020,2020-02-24,2020-04-06,35,380,44092,Massérac,299.0
2020-02-24---2020-04-06_cluster_380,2020,2020-02-24,2020-04-06,35,380,44103,Montoir-de-Bretagne,57.0
2020-02-24---2020-04-06_cluster_380,2020,2020-02-24,2020-04-06,35,380,44123,Pierric,358.0
2020-02-24---2020-04-06_cluster_380,2020,2020-02-24,2020-04-06,35,380,44132,Pornichet,341.0
2020-02-24---2020-04-06_cluster_380,2020,2020-02-24,2020-04-06,35,380,44133,Port-Saint-Père,251.0
2020-02-24---2020-04-06_cluster_380,2020,2020-02-24,2020-04-06,35,380,44151,Saint-André-des-Eaux,50.0
2020-02-24---2020-04-06_cluster_380,2020,2020-02-24,2020-04-06,35,380,44176,Saint-Malo-de-Guersac,10.0
2020-02-24---2020-04-06_cluster_380,2020,2020-02-24,2020-04-06,35,380,44178,Saint-Mars-de-Coutais,171.0
2020-02-24---2020-04-06_cluster_380,2020,2020-02-24,2020-04-06,35,380,44179,Saint-Mars-du-Désert,20.0
2020-02-24---2020-04-06_cluster_380,2020,2020-02-24,2020-04-06,35,380,44183,Saint-Molf,71.0
2020-02-24---2020-04-06_cluster_380,2020,2020-02-24,2020-04-06,35,380,44184,Saint-Nazaire,40.0
2020-02-24---2020-04-06_cluster_380,2020,2020-02-24,2020-04-06,35,380,44185,Saint-Nicolas-de-Redon,190.0
2020-02-24---2020-04-06_cluster_380,2020,2020-02-24,2020-04-06,35,380,44188,Saint-Philbert-de-Grand-Lieu,154.0
2020-02-24---2020-04-06_cluster_380,2020,2020-02-24,2020-04-06,35,380,44196,Sévérac,12.0
2020-02-24---2020-04-06_cluster_380,2020,2020-02-24,2020-04-06,35,380,44210,Trignac,80.0
2020-02-24---2020-04-06_cluster_380,2020,2020-02-24,2020-04-06,35,380,49007,Angers,207.0
2020-02-24---2020-04-06_cluster_380,2020,2020-02-24,2020-04-06,35,380,49048,Briollay,289.0
2020-02-24---2020-04-06_cluster_380,2020,2020-02-24,2020-04-06,35,380,49082,Chaudefonds-sur-Layon,232.0
2020-02-24---2020-04-06_cluster_380,2020,2020-02-24,2020-04-06,35,380,49110,Corzé,414.0
2020-02-24---2020-04-06_cluster_380,2020,2020-02-24,2020-04-06,35,380,49129,Écouflant,498.0
2020-02-24---2020-04-06_cluster_380,2020,2020-02-24,2020-04-06,35,380,49132,Étriché,487.0
2020-02-24---2020-04-06_cluster_380,2020,2020-02-24,2020-04-06,35,380,49222,Mozé-sur-Louet,44.0
2020-02-24---2020-04-06_cluster_380,2020,2020-02-24,2020-04-06,35,380,49259,Rochefort-sur-Loire,189.0
2020-02-24---2020-04-06_cluster_380,2020,2020-02-24,2020-04-06,35,380,49292,Val-du-Layon,640.0
2020-02-24---2020-04-06_cluster_380,2020,2020-02-24,2020-04-06,35,380,49333,Seiches-sur-le-Loir,309.0
2020-02-24---2020-04-06_cluster_380,2020,2020-02-24,2020-04-06,35,380,50004,Airel,49.0
2020-02-24---2020-04-06_cluster_380,2020,2020-02-24,2020-04-06,35,380,50016,Appeville,77.0
2020-02-24---2020-04-06_cluster_380,2020,2020-02-24,2020-04-06,35,380,50023,Auvers,89.0
2020-02-24---2020-04-06_cluster_380,2020,2020-02-24,2020-04-06,35,380,50052,Beuzeville-la-Bastille,90.0
2020-02-24---2020-04-06_cluster_380,2020,2020-02-24,2020-04-06,35,380,50070,Boutteville,80.0
2020-02-24---2020-04-06_cluster_380,2020,2020-02-24,2020-04-06,35,380,50099,Carentan-les-Marais,74.0
2020-02-24---2020-04-06_cluster_380,2020,2020-02-24,2020-04-06,35,380,50151,Créances,365.0
2020-02-24---2020-04-06_cluster_380,2020,2020-02-24,2020-04-06,35,380,50216,Graignes-Mesnil-Angot,14.0
2020-02-24---2020-04-06_cluster_380,2020,2020-02-24,2020-04-06,35,380,50269,Liesville-sur-Douve,116.0
2020-02-24---2020-04-06_cluster_380,2020,2020-02-24,2020-04-06,35,380,50298,Méautis,50.0
2020-02-24---2020-04-06_cluster_380,2020,2020-02-24,2020-04-06,35,380,50431,Remilly Les Marais,24.0
2020-02-24---2020-04-06_cluster_380,2020,2020-02-24,2020-04-06,35,380,50445,Saint-André-de-Bohon,18.0
2020-02-24---2020-04-06_cluster_380,2020,2020-02-24,2020-04-06,35,380,50468,Saint-Fromond,87.0
2020-02-24---2020-04-06_cluster_380,2020,2020-02-24,2020-04-06,35,380,50488,Saint-Jean-de-Daye,43.0
2020-02-24---2020-04-06_cluster_380,2020,2020-02-24,2020-04-06,35,380,50562,Saint-Vaast-la-Hougue,21.0
2020-02-24---2020-04-06_cluster_380,2020,2020-02-24,2020-04-06,35,380,50606,Tribehou,44.0
2020-02-24---2020-04-06_cluster_380,2020,2020-02-24,2020-04-06,35,380,50617,Varenguebec,115.0
2020-02-24---2020-04-06_cluster_380,2020,2020-02-24,2020-04-06,35,380,51018,Athis,32.0
2020-02-24---2020-04-06_cluster_380,2020,2020-02-24,2020-04-06,35,380,51023,Aulnay-sur-Marne,148.0
2020-02-24---2020-04-06_cluster_380,2020,2020-02-24,2020-04-06,35,380,51065,Blacy,140.0
2020-02-24---2020-04-06_cluster_380,2020,2020-02-24,2020-04-06,35,380,51143,Le Chemin,70.0
2020-02-24---2020-04-06_cluster_380,2020,2020-02-24,2020-04-06,35,380,51153,Chouilly,261.0
2020-02-24---2020-04-06_cluster_380,2020,2020-02-24,2020-04-06,35,380,51171,Cormicy,378.0
2020-02-24---2020-04-06_cluster_380,2020,2020-02-24,2020-04-06,35,380,51242,Fagnières,21.0
2020-02-24---2020-04-06_cluster_380,2020,2020-02-24,2020-04-06,35,380,51303,Jâlons,10.0
2020-02-24---2020-04-06_cluster_380,2020,2020-02-24,2020-04-06,35,380,51344,Mardeuil,363.0
2020-02-24---2020-04-06_cluster_380,2020,2020-02-24,2020-04-06,35,380,51357,Matougues,10.0
2020-02-24---2020-04-06_cluster_380,2020,2020-02-24,2020-04-06,35,380,51413,Oiry,48.0
2020-02-24---2020-04-06_cluster_380,2020,2020-02-24,2020-04-06,35,380,51446,Pringy,10.0
2020-02-24---2020-04-06_cluster_380,2020,2020-02-24,2020-04-06,35,380,51483,Saint-Gibrien,66.0
2020-02-24---2020-04-06_cluster_380,2020,2020-02-24,2020-04-06,35,380,51502,Saint-Martin-aux-Champs,10.0
2020-02-24---2020-04-06_cluster_380,2020,2020-02-24,2020-04-06,35,380,51519,Saint-Thomas-en-Argonne,93.0
2020-02-24---2020-04-06_cluster_380,2020,2020-02-24,2020-04-06,35,380,51533,Servon-Melzicourt,80.0
2020-02-24---2020-04-06_cluster_380,2020,2020-02-24,2020-04-06,35,380,51552,Songy,10.0
2020-02-24---2020-04-06_cluster_380,2020,2020-02-24,2020-04-06,35,380,51610,Verrières,445.0
2020-02-24---2020-04-06_cluster_380,2020,2020-02-24,2020-04-06,35,380,51620,Vienne-la-Ville,17.0
2020-02-24---2020-04-06_cluster_380,2020,2020-02-24,2020-04-06,35,380,51648,Vitry-la-Ville,55.0
2020-02-24---2020-04-06_cluster_380,2020,2020-02-24,2020-04-06,35,380,52074,Breuvannes-en-Bassigny,22.0
2020-02-24---2020-04-06_cluster_380,2020,2020-02-24,2020-04-06,35,380,52118,Chatonrupt-Sommermont,329.0
2020-02-24---2020-04-06_cluster_380,2020,2020-02-24,2020-04-06,35,380,52174,Doncourt-sur-Meuse,18.0
2020-02-24---2020-04-06_cluster_380,2020,2020-02-24,2020-04-06,35,380,52512,Vecqueville,56.0
2020-02-24---2020-04-06_cluster_380,2020,2020-02-24,2020-04-06,35,380,52548,Vraincourt,20.0
2020-02-24---2020-04-06_cluster_380,2020,2020-02-24,2020-04-06,35,380,54001,Abaucourt,19.0
2020-02-24---2020-04-06_cluster_380,2020,2020-02-24,2020-04-06,35,380,54061,Bénaménil,10.0
2020-02-24---2020-04-06_cluster_380,2020,2020-02-24,2020-04-06,35,380,54070,Bey-sur-Seille,97.0
2020-02-24---2020-04-06_cluster_380,2020,2020-02-24,2020-04-06,35,380,54227,Giraumont,375.0
2020-02-24---2020-04-06_cluster_380,2020,2020-02-24,2020-04-06,35,380,54313,Létricourt,41.0
2020-02-24---2020-04-06_cluster_380,2020,2020-02-24,2020-04-06,35,380,54374,Moncel-sur-Seille,10.0
2020-02-24---2020-04-06_cluster_380,2020,2020-02-24,2020-04-06,35,380,54387,Morville-sur-Seille,37.0
2020-02-24---2020-04-06_cluster_380,2020,2020-02-24,2020-04-06,35,380,54433,Port-sur-Seille,35.0
2020-02-24---2020-04-06_cluster_380,2020,2020-02-24,2020-04-06,35,380,54440,Puxe,56.0
2020-02-24---2020-04-06_cluster_380,2020,2020-02-24,2020-04-06,35,380,55007,Ambly-sur-Meuse,41.0
2020-02-24---2020-04-06_cluster_380,2020,2020-02-24,2020-04-06,35,380,55009,Ancemont,142.0
2020-02-24---2020-04-06_cluster_380,2020,2020-02-24,2020-04-06,35,380,55027,Bannoncourt,307.0
2020-02-24---2020-04-06_cluster_380,2020,2020-02-24,2020-04-06,35,380,55042,Belleray,312.0
2020-02-24---2020-04-06_cluster_380,2020,2020-02-24,2020-04-06,35,380,55043,Belleville-sur-Meuse,160.0
2020-02-24---2020-04-06_cluster_380,2020,2020-02-24,2020-04-06,35,380,55054,Bislée,202.0
2020-02-24---2020-04-06_cluster_380,2020,2020-02-24,2020-04-06,35,380,55064,Bouquemont,318.0
2020-02-24---2020-04-06_cluster_380,2020,2020-02-24,2020-04-06,35,380,55078,Brieulles-sur-Meuse,352.0
2020-02-24---2020-04-06_cluster_380,2020,2020-02-24,2020-04-06,35,380,55080,Brixey-aux-Chanoines,27.0
2020-02-24---2020-04-06_cluster_380,2020,2020-02-24,2020-04-06,35,380,55097,Chalaines,673.0
2020-02-24---2020-04-06_cluster_380,2020,2020-02-24,2020-04-06,35,380,55099,Champneuville,209.0
2020-02-24---2020-04-06_cluster_380,2020,2020-02-24,2020-04-06,35,380,55102,Charny-sur-Meuse,356.0
2020-02-24---2020-04-06_cluster_380,2020,2020-02-24,2020-04-06,35,380,55111,Chauvoncourt,376.0
2020-02-24---2020-04-06_cluster_380,2020,2020-02-24,2020-04-06,35,380,55122,Commercy,389.0
2020-02-24---2020-04-06_cluster_380,2020,2020-02-24,2020-04-06,35,380,55146,Dannevoux,209.0
2020-02-24---2020-04-06_cluster_380,2020,2020-02-24,2020-04-06,35,380,55154,Dieue-sur-Meuse,336.0
2020-02-24---2020-04-06_cluster_380,2020,2020-02-24,2020-04-06,35,380,55168,Duzey,49.0
2020-02-24---2020-04-06_cluster_380,2020,2020-02-24,2020-04-06,35,380,55275,Lamouilly,22.0
2020-02-24---2020-04-06_cluster_380,2020,2020-02-24,2020-04-06,35,380,55292,Liny-devant-Dun,346.0
2020-02-24---2020-04-06_cluster_380,2020,2020-02-24,2020-04-06,35,380,55310,Luzy-Saint-Martin,272.0
2020-02-24---2020-04-06_cluster_380,2020,2020-02-24,2020-04-06,35,380,55312,Maizey,329.0
2020-02-24---2020-04-06_cluster_380,2020,2020-02-24,2020-04-06,35,380,55321,Marre,164.0
2020-02-24---2020-04-06_cluster_380,2020,2020-02-24,2020-04-06,35,380,55328,Maxey-sur-Vaise,281.0
2020-02-24---2020-04-06_cluster_380,2020,2020-02-24,2020-04-06,35,380,55345,Mont-devant-Sassey,259.0
2020-02-24---2020-04-06_cluster_380,2020,2020-02-24,2020-04-06,35,380,55347,Les Monthairons,206.0
2020-02-24---2020-04-06_cluster_380,2020,2020-02-24,2020-04-06,35,380,55383,Neuvilly-en-Argonne,40.0
2020-02-24---2020-04-06_cluster_380,2020,2020-02-24,2020-04-06,35,380,55408,Pouilly-sur-Meuse,227.0
2020-02-24---2020-04-06_cluster_380,2020,2020-02-24,2020-04-06,35,380,55410,Quincy-Landzécourt,134.0
2020-02-24---2020-04-06_cluster_380,2020,2020-02-24,2020-04-06,35,380,55422,Regnéville-sur-Meuse,457.0
2020-02-24---2020-04-06_cluster_380,2020,2020-02-24,2020-04-06,35,380,55427,Revigny-sur-Ornain,12.0
2020-02-24---2020-04-06_cluster_380,2020,2020-02-24,2020-04-06,35,380,55433,Rigny-la-Salle,296.0
2020-02-24---2020-04-06_cluster_380,2020,2020-02-24,2020-04-06,35,380,55444,Rouvrois-sur-Meuse,62.0
2020-02-24---2020-04-06_cluster_380,2020,2020-02-24,2020-04-06,35,380,55456,Saint-Germain-sur-Meuse,10.0
2020-02-24---2020-04-06_cluster_380,2020,2020-02-24,2020-04-06,35,380,55469,Sassey-sur-Meuse,162.0
2020-02-24---2020-04-06_cluster_380,2020,2020-02-24,2020-04-06,35,380,55485,Sepvigny,267.0
2020-02-24---2020-04-06_cluster_380,2020,2020-02-24,2020-04-06,35,380,55503,Taillancourt,47.0
2020-02-24---2020-04-06_cluster_380,2020,2020-02-24,2020-04-06,35,380,55512,Tilly-sur-Meuse,163.0
2020-02-24---2020-04-06_cluster_380,2020,2020-02-24,2020-04-06,35,380,55522,Ugny-sur-Meuse,36.0
2020-02-24---2020-04-06_cluster_380,2020,2020-02-24,2020-04-06,35,380,55526,Vadonville,24.0
2020-02-24---2020-04-06_cluster_380,2020,2020-02-24,2020-04-06,35,380,55552,Vigneul-sous-Montmédy,10.0
2020-02-24---2020-04-06_cluster_380,2020,2020-02-24,2020-04-06,35,380,55573,Void-Vacon,35.0
2020-02-24---2020-04-06_cluster_380,2020,2020-02-24,2020-04-06,35,380,55584,Woimbey,38.0
2020-02-24---2020-04-06_cluster_380,2020,2020-02-24,2020-04-06,35,380,56018,Billiers,21.0
2020-02-24---2020-04-06_cluster_380,2020,2020-02-24,2020-04-06,35,380,56154,Peillac,305.0
2020-02-24---2020-04-06_cluster_380,2020,2020-02-24,2020-04-06,35,380,56223,Saint-Jean-la-Poterie,38.0
2020-02-24---2020-04-06_cluster_380,2020,2020-02-24,2020-04-06,35,380,56239,Saint-Vincent-sur-Oust,249.0
2020-02-24---2020-04-06_cluster_380,2020,2020-02-24,2020-04-06,35,380,56252,Le Tour-du-Parc,10.0
2020-02-24---2020-04-06_cluster_380,2020,2020-02-24,2020-04-06,35,380,57002,Aboncourt-sur-Seille,169.0
2020-02-24---2020-04-06_cluster_380,2020,2020-02-24,2020-04-06,35,380,57040,Aulnois-sur-Seille,29.0
2020-02-24---2020-04-06_cluster_380,2020,2020-02-24,2020-04-06,35,380,57054,Baudrecourt,28.0
2020-02-24---2020-04-06_cluster_380,2020,2020-02-24,2020-04-06,35,380,57070,Bettange,45.0
2020-02-24---2020-04-06_cluster_380,2020,2020-02-24,2020-04-06,35,380,57088,Bistroff,24.0
2020-02-24---2020-04-06_cluster_380,2020,2020-02-24,2020-04-06,35,380,57155,Courcelles-Chaussy,24.0
2020-02-24---2020-04-06_cluster_380,2020,2020-02-24,2020-04-06,35,380,57162,Cuvry,23.0
2020-02-24---2020-04-06_cluster_380,2020,2020-02-24,2020-04-06,35,380,57187,Éblange,39.0
2020-02-24---2020-04-06_cluster_380,2020,2020-02-24,2020-04-06,35,380,57236,Frémery,47.0
2020-02-24---2020-04-06_cluster_380,2020,2020-02-24,2020-04-06,35,380,57262,Grostenquin,32.0
2020-02-24---2020-04-06_cluster_380,2020,2020-02-24,2020-04-06,35,380,57293,Han-sur-Nied,59.0
2020-02-24---2020-04-06_cluster_380,2020,2020-02-24,2020-04-06,35,380,57297,Harprich,22.0
2020-02-24---2020-04-06_cluster_380,2020,2020-02-24,2020-04-06,35,380,57308,Hazembourg,94.0
2020-02-24---2020-04-06_cluster_380,2020,2020-02-24,2020-04-06,35,380,57329,Holling,42.0
2020-02-24---2020-04-06_cluster_380,2020,2020-02-24,2020-04-06,35,380,57346,Insming,77.0
2020-02-24---2020-04-06_cluster_380,2020,2020-02-24,2020-04-06,35,380,57392,Lemud,24.0
2020-02-24---2020-04-06_cluster_380,2020,2020-02-24,2020-04-06,35,380,57431,Maizeroy,69.0
2020-02-24---2020-04-06_cluster_380,2020,2020-02-24,2020-04-06,35,380,57440,Manhoué,10.0
2020-02-24---2020-04-06_cluster_380,2020,2020-02-24,2020-04-06,35,380,57501,Neufvillage,23.0
2020-02-24---2020-04-06_cluster_380,2020,2020-02-24,2020-04-06,35,380,57547,Pommérieux,46.0
2020-02-24---2020-04-06_cluster_380,2020,2020-02-24,2020-04-06,35,380,57555,Prévocourt,13.0
2020-02-24---2020-04-06_cluster_380,2020,2020-02-24,2020-04-06,35,380,57627,Sanry-sur-Nied,24.0
2020-02-24---2020-04-06_cluster_380,2020,2020-02-24,2020-04-06,35,380,57708,Verny,38.0
2020-02-24---2020-04-06_cluster_380,2020,2020-02-24,2020-04-06,35,380,58173,Montaron,292.0
2020-02-24---2020-04-06_cluster_380,2020,2020-02-24,2020-04-06,35,380,58290,Thaix,427.0
2020-02-24---2020-04-06_cluster_380,2020,2020-02-24,2020-04-06,35,380,59318,Houtkerque,17.0
2020-02-24---2020-04-06_cluster_380,2020,2020-02-24,2020-04-06,35,380,60105,Brétigny,16.0
2020-02-24---2020-04-06_cluster_380,2020,2020-02-24,2020-04-06,35,380,60507,Pontoise-lès-Noyon,171.0
2020-02-24---2020-04-06_cluster_380,2020,2020-02-24,2020-04-06,35,380,60655,Varesnes,147.0
2020-02-24---2020-04-06_cluster_380,2020,2020-02-24,2020-04-06,35,380,61026,Barville,18.0
2020-02-24---2020-04-06_cluster_380,2020,2020-02-24,2020-04-06,35,380,61049,Boissei-la-Lande,32.0
2020-02-24---2020-04-06_cluster_380,2020,2020-02-24,2020-04-06,35,380,61066,Buré,27.0
2020-02-24---2020-04-06_cluster_380,2020,2020-02-24,2020-04-06,35,380,61079,Ceton,15.0
2020-02-24---2020-04-06_cluster_380,2020,2020-02-24,2020-04-06,35,380,61256,Médavy,36.0
2020-02-24---2020-04-06_cluster_380,2020,2020-02-24,2020-04-06,35,380,61375,Boischampré,30.0
2020-02-24---2020-04-06_cluster_380,2020,2020-02-24,2020-04-06,35,380,61450,Saint-Quentin-de-Blavou,30.0
2020-02-24---2020-04-06_cluster_380,2020,2020-02-24,2020-04-06,35,380,62894,Wimille,44.0
2020-02-24---2020-04-06_cluster_380,2020,2020-02-24,2020-04-06,35,380,67019,Baldenheim,20.0
2020-02-24---2020-04-06_cluster_380,2020,2020-02-24,2020-04-06,35,380,67116,Ebersmunster,15.0
2020-02-24---2020-04-06_cluster_380,2020,2020-02-24,2020-04-06,35,380,67183,Harskirchen,10.0
2020-02-24---2020-04-06_cluster_380,2020,2020-02-24,2020-04-06,35,380,67196,Hilsenheim,306.0
2020-02-24---2020-04-06_cluster_380,2020,2020-02-24,2020-04-06,35,380,67199,Hinsingen,48.0
2020-02-24---2020-04-06_cluster_380,2020,2020-02-24,2020-04-06,35,380,67205,Hœrdt,10.0
2020-02-24---2020-04-06_cluster_380,2020,2020-02-24,2020-04-06,35,380,67311,Muttersholtz,52.0
2020-02-24---2020-04-06_cluster_380,2020,2020-02-24,2020-04-06,35,380,67312,Mutzenhouse,47.0
2020-02-24---2020-04-06_cluster_380,2020,2020-02-24,2020-04-06,35,380,67516,Waltenheim-sur-Zorn,50.0
2020-02-24---2020-04-06_cluster_380,2020,2020-02-24,2020-04-06,35,380,70012,Amance,191.0
2020-02-24---2020-04-06_cluster_380,2020,2020-02-24,2020-04-06,35,380,70072,Beveuge,30.0
2020-02-24---2020-04-06_cluster_380,2020,2020-02-24,2020-04-06,35,380,70105,Bucey-lès-Traves,436.0
2020-02-24---2020-04-06_cluster_380,2020,2020-02-24,2020-04-06,35,380,70127,Chantes,405.0
2020-02-24---2020-04-06_cluster_380,2020,2020-02-24,2020-04-06,35,380,70167,Conflandey,33.0
2020-02-24---2020-04-06_cluster_380,2020,2020-02-24,2020-04-06,35,380,70236,Fleurey-lès-Faverney,22.0
2020-02-24---2020-04-06_cluster_380,2020,2020-02-24,2020-04-06,35,380,70244,Fouchécourt,362.0
2020-02-24---2020-04-06_cluster_380,2020,2020-02-24,2020-04-06,35,380,70317,Les Magny,361.0
2020-02-24---2020-04-06_cluster_380,2020,2020-02-24,2020-04-06,35,380,70427,Purgerot,10.0
2020-02-24---2020-04-06_cluster_380,2020,2020-02-24,2020-04-06,35,380,70437,Ranzevelle,55.0
2020-02-24---2020-04-06_cluster_380,2020,2020-02-24,2020-04-06,35,380,70454,Rosières-sur-Mance,59.0
2020-02-24---2020-04-06_cluster_380,2020,2020-02-24,2020-04-06,35,380,70491,Seveux-Motey,419.0
2020-02-24---2020-04-06_cluster_380,2020,2020-02-24,2020-04-06,35,380,70492,Soing-Cubry-Charentenay,437.0
2020-02-24---2020-04-06_cluster_380,2020,2020-02-24,2020-04-06,35,380,70504,Traves,744.0
2020-02-24---2020-04-06_cluster_380,2020,2020-02-24,2020-04-06,35,380,70529,Velet,15.0
2020-02-24---2020-04-06_cluster_380,2020,2020-02-24,2020-04-06,35,380,70539,Vellexon-Queutrey-et-Vaudey,291.0
2020-02-24---2020-04-06_cluster_380,2020,2020-02-24,2020-04-06,35,380,70562,Villers-la-Ville,30.0
2020-02-24---2020-04-06_cluster_380,2020,2020-02-24,2020-04-06,35,380,70572,Vitrey-sur-Mance,35.0
2020-02-24---2020-04-06_cluster_380,2020,2020-02-24,2020-04-06,35,380,71219,Gigny-sur-Saône,127.0
2020-02-24---2020-04-06_cluster_380,2020,2020-02-24,2020-04-06,35,380,71244,Jouvençon,158.0
2020-02-24---2020-04-06_cluster_380,2020,2020-02-24,2020-04-06,35,380,71283,Marnay,54.0
2020-02-24---2020-04-06_cluster_380,2020,2020-02-24,2020-04-06,35,380,71315,Mont-lès-Seurre,171.0
2020-02-24---2020-04-06_cluster_380,2020,2020-02-24,2020-04-06,35,380,71332,Ormes,177.0
2020-02-24---2020-04-06_cluster_380,2020,2020-02-24,2020-04-06,35,380,71352,Le Planois,41.0
2020-02-24---2020-04-06_cluster_380,2020,2020-02-24,2020-04-06,35,380,71365,Rancy,84.0
2020-02-24---2020-04-06_cluster_380,2020,2020-02-24,2020-04-06,35,380,71423,Saint-Gervais-en-Vallière,10.0
2020-02-24---2020-04-06_cluster_380,2020,2020-02-24,2020-04-06,35,380,71504,Saunières,22.0
2020-02-24---2020-04-06_cluster_380,2020,2020-02-24,2020-04-06,35,380,71514,Sens-sur-Seille,53.0
2020-02-24---2020-04-06_cluster_380,2020,2020-02-24,2020-04-06,35,380,72049,La Bruère-sur-Loir,605.0
2020-02-24---2020-04-06_cluster_380,2020,2020-02-24,2020-04-06,35,380,72115,Dissay-sous-Courcillon,467.0
2020-02-24---2020-04-06_cluster_380,2020,2020-02-24,2020-04-06,35,380,72183,Marçon,324.0
2020-02-24---2020-04-06_cluster_380,2020,2020-02-24,2020-04-06,35,380,72265,Saint-Aignan,48.0
2020-02-24---2020-04-06_cluster_380,2020,2020-02-24,2020-04-06,35,380,72283,Saint-Germain-d'Arcé,1096.0
2020-02-24---2020-04-06_cluster_380,2020,2020-02-24,2020-04-06,35,380,72289,Sainte-Jamme-sur-Sarthe,555.0
2020-02-24---2020-04-06_cluster_380,2020,2020-02-24,2020-04-06,35,380,72357,Thorée-les-Pins,140.0
2020-02-24---2020-04-06_cluster_380,2020,2020-02-24,2020-04-06,35,380,77125,Condé-Sainte-Libiaire,23.0
2020-02-24---2020-04-06_cluster_380,2020,2020-02-24,2020-04-06,35,380,77248,Lesches,178.0
2020-02-24---2020-04-06_cluster_380,2020,2020-02-24,2020-04-06,35,380,77522,Villiers-sur-Seine,161.0
2020-02-24---2020-04-06_cluster_380,2020,2020-02-24,2020-04-06,35,380,85004,Angles,10.0
2020-02-24---2020-04-06_cluster_380,2020,2020-02-24,2020-04-06,35,380,85088,Le Fenouiller,76.0
2020-02-24---2020-04-06_cluster_380,2020,2020-02-24,2020-04-06,35,380,85090,Sèvremont,31.0
2020-02-24---2020-04-06_cluster_380,2020,2020-02-24,2020-04-06,35,380,85104,Grues,25.0
2020-02-24---2020-04-06_cluster_380,2020,2020-02-24,2020-04-06,35,380,85105,Le Gué-de-Velluire,80.0
2020-02-24---2020-04-06_cluster_380,2020,2020-02-24,2020-04-06,35,380,85127,Longeville-sur-Mer,34.0
2020-02-24---2020-04-06_cluster_380,2020,2020-02-24,2020-04-06,35,380,85189,Notre-Dame-de-Riez,29.0
2020-02-24---2020-04-06_cluster_380,2020,2020-02-24,2020-04-06,35,380,85207,Saint-Denis-du-Payré,161.0
2020-02-24---2020-04-06_cluster_380,2020,2020-02-24,2020-04-06,35,380,85294,La Tranche-sur-Mer,260.0
2020-02-24---2020-04-06_cluster_380,2020,2020-02-24,2020-04-06,35,380,88003,Aingeville,31.0
2020-02-24---2020-04-06_cluster_380,2020,2020-02-24,2020-04-06,35,380,88031,Balléville,29.0
2020-02-24---2020-04-06_cluster_380,2020,2020-02-24,2020-04-06,35,380,88242,Houéville,20.0
2020-02-24---2020-04-06_cluster_380,2020,2020-02-24,2020-04-06,35,380,88312,Morelmaison,53.0
2020-02-24---2020-04-06_cluster_380,2020,2020-02-24,2020-04-06,35,380,89184,Fulvy,16.0
2020-02-24---2020-04-06_cluster_380,2020,2020-02-24,2020-04-06,35,380,89234,Lucy-sur-Yonne,529.0
2020-04-13---2020-05-25_cluster_86,2020,2020-04-13,2020-05-25,35,86,03016,Barberier,41.0
2020-04-13---2020-05-25_cluster_86,2020,2020-04-13,2020-05-25,35,86,63332,Saint-Clément-de-Régnat,10.0
2020-05-11---2020-05-18_cluster_116,2020,2020-05-11,2020-05-18,7,116,40063,Candresse,122.0
2020-05-11---2020-05-18_cluster_116,2020,2020-05-11,2020-05-18,7,116,40088,Dax,317.0
2020-05-11---2020-05-18_cluster_116,2020,2020-05-11,2020-05-18,7,116,40208,Onard,129.0
2020-05-11---2020-05-18_cluster_116,2020,2020-05-11,2020-05-18,7,116,40222,Pey,300.0
2020-05-11---2020-05-18_cluster_116,2020,2020-05-11,2020-05-18,7,116,40235,Poyanne,382.0
2020-05-11---2020-05-18_cluster_116,2020,2020-05-11,2020-05-18,7,116,40263,Saint-Jean-de-Lier,364.0
2020-05-11---2020-05-18_cluster_116,2020,2020-05-11,2020-05-18,7,116,40324,Vicq-d'Auribat,338.0
2020-05-11---2020-05-18_cluster_116,2020,2020-05-11,2020-05-18,7,116,40334,Yzosse,409.0
2020-08-17---2020-08-24_cluster_222,2020,2020-08-17,2020-08-24,7,222,44183,Saint-Molf,51.0
2020-09-28---2020-11-30_cluster_273,2020,2020-09-28,2020-11-30,63,273,17155,Étaules,100.0
2020-09-28---2020-11-30_cluster_273,2020,2020-09-28,2020-11-30,63,273,35179,Miniac-Morvan,17.0
2020-09-28---2020-11-30_cluster_273,2020,2020-09-28,2020-11-30,63,273,44047,Couëron,131.0
2020-09-28---2020-11-30_cluster_273,2020,2020-09-28,2020-11-30,63,273,44061,Frossay,10.0
2020-09-28---2020-11-30_cluster_273,2020,2020-09-28,2020-11-30,63,273,44126,La Plaine-sur-Mer,23.0
2020-09-28---2020-11-30_cluster_273,2020,2020-09-28,2020-11-30,63,273,44136,Préfailles,10.0
2020-09-28---2020-11-30_cluster_273,2020,2020-09-28,2020-11-30,63,273,44174,Saint-Lumine-de-Coutais,17.0
2020-09-28---2020-11-30_cluster_273,2020,2020-09-28,2020-11-30,63,273,50016,Appeville,35.0
2020-09-28---2020-11-30_cluster_273,2020,2020-09-28,2020-11-30,63,273,50023,Auvers,38.0
2020-09-28---2020-11-30_cluster_273,2020,2020-09-28,2020-11-30,63,273,50052,Beuzeville-la-Bastille,63.0
2020-09-28---2020-11-30_cluster_273,2020,2020-09-28,2020-11-30,63,273,50099,Carentan-les-Marais,14.0
2020-09-28---2020-11-30_cluster_273,2020,2020-09-28,2020-11-30,63,273,50151,Créances,336.0
2020-09-28---2020-11-30_cluster_273,2020,2020-09-28,2020-11-30,63,273,50269,Liesville-sur-Douve,80.0
2020-09-28---2020-11-30_cluster_273,2020,2020-09-28,2020-11-30,63,273,50400,Picauville,31.0
2020-09-28---2020-11-30_cluster_273,2020,2020-09-28,2020-11-30,63,273,50431,Remilly Les Marais,22.0
2020-09-28---2020-11-30_cluster_273,2020,2020-09-28,2020-11-30,63,273,50606,Tribehou,25.0
2020-09-28---2020-11-30_cluster_273,2020,2020-09-28,2020-11-30,63,273,50617,Varenguebec,91.0
2020-09-28---2020-11-30_cluster_273,2020,2020-09-28,2020-11-30,63,273,85004,Angles,10.0
2020-10-05---2020-11-23_cluster_281,2020,2020-10-05,2020-11-23,42,281,40211,Orist,456.0
2020-10-05---2020-11-23_cluster_281,2020,2020-10-05,2020-11-23,42,281,40222,Pey,558.0
2020-11-09---2021-01-04_cluster_393,2020,2020-11-09,2021-01-04,56,393,02014,Amigny-Rouy,194.0
2020-11-09---2021-01-04_cluster_393,2020,2020-11-09,2021-01-04,56,393,02040,Autreppes,10.0
2020-11-09---2021-01-04_cluster_393,2020,2020-11-09,2021-01-04,56,393,02262,Deuillet,10.0
2020-11-09---2021-01-04_cluster_393,2020,2020-11-09,2021-01-04,56,393,02456,Manicamp,50.0
2020-11-09---2021-01-04_cluster_393,2020,2020-11-09,2021-01-04,56,393,02575,Origny-Sainte-Benoite,16.0
2020-11-09---2021-01-04_cluster_393,2020,2020-11-09,2021-01-04,56,393,02624,Proisy,69.0
2020-11-09---2021-01-04_cluster_393,2020,2020-11-09,2021-01-04,56,393,02638,Remies,13.0
2020-11-09---2021-01-04_cluster_393,2020,2020-11-09,2021-01-04,56,393,02716,Servais,24.0
2020-11-09---2021-01-04_cluster_393,2020,2020-11-09,2021-01-04,56,393,02719,Sinceny,44.0
2020-11-09---2021-01-04_cluster_393,2020,2020-11-09,2021-01-04,56,393,08020,Les Petites-Armoises,17.0
2020-11-09---2021-01-04_cluster_393,2020,2020-11-09,2021-01-04,56,393,08082,Brécy-Brières,41.0
2020-11-09---2021-01-04_cluster_393,2020,2020-11-09,2021-01-04,56,393,08168,La Ferté-sur-Chiers,23.0
2020-11-09---2021-01-04_cluster_393,2020,2020-11-09,2021-01-04,56,393,08193,Givry,11.0
2020-11-09---2021-01-04_cluster_393,2020,2020-11-09,2021-01-04,56,393,08317,La Neuville-à-Maire,42.0
2020-11-09---2021-01-04_cluster_393,2020,2020-11-09,2021-01-04,56,393,14107,Bricqueville,25.0
2020-11-09---2021-01-04_cluster_393,2020,2020-11-09,2021-01-04,56,393,14168,Colombières,10.0
2020-11-09---2021-01-04_cluster_393,2020,2020-11-09,2021-01-04,56,393,14535,Reviers,10.0
2020-11-09---2021-01-04_cluster_393,2020,2020-11-09,2021-01-04,56,393,14711,Trévières,65.0
2020-11-09---2021-01-04_cluster_393,2020,2020-11-09,2021-01-04,56,393,32121,Endoufielle,66.0
2020-11-09---2021-01-04_cluster_393,2020,2020-11-09,2021-01-04,56,393,35179,Miniac-Morvan,48.0
2020-11-09---2021-01-04_cluster_393,2020,2020-11-09,2021-01-04,56,393,44007,Avessac,34.0
2020-11-09---2021-01-04_cluster_393,2020,2020-11-09,2021-01-04,56,393,44013,Besné,84.0
2020-11-09---2021-01-04_cluster_393,2020,2020-11-09,2021-01-04,56,393,44052,Donges,68.0
2020-11-09---2021-01-04_cluster_393,2020,2020-11-09,2021-01-04,56,393,44092,Massérac,249.0
2020-11-09---2021-01-04_cluster_393,2020,2020-11-09,2021-01-04,56,393,44123,Pierric,315.0
2020-11-09---2021-01-04_cluster_393,2020,2020-11-09,2021-01-04,56,393,44133,Port-Saint-Père,133.0
2020-11-09---2021-01-04_cluster_393,2020,2020-11-09,2021-01-04,56,393,44185,Saint-Nicolas-de-Redon,158.0
2020-11-09---2021-01-04_cluster_393,2020,2020-11-09,2021-01-04,56,393,50004,Airel,51.0
2020-11-09---2021-01-04_cluster_393,2020,2020-11-09,2021-01-04,56,393,50016,Appeville,31.0
2020-11-09---2021-01-04_cluster_393,2020,2020-11-09,2021-01-04,56,393,50023,Auvers,124.0
2020-11-09---2021-01-04_cluster_393,2020,2020-11-09,2021-01-04,56,393,50070,Boutteville,83.0
2020-11-09---2021-01-04_cluster_393,2020,2020-11-09,2021-01-04,56,393,50099,Carentan-les-Marais,96.0
2020-11-09---2021-01-04_cluster_393,2020,2020-11-09,2021-01-04,56,393,50151,Créances,296.0
2020-11-09---2021-01-04_cluster_393,2020,2020-11-09,2021-01-04,56,393,50210,Gorges,18.0
2020-11-09---2021-01-04_cluster_393,2020,2020-11-09,2021-01-04,56,393,50216,Graignes-Mesnil-Angot,10.0
2020-11-09---2021-01-04_cluster_393,2020,2020-11-09,2021-01-04,56,393,50269,Liesville-sur-Douve,22.0
2020-11-09---2021-01-04_cluster_393,2020,2020-11-09,2021-01-04,56,393,50298,Méautis,48.0
2020-11-09---2021-01-04_cluster_393,2020,2020-11-09,2021-01-04,56,393,50400,Picauville,46.0
2020-11-09---2021-01-04_cluster_393,2020,2020-11-09,2021-01-04,56,393,50409,Pont-Hébert,64.0
2020-11-09---2021-01-04_cluster_393,2020,2020-11-09,2021-01-04,56,393,50422,Raids,39.0
2020-11-09---2021-01-04_cluster_393,2020,2020-11-09,2021-01-04,56,393,50431,Remilly Les Marais,79.0
2020-11-09---2021-01-04_cluster_393,2020,2020-11-09,2021-01-04,56,393,50445,Saint-André-de-Bohon,12.0
2020-11-09---2021-01-04_cluster_393,2020,2020-11-09,2021-01-04,56,393,50468,Saint-Fromond,112.0
2020-11-09---2021-01-04_cluster_393,2020,2020-11-09,2021-01-04,56,393,50488,Saint-Jean-de-Daye,99.0
2020-11-09---2021-01-04_cluster_393,2020,2020-11-09,2021-01-04,56,393,50510,Saint-Martin-d'Aubigny,54.0
2020-11-09---2021-01-04_cluster_393,2020,2020-11-09,2021-01-04,56,393,50564,Terre-et-Marais,49.0
2020-11-09---2021-01-04_cluster_393,2020,2020-11-09,2021-01-04,56,393,50606,Tribehou,79.0
2020-11-09---2021-01-04_cluster_393,2020,2020-11-09,2021-01-04,56,393,50617,Varenguebec,33.0
2020-11-09---2021-01-04_cluster_393,2020,2020-11-09,2021-01-04,56,393,51143,Le Chemin,32.0
2020-11-09---2021-01-04_cluster_393,2020,2020-11-09,2021-01-04,56,393,56124,Malestroit,30.0
2020-11-09---2021-01-04_cluster_393,2020,2020-11-09,2021-01-04,56,393,56154,Peillac,318.0
2020-11-09---2021-01-04_cluster_393,2020,2020-11-09,2021-01-04,56,393,56239,Saint-Vincent-sur-Oust,302.0
2020-11-09---2021-01-04_cluster_393,2020,2020-11-09,2021-01-04,56,393,60105,Brétigny,15.0
2020-11-09---2021-01-04_cluster_393,2020,2020-11-09,2021-01-04,56,393,60507,Pontoise-lès-Noyon,151.0
2020-11-09---2021-01-04_cluster_393,2020,2020-11-09,2021-01-04,56,393,60655,Varesnes,138.0
2020-11-09---2021-01-04_cluster_393,2020,2020-11-09,2021-01-04,56,393,62125,Beuvrequen,11.0
2020-11-09---2021-01-04_cluster_393,2020,2020-11-09,2021-01-04,56,393,62894,Wimille,49.0
2020-11-09---2021-01-04_cluster_393,2020,2020-11-09,2021-01-04,56,393,71244,Jouvençon,155.0
2020-11-09---2021-01-04_cluster_393,2020,2020-11-09,2021-01-04,56,393,82144,Puycornet,10.0
2020-11-30---2021-01-04_cluster_394,2020,2020-11-30,2021-01-04,35,394,14107,Bricqueville,35.0
2020-11-30---2021-01-04_cluster_394,2020,2020-11-30,2021-01-04,35,394,14168,Colombières,10.0
2020-11-30---2021-01-04_cluster_394,2020,2020-11-30,2021-01-04,35,394,14535,Reviers,10.0
2020-11-30---2021-01-04_cluster_394,2020,2020-11-30,2021-01-04,35,394,14711,Trévières,65.0
2020-11-30---2021-01-04_cluster_394,2020,2020-11-30,2021-01-04,35,394,17069,Brives-sur-Charente,282.0
2020-11-30---2021-01-04_cluster_394,2020,2020-11-30,2021-01-04,35,394,17115,Colombiers,29.0
2020-11-30---2021-01-04_cluster_394,2020,2020-11-30,2021-01-04,35,394,17128,Courcoury,376.0
2020-11-30---2021-01-04_cluster_394,2020,2020-11-30,2021-01-04,35,394,17155,Étaules,106.0
2020-11-30---2021-01-04_cluster_394,2020,2020-11-30,2021-01-04,35,394,17179,Les Gonds,895.0
2020-11-30---2021-01-04_cluster_394,2020,2020-11-30,2021-01-04,35,394,17304,Rouffiac,282.0
2020-11-30---2021-01-04_cluster_394,2020,2020-11-30,2021-01-04,35,394,17400,Saint-Sever-de-Saintonge,222.0
2020-11-30---2021-01-04_cluster_394,2020,2020-11-30,2021-01-04,35,394,33395,Saint-Estèphe,18.0
2020-11-30---2021-01-04_cluster_394,2020,2020-11-30,2021-01-04,35,394,35179,Miniac-Morvan,48.0
2020-11-30---2021-01-04_cluster_394,2020,2020-11-30,2021-01-04,35,394,35236,Redon,592.0
2020-11-30---2021-01-04_cluster_394,2020,2020-11-30,2021-01-04,35,394,40063,Candresse,127.0
2020-11-30---2021-01-04_cluster_394,2020,2020-11-30,2021-01-04,35,394,40088,Dax,321.0
2020-11-30---2021-01-04_cluster_394,2020,2020-11-30,2021-01-04,35,394,40208,Onard,234.0
2020-11-30---2021-01-04_cluster_394,2020,2020-11-30,2021-01-04,35,394,40211,Orist,460.0
2020-11-30---2021-01-04_cluster_394,2020,2020-11-30,2021-01-04,35,394,40222,Pey,557.0
2020-11-30---2021-01-04_cluster_394,2020,2020-11-30,2021-01-04,35,394,40256,Saint-Étienne-d'Orthe,42.0
2020-11-30---2021-01-04_cluster_394,2020,2020-11-30,2021-01-04,35,394,40263,Saint-Jean-de-Lier,422.0
2020-11-30---2021-01-04_cluster_394,2020,2020-11-30,2021-01-04,35,394,40314,Tercis-les-Bains,453.0
2020-11-30---2021-01-04_cluster_394,2020,2020-11-30,2021-01-04,35,394,40324,Vicq-d'Auribat,339.0
2020-11-30---2021-01-04_cluster_394,2020,2020-11-30,2021-01-04,35,394,40334,Yzosse,388.0
2020-11-30---2021-01-04_cluster_394,2020,2020-11-30,2021-01-04,35,394,44007,Avessac,39.0
2020-11-30---2021-01-04_cluster_394,2020,2020-11-30,2021-01-04,35,394,44013,Besné,125.0
2020-11-30---2021-01-04_cluster_394,2020,2020-11-30,2021-01-04,35,394,44052,Donges,95.0
2020-11-30---2021-01-04_cluster_394,2020,2020-11-30,2021-01-04,35,394,44087,Machecoul-Saint-Même,488.0
2020-11-30---2021-01-04_cluster_394,2020,2020-11-30,2021-01-04,35,394,44092,Massérac,259.0
2020-11-30---2021-01-04_cluster_394,2020,2020-11-30,2021-01-04,35,394,44123,Pierric,338.0
2020-11-30---2021-01-04_cluster_394,2020,2020-11-30,2021-01-04,35,394,44133,Port-Saint-Père,157.0
2020-11-30---2021-01-04_cluster_394,2020,2020-11-30,2021-01-04,35,394,44174,Saint-Lumine-de-Coutais,23.0
2020-11-30---2021-01-04_cluster_394,2020,2020-11-30,2021-01-04,35,394,44176,Saint-Malo-de-Guersac,10.0
2020-11-30---2021-01-04_cluster_394,2020,2020-11-30,2021-01-04,35,394,44178,Saint-Mars-de-Coutais,151.0
2020-11-30---2021-01-04_cluster_394,2020,2020-11-30,2021-01-04,35,394,44179,Saint-Mars-du-Désert,16.0
2020-11-30---2021-01-04_cluster_394,2020,2020-11-30,2021-01-04,35,394,44185,Saint-Nicolas-de-Redon,161.0
2020-11-30---2021-01-04_cluster_394,2020,2020-11-30,2021-01-04,35,394,44188,Saint-Philbert-de-Grand-Lieu,104.0
2020-11-30---2021-01-04_cluster_394,2020,2020-11-30,2021-01-04,35,394,44196,Sévérac,16.0
2020-11-30---2021-01-04_cluster_394,2020,2020-11-30,2021-01-04,35,394,44210,Trignac,70.0
2020-11-30---2021-01-04_cluster_394,2020,2020-11-30,2021-01-04,35,394,49048,Briollay,215.0
2020-11-30---2021-01-04_cluster_394,2020,2020-11-30,2021-01-04,35,394,49129,Écouflant,377.0
2020-11-30---2021-01-04_cluster_394,2020,2020-11-30,2021-01-04,35,394,50004,Airel,83.0
2020-11-30---2021-01-04_cluster_394,2020,2020-11-30,2021-01-04,35,394,50016,Appeville,31.0
2020-11-30---2021-01-04_cluster_394,2020,2020-11-30,2021-01-04,35,394,50023,Auvers,130.0
2020-11-30---2021-01-04_cluster_394,2020,2020-11-30,2021-01-04,35,394,50070,Boutteville,87.0
2020-11-30---2021-01-04_cluster_394,2020,2020-11-30,2021-01-04,35,394,50099,Carentan-les-Marais,100.0
2020-11-30---2021-01-04_cluster_394,2020,2020-11-30,2021-01-04,35,394,50151,Créances,334.0
2020-11-30---2021-01-04_cluster_394,2020,2020-11-30,2021-01-04,35,394,50210,Gorges,18.0
2020-11-30---2021-01-04_cluster_394,2020,2020-11-30,2021-01-04,35,394,50216,Graignes-Mesnil-Angot,10.0
2020-11-30---2021-01-04_cluster_394,2020,2020-11-30,2021-01-04,35,394,50269,Liesville-sur-Douve,22.0
2020-11-30---2021-01-04_cluster_394,2020,2020-11-30,2021-01-04,35,394,50298,Méautis,48.0
2020-11-30---2021-01-04_cluster_394,2020,2020-11-30,2021-01-04,35,394,50400,Picauville,62.0
2020-11-30---2021-01-04_cluster_394,2020,2020-11-30,2021-01-04,35,394,50409,Pont-Hébert,64.0
2020-11-30---2021-01-04_cluster_394,2020,2020-11-30,2021-01-04,35,394,50422,Raids,40.0
2020-11-30---2021-01-04_cluster_394,2020,2020-11-30,2021-01-04,35,394,50431,Remilly Les Marais,79.0
2020-11-30---2021-01-04_cluster_394,2020,2020-11-30,2021-01-04,35,394,50445,Saint-André-de-Bohon,17.0
2020-11-30---2021-01-04_cluster_394,2020,2020-11-30,2021-01-04,35,394,50468,Saint-Fromond,113.0
2020-11-30---2021-01-04_cluster_394,2020,2020-11-30,2021-01-04,35,394,50488,Saint-Jean-de-Daye,99.0
2020-11-30---2021-01-04_cluster_394,2020,2020-11-30,2021-01-04,35,394,50510,Saint-Martin-d'Aubigny,54.0
2020-11-30---2021-01-04_cluster_394,2020,2020-11-30,2021-01-04,35,394,50564,Terre-et-Marais,49.0
2020-11-30---2021-01-04_cluster_394,2020,2020-11-30,2021-01-04,35,394,50606,Tribehou,79.0
2020-11-30---2021-01-04_cluster_394,2020,2020-11-30,2021-01-04,35,394,50617,Varenguebec,34.0
2020-11-30---2021-01-04_cluster_394,2020,2020-11-30,2021-01-04,35,394,56124,Malestroit,31.0
2020-11-30---2021-01-04_cluster_394,2020,2020-11-30,2021-01-04,35,394,56154,Peillac,678.0
2020-11-30---2021-01-04_cluster_394,2020,2020-11-30,2021-01-04,35,394,56223,Saint-Jean-la-Poterie,39.0
2020-11-30---2021-01-04_cluster_394,2020,2020-11-30,2021-01-04,35,394,56239,Saint-Vincent-sur-Oust,304.0
2020-11-30---2021-01-04_cluster_394,2020,2020-11-30,2021-01-04,35,394,64123,Bidache,89.0
2020-11-30---2021-01-04_cluster_394,2020,2020-11-30,2021-01-04,35,394,85207,Saint-Denis-du-Payré,118.0
2020-12-28---2021-02-08_cluster_345,2021,2020-12-28,2021-02-08,42,345,02014,Amigny-Rouy,195.0
2020-12-28---2021-02-08_cluster_345,2021,2020-12-28,2021-02-08,42,345,02040,Autreppes,38.0
2020-12-28---2021-02-08_cluster_345,2021,2020-12-28,2021-02-08,42,345,02208,Concevreux,194.0
2020-12-28---2021-02-08_cluster_345,2021,2020-12-28,2021-02-08,42,345,02262,Deuillet,16.0
2020-12-28---2021-02-08_cluster_345,2021,2020-12-28,2021-02-08,42,345,02638,Remies,20.0
2020-12-28---2021-02-08_cluster_345,2021,2020-12-28,2021-02-08,42,345,02716,Servais,19.0
2020-12-28---2021-02-08_cluster_345,2021,2020-12-28,2021-02-08,42,345,02719,Sinceny,21.0
2020-12-28---2021-02-08_cluster_345,2021,2020-12-28,2021-02-08,42,345,08004,Aire,93.0
2020-12-28---2021-02-08_cluster_345,2021,2020-12-28,2021-02-08,42,345,08010,Ambly-Fleury,17.0
2020-12-28---2021-02-08_cluster_345,2021,2020-12-28,2021-02-08,42,345,08020,Les Petites-Armoises,17.0
2020-12-28---2021-02-08_cluster_345,2021,2020-12-28,2021-02-08,42,345,08168,La Ferté-sur-Chiers,67.0
2020-12-28---2021-02-08_cluster_345,2021,2020-12-28,2021-02-08,42,345,08193,Givry,10.0
2020-12-28---2021-02-08_cluster_345,2021,2020-12-28,2021-02-08,42,345,08276,Margut,21.0
2020-12-28---2021-02-08_cluster_345,2021,2020-12-28,2021-02-08,42,345,08317,La Neuville-à-Maire,85.0
2020-12-28---2021-02-08_cluster_345,2021,2020-12-28,2021-02-08,42,345,08357,Remilly-Aillicourt,291.0
2020-12-28---2021-02-08_cluster_345,2021,2020-12-28,2021-02-08,42,345,08416,Seuil,10.0
2020-12-28---2021-02-08_cluster_345,2021,2020-12-28,2021-02-08,42,345,08438,Taizy,218.0
2020-12-28---2021-02-08_cluster_345,2021,2020-12-28,2021-02-08,42,345,08461,Vandy,56.0
2020-12-28---2021-02-08_cluster_345,2021,2020-12-28,2021-02-08,42,345,08464,Vaux-lès-Mouron,10.0
2020-12-28---2021-02-08_cluster_345,2021,2020-12-28,2021-02-08,42,345,08466,Vaux-lès-Mouzon,10.0
2020-12-28---2021-02-08_cluster_345,2021,2020-12-28,2021-02-08,42,345,08473,Vieux-lès-Asfeld,663.0
2020-12-28---2021-02-08_cluster_345,2021,2020-12-28,2021-02-08,42,345,08477,Villers-devant-Mouzon,302.0
2020-12-28---2021-02-08_cluster_345,2021,2020-12-28,2021-02-08,42,345,10144,Étrelles-sur-Aube,123.0
2020-12-28---2021-02-08_cluster_345,2021,2020-12-28,2021-02-08,42,345,10299,Pouan-les-Vallées,12.0
2020-12-28---2021-02-08_cluster_345,2021,2020-12-28,2021-02-08,42,345,10315,Rances,33.0
2020-12-28---2021-02-08_cluster_345,2021,2020-12-28,2021-02-08,42,345,14107,Bricqueville,33.0
2020-12-28---2021-02-08_cluster_345,2021,2020-12-28,2021-02-08,42,345,14168,Colombières,10.0
2020-12-28---2021-02-08_cluster_345,2021,2020-12-28,2021-02-08,42,345,16217,Merpins,411.0
2020-12-28---2021-02-08_cluster_345,2021,2020-12-28,2021-02-08,42,345,17069,Brives-sur-Charente,359.0
2020-12-28---2021-02-08_cluster_345,2021,2020-12-28,2021-02-08,42,345,17073,Bussac-sur-Charente,502.0
2020-12-28---2021-02-08_cluster_345,2021,2020-12-28,2021-02-08,42,345,17115,Colombiers,71.0
2020-12-28---2021-02-08_cluster_345,2021,2020-12-28,2021-02-08,42,345,17128,Courcoury,380.0
2020-12-28---2021-02-08_cluster_345,2021,2020-12-28,2021-02-08,42,345,17164,Fontcouverte,479.0
2020-12-28---2021-02-08_cluster_345,2021,2020-12-28,2021-02-08,42,345,17179,Les Gonds,946.0
2020-12-28---2021-02-08_cluster_345,2021,2020-12-28,2021-02-08,42,345,17304,Rouffiac,306.0
2020-12-28---2021-02-08_cluster_345,2021,2020-12-28,2021-02-08,42,345,17400,Saint-Sever-de-Saintonge,266.0
2020-12-28---2021-02-08_cluster_345,2021,2020-12-28,2021-02-08,42,345,17406,Saint-Sornin,10.0
2020-12-28---2021-02-08_cluster_345,2021,2020-12-28,2021-02-08,42,345,17412,Saint-Vaize,400.0
2020-12-28---2021-02-08_cluster_345,2021,2020-12-28,2021-02-08,42,345,17418,Salignac-sur-Charente,394.0
2020-12-28---2021-02-08_cluster_345,2021,2020-12-28,2021-02-08,42,345,21180,Cléry,803.0
2020-12-28---2021-02-08_cluster_345,2021,2020-12-28,2021-02-08,42,345,33055,Blaignan-Prignac,19.0
2020-12-28---2021-02-08_cluster_345,2021,2020-12-28,2021-02-08,42,345,33240,Lesparre-Médoc,25.0
2020-12-28---2021-02-08_cluster_345,2021,2020-12-28,2021-02-08,42,345,33315,Les Peintures,960.0
2020-12-28---2021-02-08_cluster_345,2021,2020-12-28,2021-02-08,42,345,33395,Saint-Estèphe,13.0
2020-12-28---2021-02-08_cluster_345,2021,2020-12-28,2021-02-08,42,345,35179,Miniac-Morvan,44.0
2020-12-28---2021-02-08_cluster_345,2021,2020-12-28,2021-02-08,42,345,37161,Mosnes,10.0
2020-12-28---2021-02-08_cluster_345,2021,2020-12-28,2021-02-08,42,345,37258,Thizay,22.0
2020-12-28---2021-02-08_cluster_345,2021,2020-12-28,2021-02-08,42,345,37269,Verneuil-sur-Indre,35.0
2020-12-28---2021-02-08_cluster_345,2021,2020-12-28,2021-02-08,42,345,39377,Mutigney,376.0
2020-12-28---2021-02-08_cluster_345,2021,2020-12-28,2021-02-08,42,345,39402,Pagney,698.0
2020-12-28---2021-02-08_cluster_345,2021,2020-12-28,2021-02-08,42,345,39528,Thervay,54.0
2020-12-28---2021-02-08_cluster_345,2021,2020-12-28,2021-02-08,42,345,39581,Vitreux,283.0
2020-12-28---2021-02-08_cluster_345,2021,2020-12-28,2021-02-08,42,345,44052,Donges,48.0
2020-12-28---2021-02-08_cluster_345,2021,2020-12-28,2021-02-08,42,345,44133,Port-Saint-Père,148.0
2020-12-28---2021-02-08_cluster_345,2021,2020-12-28,2021-02-08,42,345,44178,Saint-Mars-de-Coutais,138.0
2020-12-28---2021-02-08_cluster_345,2021,2020-12-28,2021-02-08,42,345,49048,Briollay,216.0
2020-12-28---2021-02-08_cluster_345,2021,2020-12-28,2021-02-08,42,345,49129,Écouflant,388.0
2020-12-28---2021-02-08_cluster_345,2021,2020-12-28,2021-02-08,42,345,50004,Airel,83.0
2020-12-28---2021-02-08_cluster_345,2021,2020-12-28,2021-02-08,42,345,50016,Appeville,50.0
2020-12-28---2021-02-08_cluster_345,2021,2020-12-28,2021-02-08,42,345,50023,Auvers,116.0
2020-12-28---2021-02-08_cluster_345,2021,2020-12-28,2021-02-08,42,345,50070,Boutteville,57.0
2020-12-28---2021-02-08_cluster_345,2021,2020-12-28,2021-02-08,42,345,50099,Carentan-les-Marais,95.0
2020-12-28---2021-02-08_cluster_345,2021,2020-12-28,2021-02-08,42,345,50151,Créances,240.0
2020-12-28---2021-02-08_cluster_345,2021,2020-12-28,2021-02-08,42,345,50216,Graignes-Mesnil-Angot,18.0
2020-12-28---2021-02-08_cluster_345,2021,2020-12-28,2021-02-08,42,345,50269,Liesville-sur-Douve,15.0
2020-12-28---2021-02-08_cluster_345,2021,2020-12-28,2021-02-08,42,345,50298,Méautis,43.0
2020-12-28---2021-02-08_cluster_345,2021,2020-12-28,2021-02-08,42,345,50400,Picauville,44.0
2020-12-28---2021-02-08_cluster_345,2021,2020-12-28,2021-02-08,42,345,50409,Pont-Hébert,59.0
2020-12-28---2021-02-08_cluster_345,2021,2020-12-28,2021-02-08,42,345,50431,Remilly Les Marais,40.0
2020-12-28---2021-02-08_cluster_345,2021,2020-12-28,2021-02-08,42,345,50445,Saint-André-de-Bohon,20.0
2020-12-28---2021-02-08_cluster_345,2021,2020-12-28,2021-02-08,42,345,50468,Saint-Fromond,159.0
2020-12-28---2021-02-08_cluster_345,2021,2020-12-28,2021-02-08,42,345,50488,Saint-Jean-de-Daye,103.0
2020-12-28---2021-02-08_cluster_345,2021,2020-12-28,2021-02-08,42,345,50528,Saint-Nicolas-de-Pierrepont,10.0
2020-12-28---2021-02-08_cluster_345,2021,2020-12-28,2021-02-08,42,345,50562,Saint-Vaast-la-Hougue,26.0
2020-12-28---2021-02-08_cluster_345,2021,2020-12-28,2021-02-08,42,345,50606,Tribehou,64.0
2020-12-28---2021-02-08_cluster_345,2021,2020-12-28,2021-02-08,42,345,50617,Varenguebec,89.0
2020-12-28---2021-02-08_cluster_345,2021,2020-12-28,2021-02-08,42,345,51018,Athis,15.0
2020-12-28---2021-02-08_cluster_345,2021,2020-12-28,2021-02-08,42,345,51023,Aulnay-sur-Marne,151.0
2020-12-28---2021-02-08_cluster_345,2021,2020-12-28,2021-02-08,42,345,51065,Blacy,129.0
2020-12-28---2021-02-08_cluster_345,2021,2020-12-28,2021-02-08,42,345,51143,Le Chemin,44.0
2020-12-28---2021-02-08_cluster_345,2021,2020-12-28,2021-02-08,42,345,51153,Chouilly,260.0
2020-12-28---2021-02-08_cluster_345,2021,2020-12-28,2021-02-08,42,345,51171,Cormicy,341.0
2020-12-28---2021-02-08_cluster_345,2021,2020-12-28,2021-02-08,42,345,51303,Jâlons,10.0
2020-12-28---2021-02-08_cluster_345,2021,2020-12-28,2021-02-08,42,345,51357,Matougues,10.0
2020-12-28---2021-02-08_cluster_345,2021,2020-12-28,2021-02-08,42,345,51413,Oiry,30.0
2020-12-28---2021-02-08_cluster_345,2021,2020-12-28,2021-02-08,42,345,51483,Saint-Gibrien,81.0
2020-12-28---2021-02-08_cluster_345,2021,2020-12-28,2021-02-08,42,345,51519,Saint-Thomas-en-Argonne,10.0
2020-12-28---2021-02-08_cluster_345,2021,2020-12-28,2021-02-08,42,345,51533,Servon-Melzicourt,50.0
2020-12-28---2021-02-08_cluster_345,2021,2020-12-28,2021-02-08,42,345,51610,Verrières,80.0
2020-12-28---2021-02-08_cluster_345,2021,2020-12-28,2021-02-08,42,345,55007,Ambly-sur-Meuse,10.0
2020-12-28---2021-02-08_cluster_345,2021,2020-12-28,2021-02-08,42,345,55009,Ancemont,130.0
2020-12-28---2021-02-08_cluster_345,2021,2020-12-28,2021-02-08,42,345,55027,Bannoncourt,286.0
2020-12-28---2021-02-08_cluster_345,2021,2020-12-28,2021-02-08,42,345,55042,Belleray,307.0
2020-12-28---2021-02-08_cluster_345,2021,2020-12-28,2021-02-08,42,345,55043,Belleville-sur-Meuse,165.0
2020-12-28---2021-02-08_cluster_345,2021,2020-12-28,2021-02-08,42,345,55064,Bouquemont,328.0
2020-12-28---2021-02-08_cluster_345,2021,2020-12-28,2021-02-08,42,345,55099,Champneuville,175.0
2020-12-28---2021-02-08_cluster_345,2021,2020-12-28,2021-02-08,42,345,55102,Charny-sur-Meuse,348.0
2020-12-28---2021-02-08_cluster_345,2021,2020-12-28,2021-02-08,42,345,55111,Chauvoncourt,293.0
2020-12-28---2021-02-08_cluster_345,2021,2020-12-28,2021-02-08,42,345,55122,Commercy,308.0
2020-12-28---2021-02-08_cluster_345,2021,2020-12-28,2021-02-08,42,345,55154,Dieue-sur-Meuse,326.0
2020-12-28---2021-02-08_cluster_345,2021,2020-12-28,2021-02-08,42,345,55310,Luzy-Saint-Martin,231.0
2020-12-28---2021-02-08_cluster_345,2021,2020-12-28,2021-02-08,42,345,55312,Maizey,321.0
2020-12-28---2021-02-08_cluster_345,2021,2020-12-28,2021-02-08,42,345,55321,Marre,147.0
2020-12-28---2021-02-08_cluster_345,2021,2020-12-28,2021-02-08,42,345,55345,Mont-devant-Sassey,240.0
2020-12-28---2021-02-08_cluster_345,2021,2020-12-28,2021-02-08,42,345,55347,Les Monthairons,227.0
2020-12-28---2021-02-08_cluster_345,2021,2020-12-28,2021-02-08,42,345,55444,Rouvrois-sur-Meuse,73.0
2020-12-28---2021-02-08_cluster_345,2021,2020-12-28,2021-02-08,42,345,55469,Sassey-sur-Meuse,152.0
2020-12-28---2021-02-08_cluster_345,2021,2020-12-28,2021-02-08,42,345,55573,Void-Vacon,17.0
2020-12-28---2021-02-08_cluster_345,2021,2020-12-28,2021-02-08,42,345,55584,Woimbey,32.0
2020-12-28---2021-02-08_cluster_345,2021,2020-12-28,2021-02-08,42,345,58306,Verneuil,10.0
2020-12-28---2021-02-08_cluster_345,2021,2020-12-28,2021-02-08,42,345,59318,Houtkerque,31.0
2020-12-28---2021-02-08_cluster_345,2021,2020-12-28,2021-02-08,42,345,60105,Brétigny,24.0
2020-12-28---2021-02-08_cluster_345,2021,2020-12-28,2021-02-08,42,345,60507,Pontoise-lès-Noyon,155.0
2020-12-28---2021-02-08_cluster_345,2021,2020-12-28,2021-02-08,42,345,60655,Varesnes,152.0
2020-12-28---2021-02-08_cluster_345,2021,2020-12-28,2021-02-08,42,345,62125,Beuvrequen,34.0
2020-12-28---2021-02-08_cluster_345,2021,2020-12-28,2021-02-08,42,345,62894,Wimille,62.0
2020-12-28---2021-02-08_cluster_345,2021,2020-12-28,2021-02-08,42,345,70491,Seveux-Motey,394.0
2020-12-28---2021-02-08_cluster_345,2021,2020-12-28,2021-02-08,42,345,70539,Vellexon-Queutrey-et-Vaudey,197.0
2020-12-28---2021-02-08_cluster_345,2021,2020-12-28,2021-02-08,42,345,85207,Saint-Denis-du-Payré,143.0
2020-12-28---2021-02-08_cluster_345,2021,2020-12-28,2021-02-08,42,345,85294,La Tranche-sur-Mer,444.0
2020-12-28---2021-02-15_cluster_346,2021,2020-12-28,2021-02-15,42,346,25067,Blussans,770.0
2020-12-28---2021-02-15_cluster_346,2021,2020-12-28,2021-02-15,42,346,25107,Cendrey,689.0
2020-12-28---2021-02-15_cluster_346,2021,2020-12-28,2021-02-15,42,346,25242,Flagey-Rigney,386.0
2020-12-28---2021-02-15_cluster_346,2021,2020-12-28,2021-02-15,42,346,25269,Germondans,322.0
2020-12-28---2021-02-15_cluster_346,2021,2020-12-28,2021-02-15,42,346,25403,Montlebon,276.0
2020-12-28---2021-02-15_cluster_346,2021,2020-12-28,2021-02-15,42,346,25430,Ollans,1468.0
2020-12-28---2021-02-15_cluster_346,2021,2020-12-28,2021-02-15,42,346,25490,Rigney,375.0
2020-12-28---2021-02-15_cluster_346,2021,2020-12-28,2021-02-15,42,346,25516,Saint-Georges-Armont,910.0
2020-12-28---2021-02-15_cluster_346,2021,2020-12-28,2021-02-15,42,346,25524,Saint-Maurice-Colombier,260.0
2020-12-28---2021-02-15_cluster_346,2021,2020-12-28,2021-02-15,42,346,54061,Bénaménil,12.0
2020-12-28---2021-02-15_cluster_346,2021,2020-12-28,2021-02-15,42,346,54116,Chanteheux,16.0
2020-12-28---2021-02-15_cluster_346,2021,2020-12-28,2021-02-15,42,346,54210,Fréménil,61.0
2020-12-28---2021-02-15_cluster_346,2021,2020-12-28,2021-02-15,42,346,54445,Raville-sur-Sânon,33.0
2020-12-28---2021-02-15_cluster_346,2021,2020-12-28,2021-02-15,42,346,54462,Rosières-aux-Salines,453.0
2020-12-28---2021-02-15_cluster_346,2021,2020-12-28,2021-02-15,42,346,67019,Baldenheim,50.0
2020-12-28---2021-02-15_cluster_346,2021,2020-12-28,2021-02-15,42,346,67116,Ebersmunster,21.0
2020-12-28---2021-02-15_cluster_346,2021,2020-12-28,2021-02-15,42,346,67196,Hilsenheim,293.0
2020-12-28---2021-02-15_cluster_346,2021,2020-12-28,2021-02-15,42,346,67311,Muttersholtz,69.0
2020-12-28---2021-02-15_cluster_346,2021,2020-12-28,2021-02-15,42,346,67412,Rossfeld,36.0
2020-12-28---2021-02-15_cluster_346,2021,2020-12-28,2021-02-15,42,346,67516,Waltenheim-sur-Zorn,26.0
2020-12-28---2021-02-15_cluster_346,2021,2020-12-28,2021-02-15,42,346,67526,Westhouse,17.0
2020-12-28---2021-02-15_cluster_346,2021,2020-12-28,2021-02-15,42,346,70072,Beveuge,42.0
2020-12-28---2021-02-15_cluster_346,2021,2020-12-28,2021-02-15,42,346,70167,Conflandey,64.0
2020-12-28---2021-02-15_cluster_346,2021,2020-12-28,2021-02-15,42,346,70213,Éhuns,10.0
2020-12-28---2021-02-15_cluster_346,2021,2020-12-28,2021-02-15,42,346,70236,Fleurey-lès-Faverney,43.0
2020-12-28---2021-02-15_cluster_346,2021,2020-12-28,2021-02-15,42,346,70427,Purgerot,10.0
2020-12-28---2021-02-15_cluster_346,2021,2020-12-28,2021-02-15,42,346,70437,Ranzevelle,70.0
2020-12-28---2021-02-15_cluster_346,2021,2020-12-28,2021-02-15,42,346,70474,Saint-Sulpice,150.0
2020-12-28---2021-02-15_cluster_346,2021,2020-12-28,2021-02-15,42,346,70562,Villers-la-Ville,42.0
2020-12-28---2021-02-15_cluster_346,2021,2020-12-28,2021-02-15,42,346,88031,Balléville,20.0
2020-12-28---2021-02-15_cluster_346,2021,2020-12-28,2021-02-15,42,346,88312,Morelmaison,26.0
2020-12-28---2021-02-15_cluster_346,2021,2020-12-28,2021-02-15,42,346,90049,Foussemagne,20.0
2020-12-28---2021-02-15_cluster_346,2021,2020-12-28,2021-02-15,42,346,90051,Froidefontaine,30.0
2021-01-04---2021-01-11_cluster_8,2021,2021-01-04,2021-01-11,7,8,40063,Candresse,52.0
2021-01-04---2021-01-11_cluster_8,2021,2021-01-04,2021-01-11,7,8,40088,Dax,222.0
2021-01-04---2021-01-11_cluster_8,2021,2021-01-04,2021-01-11,7,8,40211,Orist,439.0
2021-01-04---2021-01-11_cluster_8,2021,2021-01-04,2021-01-11,7,8,40222,Pey,483.0
2021-01-04---2021-01-11_cluster_8,2021,2021-01-04,2021-01-11,7,8,40314,Tercis-les-Bains,395.0
2021-01-04---2021-03-08_cluster_350,2021,2021-01-04,2021-03-08,63,350,01159,Feillens,20.0
2021-01-04---2021-03-08_cluster_350,2021,2021-01-04,2021-03-08,63,350,01231,Manziat,48.0
2021-01-04---2021-03-08_cluster_350,2021,2021-01-04,2021-03-08,63,350,08477,Villers-devant-Mouzon,301.0
2021-01-04---2021-03-08_cluster_350,2021,2021-01-04,2021-03-08,63,350,10144,Étrelles-sur-Aube,123.0
2021-01-04---2021-03-08_cluster_350,2021,2021-01-04,2021-03-08,63,350,10299,Pouan-les-Vallées,15.0
2021-01-04---2021-03-08_cluster_350,2021,2021-01-04,2021-03-08,63,350,16217,Merpins,431.0
2021-01-04---2021-03-08_cluster_350,2021,2021-01-04,2021-03-08,63,350,17069,Brives-sur-Charente,363.0
2021-01-04---2021-03-08_cluster_350,2021,2021-01-04,2021-03-08,63,350,17128,Courcoury,364.0
2021-01-04---2021-03-08_cluster_350,2021,2021-01-04,2021-03-08,63,350,17164,Fontcouverte,439.0
2021-01-04---2021-03-08_cluster_350,2021,2021-01-04,2021-03-08,63,350,17171,Geay,210.0
2021-01-04---2021-03-08_cluster_350,2021,2021-01-04,2021-03-08,63,350,17179,Les Gonds,871.0
2021-01-04---2021-03-08_cluster_350,2021,2021-01-04,2021-03-08,63,350,17252,Le Mung,242.0
2021-01-04---2021-03-08_cluster_350,2021,2021-01-04,2021-03-08,63,350,17303,La Ronde,174.0
2021-01-04---2021-03-08_cluster_350,2021,2021-01-04,2021-03-08,63,350,17304,Rouffiac,294.0
2021-01-04---2021-03-08_cluster_350,2021,2021-01-04,2021-03-08,63,350,17400,Saint-Sever-de-Saintonge,238.0
2021-01-04---2021-03-08_cluster_350,2021,2021-01-04,2021-03-08,63,350,17412,Saint-Vaize,373.0
2021-01-04---2021-03-08_cluster_350,2021,2021-01-04,2021-03-08,63,350,17418,Salignac-sur-Charente,385.0
2021-01-04---2021-03-08_cluster_350,2021,2021-01-04,2021-03-08,63,350,33055,Blaignan-Prignac,14.0
2021-01-04---2021-03-08_cluster_350,2021,2021-01-04,2021-03-08,63,350,33240,Lesparre-Médoc,19.0
2021-01-04---2021-03-08_cluster_350,2021,2021-01-04,2021-03-08,63,350,33395,Saint-Estèphe,20.0
2021-01-04---2021-03-08_cluster_350,2021,2021-01-04,2021-03-08,63,350,35179,Miniac-Morvan,22.0
2021-01-04---2021-03-08_cluster_350,2021,2021-01-04,2021-03-08,63,350,37258,Thizay,55.0
2021-01-04---2021-03-08_cluster_350,2021,2021-01-04,2021-03-08,63,350,37269,Verneuil-sur-Indre,25.0
2021-01-04---2021-03-08_cluster_350,2021,2021-01-04,2021-03-08,63,350,44013,Besné,20.0
2021-01-04---2021-03-08_cluster_350,2021,2021-01-04,2021-03-08,63,350,44049,Le Croisic,10.0
2021-01-04---2021-03-08_cluster_350,2021,2021-01-04,2021-03-08,63,350,44052,Donges,106.0
2021-01-04---2021-03-08_cluster_350,2021,2021-01-04,2021-03-08,63,350,44103,Montoir-de-Bretagne,10.0
2021-01-04---2021-03-08_cluster_350,2021,2021-01-04,2021-03-08,63,350,44126,La Plaine-sur-Mer,33.0
2021-01-04---2021-03-08_cluster_350,2021,2021-01-04,2021-03-08,63,350,44133,Port-Saint-Père,174.0
2021-01-04---2021-03-08_cluster_350,2021,2021-01-04,2021-03-08,63,350,44136,Préfailles,10.0
2021-01-04---2021-03-08_cluster_350,2021,2021-01-04,2021-03-08,63,350,44151,Saint-André-des-Eaux,46.0
2021-01-04---2021-03-08_cluster_350,2021,2021-01-04,2021-03-08,63,350,44176,Saint-Malo-de-Guersac,10.0
2021-01-04---2021-03-08_cluster_350,2021,2021-01-04,2021-03-08,63,350,44183,Saint-Molf,88.0
2021-01-04---2021-03-08_cluster_350,2021,2021-01-04,2021-03-08,63,350,44184,Saint-Nazaire,31.0
2021-01-04---2021-03-08_cluster_350,2021,2021-01-04,2021-03-08,63,350,44210,Trignac,81.0
2021-01-04---2021-03-08_cluster_350,2021,2021-01-04,2021-03-08,63,350,49007,Angers,208.0
2021-01-04---2021-03-08_cluster_350,2021,2021-01-04,2021-03-08,63,350,49048,Briollay,286.0
2021-01-04---2021-03-08_cluster_350,2021,2021-01-04,2021-03-08,63,350,49129,Écouflant,1750.0
2021-01-04---2021-03-08_cluster_350,2021,2021-01-04,2021-03-08,63,350,49222,Mozé-sur-Louet,45.0
2021-01-04---2021-03-08_cluster_350,2021,2021-01-04,2021-03-08,63,350,49259,Rochefort-sur-Loire,353.0
2021-01-04---2021-03-08_cluster_350,2021,2021-01-04,2021-03-08,63,350,49292,Val-du-Layon,586.0
2021-01-04---2021-03-08_cluster_350,2021,2021-01-04,2021-03-08,63,350,50016,Appeville,15.0
2021-01-04---2021-03-08_cluster_350,2021,2021-01-04,2021-03-08,63,350,50023,Auvers,44.0
2021-01-04---2021-03-08_cluster_350,2021,2021-01-04,2021-03-08,63,350,50052,Beuzeville-la-Bastille,10.0
2021-01-04---2021-03-08_cluster_350,2021,2021-01-04,2021-03-08,63,350,50099,Carentan-les-Marais,36.0
2021-01-04---2021-03-08_cluster_350,2021,2021-01-04,2021-03-08,63,350,50269,Liesville-sur-Douve,13.0
2021-01-04---2021-03-08_cluster_350,2021,2021-01-04,2021-03-08,63,350,50298,Méautis,10.0
2021-01-04---2021-03-08_cluster_350,2021,2021-01-04,2021-03-08,63,350,50606,Tribehou,35.0
2021-01-04---2021-03-08_cluster_350,2021,2021-01-04,2021-03-08,63,350,50617,Varenguebec,26.0
2021-01-04---2021-03-08_cluster_350,2021,2021-01-04,2021-03-08,63,350,51018,Athis,17.0
2021-01-04---2021-03-08_cluster_350,2021,2021-01-04,2021-03-08,63,350,51023,Aulnay-sur-Marne,151.0
2021-01-04---2021-03-08_cluster_350,2021,2021-01-04,2021-03-08,63,350,51153,Chouilly,260.0
2021-01-04---2021-03-08_cluster_350,2021,2021-01-04,2021-03-08,63,350,51303,Jâlons,12.0
2021-01-04---2021-03-08_cluster_350,2021,2021-01-04,2021-03-08,63,350,51357,Matougues,11.0
2021-01-04---2021-03-08_cluster_350,2021,2021-01-04,2021-03-08,63,350,51413,Oiry,45.0
2021-01-04---2021-03-08_cluster_350,2021,2021-01-04,2021-03-08,63,350,51533,Servon-Melzicourt,10.0
2021-01-04---2021-03-08_cluster_350,2021,2021-01-04,2021-03-08,63,350,55310,Luzy-Saint-Martin,248.0
2021-01-04---2021-03-08_cluster_350,2021,2021-01-04,2021-03-08,63,350,55345,Mont-devant-Sassey,219.0
2021-01-04---2021-03-08_cluster_350,2021,2021-01-04,2021-03-08,63,350,55469,Sassey-sur-Meuse,137.0
2021-01-04---2021-03-08_cluster_350,2021,2021-01-04,2021-03-08,63,350,57308,Hazembourg,46.0
2021-01-04---2021-03-08_cluster_350,2021,2021-01-04,2021-03-08,63,350,60105,Brétigny,13.0
2021-01-04---2021-03-08_cluster_350,2021,2021-01-04,2021-03-08,63,350,60655,Varesnes,122.0
2021-01-04---2021-03-08_cluster_350,2021,2021-01-04,2021-03-08,63,350,71445,Saint-Marcel,44.0
2021-01-04---2021-03-08_cluster_350,2021,2021-01-04,2021-03-08,63,350,77125,Condé-Sainte-Libiaire,10.0
2021-01-04---2021-03-08_cluster_350,2021,2021-01-04,2021-03-08,63,350,85294,La Tranche-sur-Mer,298.0
2021-01-11---2021-02-15_cluster_351,2021,2021-01-11,2021-02-15,35,351,01123,Cormoranche-sur-Saône,21.0
2021-01-11---2021-02-15_cluster_351,2021,2021-01-11,2021-02-15,35,351,01159,Feillens,33.0
2021-01-11---2021-02-15_cluster_351,2021,2021-01-11,2021-02-15,35,351,01231,Manziat,81.0
2021-01-11---2021-02-15_cluster_351,2021,2021-01-11,2021-02-15,35,351,01252,Mogneneins,93.0
2021-01-11---2021-02-15_cluster_351,2021,2021-01-11,2021-02-15,35,351,01323,Reyssouze,10.0
2021-01-11---2021-02-15_cluster_351,2021,2021-01-11,2021-02-15,35,351,01420,Thoissey,10.0
2021-01-11---2021-02-15_cluster_351,2021,2021-01-11,2021-02-15,35,351,02014,Amigny-Rouy,195.0
2021-01-11---2021-02-15_cluster_351,2021,2021-01-11,2021-02-15,35,351,02048,Barenton-sur-Serre,31.0
2021-01-11---2021-02-15_cluster_351,2021,2021-01-11,2021-02-15,35,351,02123,Brissay-Choigny,219.0
2021-01-11---2021-02-15_cluster_351,2021,2021-01-11,2021-02-15,35,351,02156,Chalandry,15.0
2021-01-11---2021-02-15_cluster_351,2021,2021-01-11,2021-02-15,35,351,02208,Concevreux,256.0
2021-01-11---2021-02-15_cluster_351,2021,2021-01-11,2021-02-15,35,351,02260,Danizy,41.0
2021-01-11---2021-02-15_cluster_351,2021,2021-01-11,2021-02-15,35,351,02262,Deuillet,13.0
2021-01-11---2021-02-15_cluster_351,2021,2021-01-11,2021-02-15,35,351,02304,La Fère,97.0
2021-01-11---2021-02-15_cluster_351,2021,2021-01-11,2021-02-15,35,351,02453,Maizy,436.0
2021-01-11---2021-02-15_cluster_351,2021,2021-01-11,2021-02-15,35,351,02575,Origny-Sainte-Benoite,75.0
2021-01-11---2021-02-15_cluster_351,2021,2021-01-11,2021-02-15,35,351,02612,Pont-Arcy,461.0
2021-01-11---2021-02-15_cluster_351,2021,2021-01-11,2021-02-15,35,351,02617,Pouilly-sur-Serre,31.0
2021-01-11---2021-02-15_cluster_351,2021,2021-01-11,2021-02-15,35,351,02624,Proisy,73.0
2021-01-11---2021-02-15_cluster_351,2021,2021-01-11,2021-02-15,35,351,02638,Remies,30.0
2021-01-11---2021-02-15_cluster_351,2021,2021-01-11,2021-02-15,35,351,02716,Servais,13.0
2021-01-11---2021-02-15_cluster_351,2021,2021-01-11,2021-02-15,35,351,02719,Sinceny,53.0
2021-01-11---2021-02-15_cluster_351,2021,2021-01-11,2021-02-15,35,351,02780,Venizel,545.0
2021-01-11---2021-02-15_cluster_351,2021,2021-01-11,2021-02-15,35,351,08004,Aire,136.0
2021-01-11---2021-02-15_cluster_351,2021,2021-01-11,2021-02-15,35,351,08010,Ambly-Fleury,45.0
2021-01-11---2021-02-15_cluster_351,2021,2021-01-11,2021-02-15,35,351,08020,Les Petites-Armoises,28.0
2021-01-11---2021-02-15_cluster_351,2021,2021-01-11,2021-02-15,35,351,08070,Blanzy-la-Salonnaise,39.0
2021-01-11---2021-02-15_cluster_351,2021,2021-01-11,2021-02-15,35,351,08082,Brécy-Brières,30.0
2021-01-11---2021-02-15_cluster_351,2021,2021-01-11,2021-02-15,35,351,08131,Cornay,63.0
2021-01-11---2021-02-15_cluster_351,2021,2021-01-11,2021-02-15,35,351,08140,Dom-le-Mesnil,235.0
2021-01-11---2021-02-15_cluster_351,2021,2021-01-11,2021-02-15,35,351,08168,La Ferté-sur-Chiers,86.0
2021-01-11---2021-02-15_cluster_351,2021,2021-01-11,2021-02-15,35,351,08193,Givry,15.0
2021-01-11---2021-02-15_cluster_351,2021,2021-01-11,2021-02-15,35,351,08194,Glaire,332.0
2021-01-11---2021-02-15_cluster_351,2021,2021-01-11,2021-02-15,35,351,08276,Margut,42.0
2021-01-11---2021-02-15_cluster_351,2021,2021-01-11,2021-02-15,35,351,08317,La Neuville-à-Maire,123.0
2021-01-11---2021-02-15_cluster_351,2021,2021-01-11,2021-02-15,35,351,08357,Remilly-Aillicourt,498.0
2021-01-11---2021-02-15_cluster_351,2021,2021-01-11,2021-02-15,35,351,08377,Saint-Aignan,25.0
2021-01-11---2021-02-15_cluster_351,2021,2021-01-11,2021-02-15,35,351,08416,Seuil,38.0
2021-01-11---2021-02-15_cluster_351,2021,2021-01-11,2021-02-15,35,351,08438,Taizy,223.0
2021-01-11---2021-02-15_cluster_351,2021,2021-01-11,2021-02-15,35,351,08439,Tannay-le-Mont-Dieu,17.0
2021-01-11---2021-02-15_cluster_351,2021,2021-01-11,2021-02-15,35,351,08461,Vandy,73.0
2021-01-11---2021-02-15_cluster_351,2021,2021-01-11,2021-02-15,35,351,08464,Vaux-lès-Mouron,14.0
2021-01-11---2021-02-15_cluster_351,2021,2021-01-11,2021-02-15,35,351,08466,Vaux-lès-Mouzon,38.0
2021-01-11---2021-02-15_cluster_351,2021,2021-01-11,2021-02-15,35,351,08473,Vieux-lès-Asfeld,654.0
2021-01-11---2021-02-15_cluster_351,2021,2021-01-11,2021-02-15,35,351,08477,Villers-devant-Mouzon,294.0
2021-01-11---2021-02-15_cluster_351,2021,2021-01-11,2021-02-15,35,351,08481,Villers-sur-Bar,196.0
2021-01-11---2021-02-15_cluster_351,2021,2021-01-11,2021-02-15,35,351,08494,Wadelincourt,418.0
2021-01-11---2021-02-15_cluster_351,2021,2021-01-11,2021-02-15,35,351,10043,Bessy,26.0
2021-01-11---2021-02-15_cluster_351,2021,2021-01-11,2021-02-15,35,351,10047,Blignicourt,159.0
2021-01-11---2021-02-15_cluster_351,2021,2021-01-11,2021-02-15,35,351,10106,Courceroy,52.0
2021-01-11---2021-02-15_cluster_351,2021,2021-01-11,2021-02-15,35,351,10122,Davrey,51.0
2021-01-11---2021-02-15_cluster_351,2021,2021-01-11,2021-02-15,35,351,10144,Étrelles-sur-Aube,509.0
2021-01-11---2021-02-15_cluster_351,2021,2021-01-11,2021-02-15,35,351,10171,Hampigny,76.0
2021-01-11---2021-02-15_cluster_351,2021,2021-01-11,2021-02-15,35,351,10298,Pont-sur-Seine,104.0
2021-01-11---2021-02-15_cluster_351,2021,2021-01-11,2021-02-15,35,351,10299,Pouan-les-Vallées,10.0
2021-01-11---2021-02-15_cluster_351,2021,2021-01-11,2021-02-15,35,351,10315,Rances,106.0
2021-01-11---2021-02-15_cluster_351,2021,2021-01-11,2021-02-15,35,351,10393,Vallentigny,71.0
2021-01-11---2021-02-15_cluster_351,2021,2021-01-11,2021-02-15,35,351,10429,Villette-sur-Aube,416.0
2021-01-11---2021-02-15_cluster_351,2021,2021-01-11,2021-02-15,35,351,14107,Bricqueville,50.0
2021-01-11---2021-02-15_cluster_351,2021,2021-01-11,2021-02-15,35,351,14124,La Cambe,35.0
2021-01-11---2021-02-15_cluster_351,2021,2021-01-11,2021-02-15,35,351,14168,Colombières,10.0
2021-01-11---2021-02-15_cluster_351,2021,2021-01-11,2021-02-15,35,351,14535,Reviers,25.0
2021-01-11---2021-02-15_cluster_351,2021,2021-01-11,2021-02-15,35,351,14711,Trévières,27.0
2021-01-11---2021-02-15_cluster_351,2021,2021-01-11,2021-02-15,35,351,16003,Agris,15.0
2021-01-11---2021-02-15_cluster_351,2021,2021-01-11,2021-02-15,35,351,16005,Aigre,45.0
2021-01-11---2021-02-15_cluster_351,2021,2021-01-11,2021-02-15,35,351,16089,Châteaubernard,511.0
2021-01-11---2021-02-15_cluster_351,2021,2021-01-11,2021-02-15,35,351,16090,Châteauneuf-sur-Charente,635.0
2021-01-11---2021-02-15_cluster_351,2021,2021-01-11,2021-02-15,35,351,16152,Gimeux,79.0
2021-01-11---2021-02-15_cluster_351,2021,2021-01-11,2021-02-15,35,351,16194,Lupsault,21.0
2021-01-11---2021-02-15_cluster_351,2021,2021-01-11,2021-02-15,35,351,16217,Merpins,497.0
2021-01-11---2021-02-15_cluster_351,2021,2021-01-11,2021-02-15,35,351,16244,Nersac,450.0
2021-01-11---2021-02-15_cluster_351,2021,2021-01-11,2021-02-15,35,351,16268,Poursac,23.0
2021-01-11---2021-02-15_cluster_351,2021,2021-01-11,2021-02-15,35,351,17069,Brives-sur-Charente,424.0
2021-01-11---2021-02-15_cluster_351,2021,2021-01-11,2021-02-15,35,351,17073,Bussac-sur-Charente,514.0
2021-01-11---2021-02-15_cluster_351,2021,2021-01-11,2021-02-15,35,351,17083,Champagne,47.0
2021-01-11---2021-02-15_cluster_351,2021,2021-01-11,2021-02-15,35,351,17085,Champdolent,223.0
2021-01-11---2021-02-15_cluster_351,2021,2021-01-11,2021-02-15,35,351,17115,Colombiers,745.0
2021-01-11---2021-02-15_cluster_351,2021,2021-01-11,2021-02-15,35,351,17128,Courcoury,269.0
2021-01-11---2021-02-15_cluster_351,2021,2021-01-11,2021-02-15,35,351,17164,Fontcouverte,484.0
2021-01-11---2021-02-15_cluster_351,2021,2021-01-11,2021-02-15,35,351,17171,Geay,272.0
2021-01-11---2021-02-15_cluster_351,2021,2021-01-11,2021-02-15,35,351,17179,Les Gonds,926.0
2021-01-11---2021-02-15_cluster_351,2021,2021-01-11,2021-02-15,35,351,17191,La Jard,81.0
2021-01-11---2021-02-15_cluster_351,2021,2021-01-11,2021-02-15,35,351,17252,Le Mung,284.0
2021-01-11---2021-02-15_cluster_351,2021,2021-01-11,2021-02-15,35,351,17266,Les Nouillers,13.0
2021-01-11---2021-02-15_cluster_351,2021,2021-01-11,2021-02-15,35,351,17302,Romegoux,252.0
2021-01-11---2021-02-15_cluster_351,2021,2021-01-11,2021-02-15,35,351,17303,La Ronde,183.0
2021-01-11---2021-02-15_cluster_351,2021,2021-01-11,2021-02-15,35,351,17304,Rouffiac,332.0
2021-01-11---2021-02-15_cluster_351,2021,2021-01-11,2021-02-15,35,351,17349,Saint-Jean-de-Liversay,92.0
2021-01-11---2021-02-15_cluster_351,2021,2021-01-11,2021-02-15,35,351,17400,Saint-Sever-de-Saintonge,252.0
2021-01-11---2021-02-15_cluster_351,2021,2021-01-11,2021-02-15,35,351,17406,Saint-Sornin,10.0
2021-01-11---2021-02-15_cluster_351,2021,2021-01-11,2021-02-15,35,351,17412,Saint-Vaize,399.0
2021-01-11---2021-02-15_cluster_351,2021,2021-01-11,2021-02-15,35,351,17418,Salignac-sur-Charente,447.0
2021-01-11---2021-02-15_cluster_351,2021,2021-01-11,2021-02-15,35,351,17439,Taugon,87.0
2021-01-11---2021-02-15_cluster_351,2021,2021-01-11,2021-02-15,35,351,17481,Voissay,15.0
2021-01-11---2021-02-15_cluster_351,2021,2021-01-11,2021-02-15,35,351,21038,Auxonne,59.0
2021-01-11---2021-02-15_cluster_351,2021,2021-01-11,2021-02-15,35,351,21131,Chamblanc,37.0
2021-01-11---2021-02-15_cluster_351,2021,2021-01-11,2021-02-15,35,351,21180,Cléry,838.0
2021-01-11---2021-02-15_cluster_351,2021,2021-01-11,2021-02-15,35,351,21269,Flammerans,53.0
2021-01-11---2021-02-15_cluster_351,2021,2021-01-11,2021-02-15,35,351,21301,Glanon,129.0
2021-01-11---2021-02-15_cluster_351,2021,2021-01-11,2021-02-15,35,351,21337,Lamarche-sur-Saône,23.0
2021-01-11---2021-02-15_cluster_351,2021,2021-01-11,2021-02-15,35,351,21342,Laperrière-sur-Saône,127.0
2021-01-11---2021-02-15_cluster_351,2021,2021-01-11,2021-02-15,35,351,21344,Lechâtelet,154.0
2021-01-11---2021-02-15_cluster_351,2021,2021-01-11,2021-02-15,35,351,21475,Pagny-le-Château,415.0
2021-01-11---2021-02-15_cluster_351,2021,2021-01-11,2021-02-15,35,351,21482,Perrigny-sur-l'Ognon,302.0
2021-01-11---2021-02-15_cluster_351,2021,2021-01-11,2021-02-15,35,351,21572,Saint-Seine-en-Bâche,279.0
2021-01-11---2021-02-15_cluster_351,2021,2021-01-11,2021-02-15,35,351,21574,Saint-Seine-sur-Vingeanne,16.0
2021-01-11---2021-02-15_cluster_351,2021,2021-01-11,2021-02-15,35,351,21575,Saint-Symphorien-sur-Saône,167.0
2021-01-11---2021-02-15_cluster_351,2021,2021-01-11,2021-02-15,35,351,21607,Seurre,242.0
2021-01-11---2021-02-15_cluster_351,2021,2021-01-11,2021-02-15,35,351,21647,Trugny,24.0
2021-01-11---2021-02-15_cluster_351,2021,2021-01-11,2021-02-15,35,351,24264,Ménesplet,498.0
2021-01-11---2021-02-15_cluster_351,2021,2021-01-11,2021-02-15,35,351,24299,Mussidan,965.0
2021-01-11---2021-02-15_cluster_351,2021,2021-01-11,2021-02-15,35,351,24316,Parcoul-Chenaud,485.0
2021-01-11---2021-02-15_cluster_351,2021,2021-01-11,2021-02-15,35,351,24449,Saint-Martial-d'Artenset,584.0
2021-01-11---2021-02-15_cluster_351,2021,2021-01-11,2021-02-15,35,351,24462,Saint-Médard-de-Mussidan,1176.0
2021-01-11---2021-02-15_cluster_351,2021,2021-01-11,2021-02-15,35,351,24543,Sourzac,523.0
2021-01-11---2021-02-15_cluster_351,2021,2021-01-11,2021-02-15,35,351,25073,Bonnay,147.0
2021-01-11---2021-02-15_cluster_351,2021,2021-01-11,2021-02-15,35,351,25150,Chevigney-sur-l'Ognon,675.0
2021-01-11---2021-02-15_cluster_351,2021,2021-01-11,2021-02-15,35,351,25172,Courchapon,184.0
2021-01-11---2021-02-15_cluster_351,2021,2021-01-11,2021-02-15,35,351,25186,Cussey-sur-l'Ognon,721.0
2021-01-11---2021-02-15_cluster_351,2021,2021-01-11,2021-02-15,35,351,25217,Émagny,295.0
2021-01-11---2021-02-15_cluster_351,2021,2021-01-11,2021-02-15,35,351,25317,Jallerange,58.0
2021-01-11---2021-02-15_cluster_351,2021,2021-01-11,2021-02-15,35,351,25330,Lavans-Quingey,266.0
2021-01-11---2021-02-15_cluster_351,2021,2021-01-11,2021-02-15,35,351,25376,Mérey-Vieilley,93.0
2021-01-11---2021-02-15_cluster_351,2021,2021-01-11,2021-02-15,35,351,25383,Moncley,295.0
2021-01-11---2021-02-15_cluster_351,2021,2021-01-11,2021-02-15,35,351,25510,Ruffey-le-Château,361.0
2021-01-11---2021-02-15_cluster_351,2021,2021-01-11,2021-02-15,35,351,27275,Gaillon,126.0
2021-01-11---2021-02-15_cluster_351,2021,2021-01-11,2021-02-15,35,351,33055,Blaignan-Prignac,22.0
2021-01-11---2021-02-15_cluster_351,2021,2021-01-11,2021-02-15,35,351,33088,Camps-sur-l'Isle,1058.0
2021-01-11---2021-02-15_cluster_351,2021,2021-01-11,2021-02-15,35,351,33240,Lesparre-Médoc,26.0
2021-01-11---2021-02-15_cluster_351,2021,2021-01-11,2021-02-15,35,351,33315,Les Peintures,977.0
2021-01-11---2021-02-15_cluster_351,2021,2021-01-11,2021-02-15,35,351,33362,Sablons,1048.0
2021-01-11---2021-02-15_cluster_351,2021,2021-01-11,2021-02-15,35,351,33395,Saint-Estèphe,19.0
2021-01-11---2021-02-15_cluster_351,2021,2021-01-11,2021-02-15,35,351,33447,Saint-Médard-de-Guizières,862.0
2021-01-11---2021-02-15_cluster_351,2021,2021-01-11,2021-02-15,35,351,35179,Miniac-Morvan,35.0
2021-01-11---2021-02-15_cluster_351,2021,2021-01-11,2021-02-15,35,351,37004,Anché,329.0
2021-01-11---2021-02-15_cluster_351,2021,2021-01-11,2021-02-15,35,351,37076,Cinais,261.0
2021-01-11---2021-02-15_cluster_351,2021,2021-01-11,2021-02-15,35,351,37161,Mosnes,10.0
2021-01-11---2021-02-15_cluster_351,2021,2021-01-11,2021-02-15,35,351,37201,Rivière,63.0
2021-01-11---2021-02-15_cluster_351,2021,2021-01-11,2021-02-15,35,351,37244,Sazilly,118.0
2021-01-11---2021-02-15_cluster_351,2021,2021-01-11,2021-02-15,35,351,37255,Tavant,451.0
2021-01-11---2021-02-15_cluster_351,2021,2021-01-11,2021-02-15,35,351,37258,Thizay,129.0
2021-01-11---2021-02-15_cluster_351,2021,2021-01-11,2021-02-15,35,351,37269,Verneuil-sur-Indre,59.0
2021-01-11---2021-02-15_cluster_351,2021,2021-01-11,2021-02-15,35,351,37272,Villandry,17.0
2021-01-11---2021-02-15_cluster_351,2021,2021-01-11,2021-02-15,35,351,39076,La Bretenière,10.0
2021-01-11---2021-02-15_cluster_351,2021,2021-01-11,2021-02-15,35,351,39134,Chavéria,22.0
2021-01-11---2021-02-15_cluster_351,2021,2021-01-11,2021-02-15,35,351,39218,Étrepigney,671.0
2021-01-11---2021-02-15_cluster_351,2021,2021-01-11,2021-02-15,35,351,39220,Falletans,120.0
2021-01-11---2021-02-15_cluster_351,2021,2021-01-11,2021-02-15,35,351,39235,Fraisans,259.0
2021-01-11---2021-02-15_cluster_351,2021,2021-01-11,2021-02-15,35,351,39377,Mutigney,408.0
2021-01-11---2021-02-15_cluster_351,2021,2021-01-11,2021-02-15,35,351,39398,Ougney,255.0
2021-01-11---2021-02-15_cluster_351,2021,2021-01-11,2021-02-15,35,351,39400,Our,58.0
2021-01-11---2021-02-15_cluster_351,2021,2021-01-11,2021-02-15,35,351,39402,Pagney,699.0
2021-01-11---2021-02-15_cluster_351,2021,2021-01-11,2021-02-15,35,351,39452,Rans,229.0
2021-01-11---2021-02-15_cluster_351,2021,2021-01-11,2021-02-15,35,351,39528,Thervay,98.0
2021-01-11---2021-02-15_cluster_351,2021,2021-01-11,2021-02-15,35,351,39581,Vitreux,358.0
2021-01-11---2021-02-15_cluster_351,2021,2021-01-11,2021-02-15,35,351,44007,Avessac,58.0
2021-01-11---2021-02-15_cluster_351,2021,2021-01-11,2021-02-15,35,351,44019,Bouée,24.0
2021-01-11---2021-02-15_cluster_351,2021,2021-01-11,2021-02-15,35,351,44032,La Chapelle-Heulin,51.0
2021-01-11---2021-02-15_cluster_351,2021,2021-01-11,2021-02-15,35,351,44047,Couëron,122.0
2021-01-11---2021-02-15_cluster_351,2021,2021-01-11,2021-02-15,35,351,44052,Donges,112.0
2021-01-11---2021-02-15_cluster_351,2021,2021-01-11,2021-02-15,35,351,44067,Guémené-Penfao,404.0
2021-01-11---2021-02-15_cluster_351,2021,2021-01-11,2021-02-15,35,351,44092,Massérac,297.0
2021-01-11---2021-02-15_cluster_351,2021,2021-01-11,2021-02-15,35,351,44103,Montoir-de-Bretagne,10.0
2021-01-11---2021-02-15_cluster_351,2021,2021-01-11,2021-02-15,35,351,44123,Pierric,339.0
2021-01-11---2021-02-15_cluster_351,2021,2021-01-11,2021-02-15,35,351,44133,Port-Saint-Père,208.0
2021-01-11---2021-02-15_cluster_351,2021,2021-01-11,2021-02-15,35,351,44178,Saint-Mars-de-Coutais,144.0
2021-01-11---2021-02-15_cluster_351,2021,2021-01-11,2021-02-15,35,351,44185,Saint-Nicolas-de-Redon,176.0
2021-01-11---2021-02-15_cluster_351,2021,2021-01-11,2021-02-15,35,351,44188,Saint-Philbert-de-Grand-Lieu,89.0
2021-01-11---2021-02-15_cluster_351,2021,2021-01-11,2021-02-15,35,351,49007,Angers,202.0
2021-01-11---2021-02-15_cluster_351,2021,2021-01-11,2021-02-15,35,351,49048,Briollay,288.0
2021-01-11---2021-02-15_cluster_351,2021,2021-01-11,2021-02-15,35,351,49082,Chaudefonds-sur-Layon,235.0
2021-01-11---2021-02-15_cluster_351,2021,2021-01-11,2021-02-15,35,351,49110,Corzé,410.0
2021-01-11---2021-02-15_cluster_351,2021,2021-01-11,2021-02-15,35,351,49129,Écouflant,481.0
2021-01-11---2021-02-15_cluster_351,2021,2021-01-11,2021-02-15,35,351,49132,Étriché,457.0
2021-01-11---2021-02-15_cluster_351,2021,2021-01-11,2021-02-15,35,351,49222,Mozé-sur-Louet,57.0
2021-01-11---2021-02-15_cluster_351,2021,2021-01-11,2021-02-15,35,351,49223,Mûrs-Erigné,35.0
2021-01-11---2021-02-15_cluster_351,2021,2021-01-11,2021-02-15,35,351,49244,Mauges-sur-Loire,515.0
2021-01-11---2021-02-15_cluster_351,2021,2021-01-11,2021-02-15,35,351,49259,Rochefort-sur-Loire,397.0
2021-01-11---2021-02-15_cluster_351,2021,2021-01-11,2021-02-15,35,351,49292,Val-du-Layon,655.0
2021-01-11---2021-02-15_cluster_351,2021,2021-01-11,2021-02-15,35,351,50004,Airel,68.0
2021-01-11---2021-02-15_cluster_351,2021,2021-01-11,2021-02-15,35,351,50016,Appeville,53.0
2021-01-11---2021-02-15_cluster_351,2021,2021-01-11,2021-02-15,35,351,50023,Auvers,118.0
2021-01-11---2021-02-15_cluster_351,2021,2021-01-11,2021-02-15,35,351,50070,Boutteville,67.0
2021-01-11---2021-02-15_cluster_351,2021,2021-01-11,2021-02-15,35,351,50099,Carentan-les-Marais,97.0
2021-01-11---2021-02-15_cluster_351,2021,2021-01-11,2021-02-15,35,351,50151,Créances,325.0
2021-01-11---2021-02-15_cluster_351,2021,2021-01-11,2021-02-15,35,351,50216,Graignes-Mesnil-Angot,14.0
2021-01-11---2021-02-15_cluster_351,2021,2021-01-11,2021-02-15,35,351,50263,Lapenty,107.0
2021-01-11---2021-02-15_cluster_351,2021,2021-01-11,2021-02-15,35,351,50269,Liesville-sur-Douve,15.0
2021-01-11---2021-02-15_cluster_351,2021,2021-01-11,2021-02-15,35,351,50298,Méautis,39.0
2021-01-11---2021-02-15_cluster_351,2021,2021-01-11,2021-02-15,35,351,50400,Picauville,29.0
2021-01-11---2021-02-15_cluster_351,2021,2021-01-11,2021-02-15,35,351,50409,Pont-Hébert,47.0
2021-01-11---2021-02-15_cluster_351,2021,2021-01-11,2021-02-15,35,351,50431,Remilly Les Marais,67.0
2021-01-11---2021-02-15_cluster_351,2021,2021-01-11,2021-02-15,35,351,50445,Saint-André-de-Bohon,16.0
2021-01-11---2021-02-15_cluster_351,2021,2021-01-11,2021-02-15,35,351,50451,Saint-Brice,33.0
2021-01-11---2021-02-15_cluster_351,2021,2021-01-11,2021-02-15,35,351,50468,Saint-Fromond,95.0
2021-01-11---2021-02-15_cluster_351,2021,2021-01-11,2021-02-15,35,351,50488,Saint-Jean-de-Daye,76.0
2021-01-11---2021-02-15_cluster_351,2021,2021-01-11,2021-02-15,35,351,50510,Saint-Martin-d'Aubigny,40.0
2021-01-11---2021-02-15_cluster_351,2021,2021-01-11,2021-02-15,35,351,50562,Saint-Vaast-la-Hougue,19.0
2021-01-11---2021-02-15_cluster_351,2021,2021-01-11,2021-02-15,35,351,50606,Tribehou,67.0
2021-01-11---2021-02-15_cluster_351,2021,2021-01-11,2021-02-15,35,351,50617,Varenguebec,87.0
2021-01-11---2021-02-15_cluster_351,2021,2021-01-11,2021-02-15,35,351,51018,Athis,35.0
2021-01-11---2021-02-15_cluster_351,2021,2021-01-11,2021-02-15,35,351,51023,Aulnay-sur-Marne,127.0
2021-01-11---2021-02-15_cluster_351,2021,2021-01-11,2021-02-15,35,351,51065,Blacy,169.0
2021-01-11---2021-02-15_cluster_351,2021,2021-01-11,2021-02-15,35,351,51143,Le Chemin,59.0
2021-01-11---2021-02-15_cluster_351,2021,2021-01-11,2021-02-15,35,351,51150,Cherville,13.0
2021-01-11---2021-02-15_cluster_351,2021,2021-01-11,2021-02-15,35,351,51153,Chouilly,312.0
2021-01-11---2021-02-15_cluster_351,2021,2021-01-11,2021-02-15,35,351,51171,Cormicy,386.0
2021-01-11---2021-02-15_cluster_351,2021,2021-01-11,2021-02-15,35,351,51192,Courthiézy,412.0
2021-01-11---2021-02-15_cluster_351,2021,2021-01-11,2021-02-15,35,351,51217,Dormans,439.0
2021-01-11---2021-02-15_cluster_351,2021,2021-01-11,2021-02-15,35,351,51303,Jâlons,10.0
2021-01-11---2021-02-15_cluster_351,2021,2021-01-11,2021-02-15,35,351,51328,Loisy-sur-Marne,30.0
2021-01-11---2021-02-15_cluster_351,2021,2021-01-11,2021-02-15,35,351,51344,Mardeuil,363.0
2021-01-11---2021-02-15_cluster_351,2021,2021-01-11,2021-02-15,35,351,51346,Mareuil-le-Port,257.0
2021-01-11---2021-02-15_cluster_351,2021,2021-01-11,2021-02-15,35,351,51357,Matougues,10.0
2021-01-11---2021-02-15_cluster_351,2021,2021-01-11,2021-02-15,35,351,51413,Oiry,67.0
2021-01-11---2021-02-15_cluster_351,2021,2021-01-11,2021-02-15,35,351,51420,Outrepont,26.0
2021-01-11---2021-02-15_cluster_351,2021,2021-01-11,2021-02-15,35,351,51446,Pringy,21.0
2021-01-11---2021-02-15_cluster_351,2021,2021-01-11,2021-02-15,35,351,51483,Saint-Gibrien,84.0
2021-01-11---2021-02-15_cluster_351,2021,2021-01-11,2021-02-15,35,351,51502,Saint-Martin-aux-Champs,10.0
2021-01-11---2021-02-15_cluster_351,2021,2021-01-11,2021-02-15,35,351,51519,Saint-Thomas-en-Argonne,28.0
2021-01-11---2021-02-15_cluster_351,2021,2021-01-11,2021-02-15,35,351,51525,Sarry,31.0
2021-01-11---2021-02-15_cluster_351,2021,2021-01-11,2021-02-15,35,351,51533,Servon-Melzicourt,74.0
2021-01-11---2021-02-15_cluster_351,2021,2021-01-11,2021-02-15,35,351,51552,Songy,10.0
2021-01-11---2021-02-15_cluster_351,2021,2021-01-11,2021-02-15,35,351,51585,Troissy,191.0
2021-01-11---2021-02-15_cluster_351,2021,2021-01-11,2021-02-15,35,351,51610,Verrières,406.0
2021-01-11---2021-02-15_cluster_351,2021,2021-01-11,2021-02-15,35,351,51648,Vitry-la-Ville,51.0
2021-01-11---2021-02-15_cluster_351,2021,2021-01-11,2021-02-15,35,351,52074,Breuvannes-en-Bassigny,21.0
2021-01-11---2021-02-15_cluster_351,2021,2021-01-11,2021-02-15,35,351,52118,Chatonrupt-Sommermont,366.0
2021-01-11---2021-02-15_cluster_351,2021,2021-01-11,2021-02-15,35,351,52174,Doncourt-sur-Meuse,25.0
2021-01-11---2021-02-15_cluster_351,2021,2021-01-11,2021-02-15,35,351,52512,Vecqueville,17.0
2021-01-11---2021-02-15_cluster_351,2021,2021-01-11,2021-02-15,35,351,52548,Vraincourt,13.0
2021-01-11---2021-02-15_cluster_351,2021,2021-01-11,2021-02-15,35,351,53230,Saint-Julien-du-Terroux,18.0
2021-01-11---2021-02-15_cluster_351,2021,2021-01-11,2021-02-15,35,351,53263,Thubœuf,10.0
2021-01-11---2021-02-15_cluster_351,2021,2021-01-11,2021-02-15,35,351,54001,Abaucourt,58.0
2021-01-11---2021-02-15_cluster_351,2021,2021-01-11,2021-02-15,35,351,54070,Bey-sur-Seille,95.0
2021-01-11---2021-02-15_cluster_351,2021,2021-01-11,2021-02-15,35,351,54167,Dommartin-lès-Toul,466.0
2021-01-11---2021-02-15_cluster_351,2021,2021-01-11,2021-02-15,35,351,54227,Giraumont,348.0
2021-01-11---2021-02-15_cluster_351,2021,2021-01-11,2021-02-15,35,351,54301,Lanfroicourt,10.0
2021-01-11---2021-02-15_cluster_351,2021,2021-01-11,2021-02-15,35,351,54313,Létricourt,57.0
2021-01-11---2021-02-15_cluster_351,2021,2021-01-11,2021-02-15,35,351,54374,Moncel-sur-Seille,10.0
2021-01-11---2021-02-15_cluster_351,2021,2021-01-11,2021-02-15,35,351,54387,Morville-sur-Seille,51.0
2021-01-11---2021-02-15_cluster_351,2021,2021-01-11,2021-02-15,35,351,54433,Port-sur-Seille,42.0
2021-01-11---2021-02-15_cluster_351,2021,2021-01-11,2021-02-15,35,351,54440,Puxe,60.0
2021-01-11---2021-02-15_cluster_351,2021,2021-01-11,2021-02-15,35,351,55007,Ambly-sur-Meuse,34.0
2021-01-11---2021-02-15_cluster_351,2021,2021-01-11,2021-02-15,35,351,55009,Ancemont,145.0
2021-01-11---2021-02-15_cluster_351,2021,2021-01-11,2021-02-15,35,351,55027,Bannoncourt,293.0
2021-01-11---2021-02-15_cluster_351,2021,2021-01-11,2021-02-15,35,351,55042,Belleray,321.0
2021-01-11---2021-02-15_cluster_351,2021,2021-01-11,2021-02-15,35,351,55043,Belleville-sur-Meuse,176.0
2021-01-11---2021-02-15_cluster_351,2021,2021-01-11,2021-02-15,35,351,55054,Bislée,306.0
2021-01-11---2021-02-15_cluster_351,2021,2021-01-11,2021-02-15,35,351,55064,Bouquemont,345.0
2021-01-11---2021-02-15_cluster_351,2021,2021-01-11,2021-02-15,35,351,55078,Brieulles-sur-Meuse,394.0
2021-01-11---2021-02-15_cluster_351,2021,2021-01-11,2021-02-15,35,351,55080,Brixey-aux-Chanoines,21.0
2021-01-11---2021-02-15_cluster_351,2021,2021-01-11,2021-02-15,35,351,55099,Champneuville,201.0
2021-01-11---2021-02-15_cluster_351,2021,2021-01-11,2021-02-15,35,351,55102,Charny-sur-Meuse,359.0
2021-01-11---2021-02-15_cluster_351,2021,2021-01-11,2021-02-15,35,351,55111,Chauvoncourt,353.0
2021-01-11---2021-02-15_cluster_351,2021,2021-01-11,2021-02-15,35,351,55119,Cléry-le-Petit,422.0
2021-01-11---2021-02-15_cluster_351,2021,2021-01-11,2021-02-15,35,351,55122,Commercy,304.0
2021-01-11---2021-02-15_cluster_351,2021,2021-01-11,2021-02-15,35,351,55146,Dannevoux,218.0
2021-01-11---2021-02-15_cluster_351,2021,2021-01-11,2021-02-15,35,351,55154,Dieue-sur-Meuse,357.0
2021-01-11---2021-02-15_cluster_351,2021,2021-01-11,2021-02-15,35,351,55167,Dun-sur-Meuse,220.0
2021-01-11---2021-02-15_cluster_351,2021,2021-01-11,2021-02-15,35,351,55168,Duzey,46.0
2021-01-11---2021-02-15_cluster_351,2021,2021-01-11,2021-02-15,35,351,55292,Liny-devant-Dun,409.0
2021-01-11---2021-02-15_cluster_351,2021,2021-01-11,2021-02-15,35,351,55310,Luzy-Saint-Martin,263.0
2021-01-11---2021-02-15_cluster_351,2021,2021-01-11,2021-02-15,35,351,55312,Maizey,343.0
2021-01-11---2021-02-15_cluster_351,2021,2021-01-11,2021-02-15,35,351,55321,Marre,172.0
2021-01-11---2021-02-15_cluster_351,2021,2021-01-11,2021-02-15,35,351,55328,Maxey-sur-Vaise,289.0
2021-01-11---2021-02-15_cluster_351,2021,2021-01-11,2021-02-15,35,351,55345,Mont-devant-Sassey,293.0
2021-01-11---2021-02-15_cluster_351,2021,2021-01-11,2021-02-15,35,351,55347,Les Monthairons,265.0
2021-01-11---2021-02-15_cluster_351,2021,2021-01-11,2021-02-15,35,351,55383,Neuvilly-en-Argonne,27.0
2021-01-11---2021-02-15_cluster_351,2021,2021-01-11,2021-02-15,35,351,55400,Parfondrupt,24.0
2021-01-11---2021-02-15_cluster_351,2021,2021-01-11,2021-02-15,35,351,55408,Pouilly-sur-Meuse,276.0
2021-01-11---2021-02-15_cluster_351,2021,2021-01-11,2021-02-15,35,351,55410,Quincy-Landzécourt,139.0
2021-01-11---2021-02-15_cluster_351,2021,2021-01-11,2021-02-15,35,351,55422,Regnéville-sur-Meuse,420.0
2021-01-11---2021-02-15_cluster_351,2021,2021-01-11,2021-02-15,35,351,55433,Rigny-la-Salle,316.0
2021-01-11---2021-02-15_cluster_351,2021,2021-01-11,2021-02-15,35,351,55444,Rouvrois-sur-Meuse,112.0
2021-01-11---2021-02-15_cluster_351,2021,2021-01-11,2021-02-15,35,351,55469,Sassey-sur-Meuse,218.0
2021-01-11---2021-02-15_cluster_351,2021,2021-01-11,2021-02-15,35,351,55485,Sepvigny,276.0
2021-01-11---2021-02-15_cluster_351,2021,2021-01-11,2021-02-15,35,351,55503,Taillancourt,44.0
2021-01-11---2021-02-15_cluster_351,2021,2021-01-11,2021-02-15,35,351,55512,Tilly-sur-Meuse,199.0
2021-01-11---2021-02-15_cluster_351,2021,2021-01-11,2021-02-15,35,351,55526,Vadonville,37.0
2021-01-11---2021-02-15_cluster_351,2021,2021-01-11,2021-02-15,35,351,55552,Vigneul-sous-Montmédy,10.0
2021-01-11---2021-02-15_cluster_351,2021,2021-01-11,2021-02-15,35,351,55573,Void-Vacon,32.0
2021-01-11---2021-02-15_cluster_351,2021,2021-01-11,2021-02-15,35,351,55584,Woimbey,54.0
2021-01-11---2021-02-15_cluster_351,2021,2021-01-11,2021-02-15,35,351,56124,Malestroit,27.0
2021-01-11---2021-02-15_cluster_351,2021,2021-01-11,2021-02-15,35,351,56154,Peillac,312.0
2021-01-11---2021-02-15_cluster_351,2021,2021-01-11,2021-02-15,35,351,56223,Saint-Jean-la-Poterie,46.0
2021-01-11---2021-02-15_cluster_351,2021,2021-01-11,2021-02-15,35,351,56239,Saint-Vincent-sur-Oust,335.0
2021-01-11---2021-02-15_cluster_351,2021,2021-01-11,2021-02-15,35,351,57002,Aboncourt-sur-Seille,185.0
2021-01-11---2021-02-15_cluster_351,2021,2021-01-11,2021-02-15,35,351,57040,Aulnois-sur-Seille,27.0
2021-01-11---2021-02-15_cluster_351,2021,2021-01-11,2021-02-15,35,351,57043,Ay-sur-Moselle,215.0
2021-01-11---2021-02-15_cluster_351,2021,2021-01-11,2021-02-15,35,351,57054,Baudrecourt,45.0
2021-01-11---2021-02-15_cluster_351,2021,2021-01-11,2021-02-15,35,351,57070,Bettange,44.0
2021-01-11---2021-02-15_cluster_351,2021,2021-01-11,2021-02-15,35,351,57088,Bistroff,25.0
2021-01-11---2021-02-15_cluster_351,2021,2021-01-11,2021-02-15,35,351,57155,Courcelles-Chaussy,46.0
2021-01-11---2021-02-15_cluster_351,2021,2021-01-11,2021-02-15,35,351,57162,Cuvry,36.0
2021-01-11---2021-02-15_cluster_351,2021,2021-01-11,2021-02-15,35,351,57187,Éblange,44.0
2021-01-11---2021-02-15_cluster_351,2021,2021-01-11,2021-02-15,35,351,57236,Frémery,50.0
2021-01-11---2021-02-15_cluster_351,2021,2021-01-11,2021-02-15,35,351,57290,Hampont,32.0
2021-01-11---2021-02-15_cluster_351,2021,2021-01-11,2021-02-15,35,351,57293,Han-sur-Nied,24.0
2021-01-11---2021-02-15_cluster_351,2021,2021-01-11,2021-02-15,35,351,57297,Harprich,34.0
2021-01-11---2021-02-15_cluster_351,2021,2021-01-11,2021-02-15,35,351,57308,Hazembourg,87.0
2021-01-11---2021-02-15_cluster_351,2021,2021-01-11,2021-02-15,35,351,57329,Holling,53.0
2021-01-11---2021-02-15_cluster_351,2021,2021-01-11,2021-02-15,35,351,57346,Insming,77.0
2021-01-11---2021-02-15_cluster_351,2021,2021-01-11,2021-02-15,35,351,57370,Kœnigsmacker,181.0
2021-01-11---2021-02-15_cluster_351,2021,2021-01-11,2021-02-15,35,351,57395,Lesse,22.0
2021-01-11---2021-02-15_cluster_351,2021,2021-01-11,2021-02-15,35,351,57397,Ley,30.0
2021-01-11---2021-02-15_cluster_351,2021,2021-01-11,2021-02-15,35,351,57431,Maizeroy,51.0
2021-01-11---2021-02-15_cluster_351,2021,2021-01-11,2021-02-15,35,351,57437,Malling,122.0
2021-01-11---2021-02-15_cluster_351,2021,2021-01-11,2021-02-15,35,351,57440,Manhoué,35.0
2021-01-11---2021-02-15_cluster_351,2021,2021-01-11,2021-02-15,35,351,57547,Pommérieux,69.0
2021-01-11---2021-02-15_cluster_351,2021,2021-01-11,2021-02-15,35,351,57555,Prévocourt,13.0
2021-01-11---2021-02-15_cluster_351,2021,2021-01-11,2021-02-15,35,351,57599,Roupeldange,31.0
2021-01-11---2021-02-15_cluster_351,2021,2021-01-11,2021-02-15,35,351,57708,Verny,66.0
2021-01-11---2021-02-15_cluster_351,2021,2021-01-11,2021-02-15,35,351,57754,Xanrey,10.0
2021-01-11---2021-02-15_cluster_351,2021,2021-01-11,2021-02-15,35,351,58173,Montaron,320.0
2021-01-11---2021-02-15_cluster_351,2021,2021-01-11,2021-02-15,35,351,59183,Dunkerque,10.0
2021-01-11---2021-02-15_cluster_351,2021,2021-01-11,2021-02-15,35,351,59318,Houtkerque,31.0
2021-01-11---2021-02-15_cluster_351,2021,2021-01-11,2021-02-15,35,351,60105,Brétigny,20.0
2021-01-11---2021-02-15_cluster_351,2021,2021-01-11,2021-02-15,35,351,60151,Choisy-au-Bac,402.0
2021-01-11---2021-02-15_cluster_351,2021,2021-01-11,2021-02-15,35,351,60507,Pontoise-lès-Noyon,161.0
2021-01-11---2021-02-15_cluster_351,2021,2021-01-11,2021-02-15,35,351,60592,Saint-Pierre-es-Champs,32.0
2021-01-11---2021-02-15_cluster_351,2021,2021-01-11,2021-02-15,35,351,60655,Varesnes,149.0
2021-01-11---2021-02-15_cluster_351,2021,2021-01-11,2021-02-15,35,351,61049,Boissei-la-Lande,22.0
2021-01-11---2021-02-15_cluster_351,2021,2021-01-11,2021-02-15,35,351,61210,Joué-du-Plain,37.0
2021-01-11---2021-02-15_cluster_351,2021,2021-01-11,2021-02-15,35,351,61233,Lonlay-le-Tesson,63.0
2021-01-11---2021-02-15_cluster_351,2021,2021-01-11,2021-02-15,35,351,61256,Médavy,43.0
2021-01-11---2021-02-15_cluster_351,2021,2021-01-11,2021-02-15,35,351,61487,Torchamp,37.0
2021-01-11---2021-02-15_cluster_351,2021,2021-01-11,2021-02-15,35,351,62125,Beuvrequen,34.0
2021-01-11---2021-02-15_cluster_351,2021,2021-01-11,2021-02-15,35,351,62894,Wimille,63.0
2021-01-11---2021-02-15_cluster_351,2021,2021-01-11,2021-02-15,35,351,63271,Paslières,22.0
2021-01-11---2021-02-15_cluster_351,2021,2021-01-11,2021-02-15,35,351,67183,Harskirchen,17.0
2021-01-11---2021-02-15_cluster_351,2021,2021-01-11,2021-02-15,35,351,67199,Hinsingen,37.0
2021-01-11---2021-02-15_cluster_351,2021,2021-01-11,2021-02-15,35,351,70018,Ancier,54.0
2021-01-11---2021-02-15_cluster_351,2021,2021-01-11,2021-02-15,35,351,70024,Apremont,246.0
2021-01-11---2021-02-15_cluster_351,2021,2021-01-11,2021-02-15,35,351,70058,Beaujeu-Saint-Vallier-Pierrejux-et-Quitteur,833.0
2021-01-11---2021-02-15_cluster_351,2021,2021-01-11,2021-02-15,35,351,70105,Bucey-lès-Traves,454.0
2021-01-11---2021-02-15_cluster_351,2021,2021-01-11,2021-02-15,35,351,70114,Cendrecourt,258.0
2021-01-11---2021-02-15_cluster_351,2021,2021-01-11,2021-02-15,35,351,70127,Chantes,421.0
2021-01-11---2021-02-15_cluster_351,2021,2021-01-11,2021-02-15,35,351,70138,Chassey-lès-Scey,478.0
2021-01-11---2021-02-15_cluster_351,2021,2021-01-11,2021-02-15,35,351,70148,Chemilly,288.0
2021-01-11---2021-02-15_cluster_351,2021,2021-01-11,2021-02-15,35,351,70244,Fouchécourt,409.0
2021-01-11---2021-02-15_cluster_351,2021,2021-01-11,2021-02-15,35,351,70267,Gevigney-et-Mercey,286.0
2021-01-11---2021-02-15_cluster_351,2021,2021-01-11,2021-02-15,35,351,70279,Gray,354.0
2021-01-11---2021-02-15_cluster_351,2021,2021-01-11,2021-02-15,35,351,70280,Gray-la-Ville,777.0
2021-01-11---2021-02-15_cluster_351,2021,2021-01-11,2021-02-15,35,351,70454,Rosières-sur-Mance,22.0
2021-01-11---2021-02-15_cluster_351,2021,2021-01-11,2021-02-15,35,351,70461,Saint-Broing,10.0
2021-01-11---2021-02-15_cluster_351,2021,2021-01-11,2021-02-15,35,351,70491,Seveux-Motey,444.0
2021-01-11---2021-02-15_cluster_351,2021,2021-01-11,2021-02-15,35,351,70492,Soing-Cubry-Charentenay,430.0
2021-01-11---2021-02-15_cluster_351,2021,2021-01-11,2021-02-15,35,351,70504,Traves,736.0
2021-01-11---2021-02-15_cluster_351,2021,2021-01-11,2021-02-15,35,351,70524,Vauchoux,1119.0
2021-01-11---2021-02-15_cluster_351,2021,2021-01-11,2021-02-15,35,351,70529,Velet,84.0
2021-01-11---2021-02-15_cluster_351,2021,2021-01-11,2021-02-15,35,351,70539,Vellexon-Queutrey-et-Vaudey,303.0
2021-01-11---2021-02-15_cluster_351,2021,2021-01-11,2021-02-15,35,351,70572,Vitrey-sur-Mance,26.0
2021-01-11---2021-02-15_cluster_351,2021,2021-01-11,2021-02-15,35,351,71001,L'Abergement-de-Cuisery,42.0
2021-01-11---2021-02-15_cluster_351,2021,2021-01-11,2021-02-15,35,351,71018,Bantanges,153.0
2021-01-11---2021-02-15_cluster_351,2021,2021-01-11,2021-02-15,35,351,71061,Brienne,207.0
2021-01-11---2021-02-15_cluster_351,2021,2021-01-11,2021-02-15,35,351,71101,Charette-Varennes,182.0
2021-01-11---2021-02-15_cluster_351,2021,2021-01-11,2021-02-15,35,351,71155,Cronat,46.0
2021-01-11---2021-02-15_cluster_351,2021,2021-01-11,2021-02-15,35,351,71207,Fretterans,37.0
2021-01-11---2021-02-15_cluster_351,2021,2021-01-11,2021-02-15,35,351,71208,Frontenard,89.0
2021-01-11---2021-02-15_cluster_351,2021,2021-01-11,2021-02-15,35,351,71219,Gigny-sur-Saône,156.0
2021-01-11---2021-02-15_cluster_351,2021,2021-01-11,2021-02-15,35,351,71244,Jouvençon,193.0
2021-01-11---2021-02-15_cluster_351,2021,2021-01-11,2021-02-15,35,351,71248,Lacrost,136.0
2021-01-11---2021-02-15_cluster_351,2021,2021-01-11,2021-02-15,35,351,71262,Longepierre,109.0
2021-01-11---2021-02-15_cluster_351,2021,2021-01-11,2021-02-15,35,351,71311,Montcony,21.0
2021-01-11---2021-02-15_cluster_351,2021,2021-01-11,2021-02-15,35,351,71315,Mont-lès-Seurre,162.0
2021-01-11---2021-02-15_cluster_351,2021,2021-01-11,2021-02-15,35,351,71329,Navilly,98.0
2021-01-11---2021-02-15_cluster_351,2021,2021-01-11,2021-02-15,35,351,71332,Ormes,178.0
2021-01-11---2021-02-15_cluster_351,2021,2021-01-11,2021-02-15,35,351,71352,Le Planois,36.0
2021-01-11---2021-02-15_cluster_351,2021,2021-01-11,2021-02-15,35,351,71355,Pontoux,459.0
2021-01-11---2021-02-15_cluster_351,2021,2021-01-11,2021-02-15,35,351,71365,Rancy,146.0
2021-01-11---2021-02-15_cluster_351,2021,2021-01-11,2021-02-15,35,351,71402,Saint-Cyr,55.0
2021-01-11---2021-02-15_cluster_351,2021,2021-01-11,2021-02-15,35,351,71423,Saint-Gervais-en-Vallière,28.0
2021-01-11---2021-02-15_cluster_351,2021,2021-01-11,2021-02-15,35,351,71445,Saint-Marcel,56.0
2021-01-11---2021-02-15_cluster_351,2021,2021-01-11,2021-02-15,35,351,71504,Saunières,70.0
2021-01-11---2021-02-15_cluster_351,2021,2021-01-11,2021-02-15,35,351,71514,Sens-sur-Seille,42.0
2021-01-11---2021-02-15_cluster_351,2021,2021-01-11,2021-02-15,35,351,71517,Sermesse,400.0
2021-01-11---2021-02-15_cluster_351,2021,2021-01-11,2021-02-15,35,351,71520,Sevrey,39.0
2021-01-11---2021-02-15_cluster_351,2021,2021-01-11,2021-02-15,35,351,71528,Sornay,85.0
2021-01-11---2021-02-15_cluster_351,2021,2021-01-11,2021-02-15,35,351,71543,Tournus,136.0
2021-01-11---2021-02-15_cluster_351,2021,2021-01-11,2021-02-15,35,351,71555,Varennes-le-Grand,93.0
2021-01-11---2021-02-15_cluster_351,2021,2021-01-11,2021-02-15,35,351,71573,Versaugues,40.0
2021-01-11---2021-02-15_cluster_351,2021,2021-01-11,2021-02-15,35,351,72115,Dissay-sous-Courcillon,178.0
2021-01-11---2021-02-15_cluster_351,2021,2021-01-11,2021-02-15,35,351,72283,Saint-Germain-d'Arcé,213.0
2021-01-11---2021-02-15_cluster_351,2021,2021-01-11,2021-02-15,35,351,77125,Condé-Sainte-Libiaire,20.0
2021-01-11---2021-02-15_cluster_351,2021,2021-01-11,2021-02-15,35,351,77248,Lesches,172.0
2021-01-11---2021-02-15_cluster_351,2021,2021-01-11,2021-02-15,35,351,77522,Villiers-sur-Seine,145.0
2021-01-11---2021-02-15_cluster_351,2021,2021-01-11,2021-02-15,35,351,85004,Angles,10.0
2021-01-11---2021-02-15_cluster_351,2021,2021-01-11,2021-02-15,35,351,85104,Grues,25.0
2021-01-11---2021-02-15_cluster_351,2021,2021-01-11,2021-02-15,35,351,85127,Longeville-sur-Mer,26.0
2021-01-11---2021-02-15_cluster_351,2021,2021-01-11,2021-02-15,35,351,85171,Péault,141.0
2021-01-11---2021-02-15_cluster_351,2021,2021-01-11,2021-02-15,35,351,85207,Saint-Denis-du-Payré,158.0
2021-01-11---2021-02-15_cluster_351,2021,2021-01-11,2021-02-15,35,351,85254,Saint-Mesmin,38.0
2021-01-11---2021-02-15_cluster_351,2021,2021-01-11,2021-02-15,35,351,85294,La Tranche-sur-Mer,249.0
2021-01-11---2021-02-15_cluster_351,2021,2021-01-11,2021-02-15,35,351,88171,Fignévelle,42.0
2021-01-11---2021-02-15_cluster_351,2021,2021-01-11,2021-02-15,35,351,89225,Lichères-sur-Yonne,72.0
2021-01-11---2021-03-22_cluster_352,2021,2021-01-11,2021-03-22,56,352,01133,Cressin-Rochefort,38.0
2021-01-11---2021-03-22_cluster_352,2021,2021-01-11,2021-03-22,56,352,15139,Narnhac,10.0
2021-01-11---2021-03-22_cluster_352,2021,2021-01-11,2021-03-22,56,352,15232,Tanavelle,44.0
2021-01-11---2021-03-22_cluster_352,2021,2021-01-11,2021-03-22,56,352,32062,Bourrouillan,173.0
2021-01-11---2021-03-22_cluster_352,2021,2021-01-11,2021-03-22,56,352,32291,Mormès,85.0
2021-01-11---2021-03-22_cluster_352,2021,2021-01-11,2021-03-22,56,352,32296,Nogaro,31.0
2021-01-11---2021-03-22_cluster_352,2021,2021-01-11,2021-03-22,56,352,40063,Candresse,127.0
2021-01-11---2021-03-22_cluster_352,2021,2021-01-11,2021-03-22,56,352,40088,Dax,318.0
2021-01-11---2021-03-22_cluster_352,2021,2021-01-11,2021-03-22,56,352,40113,Goos,242.0
2021-01-11---2021-03-22_cluster_352,2021,2021-01-11,2021-03-22,56,352,40116,Gouts,28.0
2021-01-11---2021-03-22_cluster_352,2021,2021-01-11,2021-03-22,56,352,40208,Onard,207.0
2021-01-11---2021-03-22_cluster_352,2021,2021-01-11,2021-03-22,56,352,40211,Orist,452.0
2021-01-11---2021-03-22_cluster_352,2021,2021-01-11,2021-03-22,56,352,40222,Pey,486.0
2021-01-11---2021-03-22_cluster_352,2021,2021-01-11,2021-03-22,56,352,40235,Poyanne,425.0
2021-01-11---2021-03-22_cluster_352,2021,2021-01-11,2021-03-22,56,352,40256,Saint-Étienne-d'Orthe,45.0
2021-01-11---2021-03-22_cluster_352,2021,2021-01-11,2021-03-22,56,352,40263,Saint-Jean-de-Lier,359.0
2021-01-11---2021-03-22_cluster_352,2021,2021-01-11,2021-03-22,56,352,40301,Siest,373.0
2021-01-11---2021-03-22_cluster_352,2021,2021-01-11,2021-03-22,56,352,40314,Tercis-les-Bains,425.0
2021-01-11---2021-03-22_cluster_352,2021,2021-01-11,2021-03-22,56,352,40324,Vicq-d'Auribat,356.0
2021-01-11---2021-03-22_cluster_352,2021,2021-01-11,2021-03-22,56,352,40334,Yzosse,399.0
2021-01-11---2021-03-22_cluster_352,2021,2021-01-11,2021-03-22,56,352,46270,Saint-Jean-de-Laur,816.0
2021-01-11---2021-03-22_cluster_352,2021,2021-01-11,2021-03-22,56,352,64123,Bidache,82.0
2021-03-08---2021-03-15_cluster_54,2021,2021-03-08,2021-03-15,7,54,44052,Donges,38.0
2021-03-08---2021-03-29_cluster_362,2021,2021-03-08,2021-03-29,21,362,54070,Bey-sur-Seille,19.0
2021-03-08---2021-03-29_cluster_362,2021,2021-03-08,2021-03-29,21,362,57002,Aboncourt-sur-Seille,26.0
2021-03-08---2021-03-29_cluster_362,2021,2021-03-08,2021-03-29,21,362,57308,Hazembourg,41.0
2021-03-15---2021-04-05_cluster_59,2021,2021-03-15,2021-04-05,21,59,44097,Mesquer,14.0
2021-03-15---2021-04-05_cluster_59,2021,2021-03-15,2021-04-05,21,59,44183,Saint-Molf,91.0
2021-06-07---2021-06-14_cluster_118,2021,2021-06-07,2021-06-14,7,118,50151,Créances,318.0
2021-07-12---2021-08-02_cluster_159,2021,2021-07-12,2021-08-02,21,159,01147,Domsure,48.0
2021-07-12---2021-08-02_cluster_159,2021,2021-07-12,2021-08-02,21,159,01323,Reyssouze,10.0
2021-07-12---2021-08-02_cluster_159,2021,2021-07-12,2021-08-02,21,159,01380,Saint-Nizier-le-Bouchoux,30.0
2021-07-12---2021-08-02_cluster_159,2021,2021-07-12,2021-08-02,21,159,02014,Amigny-Rouy,183.0
2021-07-12---2021-08-02_cluster_159,2021,2021-07-12,2021-08-02,21,159,02040,Autreppes,10.0
2021-07-12---2021-08-02_cluster_159,2021,2021-07-12,2021-08-02,21,159,02165,Charmes,313.0
2021-07-12---2021-08-02_cluster_159,2021,2021-07-12,2021-08-02,21,159,02208,Concevreux,223.0
2021-07-12---2021-08-02_cluster_159,2021,2021-07-12,2021-08-02,21,159,02262,Deuillet,17.0
2021-07-12---2021-08-02_cluster_159,2021,2021-07-12,2021-08-02,21,159,02453,Maizy,393.0
2021-07-12---2021-08-02_cluster_159,2021,2021-07-12,2021-08-02,21,159,02624,Proisy,71.0
2021-07-12---2021-08-02_cluster_159,2021,2021-07-12,2021-08-02,21,159,08010,Ambly-Fleury,40.0
2021-07-12---2021-08-02_cluster_159,2021,2021-07-12,2021-08-02,21,159,08020,Les Petites-Armoises,13.0
2021-07-12---2021-08-02_cluster_159,2021,2021-07-12,2021-08-02,21,159,08131,Cornay,76.0
2021-07-12---2021-08-02_cluster_159,2021,2021-07-12,2021-08-02,21,159,08168,La Ferté-sur-Chiers,68.0
2021-07-12---2021-08-02_cluster_159,2021,2021-07-12,2021-08-02,21,159,08276,Margut,16.0
2021-07-12---2021-08-02_cluster_159,2021,2021-07-12,2021-08-02,21,159,08364,Rilly-sur-Aisne,82.0
2021-07-12---2021-08-02_cluster_159,2021,2021-07-12,2021-08-02,21,159,08416,Seuil,25.0
2021-07-12---2021-08-02_cluster_159,2021,2021-07-12,2021-08-02,21,159,08461,Vandy,82.0
2021-07-12---2021-08-02_cluster_159,2021,2021-07-12,2021-08-02,21,159,08466,Vaux-lès-Mouzon,18.0
2021-07-12---2021-08-02_cluster_159,2021,2021-07-12,2021-08-02,21,159,08473,Vieux-lès-Asfeld,596.0
2021-07-12---2021-08-02_cluster_159,2021,2021-07-12,2021-08-02,21,159,08477,Villers-devant-Mouzon,301.0
2021-07-12---2021-08-02_cluster_159,2021,2021-07-12,2021-08-02,21,159,10047,Blignicourt,140.0
2021-07-12---2021-08-02_cluster_159,2021,2021-07-12,2021-08-02,21,159,10171,Hampigny,52.0
2021-07-12---2021-08-02_cluster_159,2021,2021-07-12,2021-08-02,21,159,10315,Rances,115.0
2021-07-12---2021-08-02_cluster_159,2021,2021-07-12,2021-08-02,21,159,21301,Glanon,19.0
2021-07-12---2021-08-02_cluster_159,2021,2021-07-12,2021-08-02,21,159,25090,Brères,721.0
2021-07-12---2021-08-02_cluster_159,2021,2021-07-12,2021-08-02,21,159,25107,Cendrey,449.0
2021-07-12---2021-08-02_cluster_159,2021,2021-07-12,2021-08-02,21,159,25150,Chevigney-sur-l'Ognon,636.0
2021-07-12---2021-08-02_cluster_159,2021,2021-07-12,2021-08-02,21,159,25172,Courchapon,199.0
2021-07-12---2021-08-02_cluster_159,2021,2021-07-12,2021-08-02,21,159,25265,Geneuille,45.0
2021-07-12---2021-08-02_cluster_159,2021,2021-07-12,2021-08-02,21,159,25317,Jallerange,34.0
2021-07-12---2021-08-02_cluster_159,2021,2021-07-12,2021-08-02,21,159,25330,Lavans-Quingey,240.0
2021-07-12---2021-08-02_cluster_159,2021,2021-07-12,2021-08-02,21,159,25403,Montlebon,271.0
2021-07-12---2021-08-02_cluster_159,2021,2021-07-12,2021-08-02,21,159,25536,Sauvagney,253.0
2021-07-12---2021-08-02_cluster_159,2021,2021-07-12,2021-08-02,21,159,39076,La Bretenière,10.0
2021-07-12---2021-08-02_cluster_159,2021,2021-07-12,2021-08-02,21,159,39220,Falletans,71.0
2021-07-12---2021-08-02_cluster_159,2021,2021-07-12,2021-08-02,21,159,39377,Mutigney,348.0
2021-07-12---2021-08-02_cluster_159,2021,2021-07-12,2021-08-02,21,159,39398,Ougney,244.0
2021-07-12---2021-08-02_cluster_159,2021,2021-07-12,2021-08-02,21,159,39402,Pagney,680.0
2021-07-12---2021-08-02_cluster_159,2021,2021-07-12,2021-08-02,21,159,39477,Saint-Baraing,37.0
2021-07-12---2021-08-02_cluster_159,2021,2021-07-12,2021-08-02,21,159,39525,Tassenières,38.0
2021-07-12---2021-08-02_cluster_159,2021,2021-07-12,2021-08-02,21,159,39528,Thervay,54.0
2021-07-12---2021-08-02_cluster_159,2021,2021-07-12,2021-08-02,21,159,39581,Vitreux,339.0
2021-07-12---2021-08-02_cluster_159,2021,2021-07-12,2021-08-02,21,159,51150,Cherville,10.0
2021-07-12---2021-08-02_cluster_159,2021,2021-07-12,2021-08-02,21,159,51171,Cormicy,375.0
2021-07-12---2021-08-02_cluster_159,2021,2021-07-12,2021-08-02,21,159,51413,Oiry,21.0
2021-07-12---2021-08-02_cluster_159,2021,2021-07-12,2021-08-02,21,159,51446,Pringy,18.0
2021-07-12---2021-08-02_cluster_159,2021,2021-07-12,2021-08-02,21,159,51519,Saint-Thomas-en-Argonne,23.0
2021-07-12---2021-08-02_cluster_159,2021,2021-07-12,2021-08-02,21,159,51533,Servon-Melzicourt,53.0
2021-07-12---2021-08-02_cluster_159,2021,2021-07-12,2021-08-02,21,159,51552,Songy,10.0
2021-07-12---2021-08-02_cluster_159,2021,2021-07-12,2021-08-02,21,159,51620,Vienne-la-Ville,33.0
2021-07-12---2021-08-02_cluster_159,2021,2021-07-12,2021-08-02,21,159,51648,Vitry-la-Ville,32.0
2021-07-12---2021-08-02_cluster_159,2021,2021-07-12,2021-08-02,21,159,52174,Doncourt-sur-Meuse,34.0
2021-07-12---2021-08-02_cluster_159,2021,2021-07-12,2021-08-02,21,159,54061,Bénaménil,12.0
2021-07-12---2021-08-02_cluster_159,2021,2021-07-12,2021-08-02,21,159,54070,Bey-sur-Seille,52.0
2021-07-12---2021-08-02_cluster_159,2021,2021-07-12,2021-08-02,21,159,54116,Chanteheux,12.0
2021-07-12---2021-08-02_cluster_159,2021,2021-07-12,2021-08-02,21,159,54210,Fréménil,58.0
2021-07-12---2021-08-02_cluster_159,2021,2021-07-12,2021-08-02,21,159,54227,Giraumont,326.0
2021-07-12---2021-08-02_cluster_159,2021,2021-07-12,2021-08-02,21,159,54300,Laneuveville-devant-Nancy,127.0
2021-07-12---2021-08-02_cluster_159,2021,2021-07-12,2021-08-02,21,159,54440,Puxe,57.0
2021-07-12---2021-08-02_cluster_159,2021,2021-07-12,2021-08-02,21,159,54445,Raville-sur-Sânon,24.0
2021-07-12---2021-08-02_cluster_159,2021,2021-07-12,2021-08-02,21,159,54462,Rosières-aux-Salines,513.0
2021-07-12---2021-08-02_cluster_159,2021,2021-07-12,2021-08-02,21,159,55009,Ancemont,72.0
2021-07-12---2021-08-02_cluster_159,2021,2021-07-12,2021-08-02,21,159,55080,Brixey-aux-Chanoines,22.0
2021-07-12---2021-08-02_cluster_159,2021,2021-07-12,2021-08-02,21,159,55097,Chalaines,608.0
2021-07-12---2021-08-02_cluster_159,2021,2021-07-12,2021-08-02,21,159,55102,Charny-sur-Meuse,351.0
2021-07-12---2021-08-02_cluster_159,2021,2021-07-12,2021-08-02,21,159,55122,Commercy,234.0
2021-07-12---2021-08-02_cluster_159,2021,2021-07-12,2021-08-02,21,159,55168,Duzey,54.0
2021-07-12---2021-08-02_cluster_159,2021,2021-07-12,2021-08-02,21,159,55275,Lamouilly,18.0
2021-07-12---2021-08-02_cluster_159,2021,2021-07-12,2021-08-02,21,159,55312,Maizey,322.0
2021-07-12---2021-08-02_cluster_159,2021,2021-07-12,2021-08-02,21,159,55321,Marre,148.0
2021-07-12---2021-08-02_cluster_159,2021,2021-07-12,2021-08-02,21,159,55328,Maxey-sur-Vaise,266.0
2021-07-12---2021-08-02_cluster_159,2021,2021-07-12,2021-08-02,21,159,55347,Les Monthairons,113.0
2021-07-12---2021-08-02_cluster_159,2021,2021-07-12,2021-08-02,21,159,55433,Rigny-la-Salle,286.0
2021-07-12---2021-08-02_cluster_159,2021,2021-07-12,2021-08-02,21,159,55444,Rouvrois-sur-Meuse,28.0
2021-07-12---2021-08-02_cluster_159,2021,2021-07-12,2021-08-02,21,159,55456,Saint-Germain-sur-Meuse,10.0
2021-07-12---2021-08-02_cluster_159,2021,2021-07-12,2021-08-02,21,159,55485,Sepvigny,274.0
2021-07-12---2021-08-02_cluster_159,2021,2021-07-12,2021-08-02,21,159,55552,Vigneul-sous-Montmédy,10.0
2021-07-12---2021-08-02_cluster_159,2021,2021-07-12,2021-08-02,21,159,55573,Void-Vacon,14.0
2021-07-12---2021-08-02_cluster_159,2021,2021-07-12,2021-08-02,21,159,57002,Aboncourt-sur-Seille,165.0
2021-07-12---2021-08-02_cluster_159,2021,2021-07-12,2021-08-02,21,159,57236,Frémery,40.0
2021-07-12---2021-08-02_cluster_159,2021,2021-07-12,2021-08-02,21,159,57290,Hampont,33.0
2021-07-12---2021-08-02_cluster_159,2021,2021-07-12,2021-08-02,21,159,59035,Avesnelles,10.0
2021-07-12---2021-08-02_cluster_159,2021,2021-07-12,2021-08-02,21,159,60105,Brétigny,12.0
2021-07-12---2021-08-02_cluster_159,2021,2021-07-12,2021-08-02,21,159,60655,Varesnes,122.0
2021-07-12---2021-08-02_cluster_159,2021,2021-07-12,2021-08-02,21,159,70018,Ancier,10.0
2021-07-12---2021-08-02_cluster_159,2021,2021-07-12,2021-08-02,21,159,70105,Bucey-lès-Traves,307.0
2021-07-12---2021-08-02_cluster_159,2021,2021-07-12,2021-08-02,21,159,70127,Chantes,402.0
2021-07-12---2021-08-02_cluster_159,2021,2021-07-12,2021-08-02,21,159,70282,Gy,10.0
2021-07-12---2021-08-02_cluster_159,2021,2021-07-12,2021-08-02,21,159,70317,Les Magny,777.0
2021-07-12---2021-08-02_cluster_159,2021,2021-07-12,2021-08-02,21,159,70427,Purgerot,177.0
2021-07-12---2021-08-02_cluster_159,2021,2021-07-12,2021-08-02,21,159,70437,Ranzevelle,54.0
2021-07-12---2021-08-02_cluster_159,2021,2021-07-12,2021-08-02,21,159,70474,Saint-Sulpice,139.0
2021-07-12---2021-08-02_cluster_159,2021,2021-07-12,2021-08-02,21,159,70491,Seveux-Motey,407.0
2021-07-12---2021-08-02_cluster_159,2021,2021-07-12,2021-08-02,21,159,70492,Soing-Cubry-Charentenay,431.0
2021-07-12---2021-08-02_cluster_159,2021,2021-07-12,2021-08-02,21,159,70504,Traves,738.0
2021-07-12---2021-08-02_cluster_159,2021,2021-07-12,2021-08-02,21,159,70539,Vellexon-Queutrey-et-Vaudey,289.0
2021-07-12---2021-08-02_cluster_159,2021,2021-07-12,2021-08-02,21,159,70572,Vitrey-sur-Mance,22.0
2021-07-12---2021-08-02_cluster_159,2021,2021-07-12,2021-08-02,21,159,71018,Bantanges,184.0
2021-07-12---2021-08-02_cluster_159,2021,2021-07-12,2021-08-02,21,159,71061,Brienne,213.0
2021-07-12---2021-08-02_cluster_159,2021,2021-07-12,2021-08-02,21,159,71092,La Chapelle-Naude,10.0
2021-07-12---2021-08-02_cluster_159,2021,2021-07-12,2021-08-02,21,159,71101,Charette-Varennes,105.0
2021-07-12---2021-08-02_cluster_159,2021,2021-07-12,2021-08-02,21,159,71207,Fretterans,34.0
2021-07-12---2021-08-02_cluster_159,2021,2021-07-12,2021-08-02,21,159,71219,Gigny-sur-Saône,293.0
2021-07-12---2021-08-02_cluster_159,2021,2021-07-12,2021-08-02,21,159,71244,Jouvençon,203.0
2021-07-12---2021-08-02_cluster_159,2021,2021-07-12,2021-08-02,21,159,71283,Marnay,80.0
2021-07-12---2021-08-02_cluster_159,2021,2021-07-12,2021-08-02,21,159,71311,Montcony,76.0
2021-07-12---2021-08-02_cluster_159,2021,2021-07-12,2021-08-02,21,159,71315,Mont-lès-Seurre,166.0
2021-07-12---2021-08-02_cluster_159,2021,2021-07-12,2021-08-02,21,159,71329,Navilly,10.0
2021-07-12---2021-08-02_cluster_159,2021,2021-07-12,2021-08-02,21,159,71332,Ormes,200.0
2021-07-12---2021-08-02_cluster_159,2021,2021-07-12,2021-08-02,21,159,71352,Le Planois,52.0
2021-07-12---2021-08-02_cluster_159,2021,2021-07-12,2021-08-02,21,159,71355,Pontoux,292.0
2021-07-12---2021-08-02_cluster_159,2021,2021-07-12,2021-08-02,21,159,71365,Rancy,204.0
2021-07-12---2021-08-02_cluster_159,2021,2021-07-12,2021-08-02,21,159,71402,Saint-Cyr,10.0
2021-07-12---2021-08-02_cluster_159,2021,2021-07-12,2021-08-02,21,159,71504,Saunières,11.0
2021-07-12---2021-08-02_cluster_159,2021,2021-07-12,2021-08-02,21,159,71514,Sens-sur-Seille,60.0
2021-07-12---2021-08-02_cluster_159,2021,2021-07-12,2021-08-02,21,159,71528,Sornay,115.0
2021-07-12---2021-08-02_cluster_159,2021,2021-07-12,2021-08-02,21,159,71555,Varennes-le-Grand,79.0
2021-07-12---2021-08-02_cluster_159,2021,2021-07-12,2021-08-02,21,159,80561,Montdidier,10.0
2021-07-12---2021-08-02_cluster_159,2021,2021-07-12,2021-08-02,21,159,88171,Fignévelle,21.0
2021-11-01---2021-11-08_cluster_287,2021,2021-11-01,2021-11-08,7,287,71244,Jouvençon,141.0
2021-11-08---2021-11-15_cluster_296,2021,2021-11-08,2021-11-15,7,296,50052,Beuzeville-la-Bastille,10.0
2021-11-08---2021-11-15_cluster_296,2021,2021-11-08,2021-11-15,7,296,50269,Liesville-sur-Douve,42.0
2021-11-29---2022-01-03_cluster_315,2021,2021-11-29,2022-01-03,35,315,32017,Aurensan,31.0
2021-11-29---2022-01-03_cluster_315,2021,2021-11-29,2022-01-03,35,315,32164,Juillac,29.0
2021-11-29---2022-01-03_cluster_315,2021,2021-11-29,2022-01-03,35,315,32319,Plaisance,47.0
2021-11-29---2022-01-03_cluster_315,2021,2021-11-29,2022-01-03,35,315,32450,Tourdun,10.0
2021-11-29---2022-01-03_cluster_315,2021,2021-11-29,2022-01-03,35,315,32464,Villecomtal-sur-Arros,22.0
2021-11-29---2022-01-03_cluster_315,2021,2021-11-29,2022-01-03,35,315,40063,Candresse,53.0
2021-11-29---2022-01-03_cluster_315,2021,2021-11-29,2022-01-03,35,315,40088,Dax,316.0
2021-11-29---2022-01-03_cluster_315,2021,2021-11-29,2022-01-03,35,315,40120,Hastingues,200.0
2021-11-29---2022-01-03_cluster_315,2021,2021-11-29,2022-01-03,35,315,40191,Montaut,134.0
2021-11-29---2022-01-03_cluster_315,2021,2021-11-29,2022-01-03,35,315,40211,Orist,459.0
2021-11-29---2022-01-03_cluster_315,2021,2021-11-29,2022-01-03,35,315,40222,Pey,487.0
2021-11-29---2022-01-03_cluster_315,2021,2021-11-29,2022-01-03,35,315,40223,Peyre,21.0
2021-11-29---2022-01-03_cluster_315,2021,2021-11-29,2022-01-03,35,315,40235,Poyanne,411.0
2021-11-29---2022-01-03_cluster_315,2021,2021-11-29,2022-01-03,35,315,40256,Saint-Étienne-d'Orthe,30.0
2021-11-29---2022-01-03_cluster_315,2021,2021-11-29,2022-01-03,35,315,40306,Sorde-l'Abbaye,394.0
2021-11-29---2022-01-03_cluster_315,2021,2021-11-29,2022-01-03,35,315,40314,Tercis-les-Bains,430.0
2021-11-29---2022-01-03_cluster_315,2021,2021-11-29,2022-01-03,35,315,40324,Vicq-d'Auribat,305.0
2021-11-29---2022-01-03_cluster_315,2021,2021-11-29,2022-01-03,35,315,40334,Yzosse,409.0
2021-11-29---2022-01-03_cluster_315,2021,2021-11-29,2022-01-03,35,315,64123,Bidache,226.0
2021-11-29---2022-01-03_cluster_315,2021,2021-11-29,2022-01-03,35,315,64205,Escos,77.0
2021-11-29---2022-01-03_cluster_316,2021,2021-11-29,2022-01-03,35,316,01147,Domsure,16.0
2021-11-29---2022-01-03_cluster_316,2021,2021-11-29,2022-01-03,35,316,01249,Miribel,37.0
2021-11-29---2022-01-03_cluster_316,2021,2021-11-29,2022-01-03,35,316,14107,Bricqueville,36.0
2021-11-29---2022-01-03_cluster_316,2021,2021-11-29,2022-01-03,35,316,14168,Colombières,17.0
2021-11-29---2022-01-03_cluster_316,2021,2021-11-29,2022-01-03,35,316,25515,Sainte-Colombe,16.0
2021-11-29---2022-01-03_cluster_316,2021,2021-11-29,2022-01-03,35,316,33514,Soulac-sur-Mer,620.0
2021-11-29---2022-01-03_cluster_316,2021,2021-11-29,2022-01-03,35,316,35179,Miniac-Morvan,28.0
2021-11-29---2022-01-03_cluster_316,2021,2021-11-29,2022-01-03,35,316,49129,Écouflant,323.0
2021-11-29---2022-01-03_cluster_316,2021,2021-11-29,2022-01-03,35,316,50004,Airel,75.0
2021-11-29---2022-01-03_cluster_316,2021,2021-11-29,2022-01-03,35,316,50016,Appeville,22.0
2021-11-29---2022-01-03_cluster_316,2021,2021-11-29,2022-01-03,35,316,50023,Auvers,58.0
2021-11-29---2022-01-03_cluster_316,2021,2021-11-29,2022-01-03,35,316,50099,Carentan-les-Marais,31.0
2021-11-29---2022-01-03_cluster_316,2021,2021-11-29,2022-01-03,35,316,50151,Créances,312.0
2021-11-29---2022-01-03_cluster_316,2021,2021-11-29,2022-01-03,35,316,50216,Graignes-Mesnil-Angot,24.0
2021-11-29---2022-01-03_cluster_316,2021,2021-11-29,2022-01-03,35,316,50269,Liesville-sur-Douve,14.0
2021-11-29---2022-01-03_cluster_316,2021,2021-11-29,2022-01-03,35,316,50298,Méautis,34.0
2021-11-29---2022-01-03_cluster_316,2021,2021-11-29,2022-01-03,35,316,50409,Pont-Hébert,23.0
2021-11-29---2022-01-03_cluster_316,2021,2021-11-29,2022-01-03,35,316,50431,Remilly Les Marais,37.0
2021-11-29---2022-01-03_cluster_316,2021,2021-11-29,2022-01-03,35,316,50445,Saint-André-de-Bohon,30.0
2021-11-29---2022-01-03_cluster_316,2021,2021-11-29,2022-01-03,35,316,50468,Saint-Fromond,87.0
2021-11-29---2022-01-03_cluster_316,2021,2021-11-29,2022-01-03,35,316,50510,Saint-Martin-d'Aubigny,40.0
2021-11-29---2022-01-03_cluster_316,2021,2021-11-29,2022-01-03,35,316,50606,Tribehou,51.0
2021-11-29---2022-01-03_cluster_316,2021,2021-11-29,2022-01-03,35,316,50617,Varenguebec,23.0
2021-11-29---2022-01-03_cluster_316,2021,2021-11-29,2022-01-03,35,316,59182,Drincham,30.0
2021-11-29---2022-01-03_cluster_316,2021,2021-11-29,2022-01-03,35,316,59183,Dunkerque,10.0
2021-11-29---2022-01-03_cluster_316,2021,2021-11-29,2022-01-03,35,316,59305,Herzeele,45.0
2021-11-29---2022-01-03_cluster_316,2021,2021-11-29,2022-01-03,35,316,59318,Houtkerque,52.0
2021-11-29---2022-01-03_cluster_316,2021,2021-11-29,2022-01-03,35,316,59326,Killem,19.0
2021-11-29---2022-01-03_cluster_316,2021,2021-11-29,2022-01-03,35,316,62736,Sailly-sur-la-Lys,27.0
2021-11-29---2022-01-03_cluster_316,2021,2021-11-29,2022-01-03,35,316,62747,Saint-Floris,22.0
2021-11-29---2022-01-03_cluster_316,2021,2021-11-29,2022-01-03,35,316,62894,Wimille,16.0
2021-11-29---2022-01-03_cluster_316,2021,2021-11-29,2022-01-03,35,316,71018,Bantanges,113.0
2021-11-29---2022-01-03_cluster_316,2021,2021-11-29,2022-01-03,35,316,71092,La Chapelle-Naude,33.0
2021-11-29---2022-01-03_cluster_316,2021,2021-11-29,2022-01-03,35,316,71219,Gigny-sur-Saône,42.0
2021-11-29---2022-01-03_cluster_316,2021,2021-11-29,2022-01-03,35,316,71244,Jouvençon,178.0
2021-11-29---2022-01-03_cluster_316,2021,2021-11-29,2022-01-03,35,316,71283,Marnay,25.0
2021-11-29---2022-01-03_cluster_316,2021,2021-11-29,2022-01-03,35,316,71352,Le Planois,20.0
2021-11-29---2022-01-03_cluster_316,2021,2021-11-29,2022-01-03,35,316,71365,Rancy,100.0
2021-11-29---2022-01-03_cluster_316,2021,2021-11-29,2022-01-03,35,316,71423,Saint-Gervais-en-Vallière,16.0
2021-11-29---2022-01-03_cluster_316,2021,2021-11-29,2022-01-03,35,316,71514,Sens-sur-Seille,41.0
2021-11-29---2022-01-03_cluster_316,2021,2021-11-29,2022-01-03,35,316,71528,Sornay,60.0
2021-11-29---2022-01-03_cluster_316,2021,2021-11-29,2022-01-03,35,316,74027,La Balme-de-Thuy,1563.0
2021-12-27---2022-01-03_cluster_337,2021,2021-12-27,2022-01-03,7,337,01147,Domsure,51.0
2021-12-27---2022-01-03_cluster_337,2021,2021-12-27,2022-01-03,7,337,01249,Miribel,26.0
2021-12-27---2022-01-03_cluster_337,2021,2021-12-27,2022-01-03,7,337,01380,Saint-Nizier-le-Bouchoux,44.0
2021-12-27---2022-01-03_cluster_337,2021,2021-12-27,2022-01-03,7,337,25330,Lavans-Quingey,246.0
2021-12-27---2022-01-03_cluster_337,2021,2021-12-27,2022-01-03,7,337,58173,Montaron,306.0
2021-12-27---2022-01-03_cluster_337,2021,2021-12-27,2022-01-03,7,337,58290,Thaix,427.0
2021-12-27---2022-01-03_cluster_337,2021,2021-12-27,2022-01-03,7,337,63271,Paslières,33.0
2021-12-27---2022-01-03_cluster_337,2021,2021-12-27,2022-01-03,7,337,71092,La Chapelle-Naude,42.0
2021-12-27---2022-01-03_cluster_337,2021,2021-12-27,2022-01-03,7,337,71155,Cronat,72.0
2021-12-27---2022-01-03_cluster_337,2021,2021-12-27,2022-01-03,7,337,71219,Gigny-sur-Saône,12.0
2021-12-27---2022-01-03_cluster_337,2021,2021-12-27,2022-01-03,7,337,71244,Jouvençon,162.0
2021-12-27---2022-01-03_cluster_337,2021,2021-12-27,2022-01-03,7,337,71283,Marnay,37.0
2021-12-27---2022-01-03_cluster_337,2021,2021-12-27,2022-01-03,7,337,71352,Le Planois,24.0
2021-12-27---2022-01-03_cluster_337,2021,2021-12-27,2022-01-03,7,337,71423,Saint-Gervais-en-Vallière,28.0
2021-12-27---2022-01-03_cluster_337,2021,2021-12-27,2022-01-03,7,337,71514,Sens-sur-Seille,39.0
2021-12-27---2022-01-03_cluster_337,2021,2021-12-27,2022-01-03,7,337,71528,Sornay,58.0
2021-12-27---2022-01-03_cluster_337,2021,2021-12-27,2022-01-03,7,337,71573,Versaugues,46.0
2022-01-31---2022-03-14_cluster_2,2022,2022-01-31,2022-03-14,42,2,34324,Valras-Plage,10.0
2022-01-31---2022-03-21_cluster_335,2022,2022-01-31,2022-03-21,49,335,35179,Miniac-Morvan,16.0
2022-01-31---2022-03-21_cluster_335,2022,2022-01-31,2022-03-21,49,335,50004,Airel,37.0
2022-01-31---2022-03-21_cluster_335,2022,2022-01-31,2022-03-21,49,335,50016,Appeville,45.0
2022-01-31---2022-03-21_cluster_335,2022,2022-01-31,2022-03-21,49,335,50023,Auvers,37.0
2022-01-31---2022-03-21_cluster_335,2022,2022-01-31,2022-03-21,49,335,50052,Beuzeville-la-Bastille,39.0
2022-01-31---2022-03-21_cluster_335,2022,2022-01-31,2022-03-21,49,335,50099,Carentan-les-Marais,15.0
2022-01-31---2022-03-21_cluster_335,2022,2022-01-31,2022-03-21,49,335,50196,Gatteville-le-Phare,10.0
2022-01-31---2022-03-21_cluster_335,2022,2022-01-31,2022-03-21,49,335,50269,Liesville-sur-Douve,23.0
2022-01-31---2022-03-21_cluster_335,2022,2022-01-31,2022-03-21,49,335,50298,Méautis,15.0
2022-01-31---2022-03-21_cluster_335,2022,2022-01-31,2022-03-21,49,335,50606,Tribehou,34.0
2022-01-31---2022-03-21_cluster_335,2022,2022-01-31,2022-03-21,49,335,50617,Varenguebec,52.0
2022-01-31---2022-03-21_cluster_335,2022,2022-01-31,2022-03-21,49,335,55064,Bouquemont,165.0
2022-01-31---2022-03-21_cluster_335,2022,2022-01-31,2022-03-21,49,335,55444,Rouvrois-sur-Meuse,16.0
2022-01-31---2022-03-21_cluster_335,2022,2022-01-31,2022-03-21,49,335,55552,Vigneul-sous-Montmédy,15.0
2022-02-14---2022-04-18_cluster_338,2022,2022-02-14,2022-04-18,63,338,50151,Créances,309.0
2022-03-14---2022-03-21_cluster_38,2022,2022-03-14,2022-03-21,7,38,44210,Trignac,38.0
2022-08-08---2022-08-15_cluster_182,2022,2022-08-08,2022-08-15,7,182,17153,Esnandes,10.0
2022-08-08---2022-08-15_cluster_182,2022,2022-08-08,2022-08-15,7,182,17185,Le Gua,79.0
2022-09-12---2022-09-19_cluster_219,2022,2022-09-12,2022-09-19,7,219,44183,Saint-Molf,62.0
2022-10-10---2023-01-02_cluster_351,2022,2022-10-10,2023-01-02,84,351,14107,Bricqueville,14.0
2022-10-10---2023-01-02_cluster_351,2022,2022-10-10,2023-01-02,84,351,14168,Colombières,10.0
2022-10-10---2023-01-02_cluster_351,2022,2022-10-10,2023-01-02,84,351,44013,Besné,110.0
2022-10-10---2023-01-02_cluster_351,2022,2022-10-10,2023-01-02,84,351,44019,Bouée,25.0
2022-10-10---2023-01-02_cluster_351,2022,2022-10-10,2023-01-02,84,351,44052,Donges,57.0
2022-10-10---2023-01-02_cluster_351,2022,2022-10-10,2023-01-02,84,351,44133,Port-Saint-Père,131.0
2022-10-10---2023-01-02_cluster_351,2022,2022-10-10,2023-01-02,84,351,44174,Saint-Lumine-de-Coutais,20.0
2022-10-10---2023-01-02_cluster_351,2022,2022-10-10,2023-01-02,84,351,44178,Saint-Mars-de-Coutais,126.0
2022-10-10---2023-01-02_cluster_351,2022,2022-10-10,2023-01-02,84,351,44179,Saint-Mars-du-Désert,35.0
2022-10-10---2023-01-02_cluster_351,2022,2022-10-10,2023-01-02,84,351,44188,Saint-Philbert-de-Grand-Lieu,104.0
2022-10-10---2023-01-02_cluster_351,2022,2022-10-10,2023-01-02,84,351,50004,Airel,49.0
2022-10-10---2023-01-02_cluster_351,2022,2022-10-10,2023-01-02,84,351,50016,Appeville,18.0
2022-10-10---2023-01-02_cluster_351,2022,2022-10-10,2023-01-02,84,351,50023,Auvers,54.0
2022-10-10---2023-01-02_cluster_351,2022,2022-10-10,2023-01-02,84,351,50070,Boutteville,36.0
2022-10-10---2023-01-02_cluster_351,2022,2022-10-10,2023-01-02,84,351,50099,Carentan-les-Marais,34.0
2022-10-10---2023-01-02_cluster_351,2022,2022-10-10,2023-01-02,84,351,50151,Créances,173.0
2022-10-10---2023-01-02_cluster_351,2022,2022-10-10,2023-01-02,84,351,50216,Graignes-Mesnil-Angot,22.0
2022-10-10---2023-01-02_cluster_351,2022,2022-10-10,2023-01-02,84,351,50269,Liesville-sur-Douve,14.0
2022-10-10---2023-01-02_cluster_351,2022,2022-10-10,2023-01-02,84,351,50298,Méautis,23.0
2022-10-10---2023-01-02_cluster_351,2022,2022-10-10,2023-01-02,84,351,50409,Pont-Hébert,20.0
2022-10-10---2023-01-02_cluster_351,2022,2022-10-10,2023-01-02,84,351,50431,Remilly Les Marais,23.0
2022-10-10---2023-01-02_cluster_351,2022,2022-10-10,2023-01-02,84,351,50445,Saint-André-de-Bohon,27.0
2022-10-10---2023-01-02_cluster_351,2022,2022-10-10,2023-01-02,84,351,50468,Saint-Fromond,85.0
2022-10-10---2023-01-02_cluster_351,2022,2022-10-10,2023-01-02,84,351,50606,Tribehou,57.0
2022-10-10---2023-01-02_cluster_351,2022,2022-10-10,2023-01-02,84,351,50617,Varenguebec,22.0
2022-10-10---2023-01-02_cluster_351,2022,2022-10-10,2023-01-02,84,351,56124,Malestroit,45.0
2022-10-10---2023-01-02_cluster_351,2022,2022-10-10,2023-01-02,84,351,56154,Peillac,296.0
2022-10-10---2023-01-02_cluster_351,2022,2022-10-10,2023-01-02,84,351,56239,Saint-Vincent-sur-Oust,299.0
2022-10-24---2022-12-19_cluster_352,2022,2022-10-24,2022-12-19,49,352,14168,Colombières,10.0
2022-10-24---2022-12-19_cluster_352,2022,2022-10-24,2022-12-19,49,352,44013,Besné,110.0
2022-10-24---2022-12-19_cluster_352,2022,2022-10-24,2022-12-19,49,352,44019,Bouée,25.0
2022-10-24---2022-12-19_cluster_352,2022,2022-10-24,2022-12-19,49,352,44052,Donges,57.0
2022-10-24---2022-12-19_cluster_352,2022,2022-10-24,2022-12-19,49,352,44133,Port-Saint-Père,131.0
2022-10-24---2022-12-19_cluster_352,2022,2022-10-24,2022-12-19,49,352,44174,Saint-Lumine-de-Coutais,20.0
2022-10-24---2022-12-19_cluster_352,2022,2022-10-24,2022-12-19,49,352,44178,Saint-Mars-de-Coutais,126.0
2022-10-24---2022-12-19_cluster_352,2022,2022-10-24,2022-12-19,49,352,44179,Saint-Mars-du-Désert,35.0
2022-10-24---2022-12-19_cluster_352,2022,2022-10-24,2022-12-19,49,352,44188,Saint-Philbert-de-Grand-Lieu,104.0
2022-10-24---2022-12-19_cluster_352,2022,2022-10-24,2022-12-19,49,352,50004,Airel,57.0
2022-10-24---2022-12-19_cluster_352,2022,2022-10-24,2022-12-19,49,352,50016,Appeville,44.0
2022-10-24---2022-12-19_cluster_352,2022,2022-10-24,2022-12-19,49,352,50023,Auvers,52.0
2022-10-24---2022-12-19_cluster_352,2022,2022-10-24,2022-12-19,49,352,50052,Beuzeville-la-Bastille,69.0
2022-10-24---2022-12-19_cluster_352,2022,2022-10-24,2022-12-19,49,352,50099,Carentan-les-Marais,19.0
2022-10-24---2022-12-19_cluster_352,2022,2022-10-24,2022-12-19,49,352,50151,Créances,312.0
2022-10-24---2022-12-19_cluster_352,2022,2022-10-24,2022-12-19,49,352,50216,Graignes-Mesnil-Angot,18.0
2022-10-24---2022-12-19_cluster_352,2022,2022-10-24,2022-12-19,49,352,50269,Liesville-sur-Douve,86.0
2022-10-24---2022-12-19_cluster_352,2022,2022-10-24,2022-12-19,49,352,50298,Méautis,18.0
2022-10-24---2022-12-19_cluster_352,2022,2022-10-24,2022-12-19,49,352,50409,Pont-Hébert,14.0
2022-10-24---2022-12-19_cluster_352,2022,2022-10-24,2022-12-19,49,352,50431,Remilly Les Marais,23.0
2022-10-24---2022-12-19_cluster_352,2022,2022-10-24,2022-12-19,49,352,50445,Saint-André-de-Bohon,23.0
2022-10-24---2022-12-19_cluster_352,2022,2022-10-24,2022-12-19,49,352,50468,Saint-Fromond,85.0
2022-10-24---2022-12-19_cluster_352,2022,2022-10-24,2022-12-19,49,352,50606,Tribehou,50.0
2022-10-24---2022-12-19_cluster_352,2022,2022-10-24,2022-12-19,49,352,50617,Varenguebec,86.0
2022-10-24---2022-12-19_cluster_352,2022,2022-10-24,2022-12-19,49,352,56124,Malestroit,45.0
2022-10-24---2022-12-19_cluster_352,2022,2022-10-24,2022-12-19,49,352,56154,Peillac,296.0
2022-10-24---2022-12-19_cluster_352,2022,2022-10-24,2022-12-19,49,352,56239,Saint-Vincent-sur-Oust,299.0
2022-12-19---2022-12-26_cluster_318,2022,2022-12-19,2022-12-26,7,318,55328,Maxey-sur-Vaise,227.0
2022-12-19---2022-12-26_cluster_318,2022,2022-12-19,2022-12-26,7,318,55485,Sepvigny,262.0
2022-12-19---2022-12-26_cluster_318,2022,2022-12-19,2022-12-26,7,318,55533,Vaucouleurs,10.0
2022-12-19---2022-12-26_cluster_318,2022,2022-12-19,2022-12-26,7,318,58173,Montaron,286.0
2022-12-19---2022-12-26_cluster_318,2022,2022-12-19,2022-12-26,7,318,70491,Seveux-Motey,391.0
2022-12-19---2022-12-26_cluster_318,2022,2022-12-19,2022-12-26,7,318,70539,Vellexon-Queutrey-et-Vaudey,282.0
2022-12-19---2022-12-26_cluster_318,2022,2022-12-19,2022-12-26,7,318,71244,Jouvençon,144.0
2022-12-19---2022-12-26_cluster_318,2022,2022-12-19,2022-12-26,7,318,71352,Le Planois,14.0
2022-12-19---2022-12-26_cluster_318,2022,2022-12-19,2022-12-26,7,318,71423,Saint-Gervais-en-Vallière,29.0
2022-12-19---2022-12-26_cluster_318,2022,2022-12-19,2022-12-26,7,318,71514,Sens-sur-Seille,20.0
2022-12-19---2023-01-02_cluster_320,2022,2022-12-19,2023-01-02,14,320,54070,Bey-sur-Seille,46.0
2022-12-19---2023-01-02_cluster_320,2022,2022-12-19,2023-01-02,14,320,57002,Aboncourt-sur-Seille,30.0
2023-01-30---2023-02-13_cluster_3,2023,2023-01-30,2023-02-13,14,3,50099,Carentan-les-Marais,15.0
2023-01-30---2023-02-13_cluster_3,2023,2023-01-30,2023-02-13,14,3,50269,Liesville-sur-Douve,13.0
2023-01-30---2023-04-17_cluster_323,2023,2023-01-30,2023-04-17,77,323,35179,Miniac-Morvan,19.0
2023-01-30---2023-04-17_cluster_323,2023,2023-01-30,2023-04-17,77,323,44013,Besné,47.0
2023-01-30---2023-04-17_cluster_323,2023,2023-01-30,2023-04-17,77,323,44052,Donges,61.0
2023-01-30---2023-04-17_cluster_323,2023,2023-01-30,2023-04-17,77,323,44133,Port-Saint-Père,132.0
2023-01-30---2023-04-17_cluster_323,2023,2023-01-30,2023-04-17,77,323,44178,Saint-Mars-de-Coutais,131.0
2023-01-30---2023-04-17_cluster_323,2023,2023-01-30,2023-04-17,77,323,44183,Saint-Molf,66.0
2023-01-30---2023-04-17_cluster_323,2023,2023-01-30,2023-04-17,77,323,44188,Saint-Philbert-de-Grand-Lieu,118.0
2023-01-30---2023-04-17_cluster_323,2023,2023-01-30,2023-04-17,77,323,50016,Appeville,28.0
2023-01-30---2023-04-17_cluster_323,2023,2023-01-30,2023-04-17,77,323,50023,Auvers,24.0
2023-01-30---2023-04-17_cluster_323,2023,2023-01-30,2023-04-17,77,323,50052,Beuzeville-la-Bastille,33.0
2023-01-30---2023-04-17_cluster_323,2023,2023-01-30,2023-04-17,77,323,50269,Liesville-sur-Douve,21.0
2023-01-30---2023-04-17_cluster_323,2023,2023-01-30,2023-04-17,77,323,50617,Varenguebec,34.0
2023-02-06---2023-02-13_cluster_15,2023,2023-02-06,2023-02-13,7,15,21242,Échigey,10.0
2023-03-06---2023-04-24_cluster_328,2023,2023-03-06,2023-04-24,42,328,16217,Merpins,517.0
2023-03-06---2023-04-24_cluster_328,2023,2023-03-06,2023-04-24,42,328,17069,Brives-sur-Charente,364.0
2023-03-06---2023-04-24_cluster_328,2023,2023-03-06,2023-04-24,42,328,17073,Bussac-sur-Charente,445.0
2023-03-06---2023-04-24_cluster_328,2023,2023-03-06,2023-04-24,42,328,17085,Champdolent,194.0
2023-03-06---2023-04-24_cluster_328,2023,2023-03-06,2023-04-24,42,328,17128,Courcoury,368.0
2023-03-06---2023-04-24_cluster_328,2023,2023-03-06,2023-04-24,42,328,17164,Fontcouverte,464.0
2023-03-06---2023-04-24_cluster_328,2023,2023-03-06,2023-04-24,42,328,17179,Les Gonds,839.0
2023-03-06---2023-04-24_cluster_328,2023,2023-03-06,2023-04-24,42,328,17266,Les Nouillers,12.0
2023-03-06---2023-04-24_cluster_328,2023,2023-03-06,2023-04-24,42,328,17304,Rouffiac,318.0
2023-03-06---2023-04-24_cluster_328,2023,2023-03-06,2023-04-24,42,328,17400,Saint-Sever-de-Saintonge,238.0
2023-03-06---2023-04-24_cluster_328,2023,2023-03-06,2023-04-24,42,328,17418,Salignac-sur-Charente,374.0
2023-03-06---2023-04-24_cluster_328,2023,2023-03-06,2023-04-24,42,328,35179,Miniac-Morvan,22.0
2023-03-06---2023-04-24_cluster_328,2023,2023-03-06,2023-04-24,42,328,44013,Besné,60.0
2023-03-06---2023-04-24_cluster_328,2023,2023-03-06,2023-04-24,42,328,44047,Couëron,120.0
2023-03-06---2023-04-24_cluster_328,2023,2023-03-06,2023-04-24,42,328,44052,Donges,47.0
2023-03-06---2023-04-24_cluster_328,2023,2023-03-06,2023-04-24,42,328,44061,Frossay,10.0
2023-03-06---2023-04-24_cluster_328,2023,2023-03-06,2023-04-24,42,328,44151,Saint-André-des-Eaux,30.0
2023-03-06---2023-04-24_cluster_328,2023,2023-03-06,2023-04-24,42,328,44174,Saint-Lumine-de-Coutais,19.0
2023-03-06---2023-04-24_cluster_328,2023,2023-03-06,2023-04-24,42,328,44176,Saint-Malo-de-Guersac,10.0
2023-03-06---2023-04-24_cluster_328,2023,2023-03-06,2023-04-24,42,328,44210,Trignac,66.0
2023-03-06---2023-04-24_cluster_328,2023,2023-03-06,2023-04-24,42,328,50016,Appeville,35.0
2023-03-06---2023-04-24_cluster_328,2023,2023-03-06,2023-04-24,42,328,50023,Auvers,27.0
2023-03-06---2023-04-24_cluster_328,2023,2023-03-06,2023-04-24,42,328,50052,Beuzeville-la-Bastille,60.0
2023-03-06---2023-04-24_cluster_328,2023,2023-03-06,2023-04-24,42,328,50099,Carentan-les-Marais,17.0
2023-03-06---2023-04-24_cluster_328,2023,2023-03-06,2023-04-24,42,328,50151,Créances,239.0
2023-03-06---2023-04-24_cluster_328,2023,2023-03-06,2023-04-24,42,328,50269,Liesville-sur-Douve,74.0
2023-03-06---2023-04-24_cluster_328,2023,2023-03-06,2023-04-24,42,328,50617,Varenguebec,71.0
2023-03-06---2023-04-24_cluster_328,2023,2023-03-06,2023-04-24,42,328,90049,Foussemagne,21.0
2023-03-13---2023-05-01_cluster_331,2023,2023-03-13,2023-05-01,49,331,57308,Hazembourg,25.0
2023-06-19---2023-06-26_cluster_140,2023,2023-06-19,2023-06-26,7,140,32062,Bourrouillan,168.0
2023-08-28---2023-09-04_cluster_225,2023,2023-08-28,2023-09-04,7,225,44136,Préfailles,10.0
2023-08-28---2023-09-04_cluster_225,2023,2023-08-28,2023-09-04,7,225,44183,Saint-Molf,63.0
2023-08-28---2023-09-04_cluster_225,2023,2023-08-28,2023-09-04,7,225,56018,Billiers,22.0
2023-10-02---2023-11-27_cluster_343,2023,2023-10-02,2023-11-27,56,343,16081,La Chapelle,10.0
2023-10-02---2023-11-27_cluster_343,2023,2023-10-02,2023-11-27,56,343,16090,Châteauneuf-sur-Charente,629.0
2023-10-02---2023-11-27_cluster_343,2023,2023-10-02,2023-11-27,56,343,16152,Gimeux,84.0
2023-10-02---2023-11-27_cluster_343,2023,2023-10-02,2023-11-27,56,343,16217,Merpins,425.0
2023-10-02---2023-11-27_cluster_343,2023,2023-10-02,2023-11-27,56,343,17069,Brives-sur-Charente,372.0
2023-10-02---2023-11-27_cluster_343,2023,2023-10-02,2023-11-27,56,343,17073,Bussac-sur-Charente,441.0
2023-10-02---2023-11-27_cluster_343,2023,2023-10-02,2023-11-27,56,343,17085,Champdolent,198.0
2023-10-02---2023-11-27_cluster_343,2023,2023-10-02,2023-11-27,56,343,17128,Courcoury,371.0
2023-10-02---2023-11-27_cluster_343,2023,2023-10-02,2023-11-27,56,343,17164,Fontcouverte,452.0
2023-10-02---2023-11-27_cluster_343,2023,2023-10-02,2023-11-27,56,343,17171,Geay,206.0
2023-10-02---2023-11-27_cluster_343,2023,2023-10-02,2023-11-27,56,343,17179,Les Gonds,892.0
2023-10-02---2023-11-27_cluster_343,2023,2023-10-02,2023-11-27,56,343,17252,Le Mung,258.0
2023-10-02---2023-11-27_cluster_343,2023,2023-10-02,2023-11-27,56,343,17302,Romegoux,150.0
2023-10-02---2023-11-27_cluster_343,2023,2023-10-02,2023-11-27,56,343,17303,La Ronde,172.0
2023-10-02---2023-11-27_cluster_343,2023,2023-10-02,2023-11-27,56,343,17304,Rouffiac,310.0
2023-10-02---2023-11-27_cluster_343,2023,2023-10-02,2023-11-27,56,343,17349,Saint-Jean-de-Liversay,109.0
2023-10-02---2023-11-27_cluster_343,2023,2023-10-02,2023-11-27,56,343,17400,Saint-Sever-de-Saintonge,214.0
2023-10-02---2023-11-27_cluster_343,2023,2023-10-02,2023-11-27,56,343,17412,Saint-Vaize,401.0
2023-10-02---2023-11-27_cluster_343,2023,2023-10-02,2023-11-27,56,343,17418,Salignac-sur-Charente,414.0
2023-10-02---2023-11-27_cluster_343,2023,2023-10-02,2023-11-27,56,343,33240,Lesparre-Médoc,19.0
2023-10-02---2023-11-27_cluster_343,2023,2023-10-02,2023-11-27,56,343,33315,Les Peintures,986.0
2023-10-02---2023-11-27_cluster_343,2023,2023-10-02,2023-11-27,56,343,33395,Saint-Estèphe,22.0
2023-10-02---2023-11-27_cluster_343,2023,2023-10-02,2023-11-27,56,343,33483,Saint-Sulpice-et-Cameyrac,38.0
2023-10-02---2023-11-27_cluster_343,2023,2023-10-02,2023-11-27,56,343,44013,Besné,117.0
2023-10-02---2023-11-27_cluster_343,2023,2023-10-02,2023-11-27,56,343,44019,Bouée,38.0
2023-10-02---2023-11-27_cluster_343,2023,2023-10-02,2023-11-27,56,343,44052,Donges,49.0
2023-10-02---2023-11-27_cluster_343,2023,2023-10-02,2023-11-27,56,343,44068,Guenrouet,25.0
2023-10-02---2023-11-27_cluster_343,2023,2023-10-02,2023-11-27,56,343,44087,Machecoul-Saint-Même,512.0
2023-10-02---2023-11-27_cluster_343,2023,2023-10-02,2023-11-27,56,343,44133,Port-Saint-Père,24.0
2023-10-02---2023-11-27_cluster_343,2023,2023-10-02,2023-11-27,56,343,49129,Écouflant,326.0
2023-10-02---2023-11-27_cluster_343,2023,2023-10-02,2023-11-27,56,343,50016,Appeville,29.0
2023-10-02---2023-11-27_cluster_343,2023,2023-10-02,2023-11-27,56,343,50023,Auvers,21.0
2023-10-02---2023-11-27_cluster_343,2023,2023-10-02,2023-11-27,56,343,50052,Beuzeville-la-Bastille,54.0
2023-10-02---2023-11-27_cluster_343,2023,2023-10-02,2023-11-27,56,343,50099,Carentan-les-Marais,13.0
2023-10-02---2023-11-27_cluster_343,2023,2023-10-02,2023-11-27,56,343,50269,Liesville-sur-Douve,76.0
2023-10-02---2023-11-27_cluster_343,2023,2023-10-02,2023-11-27,56,343,50606,Tribehou,41.0
2023-10-02---2023-11-27_cluster_343,2023,2023-10-02,2023-11-27,56,343,50617,Varenguebec,107.0
2023-10-02---2023-11-27_cluster_343,2023,2023-10-02,2023-11-27,56,343,59318,Houtkerque,34.0
2023-10-02---2023-11-27_cluster_343,2023,2023-10-02,2023-11-27,56,343,62040,Arques,19.0
2023-10-02---2023-11-27_cluster_343,2023,2023-10-02,2023-11-27,56,343,62125,Beuvrequen,62.0
2023-10-02---2023-11-27_cluster_343,2023,2023-10-02,2023-11-27,56,343,62458,Houlle,22.0
2023-10-02---2023-11-27_cluster_343,2023,2023-10-02,2023-11-27,56,343,62615,Nielles-lès-Calais,11.0
2023-10-02---2023-11-27_cluster_343,2023,2023-10-02,2023-11-27,56,343,62765,Saint-Omer,47.0
2023-10-02---2023-11-27_cluster_343,2023,2023-10-02,2023-11-27,56,343,62769,Saint-Tricat,10.0
2023-10-02---2023-11-27_cluster_343,2023,2023-10-02,2023-11-27,56,343,62894,Wimille,153.0
2023-10-02---2023-11-27_cluster_343,2023,2023-10-02,2023-11-27,56,343,79085,Chérigné,16.0
2023-10-02---2023-11-27_cluster_343,2023,2023-10-02,2023-11-27,56,343,79112,Épannes,10.0
2023-10-02---2023-11-27_cluster_343,2023,2023-10-02,2023-11-27,56,343,85001,L'Aiguillon-la-Presqu'île,124.0
2023-10-02---2023-11-27_cluster_343,2023,2023-10-02,2023-11-27,56,343,85104,Grues,10.0
2023-10-02---2023-11-27_cluster_343,2023,2023-10-02,2023-11-27,56,343,85207,Saint-Denis-du-Payré,147.0
2023-10-09---2023-11-27_cluster_346,2023,2023-10-09,2023-11-27,35,346,01147,Domsure,46.0
2023-10-09---2023-11-27_cluster_346,2023,2023-10-09,2023-11-27,35,346,01249,Miribel,10.0
2023-10-09---2023-11-27_cluster_346,2023,2023-10-09,2023-11-27,35,346,01323,Reyssouze,10.0
2023-10-09---2023-11-27_cluster_346,2023,2023-10-09,2023-11-27,35,346,01380,Saint-Nizier-le-Bouchoux,25.0
2023-10-09---2023-11-27_cluster_346,2023,2023-10-09,2023-11-27,35,346,02014,Amigny-Rouy,186.0
2023-10-09---2023-11-27_cluster_346,2023,2023-10-09,2023-11-27,35,346,02208,Concevreux,214.0
2023-10-09---2023-11-27_cluster_346,2023,2023-10-09,2023-11-27,35,346,02262,Deuillet,17.0
2023-10-09---2023-11-27_cluster_346,2023,2023-10-09,2023-11-27,35,346,02716,Servais,17.0
2023-10-09---2023-11-27_cluster_346,2023,2023-10-09,2023-11-27,35,346,02719,Sinceny,101.0
2023-10-09---2023-11-27_cluster_346,2023,2023-10-09,2023-11-27,35,346,08004,Aire,86.0
2023-10-09---2023-11-27_cluster_346,2023,2023-10-09,2023-11-27,35,346,08010,Ambly-Fleury,25.0
2023-10-09---2023-11-27_cluster_346,2023,2023-10-09,2023-11-27,35,346,08020,Les Petites-Armoises,10.0
2023-10-09---2023-11-27_cluster_346,2023,2023-10-09,2023-11-27,35,346,08082,Brécy-Brières,13.0
2023-10-09---2023-11-27_cluster_346,2023,2023-10-09,2023-11-27,35,346,08168,La Ferté-sur-Chiers,23.0
2023-10-09---2023-11-27_cluster_346,2023,2023-10-09,2023-11-27,35,346,08193,Givry,21.0
2023-10-09---2023-11-27_cluster_346,2023,2023-10-09,2023-11-27,35,346,08317,La Neuville-à-Maire,86.0
2023-10-09---2023-11-27_cluster_346,2023,2023-10-09,2023-11-27,35,346,08357,Remilly-Aillicourt,444.0
2023-10-09---2023-11-27_cluster_346,2023,2023-10-09,2023-11-27,35,346,08364,Rilly-sur-Aisne,72.0
2023-10-09---2023-11-27_cluster_346,2023,2023-10-09,2023-11-27,35,346,08461,Vandy,54.0
2023-10-09---2023-11-27_cluster_346,2023,2023-10-09,2023-11-27,35,346,08477,Villers-devant-Mouzon,296.0
2023-10-09---2023-11-27_cluster_346,2023,2023-10-09,2023-11-27,35,346,10171,Hampigny,14.0
2023-10-09---2023-11-27_cluster_346,2023,2023-10-09,2023-11-27,35,346,10299,Pouan-les-Vallées,22.0
2023-10-09---2023-11-27_cluster_346,2023,2023-10-09,2023-11-27,35,346,10315,Rances,24.0
2023-10-09---2023-11-27_cluster_346,2023,2023-10-09,2023-11-27,35,346,14107,Bricqueville,55.0
2023-10-09---2023-11-27_cluster_346,2023,2023-10-09,2023-11-27,35,346,14168,Colombières,10.0
2023-10-09---2023-11-27_cluster_346,2023,2023-10-09,2023-11-27,35,346,14397,Mandeville-en-Bessin,56.0
2023-10-09---2023-11-27_cluster_346,2023,2023-10-09,2023-11-27,35,346,14535,Reviers,10.0
2023-10-09---2023-11-27_cluster_346,2023,2023-10-09,2023-11-27,35,346,14711,Trévières,71.0
2023-10-09---2023-11-27_cluster_346,2023,2023-10-09,2023-11-27,35,346,16081,La Chapelle,10.0
2023-10-09---2023-11-27_cluster_346,2023,2023-10-09,2023-11-27,35,346,16090,Châteauneuf-sur-Charente,629.0
2023-10-09---2023-11-27_cluster_346,2023,2023-10-09,2023-11-27,35,346,16152,Gimeux,84.0
2023-10-09---2023-11-27_cluster_346,2023,2023-10-09,2023-11-27,35,346,16217,Merpins,426.0
2023-10-09---2023-11-27_cluster_346,2023,2023-10-09,2023-11-27,35,346,17007,Anais,36.0
2023-10-09---2023-11-27_cluster_346,2023,2023-10-09,2023-11-27,35,346,17069,Brives-sur-Charente,374.0
2023-10-09---2023-11-27_cluster_346,2023,2023-10-09,2023-11-27,35,346,17073,Bussac-sur-Charente,459.0
2023-10-09---2023-11-27_cluster_346,2023,2023-10-09,2023-11-27,35,346,17085,Champdolent,206.0
2023-10-09---2023-11-27_cluster_346,2023,2023-10-09,2023-11-27,35,346,17115,Colombiers,41.0
2023-10-09---2023-11-27_cluster_346,2023,2023-10-09,2023-11-27,35,346,17128,Courcoury,374.0
2023-10-09---2023-11-27_cluster_346,2023,2023-10-09,2023-11-27,35,346,17164,Fontcouverte,485.0
2023-10-09---2023-11-27_cluster_346,2023,2023-10-09,2023-11-27,35,346,17171,Geay,223.0
2023-10-09---2023-11-27_cluster_346,2023,2023-10-09,2023-11-27,35,346,17179,Les Gonds,872.0
2023-10-09---2023-11-27_cluster_346,2023,2023-10-09,2023-11-27,35,346,17191,La Jard,35.0
2023-10-09---2023-11-27_cluster_346,2023,2023-10-09,2023-11-27,35,346,17252,Le Mung,261.0
2023-10-09---2023-11-27_cluster_346,2023,2023-10-09,2023-11-27,35,346,17285,Port-d'Envaux,44.0
2023-10-09---2023-11-27_cluster_346,2023,2023-10-09,2023-11-27,35,346,17303,La Ronde,174.0
2023-10-09---2023-11-27_cluster_346,2023,2023-10-09,2023-11-27,35,346,17304,Rouffiac,313.0
2023-10-09---2023-11-27_cluster_346,2023,2023-10-09,2023-11-27,35,346,17349,Saint-Jean-de-Liversay,109.0
2023-10-09---2023-11-27_cluster_346,2023,2023-10-09,2023-11-27,35,346,17400,Saint-Sever-de-Saintonge,222.0
2023-10-09---2023-11-27_cluster_346,2023,2023-10-09,2023-11-27,35,346,17412,Saint-Vaize,400.0
2023-10-09---2023-11-27_cluster_346,2023,2023-10-09,2023-11-27,35,346,17418,Salignac-sur-Charente,424.0
2023-10-09---2023-11-27_cluster_346,2023,2023-10-09,2023-11-27,35,346,21301,Glanon,46.0
2023-10-09---2023-11-27_cluster_346,2023,2023-10-09,2023-11-27,35,346,21482,Perrigny-sur-l'Ognon,266.0
2023-10-09---2023-11-27_cluster_346,2023,2023-10-09,2023-11-27,35,346,25317,Jallerange,34.0
2023-10-09---2023-11-27_cluster_346,2023,2023-10-09,2023-11-27,35,346,25403,Montlebon,246.0
2023-10-09---2023-11-27_cluster_346,2023,2023-10-09,2023-11-27,35,346,25515,Sainte-Colombe,15.0
2023-10-09---2023-11-27_cluster_346,2023,2023-10-09,2023-11-27,35,346,33240,Lesparre-Médoc,19.0
2023-10-09---2023-11-27_cluster_346,2023,2023-10-09,2023-11-27,35,346,33315,Les Peintures,986.0
2023-10-09---2023-11-27_cluster_346,2023,2023-10-09,2023-11-27,35,346,33395,Saint-Estèphe,22.0
2023-10-09---2023-11-27_cluster_346,2023,2023-10-09,2023-11-27,35,346,33483,Saint-Sulpice-et-Cameyrac,38.0
2023-10-09---2023-11-27_cluster_346,2023,2023-10-09,2023-11-27,35,346,39398,Ougney,222.0
2023-10-09---2023-11-27_cluster_346,2023,2023-10-09,2023-11-27,35,346,39402,Pagney,679.0
2023-10-09---2023-11-27_cluster_346,2023,2023-10-09,2023-11-27,35,346,39477,Saint-Baraing,35.0
2023-10-09---2023-11-27_cluster_346,2023,2023-10-09,2023-11-27,35,346,39528,Thervay,74.0
2023-10-09---2023-11-27_cluster_346,2023,2023-10-09,2023-11-27,35,346,39581,Vitreux,303.0
2023-10-09---2023-11-27_cluster_346,2023,2023-10-09,2023-11-27,35,346,40063,Candresse,56.0
2023-10-09---2023-11-27_cluster_346,2023,2023-10-09,2023-11-27,35,346,40088,Dax,277.0
2023-10-09---2023-11-27_cluster_346,2023,2023-10-09,2023-11-27,35,346,40211,Orist,456.0
2023-10-09---2023-11-27_cluster_346,2023,2023-10-09,2023-11-27,35,346,40222,Pey,559.0
2023-10-09---2023-11-27_cluster_346,2023,2023-10-09,2023-11-27,35,346,40301,Siest,393.0
2023-10-09---2023-11-27_cluster_346,2023,2023-10-09,2023-11-27,35,346,40314,Tercis-les-Bains,323.0
2023-10-09---2023-11-27_cluster_346,2023,2023-10-09,2023-11-27,35,346,40334,Yzosse,301.0
2023-10-09---2023-11-27_cluster_346,2023,2023-10-09,2023-11-27,35,346,44010,Batz-sur-Mer,336.0
2023-10-09---2023-11-27_cluster_346,2023,2023-10-09,2023-11-27,35,346,44176,Saint-Malo-de-Guersac,10.0
2023-10-09---2023-11-27_cluster_346,2023,2023-10-09,2023-11-27,35,346,44210,Trignac,32.0
2023-10-09---2023-11-27_cluster_346,2023,2023-10-09,2023-11-27,35,346,49129,Écouflant,350.0
2023-10-09---2023-11-27_cluster_346,2023,2023-10-09,2023-11-27,35,346,50004,Airel,82.0
2023-10-09---2023-11-27_cluster_346,2023,2023-10-09,2023-11-27,35,346,50016,Appeville,118.0
2023-10-09---2023-11-27_cluster_346,2023,2023-10-09,2023-11-27,35,346,50023,Auvers,131.0
2023-10-09---2023-11-27_cluster_346,2023,2023-10-09,2023-11-27,35,346,50052,Beuzeville-la-Bastille,118.0
2023-10-09---2023-11-27_cluster_346,2023,2023-10-09,2023-11-27,35,346,50070,Boutteville,104.0
2023-10-09---2023-11-27_cluster_346,2023,2023-10-09,2023-11-27,35,346,50099,Carentan-les-Marais,124.0
2023-10-09---2023-11-27_cluster_346,2023,2023-10-09,2023-11-27,35,346,50151,Créances,326.0
2023-10-09---2023-11-27_cluster_346,2023,2023-10-09,2023-11-27,35,346,50210,Gorges,10.0
2023-10-09---2023-11-27_cluster_346,2023,2023-10-09,2023-11-27,35,346,50216,Graignes-Mesnil-Angot,27.0
2023-10-09---2023-11-27_cluster_346,2023,2023-10-09,2023-11-27,35,346,50269,Liesville-sur-Douve,147.0
2023-10-09---2023-11-27_cluster_346,2023,2023-10-09,2023-11-27,35,346,50285,Magneville,10.0
2023-10-09---2023-11-27_cluster_346,2023,2023-10-09,2023-11-27,35,346,50298,Méautis,52.0
2023-10-09---2023-11-27_cluster_346,2023,2023-10-09,2023-11-27,35,346,50400,Picauville,63.0
2023-10-09---2023-11-27_cluster_346,2023,2023-10-09,2023-11-27,35,346,50409,Pont-Hébert,50.0
2023-10-09---2023-11-27_cluster_346,2023,2023-10-09,2023-11-27,35,346,50431,Remilly Les Marais,68.0
2023-10-09---2023-11-27_cluster_346,2023,2023-10-09,2023-11-27,35,346,50445,Saint-André-de-Bohon,27.0
2023-10-09---2023-11-27_cluster_346,2023,2023-10-09,2023-11-27,35,346,50468,Saint-Fromond,159.0
2023-10-09---2023-11-27_cluster_346,2023,2023-10-09,2023-11-27,35,346,50488,Saint-Jean-de-Daye,99.0
2023-10-09---2023-11-27_cluster_346,2023,2023-10-09,2023-11-27,35,346,50510,Saint-Martin-d'Aubigny,36.0
2023-10-09---2023-11-27_cluster_346,2023,2023-10-09,2023-11-27,35,346,50606,Tribehou,71.0
2023-10-09---2023-11-27_cluster_346,2023,2023-10-09,2023-11-27,35,346,50617,Varenguebec,156.0
2023-10-09---2023-11-27_cluster_346,2023,2023-10-09,2023-11-27,35,346,51018,Athis,21.0
2023-10-09---2023-11-27_cluster_346,2023,2023-10-09,2023-11-27,35,346,51023,Aulnay-sur-Marne,151.0
2023-10-09---2023-11-27_cluster_346,2023,2023-10-09,2023-11-27,35,346,51065,Blacy,143.0
2023-10-09---2023-11-27_cluster_346,2023,2023-10-09,2023-11-27,35,346,51150,Cherville,388.0
2023-10-09---2023-11-27_cluster_346,2023,2023-10-09,2023-11-27,35,346,51153,Chouilly,232.0
2023-10-09---2023-11-27_cluster_346,2023,2023-10-09,2023-11-27,35,346,51171,Cormicy,358.0
2023-10-09---2023-11-27_cluster_346,2023,2023-10-09,2023-11-27,35,346,51303,Jâlons,21.0
2023-10-09---2023-11-27_cluster_346,2023,2023-10-09,2023-11-27,35,346,51357,Matougues,10.0
2023-10-09---2023-11-27_cluster_346,2023,2023-10-09,2023-11-27,35,346,51413,Oiry,23.0
2023-10-09---2023-11-27_cluster_346,2023,2023-10-09,2023-11-27,35,346,51533,Servon-Melzicourt,28.0
2023-10-09---2023-11-27_cluster_346,2023,2023-10-09,2023-11-27,35,346,51552,Songy,10.0
2023-10-09---2023-11-27_cluster_346,2023,2023-10-09,2023-11-27,35,346,51610,Verrières,325.0
2023-10-09---2023-11-27_cluster_346,2023,2023-10-09,2023-11-27,35,346,52074,Breuvannes-en-Bassigny,30.0
2023-10-09---2023-11-27_cluster_346,2023,2023-10-09,2023-11-27,35,346,52174,Doncourt-sur-Meuse,63.0
2023-10-09---2023-11-27_cluster_346,2023,2023-10-09,2023-11-27,35,346,52512,Vecqueville,26.0
2023-10-09---2023-11-27_cluster_346,2023,2023-10-09,2023-11-27,35,346,54001,Abaucourt,18.0
2023-10-09---2023-11-27_cluster_346,2023,2023-10-09,2023-11-27,35,346,54061,Bénaménil,10.0
2023-10-09---2023-11-27_cluster_346,2023,2023-10-09,2023-11-27,35,346,54070,Bey-sur-Seille,50.0
2023-10-09---2023-11-27_cluster_346,2023,2023-10-09,2023-11-27,35,346,54210,Fréménil,73.0
2023-10-09---2023-11-27_cluster_346,2023,2023-10-09,2023-11-27,35,346,54227,Giraumont,330.0
2023-10-09---2023-11-27_cluster_346,2023,2023-10-09,2023-11-27,35,346,54313,Létricourt,41.0
2023-10-09---2023-11-27_cluster_346,2023,2023-10-09,2023-11-27,35,346,54387,Morville-sur-Seille,328.0
2023-10-09---2023-11-27_cluster_346,2023,2023-10-09,2023-11-27,35,346,54433,Port-sur-Seille,33.0
2023-10-09---2023-11-27_cluster_346,2023,2023-10-09,2023-11-27,35,346,54440,Puxe,38.0
2023-10-09---2023-11-27_cluster_346,2023,2023-10-09,2023-11-27,35,346,54445,Raville-sur-Sânon,23.0
2023-10-09---2023-11-27_cluster_346,2023,2023-10-09,2023-11-27,35,346,55007,Ambly-sur-Meuse,10.0
2023-10-09---2023-11-27_cluster_346,2023,2023-10-09,2023-11-27,35,346,55009,Ancemont,125.0
2023-10-09---2023-11-27_cluster_346,2023,2023-10-09,2023-11-27,35,346,55027,Bannoncourt,305.0
2023-10-09---2023-11-27_cluster_346,2023,2023-10-09,2023-11-27,35,346,55042,Belleray,298.0
2023-10-09---2023-11-27_cluster_346,2023,2023-10-09,2023-11-27,35,346,55043,Belleville-sur-Meuse,166.0
2023-10-09---2023-11-27_cluster_346,2023,2023-10-09,2023-11-27,35,346,55064,Bouquemont,331.0
2023-10-09---2023-11-27_cluster_346,2023,2023-10-09,2023-11-27,35,346,55078,Brieulles-sur-Meuse,348.0
2023-10-09---2023-11-27_cluster_346,2023,2023-10-09,2023-11-27,35,346,55080,Brixey-aux-Chanoines,13.0
2023-10-09---2023-11-27_cluster_346,2023,2023-10-09,2023-11-27,35,346,55099,Champneuville,200.0
2023-10-09---2023-11-27_cluster_346,2023,2023-10-09,2023-11-27,35,346,55102,Charny-sur-Meuse,353.0
2023-10-09---2023-11-27_cluster_346,2023,2023-10-09,2023-11-27,35,346,55111,Chauvoncourt,293.0
2023-10-09---2023-11-27_cluster_346,2023,2023-10-09,2023-11-27,35,346,55122,Commercy,287.0
2023-10-09---2023-11-27_cluster_346,2023,2023-10-09,2023-11-27,35,346,55146,Dannevoux,198.0
2023-10-09---2023-11-27_cluster_346,2023,2023-10-09,2023-11-27,35,346,55154,Dieue-sur-Meuse,305.0
2023-10-09---2023-11-27_cluster_346,2023,2023-10-09,2023-11-27,35,346,55168,Duzey,47.0
2023-10-09---2023-11-27_cluster_346,2023,2023-10-09,2023-11-27,35,346,55310,Luzy-Saint-Martin,231.0
2023-10-09---2023-11-27_cluster_346,2023,2023-10-09,2023-11-27,35,346,55312,Maizey,337.0
2023-10-09---2023-11-27_cluster_346,2023,2023-10-09,2023-11-27,35,346,55321,Marre,194.0
2023-10-09---2023-11-27_cluster_346,2023,2023-10-09,2023-11-27,35,346,55328,Maxey-sur-Vaise,264.0
2023-10-09---2023-11-27_cluster_346,2023,2023-10-09,2023-11-27,35,346,55345,Mont-devant-Sassey,242.0
2023-10-09---2023-11-27_cluster_346,2023,2023-10-09,2023-11-27,35,346,55347,Les Monthairons,185.0
2023-10-09---2023-11-27_cluster_346,2023,2023-10-09,2023-11-27,35,346,55400,Parfondrupt,22.0
2023-10-09---2023-11-27_cluster_346,2023,2023-10-09,2023-11-27,35,346,55422,Regnéville-sur-Meuse,388.0
2023-10-09---2023-11-27_cluster_346,2023,2023-10-09,2023-11-27,35,346,55433,Rigny-la-Salle,285.0
2023-10-09---2023-11-27_cluster_346,2023,2023-10-09,2023-11-27,35,346,55444,Rouvrois-sur-Meuse,87.0
2023-10-09---2023-11-27_cluster_346,2023,2023-10-09,2023-11-27,35,346,55456,Saint-Germain-sur-Meuse,10.0
2023-10-09---2023-11-27_cluster_346,2023,2023-10-09,2023-11-27,35,346,55469,Sassey-sur-Meuse,168.0
2023-10-09---2023-11-27_cluster_346,2023,2023-10-09,2023-11-27,35,346,55485,Sepvigny,275.0
2023-10-09---2023-11-27_cluster_346,2023,2023-10-09,2023-11-27,35,346,55512,Tilly-sur-Meuse,171.0
2023-10-09---2023-11-27_cluster_346,2023,2023-10-09,2023-11-27,35,346,55526,Vadonville,16.0
2023-10-09---2023-11-27_cluster_346,2023,2023-10-09,2023-11-27,35,346,55552,Vigneul-sous-Montmédy,27.0
2023-10-09---2023-11-27_cluster_346,2023,2023-10-09,2023-11-27,35,346,55573,Void-Vacon,65.0
2023-10-09---2023-11-27_cluster_346,2023,2023-10-09,2023-11-27,35,346,55584,Woimbey,42.0
2023-10-09---2023-11-27_cluster_346,2023,2023-10-09,2023-11-27,35,346,57002,Aboncourt-sur-Seille,168.0
2023-10-09---2023-11-27_cluster_346,2023,2023-10-09,2023-11-27,35,346,57040,Aulnois-sur-Seille,13.0
2023-10-09---2023-11-27_cluster_346,2023,2023-10-09,2023-11-27,35,346,57054,Baudrecourt,40.0
2023-10-09---2023-11-27_cluster_346,2023,2023-10-09,2023-11-27,35,346,57070,Bettange,28.0
2023-10-09---2023-11-27_cluster_346,2023,2023-10-09,2023-11-27,35,346,57155,Courcelles-Chaussy,21.0
2023-10-09---2023-11-27_cluster_346,2023,2023-10-09,2023-11-27,35,346,57187,Éblange,30.0
2023-10-09---2023-11-27_cluster_346,2023,2023-10-09,2023-11-27,35,346,57236,Frémery,54.0
2023-10-09---2023-11-27_cluster_346,2023,2023-10-09,2023-11-27,35,346,57308,Hazembourg,55.0
2023-10-09---2023-11-27_cluster_346,2023,2023-10-09,2023-11-27,35,346,57329,Holling,18.0
2023-10-09---2023-11-27_cluster_346,2023,2023-10-09,2023-11-27,35,346,57346,Insming,60.0
2023-10-09---2023-11-27_cluster_346,2023,2023-10-09,2023-11-27,35,346,57424,Lucy,33.0
2023-10-09---2023-11-27_cluster_346,2023,2023-10-09,2023-11-27,35,346,57431,Maizeroy,48.0
2023-10-09---2023-11-27_cluster_346,2023,2023-10-09,2023-11-27,35,346,57547,Pommérieux,26.0
2023-10-09---2023-11-27_cluster_346,2023,2023-10-09,2023-11-27,35,346,57555,Prévocourt,18.0
2023-10-09---2023-11-27_cluster_346,2023,2023-10-09,2023-11-27,35,346,57627,Sanry-sur-Nied,10.0
2023-10-09---2023-11-27_cluster_346,2023,2023-10-09,2023-11-27,35,346,57685,Vahl-lès-Bénestroff,12.0
2023-10-09---2023-11-27_cluster_346,2023,2023-10-09,2023-11-27,35,346,59182,Drincham,17.0
2023-10-09---2023-11-27_cluster_346,2023,2023-10-09,2023-11-27,35,346,59305,Herzeele,38.0
2023-10-09---2023-11-27_cluster_346,2023,2023-10-09,2023-11-27,35,346,59318,Houtkerque,35.0
2023-10-09---2023-11-27_cluster_346,2023,2023-10-09,2023-11-27,35,346,60105,Brétigny,24.0
2023-10-09---2023-11-27_cluster_346,2023,2023-10-09,2023-11-27,35,346,60655,Varesnes,130.0
2023-10-09---2023-11-27_cluster_346,2023,2023-10-09,2023-11-27,35,346,62040,Arques,19.0
2023-10-09---2023-11-27_cluster_346,2023,2023-10-09,2023-11-27,35,346,62125,Beuvrequen,64.0
2023-10-09---2023-11-27_cluster_346,2023,2023-10-09,2023-11-27,35,346,62458,Houlle,31.0
2023-10-09---2023-11-27_cluster_346,2023,2023-10-09,2023-11-27,35,346,62615,Nielles-lès-Calais,12.0
2023-10-09---2023-11-27_cluster_346,2023,2023-10-09,2023-11-27,35,346,62747,Saint-Floris,39.0
2023-10-09---2023-11-27_cluster_346,2023,2023-10-09,2023-11-27,35,346,62765,Saint-Omer,61.0
2023-10-09---2023-11-27_cluster_346,2023,2023-10-09,2023-11-27,35,346,62769,Saint-Tricat,10.0
2023-10-09---2023-11-27_cluster_346,2023,2023-10-09,2023-11-27,35,346,62894,Wimille,158.0
2023-10-09---2023-11-27_cluster_346,2023,2023-10-09,2023-11-27,35,346,67116,Ebersmunster,38.0
2023-10-09---2023-11-27_cluster_346,2023,2023-10-09,2023-11-27,35,346,67196,Hilsenheim,304.0
2023-10-09---2023-11-27_cluster_346,2023,2023-10-09,2023-11-27,35,346,67199,Hinsingen,30.0
2023-10-09---2023-11-27_cluster_346,2023,2023-10-09,2023-11-27,35,346,67311,Muttersholtz,49.0
2023-10-09---2023-11-27_cluster_346,2023,2023-10-09,2023-11-27,35,346,67412,Rossfeld,24.0
2023-10-09---2023-11-27_cluster_346,2023,2023-10-09,2023-11-27,35,346,70167,Conflandey,25.0
2023-10-09---2023-11-27_cluster_346,2023,2023-10-09,2023-11-27,35,346,70236,Fleurey-lès-Faverney,22.0
2023-10-09---2023-11-27_cluster_346,2023,2023-10-09,2023-11-27,35,346,70491,Seveux-Motey,410.0
2023-10-09---2023-11-27_cluster_346,2023,2023-10-09,2023-11-27,35,346,70529,Velet,10.0
2023-10-09---2023-11-27_cluster_346,2023,2023-10-09,2023-11-27,35,346,70539,Vellexon-Queutrey-et-Vaudey,292.0
2023-10-09---2023-11-27_cluster_346,2023,2023-10-09,2023-11-27,35,346,71018,Bantanges,122.0
2023-10-09---2023-11-27_cluster_346,2023,2023-10-09,2023-11-27,35,346,71219,Gigny-sur-Saône,99.0
2023-10-09---2023-11-27_cluster_346,2023,2023-10-09,2023-11-27,35,346,71244,Jouvençon,186.0
2023-10-09---2023-11-27_cluster_346,2023,2023-10-09,2023-11-27,35,346,71248,Lacrost,65.0
2023-10-09---2023-11-27_cluster_346,2023,2023-10-09,2023-11-27,35,346,71283,Marnay,43.0
2023-10-09---2023-11-27_cluster_346,2023,2023-10-09,2023-11-27,35,346,71315,Mont-lès-Seurre,148.0
2023-10-09---2023-11-27_cluster_346,2023,2023-10-09,2023-11-27,35,346,71332,Ormes,168.0
2023-10-09---2023-11-27_cluster_346,2023,2023-10-09,2023-11-27,35,346,71352,Le Planois,37.0
2023-10-09---2023-11-27_cluster_346,2023,2023-10-09,2023-11-27,35,346,71365,Rancy,139.0
2023-10-09---2023-11-27_cluster_346,2023,2023-10-09,2023-11-27,35,346,71514,Sens-sur-Seille,54.0
2023-10-09---2023-11-27_cluster_346,2023,2023-10-09,2023-11-27,35,346,71528,Sornay,85.0
2023-10-09---2023-11-27_cluster_346,2023,2023-10-09,2023-11-27,35,346,71543,Tournus,65.0
2023-10-09---2023-11-27_cluster_346,2023,2023-10-09,2023-11-27,35,346,79085,Chérigné,16.0
2023-10-09---2023-11-27_cluster_346,2023,2023-10-09,2023-11-27,35,346,79112,Épannes,10.0
2023-10-09---2023-11-27_cluster_346,2023,2023-10-09,2023-11-27,35,346,85001,L'Aiguillon-la-Presqu'île,125.0
2023-10-09---2023-11-27_cluster_346,2023,2023-10-09,2023-11-27,35,346,85104,Grues,10.0
2023-10-09---2023-11-27_cluster_346,2023,2023-10-09,2023-11-27,35,346,85207,Saint-Denis-du-Payré,147.0
2023-10-09---2023-11-27_cluster_346,2023,2023-10-09,2023-11-27,35,346,88003,Aingeville,37.0
2023-10-09---2023-11-27_cluster_346,2023,2023-10-09,2023-11-27,35,346,88171,Fignévelle,46.0
2023-10-09---2023-11-27_cluster_346,2023,2023-10-09,2023-11-27,35,346,88226,Hagécourt,25.0
2023-10-09---2023-11-27_cluster_346,2023,2023-10-09,2023-11-27,35,346,88312,Morelmaison,33.0
2023-10-09---2023-11-27_cluster_346,2023,2023-10-09,2023-11-27,35,346,88324,La Neuveville-sous-Châtenois,24.0
2023-10-16---2023-11-13_cluster_284,2023,2023-10-16,2023-11-13,28,284,25403,Montlebon,242.0
2023-11-06---2024-01-01_cluster_352,2023,2023-11-06,2024-01-01,56,352,24388,Saint-Chamassy,103.0
2023-11-06---2024-01-01_cluster_352,2023,2023-11-06,2024-01-01,56,352,40222,Pey,209.0
2023-11-27---2023-12-25_cluster_355,2023,2023-11-27,2023-12-25,28,355,01133,Cressin-Rochefort,136.0
2023-11-27---2023-12-25_cluster_355,2023,2023-11-27,2023-12-25,28,355,01147,Domsure,45.0
2023-11-27---2023-12-25_cluster_355,2023,2023-11-27,2023-12-25,28,355,01249,Miribel,10.0
2023-11-27---2023-12-25_cluster_355,2023,2023-11-27,2023-12-25,28,355,01252,Mogneneins,28.0
2023-11-27---2023-12-25_cluster_355,2023,2023-11-27,2023-12-25,28,355,01302,Pollieu,23.0
2023-11-27---2023-12-25_cluster_355,2023,2023-11-27,2023-12-25,28,355,01323,Reyssouze,10.0
2023-11-27---2023-12-25_cluster_355,2023,2023-11-27,2023-12-25,28,355,01380,Saint-Nizier-le-Bouchoux,29.0
2023-11-27---2023-12-25_cluster_355,2023,2023-11-27,2023-12-25,28,355,10122,Davrey,27.0
2023-11-27---2023-12-25_cluster_355,2023,2023-11-27,2023-12-25,28,355,14168,Colombières,10.0
2023-11-27---2023-12-25_cluster_355,2023,2023-11-27,2023-12-25,28,355,16081,La Chapelle,27.0
2023-11-27---2023-12-25_cluster_355,2023,2023-11-27,2023-12-25,28,355,16090,Châteauneuf-sur-Charente,624.0
2023-11-27---2023-12-25_cluster_355,2023,2023-11-27,2023-12-25,28,355,16152,Gimeux,58.0
2023-11-27---2023-12-25_cluster_355,2023,2023-11-27,2023-12-25,28,355,16194,Lupsault,20.0
2023-11-27---2023-12-25_cluster_355,2023,2023-11-27,2023-12-25,28,355,16217,Merpins,437.0
2023-11-27---2023-12-25_cluster_355,2023,2023-11-27,2023-12-25,28,355,16244,Nersac,552.0
2023-11-27---2023-12-25_cluster_355,2023,2023-11-27,2023-12-25,28,355,16338,Saint-Médard,10.0
2023-11-27---2023-12-25_cluster_355,2023,2023-11-27,2023-12-25,28,355,17007,Anais,31.0
2023-11-27---2023-12-25_cluster_355,2023,2023-11-27,2023-12-25,28,355,17069,Brives-sur-Charente,373.0
2023-11-27---2023-12-25_cluster_355,2023,2023-11-27,2023-12-25,28,355,17073,Bussac-sur-Charente,518.0
2023-11-27---2023-12-25_cluster_355,2023,2023-11-27,2023-12-25,28,355,17085,Champdolent,204.0
2023-11-27---2023-12-25_cluster_355,2023,2023-11-27,2023-12-25,28,355,17115,Colombiers,29.0
2023-11-27---2023-12-25_cluster_355,2023,2023-11-27,2023-12-25,28,355,17128,Courcoury,370.0
2023-11-27---2023-12-25_cluster_355,2023,2023-11-27,2023-12-25,28,355,17164,Fontcouverte,495.0
2023-11-27---2023-12-25_cluster_355,2023,2023-11-27,2023-12-25,28,355,17171,Geay,243.0
2023-11-27---2023-12-25_cluster_355,2023,2023-11-27,2023-12-25,28,355,17179,Les Gonds,931.0
2023-11-27---2023-12-25_cluster_355,2023,2023-11-27,2023-12-25,28,355,17184,La Gripperie-Saint-Symphorien,147.0
2023-11-27---2023-12-25_cluster_355,2023,2023-11-27,2023-12-25,28,355,17191,La Jard,33.0
2023-11-27---2023-12-25_cluster_355,2023,2023-11-27,2023-12-25,28,355,17252,Le Mung,280.0
2023-11-27---2023-12-25_cluster_355,2023,2023-11-27,2023-12-25,28,355,17285,Port-d'Envaux,89.0
2023-11-27---2023-12-25_cluster_355,2023,2023-11-27,2023-12-25,28,355,17302,Romegoux,217.0
2023-11-27---2023-12-25_cluster_355,2023,2023-11-27,2023-12-25,28,355,17303,La Ronde,173.0
2023-11-27---2023-12-25_cluster_355,2023,2023-11-27,2023-12-25,28,355,17304,Rouffiac,309.0
2023-11-27---2023-12-25_cluster_355,2023,2023-11-27,2023-12-25,28,355,17400,Saint-Sever-de-Saintonge,255.0
2023-11-27---2023-12-25_cluster_355,2023,2023-11-27,2023-12-25,28,355,17412,Saint-Vaize,399.0
2023-11-27---2023-12-25_cluster_355,2023,2023-11-27,2023-12-25,28,355,17418,Salignac-sur-Charente,443.0
2023-11-27---2023-12-25_cluster_355,2023,2023-11-27,2023-12-25,28,355,21301,Glanon,90.0
2023-11-27---2023-12-25_cluster_355,2023,2023-11-27,2023-12-25,28,355,21337,Lamarche-sur-Saône,27.0
2023-11-27---2023-12-25_cluster_355,2023,2023-11-27,2023-12-25,28,355,21344,Lechâtelet,212.0
2023-11-27---2023-12-25_cluster_355,2023,2023-11-27,2023-12-25,28,355,21474,Pagny-la-Ville,80.0
2023-11-27---2023-12-25_cluster_355,2023,2023-11-27,2023-12-25,28,355,21475,Pagny-le-Château,382.0
2023-11-27---2023-12-25_cluster_355,2023,2023-11-27,2023-12-25,28,355,21574,Saint-Seine-sur-Vingeanne,16.0
2023-11-27---2023-12-25_cluster_355,2023,2023-11-27,2023-12-25,28,355,21607,Seurre,235.0
2023-11-27---2023-12-25_cluster_355,2023,2023-11-27,2023-12-25,28,355,21647,Trugny,21.0
2023-11-27---2023-12-25_cluster_355,2023,2023-11-27,2023-12-25,28,355,24316,Parcoul-Chenaud,434.0
2023-11-27---2023-12-25_cluster_355,2023,2023-11-27,2023-12-25,28,355,24449,Saint-Martial-d'Artenset,561.0
2023-11-27---2023-12-25_cluster_355,2023,2023-11-27,2023-12-25,28,355,24462,Saint-Médard-de-Mussidan,1018.0
2023-11-27---2023-12-25_cluster_355,2023,2023-11-27,2023-12-25,28,355,25515,Sainte-Colombe,13.0
2023-11-27---2023-12-25_cluster_355,2023,2023-11-27,2023-12-25,28,355,33315,Les Peintures,999.0
2023-11-27---2023-12-25_cluster_355,2023,2023-11-27,2023-12-25,28,355,33447,Saint-Médard-de-Guizières,867.0
2023-11-27---2023-12-25_cluster_355,2023,2023-11-27,2023-12-25,28,355,35179,Miniac-Morvan,11.0
2023-11-27---2023-12-25_cluster_355,2023,2023-11-27,2023-12-25,28,355,37258,Thizay,113.0
2023-11-27---2023-12-25_cluster_355,2023,2023-11-27,2023-12-25,28,355,37269,Verneuil-sur-Indre,35.0
2023-11-27---2023-12-25_cluster_355,2023,2023-11-27,2023-12-25,28,355,39076,La Bretenière,10.0
2023-11-27---2023-12-25_cluster_355,2023,2023-11-27,2023-12-25,28,355,39134,Chavéria,10.0
2023-11-27---2023-12-25_cluster_355,2023,2023-11-27,2023-12-25,28,355,39402,Pagney,699.0
2023-11-27---2023-12-25_cluster_355,2023,2023-11-27,2023-12-25,28,355,39528,Thervay,17.0
2023-11-27---2023-12-25_cluster_355,2023,2023-11-27,2023-12-25,28,355,39581,Vitreux,274.0
2023-11-27---2023-12-25_cluster_355,2023,2023-11-27,2023-12-25,28,355,44013,Besné,101.0
2023-11-27---2023-12-25_cluster_355,2023,2023-11-27,2023-12-25,28,355,44052,Donges,83.0
2023-11-27---2023-12-25_cluster_355,2023,2023-11-27,2023-12-25,28,355,44087,Machecoul-Saint-Même,595.0
2023-11-27---2023-12-25_cluster_355,2023,2023-11-27,2023-12-25,28,355,44133,Port-Saint-Père,172.0
2023-11-27---2023-12-25_cluster_355,2023,2023-11-27,2023-12-25,28,355,44174,Saint-Lumine-de-Coutais,22.0
2023-11-27---2023-12-25_cluster_355,2023,2023-11-27,2023-12-25,28,355,44176,Saint-Malo-de-Guersac,10.0
2023-11-27---2023-12-25_cluster_355,2023,2023-11-27,2023-12-25,28,355,44178,Saint-Mars-de-Coutais,138.0
2023-11-27---2023-12-25_cluster_355,2023,2023-11-27,2023-12-25,28,355,44188,Saint-Philbert-de-Grand-Lieu,119.0
2023-11-27---2023-12-25_cluster_355,2023,2023-11-27,2023-12-25,28,355,44210,Trignac,67.0
2023-11-27---2023-12-25_cluster_355,2023,2023-11-27,2023-12-25,28,355,49007,Angers,208.0
2023-11-27---2023-12-25_cluster_355,2023,2023-11-27,2023-12-25,28,355,49048,Briollay,296.0
2023-11-27---2023-12-25_cluster_355,2023,2023-11-27,2023-12-25,28,355,49129,Écouflant,415.0
2023-11-27---2023-12-25_cluster_355,2023,2023-11-27,2023-12-25,28,355,49222,Mozé-sur-Louet,41.0
2023-11-27---2023-12-25_cluster_355,2023,2023-11-27,2023-12-25,28,355,50004,Airel,51.0
2023-11-27---2023-12-25_cluster_355,2023,2023-11-27,2023-12-25,28,355,50016,Appeville,79.0
2023-11-27---2023-12-25_cluster_355,2023,2023-11-27,2023-12-25,28,355,50023,Auvers,78.0
2023-11-27---2023-12-25_cluster_355,2023,2023-11-27,2023-12-25,28,355,50052,Beuzeville-la-Bastille,85.0
2023-11-27---2023-12-25_cluster_355,2023,2023-11-27,2023-12-25,28,355,50070,Boutteville,54.0
2023-11-27---2023-12-25_cluster_355,2023,2023-11-27,2023-12-25,28,355,50099,Carentan-les-Marais,73.0
2023-11-27---2023-12-25_cluster_355,2023,2023-11-27,2023-12-25,28,355,50151,Créances,326.0
2023-11-27---2023-12-25_cluster_355,2023,2023-11-27,2023-12-25,28,355,50216,Graignes-Mesnil-Angot,18.0
2023-11-27---2023-12-25_cluster_355,2023,2023-11-27,2023-12-25,28,355,50269,Liesville-sur-Douve,117.0
2023-11-27---2023-12-25_cluster_355,2023,2023-11-27,2023-12-25,28,355,50298,Méautis,31.0
2023-11-27---2023-12-25_cluster_355,2023,2023-11-27,2023-12-25,28,355,50409,Pont-Hébert,10.0
2023-11-27---2023-12-25_cluster_355,2023,2023-11-27,2023-12-25,28,355,50431,Remilly Les Marais,28.0
2023-11-27---2023-12-25_cluster_355,2023,2023-11-27,2023-12-25,28,355,50445,Saint-André-de-Bohon,23.0
2023-11-27---2023-12-25_cluster_355,2023,2023-11-27,2023-12-25,28,355,50468,Saint-Fromond,85.0
2023-11-27---2023-12-25_cluster_355,2023,2023-11-27,2023-12-25,28,355,50606,Tribehou,50.0
2023-11-27---2023-12-25_cluster_355,2023,2023-11-27,2023-12-25,28,355,50617,Varenguebec,119.0
2023-11-27---2023-12-25_cluster_355,2023,2023-11-27,2023-12-25,28,355,51018,Athis,10.0
2023-11-27---2023-12-25_cluster_355,2023,2023-11-27,2023-12-25,28,355,51357,Matougues,10.0
2023-11-27---2023-12-25_cluster_355,2023,2023-11-27,2023-12-25,28,355,51533,Servon-Melzicourt,10.0
2023-11-27---2023-12-25_cluster_355,2023,2023-11-27,2023-12-25,28,355,52074,Breuvannes-en-Bassigny,10.0
2023-11-27---2023-12-25_cluster_355,2023,2023-11-27,2023-12-25,28,355,52512,Vecqueville,27.0
2023-11-27---2023-12-25_cluster_355,2023,2023-11-27,2023-12-25,28,355,55080,Brixey-aux-Chanoines,13.0
2023-11-27---2023-12-25_cluster_355,2023,2023-11-27,2023-12-25,28,355,55328,Maxey-sur-Vaise,250.0
2023-11-27---2023-12-25_cluster_355,2023,2023-11-27,2023-12-25,28,355,55485,Sepvigny,275.0
2023-11-27---2023-12-25_cluster_355,2023,2023-11-27,2023-12-25,28,355,58173,Montaron,302.0
2023-11-27---2023-12-25_cluster_355,2023,2023-11-27,2023-12-25,28,355,58290,Thaix,414.0
2023-11-27---2023-12-25_cluster_355,2023,2023-11-27,2023-12-25,28,355,62894,Wimille,19.0
2023-11-27---2023-12-25_cluster_355,2023,2023-11-27,2023-12-25,28,355,70105,Bucey-lès-Traves,438.0
2023-11-27---2023-12-25_cluster_355,2023,2023-11-27,2023-12-25,28,355,70127,Chantes,401.0
2023-11-27---2023-12-25_cluster_355,2023,2023-11-27,2023-12-25,28,355,70138,Chassey-lès-Scey,451.0
2023-11-27---2023-12-25_cluster_355,2023,2023-11-27,2023-12-25,28,355,70267,Gevigney-et-Mercey,241.0
2023-11-27---2023-12-25_cluster_355,2023,2023-11-27,2023-12-25,28,355,70454,Rosières-sur-Mance,34.0
2023-11-27---2023-12-25_cluster_355,2023,2023-11-27,2023-12-25,28,355,70491,Seveux-Motey,408.0
2023-11-27---2023-12-25_cluster_355,2023,2023-11-27,2023-12-25,28,355,70492,Soing-Cubry-Charentenay,413.0
2023-11-27---2023-12-25_cluster_355,2023,2023-11-27,2023-12-25,28,355,70504,Traves,739.0
2023-11-27---2023-12-25_cluster_355,2023,2023-11-27,2023-12-25,28,355,70539,Vellexon-Queutrey-et-Vaudey,291.0
2023-11-27---2023-12-25_cluster_355,2023,2023-11-27,2023-12-25,28,355,71018,Bantanges,124.0
2023-11-27---2023-12-25_cluster_355,2023,2023-11-27,2023-12-25,28,355,71061,Brienne,198.0
2023-11-27---2023-12-25_cluster_355,2023,2023-11-27,2023-12-25,28,355,71092,La Chapelle-Naude,10.0
2023-11-27---2023-12-25_cluster_355,2023,2023-11-27,2023-12-25,28,355,71101,Charette-Varennes,74.0
2023-11-27---2023-12-25_cluster_355,2023,2023-11-27,2023-12-25,28,355,71207,Fretterans,17.0
2023-11-27---2023-12-25_cluster_355,2023,2023-11-27,2023-12-25,28,355,71208,Frontenard,60.0
2023-11-27---2023-12-25_cluster_355,2023,2023-11-27,2023-12-25,28,355,71219,Gigny-sur-Saône,93.0
2023-11-27---2023-12-25_cluster_355,2023,2023-11-27,2023-12-25,28,355,71244,Jouvençon,187.0
2023-11-27---2023-12-25_cluster_355,2023,2023-11-27,2023-12-25,28,355,71248,Lacrost,95.0
2023-11-27---2023-12-25_cluster_355,2023,2023-11-27,2023-12-25,28,355,71262,Longepierre,62.0
2023-11-27---2023-12-25_cluster_355,2023,2023-11-27,2023-12-25,28,355,71283,Marnay,45.0
2023-11-27---2023-12-25_cluster_355,2023,2023-11-27,2023-12-25,28,355,71315,Mont-lès-Seurre,144.0
2023-11-27---2023-12-25_cluster_355,2023,2023-11-27,2023-12-25,28,355,71329,Navilly,78.0
2023-11-27---2023-12-25_cluster_355,2023,2023-11-27,2023-12-25,28,355,71332,Ormes,167.0
2023-11-27---2023-12-25_cluster_355,2023,2023-11-27,2023-12-25,28,355,71352,Le Planois,37.0
2023-11-27---2023-12-25_cluster_355,2023,2023-11-27,2023-12-25,28,355,71355,Pontoux,432.0
2023-11-27---2023-12-25_cluster_355,2023,2023-11-27,2023-12-25,28,355,71365,Rancy,142.0
2023-11-27---2023-12-25_cluster_355,2023,2023-11-27,2023-12-25,28,355,71402,Saint-Cyr,34.0
2023-11-27---2023-12-25_cluster_355,2023,2023-11-27,2023-12-25,28,355,71423,Saint-Gervais-en-Vallière,27.0
2023-11-27---2023-12-25_cluster_355,2023,2023-11-27,2023-12-25,28,355,71504,Saunières,11.0
2023-11-27---2023-12-25_cluster_355,2023,2023-11-27,2023-12-25,28,355,71514,Sens-sur-Seille,57.0
2023-11-27---2023-12-25_cluster_355,2023,2023-11-27,2023-12-25,28,355,71528,Sornay,86.0
2023-11-27---2023-12-25_cluster_355,2023,2023-11-27,2023-12-25,28,355,71543,Tournus,95.0
2023-11-27---2023-12-25_cluster_355,2023,2023-11-27,2023-12-25,28,355,71555,Varennes-le-Grand,94.0
2023-11-27---2023-12-25_cluster_355,2023,2023-11-27,2023-12-25,28,355,71589,Vitry-sur-Loire,12.0
2023-11-27---2023-12-25_cluster_355,2023,2023-11-27,2023-12-25,28,355,72115,Dissay-sous-Courcillon,367.0
2023-11-27---2023-12-25_cluster_355,2023,2023-11-27,2023-12-25,28,355,85207,Saint-Denis-du-Payré,147.0
2023-11-27---2024-01-01_cluster_356,2023,2023-11-27,2024-01-01,35,356,01252,Mogneneins,28.0
2023-11-27---2024-01-01_cluster_356,2023,2023-11-27,2024-01-01,35,356,01323,Reyssouze,10.0
2023-11-27---2024-01-01_cluster_356,2023,2023-11-27,2024-01-01,35,356,10122,Davrey,27.0
2023-11-27---2024-01-01_cluster_356,2023,2023-11-27,2024-01-01,35,356,21301,Glanon,90.0
2023-11-27---2024-01-01_cluster_356,2023,2023-11-27,2024-01-01,35,356,21337,Lamarche-sur-Saône,27.0
2023-11-27---2024-01-01_cluster_356,2023,2023-11-27,2024-01-01,35,356,21344,Lechâtelet,212.0
2023-11-27---2024-01-01_cluster_356,2023,2023-11-27,2024-01-01,35,356,21474,Pagny-la-Ville,80.0
2023-11-27---2024-01-01_cluster_356,2023,2023-11-27,2024-01-01,35,356,21475,Pagny-le-Château,382.0
2023-11-27---2024-01-01_cluster_356,2023,2023-11-27,2024-01-01,35,356,21574,Saint-Seine-sur-Vingeanne,16.0
2023-11-27---2024-01-01_cluster_356,2023,2023-11-27,2024-01-01,35,356,21607,Seurre,235.0
2023-11-27---2024-01-01_cluster_356,2023,2023-11-27,2024-01-01,35,356,21647,Trugny,21.0
2023-11-27---2024-01-01_cluster_356,2023,2023-11-27,2024-01-01,35,356,25403,Montlebon,276.0
2023-11-27---2024-01-01_cluster_356,2023,2023-11-27,2024-01-01,35,356,39076,La Bretenière,10.0
2023-11-27---2024-01-01_cluster_356,2023,2023-11-27,2024-01-01,35,356,39134,Chavéria,10.0
2023-11-27---2024-01-01_cluster_356,2023,2023-11-27,2024-01-01,35,356,39402,Pagney,699.0
2023-11-27---2024-01-01_cluster_356,2023,2023-11-27,2024-01-01,35,356,39528,Thervay,17.0
2023-11-27---2024-01-01_cluster_356,2023,2023-11-27,2024-01-01,35,356,39581,Vitreux,274.0
2023-11-27---2024-01-01_cluster_356,2023,2023-11-27,2024-01-01,35,356,52074,Breuvannes-en-Bassigny,10.0
2023-11-27---2024-01-01_cluster_356,2023,2023-11-27,2024-01-01,35,356,52512,Vecqueville,27.0
2023-11-27---2024-01-01_cluster_356,2023,2023-11-27,2024-01-01,35,356,54445,Raville-sur-Sânon,12.0
2023-11-27---2024-01-01_cluster_356,2023,2023-11-27,2024-01-01,35,356,55080,Brixey-aux-Chanoines,13.0
2023-11-27---2024-01-01_cluster_356,2023,2023-11-27,2024-01-01,35,356,55328,Maxey-sur-Vaise,250.0
2023-11-27---2024-01-01_cluster_356,2023,2023-11-27,2024-01-01,35,356,55485,Sepvigny,275.0
2023-11-27---2024-01-01_cluster_356,2023,2023-11-27,2024-01-01,35,356,57308,Hazembourg,49.0
2023-11-27---2024-01-01_cluster_356,2023,2023-11-27,2024-01-01,35,356,58173,Montaron,302.0
2023-11-27---2024-01-01_cluster_356,2023,2023-11-27,2024-01-01,35,356,58290,Thaix,414.0
2023-11-27---2024-01-01_cluster_356,2023,2023-11-27,2024-01-01,35,356,67019,Baldenheim,20.0
2023-11-27---2024-01-01_cluster_356,2023,2023-11-27,2024-01-01,35,356,67116,Ebersmunster,16.0
2023-11-27---2024-01-01_cluster_356,2023,2023-11-27,2024-01-01,35,356,67196,Hilsenheim,292.0
2023-11-27---2024-01-01_cluster_356,2023,2023-11-27,2024-01-01,35,356,67311,Muttersholtz,48.0
2023-11-27---2024-01-01_cluster_356,2023,2023-11-27,2024-01-01,35,356,70105,Bucey-lès-Traves,438.0
2023-11-27---2024-01-01_cluster_356,2023,2023-11-27,2024-01-01,35,356,70127,Chantes,401.0
2023-11-27---2024-01-01_cluster_356,2023,2023-11-27,2024-01-01,35,356,70138,Chassey-lès-Scey,451.0
2023-11-27---2024-01-01_cluster_356,2023,2023-11-27,2024-01-01,35,356,70167,Conflandey,42.0
2023-11-27---2024-01-01_cluster_356,2023,2023-11-27,2024-01-01,35,356,70236,Fleurey-lès-Faverney,40.0
2023-11-27---2024-01-01_cluster_356,2023,2023-11-27,2024-01-01,35,356,70267,Gevigney-et-Mercey,241.0
2023-11-27---2024-01-01_cluster_356,2023,2023-11-27,2024-01-01,35,356,70427,Purgerot,218.0
2023-11-27---2024-01-01_cluster_356,2023,2023-11-27,2024-01-01,35,356,70454,Rosières-sur-Mance,34.0
2023-11-27---2024-01-01_cluster_356,2023,2023-11-27,2024-01-01,35,356,70491,Seveux-Motey,408.0
2023-11-27---2024-01-01_cluster_356,2023,2023-11-27,2024-01-01,35,356,70492,Soing-Cubry-Charentenay,413.0
2023-11-27---2024-01-01_cluster_356,2023,2023-11-27,2024-01-01,35,356,70504,Traves,739.0
2023-11-27---2024-01-01_cluster_356,2023,2023-11-27,2024-01-01,35,356,70539,Vellexon-Queutrey-et-Vaudey,291.0
2023-11-27---2024-01-01_cluster_356,2023,2023-11-27,2024-01-01,35,356,71018,Bantanges,123.0
2023-11-27---2024-01-01_cluster_356,2023,2023-11-27,2024-01-01,35,356,71061,Brienne,198.0
2023-11-27---2024-01-01_cluster_356,2023,2023-11-27,2024-01-01,35,356,71092,La Chapelle-Naude,10.0
2023-11-27---2024-01-01_cluster_356,2023,2023-11-27,2024-01-01,35,356,71101,Charette-Varennes,74.0
2023-11-27---2024-01-01_cluster_356,2023,2023-11-27,2024-01-01,35,356,71207,Fretterans,17.0
2023-11-27---2024-01-01_cluster_356,2023,2023-11-27,2024-01-01,35,356,71208,Frontenard,60.0
2023-11-27---2024-01-01_cluster_356,2023,2023-11-27,2024-01-01,35,356,71219,Gigny-sur-Saône,83.0
2023-11-27---2024-01-01_cluster_356,2023,2023-11-27,2024-01-01,35,356,71244,Jouvençon,211.0
2023-11-27---2024-01-01_cluster_356,2023,2023-11-27,2024-01-01,35,356,71248,Lacrost,93.0
2023-11-27---2024-01-01_cluster_356,2023,2023-11-27,2024-01-01,35,356,71262,Longepierre,62.0
2023-11-27---2024-01-01_cluster_356,2023,2023-11-27,2024-01-01,35,356,71283,Marnay,44.0
2023-11-27---2024-01-01_cluster_356,2023,2023-11-27,2024-01-01,35,356,71315,Mont-lès-Seurre,144.0
2023-11-27---2024-01-01_cluster_356,2023,2023-11-27,2024-01-01,35,356,71329,Navilly,78.0
2023-11-27---2024-01-01_cluster_356,2023,2023-11-27,2024-01-01,35,356,71332,Ormes,167.0
2023-11-27---2024-01-01_cluster_356,2023,2023-11-27,2024-01-01,35,356,71352,Le Planois,27.0
2023-11-27---2024-01-01_cluster_356,2023,2023-11-27,2024-01-01,35,356,71355,Pontoux,432.0
2023-11-27---2024-01-01_cluster_356,2023,2023-11-27,2024-01-01,35,356,71365,Rancy,137.0
2023-11-27---2024-01-01_cluster_356,2023,2023-11-27,2024-01-01,35,356,71402,Saint-Cyr,34.0
2023-11-27---2024-01-01_cluster_356,2023,2023-11-27,2024-01-01,35,356,71423,Saint-Gervais-en-Vallière,27.0
2023-11-27---2024-01-01_cluster_356,2023,2023-11-27,2024-01-01,35,356,71504,Saunières,11.0
2023-11-27---2024-01-01_cluster_356,2023,2023-11-27,2024-01-01,35,356,71514,Sens-sur-Seille,49.0
2023-11-27---2024-01-01_cluster_356,2023,2023-11-27,2024-01-01,35,356,71528,Sornay,85.0
2023-11-27---2024-01-01_cluster_356,2023,2023-11-27,2024-01-01,35,356,71543,Tournus,93.0
2023-11-27---2024-01-01_cluster_356,2023,2023-11-27,2024-01-01,35,356,71555,Varennes-le-Grand,94.0
2023-11-27---2024-01-01_cluster_356,2023,2023-11-27,2024-01-01,35,356,71589,Vitry-sur-Loire,12.0
2023-12-11---2024-01-01_cluster_358,2023,2023-12-11,2024-01-01,21,358,02014,Amigny-Rouy,189.0
2023-12-11---2024-01-01_cluster_358,2023,2023-12-11,2024-01-01,21,358,02208,Concevreux,157.0
2023-12-11---2024-01-01_cluster_358,2023,2023-12-11,2024-01-01,21,358,02260,Danizy,10.0
2023-12-11---2024-01-01_cluster_358,2023,2023-12-11,2024-01-01,21,358,02262,Deuillet,10.0
2023-12-11---2024-01-01_cluster_358,2023,2023-12-11,2024-01-01,21,358,02456,Manicamp,28.0
2023-12-11---2024-01-01_cluster_358,2023,2023-12-11,2024-01-01,21,358,02716,Servais,29.0
2023-12-11---2024-01-01_cluster_358,2023,2023-12-11,2024-01-01,21,358,02719,Sinceny,98.0
2023-12-11---2024-01-01_cluster_358,2023,2023-12-11,2024-01-01,21,358,08082,Brécy-Brières,23.0
2023-12-11---2024-01-01_cluster_358,2023,2023-12-11,2024-01-01,21,358,08461,Vandy,22.0
2023-12-11---2024-01-01_cluster_358,2023,2023-12-11,2024-01-01,21,358,10047,Blignicourt,123.0
2023-12-11---2024-01-01_cluster_358,2023,2023-12-11,2024-01-01,21,358,10144,Étrelles-sur-Aube,123.0
2023-12-11---2024-01-01_cluster_358,2023,2023-12-11,2024-01-01,21,358,10171,Hampigny,51.0
2023-12-11---2024-01-01_cluster_358,2023,2023-12-11,2024-01-01,21,358,10299,Pouan-les-Vallées,10.0
2023-12-11---2024-01-01_cluster_358,2023,2023-12-11,2024-01-01,21,358,10315,Rances,90.0
2023-12-11---2024-01-01_cluster_358,2023,2023-12-11,2024-01-01,21,358,17069,Brives-sur-Charente,418.0
2023-12-11---2024-01-01_cluster_358,2023,2023-12-11,2024-01-01,21,358,17128,Courcoury,360.0
2023-12-11---2024-01-01_cluster_358,2023,2023-12-11,2024-01-01,21,358,17179,Les Gonds,810.0
2023-12-11---2024-01-01_cluster_358,2023,2023-12-11,2024-01-01,21,358,35179,Miniac-Morvan,11.0
2023-12-11---2024-01-01_cluster_358,2023,2023-12-11,2024-01-01,21,358,44013,Besné,103.0
2023-12-11---2024-01-01_cluster_358,2023,2023-12-11,2024-01-01,21,358,44052,Donges,85.0
2023-12-11---2024-01-01_cluster_358,2023,2023-12-11,2024-01-01,21,358,44087,Machecoul-Saint-Même,595.0
2023-12-11---2024-01-01_cluster_358,2023,2023-12-11,2024-01-01,21,358,44133,Port-Saint-Père,172.0
2023-12-11---2024-01-01_cluster_358,2023,2023-12-11,2024-01-01,21,358,44174,Saint-Lumine-de-Coutais,22.0
2023-12-11---2024-01-01_cluster_358,2023,2023-12-11,2024-01-01,21,358,44176,Saint-Malo-de-Guersac,10.0
2023-12-11---2024-01-01_cluster_358,2023,2023-12-11,2024-01-01,21,358,44178,Saint-Mars-de-Coutais,138.0
2023-12-11---2024-01-01_cluster_358,2023,2023-12-11,2024-01-01,21,358,44188,Saint-Philbert-de-Grand-Lieu,119.0
2023-12-11---2024-01-01_cluster_358,2023,2023-12-11,2024-01-01,21,358,44210,Trignac,62.0
2023-12-11---2024-01-01_cluster_358,2023,2023-12-11,2024-01-01,21,358,49007,Angers,148.0
2023-12-11---2024-01-01_cluster_358,2023,2023-12-11,2024-01-01,21,358,49048,Briollay,248.0
2023-12-11---2024-01-01_cluster_358,2023,2023-12-11,2024-01-01,21,358,49129,Écouflant,405.0
2023-12-11---2024-01-01_cluster_358,2023,2023-12-11,2024-01-01,21,358,49222,Mozé-sur-Louet,41.0
2023-12-11---2024-01-01_cluster_358,2023,2023-12-11,2024-01-01,21,358,50016,Appeville,21.0
2023-12-11---2024-01-01_cluster_358,2023,2023-12-11,2024-01-01,21,358,50023,Auvers,43.0
2023-12-11---2024-01-01_cluster_358,2023,2023-12-11,2024-01-01,21,358,50099,Carentan-les-Marais,52.0
2023-12-11---2024-01-01_cluster_358,2023,2023-12-11,2024-01-01,21,358,50151,Créances,229.0
2023-12-11---2024-01-01_cluster_358,2023,2023-12-11,2024-01-01,21,358,50269,Liesville-sur-Douve,17.0
2023-12-11---2024-01-01_cluster_358,2023,2023-12-11,2024-01-01,21,358,50298,Méautis,17.0
2023-12-11---2024-01-01_cluster_358,2023,2023-12-11,2024-01-01,21,358,50606,Tribehou,27.0
2023-12-11---2024-01-01_cluster_358,2023,2023-12-11,2024-01-01,21,358,50617,Varenguebec,21.0
2023-12-11---2024-01-01_cluster_358,2023,2023-12-11,2024-01-01,21,358,51018,Athis,28.0
2023-12-11---2024-01-01_cluster_358,2023,2023-12-11,2024-01-01,21,358,51023,Aulnay-sur-Marne,151.0
2023-12-11---2024-01-01_cluster_358,2023,2023-12-11,2024-01-01,21,358,51065,Blacy,144.0
2023-12-11---2024-01-01_cluster_358,2023,2023-12-11,2024-01-01,21,358,51143,Le Chemin,46.0
2023-12-11---2024-01-01_cluster_358,2023,2023-12-11,2024-01-01,21,358,51150,Cherville,386.0
2023-12-11---2024-01-01_cluster_358,2023,2023-12-11,2024-01-01,21,358,51171,Cormicy,340.0
2023-12-11---2024-01-01_cluster_358,2023,2023-12-11,2024-01-01,21,358,51303,Jâlons,19.0
2023-12-11---2024-01-01_cluster_358,2023,2023-12-11,2024-01-01,21,358,51357,Matougues,10.0
2023-12-11---2024-01-01_cluster_358,2023,2023-12-11,2024-01-01,21,358,51413,Oiry,30.0
2023-12-11---2024-01-01_cluster_358,2023,2023-12-11,2024-01-01,21,358,51446,Pringy,10.0
2023-12-11---2024-01-01_cluster_358,2023,2023-12-11,2024-01-01,21,358,51483,Saint-Gibrien,71.0
2023-12-11---2024-01-01_cluster_358,2023,2023-12-11,2024-01-01,21,358,51533,Servon-Melzicourt,27.0
2023-12-11---2024-01-01_cluster_358,2023,2023-12-11,2024-01-01,21,358,51552,Songy,10.0
2023-12-11---2024-01-01_cluster_358,2023,2023-12-11,2024-01-01,21,358,51610,Verrières,55.0
2023-12-11---2024-01-01_cluster_358,2023,2023-12-11,2024-01-01,21,358,51648,Vitry-la-Ville,16.0
2023-12-11---2024-01-01_cluster_358,2023,2023-12-11,2024-01-01,21,358,54001,Abaucourt,23.0
2023-12-11---2024-01-01_cluster_358,2023,2023-12-11,2024-01-01,21,358,54070,Bey-sur-Seille,65.0
2023-12-11---2024-01-01_cluster_358,2023,2023-12-11,2024-01-01,21,358,54313,Létricourt,48.0
2023-12-11---2024-01-01_cluster_358,2023,2023-12-11,2024-01-01,21,358,54387,Morville-sur-Seille,325.0
2023-12-11---2024-01-01_cluster_358,2023,2023-12-11,2024-01-01,21,358,54433,Port-sur-Seille,39.0
2023-12-11---2024-01-01_cluster_358,2023,2023-12-11,2024-01-01,21,358,55009,Ancemont,122.0
2023-12-11---2024-01-01_cluster_358,2023,2023-12-11,2024-01-01,21,358,55027,Bannoncourt,301.0
2023-12-11---2024-01-01_cluster_358,2023,2023-12-11,2024-01-01,21,358,55042,Belleray,20.0
2023-12-11---2024-01-01_cluster_358,2023,2023-12-11,2024-01-01,21,358,55064,Bouquemont,330.0
2023-12-11---2024-01-01_cluster_358,2023,2023-12-11,2024-01-01,21,358,55099,Champneuville,169.0
2023-12-11---2024-01-01_cluster_358,2023,2023-12-11,2024-01-01,21,358,55102,Charny-sur-Meuse,344.0
2023-12-11---2024-01-01_cluster_358,2023,2023-12-11,2024-01-01,21,358,55111,Chauvoncourt,293.0
2023-12-11---2024-01-01_cluster_358,2023,2023-12-11,2024-01-01,21,358,55122,Commercy,335.0
2023-12-11---2024-01-01_cluster_358,2023,2023-12-11,2024-01-01,21,358,55154,Dieue-sur-Meuse,236.0
2023-12-11---2024-01-01_cluster_358,2023,2023-12-11,2024-01-01,21,358,55168,Duzey,36.0
2023-12-11---2024-01-01_cluster_358,2023,2023-12-11,2024-01-01,21,358,55312,Maizey,320.0
2023-12-11---2024-01-01_cluster_358,2023,2023-12-11,2024-01-01,21,358,55321,Marre,139.0
2023-12-11---2024-01-01_cluster_358,2023,2023-12-11,2024-01-01,21,358,55347,Les Monthairons,126.0
2023-12-11---2024-01-01_cluster_358,2023,2023-12-11,2024-01-01,21,358,55433,Rigny-la-Salle,293.0
2023-12-11---2024-01-01_cluster_358,2023,2023-12-11,2024-01-01,21,358,55444,Rouvrois-sur-Meuse,59.0
2023-12-11---2024-01-01_cluster_358,2023,2023-12-11,2024-01-01,21,358,55573,Void-Vacon,42.0
2023-12-11---2024-01-01_cluster_358,2023,2023-12-11,2024-01-01,21,358,55584,Woimbey,37.0
2023-12-11---2024-01-01_cluster_358,2023,2023-12-11,2024-01-01,21,358,57002,Aboncourt-sur-Seille,169.0
2023-12-11---2024-01-01_cluster_358,2023,2023-12-11,2024-01-01,21,358,57040,Aulnois-sur-Seille,18.0
2023-12-11---2024-01-01_cluster_358,2023,2023-12-11,2024-01-01,21,358,57088,Bistroff,13.0
2023-12-11---2024-01-01_cluster_358,2023,2023-12-11,2024-01-01,21,358,57155,Courcelles-Chaussy,13.0
2023-12-11---2024-01-01_cluster_358,2023,2023-12-11,2024-01-01,21,358,57308,Hazembourg,58.0
2023-12-11---2024-01-01_cluster_358,2023,2023-12-11,2024-01-01,21,358,57346,Insming,66.0
2023-12-11---2024-01-01_cluster_358,2023,2023-12-11,2024-01-01,21,358,57431,Maizeroy,40.0
2023-12-11---2024-01-01_cluster_358,2023,2023-12-11,2024-01-01,21,358,57547,Pommérieux,17.0
2023-12-11---2024-01-01_cluster_358,2023,2023-12-11,2024-01-01,21,358,57627,Sanry-sur-Nied,10.0
2023-12-11---2024-01-01_cluster_358,2023,2023-12-11,2024-01-01,21,358,60105,Brétigny,15.0
2023-12-11---2024-01-01_cluster_358,2023,2023-12-11,2024-01-01,21,358,60507,Pontoise-lès-Noyon,155.0
2023-12-11---2024-01-01_cluster_358,2023,2023-12-11,2024-01-01,21,358,60655,Varesnes,146.0
2023-12-11---2024-01-01_cluster_358,2023,2023-12-11,2024-01-01,21,358,62894,Wimille,17.0
2023-12-11---2024-01-01_cluster_358,2023,2023-12-11,2024-01-01,21,358,67199,Hinsingen,21.0
2023-12-11---2024-01-01_cluster_358,2023,2023-12-11,2024-01-01,21,358,85207,Saint-Denis-du-Payré,118.0
2024-01-01---2024-02-05_cluster_333,2024,2024-01-01,2024-02-05,35,333,01045,Birieux,60.0
2024-01-01---2024-02-05_cluster_333,2024,2024-01-01,2024-02-05,35,333,01249,Miribel,28.0
2024-01-01---2024-02-05_cluster_333,2024,2024-01-01,2024-02-05,35,333,02260,Danizy,12.0
2024-01-01---2024-02-05_cluster_333,2024,2024-01-01,2024-02-05,35,333,02262,Deuillet,10.0
2024-01-01---2024-02-05_cluster_333,2024,2024-01-01,2024-02-05,35,333,02453,Maizy,14.0
2024-01-01---2024-02-05_cluster_333,2024,2024-01-01,2024-02-05,35,333,02631,Quierzy,38.0
2024-01-01---2024-02-05_cluster_333,2024,2024-01-01,2024-02-05,35,333,02716,Servais,13.0
2024-01-01---2024-02-05_cluster_333,2024,2024-01-01,2024-02-05,35,333,08010,Ambly-Fleury,20.0
2024-01-01---2024-02-05_cluster_333,2024,2024-01-01,2024-02-05,35,333,08115,Chémery-Chéhéry,76.0
2024-01-01---2024-02-05_cluster_333,2024,2024-01-01,2024-02-05,35,333,08168,La Ferté-sur-Chiers,92.0
2024-01-01---2024-02-05_cluster_333,2024,2024-01-01,2024-02-05,35,333,08276,Margut,37.0
2024-01-01---2024-02-05_cluster_333,2024,2024-01-01,2024-02-05,35,333,08376,Sailly,36.0
2024-01-01---2024-02-05_cluster_333,2024,2024-01-01,2024-02-05,35,333,08377,Saint-Aignan,48.0
2024-01-01---2024-02-05_cluster_333,2024,2024-01-01,2024-02-05,35,333,08416,Seuil,23.0
2024-01-01---2024-02-05_cluster_333,2024,2024-01-01,2024-02-05,35,333,08444,Tétaigne,35.0
2024-01-01---2024-02-05_cluster_333,2024,2024-01-01,2024-02-05,35,333,08464,Vaux-lès-Mouron,69.0
2024-01-01---2024-02-05_cluster_333,2024,2024-01-01,2024-02-05,35,333,08485,Villy,13.0
2024-01-01---2024-02-05_cluster_333,2024,2024-01-01,2024-02-05,35,333,10299,Pouan-les-Vallées,16.0
2024-01-01---2024-02-05_cluster_333,2024,2024-01-01,2024-02-05,35,333,14038,Banville,16.0
2024-01-01---2024-02-05_cluster_333,2024,2024-01-01,2024-02-05,35,333,14107,Bricqueville,58.0
2024-01-01---2024-02-05_cluster_333,2024,2024-01-01,2024-02-05,35,333,14163,Cléville,11.0
2024-01-01---2024-02-05_cluster_333,2024,2024-01-01,2024-02-05,35,333,14168,Colombières,14.0
2024-01-01---2024-02-05_cluster_333,2024,2024-01-01,2024-02-05,35,333,14335,Hotot-en-Auge,64.0
2024-01-01---2024-02-05_cluster_333,2024,2024-01-01,2024-02-05,35,333,14344,Janville,15.0
2024-01-01---2024-02-05_cluster_333,2024,2024-01-01,2024-02-05,35,333,14365,Lion-sur-Mer,10.0
2024-01-01---2024-02-05_cluster_333,2024,2024-01-01,2024-02-05,35,333,14397,Mandeville-en-Bessin,24.0
2024-01-01---2024-02-05_cluster_333,2024,2024-01-01,2024-02-05,35,333,14439,Monfréville,49.0
2024-01-01---2024-02-05_cluster_333,2024,2024-01-01,2024-02-05,35,333,14535,Reviers,46.0
2024-01-01---2024-02-05_cluster_333,2024,2024-01-01,2024-02-05,35,333,14651,Saint-Pierre-du-Jonquet,11.0
2024-01-01---2024-02-05_cluster_333,2024,2024-01-01,2024-02-05,35,333,14657,Saint-Samson,14.0
2024-01-01---2024-02-05_cluster_333,2024,2024-01-01,2024-02-05,35,333,14711,Trévières,55.0
2024-01-01---2024-02-05_cluster_333,2024,2024-01-01,2024-02-05,35,333,17230,Meschers-sur-Gironde,44.0
2024-01-01---2024-02-05_cluster_333,2024,2024-01-01,2024-02-05,35,333,44019,Bouée,23.0
2024-01-01---2024-02-05_cluster_333,2024,2024-01-01,2024-02-05,35,333,44052,Donges,80.0
2024-01-01---2024-02-05_cluster_333,2024,2024-01-01,2024-02-05,35,333,44092,Massérac,101.0
2024-01-01---2024-02-05_cluster_333,2024,2024-01-01,2024-02-05,35,333,44103,Montoir-de-Bretagne,10.0
2024-01-01---2024-02-05_cluster_333,2024,2024-01-01,2024-02-05,35,333,44123,Pierric,42.0
2024-01-01---2024-02-05_cluster_333,2024,2024-01-01,2024-02-05,35,333,44133,Port-Saint-Père,134.0
2024-01-01---2024-02-05_cluster_333,2024,2024-01-01,2024-02-05,35,333,44196,Sévérac,86.0
2024-01-01---2024-02-05_cluster_333,2024,2024-01-01,2024-02-05,35,333,50004,Airel,73.0
2024-01-01---2024-02-05_cluster_333,2024,2024-01-01,2024-02-05,35,333,50016,Appeville,69.0
2024-01-01---2024-02-05_cluster_333,2024,2024-01-01,2024-02-05,35,333,50023,Auvers,117.0
2024-01-01---2024-02-05_cluster_333,2024,2024-01-01,2024-02-05,35,333,50052,Beuzeville-la-Bastille,10.0
2024-01-01---2024-02-05_cluster_333,2024,2024-01-01,2024-02-05,35,333,50070,Boutteville,100.0
2024-01-01---2024-02-05_cluster_333,2024,2024-01-01,2024-02-05,35,333,50099,Carentan-les-Marais,73.0
2024-01-01---2024-02-05_cluster_333,2024,2024-01-01,2024-02-05,35,333,50142,Vicq-sur-Mer,10.0
2024-01-01---2024-02-05_cluster_333,2024,2024-01-01,2024-02-05,35,333,50166,Doville,21.0
2024-01-01---2024-02-05_cluster_333,2024,2024-01-01,2024-02-05,35,333,50216,Graignes-Mesnil-Angot,30.0
2024-01-01---2024-02-05_cluster_333,2024,2024-01-01,2024-02-05,35,333,50269,Liesville-sur-Douve,118.0
2024-01-01---2024-02-05_cluster_333,2024,2024-01-01,2024-02-05,35,333,50298,Méautis,71.0
2024-01-01---2024-02-05_cluster_333,2024,2024-01-01,2024-02-05,35,333,50400,Picauville,67.0
2024-01-01---2024-02-05_cluster_333,2024,2024-01-01,2024-02-05,35,333,50409,Pont-Hébert,39.0
2024-01-01---2024-02-05_cluster_333,2024,2024-01-01,2024-02-05,35,333,50431,Remilly Les Marais,67.0
2024-01-01---2024-02-05_cluster_333,2024,2024-01-01,2024-02-05,35,333,50445,Saint-André-de-Bohon,14.0
2024-01-01---2024-02-05_cluster_333,2024,2024-01-01,2024-02-05,35,333,50468,Saint-Fromond,17.0
2024-01-01---2024-02-05_cluster_333,2024,2024-01-01,2024-02-05,35,333,50488,Saint-Jean-de-Daye,53.0
2024-01-01---2024-02-05_cluster_333,2024,2024-01-01,2024-02-05,35,333,50551,Saint-Sauveur-le-Vicomte,92.0
2024-01-01---2024-02-05_cluster_333,2024,2024-01-01,2024-02-05,35,333,50562,Saint-Vaast-la-Hougue,28.0
2024-01-01---2024-02-05_cluster_333,2024,2024-01-01,2024-02-05,35,333,50606,Tribehou,57.0
2024-01-01---2024-02-05_cluster_333,2024,2024-01-01,2024-02-05,35,333,50617,Varenguebec,41.0
2024-01-01---2024-02-05_cluster_333,2024,2024-01-01,2024-02-05,35,333,51018,Athis,47.0
2024-01-01---2024-02-05_cluster_333,2024,2024-01-01,2024-02-05,35,333,51104,Cernay-en-Dormois,19.0
2024-01-01---2024-02-05_cluster_333,2024,2024-01-01,2024-02-05,35,333,51143,Le Chemin,45.0
2024-01-01---2024-02-05_cluster_333,2024,2024-01-01,2024-02-05,35,333,51150,Cherville,67.0
2024-01-01---2024-02-05_cluster_333,2024,2024-01-01,2024-02-05,35,333,51184,Courdemanges,33.0
2024-01-01---2024-02-05_cluster_333,2024,2024-01-01,2024-02-05,35,333,51303,Jâlons,68.0
2024-01-01---2024-02-05_cluster_333,2024,2024-01-01,2024-02-05,35,333,51357,Matougues,10.0
2024-01-01---2024-02-05_cluster_333,2024,2024-01-01,2024-02-05,35,333,51369,Mœurs-Verdey,69.0
2024-01-01---2024-02-05_cluster_333,2024,2024-01-01,2024-02-05,35,333,51413,Oiry,79.0
2024-01-01---2024-02-05_cluster_333,2024,2024-01-01,2024-02-05,35,333,51446,Pringy,45.0
2024-01-01---2024-02-05_cluster_333,2024,2024-01-01,2024-02-05,35,333,51502,Saint-Martin-aux-Champs,21.0
2024-01-01---2024-02-05_cluster_333,2024,2024-01-01,2024-02-05,35,333,51533,Servon-Melzicourt,35.0
2024-01-01---2024-02-05_cluster_333,2024,2024-01-01,2024-02-05,35,333,51552,Songy,10.0
2024-01-01---2024-02-05_cluster_333,2024,2024-01-01,2024-02-05,35,333,52074,Breuvannes-en-Bassigny,15.0
2024-01-01---2024-02-05_cluster_333,2024,2024-01-01,2024-02-05,35,333,52512,Vecqueville,18.0
2024-01-01---2024-02-05_cluster_333,2024,2024-01-01,2024-02-05,35,333,53263,Thubœuf,10.0
2024-01-01---2024-02-05_cluster_333,2024,2024-01-01,2024-02-05,35,333,54001,Abaucourt,17.0
2024-01-01---2024-02-05_cluster_333,2024,2024-01-01,2024-02-05,35,333,54061,Bénaménil,23.0
2024-01-01---2024-02-05_cluster_333,2024,2024-01-01,2024-02-05,35,333,54070,Bey-sur-Seille,34.0
2024-01-01---2024-02-05_cluster_333,2024,2024-01-01,2024-02-05,35,333,54093,Brainville,15.0
2024-01-01---2024-02-05_cluster_333,2024,2024-01-01,2024-02-05,35,333,54210,Fréménil,34.0
2024-01-01---2024-02-05_cluster_333,2024,2024-01-01,2024-02-05,35,333,54227,Giraumont,43.0
2024-01-01---2024-02-05_cluster_333,2024,2024-01-01,2024-02-05,35,333,54313,Létricourt,19.0
2024-01-01---2024-02-05_cluster_333,2024,2024-01-01,2024-02-05,35,333,54387,Morville-sur-Seille,20.0
2024-01-01---2024-02-05_cluster_333,2024,2024-01-01,2024-02-05,35,333,54445,Raville-sur-Sânon,52.0
2024-01-01---2024-02-05_cluster_333,2024,2024-01-01,2024-02-05,35,333,54514,Tellancourt,172.0
2024-01-01---2024-02-05_cluster_333,2024,2024-01-01,2024-02-05,35,333,54581,Ville-sur-Yron,48.0
2024-01-01---2024-02-05_cluster_333,2024,2024-01-01,2024-02-05,35,333,55007,Ambly-sur-Meuse,57.0
2024-01-01---2024-02-05_cluster_333,2024,2024-01-01,2024-02-05,35,333,55042,Belleray,56.0
2024-01-01---2024-02-05_cluster_333,2024,2024-01-01,2024-02-05,35,333,55043,Belleville-sur-Meuse,10.0
2024-01-01---2024-02-05_cluster_333,2024,2024-01-01,2024-02-05,35,333,55080,Brixey-aux-Chanoines,31.0
2024-01-01---2024-02-05_cluster_333,2024,2024-01-01,2024-02-05,35,333,55095,Cesse,38.0
2024-01-01---2024-02-05_cluster_333,2024,2024-01-01,2024-02-05,35,333,55097,Chalaines,10.0
2024-01-01---2024-02-05_cluster_333,2024,2024-01-01,2024-02-05,35,333,55154,Dieue-sur-Meuse,68.0
2024-01-01---2024-02-05_cluster_333,2024,2024-01-01,2024-02-05,35,333,55168,Duzey,42.0
2024-01-01---2024-02-05_cluster_333,2024,2024-01-01,2024-02-05,35,333,55328,Maxey-sur-Vaise,215.0
2024-01-01---2024-02-05_cluster_333,2024,2024-01-01,2024-02-05,35,333,55345,Mont-devant-Sassey,99.0
2024-01-01---2024-02-05_cluster_333,2024,2024-01-01,2024-02-05,35,333,55347,Les Monthairons,10.0
2024-01-01---2024-02-05_cluster_333,2024,2024-01-01,2024-02-05,35,333,55401,Les Paroches,59.0
2024-01-01---2024-02-05_cluster_333,2024,2024-01-01,2024-02-05,35,333,55410,Quincy-Landzécourt,36.0
2024-01-01---2024-02-05_cluster_333,2024,2024-01-01,2024-02-05,35,333,55433,Rigny-la-Salle,47.0
2024-01-01---2024-02-05_cluster_333,2024,2024-01-01,2024-02-05,35,333,55444,Rouvrois-sur-Meuse,39.0
2024-01-01---2024-02-05_cluster_333,2024,2024-01-01,2024-02-05,35,333,55469,Sassey-sur-Meuse,10.0
2024-01-01---2024-02-05_cluster_333,2024,2024-01-01,2024-02-05,35,333,55503,Taillancourt,45.0
2024-01-01---2024-02-05_cluster_333,2024,2024-01-01,2024-02-05,35,333,55526,Vadonville,14.0
2024-01-01---2024-02-05_cluster_333,2024,2024-01-01,2024-02-05,35,333,55552,Vigneul-sous-Montmédy,10.0
2024-01-01---2024-02-05_cluster_333,2024,2024-01-01,2024-02-05,35,333,55554,Villécloye,83.0
2024-01-01---2024-02-05_cluster_333,2024,2024-01-01,2024-02-05,35,333,55584,Woimbey,25.0
2024-01-01---2024-02-05_cluster_333,2024,2024-01-01,2024-02-05,35,333,56124,Malestroit,11.0
2024-01-01---2024-02-05_cluster_333,2024,2024-01-01,2024-02-05,35,333,57002,Aboncourt-sur-Seille,46.0
2024-01-01---2024-02-05_cluster_333,2024,2024-01-01,2024-02-05,35,333,57040,Aulnois-sur-Seille,36.0
2024-01-01---2024-02-05_cluster_333,2024,2024-01-01,2024-02-05,35,333,57054,Baudrecourt,48.0
2024-01-01---2024-02-05_cluster_333,2024,2024-01-01,2024-02-05,35,333,57070,Bettange,43.0
2024-01-01---2024-02-05_cluster_333,2024,2024-01-01,2024-02-05,35,333,57155,Courcelles-Chaussy,16.0
2024-01-01---2024-02-05_cluster_333,2024,2024-01-01,2024-02-05,35,333,57187,Éblange,38.0
2024-01-01---2024-02-05_cluster_333,2024,2024-01-01,2024-02-05,35,333,57236,Frémery,24.0
2024-01-01---2024-02-05_cluster_333,2024,2024-01-01,2024-02-05,35,333,57308,Hazembourg,43.0
2024-01-01---2024-02-05_cluster_333,2024,2024-01-01,2024-02-05,35,333,57329,Holling,53.0
2024-01-01---2024-02-05_cluster_333,2024,2024-01-01,2024-02-05,35,333,57346,Insming,69.0
2024-01-01---2024-02-05_cluster_333,2024,2024-01-01,2024-02-05,35,333,57366,Kirviller,30.0
2024-01-01---2024-02-05_cluster_333,2024,2024-01-01,2024-02-05,35,333,57392,Lemud,16.0
2024-01-01---2024-02-05_cluster_333,2024,2024-01-01,2024-02-05,35,333,57431,Maizeroy,35.0
2024-01-01---2024-02-05_cluster_333,2024,2024-01-01,2024-02-05,35,333,57609,Saint-Epvre,36.0
2024-01-01---2024-02-05_cluster_333,2024,2024-01-01,2024-02-05,35,333,57627,Sanry-sur-Nied,32.0
2024-01-01---2024-02-05_cluster_333,2024,2024-01-01,2024-02-05,35,333,57656,Sorbey,47.0
2024-01-01---2024-02-05_cluster_333,2024,2024-01-01,2024-02-05,35,333,59543,Saint-Remy-du-Nord,63.0
2024-01-01---2024-02-05_cluster_333,2024,2024-01-01,2024-02-05,35,333,61026,Barville,27.0
2024-01-01---2024-02-05_cluster_333,2024,2024-01-01,2024-02-05,35,333,61049,Boissei-la-Lande,64.0
2024-01-01---2024-02-05_cluster_333,2024,2024-01-01,2024-02-05,35,333,61066,Buré,67.0
2024-01-01---2024-02-05_cluster_333,2024,2024-01-01,2024-02-05,35,333,61101,Le Château-d'Almenêches,10.0
2024-01-01---2024-02-05_cluster_333,2024,2024-01-01,2024-02-05,35,333,61256,Médavy,47.0
2024-01-01---2024-02-05_cluster_333,2024,2024-01-01,2024-02-05,35,333,61397,Saint-Germain-du-Corbéis,38.0
2024-01-01---2024-02-05_cluster_333,2024,2024-01-01,2024-02-05,35,333,61462,Sarceaux,83.0
2024-01-01---2024-02-05_cluster_333,2024,2024-01-01,2024-02-05,35,333,61473,Sevrai,65.0
2024-01-01---2024-02-05_cluster_333,2024,2024-01-01,2024-02-05,35,333,62716,Rodelinghem,10.0
2024-01-01---2024-02-05_cluster_333,2024,2024-01-01,2024-02-05,35,333,67199,Hinsingen,18.0
2024-01-01---2024-02-05_cluster_333,2024,2024-01-01,2024-02-05,35,333,67310,Mussig,10.0
2024-01-01---2024-02-05_cluster_333,2024,2024-01-01,2024-02-05,35,333,67311,Muttersholtz,31.0
2024-01-01---2024-02-05_cluster_333,2024,2024-01-01,2024-02-05,35,333,70086,Bourbévelle,10.0
2024-01-01---2024-02-05_cluster_333,2024,2024-01-01,2024-02-05,35,333,70236,Fleurey-lès-Faverney,10.0
2024-01-01---2024-02-05_cluster_333,2024,2024-01-01,2024-02-05,35,333,70454,Rosières-sur-Mance,26.0
2024-01-01---2024-02-05_cluster_333,2024,2024-01-01,2024-02-05,35,333,71045,Bouhans,60.0
2024-01-01---2024-02-05_cluster_333,2024,2024-01-01,2024-02-05,35,333,71423,Saint-Gervais-en-Vallière,26.0
2024-01-01---2024-02-05_cluster_333,2024,2024-01-01,2024-02-05,35,333,72205,Montbizot,10.0
2024-01-01---2024-02-05_cluster_333,2024,2024-01-01,2024-02-05,35,333,72212,Moulins-le-Carbonnel,29.0
2024-01-01---2024-02-05_cluster_333,2024,2024-01-01,2024-02-05,35,333,72265,Saint-Aignan,27.0
2024-01-01---2024-02-05_cluster_333,2024,2024-01-01,2024-02-05,35,333,72273,Saint-Christophe-du-Jambet,12.0
2024-01-01---2024-02-05_cluster_333,2024,2024-01-01,2024-02-05,35,333,76351,Le Havre,10.0
2024-01-01---2024-02-05_cluster_333,2024,2024-01-01,2024-02-05,35,333,77385,Rebais,68.0
2024-01-01---2024-02-05_cluster_333,2024,2024-01-01,2024-02-05,35,333,85104,Grues,14.0
2024-01-01---2024-02-05_cluster_333,2024,2024-01-01,2024-02-05,35,333,85254,Saint-Mesmin,30.0
2024-01-01---2024-02-05_cluster_333,2024,2024-01-01,2024-02-05,35,333,85267,Sainte-Radégonde-des-Noyers,10.0
2024-01-01---2024-02-05_cluster_333,2024,2024-01-01,2024-02-05,35,333,88031,Balléville,24.0
2024-01-01---2024-02-05_cluster_333,2024,2024-01-01,2024-02-05,35,333,88171,Fignévelle,21.0
2024-01-01---2024-02-05_cluster_333,2024,2024-01-01,2024-02-05,35,333,88242,Houéville,29.0
2024-01-01---2024-02-19_cluster_334,2024,2024-01-01,2024-02-19,35,334,54021,Armaucourt,22.0
2024-01-01---2024-02-19_cluster_334,2024,2024-01-01,2024-02-19,35,334,54070,Bey-sur-Seille,34.0
2024-01-01---2024-02-19_cluster_334,2024,2024-01-01,2024-02-19,35,334,54093,Brainville,25.0
2024-01-01---2024-02-19_cluster_334,2024,2024-01-01,2024-02-19,35,334,54313,Létricourt,14.0
2024-01-01---2024-02-19_cluster_334,2024,2024-01-01,2024-02-19,35,334,54514,Tellancourt,172.0
2024-01-01---2024-02-19_cluster_334,2024,2024-01-01,2024-02-19,35,334,54582,Villette,10.0
2024-01-01---2024-02-19_cluster_334,2024,2024-01-01,2024-02-19,35,334,57002,Aboncourt-sur-Seille,45.0
2024-01-01---2024-02-19_cluster_334,2024,2024-01-01,2024-02-19,35,334,57040,Aulnois-sur-Seille,34.0
2024-01-01---2024-02-19_cluster_334,2024,2024-01-01,2024-02-19,35,334,57172,Denting,11.0
2024-01-01---2024-02-19_cluster_334,2024,2024-01-01,2024-02-19,35,334,57308,Hazembourg,37.0
2024-01-01---2024-02-19_cluster_334,2024,2024-01-01,2024-02-19,35,334,57346,Insming,65.0
2024-01-01---2024-04-01_cluster_332,2024,2024-01-01,2024-04-01,91,332,62125,Beuvrequen,14.0
2024-01-01---2024-04-01_cluster_332,2024,2024-01-01,2024-04-01,91,332,62894,Wimille,63.0
2024-01-08---2024-01-15_cluster_4,2024,2024-01-08,2024-01-15,7,4,29198,Plouider,10.0
2024-02-05---2024-02-26_cluster_342,2024,2024-02-05,2024-02-26,21,342,01045,Birieux,31.0
2024-02-05---2024-02-26_cluster_342,2024,2024-02-05,2024-02-26,21,342,02040,Autreppes,16.0
2024-02-05---2024-02-26_cluster_342,2024,2024-02-05,2024-02-26,21,342,02048,Barenton-sur-Serre,30.0
2024-02-05---2024-02-26_cluster_342,2024,2024-02-05,2024-02-26,21,342,02086,Bichancourt,47.0
2024-02-05---2024-02-26_cluster_342,2024,2024-02-05,2024-02-26,21,342,02260,Danizy,10.0
2024-02-05---2024-02-26_cluster_342,2024,2024-02-05,2024-02-26,21,342,02262,Deuillet,17.0
2024-02-05---2024-02-26_cluster_342,2024,2024-02-05,2024-02-26,21,342,02624,Proisy,49.0
2024-02-05---2024-02-26_cluster_342,2024,2024-02-05,2024-02-26,21,342,02716,Servais,11.0
2024-02-05---2024-02-26_cluster_342,2024,2024-02-05,2024-02-26,21,342,08010,Ambly-Fleury,25.0
2024-02-05---2024-02-26_cluster_342,2024,2024-02-05,2024-02-26,21,342,08070,Blanzy-la-Salonnaise,20.0
2024-02-05---2024-02-26_cluster_342,2024,2024-02-05,2024-02-26,21,342,08168,La Ferté-sur-Chiers,46.0
2024-02-05---2024-02-26_cluster_342,2024,2024-02-05,2024-02-26,21,342,08193,Givry,10.0
2024-02-05---2024-02-26_cluster_342,2024,2024-02-05,2024-02-26,21,342,08377,Saint-Aignan,29.0
2024-02-05---2024-02-26_cluster_342,2024,2024-02-05,2024-02-26,21,342,08416,Seuil,22.0
2024-02-05---2024-02-26_cluster_342,2024,2024-02-05,2024-02-26,21,342,08464,Vaux-lès-Mouron,22.0
2024-02-05---2024-02-26_cluster_342,2024,2024-02-05,2024-02-26,21,342,10043,Bessy,24.0
2024-02-05---2024-02-26_cluster_342,2024,2024-02-05,2024-02-26,21,342,10047,Blignicourt,21.0
2024-02-05---2024-02-26_cluster_342,2024,2024-02-05,2024-02-26,21,342,10299,Pouan-les-Vallées,16.0
2024-02-05---2024-02-26_cluster_342,2024,2024-02-05,2024-02-26,21,342,10315,Rances,30.0
2024-02-05---2024-02-26_cluster_342,2024,2024-02-05,2024-02-26,21,342,51018,Athis,24.0
2024-02-05---2024-02-26_cluster_342,2024,2024-02-05,2024-02-26,21,342,51357,Matougues,10.0
2024-02-05---2024-02-26_cluster_342,2024,2024-02-05,2024-02-26,21,342,51413,Oiry,45.0
2024-02-05---2024-02-26_cluster_342,2024,2024-02-05,2024-02-26,21,342,51446,Pringy,23.0
2024-02-05---2024-02-26_cluster_342,2024,2024-02-05,2024-02-26,21,342,51533,Servon-Melzicourt,29.0
2024-02-05---2024-02-26_cluster_342,2024,2024-02-05,2024-02-26,21,342,51552,Songy,10.0
2024-02-05---2024-02-26_cluster_342,2024,2024-02-05,2024-02-26,21,342,51648,Vitry-la-Ville,16.0
2024-02-05---2024-02-26_cluster_342,2024,2024-02-05,2024-02-26,21,342,54021,Armaucourt,28.0
2024-02-05---2024-02-26_cluster_342,2024,2024-02-05,2024-02-26,21,342,54070,Bey-sur-Seille,22.0
2024-02-05---2024-02-26_cluster_342,2024,2024-02-05,2024-02-26,21,342,55007,Ambly-sur-Meuse,10.0
2024-02-05---2024-02-26_cluster_342,2024,2024-02-05,2024-02-26,21,342,55042,Belleray,23.0
2024-02-05---2024-02-26_cluster_342,2024,2024-02-05,2024-02-26,21,342,55095,Cesse,19.0
2024-02-05---2024-02-26_cluster_342,2024,2024-02-05,2024-02-26,21,342,55401,Les Paroches,37.0
2024-02-05---2024-02-26_cluster_342,2024,2024-02-05,2024-02-26,21,342,55410,Quincy-Landzécourt,10.0
2024-02-05---2024-02-26_cluster_342,2024,2024-02-05,2024-02-26,21,342,55444,Rouvrois-sur-Meuse,18.0
2024-02-05---2024-02-26_cluster_342,2024,2024-02-05,2024-02-26,21,342,55552,Vigneul-sous-Montmédy,10.0
2024-02-05---2024-02-26_cluster_342,2024,2024-02-05,2024-02-26,21,342,57002,Aboncourt-sur-Seille,17.0
2024-02-05---2024-02-26_cluster_342,2024,2024-02-05,2024-02-26,21,342,57308,Hazembourg,30.0
2024-02-05---2024-02-26_cluster_342,2024,2024-02-05,2024-02-26,21,342,57656,Sorbey,24.0
2024-02-05---2024-02-26_cluster_342,2024,2024-02-05,2024-02-26,21,342,60492,Pimprez,10.0
2024-02-05---2024-02-26_cluster_342,2024,2024-02-05,2024-02-26,21,342,60610,Sempigny,41.0
2024-02-05---2024-02-26_cluster_342,2024,2024-02-05,2024-02-26,21,342,71244,Jouvençon,16.0
2024-02-05---2024-02-26_cluster_342,2024,2024-02-05,2024-02-26,21,342,71423,Saint-Gervais-en-Vallière,16.0
2024-02-05---2024-02-26_cluster_342,2024,2024-02-05,2024-02-26,21,342,77125,Condé-Sainte-Libiaire,23.0
2024-02-19---2024-03-18_cluster_347,2024,2024-02-19,2024-03-18,21,347,01045,Birieux,18.0
2024-02-19---2024-03-18_cluster_347,2024,2024-02-19,2024-03-18,21,347,02262,Deuillet,12.0
2024-02-19---2024-03-18_cluster_347,2024,2024-02-19,2024-03-18,21,347,02453,Maizy,23.0
2024-02-19---2024-03-18_cluster_347,2024,2024-02-19,2024-03-18,21,347,02716,Servais,11.0
2024-02-19---2024-03-18_cluster_347,2024,2024-02-19,2024-03-18,21,347,07045,Burzet,111.0
2024-02-19---2024-03-18_cluster_347,2024,2024-02-19,2024-03-18,21,347,08010,Ambly-Fleury,21.0
2024-02-19---2024-03-18_cluster_347,2024,2024-02-19,2024-03-18,21,347,08070,Blanzy-la-Salonnaise,24.0
2024-02-19---2024-03-18_cluster_347,2024,2024-02-19,2024-03-18,21,347,08168,La Ferté-sur-Chiers,23.0
2024-02-19---2024-03-18_cluster_347,2024,2024-02-19,2024-03-18,21,347,08377,Saint-Aignan,30.0
2024-02-19---2024-03-18_cluster_347,2024,2024-02-19,2024-03-18,21,347,08464,Vaux-lès-Mouron,11.0
2024-02-19---2024-03-18_cluster_347,2024,2024-02-19,2024-03-18,21,347,10043,Bessy,23.0
2024-02-19---2024-03-18_cluster_347,2024,2024-02-19,2024-03-18,21,347,10047,Blignicourt,21.0
2024-02-19---2024-03-18_cluster_347,2024,2024-02-19,2024-03-18,21,347,10122,Davrey,41.0
2024-02-19---2024-03-18_cluster_347,2024,2024-02-19,2024-03-18,21,347,10207,Longueville-sur-Aube,13.0
2024-02-19---2024-03-18_cluster_347,2024,2024-02-19,2024-03-18,21,347,10299,Pouan-les-Vallées,16.0
2024-02-19---2024-03-18_cluster_347,2024,2024-02-19,2024-03-18,21,347,10315,Rances,31.0
2024-02-19---2024-03-18_cluster_347,2024,2024-02-19,2024-03-18,21,347,14168,Colombières,10.0
2024-02-19---2024-03-18_cluster_347,2024,2024-02-19,2024-03-18,21,347,14439,Monfréville,10.0
2024-02-19---2024-03-18_cluster_347,2024,2024-02-19,2024-03-18,21,347,16217,Merpins,23.0
2024-02-19---2024-03-18_cluster_347,2024,2024-02-19,2024-03-18,21,347,17069,Brives-sur-Charente,164.0
2024-02-19---2024-03-18_cluster_347,2024,2024-02-19,2024-03-18,21,347,17083,Champagne,46.0
2024-02-19---2024-03-18_cluster_347,2024,2024-02-19,2024-03-18,21,347,17155,Étaules,59.0
2024-02-19---2024-03-18_cluster_347,2024,2024-02-19,2024-03-18,21,347,17214,Luchat,34.0
2024-02-19---2024-03-18_cluster_347,2024,2024-02-19,2024-03-18,21,347,17303,La Ronde,10.0
2024-02-19---2024-03-18_cluster_347,2024,2024-02-19,2024-03-18,21,347,33080,Cadaujac,25.0
2024-02-19---2024-03-18_cluster_347,2024,2024-02-19,2024-03-18,21,347,33172,Fours,10.0
2024-02-19---2024-03-18_cluster_347,2024,2024-02-19,2024-03-18,21,347,33240,Lesparre-Médoc,26.0
2024-02-19---2024-03-18_cluster_347,2024,2024-02-19,2024-03-18,21,347,33395,Saint-Estèphe,29.0
2024-02-19---2024-03-18_cluster_347,2024,2024-02-19,2024-03-18,21,347,33545,Vertheuil,27.0
2024-02-19---2024-03-18_cluster_347,2024,2024-02-19,2024-03-18,21,347,37269,Verneuil-sur-Indre,33.0
2024-02-19---2024-03-18_cluster_347,2024,2024-02-19,2024-03-18,21,347,40063,Candresse,14.0
2024-02-19---2024-03-18_cluster_347,2024,2024-02-19,2024-03-18,21,347,49129,Écouflant,78.0
2024-02-19---2024-03-18_cluster_347,2024,2024-02-19,2024-03-18,21,347,49222,Mozé-sur-Louet,13.0
2024-02-19---2024-03-18_cluster_347,2024,2024-02-19,2024-03-18,21,347,50016,Appeville,44.0
2024-02-19---2024-03-18_cluster_347,2024,2024-02-19,2024-03-18,21,347,50023,Auvers,38.0
2024-02-19---2024-03-18_cluster_347,2024,2024-02-19,2024-03-18,21,347,50052,Beuzeville-la-Bastille,39.0
2024-02-19---2024-03-18_cluster_347,2024,2024-02-19,2024-03-18,21,347,50070,Boutteville,45.0
2024-02-19---2024-03-18_cluster_347,2024,2024-02-19,2024-03-18,21,347,50099,Carentan-les-Marais,69.0
2024-02-19---2024-03-18_cluster_347,2024,2024-02-19,2024-03-18,21,347,50166,Doville,17.0
2024-02-19---2024-03-18_cluster_347,2024,2024-02-19,2024-03-18,21,347,50216,Graignes-Mesnil-Angot,13.0
2024-02-19---2024-03-18_cluster_347,2024,2024-02-19,2024-03-18,21,347,50269,Liesville-sur-Douve,75.0
2024-02-19---2024-03-18_cluster_347,2024,2024-02-19,2024-03-18,21,347,50298,Méautis,24.0
2024-02-19---2024-03-18_cluster_347,2024,2024-02-19,2024-03-18,21,347,50410,Pontorson,11.0
2024-02-19---2024-03-18_cluster_347,2024,2024-02-19,2024-03-18,21,347,50431,Remilly Les Marais,11.0
2024-02-19---2024-03-18_cluster_347,2024,2024-02-19,2024-03-18,21,347,50445,Saint-André-de-Bohon,18.0
2024-02-19---2024-03-18_cluster_347,2024,2024-02-19,2024-03-18,21,347,50488,Saint-Jean-de-Daye,12.0
2024-02-19---2024-03-18_cluster_347,2024,2024-02-19,2024-03-18,21,347,50551,Saint-Sauveur-le-Vicomte,11.0
2024-02-19---2024-03-18_cluster_347,2024,2024-02-19,2024-03-18,21,347,50606,Tribehou,32.0
2024-02-19---2024-03-18_cluster_347,2024,2024-02-19,2024-03-18,21,347,50617,Varenguebec,34.0
2024-02-19---2024-03-18_cluster_347,2024,2024-02-19,2024-03-18,21,347,51018,Athis,10.0
2024-02-19---2024-03-18_cluster_347,2024,2024-02-19,2024-03-18,21,347,51357,Matougues,11.0
2024-02-19---2024-03-18_cluster_347,2024,2024-02-19,2024-03-18,21,347,51413,Oiry,42.0
2024-02-19---2024-03-18_cluster_347,2024,2024-02-19,2024-03-18,21,347,51446,Pringy,22.0
2024-02-19---2024-03-18_cluster_347,2024,2024-02-19,2024-03-18,21,347,51533,Servon-Melzicourt,22.0
2024-02-19---2024-03-18_cluster_347,2024,2024-02-19,2024-03-18,21,347,51552,Songy,10.0
2024-02-19---2024-03-18_cluster_347,2024,2024-02-19,2024-03-18,21,347,51648,Vitry-la-Ville,18.0
2024-02-19---2024-03-18_cluster_347,2024,2024-02-19,2024-03-18,21,347,55007,Ambly-sur-Meuse,10.0
2024-02-19---2024-03-18_cluster_347,2024,2024-02-19,2024-03-18,21,347,55042,Belleray,23.0
2024-02-19---2024-03-18_cluster_347,2024,2024-02-19,2024-03-18,21,347,55095,Cesse,21.0
2024-02-19---2024-03-18_cluster_347,2024,2024-02-19,2024-03-18,21,347,55401,Les Paroches,33.0
2024-02-19---2024-03-18_cluster_347,2024,2024-02-19,2024-03-18,21,347,58158,Mars-sur-Allier,30.0
2024-02-19---2024-03-18_cluster_347,2024,2024-02-19,2024-03-18,21,347,60501,Le Plessis-Brion,25.0
2024-02-19---2024-03-18_cluster_347,2024,2024-02-19,2024-03-18,21,347,71155,Cronat,47.0
2024-02-19---2024-03-18_cluster_347,2024,2024-02-19,2024-03-18,21,347,71423,Saint-Gervais-en-Vallière,22.0
2024-02-19---2024-03-18_cluster_347,2024,2024-02-19,2024-03-18,21,347,77125,Condé-Sainte-Libiaire,41.0
2024-02-19---2024-03-18_cluster_347,2024,2024-02-19,2024-03-18,21,347,77234,Jablines,12.0
2024-02-19---2024-03-18_cluster_347,2024,2024-02-19,2024-03-18,21,347,77341,Noyen-sur-Seine,24.0
2024-02-19---2024-03-18_cluster_347,2024,2024-02-19,2024-03-18,21,347,79257,Saint-Hilaire-la-Palud,18.0
2024-02-19---2024-03-18_cluster_347,2024,2024-02-19,2024-03-18,21,347,79348,Villefollet,10.0
2024-02-19---2024-03-18_cluster_347,2024,2024-02-19,2024-03-18,21,347,85090,Sèvremont,26.0
2024-02-19---2024-03-18_cluster_347,2024,2024-02-19,2024-03-18,21,347,85104,Grues,11.0
2024-02-19---2024-03-18_cluster_347,2024,2024-02-19,2024-03-18,21,347,85267,Sainte-Radégonde-des-Noyers,14.0
2024-03-25---2024-04-01_cluster_38,2024,2024-03-25,2024-04-01,7,38,44176,Saint-Malo-de-Guersac,10.0
2024-03-25---2024-04-01_cluster_38,2024,2024-03-25,2024-04-01,7,38,44184,Saint-Nazaire,23.0
2024-03-25---2024-05-27_cluster_352,2024,2024-03-25,2024-05-27,56,352,54070,Bey-sur-Seille,25.0
2024-03-25---2024-05-27_cluster_352,2024,2024-03-25,2024-05-27,56,352,54093,Brainville,12.0
2024-03-25---2024-05-27_cluster_352,2024,2024-03-25,2024-05-27,56,352,54210,Fréménil,20.0
2024-03-25---2024-05-27_cluster_352,2024,2024-03-25,2024-05-27,56,352,54313,Létricourt,20.0
2024-03-25---2024-05-27_cluster_352,2024,2024-03-25,2024-05-27,56,352,54440,Puxe,36.0
2024-03-25---2024-05-27_cluster_352,2024,2024-03-25,2024-05-27,56,352,54445,Raville-sur-Sânon,77.0
2024-03-25---2024-05-27_cluster_352,2024,2024-03-25,2024-05-27,56,352,55168,Duzey,40.0
2024-03-25---2024-05-27_cluster_352,2024,2024-03-25,2024-05-27,56,352,57002,Aboncourt-sur-Seille,50.0
2024-03-25---2024-05-27_cluster_352,2024,2024-03-25,2024-05-27,56,352,57070,Bettange,37.0
2024-03-25---2024-05-27_cluster_352,2024,2024-03-25,2024-05-27,56,352,57155,Courcelles-Chaussy,29.0
2024-03-25---2024-05-27_cluster_352,2024,2024-03-25,2024-05-27,56,352,57187,Éblange,39.0
2024-03-25---2024-05-27_cluster_352,2024,2024-03-25,2024-05-27,56,352,57234,Frauenberg,37.0
2024-03-25---2024-05-27_cluster_352,2024,2024-03-25,2024-05-27,56,352,57290,Hampont,35.0
2024-03-25---2024-05-27_cluster_352,2024,2024-03-25,2024-05-27,56,352,57308,Hazembourg,39.0
2024-03-25---2024-05-27_cluster_352,2024,2024-03-25,2024-05-27,56,352,57329,Holling,25.0
2024-03-25---2024-05-27_cluster_352,2024,2024-03-25,2024-05-27,56,352,57346,Insming,35.0
2024-03-25---2024-05-27_cluster_352,2024,2024-03-25,2024-05-27,56,352,57609,Saint-Epvre,28.0
2024-03-25---2024-05-27_cluster_352,2024,2024-03-25,2024-05-27,56,352,57656,Sorbey,23.0
2024-03-25---2024-05-27_cluster_352,2024,2024-03-25,2024-05-27,56,352,67199,Hinsingen,19.0
2024-03-25---2024-05-27_cluster_352,2024,2024-03-25,2024-05-27,56,352,67516,Waltenheim-sur-Zorn,41.0
2024-03-25---2024-05-27_cluster_352,2024,2024-03-25,2024-05-27,56,352,70167,Conflandey,34.0
2024-03-25---2024-05-27_cluster_354,2024,2024-03-25,2024-05-27,49,354,01323,Reyssouze,14.0
2024-03-25---2024-05-27_cluster_354,2024,2024-03-25,2024-05-27,49,354,01380,Saint-Nizier-le-Bouchoux,32.0
2024-03-25---2024-05-27_cluster_354,2024,2024-03-25,2024-05-27,49,354,02282,Eppes,92.0
2024-03-25---2024-05-27_cluster_354,2024,2024-03-25,2024-05-27,49,354,08168,La Ferté-sur-Chiers,14.0
2024-03-25---2024-05-27_cluster_354,2024,2024-03-25,2024-05-27,49,354,08464,Vaux-lès-Mouron,42.0
2024-03-25---2024-05-27_cluster_354,2024,2024-03-25,2024-05-27,49,354,09104,Dalou,70.0
2024-03-25---2024-05-27_cluster_354,2024,2024-03-25,2024-05-27,49,354,09175,Ludiès,51.0
2024-03-25---2024-05-27_cluster_354,2024,2024-03-25,2024-05-27,49,354,09258,Saint-Félix-de-Rieutord,52.0
2024-03-25---2024-05-27_cluster_354,2024,2024-03-25,2024-05-27,49,354,09310,Thouars-sur-Arize,77.0
2024-03-25---2024-05-27_cluster_354,2024,2024-03-25,2024-05-27,49,354,09332,Verniolle,39.0
2024-03-25---2024-05-27_cluster_354,2024,2024-03-25,2024-05-27,49,354,10043,Bessy,54.0
2024-03-25---2024-05-27_cluster_354,2024,2024-03-25,2024-05-27,49,354,10122,Davrey,11.0
2024-03-25---2024-05-27_cluster_354,2024,2024-03-25,2024-05-27,49,354,10125,Dierrey-Saint-Pierre,199.0
2024-03-25---2024-05-27_cluster_354,2024,2024-03-25,2024-05-27,49,354,10144,Étrelles-sur-Aube,51.0
2024-03-25---2024-05-27_cluster_354,2024,2024-03-25,2024-05-27,49,354,10171,Hampigny,13.0
2024-03-25---2024-05-27_cluster_354,2024,2024-03-25,2024-05-27,49,354,10299,Pouan-les-Vallées,12.0
2024-03-25---2024-05-27_cluster_354,2024,2024-03-25,2024-05-27,49,354,10315,Rances,31.0
2024-03-25---2024-05-27_cluster_354,2024,2024-03-25,2024-05-27,49,354,10316,Rhèges,11.0
2024-03-25---2024-05-27_cluster_354,2024,2024-03-25,2024-05-27,49,354,11018,Arzens,10.0
2024-03-25---2024-05-27_cluster_354,2024,2024-03-25,2024-05-27,49,354,11061,Cambieure,13.0
2024-03-25---2024-05-27_cluster_354,2024,2024-03-25,2024-05-27,49,354,11195,Laurabuc,42.0
2024-03-25---2024-05-27_cluster_354,2024,2024-03-25,2024-05-27,49,354,11225,Mas-Saintes-Puelles,10.0
2024-03-25---2024-05-27_cluster_354,2024,2024-03-25,2024-05-27,49,354,11234,Mireval-Lauragais,17.0
2024-03-25---2024-05-27_cluster_354,2024,2024-03-25,2024-05-27,49,354,11348,Saint-Julien-de-Briola,24.0
2024-03-25---2024-05-27_cluster_354,2024,2024-03-25,2024-05-27,49,354,11371,Salles-sur-l'Hers,982.0
2024-03-25---2024-05-27_cluster_354,2024,2024-03-25,2024-05-27,49,354,16081,La Chapelle,10.0
2024-03-25---2024-05-27_cluster_354,2024,2024-03-25,2024-05-27,49,354,17400,Saint-Sever-de-Saintonge,10.0
2024-03-25---2024-05-27_cluster_354,2024,2024-03-25,2024-05-27,49,354,17418,Salignac-sur-Charente,10.0
2024-03-25---2024-05-27_cluster_354,2024,2024-03-25,2024-05-27,49,354,21090,Boudreville,37.0
2024-03-25---2024-05-27_cluster_354,2024,2024-03-25,2024-05-27,49,354,21172,Chivres,95.0
2024-03-25---2024-05-27_cluster_354,2024,2024-03-25,2024-05-27,49,354,21301,Glanon,73.0
2024-03-25---2024-05-27_cluster_354,2024,2024-03-25,2024-05-27,49,354,21337,Lamarche-sur-Saône,38.0
2024-03-25---2024-05-27_cluster_354,2024,2024-03-25,2024-05-27,49,354,21344,Lechâtelet,29.0
2024-03-25---2024-05-27_cluster_354,2024,2024-03-25,2024-05-27,49,354,21411,Meursanges,24.0
2024-03-25---2024-05-27_cluster_354,2024,2024-03-25,2024-05-27,49,354,21574,Saint-Seine-sur-Vingeanne,15.0
2024-03-25---2024-05-27_cluster_354,2024,2024-03-25,2024-05-27,49,354,21607,Seurre,13.0
2024-03-25---2024-05-27_cluster_354,2024,2024-03-25,2024-05-27,49,354,24462,Saint-Médard-de-Mussidan,42.0
2024-03-25---2024-05-27_cluster_354,2024,2024-03-25,2024-05-27,49,354,28065,Bullainville,165.0
2024-03-25---2024-05-27_cluster_354,2024,2024-03-25,2024-05-27,49,354,28114,Courbehaye,206.0
2024-03-25---2024-05-27_cluster_354,2024,2024-03-25,2024-05-27,49,354,28182,Gohory,106.0
2024-03-25---2024-05-27_cluster_354,2024,2024-03-25,2024-05-27,49,354,28259,Montboissier,10.0
2024-03-25---2024-05-27_cluster_354,2024,2024-03-25,2024-05-27,49,354,28364,Sancheville,58.0
2024-03-25---2024-05-27_cluster_354,2024,2024-03-25,2024-05-27,49,354,28410,Villampuy,77.0
2024-03-25---2024-05-27_cluster_354,2024,2024-03-25,2024-05-27,49,354,28424,Yèvres,11.0
2024-03-25---2024-05-27_cluster_354,2024,2024-03-25,2024-05-27,49,354,31128,Caujac,10.0
2024-03-25---2024-05-27_cluster_354,2024,2024-03-25,2024-05-27,49,354,31249,Labastide-Beauvoir,227.0
2024-03-25---2024-05-27_cluster_354,2024,2024-03-25,2024-05-27,49,354,31264,Lagrâce-Dieu,10.0
2024-03-25---2024-05-27_cluster_354,2024,2024-03-25,2024-05-27,49,354,31284,Lauzerville,38.0
2024-03-25---2024-05-27_cluster_354,2024,2024-03-25,2024-05-27,49,354,31381,Montgiscard,10.0
2024-03-25---2024-05-27_cluster_354,2024,2024-03-25,2024-05-27,49,354,31442,Puydaniel,21.0
2024-03-25---2024-05-27_cluster_354,2024,2024-03-25,2024-05-27,49,354,31451,Revel,10.0
2024-03-25---2024-05-27_cluster_354,2024,2024-03-25,2024-05-27,49,354,32261,Monblanc,89.0
2024-03-25---2024-05-27_cluster_354,2024,2024-03-25,2024-05-27,49,354,33315,Les Peintures,10.0
2024-03-25---2024-05-27_cluster_354,2024,2024-03-25,2024-05-27,49,354,37201,Rivière,34.0
2024-03-25---2024-05-27_cluster_354,2024,2024-03-25,2024-05-27,49,354,37269,Verneuil-sur-Indre,42.0
2024-03-25---2024-05-27_cluster_354,2024,2024-03-25,2024-05-27,49,354,38130,La Côte-Saint-André,112.0
2024-03-25---2024-05-27_cluster_354,2024,2024-03-25,2024-05-27,49,354,41035,Champigny-en-Beauce,10.0
2024-03-25---2024-05-27_cluster_354,2024,2024-03-25,2024-05-27,49,354,41130,Maves,227.0
2024-03-25---2024-05-27_cluster_354,2024,2024-03-25,2024-05-27,49,354,41187,Renay,99.0
2024-03-25---2024-05-27_cluster_354,2024,2024-03-25,2024-05-27,49,354,41188,Rhodon,17.0
2024-03-25---2024-05-27_cluster_354,2024,2024-03-25,2024-05-27,49,354,41219,Saint-Laurent-des-Bois,10.0
2024-03-25---2024-05-27_cluster_354,2024,2024-03-25,2024-05-27,49,354,44005,Chaumes-en-Retz,72.0
2024-03-25---2024-05-27_cluster_354,2024,2024-03-25,2024-05-27,49,354,44013,Besné,105.0
2024-03-25---2024-05-27_cluster_354,2024,2024-03-25,2024-05-27,49,354,44019,Bouée,28.0
2024-03-25---2024-05-27_cluster_354,2024,2024-03-25,2024-05-27,49,354,44032,La Chapelle-Heulin,65.0
2024-03-25---2024-05-27_cluster_354,2024,2024-03-25,2024-05-27,49,354,44052,Donges,113.0
2024-03-25---2024-05-27_cluster_354,2024,2024-03-25,2024-05-27,49,354,44068,Guenrouet,15.0
2024-03-25---2024-05-27_cluster_354,2024,2024-03-25,2024-05-27,49,354,44087,Machecoul-Saint-Même,20.0
2024-03-25---2024-05-27_cluster_354,2024,2024-03-25,2024-05-27,49,354,44123,Pierric,27.0
2024-03-25---2024-05-27_cluster_354,2024,2024-03-25,2024-05-27,49,354,44133,Port-Saint-Père,42.0
2024-03-25---2024-05-27_cluster_354,2024,2024-03-25,2024-05-27,49,354,44176,Saint-Malo-de-Guersac,11.0
2024-03-25---2024-05-27_cluster_354,2024,2024-03-25,2024-05-27,49,354,44178,Saint-Mars-de-Coutais,55.0
2024-03-25---2024-05-27_cluster_354,2024,2024-03-25,2024-05-27,49,354,44179,Saint-Mars-du-Désert,14.0
2024-03-25---2024-05-27_cluster_354,2024,2024-03-25,2024-05-27,49,354,44184,Saint-Nazaire,52.0
2024-03-25---2024-05-27_cluster_354,2024,2024-03-25,2024-05-27,49,354,44210,Trignac,21.0
2024-03-25---2024-05-27_cluster_354,2024,2024-03-25,2024-05-27,49,354,45059,Bucy-Saint-Liphard,10.0
2024-03-25---2024-05-27_cluster_354,2024,2024-03-25,2024-05-27,49,354,45074,La Chapelle-Onzerain,10.0
2024-03-25---2024-05-27_cluster_354,2024,2024-03-25,2024-05-27,49,354,45081,Charsonville,69.0
2024-03-25---2024-05-27_cluster_354,2024,2024-03-25,2024-05-27,49,354,45099,Coinces,10.0
2024-03-25---2024-05-27_cluster_354,2024,2024-03-25,2024-05-27,49,354,45134,Épieds-en-Beauce,42.0
2024-03-25---2024-05-27_cluster_354,2024,2024-03-25,2024-05-27,49,354,45152,Gémigny,11.0
2024-03-25---2024-05-27_cluster_354,2024,2024-03-25,2024-05-27,49,354,45337,Villamblain,22.0
2024-03-25---2024-05-27_cluster_354,2024,2024-03-25,2024-05-27,49,354,45344,Villorceau,69.0
2024-03-25---2024-05-27_cluster_354,2024,2024-03-25,2024-05-27,49,354,49048,Briollay,103.0
2024-03-25---2024-05-27_cluster_354,2024,2024-03-25,2024-05-27,49,354,49129,Écouflant,261.0
2024-03-25---2024-05-27_cluster_354,2024,2024-03-25,2024-05-27,49,354,50016,Appeville,18.0
2024-03-25---2024-05-27_cluster_354,2024,2024-03-25,2024-05-27,49,354,50052,Beuzeville-la-Bastille,38.0
2024-03-25---2024-05-27_cluster_354,2024,2024-03-25,2024-05-27,49,354,50142,Vicq-sur-Mer,13.0
2024-03-25---2024-05-27_cluster_354,2024,2024-03-25,2024-05-27,49,354,50269,Liesville-sur-Douve,47.0
2024-03-25---2024-05-27_cluster_354,2024,2024-03-25,2024-05-27,49,354,50617,Varenguebec,36.0
2024-03-25---2024-05-27_cluster_354,2024,2024-03-25,2024-05-27,49,354,51018,Athis,36.0
2024-03-25---2024-05-27_cluster_354,2024,2024-03-25,2024-05-27,49,354,51150,Cherville,73.0
2024-03-25---2024-05-27_cluster_354,2024,2024-03-25,2024-05-27,49,354,51184,Courdemanges,61.0
2024-03-25---2024-05-27_cluster_354,2024,2024-03-25,2024-05-27,49,354,51303,Jâlons,46.0
2024-03-25---2024-05-27_cluster_354,2024,2024-03-25,2024-05-27,49,354,51357,Matougues,10.0
2024-03-25---2024-05-27_cluster_354,2024,2024-03-25,2024-05-27,49,354,51413,Oiry,64.0
2024-03-25---2024-05-27_cluster_354,2024,2024-03-25,2024-05-27,49,354,51446,Pringy,23.0
2024-03-25---2024-05-27_cluster_354,2024,2024-03-25,2024-05-27,49,354,51502,Saint-Martin-aux-Champs,15.0
2024-03-25---2024-05-27_cluster_354,2024,2024-03-25,2024-05-27,49,354,51533,Servon-Melzicourt,52.0
2024-03-25---2024-05-27_cluster_354,2024,2024-03-25,2024-05-27,49,354,51552,Songy,10.0
2024-03-25---2024-05-27_cluster_354,2024,2024-03-25,2024-05-27,49,354,51648,Vitry-la-Ville,29.0
2024-03-25---2024-05-27_cluster_354,2024,2024-03-25,2024-05-27,49,354,52512,Vecqueville,35.0
2024-03-25---2024-05-27_cluster_354,2024,2024-03-25,2024-05-27,49,354,53087,La Cropte,15.0
2024-03-25---2024-05-27_cluster_354,2024,2024-03-25,2024-05-27,49,354,55080,Brixey-aux-Chanoines,15.0
2024-03-25---2024-05-27_cluster_354,2024,2024-03-25,2024-05-27,49,354,55095,Cesse,10.0
2024-03-25---2024-05-27_cluster_354,2024,2024-03-25,2024-05-27,49,354,55312,Maizey,10.0
2024-03-25---2024-05-27_cluster_354,2024,2024-03-25,2024-05-27,49,354,55401,Les Paroches,47.0
2024-03-25---2024-05-27_cluster_354,2024,2024-03-25,2024-05-27,49,354,55444,Rouvrois-sur-Meuse,30.0
2024-03-25---2024-05-27_cluster_354,2024,2024-03-25,2024-05-27,49,354,55584,Woimbey,15.0
2024-03-25---2024-05-27_cluster_354,2024,2024-03-25,2024-05-27,49,354,58087,Cossaye,10.0
2024-03-25---2024-05-27_cluster_354,2024,2024-03-25,2024-05-27,49,354,58173,Montaron,56.0
2024-03-25---2024-05-27_cluster_354,2024,2024-03-25,2024-05-27,49,354,65068,Barthe,162.0
2024-03-25---2024-05-27_cluster_354,2024,2024-03-25,2024-05-27,49,354,70529,Velet,25.0
2024-03-25---2024-05-27_cluster_354,2024,2024-03-25,2024-05-27,49,354,71045,Bouhans,66.0
2024-03-25---2024-05-27_cluster_354,2024,2024-03-25,2024-05-27,49,354,71155,Cronat,33.0
2024-03-25---2024-05-27_cluster_354,2024,2024-03-25,2024-05-27,49,354,71162,Curgy,42.0
2024-03-25---2024-05-27_cluster_354,2024,2024-03-25,2024-05-27,49,354,71244,Jouvençon,21.0
2024-03-25---2024-05-27_cluster_354,2024,2024-03-25,2024-05-27,49,354,71255,Lesme,10.0
2024-03-25---2024-05-27_cluster_354,2024,2024-03-25,2024-05-27,49,354,71311,Montcony,14.0
2024-03-25---2024-05-27_cluster_354,2024,2024-03-25,2024-05-27,49,354,71315,Mont-lès-Seurre,33.0
2024-03-25---2024-05-27_cluster_354,2024,2024-03-25,2024-05-27,49,354,71423,Saint-Gervais-en-Vallière,35.0
2024-03-25---2024-05-27_cluster_354,2024,2024-03-25,2024-05-27,49,354,72111,Cures,191.0
2024-03-25---2024-05-27_cluster_354,2024,2024-03-25,2024-05-27,49,354,72367,Vallon-sur-Gée,64.0
2024-03-25---2024-05-27_cluster_354,2024,2024-03-25,2024-05-27,49,354,77319,Mortery,143.0
2024-03-25---2024-05-27_cluster_354,2024,2024-03-25,2024-05-27,49,354,77522,Villiers-sur-Seine,28.0
2024-03-25---2024-05-27_cluster_354,2024,2024-03-25,2024-05-27,49,354,81120,Labruguière,59.0
2024-03-25---2024-05-27_cluster_354,2024,2024-03-25,2024-05-27,49,354,81139,Lautrec,80.0
2024-03-25---2024-05-27_cluster_354,2024,2024-03-25,2024-05-27,49,354,81200,Palleville,13.0
2024-03-25---2024-05-27_cluster_354,2024,2024-03-25,2024-05-27,49,354,81289,Soual,21.0
2024-03-25---2024-05-27_cluster_354,2024,2024-03-25,2024-05-27,49,354,82080,Labastide-du-Temple,20.0
2024-03-25---2024-05-27_cluster_354,2024,2024-03-25,2024-05-27,49,354,82144,Puycornet,64.0
2024-03-25---2024-05-27_cluster_354,2024,2024-03-25,2024-05-27,49,354,89081,La Chapelle-Vaupelteigne,27.0
2024-03-25---2024-05-27_cluster_354,2024,2024-03-25,2024-05-27,49,354,89280,Nuits,28.0
2024-03-25---2024-05-27_cluster_354,2024,2024-03-25,2024-05-27,49,354,89470,Villiers-les-Hauts,10.0
2024-05-06---2024-07-22_cluster_363,2024,2024-05-06,2024-07-22,63,363,33042,Belin-Béliet,10.0
2024-05-13---2024-05-20_cluster_70,2024,2024-05-13,2024-05-20,7,70,18182,Poisieux,313.0
2024-05-13---2024-05-20_cluster_70,2024,2024-05-13,2024-05-20,7,70,37161,Mosnes,40.0
2024-05-13---2024-05-20_cluster_70,2024,2024-05-13,2024-05-20,7,70,41035,Champigny-en-Beauce,10.0
2024-05-13---2024-05-20_cluster_70,2024,2024-05-13,2024-05-20,7,70,41057,Conan,24.0
2024-05-13---2024-05-20_cluster_70,2024,2024-05-13,2024-05-20,7,70,41058,Concriers,10.0
2024-05-13---2024-05-20_cluster_70,2024,2024-05-13,2024-05-20,7,70,41072,Crucheray,10.0
2024-05-13---2024-05-20_cluster_70,2024,2024-05-13,2024-05-20,7,70,41105,Josnes,10.0
2024-05-13---2024-05-20_cluster_70,2024,2024-05-13,2024-05-20,7,70,41121,La Madeleine-Villefrouin,10.0
2024-05-13---2024-05-20_cluster_70,2024,2024-05-13,2024-05-20,7,70,41128,Marolles,185.0
2024-05-13---2024-05-20_cluster_70,2024,2024-05-13,2024-05-20,7,70,41130,Maves,57.0
2024-05-13---2024-05-20_cluster_70,2024,2024-05-13,2024-05-20,7,70,41191,Roches,10.0
2024-05-13---2024-05-20_cluster_70,2024,2024-05-13,2024-05-20,7,70,41253,Talcy,10.0
2024-05-13---2024-05-20_cluster_70,2024,2024-05-13,2024-05-20,7,70,41290,Villeromain,10.0
2024-05-13---2024-05-20_cluster_70,2024,2024-05-13,2024-05-20,7,70,41292,Villexanton,83.0
2024-05-13---2024-05-20_cluster_70,2024,2024-05-13,2024-05-20,7,70,45116,Cravant,10.0
2024-05-13---2024-05-20_cluster_70,2024,2024-05-13,2024-05-20,7,70,45202,Messas,37.0
2024-05-13---2024-05-20_cluster_70,2024,2024-05-13,2024-05-20,7,70,45344,Villorceau,10.0
2024-05-13---2024-07-01_cluster_364,2024,2024-05-13,2024-07-01,49,364,13078,Port-Saint-Louis-du-Rhône,13.0
2024-05-13---2024-07-01_cluster_364,2024,2024-05-13,2024-07-01,49,364,54210,Fréménil,20.0
2024-05-13---2024-07-01_cluster_364,2024,2024-05-13,2024-07-01,49,364,54445,Raville-sur-Sânon,77.0
2024-05-13---2024-07-01_cluster_364,2024,2024-05-13,2024-07-01,49,364,67220,Ingenheim,28.0
2024-05-13---2024-07-01_cluster_364,2024,2024-05-13,2024-07-01,49,364,67516,Waltenheim-sur-Zorn,41.0
2024-05-20---2024-05-27_cluster_72,2024,2024-05-20,2024-05-27,7,72,10093,Chaumesnil,10.0
2024-05-20---2024-05-27_cluster_72,2024,2024-05-20,2024-05-27,7,72,10239,Mesnil-Sellières,10.0
2024-05-20---2024-05-27_cluster_72,2024,2024-05-20,2024-05-27,7,72,21488,Poinçon-lès-Larrey,10.0
2024-05-27---2024-06-03_cluster_78,2024,2024-05-27,2024-06-03,7,78,17128,Courcoury,173.0
2024-05-27---2024-06-03_cluster_80,2024,2024-05-27,2024-06-03,7,80,45018,Auxy,86.0
2024-07-01---2024-07-08_cluster_118,2024,2024-07-01,2024-07-08,7,118,52008,Andelot-Blancheville,10.0
2024-07-01---2024-07-08_cluster_118,2024,2024-07-01,2024-07-08,7,118,55080,Brixey-aux-Chanoines,16.0
2024-09-23---2024-11-11_cluster_367,2024,2024-09-23,2024-11-11,35,367,01323,Reyssouze,20.0
2024-09-23---2024-11-11_cluster_367,2024,2024-09-23,2024-11-11,35,367,02040,Autreppes,10.0
2024-09-23---2024-11-11_cluster_367,2024,2024-09-23,2024-11-11,35,367,02624,Proisy,61.0
2024-09-23---2024-11-11_cluster_367,2024,2024-09-23,2024-11-11,35,367,08070,Blanzy-la-Salonnaise,10.0
2024-09-23---2024-11-11_cluster_367,2024,2024-09-23,2024-11-11,35,367,08082,Brécy-Brières,16.0
2024-09-23---2024-11-11_cluster_367,2024,2024-09-23,2024-11-11,35,367,08115,Chémery-Chéhéry,39.0
2024-09-23---2024-11-11_cluster_367,2024,2024-09-23,2024-11-11,35,367,08168,La Ferté-sur-Chiers,50.0
2024-09-23---2024-11-11_cluster_367,2024,2024-09-23,2024-11-11,35,367,08464,Vaux-lès-Mouron,55.0
2024-09-23---2024-11-11_cluster_367,2024,2024-09-23,2024-11-11,35,367,08485,Villy,30.0
2024-09-23---2024-11-11_cluster_367,2024,2024-09-23,2024-11-11,35,367,21172,Chivres,55.0
2024-09-23---2024-11-11_cluster_367,2024,2024-09-23,2024-11-11,35,367,21301,Glanon,64.0
2024-09-23---2024-11-11_cluster_367,2024,2024-09-23,2024-11-11,35,367,21337,Lamarche-sur-Saône,36.0
2024-09-23---2024-11-11_cluster_367,2024,2024-09-23,2024-11-11,35,367,25186,Cussey-sur-l'Ognon,11.0
2024-09-23---2024-11-11_cluster_367,2024,2024-09-23,2024-11-11,35,367,39402,Pagney,10.0
2024-09-23---2024-11-11_cluster_367,2024,2024-09-23,2024-11-11,35,367,39528,Thervay,31.0
2024-09-23---2024-11-11_cluster_367,2024,2024-09-23,2024-11-11,35,367,39581,Vitreux,31.0
2024-09-23---2024-11-11_cluster_367,2024,2024-09-23,2024-11-11,35,367,51143,Le Chemin,49.0
2024-09-23---2024-11-11_cluster_367,2024,2024-09-23,2024-11-11,35,367,51533,Servon-Melzicourt,42.0
2024-09-23---2024-11-11_cluster_367,2024,2024-09-23,2024-11-11,35,367,55552,Vigneul-sous-Montmédy,10.0
2024-09-23---2024-11-11_cluster_367,2024,2024-09-23,2024-11-11,35,367,70018,Ancier,39.0
2024-09-23---2024-11-11_cluster_367,2024,2024-09-23,2024-11-11,35,367,70167,Conflandey,54.0
2024-09-23---2024-11-11_cluster_367,2024,2024-09-23,2024-11-11,35,367,70427,Purgerot,10.0
2024-09-23---2024-11-11_cluster_367,2024,2024-09-23,2024-11-11,35,367,70461,Saint-Broing,10.0
2024-09-23---2024-11-11_cluster_367,2024,2024-09-23,2024-11-11,35,367,70524,Vauchoux,32.0
2024-09-23---2024-11-11_cluster_367,2024,2024-09-23,2024-11-11,35,367,70528,Velesmes-Échevanne,27.0
2024-09-23---2024-11-11_cluster_367,2024,2024-09-23,2024-11-11,35,367,70529,Velet,39.0
2024-09-23---2024-11-11_cluster_367,2024,2024-09-23,2024-11-11,35,367,71045,Bouhans,92.0
2024-09-23---2024-11-11_cluster_367,2024,2024-09-23,2024-11-11,35,367,71092,La Chapelle-Naude,53.0
2024-09-23---2024-11-11_cluster_367,2024,2024-09-23,2024-11-11,35,367,71101,Charette-Varennes,51.0
2024-09-23---2024-11-11_cluster_367,2024,2024-09-23,2024-11-11,35,367,71219,Gigny-sur-Saône,39.0
2024-09-23---2024-11-11_cluster_367,2024,2024-09-23,2024-11-11,35,367,71244,Jouvençon,44.0
2024-09-23---2024-11-11_cluster_367,2024,2024-09-23,2024-11-11,35,367,71293,Ménetreuil,39.0
2024-09-23---2024-11-11_cluster_367,2024,2024-09-23,2024-11-11,35,367,71311,Montcony,44.0
2024-09-23---2024-11-11_cluster_367,2024,2024-09-23,2024-11-11,35,367,71315,Mont-lès-Seurre,35.0
2024-09-23---2024-11-11_cluster_367,2024,2024-09-23,2024-11-11,35,367,71352,Le Planois,33.0
2024-09-23---2024-11-11_cluster_367,2024,2024-09-23,2024-11-11,35,367,71365,Rancy,168.0
2024-09-23---2024-11-11_cluster_367,2024,2024-09-23,2024-11-11,35,367,77125,Condé-Sainte-Libiaire,20.0
2024-10-07---2024-10-28_cluster_225,2024,2024-10-07,2024-10-28,21,225,64123,Bidache,62.0
2024-11-18---2024-12-02_cluster_283,2024,2024-11-18,2024-12-02,14,283,52074,Breuvannes-en-Bassigny,19.0
2024-11-18---2024-12-02_cluster_283,2024,2024-11-18,2024-12-02,14,283,52388,Pierremont-sur-Amance,49.0
2024-11-18---2024-12-02_cluster_283,2024,2024-11-18,2024-12-02,14,283,54511,Sponville,20.0
2024-11-18---2024-12-02_cluster_283,2024,2024-11-18,2024-12-02,14,283,57070,Bettange,20.0
2024-11-18---2024-12-02_cluster_283,2024,2024-11-18,2024-12-02,14,283,57187,Éblange,24.0
2024-11-18---2024-12-02_cluster_283,2024,2024-11-18,2024-12-02,14,283,57252,Gomelange,29.0
2024-11-18---2024-12-02_cluster_283,2024,2024-11-18,2024-12-02,14,283,88003,Aingeville,31.0
2024-11-18---2024-12-02_cluster_283,2024,2024-11-18,2024-12-02,14,283,88031,Balléville,11.0
2024-11-18---2024-12-02_cluster_283,2024,2024-11-18,2024-12-02,14,283,88226,Hagécourt,72.0
2024-11-18---2024-12-02_cluster_283,2024,2024-11-18,2024-12-02,14,283,88312,Morelmaison,28.0
2024-11-18---2024-12-16_cluster_280,2024,2024-11-18,2024-12-16,28,280,14168,Colombières,10.0
2024-11-18---2024-12-16_cluster_280,2024,2024-11-18,2024-12-16,28,280,14335,Hotot-en-Auge,64.0
2024-11-18---2024-12-16_cluster_280,2024,2024-11-18,2024-12-16,28,280,49129,Écouflant,70.0
2024-11-18---2024-12-16_cluster_280,2024,2024-11-18,2024-12-16,28,280,50004,Airel,61.0
2024-11-18---2024-12-16_cluster_280,2024,2024-11-18,2024-12-16,28,280,50016,Appeville,79.0
2024-11-18---2024-12-16_cluster_280,2024,2024-11-18,2024-12-16,28,280,50023,Auvers,49.0
2024-11-18---2024-12-16_cluster_280,2024,2024-11-18,2024-12-16,28,280,50052,Beuzeville-la-Bastille,67.0
2024-11-18---2024-12-16_cluster_280,2024,2024-11-18,2024-12-16,28,280,50099,Carentan-les-Marais,19.0
2024-11-18---2024-12-16_cluster_280,2024,2024-11-18,2024-12-16,28,280,50216,Graignes-Mesnil-Angot,10.0
2024-11-18---2024-12-16_cluster_280,2024,2024-11-18,2024-12-16,28,280,50269,Liesville-sur-Douve,129.0
2024-11-18---2024-12-16_cluster_280,2024,2024-11-18,2024-12-16,28,280,50298,Méautis,33.0
2024-11-18---2024-12-16_cluster_280,2024,2024-11-18,2024-12-16,28,280,50431,Remilly Les Marais,32.0
2024-11-18---2024-12-16_cluster_280,2024,2024-11-18,2024-12-16,28,280,50468,Saint-Fromond,31.0
2024-11-18---2024-12-16_cluster_280,2024,2024-11-18,2024-12-16,28,280,50551,Saint-Sauveur-le-Vicomte,25.0
2024-11-18---2024-12-16_cluster_280,2024,2024-11-18,2024-12-16,28,280,50606,Tribehou,30.0
2024-11-18---2024-12-16_cluster_280,2024,2024-11-18,2024-12-16,28,280,50617,Varenguebec,38.0
2024-11-18---2024-12-16_cluster_280,2024,2024-11-18,2024-12-16,28,280,61049,Boissei-la-Lande,29.0
2024-11-18---2024-12-16_cluster_280,2024,2024-11-18,2024-12-16,28,280,61256,Médavy,36.0
2024-11-18---2024-12-16_cluster_280,2024,2024-11-18,2024-12-16,28,280,76613,Saint-Martin-aux-Buneaux,10.0
2024-11-18---2024-12-16_cluster_280,2024,2024-11-18,2024-12-16,28,280,76651,Saint-Sylvain,10.0
2024-11-18---2024-12-16_cluster_280,2024,2024-11-18,2024-12-16,28,280,76736,Veulettes-sur-Mer,10.0
2024-12-02---2025-01-06_cluster_296,2024,2024-12-02,2025-01-06,28,296,08464,Vaux-lès-Mouron,26.0
2024-12-02---2025-01-06_cluster_296,2024,2024-12-02,2025-01-06,28,296,10299,Pouan-les-Vallées,15.0
2024-12-02---2025-01-06_cluster_296,2024,2024-12-02,2025-01-06,28,296,10315,Rances,24.0
2024-12-02---2025-01-06_cluster_296,2024,2024-12-02,2025-01-06,28,296,51018,Athis,29.0
2024-12-02---2025-01-06_cluster_296,2024,2024-12-02,2025-01-06,28,296,51184,Courdemanges,24.0
2024-12-02---2025-01-06_cluster_296,2024,2024-12-02,2025-01-06,28,296,51303,Jâlons,29.0
2024-12-02---2025-01-06_cluster_296,2024,2024-12-02,2025-01-06,28,296,51357,Matougues,12.0
2024-12-02---2025-01-06_cluster_296,2024,2024-12-02,2025-01-06,28,296,51446,Pringy,35.0
2024-12-02---2025-01-06_cluster_296,2024,2024-12-02,2025-01-06,28,296,51533,Servon-Melzicourt,41.0
2024-12-02---2025-01-06_cluster_296,2024,2024-12-02,2025-01-06,28,296,51552,Songy,10.0
2024-12-02---2025-01-06_cluster_296,2024,2024-12-02,2025-01-06,28,296,51648,Vitry-la-Ville,17.0
2024-12-02---2025-01-06_cluster_296,2024,2024-12-02,2025-01-06,28,296,52074,Breuvannes-en-Bassigny,48.0
2024-12-02---2025-01-06_cluster_296,2024,2024-12-02,2025-01-06,28,296,52388,Pierremont-sur-Amance,49.0
2024-12-02---2025-01-06_cluster_296,2024,2024-12-02,2025-01-06,28,296,52512,Vecqueville,16.0
2024-12-02---2025-01-06_cluster_296,2024,2024-12-02,2025-01-06,28,296,54001,Abaucourt,24.0
2024-12-02---2025-01-06_cluster_296,2024,2024-12-02,2025-01-06,28,296,54021,Armaucourt,32.0
2024-12-02---2025-01-06_cluster_296,2024,2024-12-02,2025-01-06,28,296,54032,Autrey,20.0
2024-12-02---2025-01-06_cluster_296,2024,2024-12-02,2025-01-06,28,296,54070,Bey-sur-Seille,25.0
2024-12-02---2025-01-06_cluster_296,2024,2024-12-02,2025-01-06,28,296,54313,Létricourt,27.0
2024-12-02---2025-01-06_cluster_296,2024,2024-12-02,2025-01-06,28,296,55095,Cesse,18.0
2024-12-02---2025-01-06_cluster_296,2024,2024-12-02,2025-01-06,28,296,55345,Mont-devant-Sassey,10.0
2024-12-02---2025-01-06_cluster_296,2024,2024-12-02,2025-01-06,28,296,55347,Les Monthairons,11.0
2024-12-02---2025-01-06_cluster_296,2024,2024-12-02,2025-01-06,28,296,55401,Les Paroches,47.0
2024-12-02---2025-01-06_cluster_296,2024,2024-12-02,2025-01-06,28,296,55433,Rigny-la-Salle,227.0
2024-12-02---2025-01-06_cluster_296,2024,2024-12-02,2025-01-06,28,296,55444,Rouvrois-sur-Meuse,18.0
2024-12-02---2025-01-06_cluster_296,2024,2024-12-02,2025-01-06,28,296,55503,Taillancourt,11.0
2024-12-02---2025-01-06_cluster_296,2024,2024-12-02,2025-01-06,28,296,57002,Aboncourt-sur-Seille,46.0
2024-12-02---2025-01-06_cluster_296,2024,2024-12-02,2025-01-06,28,296,57040,Aulnois-sur-Seille,40.0
2024-12-02---2025-01-06_cluster_296,2024,2024-12-02,2025-01-06,28,296,57308,Hazembourg,36.0
2024-12-02---2025-01-06_cluster_296,2024,2024-12-02,2025-01-06,28,296,57346,Insming,55.0
2024-12-02---2025-01-06_cluster_296,2024,2024-12-02,2025-01-06,28,296,57656,Sorbey,21.0
2024-12-02---2025-01-06_cluster_296,2024,2024-12-02,2025-01-06,28,296,67199,Hinsingen,25.0
2024-12-02---2025-01-06_cluster_296,2024,2024-12-02,2025-01-06,28,296,70022,Angirey,30.0
2024-12-02---2025-01-06_cluster_296,2024,2024-12-02,2025-01-06,28,296,70086,Bourbévelle,10.0
2024-12-02---2025-01-06_cluster_296,2024,2024-12-02,2025-01-06,28,296,71045,Bouhans,62.0
2024-12-02---2025-01-06_cluster_296,2024,2024-12-02,2025-01-06,28,296,88031,Balléville,32.0
2024-12-02---2025-01-06_cluster_296,2024,2024-12-02,2025-01-06,28,296,88171,Fignévelle,27.0
2024-12-02---2025-01-06_cluster_296,2024,2024-12-02,2025-01-06,28,296,88226,Hagécourt,47.0
2024-12-02---2025-01-06_cluster_296,2024,2024-12-02,2025-01-06,28,296,88246,Hymont,46.0
2024-12-02---2025-01-06_cluster_296,2024,2024-12-02,2025-01-06,28,296,88312,Morelmaison,47.0
