event_id,year,start_date,end_date,duration_days,cluster_id,n_tiles,event_path,n_communes,communes,n_candidates_tested,n_overlap_skipped
2014-12-29---2015-01-12_cluster_None,2015,2014-12-29,2015-01-12,14,,2,D:\M2_MoSEF\Acclim\DataCollection\data\JRC_flood_depth_maps\2015_filtered\WD_MERGE_2014-12-29---2015-01-12_duration_14_days_cluster_001_A0_000026_A_000033_lat_03933_lon_-0393_size_0056.tif,0,,234,597
2014-12-29---2015-02-09_cluster_None,2015,2014-12-29,2015-02-09,35,,1,D:\M2_MoSEF\Acclim\DataCollection\data\JRC_flood_depth_maps\2015_filtered\WD_MERGE_2014-12-29---2015-02-09_duration_35_days_cluster_333_A0_000634_A_000739_lat_04463_lon_02251_size_0382.tif,0,,0,0
2015-01-05---2015-01-12_cluster_None,2015,2015-01-05,2015-01-12,7,,4,D:\M2_MoSEF\Acclim\DataCollection\data\JRC_flood_depth_maps\2015_filtered\WD_MERGE_2015-01-05---2015-01-12_duration_7_days_cluster_009_A0_000036_A_000038_lat_03701_lon_-0629_size_0009.tif,0,,2497,1614
2015-01-12---2015-01-26_cluster_None,2015,2015-01-12,2015-01-26,14,,1,D:\M2_MoSEF\Acclim\DataCollection\data\JRC_flood_depth_maps\2015_filtered\WD_MERGE_2015-01-12---2015-01-26_duration_14_days_cluster_015_A0_000006_A_000009_lat_04879_lon_00478_size_0056.tif,2,Bouquemont; Rouvrois-sur-Meuse,7498,2028
2015-01-12---2015-02-23_cluster_None,2015,2015-01-12,2015-02-23,35,,1,D:\M2_MoSEF\Acclim\DataCollection\data\JRC_flood_depth_maps\2015_filtered\WD_MERGE_2015-01-12---2015-02-23_duration_35_days_cluster_016_A0_000229_A_000294_lat_05413_lon_01326_size_0370.tif,5,Pouan-les-Vallées; Rances; Saint-Martin-aux-Champs; Servon-Melzicourt; Verrières,8878,5571
2015-01-19---2015-02-09_cluster_None,2015,2015-01-19,2015-02-09,21,,1,D:\M2_MoSEF\Acclim\DataCollection\data\JRC_flood_depth_maps\2015_filtered\WD_MERGE_2015-01-19---2015-02-09_duration_21_days_cluster_020_A0_000048_A_000064_lat_04674_lon_00155_size_0230.tif,16,Brixey-aux-Chanoines; Champdolent; Gevigney-et-Mercey; La Riche; Le Gua; Maxey-sur-Vaise; Rosières-sur-Mance; Saujon; Sepvigny; Seveux-Motey; Thizay; Turquant; Vaucouleurs; Vellexon-Queutrey-et-Vaudey; Verneuil-sur-Indre; Étaules,9893,6310
2015-02-02---2015-02-09_cluster_None,2015,2015-02-02,2015-02-09,7,,7,D:\M2_MoSEF\Acclim\DataCollection\data\JRC_flood_depth_maps\2015_filtered\WD_MERGE_2015-02-02---2015-02-09_duration_7_days_cluster_022_A0_000005_A_000007_lat_04058_lon_-0863_size_0023.tif,10,Belin-Béliet; Bidache; Candresse; Dax; Onard; Orist; Pey; Saint-Jean-de-Lier; Tercis-les-Bains; Yzosse,815,813
2015-02-02---2015-04-06_cluster_None,2015,2015-02-02,2015-04-06,49,,1,D:\M2_MoSEF\Acclim\DataCollection\data\JRC_flood_depth_maps\2015_filtered\WD_MERGE_2015-02-02---2015-04-06_duration_49_days_cluster_335_A0_000295_A_000376_lat_04622_lon_01862_size_0165.tif,0,,0,0
2015-02-09---2015-02-16_cluster_None,2015,2015-02-09,2015-02-16,7,,1,D:\M2_MoSEF\Acclim\DataCollection\data\JRC_flood_depth_maps\2015_filtered\WD_MERGE_2015-02-09---2015-02-16_duration_7_days_cluster_031_A0_000014_A_000015_lat_04459_lon_01196_size_0015.tif,0,,0,0
2015-02-09---2015-03-09_cluster_None,2015,2015-02-09,2015-03-09,21,,1,D:\M2_MoSEF\Acclim\DataCollection\data\JRC_flood_depth_maps\2015_filtered\WD_MERGE_2015-02-09---2015-03-09_duration_21_days_cluster_030_A0_000136_A_000201_lat_04219_lon_-0233_size_0175.tif,13,Bidache; Candresse; Dax; Onard; Orist; Pey; Poyanne; Saint-Jean-de-Lier; Saint-Étienne-d'Orthe; Siest; Tercis-les-Bains; Vicq-d'Auribat; Yzosse,5529,2041
2015-02-09---2015-03-23_cluster_None,2015,2015-02-09,2015-03-23,35,,1,D:\M2_MoSEF\Acclim\DataCollection\data\JRC_flood_depth_maps\2015_filtered\WD_MERGE_2015-02-09---2015-03-23_duration_35_days_cluster_336_A0_000270_A_000356_lat_05892_lon_02442_size_0321.tif,0,,0,0
2015-02-16---2015-03-02_cluster_None,2015,2015-02-16,2015-03-02,14,,1,D:\M2_MoSEF\Acclim\DataCollection\data\JRC_flood_depth_maps\2015_filtered\WD_MERGE_2015-02-16---2015-03-02_duration_14_days_cluster_037_A0_000009_A_000016_lat_03750_lon_01405_size_0064.tif,0,,0,0
2015-02-16---2015-03-09_cluster_None,2015,2015-02-16,2015-03-09,14,,2,D:\M2_MoSEF\Acclim\DataCollection\data\JRC_flood_depth_maps\2015_filtered\WD_MERGE_2015-02-16---2015-03-09_duration_14_days_cluster_035_A0_000067_A_000086_lat_04928_lon_00023_size_0118.tif,17,Amigny-Rouy; Appeville; Auvers; Beuzeville-la-Bastille; Brétigny; Carentan-les-Marais; Cormicy; Deuillet; Liesville-sur-Douve; Saint-Brice; Saint-Fromond; Servais; Servon-Melzicourt; Sinceny; Tribehou; Vandy; Varenguebec,12024,6373
2015-03-02---2015-03-09_cluster_None,2015,2015-03-02,2015-03-09,7,,4,D:\M2_MoSEF\Acclim\DataCollection\data\JRC_flood_depth_maps\2015_filtered\WD_MERGE_2015-03-02---2015-03-09_duration_7_days_cluster_045_A0_000027_A_000028_lat_03707_lon_00982_size_0016.tif,0,,0,0
2015-03-09---2015-03-23_cluster_None,2015,2015-03-09,2015-03-23,14,,2,D:\M2_MoSEF\Acclim\DataCollection\data\JRC_flood_depth_maps\2015_filtered\WD_MERGE_2015-03-09---2015-03-23_duration_14_days_cluster_049_A0_000013_A_000015_lat_04378_lon_-0112_size_0017.tif,1,Tercis-les-Bains,815,813
2015-03-09---2015-04-20_cluster_None,2015,2015-03-09,2015-04-20,35,,2,D:\M2_MoSEF\Acclim\DataCollection\data\JRC_flood_depth_maps\2015_filtered\WD_MERGE_2015-03-09---2015-04-20_duration_35_days_cluster_050_A0_000046_A_000060_lat_05272_lon_00271_size_0172.tif,0,,234,597
2015-03-16---2015-03-23_cluster_None,2015,2015-03-16,2015-03-23,7,,5,D:\M2_MoSEF\Acclim\DataCollection\data\JRC_flood_depth_maps\2015_filtered\WD_MERGE_2015-03-16---2015-03-23_duration_7_days_cluster_054_A0_000020_A_000022_lat_03591_lon_-0588_size_0036.tif,0,,5859,3089
2015-03-23---2015-04-13_cluster_None,2015,2015-03-23,2015-04-13,21,,2,D:\M2_MoSEF\Acclim\DataCollection\data\JRC_flood_depth_maps\2015_filtered\WD_MERGE_2015-03-23---2015-04-13_duration_21_days_cluster_064_A0_000084_A_000094_lat_03941_lon_04891_size_0021.tif,0,,0,0
2015-03-30---2015-04-20_cluster_None,2015,2015-03-30,2015-04-20,21,,2,D:\M2_MoSEF\Acclim\DataCollection\data\JRC_flood_depth_maps\2015_filtered\WD_MERGE_2015-03-30---2015-04-20_duration_21_days_cluster_066_A0_000010_A_000016_lat_05330_lon_-0812_size_0015.tif,0,,5859,3089
2015-04-27---2015-05-11_cluster_None,2015,2015-04-27,2015-05-11,14,,3,D:\M2_MoSEF\Acclim\DataCollection\data\JRC_flood_depth_maps\2015_filtered\WD_MERGE_2015-04-27---2015-05-11_duration_14_days_cluster_092_A0_000022_A_000031_lat_04846_lon_-0194_size_0116.tif,7,Créances; Gigny-sur-Saône; Glanon; Marnay; Mont-lès-Seurre; Saunières; Tilleul-Dame-Agnès,12882,7391
2015-04-27---2015-06-08_cluster_None,2015,2015-04-27,2015-06-08,35,,1,D:\M2_MoSEF\Acclim\DataCollection\data\JRC_flood_depth_maps\2015_filtered\WD_MERGE_2015-04-27---2015-06-08_duration_35_days_cluster_091_A0_000792_A_000893_lat_03855_lon_-0501_size_0313.tif,0,,815,3039
2015-05-04---2015-05-18_cluster_None,2015,2015-05-04,2015-05-18,14,,2,D:\M2_MoSEF\Acclim\DataCollection\data\JRC_flood_depth_maps\2015_filtered\WD_MERGE_2015-05-04---2015-05-18_duration_14_days_cluster_097_A0_000017_A_000024_lat_05340_lon_-0792_size_0028.tif,0,,0,0
2015-05-18---2015-05-25_cluster_None,2015,2015-05-18,2015-05-25,7,,2,D:\M2_MoSEF\Acclim\DataCollection\data\JRC_flood_depth_maps\2015_filtered\WD_MERGE_2015-05-18---2015-05-25_duration_7_days_cluster_107_A0_000017_A_000019_lat_04358_lon_00458_size_0014.tif,0,,3599,1154
2015-05-25---2015-06-15_cluster_None,2015,2015-05-25,2015-06-15,21,,1,D:\M2_MoSEF\Acclim\DataCollection\data\JRC_flood_depth_maps\2015_filtered\WD_MERGE_2015-05-25---2015-06-15_duration_21_days_cluster_113_A0_000078_A_000115_lat_04552_lon_01696_size_0049.tif,0,,0,0
2015-06-01---2015-06-08_cluster_None,2015,2015-06-01,2015-06-08,7,,6,D:\M2_MoSEF\Acclim\DataCollection\data\JRC_flood_depth_maps\2015_filtered\WD_MERGE_2015-06-01---2015-06-08_duration_7_days_cluster_119_A0_000002_A_000002_lat_04690_lon_00312_size_0169.tif,2,La Madeleine-Villefrouin; Villorceau,9893,6310
2015-06-22---2015-06-29_cluster_None,2015,2015-06-22,2015-06-29,7,,5,D:\M2_MoSEF\Acclim\DataCollection\data\JRC_flood_depth_maps\2015_filtered\WD_MERGE_2015-06-22---2015-06-29_duration_7_days_cluster_134_A0_000002_A_000003_lat_04147_lon_-0421_size_0174.tif,0,,815,1057
2015-06-29---2015-07-06_cluster_None,2015,2015-06-29,2015-07-06,7,,3,D:\M2_MoSEF\Acclim\DataCollection\data\JRC_flood_depth_maps\2015_filtered\WD_MERGE_2015-06-29---2015-07-06_duration_7_days_cluster_141_A0_000001_A_000001_lat_03618_lon_-0579_size_0005.tif,1,Le Croisic,752,264
2015-06-29---2015-07-20_cluster_None,2015,2015-06-29,2015-07-20,21,,2,D:\M2_MoSEF\Acclim\DataCollection\data\JRC_flood_depth_maps\2015_filtered\WD_MERGE_2015-06-29---2015-07-20_duration_21_days_cluster_144_A0_000014_A_000017_lat_05175_lon_00130_size_0046.tif,0,,234,597
2015-07-06---2015-07-13_cluster_None,2015,2015-07-06,2015-07-13,7,,5,D:\M2_MoSEF\Acclim\DataCollection\data\JRC_flood_depth_maps\2015_filtered\WD_MERGE_2015-07-06---2015-07-13_duration_7_days_cluster_148_A0_000019_A_000038_lat_03706_lon_-0773_size_0017.tif,0,,5859,3089
2015-07-13---2015-07-20_cluster_None,2015,2015-07-13,2015-07-20,7,,2,D:\M2_MoSEF\Acclim\DataCollection\data\JRC_flood_depth_maps\2015_filtered\WD_MERGE_2015-07-13---2015-07-20_duration_7_days_cluster_155_A0_000006_A_000007_lat_04871_lon_-0384_size_0023.tif,0,,752,264
2015-07-20---2015-07-27_cluster_None,2015,2015-07-20,2015-07-27,7,,2,D:\M2_MoSEF\Acclim\DataCollection\data\JRC_flood_depth_maps\2015_filtered\WD_MERGE_2015-07-20---2015-07-27_duration_7_days_cluster_159_A0_000008_A_000010_lat_05082_lon_-0112_size_0009.tif,0,,0,244
2015-07-27---2015-08-03_cluster_None,2015,2015-07-27,2015-08-03,7,,8,D:\M2_MoSEF\Acclim\DataCollection\data\JRC_flood_depth_maps\2015_filtered\WD_MERGE_2015-07-27---2015-08-03_duration_7_days_cluster_164_A0_000001_A_000001_lat_06502_lon_-2179_size_0028.tif,0,,303,846
2015-08-03---2015-08-10_cluster_None,2015,2015-08-03,2015-08-10,7,,4,D:\M2_MoSEF\Acclim\DataCollection\data\JRC_flood_depth_maps\2015_filtered\WD_MERGE_2015-08-03---2015-08-10_duration_7_days_cluster_172_A0_000003_A_000003_lat_03888_lon_-0124_size_0012.tif,0,,0,244
2015-08-10---2015-08-17_cluster_None,2015,2015-08-10,2015-08-17,7,,2,D:\M2_MoSEF\Acclim\DataCollection\data\JRC_flood_depth_maps\2015_filtered\WD_MERGE_2015-08-10---2015-08-17_duration_7_days_cluster_180_A0_000001_A_000001_lat_03479_lon_01124_size_0002.tif,0,,0,0
2015-08-10---2015-08-31_cluster_None,2015,2015-08-10,2015-08-31,21,,1,D:\M2_MoSEF\Acclim\DataCollection\data\JRC_flood_depth_maps\2015_filtered\WD_MERGE_2015-08-10---2015-08-31_duration_21_days_cluster_179_A0_000004_A_000006_lat_05185_lon_00269_size_0103.tif,0,,234,597
2015-08-24---2015-08-31_cluster_None,2015,2015-08-24,2015-08-31,7,,8,D:\M2_MoSEF\Acclim\DataCollection\data\JRC_flood_depth_maps\2015_filtered\WD_MERGE_2015-08-24---2015-08-31_duration_7_days_cluster_189_A0_000003_A_000003_lat_03703_lon_-0624_size_0004.tif,0,,360,9
2015-08-31---2015-09-07_cluster_None,2015,2015-08-31,2015-09-07,7,,3,D:\M2_MoSEF\Acclim\DataCollection\data\JRC_flood_depth_maps\2015_filtered\WD_MERGE_2015-08-31---2015-09-07_duration_7_days_cluster_202_A0_000007_A_000009_lat_04755_lon_-0271_size_0009.tif,1,Billiers,752,264
2015-09-07---2015-09-14_cluster_None,2015,2015-09-07,2015-09-14,7,,5,D:\M2_MoSEF\Acclim\DataCollection\data\JRC_flood_depth_maps\2015_filtered\WD_MERGE_2015-09-07---2015-09-14_duration_7_days_cluster_207_A0_000009_A_000011_lat_04040_lon_-0435_size_0112.tif,0,,0,244
2015-09-14---2015-09-21_cluster_None,2015,2015-09-14,2015-09-21,7,,11,D:\M2_MoSEF\Acclim\DataCollection\data\JRC_flood_depth_maps\2015_filtered\WD_MERGE_2015-09-14---2015-09-21_duration_7_days_cluster_213_A0_000001_A_000001_lat_03690_lon_-0614_size_0016.tif,0,,986,861
2015-09-28---2015-10-12_cluster_None,2015,2015-09-28,2015-10-12,14,,2,D:\M2_MoSEF\Acclim\DataCollection\data\JRC_flood_depth_maps\2015_filtered\WD_MERGE_2015-09-28---2015-10-12_duration_14_days_cluster_226_A0_000004_A_000005_lat_04874_lon_-0367_size_0009.tif,0,,752,264
2015-10-05---2015-10-12_cluster_None,2015,2015-10-05,2015-10-12,7,,3,D:\M2_MoSEF\Acclim\DataCollection\data\JRC_flood_depth_maps\2015_filtered\WD_MERGE_2015-10-05---2015-10-12_duration_7_days_cluster_236_A0_000005_A_000007_lat_05082_lon_-0108_size_0005.tif,0,,0,244
2015-10-12---2015-10-19_cluster_None,2015,2015-10-12,2015-10-19,7,,6,D:\M2_MoSEF\Acclim\DataCollection\data\JRC_flood_depth_maps\2015_filtered\WD_MERGE_2015-10-12---2015-10-19_duration_7_days_cluster_241_A0_000001_A_000001_lat_04609_lon_-0075_size_0051.tif,0,,4100,1715
2015-10-12---2015-10-26_cluster_None,2015,2015-10-12,2015-10-26,14,,1,D:\M2_MoSEF\Acclim\DataCollection\data\JRC_flood_depth_maps\2015_filtered\WD_MERGE_2015-10-12---2015-10-26_duration_14_days_cluster_242_A0_000016_A_000019_lat_05107_lon_-0056_size_0054.tif,0,,234,3817
2015-10-19---2015-10-26_cluster_None,2015,2015-10-19,2015-10-26,7,,2,D:\M2_MoSEF\Acclim\DataCollection\data\JRC_flood_depth_maps\2015_filtered\WD_MERGE_2015-10-19---2015-10-26_duration_7_days_cluster_249_A0_000001_A_000002_lat_04150_lon_01569_size_0015.tif,0,,0,0
2015-10-26---2015-11-02_cluster_None,2015,2015-10-26,2015-11-02,7,,8,D:\M2_MoSEF\Acclim\DataCollection\data\JRC_flood_depth_maps\2015_filtered\WD_MERGE_2015-10-26---2015-11-02_duration_7_days_cluster_252_A0_000001_A_000002_lat_05172_lon_-0493_size_0005.tif,0,,7498,2199
2015-10-26---2015-11-09_cluster_None,2015,2015-10-26,2015-11-09,14,,3,D:\M2_MoSEF\Acclim\DataCollection\data\JRC_flood_depth_maps\2015_filtered\WD_MERGE_2015-10-26---2015-11-09_duration_14_days_cluster_251_A0_000064_A_000071_lat_03743_lon_-0623_size_0035.tif,0,,4100,1715
2015-11-09---2016-01-04_cluster_None,2015,2015-11-09,2016-01-04,56,,1,D:\M2_MoSEF\Acclim\DataCollection\data\JRC_flood_depth_maps\2015_filtered\WD_MERGE_2015-11-09---2016-01-04_duration_56_days_cluster_343_A0_000186_A_000219_lat_05482_lon_00605_size_0290.tif,0,,234,4059
2015-11-16---2015-11-30_cluster_None,2015,2015-11-16,2015-11-30,14,,1,D:\M2_MoSEF\Acclim\DataCollection\data\JRC_flood_depth_maps\2015_filtered\WD_MERGE_2015-11-16---2015-11-30_duration_14_days_cluster_275_A0_000003_A_000004_lat_04833_lon_-0346_size_0055.tif,0,,752,264
2015-11-23---2015-11-30_cluster_None,2015,2015-11-23,2015-11-30,7,,6,D:\M2_MoSEF\Acclim\DataCollection\data\JRC_flood_depth_maps\2015_filtered\WD_MERGE_2015-11-23---2015-11-30_duration_7_days_cluster_284_A0_000006_A_000006_lat_03539_lon_-0599_size_0027.tif,0,,69,249
2015-11-23---2015-12-21_cluster_None,2015,2015-11-23,2015-12-21,28,,1,D:\M2_MoSEF\Acclim\DataCollection\data\JRC_flood_depth_maps\2015_filtered\WD_MERGE_2015-11-23---2015-12-21_duration_28_days_cluster_286_A0_000030_A_000033_lat_03957_lon_-0024_size_0035.tif,1,Labenne,815,1975
2015-11-23---2016-01-04_cluster_None,2015,2015-11-23,2016-01-04,42,,1,D:\M2_MoSEF\Acclim\DataCollection\data\JRC_flood_depth_maps\2015_filtered\WD_MERGE_2015-11-23---2016-01-04_duration_42_days_cluster_344_A0_000799_A_000977_lat_05363_lon_-0629_size_0175.tif,8,Appeville; Carentan-les-Marais; Graignes-Mesnil-Angot; Liesville-sur-Douve; Méautis; Saint-André-de-Bohon; Tribehou; Varenguebec,12226,6171
2015-12-14---2015-12-21_cluster_None,2015,2015-12-14,2015-12-21,7,,10,D:\M2_MoSEF\Acclim\DataCollection\data\JRC_flood_depth_maps\2015_filtered\WD_MERGE_2015-12-14---2015-12-21_duration_7_days_cluster_306_A0_000017_A_000030_lat_04070_lon_-0866_size_0003.tif,2,Liesville-sur-Douve; Varenguebec,3931,1930
2015-12-21---2015-12-28_cluster_None,2015,2015-12-21,2015-12-28,7,,7,D:\M2_MoSEF\Acclim\DataCollection\data\JRC_flood_depth_maps\2015_filtered\WD_MERGE_2015-12-21---2015-12-28_duration_7_days_cluster_318_A0_000001_A_000001_lat_04869_lon_-0377_size_0019.tif,0,,752,264
2015-12-28---2016-01-25_cluster_None,2016,2015-12-28,2016-01-25,21,,2,D:\M2_MoSEF\Acclim\DataCollection\data\JRC_flood_depth_maps\2016_filtered\WD_MERGE_2015-12-28---2016-01-25_duration_21_days_cluster_305_A0_001191_A_001611_lat_06173_lon_02775_size_0426.tif,0,,234,14668
2015-12-28---2016-02-22_cluster_None,2016,2015-12-28,2016-02-22,42,,1,D:\M2_MoSEF\Acclim\DataCollection\data\JRC_flood_depth_maps\2016_filtered\WD_MERGE_2015-12-28---2016-02-22_duration_42_days_cluster_295_A0_001005_A_001282_lat_05056_lon_00078_size_0424.tif,100,Aboncourt-sur-Seille; Airel; Amigny-Rouy; Ancemont; Appeville; Aulnois-sur-Seille; Auvers; Bettange; Bey-sur-Seille; Blacy; Bouquemont; Boutteville; Bouée; Briollay; Brives-sur-Charente; Brixey-aux-Chanoines; Brécy-Brières; Brétigny; Bussac-sur-Charente; Carentan-les-Marais; Chantes; Charny-sur-Meuse; Chauvoncourt; Colombiers; Colombières; Commercy; Courcelles-Chaussy; Courcoury; Couëron; Créances; Deuillet; Dissay-sous-Courcillon; Donges; Duzey; Frossay; Gigny-sur-Saône; Glanon; Graignes-Mesnil-Angot; Hampigny; Hazembourg; Holling; Jallerange; La Ferté-sur-Chiers; Le Chemin; Lechâtelet; Les Gonds; Les Monthairons; Liesville-sur-Douve; Maizeroy; Maizey; Manhoué; Maxey-sur-Vaise; Merpins; Mont-lès-Seurre; Montlebon; Morville-sur-Seille; Méautis; Ougney; Pagney; Pommérieux; Pont-Hébert; Pontoise-lès-Noyon; Port-Saint-Père; Rances; Remilly Les Marais; Rigny-la-Salle; Rouffiac; Rouvrois-sur-Meuse; Saint-André-de-Bohon; Saint-Denis-du-Payré; Saint-Fromond; Saint-Gervais-en-Vallière; Saint-Martin-aux-Champs; Saint-Sever-de-Saintonge; Saint-Viaud; Salignac-sur-Charente; Sanry-sur-Nied; Saunières; Sepvigny; Servais; Servon-Melzicourt; Seurre; Seveux-Motey; Sinceny; Soing-Cubry-Charentenay; Songy; Taillancourt; Thervay; Tribehou; Vandy; Varenguebec; Varesnes; Vecqueville; Velet; Vellexon-Queutrey-et-Vaudey; Verrières; Vitreux; Vitry-la-Ville; Éblange; Écouflant,25470,6106
2016-01-04---2016-01-11_cluster_None,2016,2016-01-04,2016-01-11,7,,6,D:\M2_MoSEF\Acclim\DataCollection\data\JRC_flood_depth_maps\2016_filtered\WD_MERGE_2016-01-04---2016-01-11_duration_7_days_cluster_005_A0_000009_A_000011_lat_04378_lon_-0108_size_0015.tif,0,,815,813
2016-01-04---2016-01-25_cluster_None,2016,2016-01-04,2016-01-25,14,,1,D:\M2_MoSEF\Acclim\DataCollection\data\JRC_flood_depth_maps\2016_filtered\WD_MERGE_2016-01-04---2016-01-25_duration_14_days_cluster_004_A0_000110_A_000161_lat_03957_lon_-0715_size_0183.tif,0,,815,1975
2016-01-11---2016-01-18_cluster_None,2016,2016-01-11,2016-01-18,7,,4,D:\M2_MoSEF\Acclim\DataCollection\data\JRC_flood_depth_maps\2016_filtered\WD_MERGE_2016-01-11---2016-01-18_duration_7_days_cluster_013_A0_000029_A_000036_lat_05261_lon_00685_size_0109.tif,0,,0,0
2016-01-11---2016-02-01_cluster_None,2016,2016-01-11,2016-02-01,21,,1,D:\M2_MoSEF\Acclim\DataCollection\data\JRC_flood_depth_maps\2016_filtered\WD_MERGE_2016-01-11---2016-02-01_duration_21_days_cluster_014_A0_000119_A_000180_lat_04606_lon_01707_size_0089.tif,0,,0,0
2016-01-18---2016-01-25_cluster_None,2016,2016-01-18,2016-01-25,7,,3,D:\M2_MoSEF\Acclim\DataCollection\data\JRC_flood_depth_maps\2016_filtered\WD_MERGE_2016-01-18---2016-01-25_duration_7_days_cluster_018_A0_000005_A_000006_lat_04381_lon_-0108_size_0018.tif,0,,815,813
2016-01-18---2016-02-01_cluster_None,2016,2016-01-18,2016-02-01,14,,3,D:\M2_MoSEF\Acclim\DataCollection\data\JRC_flood_depth_maps\2016_filtered\WD_MERGE_2016-01-18---2016-02-01_duration_14_days_cluster_019_A0_000002_A_000002_lat_04172_lon_00103_size_0010.tif,0,,26,204
2016-01-25---2016-03-14_cluster_None,2016,2016-01-25,2016-03-14,35,,2,D:\M2_MoSEF\Acclim\DataCollection\data\JRC_flood_depth_maps\2016_filtered\WD_MERGE_2016-01-25---2016-03-14_duration_35_days_cluster_297_A0_002776_A_004102_lat_05140_lon_02331_size_0161.tif,9,Bidache; Candresse; Dax; Orist; Pey; Saint-Jean-de-Lier; Tercis-les-Bains; Vicq-d'Auribat; Yzosse,815,8959
2016-02-01---2016-02-08_cluster_None,2016,2016-02-01,2016-02-08,7,,6,D:\M2_MoSEF\Acclim\DataCollection\data\JRC_flood_depth_maps\2016_filtered\WD_MERGE_2016-02-01---2016-02-08_duration_7_days_cluster_029_A0_000010_A_000011_lat_03932_lon_-0037_size_0004.tif,0,,0,0
2016-02-08---2016-03-21_cluster_None,2016,2016-02-08,2016-03-21,42,,1,D:\M2_MoSEF\Acclim\DataCollection\data\JRC_flood_depth_maps\2016_filtered\WD_MERGE_2016-02-08---2016-03-21_duration_42_days_cluster_299_A0_000993_A_001287_lat_04880_lon_00221_size_0343.tif,166,Aire; Airel; Ambly-sur-Meuse; Amigny-Rouy; Ancemont; Ancier; Angles; Appeville; Athis; Aulnay-sur-Marne; Auvers; Bannoncourt; Belleray; Belleville-sur-Meuse; Beuzeville-la-Bastille; Blacy; Bouquemont; Boutteville; Bouée; Bricqueville; Brieulles-sur-Meuse; Briollay; Brives-sur-Charente; Brixey-aux-Chanoines; Brécy-Brières; Brétigny; Bussac-sur-Charente; Carentan-les-Marais; Champdolent; Champneuville; Chantes; Charny-sur-Meuse; Chauvoncourt; Cherville; Chouilly; Colombiers; Colombières; Commercy; Cormicy; Courcoury; Couëron; Dannevoux; Deuillet; Dieue-sur-Meuse; Donges; Dourdain; Duzey; Fagnières; Fontcouverte; Fours; Frossay; Geay; Gigny-sur-Saône; Glanon; Graignes-Mesnil-Angot; Hampigny; Hazembourg; Jallerange; Jouvençon; Jâlons; La Chapelle-aux-Naux; La Ferté-sur-Chiers; La Gripperie-Saint-Symphorien; La Jard; La Neuville-à-Maire; La Plaine-sur-Mer; La Riche; Lacrost; Lapenty; Le Chemin; Le Gua; Le Mung; Lechâtelet; Les Gonds; Les Monthairons; Les Peintures; Les Petites-Armoises; Lesparre-Médoc; Liesville-sur-Douve; Liny-devant-Dun; Luzy-Saint-Martin; Maizey; Mandeville-en-Bessin; Marnay; Marnay-sur-Seine; Marre; Matougues; Maxey-sur-Vaise; Merpins; Mont-devant-Sassey; Mont-lès-Seurre; Mormès; Méautis; Oiry; Ormes; Pagney; Pagny-la-Ville; Parcoul-Chenaud; Picauville; Pont-Hébert; Pont-sur-Seine; Pontoise-lès-Noyon; Port-Saint-Père; Pouan-les-Vallées; Raids; Rances; Regnéville-sur-Meuse; Remilly Les Marais; Remilly-Aillicourt; Rigny-la-Salle; Romegoux; Rosières-sur-Mance; Rouffiac; Rouvrois-sur-Meuse; Saint-André-de-Bohon; Saint-Brice; Saint-Denis-du-Payré; Saint-Estèphe; Saint-Fromond; Saint-Gibrien; Saint-Jean-de-Daye; Saint-Martial-d'Artenset; Saint-Martin-aux-Champs; Saint-Quentin-de-Blavou; Saint-Seine-sur-Vingeanne; Saint-Senier-sous-Avranches; Saint-Sever-de-Saintonge; Saint-Vaize; Saint-Viaud; Salignac-sur-Charente; Sassey-sur-Meuse; Saujon; Sepvigny; Servais; Servon-Melzicourt; Seurre; Seveux-Motey; Sinceny; Soing-Cubry-Charentenay; Songy; Taillancourt; Thervay; Thizay; Tournus; Traves; Tribehou; Turquant; Vandy; Varenguebec; Varennes-le-Grand; Varesnes; Vecqueville; Velet; Vellexon-Queutrey-et-Vaudey; Verneuil-sur-Indre; Verrières; Villers-devant-Mouzon; Villette-sur-Aube; Vitreux; Vitrey-sur-Mance; Vitry-la-Ville; Void-Vacon; Wimille; Woimbey; Écouflant; Étaules,34371,375
2016-02-15---2016-02-22_cluster_None,2016,2016-02-15,2016-02-22,7,,4,D:\M2_MoSEF\Acclim\DataCollection\data\JRC_flood_depth_maps\2016_filtered\WD_MERGE_2016-02-15---2016-02-22_duration_7_days_cluster_042_A0_000001_A_000001_lat_03879_lon_-0029_size_0021.tif,0,,360,9
2016-02-22---2016-04-11_cluster_None,2016,2016-02-22,2016-04-11,42,,1,D:\M2_MoSEF\Acclim\DataCollection\data\JRC_flood_depth_maps\2016_filtered\WD_MERGE_2016-02-22---2016-04-11_duration_42_days_cluster_301_A0_000886_A_001178_lat_04411_lon_02278_size_0441.tif,0,,0,0
2016-02-22---2016-04-18_cluster_None,2016,2016-02-22,2016-04-18,49,,1,D:\M2_MoSEF\Acclim\DataCollection\data\JRC_flood_depth_maps\2016_filtered\WD_MERGE_2016-02-22---2016-04-18_duration_49_days_cluster_300_A0_000346_A_000432_lat_05197_lon_-0062_size_0391.tif,6,Besné; Briollay; Guenrouet; Pierric; Pléboulle; Écouflant,13404,9191
2016-02-22---2016-05-09_cluster_None,2016,2016-02-22,2016-05-09,56,,1,D:\M2_MoSEF\Acclim\DataCollection\data\JRC_flood_depth_maps\2016_filtered\WD_MERGE_2016-02-22---2016-05-09_duration_56_days_cluster_303_A0_000462_A_000551_lat_04865_lon_02759_size_0424.tif,0,,0,1668
2016-03-14---2016-03-21_cluster_None,2016,2016-03-14,2016-03-21,7,,1,D:\M2_MoSEF\Acclim\DataCollection\data\JRC_flood_depth_maps\2016_filtered\WD_MERGE_2016-03-14---2016-03-21_duration_7_days_cluster_054_A0_000004_A_000005_lat_03732_lon_01489_size_0011.tif,0,,0,0
2016-03-28---2016-04-04_cluster_None,2016,2016-03-28,2016-04-04,7,,5,D:\M2_MoSEF\Acclim\DataCollection\data\JRC_flood_depth_maps\2016_filtered\WD_MERGE_2016-03-28---2016-04-04_duration_7_days_cluster_058_A0_000001_A_000001_lat_04232_lon_-0276_size_0023.tif,0,,815,813
2016-04-04---2016-06-27_cluster_None,2016,2016-04-04,2016-06-27,70,,1,D:\M2_MoSEF\Acclim\DataCollection\data\JRC_flood_depth_maps\2016_filtered\WD_MERGE_2016-04-04---2016-06-27_duration_70_days_cluster_065_A0_000429_A_000518_lat_03871_lon_-0682_size_0191.tif,0,,5529,2702
2016-04-11---2016-04-18_cluster_None,2016,2016-04-11,2016-04-18,7,,1,D:\M2_MoSEF\Acclim\DataCollection\data\JRC_flood_depth_maps\2016_filtered\WD_MERGE_2016-04-11---2016-04-18_duration_7_days_cluster_073_A0_000014_A_000016_lat_04363_lon_00454_size_0011.tif,0,,3599,1154
2016-04-18---2016-04-25_cluster_None,2016,2016-04-18,2016-04-25,7,,3,D:\M2_MoSEF\Acclim\DataCollection\data\JRC_flood_depth_maps\2016_filtered\WD_MERGE_2016-04-18---2016-04-25_duration_7_days_cluster_078_A0_000035_A_000067_lat_04542_lon_00719_size_0040.tif,0,,69,249
2016-04-25---2016-05-02_cluster_None,2016,2016-04-25,2016-05-02,7,,4,D:\M2_MoSEF\Acclim\DataCollection\data\JRC_flood_depth_maps\2016_filtered\WD_MERGE_2016-04-25---2016-05-02_duration_7_days_cluster_082_A0_000002_A_000003_lat_05423_lon_-0586_size_0025.tif,0,,0,0
2016-05-02---2016-05-09_cluster_None,2016,2016-05-02,2016-05-09,7,,4,D:\M2_MoSEF\Acclim\DataCollection\data\JRC_flood_depth_maps\2016_filtered\WD_MERGE_2016-05-02---2016-05-09_duration_7_days_cluster_090_A0_000004_A_000005_lat_05342_lon_-0874_size_0034.tif,0,,0,0
2016-05-02---2016-05-30_cluster_None,2016,2016-05-02,2016-05-30,21,,1,D:\M2_MoSEF\Acclim\DataCollection\data\JRC_flood_depth_maps\2016_filtered\WD_MERGE_2016-05-02---2016-05-30_duration_21_days_cluster_091_A0_000056_A_000069_lat_04524_lon_01401_size_0163.tif,0,,0,0
2016-05-02---2016-06-13_cluster_None,2016,2016-05-02,2016-06-13,42,,1,D:\M2_MoSEF\Acclim\DataCollection\data\JRC_flood_depth_maps\2016_filtered\WD_MERGE_2016-05-02---2016-06-13_duration_42_days_cluster_094_A0_000747_A_000867_lat_04103_lon_02688_size_0082.tif,0,,0,0
2016-05-23---2016-05-30_cluster_None,2016,2016-05-23,2016-05-30,7,,2,D:\M2_MoSEF\Acclim\DataCollection\data\JRC_flood_depth_maps\2016_filtered\WD_MERGE_2016-05-23---2016-05-30_duration_7_days_cluster_107_A0_000001_A_000001_lat_04838_lon_-0485_size_0004.tif,0,,752,264
2016-05-30---2016-06-06_cluster_None,2016,2016-05-30,2016-06-06,7,,5,D:\M2_MoSEF\Acclim\DataCollection\data\JRC_flood_depth_maps\2016_filtered\WD_MERGE_2016-05-30---2016-06-06_duration_7_days_cluster_110_A0_000048_A_000077_lat_04747_lon_-0062_size_0013.tif,9,Angers; Briollay; Chaudefonds-sur-Layon; Corzé; Mozé-sur-Louet; Mûrs-Erigné; Rochefort-sur-Loire; Val-du-Layon; Écouflant,3931,1930
2016-05-30---2016-06-13_cluster_None,2016,2016-05-30,2016-06-13,14,,1,D:\M2_MoSEF\Acclim\DataCollection\data\JRC_flood_depth_maps\2016_filtered\WD_MERGE_2016-05-30---2016-06-13_duration_14_days_cluster_111_A0_000021_A_000026_lat_04738_lon_00255_size_0147.tif,11,Chécy; Combleux; Glanon; Jargeau; La Chapelle-aux-Naux; La Riche; Larçay; Saint-Gondon; Sandillon; Thizay; Turquant,9893,6310
2016-06-06---2016-06-13_cluster_None,2016,2016-06-06,2016-06-13,7,,7,D:\M2_MoSEF\Acclim\DataCollection\data\JRC_flood_depth_maps\2016_filtered\WD_MERGE_2016-06-06---2016-06-13_duration_7_days_cluster_117_A0_000001_A_000001_lat_04838_lon_-0488_size_0001.tif,0,,1987,2762
2016-06-06---2016-07-04_cluster_None,2016,2016-06-06,2016-07-04,28,,2,D:\M2_MoSEF\Acclim\DataCollection\data\JRC_flood_depth_maps\2016_filtered\WD_MERGE_2016-06-06---2016-07-04_duration_28_days_cluster_119_A0_000057_A_000076_lat_04651_lon_01983_size_0126.tif,0,,0,0
2016-06-13---2016-06-27_cluster_None,2016,2016-06-13,2016-06-27,14,,3,D:\M2_MoSEF\Acclim\DataCollection\data\JRC_flood_depth_maps\2016_filtered\WD_MERGE_2016-06-13---2016-06-27_duration_14_days_cluster_128_A0_000002_A_000002_lat_04522_lon_01093_size_0008.tif,0,,0,0
2016-06-27---2016-07-04_cluster_None,2016,2016-06-27,2016-07-04,7,,4,D:\M2_MoSEF\Acclim\DataCollection\data\JRC_flood_depth_maps\2016_filtered\WD_MERGE_2016-06-27---2016-07-04_duration_7_days_cluster_137_A0_000007_A_000010_lat_05189_lon_00639_size_0035.tif,0,,0,0
2016-07-18---2016-07-25_cluster_None,2016,2016-07-18,2016-07-25,7,,3,D:\M2_MoSEF\Acclim\DataCollection\data\JRC_flood_depth_maps\2016_filtered\WD_MERGE_2016-07-18---2016-07-25_duration_7_days_cluster_152_A0_000013_A_000026_lat_04070_lon_-0867_size_0003.tif,0,,0,0
2016-07-25---2016-08-01_cluster_None,2016,2016-07-25,2016-08-01,7,,5,D:\M2_MoSEF\Acclim\DataCollection\data\JRC_flood_depth_maps\2016_filtered\WD_MERGE_2016-07-25---2016-08-01_duration_7_days_cluster_157_A0_000001_A_000001_lat_04838_lon_-0491_size_0001.tif,0,,5522,1871
2016-08-08---2016-08-15_cluster_None,2016,2016-08-08,2016-08-15,7,,3,D:\M2_MoSEF\Acclim\DataCollection\data\JRC_flood_depth_maps\2016_filtered\WD_MERGE_2016-08-08---2016-08-15_duration_7_days_cluster_171_A0_000001_A_000002_lat_05161_lon_00414_size_0001.tif,0,,234,597
2016-08-15---2016-08-22_cluster_None,2016,2016-08-15,2016-08-22,7,,5,D:\M2_MoSEF\Acclim\DataCollection\data\JRC_flood_depth_maps\2016_filtered\WD_MERGE_2016-08-15---2016-08-22_duration_7_days_cluster_176_A0_000006_A_000009_lat_04072_lon_-0683_size_0155.tif,0,,0,171
2016-08-29---2016-09-05_cluster_None,2016,2016-08-29,2016-09-05,7,,3,D:\M2_MoSEF\Acclim\DataCollection\data\JRC_flood_depth_maps\2016_filtered\WD_MERGE_2016-08-29---2016-09-05_duration_7_days_cluster_191_A0_000001_A_000001_lat_05169_lon_-0490_size_0003.tif,0,,5859,3260
2016-09-19---2016-09-26_cluster_None,2016,2016-09-19,2016-09-26,7,,7,D:\M2_MoSEF\Acclim\DataCollection\data\JRC_flood_depth_maps\2016_filtered\WD_MERGE_2016-09-19---2016-09-26_duration_7_days_cluster_204_A0_000001_A_000001_lat_03929_lon_-0399_size_0026.tif,0,,752,264
2016-09-26---2016-10-03_cluster_None,2016,2016-09-26,2016-10-03,7,,2,D:\M2_MoSEF\Acclim\DataCollection\data\JRC_flood_depth_maps\2016_filtered\WD_MERGE_2016-09-26---2016-10-03_duration_7_days_cluster_213_A0_000001_A_000002_lat_05171_lon_-0491_size_0004.tif,0,,0,171
2016-10-03---2016-10-24_cluster_None,2016,2016-10-03,2016-10-24,21,,1,D:\M2_MoSEF\Acclim\DataCollection\data\JRC_flood_depth_maps\2016_filtered\WD_MERGE_2016-10-03---2016-10-24_duration_21_days_cluster_219_A0_000014_A_000016_lat_04436_lon_00249_size_0244.tif,0,,18016,5153
2016-10-03---2016-11-14_cluster_None,2016,2016-10-03,2016-11-14,28,,1,D:\M2_MoSEF\Acclim\DataCollection\data\JRC_flood_depth_maps\2016_filtered\WD_MERGE_2016-10-03---2016-11-14_duration_28_days_cluster_218_A0_000101_A_000132_lat_05169_lon_-0305_size_0231.tif,0,,21983,7688
2016-10-17---2016-11-21_cluster_None,2016,2016-10-17,2016-11-21,35,,1,D:\M2_MoSEF\Acclim\DataCollection\data\JRC_flood_depth_maps\2016_filtered\WD_MERGE_2016-10-17---2016-11-21_duration_35_days_cluster_230_A0_000011_A_000015_lat_03602_lon_01051_size_0010.tif,0,,0,0
2016-10-31---2016-11-07_cluster_None,2016,2016-10-31,2016-11-07,7,,7,D:\M2_MoSEF\Acclim\DataCollection\data\JRC_flood_depth_maps\2016_filtered\WD_MERGE_2016-10-31---2016-11-07_duration_7_days_cluster_239_A0_000001_A_000001_lat_03760_lon_-0249_size_0069.tif,0,,234,597
2016-11-07---2016-11-14_cluster_None,2016,2016-11-07,2016-11-14,7,,7,D:\M2_MoSEF\Acclim\DataCollection\data\JRC_flood_depth_maps\2016_filtered\WD_MERGE_2016-11-07---2016-11-14_duration_7_days_cluster_247_A0_000002_A_000002_lat_04134_lon_-0479_size_0022.tif,0,,0,244
2016-11-07---2017-01-02_cluster_None,2016,2016-11-07,2017-01-02,35,,1,D:\M2_MoSEF\Acclim\DataCollection\data\JRC_flood_depth_maps\2016_filtered\WD_MERGE_2016-11-07---2017-01-02_duration_35_days_cluster_315_A0_000625_A_000821_lat_05106_lon_01849_size_0436.tif,0,,20844,13205
2016-11-14---2016-11-21_cluster_None,2016,2016-11-14,2016-11-21,7,,4,D:\M2_MoSEF\Acclim\DataCollection\data\JRC_flood_depth_maps\2016_filtered\WD_MERGE_2016-11-14---2016-11-21_duration_7_days_cluster_256_A0_000009_A_000011_lat_03502_lon_-0612_size_0013.tif,1,Saint-Martin-des-Champs,4852,1980
2016-11-14---2016-12-19_cluster_None,2016,2016-11-14,2016-12-19,35,,1,D:\M2_MoSEF\Acclim\DataCollection\data\JRC_flood_depth_maps\2016_filtered\WD_MERGE_2016-11-14---2016-12-19_duration_35_days_cluster_259_A0_000162_A_000198_lat_05177_lon_-0106_size_0154.tif,3,Beuvrequen; Wimille; Écouflant,12226,6171
2016-11-14---2017-01-02_cluster_None,2016,2016-11-14,2017-01-02,35,,1,D:\M2_MoSEF\Acclim\DataCollection\data\JRC_flood_depth_maps\2016_filtered\WD_MERGE_2016-11-14---2017-01-02_duration_35_days_cluster_316_A0_000138_A_000165_lat_05500_lon_02092_size_0356.tif,0,,0,13516
2016-11-21---2016-11-28_cluster_None,2016,2016-11-21,2016-11-28,7,,3,D:\M2_MoSEF\Acclim\DataCollection\data\JRC_flood_depth_maps\2016_filtered\WD_MERGE_2016-11-21---2016-11-28_duration_7_days_cluster_264_A0_000092_A_000121_lat_04596_lon_00440_size_0115.tif,12,Cronat; Gannay-sur-Loire; La Chapelle-Naude; Lesme; Montaron; Peyrolles-en-Provence; Saint-Gervais-en-Vallière; Sandillon; Sarry; Verneuil; Vinon-sur-Verdon; Vitry-sur-Loire,11787,5558
2016-11-21---2017-01-02_cluster_None,2016,2016-11-21,2017-01-02,35,,1,D:\M2_MoSEF\Acclim\DataCollection\data\JRC_flood_depth_maps\2016_filtered\WD_MERGE_2016-11-21---2017-01-02_duration_35_days_cluster_263_A0_000633_A_000695_lat_03689_lon_-0619_size_0028.tif,0,,0,209
2016-12-05---2016-12-19_cluster_None,2016,2016-12-05,2016-12-19,14,,1,D:\M2_MoSEF\Acclim\DataCollection\data\JRC_flood_depth_maps\2016_filtered\WD_MERGE_2016-12-05---2016-12-19_duration_14_days_cluster_275_A0_000005_A_000006_lat_04512_lon_00294_size_0209.tif,1,Soulac-sur-Mer,18016,5153
2016-12-12---2016-12-19_cluster_None,2016,2016-12-12,2016-12-19,7,,2,D:\M2_MoSEF\Acclim\DataCollection\data\JRC_flood_depth_maps\2016_filtered\WD_MERGE_2016-12-12---2016-12-19_duration_7_days_cluster_277_A0_000006_A_000008_lat_04864_lon_-0339_size_0127.tif,0,,752,265
2016-12-26---2017-01-02_cluster_None,2016,2016-12-26,2017-01-02,7,,9,D:\M2_MoSEF\Acclim\DataCollection\data\JRC_flood_depth_maps\2016_filtered\WD_MERGE_2016-12-26---2017-01-02_duration_7_days_cluster_287_A0_000003_A_000004_lat_04875_lon_-0370_size_0012.tif,1,Veuxhaulles-sur-Aube,19478,10088
2016-12-26---2017-01-23_cluster_None,2017,2016-12-26,2017-01-23,28,,1,D:\M2_MoSEF\Acclim\DataCollection\data\JRC_flood_depth_maps\2017_filtered\WD_MERGE_2016-12-26---2017-01-23_duration_28_days_cluster_341_A0_000718_A_000902_lat_05400_lon_01526_size_0438.tif,5,Appeville; Créances; Liesville-sur-Douve; Tribehou; Wimille,24730,3626
2017-01-02---2017-01-09_cluster_None,2017,2017-01-02,2017-01-09,7,,3,D:\M2_MoSEF\Acclim\DataCollection\data\JRC_flood_depth_maps\2017_filtered\WD_MERGE_2017-01-02---2017-01-09_duration_7_days_cluster_006_A0_000001_A_000001_lat_04742_lon_00031_size_0005.tif,1,Hommes,4100,1715
2017-01-02---2017-03-13_cluster_None,2017,2017-01-02,2017-03-13,70,,1,D:\M2_MoSEF\Acclim\DataCollection\data\JRC_flood_depth_maps\2017_filtered\WD_MERGE_2017-01-02---2017-03-13_duration_70_days_cluster_004_A0_000581_A_000681_lat_03742_lon_-0619_size_0049.tif,0,,815,3039
2017-01-09---2017-01-16_cluster_None,2017,2017-01-09,2017-01-16,7,,6,D:\M2_MoSEF\Acclim\DataCollection\data\JRC_flood_depth_maps\2017_filtered\WD_MERGE_2017-01-09---2017-01-16_duration_7_days_cluster_013_A0_000005_A_000007_lat_04866_lon_-0342_size_0140.tif,0,,752,265
2017-01-16---2017-01-23_cluster_None,2017,2017-01-16,2017-01-23,7,,8,D:\M2_MoSEF\Acclim\DataCollection\data\JRC_flood_depth_maps\2017_filtered\WD_MERGE_2017-01-16---2017-01-23_duration_7_days_cluster_020_A0_000005_A_000005_lat_04365_lon_00494_size_0055.tif,0,,3599,1154
2017-01-23---2017-01-30_cluster_None,2017,2017-01-23,2017-01-30,7,,7,D:\M2_MoSEF\Acclim\DataCollection\data\JRC_flood_depth_maps\2017_filtered\WD_MERGE_2017-01-23---2017-01-30_duration_7_days_cluster_030_A0_000002_A_000003_lat_04168_lon_-0571_size_0025.tif,0,,69,249
2017-01-23---2017-03-27_cluster_None,2017,2017-01-23,2017-03-27,56,,1,D:\M2_MoSEF\Acclim\DataCollection\data\JRC_flood_depth_maps\2017_filtered\WD_MERGE_2017-01-23---2017-03-27_duration_56_days_cluster_342_A0_000261_A_000316_lat_05149_lon_-0337_size_0310.tif,18,Appeville; Auvers; Boutteville; Bucy-Saint-Liphard; Carentan-les-Marais; Champigny; Créances; Graignes-Mesnil-Angot; Gémigny; Liesville-sur-Douve; Magneville; Méautis; Picauville; Pont-Hébert; Saint-André-de-Bohon; Tribehou; Varenguebec; Villemanoche,12226,6171
2017-01-30---2017-02-06_cluster_None,2017,2017-01-30,2017-02-06,7,,2,D:\M2_MoSEF\Acclim\DataCollection\data\JRC_flood_depth_maps\2017_filtered\WD_MERGE_2017-01-30---2017-02-06_duration_7_days_cluster_041_A0_000003_A_000003_lat_04364_lon_00425_size_0004.tif,0,,3599,1154
2017-01-30---2017-03-13_cluster_None,2017,2017-01-30,2017-03-13,28,,1,D:\M2_MoSEF\Acclim\DataCollection\data\JRC_flood_depth_maps\2017_filtered\WD_MERGE_2017-01-30---2017-03-13_duration_28_days_cluster_347_A0_003756_A_005417_lat_05180_lon_02533_size_0132.tif,0,,0,427
2017-02-13---2017-02-20_cluster_None,2017,2017-02-13,2017-02-20,7,,1,D:\M2_MoSEF\Acclim\DataCollection\data\JRC_flood_depth_maps\2017_filtered\WD_MERGE_2017-02-13---2017-02-20_duration_7_days_cluster_048_A0_000014_A_000017_lat_04711_lon_00526_size_0013.tif,2,Tart-le-Bas; Échigey,5859,3089
2017-02-13---2017-04-03_cluster_None,2017,2017-02-13,2017-04-03,35,,1,D:\M2_MoSEF\Acclim\DataCollection\data\JRC_flood_depth_maps\2017_filtered\WD_MERGE_2017-02-13---2017-04-03_duration_35_days_cluster_349_A0_000836_A_001027_lat_05501_lon_02143_size_0494.tif,0,,0,6272
2017-02-20---2017-04-10_cluster_None,2017,2017-02-20,2017-04-10,42,,1,D:\M2_MoSEF\Acclim\DataCollection\data\JRC_flood_depth_maps\2017_filtered\WD_MERGE_2017-02-20---2017-04-10_duration_42_days_cluster_350_A0_000378_A_000500_lat_05217_lon_00437_size_0536.tif,16,Ancemont; Bouquemont; Breuvannes-en-Bassigny; Chalaines; Charny-sur-Meuse; Commercy; Duzey; Fulvy; Hazembourg; La Tranche-sur-Mer; Maxey-sur-Vaise; Rigny-la-Salle; Rouvrois-sur-Meuse; Sepvigny; Versaugues; Void-Vacon,34371,375
2017-03-06---2017-03-13_cluster_None,2017,2017-03-06,2017-03-13,7,,2,D:\M2_MoSEF\Acclim\DataCollection\data\JRC_flood_depth_maps\2017_filtered\WD_MERGE_2017-03-06---2017-03-13_duration_7_days_cluster_060_A0_000009_A_000014_lat_03961_lon_02115_size_0101.tif,0,,0,0
2017-03-06---2017-03-20_cluster_None,2017,2017-03-06,2017-03-20,14,,3,D:\M2_MoSEF\Acclim\DataCollection\data\JRC_flood_depth_maps\2017_filtered\WD_MERGE_2017-03-06---2017-03-20_duration_14_days_cluster_058_A0_000040_A_000055_lat_04834_lon_-0141_size_0114.tif,4,Beuzeville-la-Bastille; Liesville-sur-Douve; Varenguebec; Écouflant,4633,2726
2017-03-20---2017-03-27_cluster_None,2017,2017-03-20,2017-03-27,7,,5,D:\M2_MoSEF\Acclim\DataCollection\data\JRC_flood_depth_maps\2017_filtered\WD_MERGE_2017-03-20---2017-03-27_duration_7_days_cluster_070_A0_000002_A_000002_lat_04052_lon_-0128_size_0002.tif,0,,4770,1607
2017-04-10---2017-04-17_cluster_None,2017,2017-04-10,2017-04-17,7,,5,D:\M2_MoSEF\Acclim\DataCollection\data\JRC_flood_depth_maps\2017_filtered\WD_MERGE_2017-04-10---2017-04-17_duration_7_days_cluster_085_A0_000033_A_000048_lat_04127_lon_-0824_size_0075.tif,0,,0,0
2017-04-17---2017-04-24_cluster_None,2017,2017-04-17,2017-04-24,7,,4,D:\M2_MoSEF\Acclim\DataCollection\data\JRC_flood_depth_maps\2017_filtered\WD_MERGE_2017-04-17---2017-04-24_duration_7_days_cluster_090_A0_000006_A_000007_lat_04306_lon_01216_size_0025.tif,0,,0,0
2017-04-24---2017-05-01_cluster_None,2017,2017-04-24,2017-05-01,7,,5,D:\M2_MoSEF\Acclim\DataCollection\data\JRC_flood_depth_maps\2017_filtered\WD_MERGE_2017-04-24---2017-05-01_duration_7_days_cluster_095_A0_000048_A_000062_lat_04147_lon_-0806_size_0079.tif,0,,0,171
2017-04-24---2017-05-15_cluster_None,2017,2017-04-24,2017-05-15,21,,1,D:\M2_MoSEF\Acclim\DataCollection\data\JRC_flood_depth_maps\2017_filtered\WD_MERGE_2017-04-24---2017-05-15_duration_21_days_cluster_098_A0_000128_A_000144_lat_04437_lon_00721_size_0233.tif,0,,11787,8107
2017-05-01---2017-06-05_cluster_None,2017,2017-05-01,2017-06-05,28,,2,D:\M2_MoSEF\Acclim\DataCollection\data\JRC_flood_depth_maps\2017_filtered\WD_MERGE_2017-05-01---2017-06-05_duration_28_days_cluster_103_A0_000281_A_000314_lat_04010_lon_00002_size_0094.tif,0,,815,3248
2017-05-08---2017-05-15_cluster_None,2017,2017-05-08,2017-05-15,7,,2,D:\M2_MoSEF\Acclim\DataCollection\data\JRC_flood_depth_maps\2017_filtered\WD_MERGE_2017-05-08---2017-05-15_duration_7_days_cluster_109_A0_000001_A_000001_lat_04415_lon_01682_size_0002.tif,0,,0,0
2017-05-22---2017-05-29_cluster_None,2017,2017-05-22,2017-05-29,7,,5,D:\M2_MoSEF\Acclim\DataCollection\data\JRC_flood_depth_maps\2017_filtered\WD_MERGE_2017-05-22---2017-05-29_duration_7_days_cluster_115_A0_000008_A_000010_lat_04860_lon_-0387_size_0033.tif,1,Saint-Martin-des-Champs,752,264
2017-06-05---2017-06-12_cluster_None,2017,2017-06-05,2017-06-12,7,,5,D:\M2_MoSEF\Acclim\DataCollection\data\JRC_flood_depth_maps\2017_filtered\WD_MERGE_2017-06-05---2017-06-12_duration_7_days_cluster_125_A0_000051_A_000060_lat_03927_lon_-0033_size_0004.tif,0,,3678,1819
2017-06-12---2017-06-19_cluster_None,2017,2017-06-12,2017-06-19,7,,4,D:\M2_MoSEF\Acclim\DataCollection\data\JRC_flood_depth_maps\2017_filtered\WD_MERGE_2017-06-12---2017-06-19_duration_7_days_cluster_133_A0_000064_A_000085_lat_03958_lon_-0877_size_0079.tif,0,,2497,1614
2017-06-12---2017-08-28_cluster_None,2017,2017-06-12,2017-08-28,77,,1,D:\M2_MoSEF\Acclim\DataCollection\data\JRC_flood_depth_maps\2017_filtered\WD_MERGE_2017-06-12---2017-08-28_duration_77_days_cluster_361_A0_000179_A_000282_lat_05951_lon_01136_size_0517.tif,0,,1235,9254
2017-06-19---2017-07-03_cluster_None,2017,2017-06-19,2017-07-03,14,,2,D:\M2_MoSEF\Acclim\DataCollection\data\JRC_flood_depth_maps\2017_filtered\WD_MERGE_2017-06-19---2017-07-03_duration_14_days_cluster_139_A0_000050_A_000064_lat_05256_lon_-0376_size_0270.tif,0,,234,8858
2017-06-26---2017-07-03_cluster_None,2017,2017-06-26,2017-07-03,7,,4,D:\M2_MoSEF\Acclim\DataCollection\data\JRC_flood_depth_maps\2017_filtered\WD_MERGE_2017-06-26---2017-07-03_duration_7_days_cluster_142_A0_000001_A_000001_lat_04325_lon_-0325_size_0029.tif,1,Le Croisic,1567,1077
2017-06-26---2017-07-10_cluster_None,2017,2017-06-26,2017-07-10,14,,1,D:\M2_MoSEF\Acclim\DataCollection\data\JRC_flood_depth_maps\2017_filtered\WD_MERGE_2017-06-26---2017-07-10_duration_14_days_cluster_144_A0_000003_A_000004_lat_04486_lon_01189_size_0052.tif,0,,0,0
2017-07-03---2017-07-10_cluster_None,2017,2017-07-03,2017-07-10,7,,6,D:\M2_MoSEF\Acclim\DataCollection\data\JRC_flood_depth_maps\2017_filtered\WD_MERGE_2017-07-03---2017-07-10_duration_7_days_cluster_148_A0_000004_A_000004_lat_03593_lon_-0588_size_0034.tif,0,,0,171
2017-07-10---2017-07-17_cluster_None,2017,2017-07-10,2017-07-17,7,,3,D:\M2_MoSEF\Acclim\DataCollection\data\JRC_flood_depth_maps\2017_filtered\WD_MERGE_2017-07-10---2017-07-17_duration_7_days_cluster_157_A0_000019_A_000037_lat_03703_lon_-0779_size_0011.tif,0,,752,264
2017-07-10---2017-07-31_cluster_None,2017,2017-07-10,2017-07-31,21,,1,D:\M2_MoSEF\Acclim\DataCollection\data\JRC_flood_depth_maps\2017_filtered\WD_MERGE_2017-07-10---2017-07-31_duration_21_days_cluster_160_A0_000009_A_000010_lat_04510_lon_-0029_size_0061.tif,0,,8766,3205
2017-07-24---2017-07-31_cluster_None,2017,2017-07-24,2017-07-31,7,,7,D:\M2_MoSEF\Acclim\DataCollection\data\JRC_flood_depth_maps\2017_filtered\WD_MERGE_2017-07-24---2017-07-31_duration_7_days_cluster_174_A0_000037_A_000065_lat_03916_lon_-0786_size_0199.tif,0,,752,717
2017-08-14---2017-08-21_cluster_None,2017,2017-08-14,2017-08-21,7,,3,D:\M2_MoSEF\Acclim\DataCollection\data\JRC_flood_depth_maps\2017_filtered\WD_MERGE_2017-08-14---2017-08-21_duration_7_days_cluster_195_A0_000033_A_000038_lat_05293_lon_-0391_size_0204.tif,0,,0,244
2017-08-21---2017-08-28_cluster_None,2017,2017-08-21,2017-08-28,7,,7,D:\M2_MoSEF\Acclim\DataCollection\data\JRC_flood_depth_maps\2017_filtered\WD_MERGE_2017-08-21---2017-08-28_duration_7_days_cluster_200_A0_000024_A_000041_lat_04072_lon_-0866_size_0004.tif,0,,752,265
2017-08-28---2017-09-04_cluster_None,2017,2017-08-28,2017-09-04,7,,5,D:\M2_MoSEF\Acclim\DataCollection\data\JRC_flood_depth_maps\2017_filtered\WD_MERGE_2017-08-28---2017-09-04_duration_7_days_cluster_209_A0_000001_A_000001_lat_04469_lon_-0071_size_0006.tif,0,,4100,1959
2017-09-04---2017-09-11_cluster_None,2017,2017-09-04,2017-09-11,7,,4,D:\M2_MoSEF\Acclim\DataCollection\data\JRC_flood_depth_maps\2017_filtered\WD_MERGE_2017-09-04---2017-09-11_duration_7_days_cluster_215_A0_000003_A_000005_lat_04761_lon_-0288_size_0023.tif,0,,752,264
2017-09-11---2017-09-18_cluster_None,2017,2017-09-11,2017-09-18,7,,6,D:\M2_MoSEF\Acclim\DataCollection\data\JRC_flood_depth_maps\2017_filtered\WD_MERGE_2017-09-11---2017-09-18_duration_7_days_cluster_222_A0_000028_A_000032_lat_05293_lon_-0391_size_0204.tif,0,,3599,1398
2017-09-11---2017-09-25_cluster_None,2017,2017-09-11,2017-09-25,14,,2,D:\M2_MoSEF\Acclim\DataCollection\data\JRC_flood_depth_maps\2017_filtered\WD_MERGE_2017-09-11---2017-09-25_duration_14_days_cluster_226_A0_000082_A_000126_lat_04569_lon_01582_size_0073.tif,0,,0,0
2017-09-18---2017-09-25_cluster_None,2017,2017-09-18,2017-09-25,7,,6,D:\M2_MoSEF\Acclim\DataCollection\data\JRC_flood_depth_maps\2017_filtered\WD_MERGE_2017-09-18---2017-09-25_duration_7_days_cluster_230_A0_000001_A_000001_lat_05160_lon_-0498_size_0015.tif,0,,0,171
2017-09-25---2017-10-02_cluster_None,2017,2017-09-25,2017-10-02,7,,6,D:\M2_MoSEF\Acclim\DataCollection\data\JRC_flood_depth_maps\2017_filtered\WD_MERGE_2017-09-25---2017-10-02_duration_7_days_cluster_240_A0_000013_A_000023_lat_06557_lon_-1506_size_0043.tif,0,,3599,1154
2017-09-25---2017-10-16_cluster_None,2017,2017-09-25,2017-10-16,21,,1,D:\M2_MoSEF\Acclim\DataCollection\data\JRC_flood_depth_maps\2017_filtered\WD_MERGE_2017-09-25---2017-10-16_duration_21_days_cluster_239_A0_000037_A_000043_lat_05286_lon_-0344_size_0230.tif,0,,0,244
2017-10-02---2017-10-09_cluster_None,2017,2017-10-02,2017-10-09,7,,5,D:\M2_MoSEF\Acclim\DataCollection\data\JRC_flood_depth_maps\2017_filtered\WD_MERGE_2017-10-02---2017-10-09_duration_7_days_cluster_247_A0_000004_A_000004_lat_04878_lon_-0358_size_0003.tif,0,,752,264
2017-10-02---2017-10-30_cluster_None,2017,2017-10-02,2017-10-30,28,,1,D:\M2_MoSEF\Acclim\DataCollection\data\JRC_flood_depth_maps\2017_filtered\WD_MERGE_2017-10-02---2017-10-30_duration_28_days_cluster_249_A0_000024_A_000028_lat_03588_lon_01057_size_0026.tif,0,,0,0
2017-10-02---2017-11-13_cluster_None,2017,2017-10-02,2017-11-13,42,,1,D:\M2_MoSEF\Acclim\DataCollection\data\JRC_flood_depth_maps\2017_filtered\WD_MERGE_2017-10-02---2017-11-13_duration_42_days_cluster_363_A0_000504_A_000624_lat_05495_lon_01686_size_0299.tif,0,,1235,7868
2017-10-16---2017-10-30_cluster_None,2017,2017-10-16,2017-10-30,14,,1,D:\M2_MoSEF\Acclim\DataCollection\data\JRC_flood_depth_maps\2017_filtered\WD_MERGE_2017-10-16---2017-10-30_duration_14_days_cluster_264_A0_000002_A_000003_lat_04401_lon_00651_size_0047.tif,0,,3599,1154
2017-10-16---2017-11-13_cluster_None,2017,2017-10-16,2017-11-13,21,,1,D:\M2_MoSEF\Acclim\DataCollection\data\JRC_flood_depth_maps\2017_filtered\WD_MERGE_2017-10-16---2017-11-13_duration_21_days_cluster_263_A0_000116_A_000152_lat_05249_lon_-0493_size_0233.tif,0,,12226,6171
2017-11-06---2017-11-13_cluster_None,2017,2017-11-06,2017-11-13,7,,11,D:\M2_MoSEF\Acclim\DataCollection\data\JRC_flood_depth_maps\2017_filtered\WD_MERGE_2017-11-06---2017-11-13_duration_7_days_cluster_284_A0_000001_A_000001_lat_04294_lon_-0209_size_0128.tif,0,,815,813
2017-11-13---2017-11-20_cluster_None,2017,2017-11-13,2017-11-20,7,,6,D:\M2_MoSEF\Acclim\DataCollection\data\JRC_flood_depth_maps\2017_filtered\WD_MERGE_2017-11-13---2017-11-20_duration_7_days_cluster_299_A0_000001_A_000001_lat_03844_lon_-0117_size_0033.tif,0,,0,0
2017-11-13---2017-12-11_cluster_None,2017,2017-11-13,2017-12-11,28,,1,D:\M2_MoSEF\Acclim\DataCollection\data\JRC_flood_depth_maps\2017_filtered\WD_MERGE_2017-11-13---2017-12-11_duration_28_days_cluster_368_A0_000527_A_000686_lat_05343_lon_00408_size_0362.tif,0,,13404,9191
2017-11-13---2018-01-01_cluster_None,2017,2017-11-13,2018-01-01,49,,1,D:\M2_MoSEF\Acclim\DataCollection\data\JRC_flood_depth_maps\2017_filtered\WD_MERGE_2017-11-13---2018-01-01_duration_49_days_cluster_369_A0_000830_A_001137_lat_05023_lon_01809_size_0547.tif,0,,0,2139
2017-11-20---2017-11-27_cluster_None,2017,2017-11-20,2017-11-27,7,,5,D:\M2_MoSEF\Acclim\DataCollection\data\JRC_flood_depth_maps\2017_filtered\WD_MERGE_2017-11-20---2017-11-27_duration_7_days_cluster_306_A0_000027_A_000044_lat_04032_lon_-0867_size_0046.tif,0,,4169,1964
2017-11-27---2017-12-04_cluster_None,2017,2017-11-27,2017-12-04,7,,6,D:\M2_MoSEF\Acclim\DataCollection\data\JRC_flood_depth_maps\2017_filtered\WD_MERGE_2017-11-27---2017-12-04_duration_7_days_cluster_314_A0_000037_A_000057_lat_04925_lon_00426_size_0046.tif,10,Brécy-Brières; La Ferté-sur-Chiers; La Neuville-à-Maire; Le Chemin; Les Petites-Armoises; Saint-Martin-aux-Champs; Servon-Melzicourt; Taizy; Vandy; Vaux-lès-Mouron,11322,3700
2017-11-27---2018-01-01_cluster_None,2017,2017-11-27,2018-01-01,28,,1,D:\M2_MoSEF\Acclim\DataCollection\data\JRC_flood_depth_maps\2017_filtered\WD_MERGE_2017-11-27---2018-01-01_duration_28_days_cluster_371_A0_000561_A_000714_lat_05297_lon_02490_size_0166.tif,0,,0,0
2017-12-04---2018-01-01_cluster_None,2017,2017-12-04,2018-01-01,28,,2,D:\M2_MoSEF\Acclim\DataCollection\data\JRC_flood_depth_maps\2017_filtered\WD_MERGE_2017-12-04---2018-01-01_duration_28_days_cluster_326_A0_000043_A_000050_lat_04536_lon_02995_size_0182.tif,126,Abaucourt; Aboncourt-sur-Seille; Aingeville; Aire; Airel; Ancemont; Angirey; Appeville; Athis; Aulnois-sur-Seille; Auvers; Bannoncourt; Bettange; Beuvron-en-Auge; Bey-sur-Seille; Bistroff; Blacy; Bouquemont; Boutteville; Breuvannes-en-Bassigny; Bricqueville; Brixey-aux-Chanoines; Brécy-Brières; Brétigny; Carentan-les-Marais; Cendrey; Chalaines; Champneuville; Charny-sur-Meuse; Cherville; Chouilly; Colombières; Commercy; Concevreux; Conflandey; Cormicy; Courcelles-Chaussy; Créances; Dieue-sur-Meuse; Doncourt-sur-Meuse; Duzey; Fleurey-lès-Faverney; Frémery; Giraumont; Graignes-Mesnil-Angot; Grostenquin; Hagécourt; Han-sur-Nied; Hazembourg; Hinsingen; Holling; Hotot-en-Auge; Insming; Janville; Jâlons; La Ferté-sur-Chiers; La Neuville-à-Maire; Lavans-Quingey; Le Chemin; Les Monthairons; Les Petites-Armoises; Liesville-sur-Douve; Lion-devant-Dun; Légéville-et-Bonfays; Létricourt; Maizeroy; Maizey; Mandeville-en-Bessin; Margut; Marre; Matougues; Maxey-sur-Vaise; Miniac-Morvan; Mont-devant-Sassey; Morelmaison; Morville-sur-Seille; Méautis; Pagney; Picauville; Pommérieux; Pont-Hébert; Port-sur-Seille; Puxe; Quincy-Landzécourt; Raids; Remilly Les Marais; Remilly-Aillicourt; Reviers; Rigny-la-Salle; Roupeldange; Rouvrois-sur-Meuse; Saint-André-de-Bohon; Saint-Fromond; Saint-Gibrien; Saint-Jean-de-Daye; Saint-Martin-aux-Champs; Saint-Martin-d'Aubigny; Saint-Étienne-la-Thillaye; Sassey-sur-Meuse; Sepvigny; Servais; Servon-Melzicourt; Seveux-Motey; Soing-Cubry-Charentenay; Songy; Taizy; Terre-et-Marais; Thervay; Tribehou; Trévières; Tétaigne; Vandy; Varenguebec; Vaux-lès-Mouron; Vaux-lès-Mouzon; Vellexon-Queutrey-et-Vaudey; Verny; Verrières; Vieux-lès-Asfeld; Vigneul-sous-Montmédy; Villers-devant-Mouzon; Vitreux; Vitry-la-Ville; Void-Vacon; Woimbey; Éblange,25470,6106
2017-12-25---2018-01-01_cluster_None,2017,2017-12-25,2018-01-01,7,,2,D:\M2_MoSEF\Acclim\DataCollection\data\JRC_flood_depth_maps\2017_filtered\WD_MERGE_2017-12-25---2018-01-01_duration_7_days_cluster_339_A0_000011_A_000012_lat_04526_lon_00878_size_0016.tif,0,,69,249
2018-01-01---2018-01-29_cluster_None,2018,2018-01-01,2018-01-29,28,,2,D:\M2_MoSEF\Acclim\DataCollection\data\JRC_flood_depth_maps\2018_filtered\WD_MERGE_2018-01-01---2018-01-29_duration_28_days_cluster_349_A0_000442_A_000522_lat_04875_lon_-0083_size_0117.tif,368,Abaucourt; Aboncourt-sur-Seille; Aingeville; Aire; Airel; Amance; Ambly-Fleury; Ambly-sur-Meuse; Amigny-Rouy; Ancemont; Ancier; Andelain; Angirey; Appeville; Apremont; Argenteuil-sur-Armançon; Athis; Aulnay-sur-Marne; Aulnois-sur-Seille; Auvers; Auxonne; Avranches; Ay-sur-Moselle; Baldenheim; Balléville; Bannoncourt; Barby; Baudrecourt; Beaujeu-Saint-Vallier-Pierrejux-et-Quitteur; Beauvoir; Belleray; Belleville-sur-Meuse; Bessy; Bettange; Beveuge; Bey-sur-Seille; Biermes; Billiers; Bislée; Bistroff; Blacy; Blignicourt; Boissei-la-Lande; Bonnay; Bouquemont; Boutteville; Breuvannes-en-Bassigny; Bricqueville; Brieulles-sur-Meuse; Brives-sur-Charente; Brixey-aux-Chanoines; Brécy-Brières; Brétigny; Bucey-lès-Traves; Buré; Bussac-sur-Charente; Bénaménil; Carentan-les-Marais; Cendrecourt; Cendrey; Chalaines; Chamblanc; Champneuville; Chanteheux; Chantes; Charette-Varennes; Charmes; Charny-sur-Meuse; Chassey-lès-Scey; Chatonrupt-Sommermont; Chauvoncourt; Chemilly; Cherville; Chevigney-sur-l'Ognon; Chouilly; Cléry; Cléry-le-Petit; Cléville; Coin-sur-Seille; Colombiers; Colombières; Commercy; Concevreux; Conflandey; Cormicy; Courcelles-Chaussy; Courchapon; Courcoury; Cronat; Créances; Cussangy; Cussey-sur-l'Ognon; Cuvry; Danizy; Dannevoux; Davrey; Deuillet; Dieue-sur-Meuse; Dom-le-Mesnil; Dommartin-lès-Toul; Doncourt-sur-Meuse; Donville-les-Bains; Drouilly; Dun-sur-Meuse; Duzey; Ebersmunster; Elsenheim; Ennery; Falletans; Feillens; Fignévelle; Flagey-Rigney; Flammerans; Fleurey-lès-Faverney; Fontaine; Fontcouverte; Fouchécourt; Fours; Foussemagne; Frebécourt; Fretterans; Frontenard; Frémery; Fréménil; Fulvy; Germondans; Gevigney-et-Mercey; Gigny-sur-Saône; Giraumont; Givry; Glaire; Glanon; Graignes-Mesnil-Angot; Grancey-sur-Ource; Gray; Gray-la-Ville; Hagécourt; Hampigny; Hampont; Harskirchen; Hazembourg; Heidolsheim; Hilsenheim; Hinsingen; Holling; Hotot-en-Auge; Houéville; Insming; Jallerange; Janville; Jouvençon; Junay; Jâlons; Kœnigsmacker; L'Abergement-de-Cuisery; La Bretenière; La Ferté-sur-Chiers; La Gripperie-Saint-Symphorien; La Meauffe; La Neuville-à-Maire; Lacrost; Lamarche-sur-Saône; Lamouilly; Lapenty; Laperrière-sur-Saône; Lavans-Quingey; Le Chemin; Le Croisic; Lechâtelet; Lemud; Les Gonds; Les Magny; Les Monthairons; Les Peintures; Les Petites-Armoises; Lesches; Lesse; Liesville-sur-Douve; Liny-devant-Dun; Lion-devant-Dun; Loisy-sur-Marne; Longepierre; Lucy-sur-Yonne; Luzy-Saint-Martin; Létricourt; Maizeroy; Maizey; Maizy; Malling; Mandeville-en-Bessin; Manhoué; Manicamp; Manziat; Mardeuil; Margut; Marre; Matougues; Maxey-sur-Meuse; Maxey-sur-Vaise; Merpins; Miniac-Morvan; Mogneneins; Moncel-sur-Seille; Moncel-sur-Vair; Mont-devant-Sassey; Mont-lès-Seurre; Montaron; Montblainville; Montceaux-lès-Vaudes; Montlebon; Morelmaison; Morville-sur-Seille; Mosnes; Moulins-le-Carbonnel; Mutigney; Muttersholtz; Mutzenhouse; Méautis; Médavy; Méry-Bissières-en-Auge; Navilly; Ogéviller; Ohnenheim; Oiry; Ollans; Orist; Ormes; Ouge; Ougney; Our; Pagney; Pagny-le-Château; Parfondrupt; Pennedepie; Perrigny-sur-l'Ognon; Petit-Tenquin; Pierremont-sur-Amance; Pommérieux; Pont-Arcy; Pont-Hébert; Pont-sur-Seine; Pontoise-lès-Noyon; Pontoux; Port-sur-Seille; Pouan-les-Vallées; Pouilly-sur-Meuse; Pringy; Prévocourt; Purgerot; Puxe; Queyrac; Quincy-Landzécourt; Rances; Rancy; Ranzevelle; Raville-sur-Sânon; Regnéville-sur-Meuse; Remilly Les Marais; Remilly-Aillicourt; Remiremont; Reviers; Reyssouze; Rigney; Rigny-la-Salle; Rilly-sur-Aisne; Rosières-aux-Salines; Rosières-sur-Mance; Rossfeld; Rouffiac; Roupeldange; Rouvrois-sur-Meuse; Saint-Aignan; Saint-André-de-Bohon; Saint-André-sur-Orne; Saint-Baraing; Saint-Broing; Saint-Estèphe; Saint-Fromond; Saint-Georges-Armont; Saint-Germain-sur-Meuse; Saint-Gervais-en-Vallière; Saint-Gibrien; Saint-Gondon; Saint-Jean-de-Daye; Saint-Martin-aux-Champs; Saint-Maurice-Colombier; Saint-Molf; Saint-Médard-de-Mussidan; Saint-Seine-en-Bâche; Saint-Seine-sur-Vingeanne; Saint-Sever-de-Saintonge; Saint-Sulpice; Saint-Symphorien-sur-Saône; Saint-Thomas-en-Argonne; Saint-Vaize; Saint-Étienne-la-Thillaye; Salignac-sur-Charente; Sandillon; Sanry-sur-Nied; Sassey-sur-Meuse; Saunières; Sens-sur-Seille; Sepvigny; Sermoise; Servais; Servon-Melzicourt; Seuil; Seurre; Seveux-Motey; Sinceny; Soing-Cubry-Charentenay; Songy; Sourzac; Taillancourt; Taizy; Tamnay-en-Bazois; Tanavelle; Tannay-le-Mont-Dieu; Tercis-les-Bains; Terre-et-Marais; Thaix; Thervay; Thubœuf; Tilly-sur-Meuse; Torchamp; Tournus; Traves; Tribehou; Troyon; Trugny; Trévières; Tétaigne; Ugny-sur-Meuse; Vadonville; Vallentigny; Vandy; Varenguebec; Varennes-le-Grand; Varesnes; Vauchoux; Vaux-lès-Mouron; Vaux-lès-Mouzon; Vecqueville; Velet; Vellexon-Queutrey-et-Vaudey; Venizel; Verneuil; Verneuil-sur-Indre; Verny; Verrières; Vienne-la-Ville; Vieux-lès-Asfeld; Vigneul-sous-Montmédy; Villers-devant-Mouzon; Villers-la-Ville; Villers-sur-Bar; Vitreux; Vitrey-sur-Mance; Vitry-la-Ville; Vix; Void-Vacon; Wadelincourt; Waltenheim-sur-Zorn; Woimbey; Éblange; Éhuns; Étrelles-sur-Aube; Étrépilly,51709,16726
2018-01-01---2018-02-12_cluster_None,2018,2018-01-01,2018-02-12,28,,1,D:\M2_MoSEF\Acclim\DataCollection\data\JRC_flood_depth_maps\2018_filtered\WD_MERGE_2018-01-01---2018-02-12_duration_28_days_cluster_352_A0_001259_A_001548_lat_05605_lon_02315_size_0460.tif,0,,0,1364
2018-01-01---2018-03-05_cluster_None,2018,2018-01-01,2018-03-05,63,,1,D:\M2_MoSEF\Acclim\DataCollection\data\JRC_flood_depth_maps\2018_filtered\WD_MERGE_2018-01-01---2018-03-05_duration_63_days_cluster_350_A0_000423_A_000524_lat_05321_lon_-0559_size_0201.tif,0,,234,8858
2018-01-15---2018-02-05_cluster_None,2018,2018-01-15,2018-02-05,21,,1,D:\M2_MoSEF\Acclim\DataCollection\data\JRC_flood_depth_maps\2018_filtered\WD_MERGE_2018-01-15---2018-02-05_duration_21_days_cluster_356_A0_001736_A_002252_lat_04804_lon_00395_size_0168.tif,425,Aboncourt-sur-Seille; Aingeville; Aire; Airel; Amance; Ambly-Fleury; Ambly-sur-Meuse; Amigny-Rouy; Ancemont; Ancier; Angirey; Appeville; Apremont; Argenteuil-sur-Armançon; Armeau; Athis; Aubergenville; Aulnay-sur-Marne; Aulnois-sur-Seille; Auvers; Auxonne; Baldenheim; Balléville; Bannoncourt; Bantanges; Beaufort-Orbagna; Beaujeu-Saint-Vallier-Pierrejux-et-Quitteur; Beauvernois; Belleray; Belleville-sur-Meuse; Bessy; Beveuge; Bey-sur-Seille; Bislée; Blacy; Blaignan-Prignac; Blanzy-la-Salonnaise; Blignicourt; Blussans; Bois-le-Roi; Boissei-la-Lande; Bonnay; Bouafles; Bouquemont; Boursault; Boutteville; Breuvannes-en-Bassigny; Bricqueville; Brienne; Brieulles-sur-Meuse; Brives-sur-Charente; Brixey-aux-Chanoines; Brotte-lès-Luxeuil; Brères; Brécy-Brières; Brétigny; Bucey-lès-Traves; Buchères; Bussac-sur-Charente; Bénaménil; Carentan-les-Marais; Cendrecourt; Cendrey; Chailly-en-Brie; Chalaines; Chamblanc; Champdolent; Champneuville; Chanteheux; Chantes; Charette-Varennes; Charny-sur-Meuse; Chassey-lès-Scey; Chatonrupt-Sommermont; Chaucenne; Chaumont; Chauvoncourt; Chavéria; Chemilly; Cheny; Cherville; Chevigney-sur-l'Ognon; Chouilly; Châteaubernard; Châteauneuf-sur-Charente; Châtenoy-en-Bresse; Chézy-sur-Marne; Chêne-Sec; Citry; Cléry; Cléry-le-Petit; Cléville; Coin-sur-Seille; Colombiers; Colombine; Colombières; Commercy; Concevreux; Condé-Sainte-Libiaire; Conflandey; Coolus; Cormicy; Courchapon; Courcoury; Courthiézy; Courtois-sur-Yonne; Cronat; Cussangy; Cussey-sur-l'Ognon; Cuy; Danizy; Dannevoux; Davrey; Deuillet; Dieue-sur-Meuse; Dom-le-Mesnil; Domsure; Doncourt-sur-Meuse; Donges; Dormans; Drouilly; Dun-sur-Meuse; Duzey; Ebersmunster; Esbly; Fagnières; Falletans; Feillens; Fignévelle; Flagey-Rigney; Flammerans; Fleurey-lès-Faverney; Fontaine; Fontcouverte; Fouchécourt; Foussemagne; Fraisans; Frebécourt; Fretterans; Frontenard; Frémery; Fréménil; Fublaines; Fulvy; Gaillon; Germigny-l'Évêque; Germondans; Gevigney-et-Mercey; Gigny-sur-Saône; Giraumont; Givry; Glaire; Glanon; Graignes-Mesnil-Angot; Gray; Gray-la-Ville; Gy; Hagécourt; Hampigny; Hazembourg; Hilsenheim; Hinsingen; Hotot-en-Auge; Houéville; Hœrdt; Illhaeusern; Insming; Jablines; Jallerange; Janville; Jouvençon; Junay; Juzanvigny; Jâlons; Kertzfeld; L'Abergement-de-Cuisery; La Bretenière; La Chapelle-Heulin; La Chapelle-Naude; La Chapelle-de-Bragny; La Ferté-sur-Chiers; La Gripperie-Saint-Symphorien; La Jard; La Neuville-à-Maire; La Truchère; Lacrost; Lamarche-sur-Saône; Lapenty; Laperrière-sur-Saône; Lavans-Quingey; Le Chemin; Le Planois; Lechâtelet; Les Gonds; Les Magny; Les Monthairons; Les Peintures; Les Petites-Armoises; Lesches; Lesparre-Médoc; Lesse; Lichères-sur-Yonne; Liesville-sur-Douve; Liny-devant-Dun; Lion-devant-Dun; Loisy-sur-Marne; Longepierre; Losne; Luzy-Saint-Martin; Léry; Machecoul-Saint-Même; Maizey; Maizy; Mandeville-en-Bessin; Manicamp; Manziat; Mardeuil; Mareuil-le-Port; Margut; Marre; Matougues; Maxey-sur-Meuse; Maxey-sur-Vaise; Merpins; Miniac-Morvan; Mogneneins; Moisson; Moncley; Mont-devant-Sassey; Mont-lès-Seurre; Montaron; Montblainville; Montceaux-lès-Vaudes; Montcony; Montiéramey; Morelmaison; Morville-sur-Seille; Mosnes; Mutigney; Muttersholtz; Mutzenhouse; Méautis; Mérey-Vieilley; Méry-Bissières-en-Auge; Mézy-Moulins; Navilly; Nevy-lès-Dole; Nogent-l'Artaud; Notre-Dame-de-la-Mer; Oiry; Ollans; Ormes; Ouge; Ougney; Ounans; Our; Ozan; Pagney; Pagny-le-Château; Passy; Pennedepie; Perrigny-sur-l'Ognon; Peuvillers; Pierremont-sur-Amance; Pommérieux; Pont-Arcy; Pont-Hébert; Pont-sur-Seine; Pont-sur-Yonne; Pontoise-lès-Noyon; Pontoux; Port-Saint-Père; Pouan-les-Vallées; Pouilly-sur-Meuse; Pringy; Prix-lès-Mézières; Prévocourt; Purgerot; Quincieux; Rances; Rancy; Rans; Ranzevelle; Raville-sur-Sânon; Regnéville-sur-Meuse; Remilly Les Marais; Remilly-Aillicourt; Reviers; Revigny-sur-Ornain; Reyssouze; Rhèges; Rigney; Rigny-la-Salle; Rilly-sur-Aisne; Roset-Fluans; Rosières-aux-Salines; Rosières-sur-Mance; Rouffiac; Rouvrois-sur-Meuse; Rupt; Saint-André-de-Bohon; Saint-André-sur-Orne; Saint-Baraing; Saint-Brice; Saint-Broing; Saint-Cyr; Saint-Denis-lès-Sens; Saint-Estèphe; Saint-Fromond; Saint-Georges-Armont; Saint-Gervais-en-Vallière; Saint-Gibrien; Saint-Hilaire-sous-Romilly; Saint-Jean-de-Daye; Saint-Jean-les-Deux-Jumeaux; Saint-Just-Sauvage; Saint-Marcel; Saint-Mars-de-Coutais; Saint-Martin-aux-Champs; Saint-Maurice-Colombier; Saint-Molf; Saint-Nizier-le-Bouchoux; Saint-Philbert-de-Grand-Lieu; Saint-Pierre-es-Champs; Saint-Sauveur; Saint-Seine-en-Bâche; Saint-Seine-sur-Vingeanne; Saint-Senier-sous-Avranches; Saint-Sever-de-Saintonge; Saint-Sulpice; Saint-Symphorien-sur-Saône; Saint-Thibault; Saint-Thomas-en-Argonne; Saint-Vaize; Saint-Étienne-la-Thillaye; Salignac-sur-Charente; Sandillon; Sarry; Sartrouville; Sassey-sur-Meuse; Saujon; Saunières; Saâcy-sur-Marne; Sens-sur-Seille; Sepvigny; Sermesse; Servais; Servon-Melzicourt; Seuil; Seurre; Seveux-Motey; Sevrey; Sinceny; Sogny-aux-Moulins; Soing-Cubry-Charentenay; Songy; Sornay; Taillancourt; Taizy; Tamnay-en-Bazois; Tassenières; Thaix; Thervay; Thizay; Thoissey; Tilly-sur-Meuse; Tournus; Traves; Tribehou; Trilport; Troissy; Troyon; Trugny; Tétaigne; Vadonville; Vallentigny; Vandy; Varenguebec; Varennes-le-Grand; Varesnes; Vauchoux; Vaux-lès-Mouron; Vaux-lès-Mouzon; Vecqueville; Velet; Vellexon-Queutrey-et-Vaudey; Venizel; Verneuil-sur-Indre; Verrières; Vertheuil; Vienne-la-Ville; Vieux-lès-Asfeld; Villemanoche; Villeneuve-la-Guyard; Villers-Farlay; Villers-devant-Mouzon; Villers-la-Ville; Villers-sur-Bar; Villette-sur-Aube; Villiers-sur-Seine; Vitreux; Vitrey-sur-Mance; Vitry-la-Ville; Vix; Void-Vacon; Voissay; Vraincourt; Véron; Wadelincourt; Waltenheim-sur-Zorn; Westhouse; Woimbey; Écleux; Écury-sur-Coole; Éhuns; Émagny; Épineau-les-Voves; Épône; Éragny-sur-Epte; Étaules; Étrelles-sur-Aube; Étrepigney; Étrépilly; Œuilly,34169,577
2018-01-22---2018-03-05_cluster_None,2018,2018-01-22,2018-03-05,35,,1,D:\M2_MoSEF\Acclim\DataCollection\data\JRC_flood_depth_maps\2018_filtered\WD_MERGE_2018-01-22---2018-03-05_duration_35_days_cluster_358_A0_001470_A_001927_lat_05324_lon_01576_size_0437.tif,0,,1235,2498
2018-01-29---2018-03-12_cluster_None,2018,2018-01-29,2018-03-12,42,,1,D:\M2_MoSEF\Acclim\DataCollection\data\JRC_flood_depth_maps\2018_filtered\WD_MERGE_2018-01-29---2018-03-12_duration_42_days_cluster_360_A0_006245_A_008083_lat_04638_lon_02003_size_0089.tif,0,,0,0
2018-02-05---2018-02-12_cluster_None,2018,2018-02-05,2018-02-12,7,,5,D:\M2_MoSEF\Acclim\DataCollection\data\JRC_flood_depth_maps\2018_filtered\WD_MERGE_2018-02-05---2018-02-12_duration_7_days_cluster_019_A0_000003_A_000005_lat_06481_lon_-1594_size_0038.tif,0,,0,0
2018-02-05---2018-03-12_cluster_None,2018,2018-02-05,2018-03-12,35,,1,D:\M2_MoSEF\Acclim\DataCollection\data\JRC_flood_depth_maps\2018_filtered\WD_MERGE_2018-02-05---2018-03-12_duration_35_days_cluster_362_A0_000772_A_001006_lat_04696_lon_00126_size_0284.tif,148,Aire; Amigny-Rouy; Ancemont; Ancier; Appeville; Argenteuil-sur-Armançon; Athis; Aulnay-sur-Marne; Auvers; Belleray; Bessy; Beuzeville-la-Bastille; Blacy; Bouquemont; Boutteville; Brieulles-sur-Meuse; Brives-sur-Charente; Brixey-aux-Chanoines; Brécy-Brières; Brétigny; Bussac-sur-Charente; Candresse; Carentan-les-Marais; Champdolent; Champneuville; Chapelle-Voland; Charny-sur-Meuse; Cherville; Chouilly; Châteauneuf; Châtenoy-en-Bresse; Colombières; Concevreux; Condé-Sainte-Libiaire; Cormicy; Courcoury; Couëron; Dannevoux; Davrey; Deuillet; Dieue-sur-Meuse; Donges; Fagnières; Feillens; Fontcouverte; Fours; Frossay; Fulvy; Geay; Gigny-sur-Saône; Glanon; Goos; Graignes-Mesnil-Angot; Hampigny; Jablines; Jouvençon; Jâlons; La Barre-de-Monts; La Neuville-à-Maire; La Tranche-sur-Mer; Labenne; Lamarche-sur-Saône; Le Gua; Le Planois; Les Gonds; Les Monthairons; Lesches; Lichères-sur-Yonne; Liesville-sur-Douve; Lucy-sur-Yonne; Luzy-Saint-Martin; Manicamp; Manziat; Marnay; Marre; Matougues; Maxey-sur-Vaise; Merpins; Mont-devant-Sassey; Mont-lès-Seurre; Méautis; Nieulle-sur-Seudre; Notre-Dame-de-Monts; Oiry; Onard; Orist; Ormes; Osmoy; Pey; Pont-Hébert; Pont-sur-Seine; Pontoise-lès-Noyon; Port-Saint-Père; Pouan-les-Vallées; Pousseaux; Poyanne; Rances; Remilly-Aillicourt; Rhèges; Romegoux; Rosières-sur-Mance; Rouffiac; Rouvrois-sur-Meuse; Saint-André-de-Bohon; Saint-Denis-du-Payré; Saint-Estèphe; Saint-Fromond; Saint-Gibrien; Saint-Hilaire-sous-Romilly; Saint-Marcel; Saint-Mars-de-Coutais; Saint-Mars-du-Désert; Saint-Martin-aux-Champs; Saint-Philbert-de-Grand-Lieu; Saint-Sever-de-Saintonge; Salignac-sur-Charente; Sancergues; Sassey-sur-Meuse; Saujon; Sens-sur-Seille; Sepvigny; Servais; Servon-Melzicourt; Seveux-Motey; Sinceny; Songy; Soulac-sur-Mer; Sévérac; Taizy; Tercis-les-Bains; Thizay; Tribehou; Trilport; Tugéras-Saint-Maurice; Vandy; Varenguebec; Varesnes; Vellexon-Queutrey-et-Vaudey; Venizel; Verneuil-sur-Indre; Vieux-lès-Asfeld; Villers-devant-Mouzon; Villiers-sur-Seine; Vitry-la-Ville; Woimbey; Étaules; Étrelles-sur-Aube; Étrépilly,30663,3723
2018-02-19---2018-02-26_cluster_None,2018,2018-02-19,2018-02-26,7,,4,D:\M2_MoSEF\Acclim\DataCollection\data\JRC_flood_depth_maps\2018_filtered\WD_MERGE_2018-02-19---2018-02-26_duration_7_days_cluster_026_A0_000005_A_000006_lat_04113_lon_01406_size_0011.tif,0,,0,0
2018-02-19---2018-03-05_cluster_None,2018,2018-02-19,2018-03-05,14,,3,D:\M2_MoSEF\Acclim\DataCollection\data\JRC_flood_depth_maps\2018_filtered\WD_MERGE_2018-02-19---2018-03-05_duration_14_days_cluster_025_A0_000014_A_000015_lat_03705_lon_00994_size_0009.tif,0,,0,0
2018-02-26---2018-03-05_cluster_None,2018,2018-02-26,2018-03-05,7,,3,D:\M2_MoSEF\Acclim\DataCollection\data\JRC_flood_depth_maps\2018_filtered\WD_MERGE_2018-02-26---2018-03-05_duration_7_days_cluster_033_A0_000021_A_000025_lat_04357_lon_00435_size_0015.tif,0,,3599,1154
2018-03-05---2018-03-12_cluster_None,2018,2018-03-05,2018-03-12,7,,3,D:\M2_MoSEF\Acclim\DataCollection\data\JRC_flood_depth_maps\2018_filtered\WD_MERGE_2018-03-05---2018-03-12_duration_7_days_cluster_038_A0_000002_A_000004_lat_04291_lon_01296_size_0021.tif,0,,0,0
2018-03-05---2018-04-09_cluster_None,2018,2018-03-05,2018-04-09,35,,1,D:\M2_MoSEF\Acclim\DataCollection\data\JRC_flood_depth_maps\2018_filtered\WD_MERGE_2018-03-05---2018-04-09_duration_35_days_cluster_365_A0_000792_A_001016_lat_04859_lon_00099_size_0343.tif,111,Ancemont; Ancier; Angirey; Appeville; Athis; Aulnay-sur-Marne; Auvers; Besné; Bessy; Beuzeville-la-Bastille; Blacy; Blignicourt; Bouquemont; Breuvannes-en-Bassigny; Briollay; Carentan-les-Marais; Cendrecourt; Champdolent; Cherville; Chouilly; Colombine; Conflandey; Cormicy; Courceroy; Courcoury; Couëron; Créances; Davrey; Doncourt-sur-Meuse; Donges; Feillens; Fignévelle; Fouchécourt; Frossay; Gevigney-et-Mercey; Gigny-sur-Saône; Glanon; Guenrouet; Hampigny; Jouvençon; Jâlons; La Chapelle-Heulin; La Plaine-sur-Mer; Lacrost; Lamarche-sur-Saône; Le Gua; Lechâtelet; Les Gonds; Lesparre-Médoc; Liesville-sur-Douve; Machecoul-Saint-Même; Maizey; Marnay; Matougues; Maxey-sur-Vaise; Mogneneins; Mont-lès-Seurre; Oiry; Ormes; Ouge; Pagny-la-Ville; Pagny-le-Château; Pierremont-sur-Amance; Pierric; Pont-sur-Seine; Port-Saint-Père; Pouan-les-Vallées; Purgerot; Rances; Ranzevelle; Reyssouze; Rhèges; Rosières-sur-Mance; Rouvrois-sur-Meuse; Saint-Estèphe; Saint-Gervais-en-Vallière; Saint-Gibrien; Saint-Lumine-de-Coutais; Saint-Malo-de-Guersac; Saint-Mars-de-Coutais; Saint-Martin-aux-Champs; Saint-Martin-des-Champs; Saint-Molf; Saint-Nazaire; Saint-Nicolas-de-Redon; Saint-Philbert-de-Grand-Lieu; Saint-Seine-sur-Vingeanne; Saint-Sever-de-Saintonge; Saunières; Servon-Melzicourt; Seurre; Seveux-Motey; Songy; Thervay; Tournus; Trignac; Vallentigny; Varenguebec; Varennes-le-Grand; Vecqueville; Velet; Vellexon-Queutrey-et-Vaudey; Villette-sur-Aube; Villiers-sur-Seine; Vitrey-sur-Mance; Vitry-la-Ville; Void-Vacon; Vraincourt; Écouflant; Étaules; Étrelles-sur-Aube,25470,6106
2018-03-05---2018-04-23_cluster_None,2018,2018-03-05,2018-04-23,42,,1,D:\M2_MoSEF\Acclim\DataCollection\data\JRC_flood_depth_maps\2018_filtered\WD_MERGE_2018-03-05---2018-04-23_duration_42_days_cluster_366_A0_005888_A_008401_lat_05012_lon_02635_size_0283.tif,0,,0,427
2018-03-12---2018-03-19_cluster_None,2018,2018-03-12,2018-03-19,7,,3,D:\M2_MoSEF\Acclim\DataCollection\data\JRC_flood_depth_maps\2018_filtered\WD_MERGE_2018-03-12---2018-03-19_duration_7_days_cluster_042_A0_000042_A_000055_lat_05268_lon_-0797_size_0062.tif,0,,4770,1607
2018-03-12---2018-04-23_cluster_None,2018,2018-03-12,2018-04-23,42,,1,D:\M2_MoSEF\Acclim\DataCollection\data\JRC_flood_depth_maps\2018_filtered\WD_MERGE_2018-03-12---2018-04-23_duration_42_days_cluster_368_A0_001162_A_001559_lat_04629_lon_01879_size_0206.tif,0,,4073,5885
2018-03-19---2018-03-26_cluster_None,2018,2018-03-19,2018-03-26,7,,2,D:\M2_MoSEF\Acclim\DataCollection\data\JRC_flood_depth_maps\2018_filtered\WD_MERGE_2018-03-19---2018-03-26_duration_7_days_cluster_045_A0_000001_A_000002_lat_03494_lon_01099_size_0032.tif,0,,0,0
2018-03-19---2018-04-30_cluster_None,2018,2018-03-19,2018-04-30,35,,3,D:\M2_MoSEF\Acclim\DataCollection\data\JRC_flood_depth_maps\2018_filtered\WD_MERGE_2018-03-19---2018-04-30_duration_35_days_cluster_369_A0_001996_A_002579_lat_05231_lon_02477_size_0229.tif,7,Besné; Bouquemont; Machecoul-Saint-Même; Port-Saint-Père; Saint-Lumine-de-Coutais; Saint-Mars-de-Coutais; Saint-Philbert-de-Grand-Lieu,25470,6106
2018-04-09---2018-04-16_cluster_None,2018,2018-04-09,2018-04-16,7,,4,D:\M2_MoSEF\Acclim\DataCollection\data\JRC_flood_depth_maps\2018_filtered\WD_MERGE_2018-04-09---2018-04-16_duration_7_days_cluster_053_A0_000002_A_000002_lat_04287_lon_-0243_size_0026.tif,0,,815,813
2018-04-23---2018-04-30_cluster_None,2018,2018-04-23,2018-04-30,7,,2,D:\M2_MoSEF\Acclim\DataCollection\data\JRC_flood_depth_maps\2018_filtered\WD_MERGE_2018-04-23---2018-04-30_duration_7_days_cluster_061_A0_000003_A_000003_lat_05910_lon_-0278_size_0022.tif,0,,0,0
2018-04-23---2018-07-09_cluster_None,2018,2018-04-23,2018-07-09,56,,1,D:\M2_MoSEF\Acclim\DataCollection\data\JRC_flood_depth_maps\2018_filtered\WD_MERGE_2018-04-23---2018-07-09_duration_56_days_cluster_060_A0_000940_A_001072_lat_03859_lon_-0526_size_0298.tif,0,,815,3039
2018-04-30---2018-05-07_cluster_None,2018,2018-04-30,2018-05-07,7,,6,D:\M2_MoSEF\Acclim\DataCollection\data\JRC_flood_depth_maps\2018_filtered\WD_MERGE_2018-04-30---2018-05-07_duration_7_days_cluster_065_A0_000003_A_000003_lat_04872_lon_-0381_size_0020.tif,0,,752,264
2018-04-30---2018-06-18_cluster_None,2018,2018-04-30,2018-06-18,42,,1,D:\M2_MoSEF\Acclim\DataCollection\data\JRC_flood_depth_maps\2018_filtered\WD_MERGE_2018-04-30---2018-06-18_duration_42_days_cluster_068_A0_000652_A_000736_lat_04115_lon_02557_size_0103.tif,0,,0,0
2018-05-07---2018-05-14_cluster_None,2018,2018-05-07,2018-05-14,7,,4,D:\M2_MoSEF\Acclim\DataCollection\data\JRC_flood_depth_maps\2018_filtered\WD_MERGE_2018-05-07---2018-05-14_duration_7_days_cluster_072_A0_000017_A_000018_lat_03671_lon_-0593_size_0054.tif,0,,0,0
2018-05-21---2018-05-28_cluster_None,2018,2018-05-21,2018-05-28,7,,5,D:\M2_MoSEF\Acclim\DataCollection\data\JRC_flood_depth_maps\2018_filtered\WD_MERGE_2018-05-21---2018-05-28_duration_7_days_cluster_087_A0_000014_A_000016_lat_05416_lon_-0561_size_0035.tif,0,,3599,1154
2018-05-28---2018-06-04_cluster_None,2018,2018-05-28,2018-06-04,7,,3,D:\M2_MoSEF\Acclim\DataCollection\data\JRC_flood_depth_maps\2018_filtered\WD_MERGE_2018-05-28---2018-06-04_duration_7_days_cluster_093_A0_000004_A_000005_lat_04870_lon_-0387_size_0025.tif,0,,752,264
2018-06-04---2018-06-11_cluster_None,2018,2018-06-04,2018-06-11,7,,7,D:\M2_MoSEF\Acclim\DataCollection\data\JRC_flood_depth_maps\2018_filtered\WD_MERGE_2018-06-04---2018-06-11_duration_7_days_cluster_099_A0_000011_A_000013_lat_05427_lon_-0560_size_0029.tif,0,,3599,1154
2018-06-04---2018-06-18_cluster_None,2018,2018-06-04,2018-06-18,14,,1,D:\M2_MoSEF\Acclim\DataCollection\data\JRC_flood_depth_maps\2018_filtered\WD_MERGE_2018-06-04---2018-06-18_duration_14_days_cluster_098_A0_000042_A_000061_lat_04818_lon_-0084_size_0084.tif,8,Boissei-la-Lande; Briollay; Chenay; Créances; Moulins-le-Carbonnel; Saint-Julien-du-Terroux; Saint-Paterne - Le Chevain; Écouflant,8701,6507
2018-06-11---2018-06-18_cluster_None,2018,2018-06-11,2018-06-18,7,,4,D:\M2_MoSEF\Acclim\DataCollection\data\JRC_flood_depth_maps\2018_filtered\WD_MERGE_2018-06-11---2018-06-18_duration_7_days_cluster_108_A0_000040_A_000058_lat_04315_lon_-0110_size_0066.tif,10,Bidache; Candresse; Dax; Onard; Pey; Saint-Jean-de-Lier; Saint-Étienne-d'Orthe; Tercis-les-Bains; Vicq-d'Auribat; Yzosse,815,1975
2018-06-25---2018-07-02_cluster_None,2018,2018-06-25,2018-07-02,7,,4,D:\M2_MoSEF\Acclim\DataCollection\data\JRC_flood_depth_maps\2018_filtered\WD_MERGE_2018-06-25---2018-07-02_duration_7_days_cluster_121_A0_000001_A_000001_lat_04145_lon_01567_size_0021.tif,0,,0,0
2018-07-02---2018-07-09_cluster_None,2018,2018-07-02,2018-07-09,7,,5,D:\M2_MoSEF\Acclim\DataCollection\data\JRC_flood_depth_maps\2018_filtered\WD_MERGE_2018-07-02---2018-07-09_duration_7_days_cluster_129_A0_000001_A_000002_lat_04245_lon_-0125_size_0024.tif,0,,815,813
2018-07-02---2018-07-23_cluster_None,2018,2018-07-02,2018-07-23,21,,1,D:\M2_MoSEF\Acclim\DataCollection\data\JRC_flood_depth_maps\2018_filtered\WD_MERGE_2018-07-02---2018-07-23_duration_21_days_cluster_130_A0_000031_A_000040_lat_05104_lon_-0076_size_0057.tif,0,,12226,6171
2018-07-09---2018-07-23_cluster_None,2018,2018-07-09,2018-07-23,14,,2,D:\M2_MoSEF\Acclim\DataCollection\data\JRC_flood_depth_maps\2018_filtered\WD_MERGE_2018-07-09---2018-07-23_duration_14_days_cluster_139_A0_000002_A_000002_lat_04355_lon_00458_size_0019.tif,0,,3599,1154
2018-07-16---2018-07-23_cluster_None,2018,2018-07-16,2018-07-23,7,,6,D:\M2_MoSEF\Acclim\DataCollection\data\JRC_flood_depth_maps\2018_filtered\WD_MERGE_2018-07-16---2018-07-23_duration_7_days_cluster_145_A0_000006_A_000008_lat_03874_lon_-0868_size_0038.tif,0,,815,813
2018-07-23---2018-07-30_cluster_None,2018,2018-07-23,2018-07-30,7,,7,D:\M2_MoSEF\Acclim\DataCollection\data\JRC_flood_depth_maps\2018_filtered\WD_MERGE_2018-07-23---2018-07-30_duration_7_days_cluster_152_A0_000003_A_000003_lat_03892_lon_-0241_size_0032.tif,0,,0,171
2018-08-06---2018-08-13_cluster_None,2018,2018-08-06,2018-08-13,7,,9,D:\M2_MoSEF\Acclim\DataCollection\data\JRC_flood_depth_maps\2018_filtered\WD_MERGE_2018-08-06---2018-08-13_duration_7_days_cluster_165_A0_000001_A_000001_lat_05125_lon_-0519_size_0057.tif,0,,3599,1325
2018-08-13---2018-08-20_cluster_None,2018,2018-08-13,2018-08-20,7,,2,D:\M2_MoSEF\Acclim\DataCollection\data\JRC_flood_depth_maps\2018_filtered\WD_MERGE_2018-08-13---2018-08-20_duration_7_days_cluster_174_A0_000023_A_000040_lat_04059_lon_-0861_size_0014.tif,0,,234,597
2018-08-13---2018-08-27_cluster_None,2018,2018-08-13,2018-08-27,14,,3,D:\M2_MoSEF\Acclim\DataCollection\data\JRC_flood_depth_maps\2018_filtered\WD_MERGE_2018-08-13---2018-08-27_duration_14_days_cluster_175_A0_000011_A_000014_lat_04834_lon_-0359_size_0057.tif,0,,752,264
2018-08-27---2018-09-24_cluster_None,2018,2018-08-27,2018-09-24,28,,1,D:\M2_MoSEF\Acclim\DataCollection\data\JRC_flood_depth_maps\2018_filtered\WD_MERGE_2018-08-27---2018-09-24_duration_28_days_cluster_192_A0_000045_A_000055_lat_05296_lon_-0333_size_0227.tif,0,,234,8858
2018-09-10---2018-09-17_cluster_None,2018,2018-09-10,2018-09-17,7,,3,D:\M2_MoSEF\Acclim\DataCollection\data\JRC_flood_depth_maps\2018_filtered\WD_MERGE_2018-09-10---2018-09-17_duration_7_days_cluster_205_A0_000017_A_000031_lat_04071_lon_-0866_size_0003.tif,0,,0,0
2018-09-24---2018-10-01_cluster_None,2018,2018-09-24,2018-10-01,7,,4,D:\M2_MoSEF\Acclim\DataCollection\data\JRC_flood_depth_maps\2018_filtered\WD_MERGE_2018-09-24---2018-10-01_duration_7_days_cluster_222_A0_000004_A_000005_lat_04864_lon_01060_size_0030.tif,0,,0,0
2018-09-24---2018-10-22_cluster_None,2018,2018-09-24,2018-10-22,28,,1,D:\M2_MoSEF\Acclim\DataCollection\data\JRC_flood_depth_maps\2018_filtered\WD_MERGE_2018-09-24---2018-10-22_duration_28_days_cluster_221_A0_000027_A_000030_lat_03646_lon_01036_size_0044.tif,0,,0,0
2018-10-08---2018-10-15_cluster_None,2018,2018-10-08,2018-10-15,7,,8,D:\M2_MoSEF\Acclim\DataCollection\data\JRC_flood_depth_maps\2018_filtered\WD_MERGE_2018-10-08---2018-10-15_duration_7_days_cluster_239_A0_000028_A_000046_lat_04014_lon_-0850_size_0065.tif,0,,4100,1715
2018-10-08---2018-10-22_cluster_None,2018,2018-10-08,2018-10-22,14,,1,D:\M2_MoSEF\Acclim\DataCollection\data\JRC_flood_depth_maps\2018_filtered\WD_MERGE_2018-10-08---2018-10-22_duration_14_days_cluster_240_A0_000050_A_000064_lat_05109_lon_-0295_size_0131.tif,3,La Plaine-sur-Mer; Préfailles; Saint-Martin-des-Champs,12226,6171
2018-10-15---2018-10-22_cluster_None,2018,2018-10-15,2018-10-22,7,,7,D:\M2_MoSEF\Acclim\DataCollection\data\JRC_flood_depth_maps\2018_filtered\WD_MERGE_2018-10-15---2018-10-22_duration_7_days_cluster_251_A0_000047_A_000055_lat_04322_lon_00298_size_0008.tif,4,Coursan; Marcorignan; Moussan; Raissac-d'Aude,7267,3221
2018-10-29---2018-11-05_cluster_None,2018,2018-10-29,2018-11-05,7,,6,D:\M2_MoSEF\Acclim\DataCollection\data\JRC_flood_depth_maps\2018_filtered\WD_MERGE_2018-10-29---2018-11-05_duration_7_days_cluster_270_A0_000021_A_000024_lat_05438_lon_-0545_size_0039.tif,0,,0,0
2018-10-29---2018-11-12_cluster_None,2018,2018-10-29,2018-11-12,14,,3,D:\M2_MoSEF\Acclim\DataCollection\data\JRC_flood_depth_maps\2018_filtered\WD_MERGE_2018-10-29---2018-11-12_duration_14_days_cluster_271_A0_000043_A_000064_lat_04503_lon_00990_size_0026.tif,0,,3638,2267
2018-11-05---2018-11-12_cluster_None,2018,2018-11-05,2018-11-12,7,,5,D:\M2_MoSEF\Acclim\DataCollection\data\JRC_flood_depth_maps\2018_filtered\WD_MERGE_2018-11-05---2018-11-12_duration_7_days_cluster_281_A0_000021_A_000040_lat_04070_lon_-0866_size_0004.tif,0,,0,244
2018-11-05---2018-11-26_cluster_None,2018,2018-11-05,2018-11-26,21,,2,D:\M2_MoSEF\Acclim\DataCollection\data\JRC_flood_depth_maps\2018_filtered\WD_MERGE_2018-11-05---2018-11-26_duration_21_days_cluster_282_A0_000009_A_000011_lat_04856_lon_-0342_size_0108.tif,0,,752,265
2018-11-05---2018-12-03_cluster_None,2018,2018-11-05,2018-12-03,28,,1,D:\M2_MoSEF\Acclim\DataCollection\data\JRC_flood_depth_maps\2018_filtered\WD_MERGE_2018-11-05---2018-12-03_duration_28_days_cluster_286_A0_000016_A_000019_lat_03599_lon_01068_size_0088.tif,0,,0,0
2018-11-12---2018-11-26_cluster_None,2018,2018-11-12,2018-11-26,14,,2,D:\M2_MoSEF\Acclim\DataCollection\data\JRC_flood_depth_maps\2018_filtered\WD_MERGE_2018-11-12---2018-11-26_duration_14_days_cluster_296_A0_000083_A_000097_lat_05330_lon_01073_size_0063.tif,0,,234,597
2018-11-19---2018-11-26_cluster_None,2018,2018-11-19,2018-11-26,7,,6,D:\M2_MoSEF\Acclim\DataCollection\data\JRC_flood_depth_maps\2018_filtered\WD_MERGE_2018-11-19---2018-11-26_duration_7_days_cluster_303_A0_000003_A_000004_lat_05442_lon_-0901_size_0071.tif,0,,3638,2267
2018-11-19---2018-12-03_cluster_None,2018,2018-11-19,2018-12-03,14,,2,D:\M2_MoSEF\Acclim\DataCollection\data\JRC_flood_depth_maps\2018_filtered\WD_MERGE_2018-11-19---2018-12-03_duration_14_days_cluster_307_A0_000008_A_000008_lat_04133_lon_01343_size_0027.tif,0,,0,0
2018-11-26---2018-12-03_cluster_None,2018,2018-11-26,2018-12-03,7,,10,D:\M2_MoSEF\Acclim\DataCollection\data\JRC_flood_depth_maps\2018_filtered\WD_MERGE_2018-11-26---2018-12-03_duration_7_days_cluster_313_A0_000001_A_000002_lat_04269_lon_-0895_size_0022.tif,0,,1469,4915
2018-12-03---2018-12-10_cluster_None,2018,2018-12-03,2018-12-10,7,,4,D:\M2_MoSEF\Acclim\DataCollection\data\JRC_flood_depth_maps\2018_filtered\WD_MERGE_2018-12-03---2018-12-10_duration_7_days_cluster_326_A0_000001_A_000001_lat_03882_lon_-0022_size_0015.tif,0,,0,0
2018-12-03---2019-01-07_cluster_None,2018,2018-12-03,2019-01-07,35,,2,D:\M2_MoSEF\Acclim\DataCollection\data\JRC_flood_depth_maps\2018_filtered\WD_MERGE_2018-12-03---2019-01-07_duration_35_days_cluster_328_A0_000018_A_000021_lat_04628_lon_00810_size_0137.tif,31,Appeville; Auvers; Bouquemont; Brives-sur-Charente; Brécy-Brières; Carentan-les-Marais; Cendrey; Conflandey; Courcoury; Créances; Fleurey-lès-Faverney; Graignes-Mesnil-Angot; La Ferté-sur-Chiers; Les Gonds; Les Petites-Armoises; Liesville-sur-Douve; Merpins; Montlebon; Picauville; Pont-Hébert; Rouffiac; Saint-André-de-Bohon; Saint-Malo-de-Guersac; Saint-Sever-de-Saintonge; Saint-Sulpice; Salignac-sur-Charente; Tribehou; Vandy; Varenguebec; Vaux-lès-Mouzon; Écouflant,28030,9045
2018-12-31---2019-02-04_cluster_None,2019,2018-12-31,2019-02-04,35,,1,D:\M2_MoSEF\Acclim\DataCollection\data\JRC_flood_depth_maps\2019_filtered\WD_MERGE_2018-12-31---2019-02-04_duration_35_days_cluster_003_A0_000514_A_000635_lat_05181_lon_01396_size_0516.tif,4,Carentan-les-Marais; Graignes-Mesnil-Angot; Saint-André-de-Bohon; Tribehou,33262,1484
2019-01-14---2019-03-11_cluster_None,2019,2019-01-14,2019-03-11,35,,1,D:\M2_MoSEF\Acclim\DataCollection\data\JRC_flood_depth_maps\2019_filtered\WD_MERGE_2019-01-14---2019-03-11_duration_35_days_cluster_329_A0_000159_A_000198_lat_04726_lon_01884_size_0422.tif,0,,4073,10294
2019-01-21---2019-02-11_cluster_None,2019,2019-01-21,2019-02-11,21,,1,D:\M2_MoSEF\Acclim\DataCollection\data\JRC_flood_depth_maps\2019_filtered\WD_MERGE_2019-01-21---2019-02-11_duration_21_days_cluster_026_A0_000107_A_000135_lat_03926_lon_-0446_size_0406.tif,2,Montaut; Pey,815,3039
2019-01-21---2019-02-25_cluster_None,2019,2019-01-21,2019-02-25,28,,1,D:\M2_MoSEF\Acclim\DataCollection\data\JRC_flood_depth_maps\2019_filtered\WD_MERGE_2019-01-21---2019-02-25_duration_28_days_cluster_027_A0_000234_A_000293_lat_04921_lon_00044_size_0162.tif,40,Airel; Appeville; Auvers; Boutteville; Bricqueville; Briollay; Brétigny; Carentan-les-Marais; Colombières; Créances; Deuillet; Giraumont; Graignes-Mesnil-Angot; La Ferté-sur-Chiers; Lassay-les-Châteaux; Le Gua; Liesville-sur-Douve; Mandeville-en-Bessin; Miniac-Morvan; Moulins-le-Carbonnel; Picauville; Pont-Hébert; Remilly Les Marais; Saint-André-de-Bohon; Saint-Fromond; Saint-Molf; Sainte-Jamme-sur-Sarthe; Servais; Sevrai; Terre-et-Marais; Thubœuf; Torchamp; Tribehou; Trévières; Vandy; Varenguebec; Varesnes; Vigneul-sous-Montmédy; Écouflant; Étaules,25470,6106
2019-01-28---2019-02-11_cluster_None,2019,2019-01-28,2019-02-11,14,,1,D:\M2_MoSEF\Acclim\DataCollection\data\JRC_flood_depth_maps\2019_filtered\WD_MERGE_2019-01-28---2019-02-11_duration_14_days_cluster_035_A0_000004_A_000006_lat_04368_lon_00444_size_0026.tif,1,Anzat-le-Luguet,3599,1154
2019-01-28---2019-02-18_cluster_None,2019,2019-01-28,2019-02-18,21,,1,D:\M2_MoSEF\Acclim\DataCollection\data\JRC_flood_depth_maps\2019_filtered\WD_MERGE_2019-01-28---2019-02-18_duration_21_days_cluster_036_A0_000040_A_000044_lat_03707_lon_00975_size_0019.tif,0,,0,0
2019-02-11---2019-03-11_cluster_None,2019,2019-02-11,2019-03-11,28,,1,D:\M2_MoSEF\Acclim\DataCollection\data\JRC_flood_depth_maps\2019_filtered\WD_MERGE_2019-02-11---2019-03-11_duration_28_days_cluster_331_A0_000459_A_000544_lat_05542_lon_01612_size_0362.tif,0,,1235,9018
2019-02-18---2019-02-25_cluster_None,2019,2019-02-18,2019-02-25,7,,3,D:\M2_MoSEF\Acclim\DataCollection\data\JRC_flood_depth_maps\2019_filtered\WD_MERGE_2019-02-18---2019-02-25_duration_7_days_cluster_055_A0_000003_A_000003_lat_03736_lon_-0510_size_0006.tif,4,Billiers; Saint-Malo-de-Guersac; Saint-Molf; Trignac,752,265
2019-02-25---2019-03-04_cluster_None,2019,2019-02-25,2019-03-04,7,,3,D:\M2_MoSEF\Acclim\DataCollection\data\JRC_flood_depth_maps\2019_filtered\WD_MERGE_2019-02-25---2019-03-04_duration_7_days_cluster_059_A0_000002_A_000002_lat_04109_lon_-0149_size_0012.tif,0,,0,244
2019-03-04---2019-04-08_cluster_None,2019,2019-03-04,2019-04-08,28,,1,D:\M2_MoSEF\Acclim\DataCollection\data\JRC_flood_depth_maps\2019_filtered\WD_MERGE_2019-03-04---2019-04-08_duration_28_days_cluster_333_A0_000653_A_000885_lat_05154_lon_00036_size_0450.tif,53,Aboncourt-sur-Seille; Aire; Amigny-Rouy; Ancemont; Andelain; Bannoncourt; Besné; Beuzeville-la-Bastille; Bouquemont; Brissay-Choigny; Brétigny; Charmes; Chauvoncourt; Commercy; Cormicy; Damerey; Deuillet; Dieue-sur-Meuse; Donges; Gigny-sur-Saône; Hazembourg; Insming; La Chapelle-Heulin; La Ferté-sur-Chiers; La Fère; La Neuville-à-Maire; Les Monthairons; Les Petites-Armoises; Liesville-sur-Douve; Maizeroy; Maizey; Manicamp; Margut; Marnay; Origny-Sainte-Benoite; Pagney; Pontoise-lès-Noyon; Proisy; Remies; Rigny-la-Salle; Rouvrois-sur-Meuse; Saint-Malo-de-Guersac; Saint-Remy-du-Nord; Servais; Seveux-Motey; Thervay; Varesnes; Vaux-lès-Mouzon; Vellexon-Queutrey-et-Vaudey; Vieux-lès-Asfeld; Vigneul-sous-Montmédy; Vitreux; Échigey,25470,6106
2019-03-11---2019-03-18_cluster_None,2019,2019-03-11,2019-03-18,7,,6,D:\M2_MoSEF\Acclim\DataCollection\data\JRC_flood_depth_maps\2019_filtered\WD_MERGE_2019-03-11---2019-03-18_duration_7_days_cluster_068_A0_000002_A_000002_lat_05909_lon_-0281_size_0022.tif,0,,0,0
2019-03-11---2019-04-22_cluster_None,2019,2019-03-11,2019-04-22,42,,1,D:\M2_MoSEF\Acclim\DataCollection\data\JRC_flood_depth_maps\2019_filtered\WD_MERGE_2019-03-11---2019-04-22_duration_42_days_cluster_334_A0_001258_A_001642_lat_05896_lon_01956_size_0299.tif,0,,0,1246
2019-03-18---2019-04-01_cluster_None,2019,2019-03-18,2019-04-01,14,,2,D:\M2_MoSEF\Acclim\DataCollection\data\JRC_flood_depth_maps\2019_filtered\WD_MERGE_2019-03-18---2019-04-01_duration_14_days_cluster_078_A0_000030_A_000035_lat_03642_lon_01021_size_0048.tif,0,,0,0
2019-04-01---2019-04-08_cluster_None,2019,2019-04-01,2019-04-08,7,,2,D:\M2_MoSEF\Acclim\DataCollection\data\JRC_flood_depth_maps\2019_filtered\WD_MERGE_2019-04-01---2019-04-08_duration_7_days_cluster_084_A0_000011_A_000014_lat_04962_lon_-0311_size_0106.tif,0,,4633,2847
2019-04-01---2019-04-22_cluster_None,2019,2019-04-01,2019-04-22,21,,2,D:\M2_MoSEF\Acclim\DataCollection\data\JRC_flood_depth_maps\2019_filtered\WD_MERGE_2019-04-01---2019-04-22_duration_21_days_cluster_085_A0_000034_A_000040_lat_04370_lon_00477_size_0028.tif,0,,3638,2267
2019-04-15---2019-04-22_cluster_None,2019,2019-04-15,2019-04-22,7,,8,D:\M2_MoSEF\Acclim\DataCollection\data\JRC_flood_depth_maps\2019_filtered\WD_MERGE_2019-04-15---2019-04-22_duration_7_days_cluster_100_A0_000001_A_000002_lat_05125_lon_-0520_size_0057.tif,0,,360,180
2019-04-22---2019-04-29_cluster_None,2019,2019-04-22,2019-04-29,7,,5,D:\M2_MoSEF\Acclim\DataCollection\data\JRC_flood_depth_maps\2019_filtered\WD_MERGE_2019-04-22---2019-04-29_duration_7_days_cluster_111_A0_000004_A_000004_lat_04865_lon_-0374_size_0022.tif,0,,752,264
2019-04-29---2019-06-17_cluster_None,2019,2019-04-29,2019-06-17,35,,1,D:\M2_MoSEF\Acclim\DataCollection\data\JRC_flood_depth_maps\2019_filtered\WD_MERGE_2019-04-29---2019-06-17_duration_35_days_cluster_116_A0_000452_A_000518_lat_04056_lon_00008_size_0153.tif,2,Mas-Blanc-des-Alpilles; Saint-Paulet-de-Caisson,9484,4846
2019-05-06---2019-05-13_cluster_None,2019,2019-05-06,2019-05-13,7,,3,D:\M2_MoSEF\Acclim\DataCollection\data\JRC_flood_depth_maps\2019_filtered\WD_MERGE_2019-05-06---2019-05-13_duration_7_days_cluster_118_A0_000001_A_000001_lat_04581_lon_01285_size_0026.tif,0,,0,0
2019-05-13---2019-05-20_cluster_None,2019,2019-05-13,2019-05-20,7,,4,D:\M2_MoSEF\Acclim\DataCollection\data\JRC_flood_depth_maps\2019_filtered\WD_MERGE_2019-05-13---2019-05-20_duration_7_days_cluster_123_A0_000002_A_000003_lat_04682_lon_-0197_size_0004.tif,0,,79,836
2019-05-13---2019-07-22_cluster_None,2019,2019-05-13,2019-07-22,70,,1,D:\M2_MoSEF\Acclim\DataCollection\data\JRC_flood_depth_maps\2019_filtered\WD_MERGE_2019-05-13---2019-07-22_duration_70_days_cluster_341_A0_000618_A_000877_lat_04834_lon_02206_size_0503.tif,0,,0,427
2019-06-03---2019-06-10_cluster_None,2019,2019-06-03,2019-06-10,7,,5,D:\M2_MoSEF\Acclim\DataCollection\data\JRC_flood_depth_maps\2019_filtered\WD_MERGE_2019-06-03---2019-06-10_duration_7_days_cluster_138_A0_000003_A_000004_lat_04967_lon_-0434_size_0154.tif,0,,752,265
2019-06-17---2019-06-24_cluster_None,2019,2019-06-17,2019-06-24,7,,7,D:\M2_MoSEF\Acclim\DataCollection\data\JRC_flood_depth_maps\2019_filtered\WD_MERGE_2019-06-17---2019-06-24_duration_7_days_cluster_151_A0_000001_A_000002_lat_04796_lon_-0387_size_0049.tif,0,,752,264
2019-06-17---2019-07-01_cluster_None,2019,2019-06-17,2019-07-01,14,,3,D:\M2_MoSEF\Acclim\DataCollection\data\JRC_flood_depth_maps\2019_filtered\WD_MERGE_2019-06-17---2019-07-01_duration_14_days_cluster_150_A0_000042_A_000061_lat_04029_lon_-0723_size_0134.tif,0,,4414,3129
2019-06-24---2019-07-01_cluster_None,2019,2019-06-24,2019-07-01,7,,2,D:\M2_MoSEF\Acclim\DataCollection\data\JRC_flood_depth_maps\2019_filtered\WD_MERGE_2019-06-24---2019-07-01_duration_7_days_cluster_161_A0_000001_A_000001_lat_05102_lon_00652_size_0007.tif,0,,1235,1098
2019-07-01---2019-07-08_cluster_None,2019,2019-07-01,2019-07-08,7,,5,D:\M2_MoSEF\Acclim\DataCollection\data\JRC_flood_depth_maps\2019_filtered\WD_MERGE_2019-07-01---2019-07-08_duration_7_days_cluster_164_A0_000009_A_000010_lat_04874_lon_-0374_size_0015.tif,0,,752,264
2019-07-08---2019-07-15_cluster_None,2019,2019-07-08,2019-07-15,7,,5,D:\M2_MoSEF\Acclim\DataCollection\data\JRC_flood_depth_maps\2019_filtered\WD_MERGE_2019-07-08---2019-07-15_duration_7_days_cluster_172_A0_000004_A_000004_lat_04949_lon_-0128_size_0018.tif,0,,3931,1930
2019-07-29---2019-08-05_cluster_None,2019,2019-07-29,2019-08-05,7,,6,D:\M2_MoSEF\Acclim\DataCollection\data\JRC_flood_depth_maps\2019_filtered\WD_MERGE_2019-07-29---2019-08-05_duration_7_days_cluster_193_A0_000001_A_000002_lat_04248_lon_-0231_size_0106.tif,0,,4746,2743
2019-08-05---2019-08-12_cluster_None,2019,2019-08-05,2019-08-12,7,,4,D:\M2_MoSEF\Acclim\DataCollection\data\JRC_flood_depth_maps\2019_filtered\WD_MERGE_2019-08-05---2019-08-12_duration_7_days_cluster_202_A0_000008_A_000014_lat_06359_lon_-1827_size_0014.tif,0,,3599,1154
2019-08-12---2019-08-19_cluster_None,2019,2019-08-12,2019-08-19,7,,1,D:\M2_MoSEF\Acclim\DataCollection\data\JRC_flood_depth_maps\2019_filtered\WD_MERGE_2019-08-12---2019-08-19_duration_7_days_cluster_210_A0_000002_A_000003_lat_04945_lon_00219_size_0047.tif,1,Bus-la-Mésière,7498,2028
2019-08-19---2019-08-26_cluster_None,2019,2019-08-19,2019-08-26,7,,1,D:\M2_MoSEF\Acclim\DataCollection\data\JRC_flood_depth_maps\2019_filtered\WD_MERGE_2019-08-19---2019-08-26_duration_7_days_cluster_215_A0_000014_A_000017_lat_05117_lon_00111_size_0170.tif,0,,234,3817
2019-08-19---2019-09-09_cluster_None,2019,2019-08-19,2019-09-09,21,,1,D:\M2_MoSEF\Acclim\DataCollection\data\JRC_flood_depth_maps\2019_filtered\WD_MERGE_2019-08-19---2019-09-09_duration_21_days_cluster_214_A0_000067_A_000100_lat_03894_lon_-0700_size_0250.tif,0,,0,209
2019-08-26---2019-09-02_cluster_None,2019,2019-08-26,2019-09-02,7,,3,D:\M2_MoSEF\Acclim\DataCollection\data\JRC_flood_depth_maps\2019_filtered\WD_MERGE_2019-08-26---2019-09-02_duration_7_days_cluster_218_A0_000001_A_000002_lat_05171_lon_-0491_size_0004.tif,0,,0,171
2019-09-02---2019-09-09_cluster_None,2019,2019-09-02,2019-09-09,7,,2,D:\M2_MoSEF\Acclim\DataCollection\data\JRC_flood_depth_maps\2019_filtered\WD_MERGE_2019-09-02---2019-09-09_duration_7_days_cluster_222_A0_000004_A_000005_lat_04779_lon_-0350_size_0074.tif,0,,752,264
2019-09-02---2019-09-16_cluster_None,2019,2019-09-02,2019-09-16,14,,2,D:\M2_MoSEF\Acclim\DataCollection\data\JRC_flood_depth_maps\2019_filtered\WD_MERGE_2019-09-02---2019-09-16_duration_14_days_cluster_223_A0_000015_A_000017_lat_05176_lon_-0155_size_0112.tif,0,,0,244
2019-09-09---2019-09-16_cluster_None,2019,2019-09-09,2019-09-16,7,,4,D:\M2_MoSEF\Acclim\DataCollection\data\JRC_flood_depth_maps\2019_filtered\WD_MERGE_2019-09-09---2019-09-16_duration_7_days_cluster_229_A0_000015_A_000026_lat_05351_lon_-0002_size_0015.tif,0,,0,0
2019-09-16---2019-09-23_cluster_None,2019,2019-09-16,2019-09-23,7,,2,D:\M2_MoSEF\Acclim\DataCollection\data\JRC_flood_depth_maps\2019_filtered\WD_MERGE_2019-09-16---2019-09-23_duration_7_days_cluster_235_A0_000014_A_000017_lat_05028_lon_01037_size_0108.tif,0,,3650,3361
2019-09-23---2019-10-21_cluster_None,2019,2019-09-23,2019-10-21,28,,1,D:\M2_MoSEF\Acclim\DataCollection\data\JRC_flood_depth_maps\2019_filtered\WD_MERGE_2019-09-23---2019-10-21_duration_28_days_cluster_346_A0_000296_A_000373_lat_05307_lon_-0336_size_0186.tif,1,La Plaine-sur-Mer,12226,6171
2019-10-07---2019-12-02_cluster_None,2019,2019-10-07,2019-12-02,42,,1,D:\M2_MoSEF\Acclim\DataCollection\data\JRC_flood_depth_maps\2019_filtered\WD_MERGE_2019-10-07---2019-12-02_duration_42_days_cluster_348_A0_000880_A_001045_lat_04970_lon_-0128_size_0367.tif,43,Airel; Appeville; Auvers; Beuzeville-la-Bastille; Boutteville; Bricqueville; Brives-sur-Charente; Bussac-sur-Charente; Carentan-les-Marais; Colombières; Courcoury; Créances; Donville-les-Bains; Fontcouverte; Graignes-Mesnil-Angot; La Gripperie-Saint-Symphorien; La Plaine-sur-Mer; La Ronde; Les Gonds; Liesville-sur-Douve; Mandeville-en-Bessin; Merpins; Miniac-Morvan; Méautis; Médavy; Picauville; Pont-Hébert; Remilly Les Marais; Rouffiac; Saint-André-de-Bohon; Saint-Estèphe; Saint-Fromond; Saint-Jean-de-Daye; Saint-Martin-des-Champs; Saint-Sever-de-Saintonge; Saint-Vaize; Salignac-sur-Charente; Sèvremont; Tribehou; Trévières; Varenguebec; Écouflant; Épannes,30865,3521
2019-10-14---2019-10-21_cluster_None,2019,2019-10-14,2019-10-21,7,,8,D:\M2_MoSEF\Acclim\DataCollection\data\JRC_flood_depth_maps\2019_filtered\WD_MERGE_2019-10-14---2019-10-21_duration_7_days_cluster_261_A0_000021_A_000039_lat_03974_lon_-0839_size_0113.tif,1,Port-Louis,752,264
2019-10-21---2019-10-28_cluster_None,2019,2019-10-21,2019-10-28,7,,4,D:\M2_MoSEF\Acclim\DataCollection\data\JRC_flood_depth_maps\2019_filtered\WD_MERGE_2019-10-21---2019-10-28_duration_7_days_cluster_270_A0_000005_A_000005_lat_05909_lon_-0285_size_0025.tif,0,,69,249
2019-10-28---2019-11-04_cluster_None,2019,2019-10-28,2019-11-04,7,,8,D:\M2_MoSEF\Acclim\DataCollection\data\JRC_flood_depth_maps\2019_filtered\WD_MERGE_2019-10-28---2019-11-04_duration_7_days_cluster_274_A0_000002_A_000003_lat_03573_lon_-0585_size_0021.tif,0,,0,0
2019-11-04---2020-01-06_cluster_None,2019,2019-11-04,2020-01-06,56,,1,D:\M2_MoSEF\Acclim\DataCollection\data\JRC_flood_depth_maps\2019_filtered\WD_MERGE_2019-11-04---2020-01-06_duration_56_days_cluster_351_A0_000915_A_001176_lat_04685_lon_00678_size_0668.tif,59,Airel; Appeville; Auvers; Besné; Beuzeville-la-Bastille; Blaignan-Prignac; Boutteville; Bricqueville; Briollay; Brives-sur-Charente; Bussac-sur-Charente; Carentan-les-Marais; Chaudefonds-sur-Layon; Colombières; Courcoury; Créances; Domsure; Donges; Fontcouverte; Geay; Graignes-Mesnil-Angot; Guenrouet; Jouvençon; La Gripperie-Saint-Symphorien; Les Gonds; Lesparre-Médoc; Liesville-sur-Douve; Machecoul-Saint-Même; Mandeville-en-Bessin; Massérac; Merpins; Miniac-Morvan; Montlebon; Méautis; Peyrolles-en-Provence; Pierric; Pont-Hébert; Port-Saint-Père; Remilly Les Marais; Rouffiac; Saint-André-de-Bohon; Saint-Estèphe; Saint-Fromond; Saint-Jean-de-Daye; Saint-Lumine-de-Coutais; Saint-Malo-de-Guersac; Saint-Mars-de-Coutais; Saint-Nicolas-de-Redon; Saint-Philbert-de-Grand-Lieu; Saint-Sever-de-Saintonge; Saint-Sornin; Saint-Vaize; Salignac-sur-Charente; Soulac-sur-Mer; Tribehou; Varenguebec; Vinon-sur-Verdon; Écouflant; Étaules,34746,0
2019-11-11---2019-11-18_cluster_None,2019,2019-11-11,2019-11-18,7,,8,D:\M2_MoSEF\Acclim\DataCollection\data\JRC_flood_depth_maps\2019_filtered\WD_MERGE_2019-11-11---2019-11-18_duration_7_days_cluster_290_A0_000021_A_000035_lat_04058_lon_-0868_size_0023.tif,0,,0,0
2019-11-18---2020-01-06_cluster_None,2019,2019-11-18,2020-01-06,42,,1,D:\M2_MoSEF\Acclim\DataCollection\data\JRC_flood_depth_maps\2019_filtered\WD_MERGE_2019-11-18---2020-01-06_duration_42_days_cluster_353_A0_000853_A_001110_lat_04494_lon_-0368_size_0472.tif,80,Angers; Angles; Appeville; Auvers; Bidache; Blaignan-Prignac; Boissei-la-Lande; Boutteville; Briollay; Brives-sur-Charente; Bussac-sur-Charente; Candresse; Carentan-les-Marais; Castelmaurou; Champagne; Chaudefonds-sur-Layon; Châteaubernard; Colombiers; Colombières; Courcoury; Dax; Fontcouverte; Geay; Goos; Gouts; Graignes-Mesnil-Angot; Grues; La Gripperie-Saint-Symphorien; La Plaine-sur-Mer; La Ronde; Le Gua; Les Gonds; Les Peintures; Lesparre-Médoc; Liesville-sur-Douve; Merpins; Miniac-Morvan; Mugron; Méautis; Nerbis; Noyal-sur-Vilaine; Onard; Orist; Pey; Picauville; Poyanne; Raids; Remilly Les Marais; Rouffiac; Saint-André-de-Bohon; Saint-Denis-du-Payré; Saint-Estèphe; Saint-Fromond; Saint-Jean-de-Daye; Saint-Jean-de-Lier; Saint-Malo-de-Guersac; Saint-Martial-d'Artenset; Saint-Mesmin; Saint-Médard-de-Mussidan; Saint-Sever-de-Saintonge; Saint-Sornin; Saint-Vaize; Saint-Étienne-d'Orthe; Sainte-Jamme-sur-Sarthe; Salignac-sur-Charente; Saujon; Soulac-sur-Mer; Sèvremont; Tercis-les-Bains; Thizay; Thubœuf; Toulouzette; Tribehou; Trignac; Varenguebec; Vicq-d'Auribat; Yzosse; Écouflant; Épannes; Étaules,30865,3521
2019-11-25---2019-12-02_cluster_None,2019,2019-11-25,2019-12-02,7,,3,D:\M2_MoSEF\Acclim\DataCollection\data\JRC_flood_depth_maps\2019_filtered\WD_MERGE_2019-11-25---2019-12-02_duration_7_days_cluster_301_A0_000006_A_000007_lat_04102_lon_01399_size_0002.tif,0,,0,0
2019-11-25---2020-01-06_cluster_None,2019,2019-11-25,2020-01-06,42,,1,D:\M2_MoSEF\Acclim\DataCollection\data\JRC_flood_depth_maps\2019_filtered\WD_MERGE_2019-11-25---2020-01-06_duration_42_days_cluster_354_A0_001418_A_001778_lat_04942_lon_-0006_size_0345.tif,187,Aboncourt-sur-Seille; Aire; Airel; Ambly-Fleury; Amigny-Rouy; Ancemont; Angers; Angles; Appeville; Auvers; Avessac; Bannoncourt; Belleray; Belleville-sur-Meuse; Besné; Bey-sur-Seille; Bistroff; Blacy; Blaignan-Prignac; Boissei-la-Lande; Bouquemont; Boutteville; Bouée; Bricqueville; Briollay; Brives-sur-Charente; Brixey-aux-Chanoines; Bruz; Brétigny; Buré; Bussac-sur-Charente; Carentan-les-Marais; Chalaines; Champagne; Champdolent; Champneuville; Charny-sur-Meuse; Chaudefonds-sur-Layon; Chauvoncourt; Châteaubernard; Châteauneuf-sur-Charente; Colombiers; Colombières; Commercy; Concevreux; Cormicy; Corzé; Courcoury; Créances; Davrey; Dieue-sur-Meuse; Dissay-sous-Courcillon; Donges; Fontcouverte; Fulvy; Fégréac; Gatteville-le-Phare; Geay; Gigny-sur-Saône; Gimeux; Glanon; Graignes-Mesnil-Angot; Grues; Hampigny; Hazembourg; Jouvençon; La Chapelle; La Ferté-sur-Chiers; La Gripperie-Saint-Symphorien; La Neuville-à-Maire; La Ronde; Le Chemin; Le Gua; Le Gué-de-Velluire; Le Mung; Les Gonds; Les Monthairons; Les Nouillers; Les Peintures; Les Petites-Armoises; Lesparre-Médoc; Liesville-sur-Douve; Lupsault; Luzy-Saint-Martin; Machecoul-Saint-Même; Maizeroy; Maizey; Malestroit; Mandeville-en-Bessin; Margut; Marnay; Marre; Massérac; Matougues; Maxey-sur-Vaise; Merpins; Miniac-Morvan; Moitron-sur-Sarthe; Mont-devant-Sassey; Mont-lès-Seurre; Montlebon; Moulins-le-Carbonnel; Mozé-sur-Louet; Muttersholtz; Méautis; Médavy; Neuville-sur-Sarthe; Noyal-sur-Vilaine; Pagney; Peillac; Picauville; Pierric; Pont-Hébert; Pontoise-lès-Noyon; Port-Saint-Père; Pouan-les-Vallées; Raids; Rances; Remilly Les Marais; Remilly-Aillicourt; Rigny-la-Salle; Rochefort-sur-Loire; Rouffiac; Rouvrois-sur-Meuse; Sablons; Saint-Aignan; Saint-André-de-Bohon; Saint-Denis-du-Payré; Saint-Estèphe; Saint-Fromond; Saint-Gravé; Saint-Jean-de-Daye; Saint-Jean-de-Liversay; Saint-Lumine-de-Coutais; Saint-Mars-de-Coutais; Saint-Martial-d'Artenset; Saint-Martin-aux-Champs; Saint-Martin-sur-Oust; Saint-Mesmin; Saint-Médard-de-Guizières; Saint-Médard-de-Mussidan; Saint-Nicolas-de-Redon; Saint-Paterne - Le Chevain; Saint-Pavace; Saint-Philbert-de-Grand-Lieu; Saint-Sever-de-Saintonge; Saint-Sornin; Saint-Vaize; Saint-Vincent-sur-Oust; Sainte-Jamme-sur-Sarthe; Salignac-sur-Charente; Sassey-sur-Meuse; Saujon; Sepvigny; Servais; Servon-Melzicourt; Seveux-Motey; Sinceny; Sourzac; Sèvremont; Sévérac; Taizy; Tannay-le-Mont-Dieu; Thervay; Thizay; Thubœuf; Tribehou; Trévières; Val-du-Layon; Vandy; Varenguebec; Varesnes; Vaux-lès-Mouzon; Vecqueville; Vellexon-Queutrey-et-Vaudey; Vieux-lès-Asfeld; Villers-devant-Mouzon; Vitreux; Void-Vacon; Voissay; Woimbey; Éblange; Écouflant; Épannes; Étaules; Étriché,25470,6106
2019-12-23---2020-01-06_cluster_None,2019,2019-12-23,2020-01-06,14,,2,D:\M2_MoSEF\Acclim\DataCollection\data\JRC_flood_depth_maps\2019_filtered\WD_MERGE_2019-12-23---2020-01-06_duration_14_days_cluster_322_A0_000005_A_000007_lat_03482_lon_01117_size_0009.tif,0,,0,0
2019-12-30---2020-01-13_cluster_None,2020,2019-12-30,2020-01-13,14,,1,D:\M2_MoSEF\Acclim\DataCollection\data\JRC_flood_depth_maps\2020_filtered\WD_MERGE_2019-12-30---2020-01-13_duration_14_days_cluster_004_A0_000046_A_000063_lat_04471_lon_01683_size_0086.tif,0,,0,0
2019-12-30---2020-01-20_cluster_None,2020,2019-12-30,2020-01-20,21,,1,D:\M2_MoSEF\Acclim\DataCollection\data\JRC_flood_depth_maps\2020_filtered\WD_MERGE_2019-12-30---2020-01-20_duration_21_days_cluster_002_A0_000005_A_000006_lat_04430_lon_00659_size_0189.tif,0,,3638,2267
2019-12-30---2020-02-10_cluster_None,2020,2019-12-30,2020-02-10,42,,2,D:\M2_MoSEF\Acclim\DataCollection\data\JRC_flood_depth_maps\2020_filtered\WD_MERGE_2019-12-30---2020-02-10_duration_42_days_cluster_008_A0_000333_A_000383_lat_03695_lon_03530_size_0036.tif,163,Abaucourt; Aboncourt-sur-Seille; Aire; Airel; Ambly-Fleury; Ambly-sur-Meuse; Amigny-Rouy; Ancemont; Andelain; Appeville; Athis; Attigny; Aulnay-sur-Marne; Autreppes; Auvers; Bannoncourt; Belleray; Belleville-sur-Meuse; Bettange; Bey-sur-Seille; Blacy; Blignicourt; Bouquemont; Boutteville; Bouée; Bricqueville; Brieulles-sur-Meuse; Briollay; Brissay-Choigny; Brétigny; Carentan-les-Marais; Chalandry; Champneuville; Charny-sur-Meuse; Chauvoncourt; Cherville; Chouilly; Colombières; Commercy; Concevreux; Cormicy; Cornay; Courcelles-Chaussy; Couëron; Créances; Cuvry; Danizy; Dannevoux; Deuillet; Dieue-sur-Meuse; Donges; Duzey; Frémery; Gavisse; Giraumont; Givry; Glaire; Graignes-Mesnil-Angot; Grandham; Hampigny; Hampont; Hannocourt; Harskirchen; Hazembourg; Hinsingen; Holling; Insming; Jâlons; La Ferté-sur-Chiers; La Fère; La Neuville-à-Maire; Le Chemin; Les Monthairons; Les Petites-Armoises; Ley; Liesville-sur-Douve; Liny-devant-Dun; Lisle-en-Barrois; Loisy-sur-Marne; Lucy; Luzy-Saint-Martin; Létricourt; Maizeroy; Maizey; Maizy; Mandeville-en-Bessin; Manhoué; Mardeuil; Margut; Marre; Matougues; Miniac-Morvan; Moncel-sur-Seille; Mont-devant-Sassey; Morville-sur-Seille; Méautis; Oiry; Origny-Sainte-Benoite; Pommérieux; Pont-Arcy; Pont-Hébert; Pontoise-lès-Noyon; Port-Saint-Père; Port-sur-Seille; Pouan-les-Vallées; Proisy; Prévocourt; Puxe; Rances; Regnéville-sur-Meuse; Remies; Remilly Les Marais; Remilly-Aillicourt; Reviers; Rigny-la-Salle; Rouvrois-sur-Meuse; Saint-Aignan; Saint-André-de-Bohon; Saint-Fromond; Saint-Germain-sur-Meuse; Saint-Gibrien; Saint-Jean-de-Daye; Saint-Martin-aux-Champs; Saint-Nicolas-de-Redon; Saint-Thomas-en-Argonne; Saint-Viaud; Sanry-sur-Nied; Sarry; Sassey-sur-Meuse; Servais; Servon-Melzicourt; Seuil; Sinceny; Songy; Taizy; Tannay-le-Mont-Dieu; Terre-et-Marais; Tilly-sur-Meuse; Tribehou; Trévières; Tétaigne; Vadonville; Vahl-lès-Bénestroff; Vallentigny; Vandy; Varenguebec; Varesnes; Vaux-lès-Mouron; Vaux-lès-Mouzon; Venizel; Verny; Verrières; Vienne-la-Ville; Vieux-lès-Asfeld; Vigneul-sous-Montmédy; Villers-devant-Mouzon; Villers-sur-Bar; Vitry-la-Ville; Void-Vacon; Wadelincourt; Woimbey; Éblange; Écouflant,13404,9191
2019-12-30---2020-02-24_cluster_None,2020,2019-12-30,2020-02-24,56,,1,D:\M2_MoSEF\Acclim\DataCollection\data\JRC_flood_depth_maps\2020_filtered\WD_MERGE_2019-12-30---2020-02-24_duration_56_days_cluster_370_A0_001092_A_001400_lat_04760_lon_00017_size_0374.tif,202,Aire; Airel; Ambly-Fleury; Ambly-sur-Meuse; Amigny-Rouy; Ancemont; Andelain; Appeville; Athis; Attigny; Aulnay-sur-Marne; Autreppes; Auvers; Avessac; Balléville; Bannoncourt; Belleray; Belleville-sur-Meuse; Besné; Blacy; Blignicourt; Bonnay; Bouquemont; Boutteville; Breuvannes-en-Bassigny; Bricqueville; Brieulles-sur-Meuse; Briollay; Brissay-Choigny; Brives-sur-Charente; Brixey-aux-Chanoines; Brétigny; Bussac-sur-Charente; Bénaménil; Camors; Carentan-les-Marais; Cendrey; Chalandry; Champdolent; Champneuville; Chanteheux; Chantes; Charny-sur-Meuse; Chauvoncourt; Cherville; Chouilly; Colombières; Commercy; Concevreux; Conflandey; Cormicy; Cornay; Courcoury; Créances; Cussangy; Cussey-sur-l'Ognon; Danizy; Dannevoux; Davrey; Deuillet; Dieue-sur-Meuse; Donges; Ebersmunster; Fleurey-lès-Faverney; Fontcouverte; Foussemagne; Geay; Givry; Glaire; Graignes-Mesnil-Angot; Grandham; Hampigny; Hilsenheim; Jallerange; Jâlons; La Ferté-sur-Chiers; La Fère; La Neuville-à-Maire; La Ronde; La Teste-de-Buch; Laneuveville-devant-Nancy; Le Chemin; Le Gua; Le Mung; Les Gonds; Les Magny; Les Monthairons; Les Nouillers; Les Petites-Armoises; Liesville-sur-Douve; Liny-devant-Dun; Lisle-en-Barrois; Loisy-sur-Marne; Longevelle; Luzy-Saint-Martin; Machecoul-Saint-Même; Maizey; Maizy; Malestroit; Mandeville-en-Bessin; Mardeuil; Margut; Marre; Massérac; Matougues; Maxey-sur-Vaise; Merpins; Miniac-Morvan; Mont-devant-Sassey; Montaron; Montlebon; Mozé-sur-Louet; Muttersholtz; Méautis; Nieulle-sur-Seudre; Oiry; Origny-Sainte-Benoite; Ougney; Pagney; Peillac; Pierric; Pont-Arcy; Pont-Hébert; Pont-sur-Seine; Pontoise-lès-Noyon; Port-Saint-Père; Pouan-les-Vallées; Proisy; Rances; Raville-sur-Sânon; Regnéville-sur-Meuse; Remies; Remilly Les Marais; Remilly-Aillicourt; Romegoux; Rosières-aux-Salines; Rouffiac; Rouvrois-sur-Meuse; Saint-Aignan; Saint-André-de-Bohon; Saint-Denis-du-Payré; Saint-Fromond; Saint-Gibrien; Saint-Jean-de-Daye; Saint-Jean-la-Poterie; Saint-Malo-de-Guersac; Saint-Mars-de-Coutais; Saint-Martin-aux-Champs; Saint-Nazaire; Saint-Nicolas-de-Redon; Saint-Philbert-de-Grand-Lieu; Saint-Sever-de-Saintonge; Saint-Sulpice; Saint-Thomas-en-Argonne; Saint-Vaize; Saint-Vincent-sur-Oust; Salignac-sur-Charente; Sarry; Sassey-sur-Meuse; Saujon; Sepvigny; Servais; Servon-Melzicourt; Seuil; Seveux-Motey; Sinceny; Soing-Cubry-Charentenay; Songy; Soulac-sur-Mer; Taizy; Tannay-le-Mont-Dieu; Thervay; Tilly-sur-Meuse; Tribehou; Trignac; Trévières; Tétaigne; Vadonville; Vallentigny; Vandy; Varenguebec; Varesnes; Vaux-lès-Mouron; Vaux-lès-Mouzon; Vecqueville; Vellexon-Queutrey-et-Vaudey; Verrières; Vienne-la-Ville; Vieux-lès-Asfeld; Vigneul-sous-Montmédy; Villers-devant-Mouzon; Villers-sur-Bar; Vitreux; Vitry-la-Ville; Void-Vacon; Voissay; Wadelincourt; Waltenheim-sur-Zorn; Woimbey; Écouflant; Étaules; Étrelles-sur-Aube,34746,0
2019-12-30---2020-04-06_cluster_None,2020,2019-12-30,2020-04-06,98,,1,D:\M2_MoSEF\Acclim\DataCollection\data\JRC_flood_depth_maps\2020_filtered\WD_MERGE_2019-12-30---2020-04-06_duration_98_days_cluster_003_A0_000009_A_000012_lat_03650_lon_01019_size_0054.tif,0,,0,0
2020-01-27---2020-02-03_cluster_None,2020,2020-01-27,2020-02-03,7,,3,D:\M2_MoSEF\Acclim\DataCollection\data\JRC_flood_depth_maps\2020_filtered\WD_MERGE_2020-01-27---2020-02-03_duration_7_days_cluster_027_A0_000003_A_000003_lat_04354_lon_00457_size_0017.tif,0,,3599,1154
2020-01-27---2020-03-02_cluster_None,2020,2020-01-27,2020-03-02,35,,1,D:\M2_MoSEF\Acclim\DataCollection\data\JRC_flood_depth_maps\2020_filtered\WD_MERGE_2020-01-27---2020-03-02_duration_35_days_cluster_025_A0_000088_A_000101_lat_04035_lon_00016_size_0085.tif,0,,5529,2041
2020-02-10---2020-03-30_cluster_None,2020,2020-02-10,2020-03-30,42,,3,D:\M2_MoSEF\Acclim\DataCollection\data\JRC_flood_depth_maps\2020_filtered\WD_MERGE_2020-02-10---2020-03-30_duration_42_days_cluster_377_A0_000631_A_000741_lat_05520_lon_01131_size_0260.tif,3,Conflandey; Fleurey-lès-Faverney; Montlebon,3713,27227
2020-02-10---2020-04-13_cluster_None,2020,2020-02-10,2020-04-13,63,,1,D:\M2_MoSEF\Acclim\DataCollection\data\JRC_flood_depth_maps\2020_filtered\WD_MERGE_2020-02-10---2020-04-13_duration_63_days_cluster_376_A0_002105_A_002662_lat_05130_lon_-0049_size_0424.tif,199,Abaucourt; Aboncourt-sur-Seille; Aire; Airel; Ambly-Fleury; Ambly-sur-Meuse; Amigny-Rouy; Ancemont; Andelain; Angers; Appeville; Athis; Aulnay-sur-Marne; Autreppes; Auvers; Avessac; Bannoncourt; Barville; Belleray; Belleville-sur-Meuse; Besné; Beuzeville-la-Bastille; Bey-sur-Seille; Billiers; Bistroff; Blacy; Boischampré; Boissei-la-Lande; Bouquemont; Boutteville; Bouée; Bricqueville; Brieulles-sur-Meuse; Briollay; Brécy-Brières; Brétigny; Buré; Camors; Carentan-les-Marais; Ceton; Chalaines; Champneuville; Charny-sur-Meuse; Chatonrupt-Sommermont; Chaudefonds-sur-Layon; Chauvoncourt; Chouilly; Colombières; Commercy; Concevreux; Cormicy; Cornay; Corzé; Courcelles-Chaussy; Couëron; Créances; Dannevoux; Deuillet; Dieue-sur-Meuse; Dissay-sous-Courcillon; Donges; Duzey; Frémery; Gatteville-le-Phare; Givry; Glaire; Graignes-Mesnil-Angot; Guenrouet; Guémené-Penfao; Hampigny; Han-sur-Nied; Harprich; Hazembourg; Hinsingen; Houtkerque; Insming; Jâlons; La Bruère-sur-Loir; La Chapelle-Heulin; La Ferté-sur-Chiers; La Neuville-à-Maire; Lamouilly; Lavardin; Le Chemin; Les Monthairons; Les Petites-Armoises; Lesches; Liesville-sur-Douve; Luzy-Saint-Martin; Machecoul-Saint-Même; Maizeroy; Maizey; Malestroit; Mandeville-en-Bessin; Manhoué; Margut; Marre; Marçon; Massérac; Matougues; Miniac-Morvan; Moncel-sur-Seille; Mont-devant-Sassey; Montoir-de-Bretagne; Morville-sur-Seille; Mozé-sur-Louet; Méautis; Médavy; Neuvilly-en-Argonne; Noyal-sur-Vilaine; Oiry; Peillac; Picauville; Pierric; Pommérieux; Pont-Hébert; Pont-sur-Seine; Pontoise-lès-Noyon; Port-Saint-Père; Pouan-les-Vallées; Pouilly-sur-Meuse; Proisy; Prévocourt; Quincy-Landzécourt; Raids; Rances; Redon; Regnéville-sur-Meuse; Remies; Remilly Les Marais; Remilly-Aillicourt; Reviers; Revigny-sur-Ornain; Rigny-la-Salle; Rilly-sur-Aisne; Rochefort-sur-Loire; Rouvrois-sur-Meuse; Saint-Aignan; Saint-André-de-Bohon; Saint-André-des-Eaux; Saint-Brice; Saint-Fromond; Saint-Germain-d'Arcé; Saint-Gibrien; Saint-Gravé; Saint-Jean-de-Daye; Saint-Jean-la-Poterie; Saint-Malo-de-Guersac; Saint-Mars-de-Coutais; Saint-Mars-du-Désert; Saint-Martin-aux-Champs; Saint-Molf; Saint-Nazaire; Saint-Nicolas-de-Redon; Saint-Philbert-de-Grand-Lieu; Saint-Quentin-de-Blavou; Saint-Thomas-en-Argonne; Saint-Vaast-la-Hougue; Saint-Viaud; Saint-Vincent-sur-Oust; Saint-Étienne-la-Thillaye; Sainte-Jamme-sur-Sarthe; Sassey-sur-Meuse; Servais; Servon-Melzicourt; Seuil; Sinceny; Songy; Sévérac; Taizy; Tannay-le-Mont-Dieu; Terre-et-Marais; Thorée-les-Pins; Tribehou; Trignac; Trévières; Tétaigne; Vadonville; Val-du-Layon; Vallée-de-Ronsard; Vandy; Varenguebec; Varesnes; Vaux-lès-Mouron; Vaux-lès-Mouzon; Venizel; Verrières; Vienne-la-Ville; Vieux-lès-Asfeld; Vigneul-sous-Montmédy; Villers-devant-Mouzon; Vitry-la-Ville; Void-Vacon; Wadelincourt; Woimbey; Écouflant; Étrelles-sur-Aube; Étriché,13404,9191
2020-02-17---2020-04-20_cluster_None,2020,2020-02-17,2020-04-20,35,,1,D:\M2_MoSEF\Acclim\DataCollection\data\JRC_flood_depth_maps\2020_filtered\WD_MERGE_2020-02-17---2020-04-20_duration_35_days_cluster_381_A0_000380_A_000447_lat_05660_lon_01429_size_0461.tif,0,,234,597
2020-02-24---2020-04-06_cluster_None,2020,2020-02-24,2020-04-06,35,,1,D:\M2_MoSEF\Acclim\DataCollection\data\JRC_flood_depth_maps\2020_filtered\WD_MERGE_2020-02-24---2020-04-06_duration_35_days_cluster_380_A0_001946_A_002487_lat_04916_lon_00184_size_0350.tif,347,Abaucourt; Aboncourt-sur-Seille; Aingeville; Aire; Airel; Amance; Ambly-Fleury; Ambly-sur-Meuse; Amigny-Rouy; Ancemont; Andelain; Angers; Angles; Appeville; Athis; Aulnay-sur-Marne; Aulnois-sur-Seille; Autreppes; Auvers; Avessac; Baldenheim; Balléville; Bannoncourt; Barville; Baudrecourt; Belleray; Belleville-sur-Meuse; Besné; Bessy; Bettange; Beuzeville-la-Bastille; Beveuge; Bey-sur-Seille; Billiers; Bislée; Bistroff; Blacy; Blaignan-Prignac; Blignicourt; Boischampré; Boissei-la-Lande; Bouquemont; Boutteville; Bouée; Breuvannes-en-Bassigny; Bricqueville; Brieulles-sur-Meuse; Briollay; Brives-sur-Charente; Brixey-aux-Chanoines; Brécy-Brières; Brétigny; Bucey-lès-Traves; Buré; Bussac-sur-Charente; Bénaménil; Candresse; Carentan-les-Marais; Ceton; Chalaines; Chalandry; Champagne; Champdolent; Champneuville; Chantes; Charmes; Charny-sur-Meuse; Chatonrupt-Sommermont; Chaudefonds-sur-Layon; Chauvoncourt; Chouilly; Châteauneuf-sur-Charente; Colombiers; Colombières; Commercy; Concevreux; Condé-Sainte-Libiaire; Conflandey; Cormicy; Cornay; Corzé; Courcelles-Chaussy; Courceroy; Courcoury; Couëron; Créances; Cuvry; Dannevoux; Davrey; Dax; Deuillet; Dieue-sur-Meuse; Dissay-sous-Courcillon; Domsure; Doncourt-sur-Meuse; Donges; Duzey; Ebersmunster; Fagnières; Fleurey-lès-Faverney; Fontcouverte; Fouchécourt; Frossay; Frémery; Fulvy; Geay; Gigny-sur-Saône; Giraumont; Givry; Glaire; Glanon; Goos; Goulven; Graignes-Mesnil-Angot; Grostenquin; Grues; Guenrouet; Guémené-Penfao; Hampigny; Han-sur-Nied; Harprich; Harskirchen; Hazembourg; Hilsenheim; Hinsingen; Holling; Hotot-en-Auge; Houtkerque; Houéville; Hœrdt; Insming; Janville; Jouvençon; Jâlons; L'Houmeau; La Bruère-sur-Loir; La Chapelle-Heulin; La Ferté-sur-Chiers; La Neuville-à-Maire; La Ronde; La Tranche-sur-Mer; Labenne; Lamarche-sur-Saône; Lamouilly; Lavardin; Le Chemin; Le Fenouiller; Le Gua; Le Gué-de-Velluire; Le Mung; Le Planois; Le Tour-du-Parc; Lechâtelet; Lemud; Les Gonds; Les Magny; Les Monthairons; Les Nouillers; Les Petites-Armoises; Lesches; Lesparre-Médoc; Liesville-sur-Douve; Liny-devant-Dun; Longeville-sur-Mer; Lucy-sur-Yonne; Luzy-Saint-Martin; Létricourt; Machecoul-Saint-Même; Maizeroy; Maizey; Maizy; Manhoué; Mardeuil; Margut; Marnay; Marre; Marçon; Massérac; Matougues; Maxey-sur-Vaise; Merpins; Miniac-Morvan; Moncel-sur-Seille; Mont-devant-Sassey; Mont-lès-Seurre; Montaron; Montlebon; Montoir-de-Bretagne; Morelmaison; Morville-sur-Seille; Mozé-sur-Louet; Muttersholtz; Mutzenhouse; Méautis; Médavy; Neufvillage; Neuvilly-en-Argonne; Notre-Dame-de-Riez; Noyal-sur-Vilaine; Oiry; Onard; Orist; Ormes; Pagny-la-Ville; Pagny-le-Château; Peillac; Pey; Pierric; Plouider; Pommérieux; Pont-Arcy; Pont-sur-Seine; Pontoise-lès-Noyon; Pornichet; Port-Saint-Père; Port-sur-Seille; Pouan-les-Vallées; Pouilly-sur-Meuse; Poyanne; Pringy; Proisy; Prévocourt; Purgerot; Puxe; Quincy-Landzécourt; Rances; Rancy; Ranzevelle; Redon; Regnéville-sur-Meuse; Remies; Remilly Les Marais; Remilly-Aillicourt; Reviers; Revigny-sur-Ornain; Rigny-la-Salle; Rilly-sur-Aisne; Rochefort-sur-Loire; Rosières-sur-Mance; Rouffiac; Rouvrois-sur-Meuse; Saint-Aignan; Saint-André-de-Bohon; Saint-André-des-Eaux; Saint-Denis-du-Payré; Saint-Estèphe; Saint-Fromond; Saint-Germain-d'Arcé; Saint-Germain-sur-Meuse; Saint-Gervais-en-Vallière; Saint-Gibrien; Saint-Jean-de-Daye; Saint-Jean-de-Lier; Saint-Jean-de-Liversay; Saint-Jean-la-Poterie; Saint-Malo-de-Guersac; Saint-Mars-de-Coutais; Saint-Mars-du-Désert; Saint-Martin-aux-Champs; Saint-Martin-des-Champs; Saint-Molf; Saint-Nazaire; Saint-Nicolas-de-Redon; Saint-Philbert-de-Grand-Lieu; Saint-Quentin-de-Blavou; Saint-Sauveur; Saint-Seine-sur-Vingeanne; Saint-Sever-de-Saintonge; Saint-Thomas-en-Argonne; Saint-Vaast-la-Hougue; Saint-Vaize; Saint-Vincent-sur-Oust; Saint-Étienne-la-Thillaye; Sainte-Colombe; Sainte-Jamme-sur-Sarthe; Salignac-sur-Charente; Sanry-sur-Nied; Sassey-sur-Meuse; Saunières; Seiches-sur-le-Loir; Sens-sur-Seille; Sepvigny; Servais; Servon-Melzicourt; Seuil; Seurre; Seveux-Motey; Siest; Sinceny; Soing-Cubry-Charentenay; Songy; Sèvremont; Sévérac; Taillancourt; Taizy; Tannay-le-Mont-Dieu; Tercis-les-Bains; Thaix; Thervay; Thorée-les-Pins; Tilly-sur-Meuse; Traves; Tribehou; Trignac; Trévières; Tétaigne; Ugny-sur-Meuse; Vadonville; Val-du-Layon; Vallée-de-Ronsard; Vandy; Varenguebec; Varesnes; Vaux-lès-Mouron; Vaux-lès-Mouzon; Vecqueville; Velet; Vellexon-Queutrey-et-Vaudey; Venizel; Verny; Verrières; Vicq-d'Auribat; Vienne-la-Ville; Vieux-lès-Asfeld; Vigneul-sous-Montmédy; Villers-devant-Mouzon; Villers-la-Ville; Villers-sur-Bar; Villette-sur-Aube; Villiers-sur-Seine; Vitreux; Vitrey-sur-Mance; Vitry-la-Ville; Void-Vacon; Voissay; Vraincourt; Wadelincourt; Waltenheim-sur-Zorn; Wimille; Woimbey; Yzosse; Éblange; Écouflant; Étaules; Étrelles-sur-Aube; Étriché,34371,375
2020-03-23---2020-03-30_cluster_None,2020,2020-03-23,2020-03-30,7,,5,D:\M2_MoSEF\Acclim\DataCollection\data\JRC_flood_depth_maps\2020_filtered\WD_MERGE_2020-03-23---2020-03-30_duration_7_days_cluster_066_A0_000006_A_000006_lat_04527_lon_00766_size_0088.tif,0,,3638,2267
2020-04-06---2020-04-13_cluster_None,2020,2020-04-06,2020-04-13,7,,6,D:\M2_MoSEF\Acclim\DataCollection\data\JRC_flood_depth_maps\2020_filtered\WD_MERGE_2020-04-06---2020-04-13_duration_7_days_cluster_076_A0_000028_A_000043_lat_04069_lon_-0866_size_0003.tif,0,,752,264
2020-04-13---2020-05-25_cluster_None,2020,2020-04-13,2020-05-25,35,,1,D:\M2_MoSEF\Acclim\DataCollection\data\JRC_flood_depth_maps\2020_filtered\WD_MERGE_2020-04-13---2020-05-25_duration_35_days_cluster_086_A0_000076_A_000087_lat_04386_lon_00446_size_0033.tif,2,Barberier; Saint-Clément-de-Régnat,9363,4912
2020-04-20---2020-04-27_cluster_None,2020,2020-04-20,2020-04-27,7,,5,D:\M2_MoSEF\Acclim\DataCollection\data\JRC_flood_depth_maps\2020_filtered\WD_MERGE_2020-04-20---2020-04-27_duration_7_days_cluster_095_A0_000021_A_000023_lat_04284_lon_01242_size_0026.tif,0,,0,0
2020-04-20---2020-05-04_cluster_None,2020,2020-04-20,2020-05-04,14,,1,D:\M2_MoSEF\Acclim\DataCollection\data\JRC_flood_depth_maps\2020_filtered\WD_MERGE_2020-04-20---2020-05-04_duration_14_days_cluster_094_A0_000017_A_000019_lat_04206_lon_00309_size_0008.tif,0,,26,204
2020-04-27---2020-06-08_cluster_None,2020,2020-04-27,2020-06-08,42,,1,D:\M2_MoSEF\Acclim\DataCollection\data\JRC_flood_depth_maps\2020_filtered\WD_MERGE_2020-04-27---2020-06-08_duration_42_days_cluster_105_A0_000007_A_000010_lat_03851_lon_00921_size_0164.tif,0,,0,0
2020-04-27---2020-07-13_cluster_None,2020,2020-04-27,2020-07-13,70,,1,D:\M2_MoSEF\Acclim\DataCollection\data\JRC_flood_depth_maps\2020_filtered\WD_MERGE_2020-04-27---2020-07-13_duration_70_days_cluster_385_A0_000752_A_000895_lat_04049_lon_02703_size_0094.tif,0,,0,0
2020-05-04---2020-05-11_cluster_None,2020,2020-05-04,2020-05-11,7,,6,D:\M2_MoSEF\Acclim\DataCollection\data\JRC_flood_depth_maps\2020_filtered\WD_MERGE_2020-05-04---2020-05-11_duration_7_days_cluster_107_A0_000047_A_000068_lat_04045_lon_-0870_size_0032.tif,0,,4633,2847
2020-05-11---2020-05-18_cluster_None,2020,2020-05-11,2020-05-18,7,,6,D:\M2_MoSEF\Acclim\DataCollection\data\JRC_flood_depth_maps\2020_filtered\WD_MERGE_2020-05-11---2020-05-18_duration_7_days_cluster_116_A0_000017_A_000028_lat_04375_lon_-0097_size_0011.tif,8,Candresse; Dax; Onard; Pey; Poyanne; Saint-Jean-de-Lier; Vicq-d'Auribat; Yzosse,815,813
2020-05-11---2020-06-01_cluster_None,2020,2020-05-11,2020-06-01,21,,1,D:\M2_MoSEF\Acclim\DataCollection\data\JRC_flood_depth_maps\2020_filtered\WD_MERGE_2020-05-11---2020-06-01_duration_21_days_cluster_117_A0_000058_A_000064_lat_04495_lon_01179_size_0029.tif,0,,0,0
2020-05-11---2020-06-29_cluster_None,2020,2020-05-11,2020-06-29,42,,1,D:\M2_MoSEF\Acclim\DataCollection\data\JRC_flood_depth_maps\2020_filtered\WD_MERGE_2020-05-11---2020-06-29_duration_42_days_cluster_115_A0_000653_A_000764_lat_03796_lon_-0647_size_0115.tif,0,,815,3039
2020-05-18---2020-05-25_cluster_None,2020,2020-05-18,2020-05-25,7,,3,D:\M2_MoSEF\Acclim\DataCollection\data\JRC_flood_depth_maps\2020_filtered\WD_MERGE_2020-05-18---2020-05-25_duration_7_days_cluster_124_A0_000003_A_000004_lat_04139_lon_-0567_size_0046.tif,0,,0,171
2020-05-18---2020-06-01_cluster_None,2020,2020-05-18,2020-06-01,14,,2,D:\M2_MoSEF\Acclim\DataCollection\data\JRC_flood_depth_maps\2020_filtered\WD_MERGE_2020-05-18---2020-06-01_duration_14_days_cluster_125_A0_000216_A_000237_lat_03992_lon_-0010_size_0081.tif,0,,815,1975
2020-06-01---2020-06-08_cluster_None,2020,2020-06-01,2020-06-08,7,,8,D:\M2_MoSEF\Acclim\DataCollection\data\JRC_flood_depth_maps\2020_filtered\WD_MERGE_2020-06-01---2020-06-08_duration_7_days_cluster_134_A0_000003_A_000005_lat_05107_lon_-0488_size_0076.tif,0,,3599,1325
2020-06-08---2020-06-15_cluster_None,2020,2020-06-08,2020-06-15,7,,2,D:\M2_MoSEF\Acclim\DataCollection\data\JRC_flood_depth_maps\2020_filtered\WD_MERGE_2020-06-08---2020-06-15_duration_7_days_cluster_145_A0_000011_A_000012_lat_04516_lon_01235_size_0036.tif,0,,0,0
2020-06-15---2020-06-22_cluster_None,2020,2020-06-15,2020-06-22,7,,4,D:\M2_MoSEF\Acclim\DataCollection\data\JRC_flood_depth_maps\2020_filtered\WD_MERGE_2020-06-15---2020-06-22_duration_7_days_cluster_151_A0_000009_A_000012_lat_06585_lon_-1583_size_0016.tif,0,,0,0
2020-06-22---2020-06-29_cluster_None,2020,2020-06-22,2020-06-29,7,,8,D:\M2_MoSEF\Acclim\DataCollection\data\JRC_flood_depth_maps\2020_filtered\WD_MERGE_2020-06-22---2020-06-29_duration_7_days_cluster_159_A0_000004_A_000004_lat_04875_lon_-0368_size_0010.tif,0,,4351,1418
2020-07-06---2020-07-13_cluster_None,2020,2020-07-06,2020-07-13,7,,3,D:\M2_MoSEF\Acclim\DataCollection\data\JRC_flood_depth_maps\2020_filtered\WD_MERGE_2020-07-06---2020-07-13_duration_7_days_cluster_173_A0_000004_A_000004_lat_05082_lon_-0110_size_0005.tif,0,,0,244
2020-07-13---2020-07-27_cluster_None,2020,2020-07-13,2020-07-27,14,,1,D:\M2_MoSEF\Acclim\DataCollection\data\JRC_flood_depth_maps\2020_filtered\WD_MERGE_2020-07-13---2020-07-27_duration_14_days_cluster_180_A0_000004_A_000005_lat_04407_lon_00469_size_0070.tif,0,,3599,1154
2020-07-20---2020-07-27_cluster_None,2020,2020-07-20,2020-07-27,7,,5,D:\M2_MoSEF\Acclim\DataCollection\data\JRC_flood_depth_maps\2020_filtered\WD_MERGE_2020-07-20---2020-07-27_duration_7_days_cluster_190_A0_000005_A_000006_lat_04871_lon_-0381_size_0019.tif,0,,752,264
2020-08-03---2020-08-10_cluster_None,2020,2020-08-03,2020-08-10,7,,9,D:\M2_MoSEF\Acclim\DataCollection\data\JRC_flood_depth_maps\2020_filtered\WD_MERGE_2020-08-03---2020-08-10_duration_7_days_cluster_205_A0_000003_A_000005_lat_03518_lon_-0569_size_0021.tif,0,,0,171
2020-08-10---2020-08-17_cluster_None,2020,2020-08-10,2020-08-17,7,,6,D:\M2_MoSEF\Acclim\DataCollection\data\JRC_flood_depth_maps\2020_filtered\WD_MERGE_2020-08-10---2020-08-17_duration_7_days_cluster_216_A0_000001_A_000001_lat_04348_lon_00458_size_0015.tif,0,,3599,1154
2020-08-17---2020-08-24_cluster_None,2020,2020-08-17,2020-08-24,7,,3,D:\M2_MoSEF\Acclim\DataCollection\data\JRC_flood_depth_maps\2020_filtered\WD_MERGE_2020-08-17---2020-08-24_duration_7_days_cluster_222_A0_000009_A_000011_lat_04824_lon_-0344_size_0064.tif,1,Saint-Molf,752,264
2020-08-24---2020-08-31_cluster_None,2020,2020-08-24,2020-08-31,7,,6,D:\M2_MoSEF\Acclim\DataCollection\data\JRC_flood_depth_maps\2020_filtered\WD_MERGE_2020-08-24---2020-08-31_duration_7_days_cluster_227_A0_000034_A_000044_lat_05320_lon_-0802_size_0048.tif,0,,0,244
2020-08-31---2020-09-07_cluster_None,2020,2020-08-31,2020-09-07,7,,7,D:\M2_MoSEF\Acclim\DataCollection\data\JRC_flood_depth_maps\2020_filtered\WD_MERGE_2020-08-31---2020-09-07_duration_7_days_cluster_236_A0_000002_A_000002_lat_05484_lon_-0835_size_0014.tif,0,,6005,2705
2020-09-14---2020-09-21_cluster_None,2020,2020-09-14,2020-09-21,7,,8,D:\M2_MoSEF\Acclim\DataCollection\data\JRC_flood_depth_maps\2020_filtered\WD_MERGE_2020-09-14---2020-09-21_duration_7_days_cluster_250_A0_000032_A_000048_lat_04073_lon_-0865_size_0005.tif,0,,4633,2847
2020-09-21---2020-09-28_cluster_None,2020,2020-09-21,2020-09-28,7,,7,D:\M2_MoSEF\Acclim\DataCollection\data\JRC_flood_depth_maps\2020_filtered\WD_MERGE_2020-09-21---2020-09-28_duration_7_days_cluster_261_A0_000001_A_000001_lat_04341_lon_-0318_size_0027.tif,0,,815,813
2020-09-28---2020-10-05_cluster_None,2020,2020-09-28,2020-10-05,7,,8,D:\M2_MoSEF\Acclim\DataCollection\data\JRC_flood_depth_maps\2020_filtered\WD_MERGE_2020-09-28---2020-10-05_duration_7_days_cluster_271_A0_000002_A_000003_lat_04766_lon_-0292_size_0018.tif,0,,752,264
2020-09-28---2020-11-30_cluster_None,2020,2020-09-28,2020-11-30,63,,1,D:\M2_MoSEF\Acclim\DataCollection\data\JRC_flood_depth_maps\2020_filtered\WD_MERGE_2020-09-28---2020-11-30_duration_63_days_cluster_273_A0_000452_A_000562_lat_05173_lon_-0314_size_0364.tif,18,Angles; Appeville; Auvers; Beuzeville-la-Bastille; Carentan-les-Marais; Couëron; Créances; Frossay; La Plaine-sur-Mer; Liesville-sur-Douve; Miniac-Morvan; Picauville; Préfailles; Remilly Les Marais; Saint-Lumine-de-Coutais; Tribehou; Varenguebec; Étaules,25470,6106
2020-10-05---2020-10-12_cluster_None,2020,2020-10-05,2020-10-12,7,,2,D:\M2_MoSEF\Acclim\DataCollection\data\JRC_flood_depth_maps\2020_filtered\WD_MERGE_2020-10-05---2020-10-12_duration_7_days_cluster_282_A0_000011_A_000017_lat_04505_lon_01001_size_0020.tif,0,,69,249
2020-10-05---2020-11-23_cluster_None,2020,2020-10-05,2020-11-23,42,,1,D:\M2_MoSEF\Acclim\DataCollection\data\JRC_flood_depth_maps\2020_filtered\WD_MERGE_2020-10-05---2020-11-23_duration_42_days_cluster_281_A0_000109_A_000141_lat_04046_lon_-0199_size_0217.tif,2,Orist; Pey,815,1975
2020-10-05---2020-11-30_cluster_None,2020,2020-10-05,2020-11-30,49,,1,D:\M2_MoSEF\Acclim\DataCollection\data\JRC_flood_depth_maps\2020_filtered\WD_MERGE_2020-10-05---2020-11-30_duration_49_days_cluster_283_A0_000475_A_000651_lat_05174_lon_01630_size_0347.tif,0,,0,11900
2020-10-12---2020-10-19_cluster_None,2020,2020-10-12,2020-10-19,7,,5,D:\M2_MoSEF\Acclim\DataCollection\data\JRC_flood_depth_maps\2020_filtered\WD_MERGE_2020-10-12---2020-10-19_duration_7_days_cluster_287_A0_000008_A_000009_lat_05749_lon_-0724_size_0016.tif,0,,0,0
2020-11-09---2021-01-04_cluster_None,2020,2020-11-09,2021-01-04,56,,1,D:\M2_MoSEF\Acclim\DataCollection\data\JRC_flood_depth_maps\2020_filtered\WD_MERGE_2020-11-09---2021-01-04_duration_56_days_cluster_393_A0_000699_A_000848_lat_05106_lon_-0049_size_0220.tif,59,Airel; Amigny-Rouy; Appeville; Autreppes; Auvers; Avessac; Besné; Beuvrequen; Boutteville; Bricqueville; Brécy-Brières; Brétigny; Carentan-les-Marais; Colombières; Créances; Deuillet; Donges; Endoufielle; Givry; Gorges; Graignes-Mesnil-Angot; Jouvençon; La Ferté-sur-Chiers; La Neuville-à-Maire; Le Chemin; Les Petites-Armoises; Liesville-sur-Douve; Malestroit; Manicamp; Massérac; Miniac-Morvan; Méautis; Origny-Sainte-Benoite; Peillac; Picauville; Pierric; Pont-Hébert; Pontoise-lès-Noyon; Port-Saint-Père; Proisy; Puycornet; Raids; Remies; Remilly Les Marais; Reviers; Saint-André-de-Bohon; Saint-Fromond; Saint-Jean-de-Daye; Saint-Martin-d'Aubigny; Saint-Nicolas-de-Redon; Saint-Vincent-sur-Oust; Servais; Sinceny; Terre-et-Marais; Tribehou; Trévières; Varenguebec; Varesnes; Wimille,34371,375
2020-11-30---2020-12-07_cluster_None,2020,2020-11-30,2020-12-07,7,,8,D:\M2_MoSEF\Acclim\DataCollection\data\JRC_flood_depth_maps\2020_filtered\WD_MERGE_2020-11-30---2020-12-07_duration_7_days_cluster_332_A0_000006_A_000010_lat_03501_lon_01103_size_0034.tif,0,,0,0
2020-11-30---2020-12-21_cluster_None,2020,2020-11-30,2020-12-21,14,,1,D:\M2_MoSEF\Acclim\DataCollection\data\JRC_flood_depth_maps\2020_filtered\WD_MERGE_2020-11-30---2020-12-21_duration_14_days_cluster_331_A0_000111_A_000131_lat_04419_lon_01599_size_0103.tif,0,,12152,8254
2020-11-30---2021-01-04_cluster_None,2020,2020-11-30,2021-01-04,35,,1,D:\M2_MoSEF\Acclim\DataCollection\data\JRC_flood_depth_maps\2020_filtered\WD_MERGE_2020-11-30---2021-01-04_duration_35_days_cluster_394_A0_000853_A_001042_lat_04937_lon_-0214_size_0264.tif,68,Airel; Appeville; Auvers; Avessac; Besné; Bidache; Boutteville; Bricqueville; Briollay; Brives-sur-Charente; Candresse; Carentan-les-Marais; Colombiers; Colombières; Courcoury; Créances; Dax; Donges; Gorges; Graignes-Mesnil-Angot; Les Gonds; Liesville-sur-Douve; Machecoul-Saint-Même; Malestroit; Massérac; Miniac-Morvan; Méautis; Onard; Orist; Peillac; Pey; Picauville; Pierric; Pont-Hébert; Port-Saint-Père; Raids; Redon; Remilly Les Marais; Reviers; Rouffiac; Saint-André-de-Bohon; Saint-Denis-du-Payré; Saint-Estèphe; Saint-Fromond; Saint-Jean-de-Daye; Saint-Jean-de-Lier; Saint-Jean-la-Poterie; Saint-Lumine-de-Coutais; Saint-Malo-de-Guersac; Saint-Mars-de-Coutais; Saint-Mars-du-Désert; Saint-Martin-d'Aubigny; Saint-Nicolas-de-Redon; Saint-Philbert-de-Grand-Lieu; Saint-Sever-de-Saintonge; Saint-Vincent-sur-Oust; Saint-Étienne-d'Orthe; Sévérac; Tercis-les-Bains; Terre-et-Marais; Tribehou; Trignac; Trévières; Varenguebec; Vicq-d'Auribat; Yzosse; Écouflant; Étaules,30865,3521
2020-12-07---2020-12-14_cluster_None,2020,2020-12-07,2020-12-14,7,,4,D:\M2_MoSEF\Acclim\DataCollection\data\JRC_flood_depth_maps\2020_filtered\WD_MERGE_2020-12-07---2020-12-14_duration_7_days_cluster_340_A0_000004_A_000005_lat_03611_lon_01046_size_0001.tif,0,,0,0
2020-12-14---2020-12-21_cluster_None,2020,2020-12-14,2020-12-21,7,,6,D:\M2_MoSEF\Acclim\DataCollection\data\JRC_flood_depth_maps\2020_filtered\WD_MERGE_2020-12-14---2020-12-21_duration_7_days_cluster_346_A0_000041_A_000062_lat_04035_lon_-0868_size_0038.tif,0,,0,0
2020-12-21---2020-12-28_cluster_None,2020,2020-12-21,2020-12-28,7,,6,D:\M2_MoSEF\Acclim\DataCollection\data\JRC_flood_depth_maps\2020_filtered\WD_MERGE_2020-12-21---2020-12-28_duration_7_days_cluster_352_A0_000012_A_000015_lat_03603_lon_01051_size_0009.tif,0,,0,0
2020-12-28---2021-01-04_cluster_None,2020,2020-12-28,2021-01-04,7,,12,D:\M2_MoSEF\Acclim\DataCollection\data\JRC_flood_depth_maps\2020_filtered\WD_MERGE_2020-12-28---2021-01-04_duration_7_days_cluster_363_A0_000016_A_000022_lat_04553_lon_01620_size_0020.tif,0,,0,0
2020-12-28---2021-01-25_cluster_None,2021,2020-12-28,2021-01-25,21,,1,D:\M2_MoSEF\Acclim\DataCollection\data\JRC_flood_depth_maps\2021_filtered\WD_MERGE_2020-12-28---2021-01-25_duration_21_days_cluster_348_A0_000098_A_000114_lat_05572_lon_01964_size_0512.tif,0,,0,0
2020-12-28---2021-02-08_cluster_None,2021,2020-12-28,2021-02-08,42,,1,D:\M2_MoSEF\Acclim\DataCollection\data\JRC_flood_depth_maps\2021_filtered\WD_MERGE_2020-12-28---2021-02-08_duration_42_days_cluster_345_A0_001379_A_001714_lat_05131_lon_-0153_size_0295.tif,120,Aire; Airel; Ambly-Fleury; Ambly-sur-Meuse; Amigny-Rouy; Ancemont; Appeville; Athis; Aulnay-sur-Marne; Autreppes; Auvers; Bannoncourt; Belleray; Belleville-sur-Meuse; Beuvrequen; Blacy; Blaignan-Prignac; Bouquemont; Boutteville; Bricqueville; Briollay; Brives-sur-Charente; Brétigny; Bussac-sur-Charente; Carentan-les-Marais; Champneuville; Charny-sur-Meuse; Chauvoncourt; Chouilly; Cléry; Colombiers; Colombières; Commercy; Concevreux; Cormicy; Courcoury; Créances; Deuillet; Dieue-sur-Meuse; Donges; Fontcouverte; Givry; Graignes-Mesnil-Angot; Houtkerque; Jâlons; La Ferté-sur-Chiers; La Neuville-à-Maire; La Tranche-sur-Mer; Le Chemin; Les Gonds; Les Monthairons; Les Peintures; Les Petites-Armoises; Lesparre-Médoc; Liesville-sur-Douve; Luzy-Saint-Martin; Maizey; Margut; Marre; Matougues; Merpins; Miniac-Morvan; Mont-devant-Sassey; Mosnes; Mutigney; Méautis; Oiry; Pagney; Picauville; Pont-Hébert; Pontoise-lès-Noyon; Port-Saint-Père; Pouan-les-Vallées; Rances; Remies; Remilly Les Marais; Remilly-Aillicourt; Rouffiac; Rouvrois-sur-Meuse; Saint-André-de-Bohon; Saint-Denis-du-Payré; Saint-Estèphe; Saint-Fromond; Saint-Gibrien; Saint-Jean-de-Daye; Saint-Mars-de-Coutais; Saint-Nicolas-de-Pierrepont; Saint-Sever-de-Saintonge; Saint-Sornin; Saint-Thomas-en-Argonne; Saint-Vaast-la-Hougue; Saint-Vaize; Salignac-sur-Charente; Sassey-sur-Meuse; Servais; Servon-Melzicourt; Seuil; Seveux-Motey; Sinceny; Taizy; Thervay; Thizay; Tribehou; Vandy; Varenguebec; Varesnes; Vaux-lès-Mouron; Vaux-lès-Mouzon; Vellexon-Queutrey-et-Vaudey; Verneuil; Verneuil-sur-Indre; Verrières; Vieux-lès-Asfeld; Villers-devant-Mouzon; Vitreux; Void-Vacon; Wimille; Woimbey; Écouflant; Étrelles-sur-Aube,30850,3163
2020-12-28---2021-02-15_cluster_None,2021,2020-12-28,2021-02-15,42,,2,D:\M2_MoSEF\Acclim\DataCollection\data\JRC_flood_depth_maps\2021_filtered\WD_MERGE_2020-12-28---2021-02-15_duration_42_days_cluster_346_A0_000317_A_000399_lat_05319_lon_00874_size_0420.tif,33,Baldenheim; Balléville; Beveuge; Blussans; Bénaménil; Cendrey; Chanteheux; Conflandey; Ebersmunster; Flagey-Rigney; Fleurey-lès-Faverney; Foussemagne; Froidefontaine; Fréménil; Germondans; Hilsenheim; Montlebon; Morelmaison; Muttersholtz; Ollans; Purgerot; Ranzevelle; Raville-sur-Sânon; Rigney; Rosières-aux-Salines; Rossfeld; Saint-Georges-Armont; Saint-Maurice-Colombier; Saint-Sulpice; Villers-la-Ville; Waltenheim-sur-Zorn; Westhouse; Éhuns,3713,27560
2021-01-04---2021-01-11_cluster_None,2021,2021-01-04,2021-01-11,7,,6,D:\M2_MoSEF\Acclim\DataCollection\data\JRC_flood_depth_maps\2021_filtered\WD_MERGE_2021-01-04---2021-01-11_duration_7_days_cluster_007_A0_000056_A_000091_lat_03903_lon_-0804_size_0199.tif,5,Candresse; Dax; Orist; Pey; Tercis-les-Bains,815,813
2021-01-04---2021-03-08_cluster_None,2021,2021-01-04,2021-03-08,63,,1,D:\M2_MoSEF\Acclim\DataCollection\data\JRC_flood_depth_maps\2021_filtered\WD_MERGE_2021-01-04---2021-03-08_duration_63_days_cluster_350_A0_000854_A_001077_lat_05058_lon_-0039_size_0413.tif,65,Angers; Appeville; Athis; Aulnay-sur-Marne; Auvers; Besné; Beuzeville-la-Bastille; Blaignan-Prignac; Briollay; Brives-sur-Charente; Brétigny; Carentan-les-Marais; Chouilly; Condé-Sainte-Libiaire; Courcoury; Donges; Feillens; Fontcouverte; Geay; Hazembourg; Jâlons; La Plaine-sur-Mer; La Ronde; La Tranche-sur-Mer; Le Croisic; Le Mung; Les Gonds; Lesparre-Médoc; Liesville-sur-Douve; Luzy-Saint-Martin; Manziat; Matougues; Merpins; Miniac-Morvan; Mont-devant-Sassey; Montoir-de-Bretagne; Mozé-sur-Louet; Méautis; Oiry; Port-Saint-Père; Pouan-les-Vallées; Préfailles; Rochefort-sur-Loire; Rouffiac; Saint-André-des-Eaux; Saint-Estèphe; Saint-Malo-de-Guersac; Saint-Marcel; Saint-Molf; Saint-Nazaire; Saint-Sever-de-Saintonge; Saint-Vaize; Salignac-sur-Charente; Sassey-sur-Meuse; Servon-Melzicourt; Thizay; Tribehou; Trignac; Val-du-Layon; Varenguebec; Varesnes; Verneuil-sur-Indre; Villers-devant-Mouzon; Écouflant; Étrelles-sur-Aube,25470,6106
2021-01-11---2021-01-18_cluster_None,2021,2021-01-11,2021-01-18,7,,4,D:\M2_MoSEF\Acclim\DataCollection\data\JRC_flood_depth_maps\2021_filtered\WD_MERGE_2021-01-11---2021-01-18_duration_7_days_cluster_015_A0_000011_A_000017_lat_03916_lon_-0366_size_0011.tif,0,,0,0
2021-01-11---2021-02-15_cluster_None,2021,2021-01-11,2021-02-15,35,,1,D:\M2_MoSEF\Acclim\DataCollection\data\JRC_flood_depth_maps\2021_filtered\WD_MERGE_2021-01-11---2021-02-15_duration_35_days_cluster_351_A0_002339_A_003019_lat_04904_lon_00226_size_0328.tif,396,Abaucourt; Aboncourt-sur-Seille; Agris; Aigre; Aire; Airel; Ambly-Fleury; Ambly-sur-Meuse; Amigny-Rouy; Ancemont; Anché; Ancier; Angers; Angles; Appeville; Apremont; Athis; Aulnay-sur-Marne; Aulnois-sur-Seille; Auvers; Auxonne; Avessac; Ay-sur-Moselle; Bannoncourt; Bantanges; Barenton-sur-Serre; Baudrecourt; Beaujeu-Saint-Vallier-Pierrejux-et-Quitteur; Belleray; Belleville-sur-Meuse; Bessy; Bettange; Beuvrequen; Bey-sur-Seille; Bislée; Bistroff; Blacy; Blaignan-Prignac; Blanzy-la-Salonnaise; Blignicourt; Boissei-la-Lande; Bonnay; Bouquemont; Boutteville; Bouée; Breuvannes-en-Bassigny; Bricqueville; Brienne; Brieulles-sur-Meuse; Briollay; Brissay-Choigny; Brives-sur-Charente; Brixey-aux-Chanoines; Brécy-Brières; Brétigny; Bucey-lès-Traves; Bussac-sur-Charente; Camps-sur-l'Isle; Carentan-les-Marais; Cendrecourt; Chalandry; Chamblanc; Champagne; Champdolent; Champneuville; Chantes; Charette-Varennes; Charny-sur-Meuse; Chassey-lès-Scey; Chatonrupt-Sommermont; Chaudefonds-sur-Layon; Chauvoncourt; Chavéria; Chemilly; Cherville; Chevigney-sur-l'Ognon; Choisy-au-Bac; Chouilly; Châteaubernard; Châteauneuf-sur-Charente; Cinais; Cléry; Cléry-le-Petit; Colombiers; Colombières; Commercy; Concevreux; Condé-Sainte-Libiaire; Cormicy; Cormoranche-sur-Saône; Cornay; Corzé; Courcelles-Chaussy; Courceroy; Courchapon; Courcoury; Courthiézy; Couëron; Cronat; Créances; Cussey-sur-l'Ognon; Cuvry; Danizy; Dannevoux; Davrey; Deuillet; Dieue-sur-Meuse; Dissay-sous-Courcillon; Dom-le-Mesnil; Dommartin-lès-Toul; Doncourt-sur-Meuse; Donges; Dormans; Dun-sur-Meuse; Dunkerque; Duzey; Falletans; Feillens; Fignévelle; Flammerans; Fontcouverte; Fouchécourt; Fraisans; Fretterans; Frontenard; Frémery; Gaillon; Geay; Gevigney-et-Mercey; Gigny-sur-Saône; Gimeux; Giraumont; Givry; Glaire; Glanon; Graignes-Mesnil-Angot; Gray; Gray-la-Ville; Grues; Guémené-Penfao; Hampigny; Hampont; Han-sur-Nied; Harprich; Harskirchen; Hazembourg; Hinsingen; Holling; Houtkerque; Insming; Jallerange; Jouvençon; Joué-du-Plain; Jâlons; Kœnigsmacker; L'Abergement-de-Cuisery; La Bretenière; La Cambe; La Chapelle-Heulin; La Ferté-sur-Chiers; La Fère; La Jard; La Neuville-à-Maire; La Ronde; La Tranche-sur-Mer; Lacrost; Lamarche-sur-Saône; Lanfroicourt; Lapenty; Laperrière-sur-Saône; Lavans-Quingey; Le Chemin; Le Mung; Le Planois; Lechâtelet; Les Gonds; Les Monthairons; Les Nouillers; Les Peintures; Les Petites-Armoises; Lesches; Lesparre-Médoc; Lesse; Ley; Lichères-sur-Yonne; Liesville-sur-Douve; Liny-devant-Dun; Loisy-sur-Marne; Longepierre; Longeville-sur-Mer; Lonlay-le-Tesson; Lupsault; Luzy-Saint-Martin; Létricourt; Maizeroy; Maizey; Maizy; Malestroit; Malling; Manhoué; Manziat; Mardeuil; Mareuil-le-Port; Margut; Marre; Massérac; Matougues; Mauges-sur-Loire; Maxey-sur-Vaise; Merpins; Miniac-Morvan; Mogneneins; Moncel-sur-Seille; Moncley; Mont-devant-Sassey; Mont-lès-Seurre; Montaron; Montcony; Montoir-de-Bretagne; Morville-sur-Seille; Mosnes; Mozé-sur-Louet; Mussidan; Mutigney; Méautis; Médavy; Ménesplet; Mérey-Vieilley; Mûrs-Erigné; Navilly; Nersac; Neuvilly-en-Argonne; Oiry; Origny-Sainte-Benoite; Ormes; Ougney; Our; Outrepont; Pagney; Pagny-le-Château; Parcoul-Chenaud; Parfondrupt; Paslières; Peillac; Perrigny-sur-l'Ognon; Picauville; Pierric; Pommérieux; Pont-Arcy; Pont-Hébert; Pont-sur-Seine; Pontoise-lès-Noyon; Pontoux; Port-Saint-Père; Port-sur-Seille; Pouan-les-Vallées; Pouilly-sur-Meuse; Pouilly-sur-Serre; Poursac; Pringy; Proisy; Prévocourt; Puxe; Péault; Quincy-Landzécourt; Rances; Rancy; Rans; Regnéville-sur-Meuse; Remies; Remilly Les Marais; Remilly-Aillicourt; Reviers; Reyssouze; Rigny-la-Salle; Rivière; Rochefort-sur-Loire; Romegoux; Rosières-sur-Mance; Rouffiac; Roupeldange; Rouvrois-sur-Meuse; Ruffey-le-Château; Sablons; Saint-Aignan; Saint-André-de-Bohon; Saint-Brice; Saint-Broing; Saint-Cyr; Saint-Denis-du-Payré; Saint-Estèphe; Saint-Fromond; Saint-Germain-d'Arcé; Saint-Gervais-en-Vallière; Saint-Gibrien; Saint-Jean-de-Daye; Saint-Jean-de-Liversay; Saint-Jean-la-Poterie; Saint-Julien-du-Terroux; Saint-Marcel; Saint-Mars-de-Coutais; Saint-Martial-d'Artenset; Saint-Martin-aux-Champs; Saint-Martin-d'Aubigny; Saint-Mesmin; Saint-Médard-de-Guizières; Saint-Médard-de-Mussidan; Saint-Nicolas-de-Redon; Saint-Philbert-de-Grand-Lieu; Saint-Pierre-es-Champs; Saint-Seine-en-Bâche; Saint-Seine-sur-Vingeanne; Saint-Sever-de-Saintonge; Saint-Sornin; Saint-Symphorien-sur-Saône; Saint-Thomas-en-Argonne; Saint-Vaast-la-Hougue; Saint-Vaize; Saint-Vincent-sur-Oust; Salignac-sur-Charente; Sarry; Sassey-sur-Meuse; Saunières; Sazilly; Sens-sur-Seille; Sepvigny; Sermesse; Servais; Servon-Melzicourt; Seuil; Seurre; Seveux-Motey; Sevrey; Sinceny; Soing-Cubry-Charentenay; Songy; Sornay; Sourzac; Taillancourt; Taizy; Tannay-le-Mont-Dieu; Taugon; Tavant; Thervay; Thizay; Thoissey; Thubœuf; Tilly-sur-Meuse; Torchamp; Tournus; Traves; Tribehou; Troissy; Trugny; Trévières; Vadonville; Val-du-Layon; Vallentigny; Vandy; Varenguebec; Varennes-le-Grand; Varesnes; Vauchoux; Vaux-lès-Mouron; Vaux-lès-Mouzon; Vecqueville; Velet; Vellexon-Queutrey-et-Vaudey; Venizel; Verneuil-sur-Indre; Verny; Verrières; Versaugues; Vieux-lès-Asfeld; Vigneul-sous-Montmédy; Villandry; Villers-devant-Mouzon; Villers-sur-Bar; Villette-sur-Aube; Villiers-sur-Seine; Vitreux; Vitrey-sur-Mance; Vitry-la-Ville; Void-Vacon; Voissay; Vraincourt; Wadelincourt; Wimille; Woimbey; Xanrey; Éblange; Écouflant; Émagny; Étrelles-sur-Aube; Étrepigney; Étriché,24730,3624
2021-01-11---2021-03-01_cluster_None,2021,2021-01-11,2021-03-01,35,,1,D:\M2_MoSEF\Acclim\DataCollection\data\JRC_flood_depth_maps\2021_filtered\WD_MERGE_2021-01-11---2021-03-01_duration_35_days_cluster_353_A0_000435_A_000573_lat_04962_lon_02164_size_0223.tif,0,,0,0
2021-01-11---2021-03-22_cluster_None,2021,2021-01-11,2021-03-22,56,,1,D:\M2_MoSEF\Acclim\DataCollection\data\JRC_flood_depth_maps\2021_filtered\WD_MERGE_2021-01-11---2021-03-22_duration_56_days_cluster_352_A0_000478_A_000602_lat_03951_lon_-0626_size_0252.tif,22,Bidache; Bourrouillan; Candresse; Cressin-Rochefort; Dax; Goos; Gouts; Mormès; Narnhac; Nogaro; Onard; Orist; Pey; Poyanne; Saint-Jean-de-Laur; Saint-Jean-de-Lier; Saint-Étienne-d'Orthe; Siest; Tanavelle; Tercis-les-Bains; Vicq-d'Auribat; Yzosse,18814,5401
2021-01-25---2021-02-01_cluster_None,2021,2021-01-25,2021-02-01,7,,3,D:\M2_MoSEF\Acclim\DataCollection\data\JRC_flood_depth_maps\2021_filtered\WD_MERGE_2021-01-25---2021-02-01_duration_7_days_cluster_026_A0_000001_A_000001_lat_04303_lon_01268_size_0019.tif,0,,0,0
2021-02-01---2021-02-15_cluster_None,2021,2021-02-01,2021-02-15,14,,2,D:\M2_MoSEF\Acclim\DataCollection\data\JRC_flood_depth_maps\2021_filtered\WD_MERGE_2021-02-01---2021-02-15_duration_14_days_cluster_031_A0_000010_A_000014_lat_03577_lon_01061_size_0126.tif,0,,0,0
2021-02-08---2021-02-15_cluster_None,2021,2021-02-08,2021-02-15,7,,4,D:\M2_MoSEF\Acclim\DataCollection\data\JRC_flood_depth_maps\2021_filtered\WD_MERGE_2021-02-08---2021-02-15_duration_7_days_cluster_034_A0_000003_A_000004_lat_04056_lon_01507_size_0003.tif,0,,0,0
2021-02-15---2021-03-15_cluster_None,2021,2021-02-15,2021-03-15,28,,1,D:\M2_MoSEF\Acclim\DataCollection\data\JRC_flood_depth_maps\2021_filtered\WD_MERGE_2021-02-15---2021-03-15_duration_28_days_cluster_358_A0_000540_A_000747_lat_04617_lon_01923_size_0215.tif,0,,0,333
2021-02-22---2021-03-22_cluster_None,2021,2021-02-22,2021-03-22,28,,1,D:\M2_MoSEF\Acclim\DataCollection\data\JRC_flood_depth_maps\2021_filtered\WD_MERGE_2021-02-22---2021-03-22_duration_28_days_cluster_359_A0_001309_A_001902_lat_05400_lon_02389_size_0395.tif,0,,0,4697
2021-02-22---2021-04-05_cluster_None,2021,2021-02-22,2021-04-05,42,,1,D:\M2_MoSEF\Acclim\DataCollection\data\JRC_flood_depth_maps\2021_filtered\WD_MERGE_2021-02-22---2021-04-05_duration_42_days_cluster_048_A0_000002_A_000003_lat_03707_lon_00971_size_0033.tif,0,,0,0
2021-03-01---2021-04-05_cluster_None,2021,2021-03-01,2021-04-05,28,,1,D:\M2_MoSEF\Acclim\DataCollection\data\JRC_flood_depth_maps\2021_filtered\WD_MERGE_2021-03-01---2021-04-05_duration_28_days_cluster_363_A0_001126_A_001458_lat_05125_lon_02458_size_0228.tif,0,,0,427
2021-03-08---2021-03-15_cluster_None,2021,2021-03-08,2021-03-15,7,,3,D:\M2_MoSEF\Acclim\DataCollection\data\JRC_flood_depth_maps\2021_filtered\WD_MERGE_2021-03-08---2021-03-15_duration_7_days_cluster_054_A0_000011_A_000015_lat_04732_lon_-0191_size_0017.tif,1,Donges,3931,1930
2021-03-08---2021-03-29_cluster_None,2021,2021-03-08,2021-03-29,21,,1,D:\M2_MoSEF\Acclim\DataCollection\data\JRC_flood_depth_maps\2021_filtered\WD_MERGE_2021-03-08---2021-03-29_duration_21_days_cluster_362_A0_000121_A_000152_lat_05289_lon_00140_size_0443.tif,3,Aboncourt-sur-Seille; Bey-sur-Seille; Hazembourg,25470,6106
2021-03-15---2021-04-05_cluster_None,2021,2021-03-15,2021-04-05,21,,2,D:\M2_MoSEF\Acclim\DataCollection\data\JRC_flood_depth_maps\2021_filtered\WD_MERGE_2021-03-15---2021-04-05_duration_21_days_cluster_059_A0_000151_A_000196_lat_05239_lon_-0164_size_0179.tif,2,Mesquer; Saint-Molf,12226,6171
2021-03-29---2021-05-17_cluster_None,2021,2021-03-29,2021-05-17,49,,1,D:\M2_MoSEF\Acclim\DataCollection\data\JRC_flood_depth_maps\2021_filtered\WD_MERGE_2021-03-29---2021-05-17_duration_49_days_cluster_366_A0_001250_A_001546_lat_05310_lon_02861_size_0244.tif,0,,0,1544
2021-04-12---2021-04-19_cluster_None,2021,2021-04-12,2021-04-19,7,,2,D:\M2_MoSEF\Acclim\DataCollection\data\JRC_flood_depth_maps\2021_filtered\WD_MERGE_2021-04-12---2021-04-19_duration_7_days_cluster_074_A0_000004_A_000004_lat_04879_lon_-0358_size_0003.tif,0,,752,264
2021-04-19---2021-04-26_cluster_None,2021,2021-04-19,2021-04-26,7,,6,D:\M2_MoSEF\Acclim\DataCollection\data\JRC_flood_depth_maps\2021_filtered\WD_MERGE_2021-04-19---2021-04-26_duration_7_days_cluster_077_A0_000004_A_000006_lat_03536_lon_-0576_size_0005.tif,0,,3599,1154
2021-04-26---2021-05-03_cluster_None,2021,2021-04-26,2021-05-03,7,,5,D:\M2_MoSEF\Acclim\DataCollection\data\JRC_flood_depth_maps\2021_filtered\WD_MERGE_2021-04-26---2021-05-03_duration_7_days_cluster_084_A0_000039_A_000058_lat_04057_lon_-0867_size_0016.tif,0,,0,171
2021-05-03---2021-05-10_cluster_None,2021,2021-05-03,2021-05-10,7,,4,D:\M2_MoSEF\Acclim\DataCollection\data\JRC_flood_depth_maps\2021_filtered\WD_MERGE_2021-05-03---2021-05-10_duration_7_days_cluster_091_A0_000007_A_000009_lat_06487_lon_-2199_size_0003.tif,0,,0,0
2021-05-03---2021-05-17_cluster_None,2021,2021-05-03,2021-05-17,14,,2,D:\M2_MoSEF\Acclim\DataCollection\data\JRC_flood_depth_maps\2021_filtered\WD_MERGE_2021-05-03---2021-05-17_duration_14_days_cluster_092_A0_000003_A_000004_lat_04387_lon_00028_size_0085.tif,0,,4770,1607
2021-05-03---2021-06-28_cluster_None,2021,2021-05-03,2021-06-28,49,,1,D:\M2_MoSEF\Acclim\DataCollection\data\JRC_flood_depth_maps\2021_filtered\WD_MERGE_2021-05-03---2021-06-28_duration_49_days_cluster_096_A0_000613_A_000700_lat_04117_lon_02565_size_0172.tif,0,,0,0
2021-05-10---2021-05-17_cluster_None,2021,2021-05-10,2021-05-17,7,,2,D:\M2_MoSEF\Acclim\DataCollection\data\JRC_flood_depth_maps\2021_filtered\WD_MERGE_2021-05-10---2021-05-17_duration_7_days_cluster_101_A0_000005_A_000007_lat_04931_lon_-0376_size_0059.tif,0,,752,265
2021-05-17---2021-05-24_cluster_None,2021,2021-05-17,2021-05-24,7,,3,D:\M2_MoSEF\Acclim\DataCollection\data\JRC_flood_depth_maps\2021_filtered\WD_MERGE_2021-05-17---2021-05-24_duration_7_days_cluster_105_A0_000013_A_000015_lat_05418_lon_-0588_size_0024.tif,0,,0,0
2021-05-17---2021-05-31_cluster_None,2021,2021-05-17,2021-05-31,14,,1,D:\M2_MoSEF\Acclim\DataCollection\data\JRC_flood_depth_maps\2021_filtered\WD_MERGE_2021-05-17---2021-05-31_duration_14_days_cluster_106_A0_000067_A_000076_lat_04357_lon_00458_size_0015.tif,0,,3599,1154
2021-05-24---2021-06-07_cluster_None,2021,2021-05-24,2021-06-07,14,,1,D:\M2_MoSEF\Acclim\DataCollection\data\JRC_flood_depth_maps\2021_filtered\WD_MERGE_2021-05-24---2021-06-07_duration_14_days_cluster_110_A0_000025_A_000029_lat_04486_lon_-0225_size_0323.tif,0,,1637,5600
2021-05-31---2021-06-07_cluster_None,2021,2021-05-31,2021-06-07,7,,4,D:\M2_MoSEF\Acclim\DataCollection\data\JRC_flood_depth_maps\2021_filtered\WD_MERGE_2021-05-31---2021-06-07_duration_7_days_cluster_113_A0_000002_A_000003_lat_03988_lon_00865_size_0007.tif,0,,0,0
2021-06-07---2021-06-14_cluster_None,2021,2021-06-07,2021-06-14,7,,3,D:\M2_MoSEF\Acclim\DataCollection\data\JRC_flood_depth_maps\2021_filtered\WD_MERGE_2021-06-07---2021-06-14_duration_7_days_cluster_118_A0_000014_A_000019_lat_04889_lon_-0211_size_0051.tif,1,Créances,4633,2726
2021-06-07---2021-06-21_cluster_None,2021,2021-06-07,2021-06-21,14,,2,D:\M2_MoSEF\Acclim\DataCollection\data\JRC_flood_depth_maps\2021_filtered\WD_MERGE_2021-06-07---2021-06-21_duration_14_days_cluster_117_A0_000058_A_000067_lat_03935_lon_-0036_size_0010.tif,0,,815,1975
2021-06-14---2021-06-21_cluster_None,2021,2021-06-14,2021-06-21,7,,6,D:\M2_MoSEF\Acclim\DataCollection\data\JRC_flood_depth_maps\2021_filtered\WD_MERGE_2021-06-14---2021-06-21_duration_7_days_cluster_124_A0_000015_A_000017_lat_05413_lon_-0562_size_0035.tif,0,,3599,1154
2021-06-21---2021-07-05_cluster_None,2021,2021-06-21,2021-07-05,14,,2,D:\M2_MoSEF\Acclim\DataCollection\data\JRC_flood_depth_maps\2021_filtered\WD_MERGE_2021-06-21---2021-07-05_duration_14_days_cluster_132_A0_000018_A_000022_lat_05099_lon_-0181_size_0061.tif,0,,0,2023
2021-06-28---2021-07-05_cluster_None,2021,2021-06-28,2021-07-05,7,,5,D:\M2_MoSEF\Acclim\DataCollection\data\JRC_flood_depth_maps\2021_filtered\WD_MERGE_2021-06-28---2021-07-05_duration_7_days_cluster_145_A0_000001_A_000001_lat_05104_lon_00552_size_0028.tif,0,,1235,1098
2021-06-28---2021-07-12_cluster_None,2021,2021-06-28,2021-07-12,14,,1,D:\M2_MoSEF\Acclim\DataCollection\data\JRC_flood_depth_maps\2021_filtered\WD_MERGE_2021-06-28---2021-07-12_duration_14_days_cluster_143_A0_000006_A_000007_lat_04871_lon_-0382_size_0022.tif,0,,752,264
2021-06-28---2021-07-19_cluster_None,2021,2021-06-28,2021-07-19,21,,1,D:\M2_MoSEF\Acclim\DataCollection\data\JRC_flood_depth_maps\2021_filtered\WD_MERGE_2021-06-28---2021-07-19_duration_21_days_cluster_146_A0_000033_A_000038_lat_05025_lon_01220_size_0128.tif,0,,0,67
2021-07-12---2021-08-02_cluster_None,2021,2021-07-12,2021-08-02,21,,2,D:\M2_MoSEF\Acclim\DataCollection\data\JRC_flood_depth_maps\2021_filtered\WD_MERGE_2021-07-12---2021-08-02_duration_21_days_cluster_159_A0_000619_A_000852_lat_04942_lon_00499_size_0246.tif,120,Aboncourt-sur-Seille; Ambly-Fleury; Amigny-Rouy; Ancemont; Ancier; Autreppes; Avesnelles; Bantanges; Bey-sur-Seille; Blignicourt; Brienne; Brixey-aux-Chanoines; Brères; Brétigny; Bucey-lès-Traves; Bénaménil; Cendrey; Chalaines; Chanteheux; Chantes; Charette-Varennes; Charmes; Charny-sur-Meuse; Cherville; Chevigney-sur-l'Ognon; Commercy; Concevreux; Cormicy; Cornay; Courchapon; Deuillet; Domsure; Doncourt-sur-Meuse; Duzey; Falletans; Fignévelle; Fretterans; Frémery; Fréménil; Geneuille; Gigny-sur-Saône; Giraumont; Glanon; Gy; Hampigny; Hampont; Jallerange; Jouvençon; La Bretenière; La Chapelle-Naude; La Ferté-sur-Chiers; Lamouilly; Laneuveville-devant-Nancy; Lavans-Quingey; Le Planois; Les Magny; Les Monthairons; Les Petites-Armoises; Maizey; Maizy; Margut; Marnay; Marre; Maxey-sur-Vaise; Mont-lès-Seurre; Montcony; Montdidier; Montlebon; Mutigney; Navilly; Oiry; Ormes; Ougney; Pagney; Pontoux; Pringy; Proisy; Purgerot; Puxe; Rances; Rancy; Ranzevelle; Raville-sur-Sânon; Reyssouze; Rigny-la-Salle; Rilly-sur-Aisne; Rosières-aux-Salines; Rouvrois-sur-Meuse; Saint-Baraing; Saint-Cyr; Saint-Germain-sur-Meuse; Saint-Nizier-le-Bouchoux; Saint-Sulpice; Saint-Thomas-en-Argonne; Saunières; Sauvagney; Sens-sur-Seille; Sepvigny; Servon-Melzicourt; Seuil; Seveux-Motey; Soing-Cubry-Charentenay; Songy; Sornay; Tassenières; Thervay; Traves; Vandy; Varennes-le-Grand; Varesnes; Vaux-lès-Mouzon; Vellexon-Queutrey-et-Vaudey; Vienne-la-Ville; Vieux-lès-Asfeld; Vigneul-sous-Montmédy; Villers-devant-Mouzon; Vitreux; Vitrey-sur-Mance; Vitry-la-Ville; Void-Vacon,24730,3626
2021-07-19---2021-07-26_cluster_None,2021,2021-07-19,2021-07-26,7,,9,D:\M2_MoSEF\Acclim\DataCollection\data\JRC_flood_depth_maps\2021_filtered\WD_MERGE_2021-07-19---2021-07-26_duration_7_days_cluster_166_A0_000005_A_000007_lat_03532_lon_-0573_size_0009.tif,0,,0,0
2021-07-26---2021-08-02_cluster_None,2021,2021-07-26,2021-08-02,7,,6,D:\M2_MoSEF\Acclim\DataCollection\data\JRC_flood_depth_maps\2021_filtered\WD_MERGE_2021-07-26---2021-08-02_duration_7_days_cluster_177_A0_000009_A_000019_lat_03715_lon_-0773_size_0024.tif,0,,4915,3690
2021-08-09---2021-08-16_cluster_None,2021,2021-08-09,2021-08-16,7,,7,D:\M2_MoSEF\Acclim\DataCollection\data\JRC_flood_depth_maps\2021_filtered\WD_MERGE_2021-08-09---2021-08-16_duration_7_days_cluster_189_A0_000001_A_000001_lat_04755_lon_-0289_size_0038.tif,0,,752,264
2021-08-16---2021-08-23_cluster_None,2021,2021-08-16,2021-08-23,7,,3,D:\M2_MoSEF\Acclim\DataCollection\data\JRC_flood_depth_maps\2021_filtered\WD_MERGE_2021-08-16---2021-08-23_duration_7_days_cluster_201_A0_000002_A_000002_lat_05483_lon_-0841_size_0015.tif,0,,0,244
2021-08-23---2021-08-30_cluster_None,2021,2021-08-23,2021-08-30,7,,4,D:\M2_MoSEF\Acclim\DataCollection\data\JRC_flood_depth_maps\2021_filtered\WD_MERGE_2021-08-23---2021-08-30_duration_7_days_cluster_205_A0_000003_A_000004_lat_04803_lon_-0220_size_0091.tif,0,,4633,2726
2021-08-23---2021-11-22_cluster_None,2021,2021-08-23,2021-11-22,77,,1,D:\M2_MoSEF\Acclim\DataCollection\data\JRC_flood_depth_maps\2021_filtered\WD_MERGE_2021-08-23---2021-11-22_duration_77_days_cluster_372_A0_000305_A_000537_lat_06088_lon_00961_size_0167.tif,0,,0,4206
2021-08-30---2021-09-06_cluster_None,2021,2021-08-30,2021-09-06,7,,2,D:\M2_MoSEF\Acclim\DataCollection\data\JRC_flood_depth_maps\2021_filtered\WD_MERGE_2021-08-30---2021-09-06_duration_7_days_cluster_211_A0_000001_A_000001_lat_04866_lon_01214_size_0036.tif,0,,0,0
2021-09-06---2021-09-13_cluster_None,2021,2021-09-06,2021-09-13,7,,8,D:\M2_MoSEF\Acclim\DataCollection\data\JRC_flood_depth_maps\2021_filtered\WD_MERGE_2021-09-06---2021-09-13_duration_7_days_cluster_214_A0_000016_A_000029_lat_04080_lon_-0833_size_0028.tif,0,,10492,5936
2021-09-13---2021-09-20_cluster_None,2021,2021-09-13,2021-09-20,7,,6,D:\M2_MoSEF\Acclim\DataCollection\data\JRC_flood_depth_maps\2021_filtered\WD_MERGE_2021-09-13---2021-09-20_duration_7_days_cluster_225_A0_000011_A_000013_lat_05081_lon_-0110_size_0009.tif,0,,0,244
2021-09-20---2021-09-27_cluster_None,2021,2021-09-20,2021-09-27,7,,4,D:\M2_MoSEF\Acclim\DataCollection\data\JRC_flood_depth_maps\2021_filtered\WD_MERGE_2021-09-20---2021-09-27_duration_7_days_cluster_232_A0_000043_A_000063_lat_04181_lon_-0544_size_0011.tif,0,,3931,1930
2021-09-27---2021-10-04_cluster_None,2021,2021-09-27,2021-10-04,7,,5,D:\M2_MoSEF\Acclim\DataCollection\data\JRC_flood_depth_maps\2021_filtered\WD_MERGE_2021-09-27---2021-10-04_duration_7_days_cluster_240_A0_000002_A_000003_lat_04427_lon_-0087_size_0014.tif,0,,815,813
2021-10-04---2021-10-11_cluster_None,2021,2021-10-04,2021-10-11,7,,10,D:\M2_MoSEF\Acclim\DataCollection\data\JRC_flood_depth_maps\2021_filtered\WD_MERGE_2021-10-04---2021-10-11_duration_7_days_cluster_247_A0_000020_A_000034_lat_04075_lon_-0863_size_0006.tif,0,,10492,5936
2021-10-04---2021-11-22_cluster_None,2021,2021-10-04,2021-11-22,49,,1,D:\M2_MoSEF\Acclim\DataCollection\data\JRC_flood_depth_maps\2021_filtered\WD_MERGE_2021-10-04---2021-11-22_duration_49_days_cluster_248_A0_000068_A_000078_lat_03972_lon_-0114_size_0188.tif,0,,815,1975
2021-10-18---2021-11-15_cluster_None,2021,2021-10-18,2021-11-15,21,,1,D:\M2_MoSEF\Acclim\DataCollection\data\JRC_flood_depth_maps\2021_filtered\WD_MERGE_2021-10-18---2021-11-15_duration_21_days_cluster_269_A0_000215_A_000262_lat_05326_lon_-0331_size_0252.tif,0,,234,8858
2021-10-25---2021-11-29_cluster_None,2021,2021-10-25,2021-11-29,35,,1,D:\M2_MoSEF\Acclim\DataCollection\data\JRC_flood_depth_maps\2021_filtered\WD_MERGE_2021-10-25---2021-11-29_duration_35_days_cluster_277_A0_000014_A_000017_lat_03624_lon_01046_size_0096.tif,0,,0,0
2021-11-01---2021-11-08_cluster_None,2021,2021-11-01,2021-11-08,7,,7,D:\M2_MoSEF\Acclim\DataCollection\data\JRC_flood_depth_maps\2021_filtered\WD_MERGE_2021-11-01---2021-11-08_duration_7_days_cluster_286_A0_000024_A_000039_lat_04064_lon_-0864_size_0009.tif,1,Jouvençon,9363,4912
2021-11-08---2021-11-15_cluster_None,2021,2021-11-08,2021-11-15,7,,4,D:\M2_MoSEF\Acclim\DataCollection\data\JRC_flood_depth_maps\2021_filtered\WD_MERGE_2021-11-08---2021-11-15_duration_7_days_cluster_296_A0_000008_A_000009_lat_04891_lon_-0137_size_0050.tif,2,Beuzeville-la-Bastille; Liesville-sur-Douve,3931,1930
2021-11-15---2021-11-22_cluster_None,2021,2021-11-15,2021-11-22,7,,7,D:\M2_MoSEF\Acclim\DataCollection\data\JRC_flood_depth_maps\2021_filtered\WD_MERGE_2021-11-15---2021-11-22_duration_7_days_cluster_302_A0_000004_A_000004_lat_04877_lon_-0362_size_0006.tif,0,,752,508
2021-11-22---2021-12-27_cluster_None,2021,2021-11-22,2021-12-27,28,,1,D:\M2_MoSEF\Acclim\DataCollection\data\JRC_flood_depth_maps\2021_filtered\WD_MERGE_2021-11-22---2021-12-27_duration_28_days_cluster_311_A0_000028_A_000035_lat_04537_lon_01275_size_0041.tif,0,,69,296
2021-11-22---2022-01-03_cluster_None,2021,2021-11-22,2022-01-03,35,,2,D:\M2_MoSEF\Acclim\DataCollection\data\JRC_flood_depth_maps\2021_filtered\WD_MERGE_2021-11-22---2022-01-03_duration_35_days_cluster_313_A0_000237_A_000277_lat_04154_lon_02586_size_0096.tif,0,,0,4697
2021-11-29---2021-12-13_cluster_None,2021,2021-11-29,2021-12-13,14,,2,D:\M2_MoSEF\Acclim\DataCollection\data\JRC_flood_depth_maps\2021_filtered\WD_MERGE_2021-11-29---2021-12-13_duration_14_days_cluster_317_A0_000006_A_000007_lat_04081_lon_01473_size_0041.tif,0,,0,0
2021-11-29---2022-01-03_cluster_None,2021,2021-11-29,2022-01-03,35,,2,D:\M2_MoSEF\Acclim\DataCollection\data\JRC_flood_depth_maps\2021_filtered\WD_MERGE_2021-11-29---2022-01-03_duration_35_days_cluster_315_A0_000249_A_000319_lat_04189_lon_-0074_size_0186.tif,62,Airel; Appeville; Aurensan; Auvers; Bantanges; Bidache; Bricqueville; Candresse; Carentan-les-Marais; Colombières; Créances; Dax; Domsure; Drincham; Dunkerque; Escos; Gigny-sur-Saône; Graignes-Mesnil-Angot; Hastingues; Herzeele; Houtkerque; Jouvençon; Juillac; Killem; La Balme-de-Thuy; La Chapelle-Naude; Le Planois; Liesville-sur-Douve; Marnay; Miniac-Morvan; Miribel; Montaut; Méautis; Orist; Pey; Peyre; Plaisance; Pont-Hébert; Poyanne; Rancy; Remilly Les Marais; Sailly-sur-la-Lys; Saint-André-de-Bohon; Saint-Floris; Saint-Fromond; Saint-Gervais-en-Vallière; Saint-Martin-d'Aubigny; Saint-Étienne-d'Orthe; Sainte-Colombe; Sens-sur-Seille; Sorde-l'Abbaye; Sornay; Soulac-sur-Mer; Tercis-les-Bains; Tourdun; Tribehou; Varenguebec; Vicq-d'Auribat; Villecomtal-sur-Arros; Wimille; Yzosse; Écouflant,27512,9729
2021-12-13---2021-12-27_cluster_None,2021,2021-12-13,2021-12-27,14,,2,D:\M2_MoSEF\Acclim\DataCollection\data\JRC_flood_depth_maps\2021_filtered\WD_MERGE_2021-12-13---2021-12-27_duration_14_days_cluster_327_A0_000005_A_000007_lat_03707_lon_00954_size_0030.tif,0,,0,0
2021-12-27---2022-01-03_cluster_None,2021,2021-12-27,2022-01-03,7,,7,D:\M2_MoSEF\Acclim\DataCollection\data\JRC_flood_depth_maps\2021_filtered\WD_MERGE_2021-12-27---2022-01-03_duration_7_days_cluster_337_A0_000091_A_000116_lat_04658_lon_00420_size_0065.tif,17,Cronat; Domsure; Gigny-sur-Saône; Jouvençon; La Chapelle-Naude; Lavans-Quingey; Le Planois; Marnay; Miribel; Montaron; Paslières; Saint-Gervais-en-Vallière; Saint-Nizier-le-Bouchoux; Sens-sur-Seille; Sornay; Thaix; Versaugues,18016,5153
2022-01-31---2022-03-07_cluster_None,2022,2022-01-31,2022-03-07,28,,1,D:\M2_MoSEF\Acclim\DataCollection\data\JRC_flood_depth_maps\2022_filtered\WD_MERGE_2022-01-31---2022-03-07_duration_28_days_cluster_336_A0_002048_A_002556_lat_05674_lon_01858_size_0509.tif,0,,0,19405
2022-01-31---2022-03-14_cluster_None,2022,2022-01-31,2022-03-14,42,,1,D:\M2_MoSEF\Acclim\DataCollection\data\JRC_flood_depth_maps\2022_filtered\WD_MERGE_2022-01-31---2022-03-14_duration_42_days_cluster_002_A0_000034_A_000041_lat_04171_lon_00124_size_0258.tif,1,Valras-Plage,5529,2041
2022-01-31---2022-03-21_cluster_None,2022,2022-01-31,2022-03-21,49,,1,D:\M2_MoSEF\Acclim\DataCollection\data\JRC_flood_depth_maps\2022_filtered\WD_MERGE_2022-01-31---2022-03-21_duration_49_days_cluster_335_A0_000513_A_000630_lat_05276_lon_00128_size_0430.tif,14,Airel; Appeville; Auvers; Beuzeville-la-Bastille; Bouquemont; Carentan-les-Marais; Gatteville-le-Phare; Liesville-sur-Douve; Miniac-Morvan; Méautis; Rouvrois-sur-Meuse; Tribehou; Varenguebec; Vigneul-sous-Montmédy,25470,6106
2022-02-07---2022-02-21_cluster_None,2022,2022-02-07,2022-02-21,14,,1,D:\M2_MoSEF\Acclim\DataCollection\data\JRC_flood_depth_maps\2022_filtered\WD_MERGE_2022-02-07---2022-02-21_duration_14_days_cluster_012_A0_000002_A_000003_lat_03705_lon_00952_size_0021.tif,0,,0,0
2022-02-07---2022-03-07_cluster_None,2022,2022-02-07,2022-03-07,28,,1,D:\M2_MoSEF\Acclim\DataCollection\data\JRC_flood_depth_maps\2022_filtered\WD_MERGE_2022-02-07---2022-03-07_duration_28_days_cluster_339_A0_003307_A_004441_lat_05912_lon_02492_size_0311.tif,0,,0,5810
2022-02-14---2022-04-18_cluster_None,2022,2022-02-14,2022-04-18,63,,1,D:\M2_MoSEF\Acclim\DataCollection\data\JRC_flood_depth_maps\2022_filtered\WD_MERGE_2022-02-14---2022-04-18_duration_63_days_cluster_338_A0_000257_A_000315_lat_05281_lon_00599_size_0115.tif,1,Créances,13404,9191
2022-02-21---2022-02-28_cluster_None,2022,2022-02-21,2022-02-28,7,,4,D:\M2_MoSEF\Acclim\DataCollection\data\JRC_flood_depth_maps\2022_filtered\WD_MERGE_2022-02-21---2022-02-28_duration_7_days_cluster_019_A0_000006_A_000007_lat_04129_lon_-0462_size_0037.tif,0,,0,0
2022-02-28---2022-03-07_cluster_None,2022,2022-02-28,2022-03-07,7,,8,D:\M2_MoSEF\Acclim\DataCollection\data\JRC_flood_depth_maps\2022_filtered\WD_MERGE_2022-02-28---2022-03-07_duration_7_days_cluster_025_A0_000004_A_000005_lat_06467_lon_-2163_size_0007.tif,0,,69,249
2022-02-28---2022-03-14_cluster_None,2022,2022-02-28,2022-03-14,14,,1,D:\M2_MoSEF\Acclim\DataCollection\data\JRC_flood_depth_maps\2022_filtered\WD_MERGE_2022-02-28---2022-03-14_duration_14_days_cluster_029_A0_000013_A_000015_lat_04800_lon_01018_size_0081.tif,0,,2560,2939
2022-03-14---2022-03-21_cluster_None,2022,2022-03-14,2022-03-21,7,,5,D:\M2_MoSEF\Acclim\DataCollection\data\JRC_flood_depth_maps\2022_filtered\WD_MERGE_2022-03-14---2022-03-21_duration_7_days_cluster_038_A0_000008_A_000009_lat_04823_lon_-0321_size_0070.tif,1,Trignac,752,264
2022-03-14---2022-04-11_cluster_None,2022,2022-03-14,2022-04-11,28,,1,D:\M2_MoSEF\Acclim\DataCollection\data\JRC_flood_depth_maps\2022_filtered\WD_MERGE_2022-03-14---2022-04-11_duration_28_days_cluster_039_A0_000002_A_000003_lat_03687_lon_00970_size_0046.tif,0,,0,0
2022-03-21---2022-03-28_cluster_None,2022,2022-03-21,2022-03-28,7,,5,D:\M2_MoSEF\Acclim\DataCollection\data\JRC_flood_depth_maps\2022_filtered\WD_MERGE_2022-03-21---2022-03-28_duration_7_days_cluster_047_A0_000002_A_000002_lat_05628_lon_-0273_size_0024.tif,0,,0,0
2022-03-28---2022-04-04_cluster_None,2022,2022-03-28,2022-04-04,7,,5,D:\M2_MoSEF\Acclim\DataCollection\data\JRC_flood_depth_maps\2022_filtered\WD_MERGE_2022-03-28---2022-04-04_duration_7_days_cluster_053_A0_000009_A_000012_lat_03982_lon_-0866_size_0109.tif,0,,360,9
2022-03-28---2022-05-09_cluster_None,2022,2022-03-28,2022-05-09,35,,1,D:\M2_MoSEF\Acclim\DataCollection\data\JRC_flood_depth_maps\2022_filtered\WD_MERGE_2022-03-28---2022-05-09_duration_35_days_cluster_343_A0_002534_A_003239_lat_05330_lon_02536_size_0130.tif,0,,0,0
2022-04-04---2022-04-11_cluster_None,2022,2022-04-04,2022-04-11,7,,5,D:\M2_MoSEF\Acclim\DataCollection\data\JRC_flood_depth_maps\2022_filtered\WD_MERGE_2022-04-04---2022-04-11_duration_7_days_cluster_061_A0_000002_A_000002_lat_03930_lon_-0243_size_0017.tif,0,,0,0
2022-04-11---2022-04-18_cluster_None,2022,2022-04-11,2022-04-18,7,,7,D:\M2_MoSEF\Acclim\DataCollection\data\JRC_flood_depth_maps\2022_filtered\WD_MERGE_2022-04-11---2022-04-18_duration_7_days_cluster_067_A0_000002_A_000003_lat_04081_lon_-0848_size_0015.tif,0,,0,0
2022-04-18---2022-04-25_cluster_None,2022,2022-04-18,2022-04-25,7,,6,D:\M2_MoSEF\Acclim\DataCollection\data\JRC_flood_depth_maps\2022_filtered\WD_MERGE_2022-04-18---2022-04-25_duration_7_days_cluster_076_A0_000003_A_000003_lat_03706_lon_-0627_size_0009.tif,0,,0,171
2022-04-18---2022-05-02_cluster_None,2022,2022-04-18,2022-05-02,14,,1,D:\M2_MoSEF\Acclim\DataCollection\data\JRC_flood_depth_maps\2022_filtered\WD_MERGE_2022-04-18---2022-05-02_duration_14_days_cluster_079_A0_000044_A_000048_lat_04421_lon_00714_size_0233.tif,0,,3638,2267
2022-05-02---2022-05-16_cluster_None,2022,2022-05-02,2022-05-16,14,,2,D:\M2_MoSEF\Acclim\DataCollection\data\JRC_flood_depth_maps\2022_filtered\WD_MERGE_2022-05-02---2022-05-16_duration_14_days_cluster_089_A0_000001_A_000002_lat_03714_lon_00942_size_0007.tif,0,,0,0
2022-05-02---2022-07-04_cluster_None,2022,2022-05-02,2022-07-04,56,,1,D:\M2_MoSEF\Acclim\DataCollection\data\JRC_flood_depth_maps\2022_filtered\WD_MERGE_2022-05-02---2022-07-04_duration_56_days_cluster_088_A0_000423_A_000504_lat_03969_lon_-0452_size_0376.tif,0,,815,1975
2022-05-16---2022-05-23_cluster_None,2022,2022-05-16,2022-05-23,7,,3,D:\M2_MoSEF\Acclim\DataCollection\data\JRC_flood_depth_maps\2022_filtered\WD_MERGE_2022-05-16---2022-05-23_duration_7_days_cluster_097_A0_000001_A_000001_lat_03983_lon_00867_size_0012.tif,0,,0,0
2022-05-16---2022-05-30_cluster_None,2022,2022-05-16,2022-05-30,14,,1,D:\M2_MoSEF\Acclim\DataCollection\data\JRC_flood_depth_maps\2022_filtered\WD_MERGE_2022-05-16---2022-05-30_duration_14_days_cluster_096_A0_000038_A_000043_lat_04358_lon_00459_size_0014.tif,0,,3599,1154
2022-05-30---2022-06-06_cluster_None,2022,2022-05-30,2022-06-06,7,,2,D:\M2_MoSEF\Acclim\DataCollection\data\JRC_flood_depth_maps\2022_filtered\WD_MERGE_2022-05-30---2022-06-06_duration_7_days_cluster_112_A0_000004_A_000004_lat_04877_lon_-0364_size_0007.tif,0,,752,264
2022-06-06---2022-06-13_cluster_None,2022,2022-06-06,2022-06-13,7,,6,D:\M2_MoSEF\Acclim\DataCollection\data\JRC_flood_depth_maps\2022_filtered\WD_MERGE_2022-06-06---2022-06-13_duration_7_days_cluster_118_A0_000020_A_000022_lat_05393_lon_-0665_size_0087.tif,0,,0,0
2022-06-06---2022-06-27_cluster_None,2022,2022-06-06,2022-06-27,21,,1,D:\M2_MoSEF\Acclim\DataCollection\data\JRC_flood_depth_maps\2022_filtered\WD_MERGE_2022-06-06---2022-06-27_duration_21_days_cluster_120_A0_000022_A_000025_lat_04359_lon_00454_size_0012.tif,0,,3599,1154
2022-06-20---2022-06-27_cluster_None,2022,2022-06-20,2022-06-27,7,,4,D:\M2_MoSEF\Acclim\DataCollection\data\JRC_flood_depth_maps\2022_filtered\WD_MERGE_2022-06-20---2022-06-27_duration_7_days_cluster_134_A0_000021_A_000025_lat_05410_lon_-0465_size_0082.tif,0,,0,0
2022-06-27---2022-07-04_cluster_None,2022,2022-06-27,2022-07-04,7,,6,D:\M2_MoSEF\Acclim\DataCollection\data\JRC_flood_depth_maps\2022_filtered\WD_MERGE_2022-06-27---2022-07-04_duration_7_days_cluster_142_A0_000002_A_000002_lat_04661_lon_00394_size_0035.tif,0,,6093,3686
2022-07-04---2022-07-11_cluster_None,2022,2022-07-04,2022-07-11,7,,2,D:\M2_MoSEF\Acclim\DataCollection\data\JRC_flood_depth_maps\2022_filtered\WD_MERGE_2022-07-04---2022-07-11_duration_7_days_cluster_152_A0_000001_A_000001_lat_04304_lon_01254_size_0018.tif,0,,0,0
2022-07-04---2022-07-18_cluster_None,2022,2022-07-04,2022-07-18,14,,1,D:\M2_MoSEF\Acclim\DataCollection\data\JRC_flood_depth_maps\2022_filtered\WD_MERGE_2022-07-04---2022-07-18_duration_14_days_cluster_151_A0_000019_A_000023_lat_05222_lon_-0259_size_0193.tif,0,,0,244
2022-07-18---2022-07-25_cluster_None,2022,2022-07-18,2022-07-25,7,,3,D:\M2_MoSEF\Acclim\DataCollection\data\JRC_flood_depth_maps\2022_filtered\WD_MERGE_2022-07-18---2022-07-25_duration_7_days_cluster_164_A0_000001_A_000001_lat_04172_lon_-0275_size_0037.tif,0,,815,813
2022-07-25---2022-08-01_cluster_None,2022,2022-07-25,2022-08-01,7,,2,D:\M2_MoSEF\Acclim\DataCollection\data\JRC_flood_depth_maps\2022_filtered\WD_MERGE_2022-07-25---2022-08-01_duration_7_days_cluster_171_A0_000001_A_000001_lat_05128_lon_-0326_size_0029.tif,0,,0,244
2022-08-01---2022-08-08_cluster_None,2022,2022-08-01,2022-08-08,7,,3,D:\M2_MoSEF\Acclim\DataCollection\data\JRC_flood_depth_maps\2022_filtered\WD_MERGE_2022-08-01---2022-08-08_duration_7_days_cluster_178_A0_000001_A_000002_lat_04354_lon_00459_size_0021.tif,0,,3599,1154
2022-08-08---2022-08-15_cluster_None,2022,2022-08-08,2022-08-15,7,,10,D:\M2_MoSEF\Acclim\DataCollection\data\JRC_flood_depth_maps\2022_filtered\WD_MERGE_2022-08-08---2022-08-15_duration_7_days_cluster_182_A0_000025_A_000039_lat_04634_lon_-0133_size_0065.tif,2,Esnandes; Le Gua,7961,5141
2022-08-15---2022-08-22_cluster_None,2022,2022-08-15,2022-08-22,7,,3,D:\M2_MoSEF\Acclim\DataCollection\data\JRC_flood_depth_maps\2022_filtered\WD_MERGE_2022-08-15---2022-08-22_duration_7_days_cluster_194_A0_000009_A_000011_lat_05115_lon_00094_size_0157.tif,0,,234,3817
2022-08-22---2022-08-29_cluster_None,2022,2022-08-22,2022-08-29,7,,4,D:\M2_MoSEF\Acclim\DataCollection\data\JRC_flood_depth_maps\2022_filtered\WD_MERGE_2022-08-22---2022-08-29_duration_7_days_cluster_201_A0_000002_A_000002_lat_04181_lon_-0195_size_0074.tif,0,,815,813
2022-08-22---2022-09-05_cluster_None,2022,2022-08-22,2022-09-05,14,,1,D:\M2_MoSEF\Acclim\DataCollection\data\JRC_flood_depth_maps\2022_filtered\WD_MERGE_2022-08-22---2022-09-05_duration_14_days_cluster_202_A0_000002_A_000002_lat_04566_lon_01291_size_0009.tif,0,,0,0
2022-08-29---2022-09-05_cluster_None,2022,2022-08-29,2022-09-05,7,,2,D:\M2_MoSEF\Acclim\DataCollection\data\JRC_flood_depth_maps\2022_filtered\WD_MERGE_2022-08-29---2022-09-05_duration_7_days_cluster_207_A0_000002_A_000002_lat_04881_lon_-0354_size_0001.tif,0,,752,264
2022-09-05---2022-09-12_cluster_None,2022,2022-09-05,2022-09-12,7,,3,D:\M2_MoSEF\Acclim\DataCollection\data\JRC_flood_depth_maps\2022_filtered\WD_MERGE_2022-09-05---2022-09-12_duration_7_days_cluster_211_A0_000018_A_000025_lat_05314_lon_00137_size_0124.tif,0,,234,4059
2022-09-12---2022-09-19_cluster_None,2022,2022-09-12,2022-09-19,7,,6,D:\M2_MoSEF\Acclim\DataCollection\data\JRC_flood_depth_maps\2022_filtered\WD_MERGE_2022-09-12---2022-09-19_duration_7_days_cluster_217_A0_000016_A_000031_lat_04075_lon_-0862_size_0007.tif,1,Saint-Molf,1567,1077
2022-09-19---2022-10-10_cluster_None,2022,2022-09-19,2022-10-10,21,,1,D:\M2_MoSEF\Acclim\DataCollection\data\JRC_flood_depth_maps\2022_filtered\WD_MERGE_2022-09-19---2022-10-10_duration_21_days_cluster_227_A0_000063_A_000091_lat_04563_lon_01562_size_0085.tif,0,,0,0
2022-09-26---2022-10-03_cluster_None,2022,2022-09-26,2022-10-03,7,,6,D:\M2_MoSEF\Acclim\DataCollection\data\JRC_flood_depth_maps\2022_filtered\WD_MERGE_2022-09-26---2022-10-03_duration_7_days_cluster_235_A0_000001_A_000001_lat_04067_lon_00068_size_0008.tif,0,,752,264
2022-10-10---2022-10-17_cluster_None,2022,2022-10-10,2022-10-17,7,,4,D:\M2_MoSEF\Acclim\DataCollection\data\JRC_flood_depth_maps\2022_filtered\WD_MERGE_2022-10-10---2022-10-17_duration_7_days_cluster_250_A0_000003_A_000004_lat_06474_lon_-2197_size_0017.tif,0,,0,0
2022-10-10---2023-01-02_cluster_None,2022,2022-10-10,2023-01-02,84,,1,D:\M2_MoSEF\Acclim\DataCollection\data\JRC_flood_depth_maps\2022_filtered\WD_MERGE_2022-10-10---2023-01-02_duration_84_days_cluster_351_A0_000463_A_000561_lat_05162_lon_-0440_size_0337.tif,28,Airel; Appeville; Auvers; Besné; Boutteville; Bouée; Bricqueville; Carentan-les-Marais; Colombières; Créances; Donges; Graignes-Mesnil-Angot; Liesville-sur-Douve; Malestroit; Méautis; Peillac; Pont-Hébert; Port-Saint-Père; Remilly Les Marais; Saint-André-de-Bohon; Saint-Fromond; Saint-Lumine-de-Coutais; Saint-Mars-de-Coutais; Saint-Mars-du-Désert; Saint-Philbert-de-Grand-Lieu; Saint-Vincent-sur-Oust; Tribehou; Varenguebec,12226,6171
2022-10-17---2022-10-24_cluster_None,2022,2022-10-17,2022-10-24,7,,5,D:\M2_MoSEF\Acclim\DataCollection\data\JRC_flood_depth_maps\2022_filtered\WD_MERGE_2022-10-17---2022-10-24_duration_7_days_cluster_256_A0_000001_A_000001_lat_04175_lon_-0295_size_0032.tif,0,,815,1057
2022-10-24---2022-10-31_cluster_None,2022,2022-10-24,2022-10-31,7,,6,D:\M2_MoSEF\Acclim\DataCollection\data\JRC_flood_depth_maps\2022_filtered\WD_MERGE_2022-10-24---2022-10-31_duration_7_days_cluster_261_A0_000001_A_000002_lat_03763_lon_-0699_size_0098.tif,0,,3931,1930
2022-10-24---2022-12-19_cluster_None,2022,2022-10-24,2022-12-19,49,,1,D:\M2_MoSEF\Acclim\DataCollection\data\JRC_flood_depth_maps\2022_filtered\WD_MERGE_2022-10-24---2022-12-19_duration_49_days_cluster_352_A0_000430_A_000534_lat_05117_lon_-0118_size_0205.tif,27,Airel; Appeville; Auvers; Besné; Beuzeville-la-Bastille; Bouée; Carentan-les-Marais; Colombières; Créances; Donges; Graignes-Mesnil-Angot; Liesville-sur-Douve; Malestroit; Méautis; Peillac; Pont-Hébert; Port-Saint-Père; Remilly Les Marais; Saint-André-de-Bohon; Saint-Fromond; Saint-Lumine-de-Coutais; Saint-Mars-de-Coutais; Saint-Mars-du-Désert; Saint-Philbert-de-Grand-Lieu; Saint-Vincent-sur-Oust; Tribehou; Varenguebec,13404,9191
2022-10-31---2022-11-07_cluster_None,2022,2022-10-31,2022-11-07,7,,5,D:\M2_MoSEF\Acclim\DataCollection\data\JRC_flood_depth_maps\2022_filtered\WD_MERGE_2022-10-31---2022-11-07_duration_7_days_cluster_271_A0_000002_A_000003_lat_06553_lon_-2239_size_0027.tif,0,,3599,1154
2022-11-07---2022-11-14_cluster_None,2022,2022-11-07,2022-11-14,7,,2,D:\M2_MoSEF\Acclim\DataCollection\data\JRC_flood_depth_maps\2022_filtered\WD_MERGE_2022-11-07---2022-11-14_duration_7_days_cluster_277_A0_000001_A_000001_lat_04515_lon_00861_size_0004.tif,0,,69,249
2022-11-14---2022-11-21_cluster_None,2022,2022-11-14,2022-11-21,7,,8,D:\M2_MoSEF\Acclim\DataCollection\data\JRC_flood_depth_maps\2022_filtered\WD_MERGE_2022-11-14---2022-11-21_duration_7_days_cluster_280_A0_000033_A_000054_lat_06473_lon_-1865_size_0031.tif,0,,3599,1154
2022-11-14---2023-01-02_cluster_None,2022,2022-11-14,2023-01-02,35,,1,D:\M2_MoSEF\Acclim\DataCollection\data\JRC_flood_depth_maps\2022_filtered\WD_MERGE_2022-11-14---2023-01-02_duration_35_days_cluster_279_A0_000374_A_000443_lat_03940_lon_-0724_size_0151.tif,0,,815,3039
2022-11-21---2022-12-05_cluster_None,2022,2022-11-21,2022-12-05,14,,1,D:\M2_MoSEF\Acclim\DataCollection\data\JRC_flood_depth_maps\2022_filtered\WD_MERGE_2022-11-21---2022-12-05_duration_14_days_cluster_291_A0_000056_A_000069_lat_04209_lon_01957_size_0033.tif,0,,0,0
2022-11-21---2023-01-02_cluster_None,2022,2022-11-21,2023-01-02,42,,1,D:\M2_MoSEF\Acclim\DataCollection\data\JRC_flood_depth_maps\2022_filtered\WD_MERGE_2022-11-21---2023-01-02_duration_42_days_cluster_290_A0_000168_A_000262_lat_04538_lon_01554_size_0088.tif,0,,429,300
2022-11-28---2022-12-05_cluster_None,2022,2022-11-28,2022-12-05,7,,5,D:\M2_MoSEF\Acclim\DataCollection\data\JRC_flood_depth_maps\2022_filtered\WD_MERGE_2022-11-28---2022-12-05_duration_7_days_cluster_299_A0_000001_A_000001_lat_05921_lon_-0263_size_0007.tif,0,,69,249
2022-12-19---2022-12-26_cluster_None,2022,2022-12-19,2022-12-26,7,,7,D:\M2_MoSEF\Acclim\DataCollection\data\JRC_flood_depth_maps\2022_filtered\WD_MERGE_2022-12-19---2022-12-26_duration_7_days_cluster_317_A0_000002_A_000003_lat_06565_lon_-2262_size_0036.tif,10,Jouvençon; Le Planois; Maxey-sur-Vaise; Montaron; Saint-Gervais-en-Vallière; Sens-sur-Seille; Sepvigny; Seveux-Motey; Vaucouleurs; Vellexon-Queutrey-et-Vaudey,5859,3089
2022-12-19---2023-01-02_cluster_None,2022,2022-12-19,2023-01-02,14,,2,D:\M2_MoSEF\Acclim\DataCollection\data\JRC_flood_depth_maps\2022_filtered\WD_MERGE_2022-12-19---2023-01-02_duration_14_days_cluster_320_A0_000013_A_000017_lat_04968_lon_00834_size_0171.tif,2,Aboncourt-sur-Seille; Bey-sur-Seille,1235,1098
2022-12-26---2023-01-02_cluster_None,2022,2022-12-26,2023-01-02,7,,9,D:\M2_MoSEF\Acclim\DataCollection\data\JRC_flood_depth_maps\2022_filtered\WD_MERGE_2022-12-26---2023-01-02_duration_7_days_cluster_326_A0_000008_A_000010_lat_03974_lon_-0059_size_0063.tif,0,,884,2224
2023-01-30---2023-02-06_cluster_None,2023,2023-01-30,2023-02-06,7,,10,D:\M2_MoSEF\Acclim\DataCollection\data\JRC_flood_depth_maps\2023_filtered\WD_MERGE_2023-01-30---2023-02-06_duration_7_days_cluster_001_A0_000001_A_000001_lat_03700_lon_-0606_size_0009.tif,0,,69,249
2023-01-30---2023-02-13_cluster_None,2023,2023-01-30,2023-02-13,14,,3,D:\M2_MoSEF\Acclim\DataCollection\data\JRC_flood_depth_maps\2023_filtered\WD_MERGE_2023-01-30---2023-02-13_duration_14_days_cluster_003_A0_000008_A_000010_lat_04868_lon_-0220_size_0101.tif,2,Carentan-les-Marais; Liesville-sur-Douve,4633,2726
2023-01-30---2023-03-06_cluster_None,2023,2023-01-30,2023-03-06,28,,1,D:\M2_MoSEF\Acclim\DataCollection\data\JRC_flood_depth_maps\2023_filtered\WD_MERGE_2023-01-30---2023-03-06_duration_28_days_cluster_325_A0_001369_A_001744_lat_05231_lon_02379_size_0369.tif,0,,0,1668
2023-01-30---2023-03-27_cluster_None,2023,2023-01-30,2023-03-27,49,,1,D:\M2_MoSEF\Acclim\DataCollection\data\JRC_flood_depth_maps\2023_filtered\WD_MERGE_2023-01-30---2023-03-27_duration_49_days_cluster_002_A0_000106_A_000156_lat_03910_lon_-0556_size_0312.tif,0,,815,1975
2023-01-30---2023-04-17_cluster_None,2023,2023-01-30,2023-04-17,77,,1,D:\M2_MoSEF\Acclim\DataCollection\data\JRC_flood_depth_maps\2023_filtered\WD_MERGE_2023-01-30---2023-04-17_duration_77_days_cluster_323_A0_000417_A_000518_lat_05204_lon_-0299_size_0389.tif,12,Appeville; Auvers; Besné; Beuzeville-la-Bastille; Donges; Liesville-sur-Douve; Miniac-Morvan; Port-Saint-Père; Saint-Mars-de-Coutais; Saint-Molf; Saint-Philbert-de-Grand-Lieu; Varenguebec,25470,6106
2023-02-06---2023-02-13_cluster_None,2023,2023-02-06,2023-02-13,7,,3,D:\M2_MoSEF\Acclim\DataCollection\data\JRC_flood_depth_maps\2023_filtered\WD_MERGE_2023-02-06---2023-02-13_duration_7_days_cluster_015_A0_000008_A_000009_lat_04650_lon_00060_size_0145.tif,1,Échigey,9893,6310
2023-02-13---2023-02-20_cluster_None,2023,2023-02-13,2023-02-20,7,,6,D:\M2_MoSEF\Acclim\DataCollection\data\JRC_flood_depth_maps\2023_filtered\WD_MERGE_2023-02-13---2023-02-20_duration_7_days_cluster_019_A0_000002_A_000003_lat_03712_lon_00928_size_0010.tif,0,,0,0
2023-02-13---2023-03-27_cluster_None,2023,2023-02-13,2023-03-27,35,,1,D:\M2_MoSEF\Acclim\DataCollection\data\JRC_flood_depth_maps\2023_filtered\WD_MERGE_2023-02-13---2023-03-27_duration_35_days_cluster_327_A0_001908_A_002379_lat_05273_lon_02570_size_0289.tif,0,,0,1668
2023-02-20---2023-02-27_cluster_None,2023,2023-02-20,2023-02-27,7,,5,D:\M2_MoSEF\Acclim\DataCollection\data\JRC_flood_depth_maps\2023_filtered\WD_MERGE_2023-02-20---2023-02-27_duration_7_days_cluster_025_A0_000002_A_000003_lat_05420_lon_-0911_size_0053.tif,0,,2497,1614
2023-02-27---2023-03-06_cluster_None,2023,2023-02-27,2023-03-06,7,,4,D:\M2_MoSEF\Acclim\DataCollection\data\JRC_flood_depth_maps\2023_filtered\WD_MERGE_2023-02-27---2023-03-06_duration_7_days_cluster_032_A0_000002_A_000003_lat_04070_lon_-0144_size_0178.tif,0,,815,1975
2023-03-06---2023-03-13_cluster_None,2023,2023-03-06,2023-03-13,7,,6,D:\M2_MoSEF\Acclim\DataCollection\data\JRC_flood_depth_maps\2023_filtered\WD_MERGE_2023-03-06---2023-03-13_duration_7_days_cluster_037_A0_000002_A_000003_lat_05088_lon_-0468_size_0080.tif,0,,0,171
2023-03-06---2023-04-24_cluster_None,2023,2023-03-06,2023-04-24,42,,1,D:\M2_MoSEF\Acclim\DataCollection\data\JRC_flood_depth_maps\2023_filtered\WD_MERGE_2023-03-06---2023-04-24_duration_42_days_cluster_328_A0_000293_A_000366_lat_04855_lon_00376_size_0461.tif,28,Appeville; Auvers; Besné; Beuzeville-la-Bastille; Brives-sur-Charente; Bussac-sur-Charente; Carentan-les-Marais; Champdolent; Courcoury; Couëron; Créances; Donges; Fontcouverte; Foussemagne; Frossay; Les Gonds; Les Nouillers; Liesville-sur-Douve; Merpins; Miniac-Morvan; Rouffiac; Saint-André-des-Eaux; Saint-Lumine-de-Coutais; Saint-Malo-de-Guersac; Saint-Sever-de-Saintonge; Salignac-sur-Charente; Trignac; Varenguebec,25470,6106
2023-03-13---2023-03-20_cluster_None,2023,2023-03-13,2023-03-20,7,,2,D:\M2_MoSEF\Acclim\DataCollection\data\JRC_flood_depth_maps\2023_filtered\WD_MERGE_2023-03-13---2023-03-20_duration_7_days_cluster_045_A0_000018_A_000024_lat_06558_lon_-1965_size_0015.tif,0,,0,0
2023-03-13---2023-05-01_cluster_None,2023,2023-03-13,2023-05-01,49,,1,D:\M2_MoSEF\Acclim\DataCollection\data\JRC_flood_depth_maps\2023_filtered\WD_MERGE_2023-03-13---2023-05-01_duration_49_days_cluster_331_A0_000343_A_000408_lat_05536_lon_01477_size_0370.tif,1,Hazembourg,1235,7868
2023-03-20---2023-03-27_cluster_None,2023,2023-03-20,2023-03-27,7,,3,D:\M2_MoSEF\Acclim\DataCollection\data\JRC_flood_depth_maps\2023_filtered\WD_MERGE_2023-03-20---2023-03-27_duration_7_days_cluster_048_A0_000001_A_000002_lat_03717_lon_00945_size_0008.tif,0,,0,0
2023-03-27---2023-04-17_cluster_None,2023,2023-03-27,2023-04-17,21,,1,D:\M2_MoSEF\Acclim\DataCollection\data\JRC_flood_depth_maps\2023_filtered\WD_MERGE_2023-03-27---2023-04-17_duration_21_days_cluster_052_A0_000015_A_000017_lat_04292_lon_01222_size_0048.tif,0,,360,14
2023-03-27---2023-04-24_cluster_None,2023,2023-03-27,2023-04-24,28,,1,D:\M2_MoSEF\Acclim\DataCollection\data\JRC_flood_depth_maps\2023_filtered\WD_MERGE_2023-03-27---2023-04-24_duration_28_days_cluster_333_A0_003661_A_004613_lat_05281_lon_03006_size_0197.tif,0,,0,0
2023-04-03---2023-04-10_cluster_None,2023,2023-04-03,2023-04-10,7,,7,D:\M2_MoSEF\Acclim\DataCollection\data\JRC_flood_depth_maps\2023_filtered\WD_MERGE_2023-04-03---2023-04-10_duration_7_days_cluster_054_A0_000007_A_000010_lat_04023_lon_-0848_size_0067.tif,0,,0,0
2023-04-10---2023-05-01_cluster_None,2023,2023-04-10,2023-05-01,21,,2,D:\M2_MoSEF\Acclim\DataCollection\data\JRC_flood_depth_maps\2023_filtered\WD_MERGE_2023-04-10---2023-05-01_duration_21_days_cluster_063_A0_000033_A_000038_lat_04364_lon_00460_size_0018.tif,0,,3599,1154
2023-04-17---2023-04-24_cluster_None,2023,2023-04-17,2023-04-24,7,,6,D:\M2_MoSEF\Acclim\DataCollection\data\JRC_flood_depth_maps\2023_filtered\WD_MERGE_2023-04-17---2023-04-24_duration_7_days_cluster_067_A0_000002_A_000003_lat_04064_lon_-0864_size_0017.tif,0,,0,0
2023-04-24---2023-05-01_cluster_None,2023,2023-04-24,2023-05-01,7,,7,D:\M2_MoSEF\Acclim\DataCollection\data\JRC_flood_depth_maps\2023_filtered\WD_MERGE_2023-04-24---2023-05-01_duration_7_days_cluster_074_A0_000005_A_000006_lat_03913_lon_-0623_size_0028.tif,0,,234,597
2023-04-24---2023-06-05_cluster_None,2023,2023-04-24,2023-06-05,42,,1,D:\M2_MoSEF\Acclim\DataCollection\data\JRC_flood_depth_maps\2023_filtered\WD_MERGE_2023-04-24---2023-06-05_duration_42_days_cluster_077_A0_000314_A_000408_lat_04477_lon_01163_size_0382.tif,0,,4003,3808
2023-05-01---2023-05-08_cluster_None,2023,2023-05-01,2023-05-08,7,,5,D:\M2_MoSEF\Acclim\DataCollection\data\JRC_flood_depth_maps\2023_filtered\WD_MERGE_2023-05-01---2023-05-08_duration_7_days_cluster_083_A0_000015_A_000018_lat_04020_lon_-0869_size_0009.tif,0,,0,171
2023-05-01---2023-06-19_cluster_None,2023,2023-05-01,2023-06-19,35,,1,D:\M2_MoSEF\Acclim\DataCollection\data\JRC_flood_depth_maps\2023_filtered\WD_MERGE_2023-05-01---2023-06-19_duration_35_days_cluster_084_A0_000359_A_000445_lat_03961_lon_-0503_size_0349.tif,0,,815,1975
2023-05-08---2023-05-15_cluster_None,2023,2023-05-08,2023-05-15,7,,4,D:\M2_MoSEF\Acclim\DataCollection\data\JRC_flood_depth_maps\2023_filtered\WD_MERGE_2023-05-08---2023-05-15_duration_7_days_cluster_093_A0_000001_A_000002_lat_03717_lon_00944_size_0007.tif,0,,0,0
2023-05-15---2023-05-22_cluster_None,2023,2023-05-15,2023-05-22,7,,5,D:\M2_MoSEF\Acclim\DataCollection\data\JRC_flood_depth_maps\2023_filtered\WD_MERGE_2023-05-15---2023-05-22_duration_7_days_cluster_100_A0_000003_A_000003_lat_03992_lon_00864_size_0005.tif,0,,0,0
2023-05-29---2023-06-05_cluster_None,2023,2023-05-29,2023-06-05,7,,6,D:\M2_MoSEF\Acclim\DataCollection\data\JRC_flood_depth_maps\2023_filtered\WD_MERGE_2023-05-29---2023-06-05_duration_7_days_cluster_114_A0_000001_A_000001_lat_05170_lon_-0488_size_0002.tif,0,,0,171
2023-06-05---2023-06-12_cluster_None,2023,2023-06-05,2023-06-12,7,,7,D:\M2_MoSEF\Acclim\DataCollection\data\JRC_flood_depth_maps\2023_filtered\WD_MERGE_2023-06-05---2023-06-12_duration_7_days_cluster_122_A0_000002_A_000003_lat_04068_lon_00074_size_0004.tif,0,,752,264
2023-06-12---2023-06-19_cluster_None,2023,2023-06-12,2023-06-19,7,,4,D:\M2_MoSEF\Acclim\DataCollection\data\JRC_flood_depth_maps\2023_filtered\WD_MERGE_2023-06-12---2023-06-19_duration_7_days_cluster_130_A0_000001_A_000001_lat_04189_lon_-0295_size_0022.tif,0,,815,813
2023-06-19---2023-06-26_cluster_None,2023,2023-06-19,2023-06-26,7,,10,D:\M2_MoSEF\Acclim\DataCollection\data\JRC_flood_depth_maps\2023_filtered\WD_MERGE_2023-06-19---2023-06-26_duration_7_days_cluster_136_A0_000001_A_000003_lat_03702_lon_-0784_size_0005.tif,1,Bourrouillan,5522,1871
2023-06-26---2023-07-03_cluster_None,2023,2023-06-26,2023-07-03,7,,5,D:\M2_MoSEF\Acclim\DataCollection\data\JRC_flood_depth_maps\2023_filtered\WD_MERGE_2023-06-26---2023-07-03_duration_7_days_cluster_148_A0_000001_A_000002_lat_03713_lon_00952_size_0015.tif,0,,0,0
2023-07-03---2023-07-10_cluster_None,2023,2023-07-03,2023-07-10,7,,6,D:\M2_MoSEF\Acclim\DataCollection\data\JRC_flood_depth_maps\2023_filtered\WD_MERGE_2023-07-03---2023-07-10_duration_7_days_cluster_156_A0_000001_A_000001_lat_04048_lon_00051_size_0027.tif,0,,986,861
2023-07-17---2023-07-24_cluster_None,2023,2023-07-17,2023-07-24,7,,5,D:\M2_MoSEF\Acclim\DataCollection\data\JRC_flood_depth_maps\2023_filtered\WD_MERGE_2023-07-17---2023-07-24_duration_7_days_cluster_172_A0_000001_A_000001_lat_04184_lon_-0303_size_0021.tif,0,,2050,1911
2023-07-24---2023-07-31_cluster_None,2023,2023-07-24,2023-07-31,7,,6,D:\M2_MoSEF\Acclim\DataCollection\data\JRC_flood_depth_maps\2023_filtered\WD_MERGE_2023-07-24---2023-07-31_duration_7_days_cluster_178_A0_000018_A_000021_lat_05323_lon_-0433_size_0159.tif,0,,0,244
2023-07-31---2023-08-07_cluster_None,2023,2023-07-31,2023-08-07,7,,9,D:\M2_MoSEF\Acclim\DataCollection\data\JRC_flood_depth_maps\2023_filtered\WD_MERGE_2023-07-31---2023-08-07_duration_7_days_cluster_187_A0_000023_A_000039_lat_04092_lon_-0798_size_0063.tif,0,,815,813
2023-08-07---2023-08-14_cluster_None,2023,2023-08-07,2023-08-14,7,,7,D:\M2_MoSEF\Acclim\DataCollection\data\JRC_flood_depth_maps\2023_filtered\WD_MERGE_2023-08-07---2023-08-14_duration_7_days_cluster_198_A0_000012_A_000013_lat_05080_lon_-0113_size_0011.tif,0,,0,244
2023-08-14---2023-08-21_cluster_None,2023,2023-08-14,2023-08-21,7,,8,D:\M2_MoSEF\Acclim\DataCollection\data\JRC_flood_depth_maps\2023_filtered\WD_MERGE_2023-08-14---2023-08-21_duration_7_days_cluster_210_A0_000003_A_000005_lat_04079_lon_-0865_size_0001.tif,0,,1567,1077
2023-08-21---2023-08-28_cluster_None,2023,2023-08-21,2023-08-28,7,,1,D:\M2_MoSEF\Acclim\DataCollection\data\JRC_flood_depth_maps\2023_filtered\WD_MERGE_2023-08-21---2023-08-28_duration_7_days_cluster_220_A0_000014_A_000019_lat_05116_lon_00141_size_0196.tif,0,,234,3817
2023-08-28---2023-09-04_cluster_None,2023,2023-08-28,2023-09-04,7,,10,D:\M2_MoSEF\Acclim\DataCollection\data\JRC_flood_depth_maps\2023_filtered\WD_MERGE_2023-08-28---2023-09-04_duration_7_days_cluster_225_A0_000012_A_000015_lat_04821_lon_-0302_size_0082.tif,3,Billiers; Préfailles; Saint-Molf,752,265
2023-09-04---2023-09-11_cluster_None,2023,2023-09-04,2023-09-11,7,,3,D:\M2_MoSEF\Acclim\DataCollection\data\JRC_flood_depth_maps\2023_filtered\WD_MERGE_2023-09-04---2023-09-11_duration_7_days_cluster_239_A0_000005_A_000006_lat_05081_lon_-0110_size_0007.tif,0,,5859,3333
2023-09-11---2023-09-18_cluster_None,2023,2023-09-11,2023-09-18,7,,4,D:\M2_MoSEF\Acclim\DataCollection\data\JRC_flood_depth_maps\2023_filtered\WD_MERGE_2023-09-11---2023-09-18_duration_7_days_cluster_243_A0_000001_A_000001_lat_04864_lon_-0402_size_0038.tif,0,,752,264
2023-09-25---2023-10-02_cluster_None,2023,2023-09-25,2023-10-02,7,,10,D:\M2_MoSEF\Acclim\DataCollection\data\JRC_flood_depth_maps\2023_filtered\WD_MERGE_2023-09-25---2023-10-02_duration_7_days_cluster_257_A0_000028_A_000040_lat_03933_lon_-0346_size_0025.tif,0,,815,1057
2023-10-02---2023-11-27_cluster_None,2023,2023-10-02,2023-11-27,56,,1,D:\M2_MoSEF\Acclim\DataCollection\data\JRC_flood_depth_maps\2023_filtered\WD_MERGE_2023-10-02---2023-11-27_duration_56_days_cluster_343_A0_001031_A_001249_lat_05091_lon_-0185_size_0363.tif,50,Appeville; Arques; Auvers; Besné; Beuvrequen; Beuzeville-la-Bastille; Bouée; Brives-sur-Charente; Bussac-sur-Charente; Carentan-les-Marais; Champdolent; Châteauneuf-sur-Charente; Chérigné; Courcoury; Donges; Fontcouverte; Geay; Gimeux; Grues; Guenrouet; Houlle; Houtkerque; L'Aiguillon-la-Presqu'île; La Chapelle; La Ronde; Le Mung; Les Gonds; Les Peintures; Lesparre-Médoc; Liesville-sur-Douve; Machecoul-Saint-Même; Merpins; Nielles-lès-Calais; Port-Saint-Père; Romegoux; Rouffiac; Saint-Denis-du-Payré; Saint-Estèphe; Saint-Jean-de-Liversay; Saint-Omer; Saint-Sever-de-Saintonge; Saint-Sulpice-et-Cameyrac; Saint-Tricat; Saint-Vaize; Salignac-sur-Charente; Tribehou; Varenguebec; Wimille; Écouflant; Épannes,21983,7688
2023-10-09---2023-10-16_cluster_None,2023,2023-10-09,2023-10-16,7,,5,D:\M2_MoSEF\Acclim\DataCollection\data\JRC_flood_depth_maps\2023_filtered\WD_MERGE_2023-10-09---2023-10-16_duration_7_days_cluster_274_A0_000001_A_000001_lat_05171_lon_-0489_size_0002.tif,0,,0,171
2023-10-09---2023-10-30_cluster_None,2023,2023-10-09,2023-10-30,21,,1,D:\M2_MoSEF\Acclim\DataCollection\data\JRC_flood_depth_maps\2023_filtered\WD_MERGE_2023-10-09---2023-10-30_duration_21_days_cluster_344_A0_000268_A_000396_lat_06000_lon_01102_size_0330.tif,0,,0,4206
2023-10-09---2023-11-27_cluster_None,2023,2023-10-09,2023-11-27,35,,1,D:\M2_MoSEF\Acclim\DataCollection\data\JRC_flood_depth_maps\2023_filtered\WD_MERGE_2023-10-09---2023-11-27_duration_35_days_cluster_346_A0_001489_A_001868_lat_04874_lon_00161_size_0346.tif,215,Abaucourt; Aboncourt-sur-Seille; Aingeville; Aire; Airel; Ambly-Fleury; Ambly-sur-Meuse; Amigny-Rouy; Anais; Ancemont; Appeville; Arques; Athis; Aulnay-sur-Marne; Aulnois-sur-Seille; Auvers; Bannoncourt; Bantanges; Batz-sur-Mer; Baudrecourt; Belleray; Belleville-sur-Meuse; Bettange; Beuvrequen; Beuzeville-la-Bastille; Bey-sur-Seille; Blacy; Bouquemont; Boutteville; Breuvannes-en-Bassigny; Bricqueville; Brieulles-sur-Meuse; Brives-sur-Charente; Brixey-aux-Chanoines; Brécy-Brières; Brétigny; Bussac-sur-Charente; Bénaménil; Candresse; Carentan-les-Marais; Champdolent; Champneuville; Charny-sur-Meuse; Chauvoncourt; Cherville; Chouilly; Châteauneuf-sur-Charente; Chérigné; Colombiers; Colombières; Commercy; Concevreux; Conflandey; Cormicy; Courcelles-Chaussy; Courcoury; Créances; Dannevoux; Dax; Deuillet; Dieue-sur-Meuse; Domsure; Doncourt-sur-Meuse; Drincham; Duzey; Ebersmunster; Fignévelle; Fleurey-lès-Faverney; Fontcouverte; Frémery; Fréménil; Geay; Gigny-sur-Saône; Gimeux; Giraumont; Givry; Glanon; Gorges; Graignes-Mesnil-Angot; Grues; Hagécourt; Hampigny; Hazembourg; Herzeele; Hilsenheim; Hinsingen; Holling; Houlle; Houtkerque; Insming; Jallerange; Jouvençon; Jâlons; L'Aiguillon-la-Presqu'île; La Chapelle; La Ferté-sur-Chiers; La Jard; La Neuveville-sous-Châtenois; La Neuville-à-Maire; La Ronde; Lacrost; Le Mung; Le Planois; Les Gonds; Les Monthairons; Les Peintures; Les Petites-Armoises; Lesparre-Médoc; Liesville-sur-Douve; Lucy; Luzy-Saint-Martin; Létricourt; Magneville; Maizeroy; Maizey; Mandeville-en-Bessin; Marnay; Marre; Matougues; Maxey-sur-Vaise; Merpins; Miribel; Mont-devant-Sassey; Mont-lès-Seurre; Montlebon; Morelmaison; Morville-sur-Seille; Muttersholtz; Méautis; Nielles-lès-Calais; Oiry; Orist; Ormes; Ougney; Pagney; Parfondrupt; Perrigny-sur-l'Ognon; Pey; Picauville; Pommérieux; Pont-Hébert; Port-d'Envaux; Port-sur-Seille; Pouan-les-Vallées; Prévocourt; Puxe; Rances; Rancy; Raville-sur-Sânon; Regnéville-sur-Meuse; Remilly Les Marais; Remilly-Aillicourt; Reviers; Reyssouze; Rigny-la-Salle; Rilly-sur-Aisne; Rossfeld; Rouffiac; Rouvrois-sur-Meuse; Saint-André-de-Bohon; Saint-Baraing; Saint-Denis-du-Payré; Saint-Estèphe; Saint-Floris; Saint-Fromond; Saint-Germain-sur-Meuse; Saint-Jean-de-Daye; Saint-Jean-de-Liversay; Saint-Malo-de-Guersac; Saint-Martin-d'Aubigny; Saint-Nizier-le-Bouchoux; Saint-Omer; Saint-Sever-de-Saintonge; Saint-Sulpice-et-Cameyrac; Saint-Tricat; Saint-Vaize; Sainte-Colombe; Salignac-sur-Charente; Sanry-sur-Nied; Sassey-sur-Meuse; Sens-sur-Seille; Sepvigny; Servais; Servon-Melzicourt; Seveux-Motey; Siest; Sinceny; Songy; Sornay; Tercis-les-Bains; Thervay; Tilly-sur-Meuse; Tournus; Tribehou; Trignac; Trévières; Vadonville; Vahl-lès-Bénestroff; Vandy; Varenguebec; Varesnes; Vecqueville; Velet; Vellexon-Queutrey-et-Vaudey; Verrières; Vigneul-sous-Montmédy; Villers-devant-Mouzon; Vitreux; Void-Vacon; Wimille; Woimbey; Yzosse; Éblange; Écouflant; Épannes,34746,0
2023-10-16---2023-10-23_cluster_None,2023,2023-10-16,2023-10-23,7,,2,D:\M2_MoSEF\Acclim\DataCollection\data\JRC_flood_depth_maps\2023_filtered\WD_MERGE_2023-10-16---2023-10-23_duration_7_days_cluster_283_A0_000003_A_000003_lat_04875_lon_-0367_size_0011.tif,0,,752,264
2023-10-16---2023-11-13_cluster_None,2023,2023-10-16,2023-11-13,28,,1,D:\M2_MoSEF\Acclim\DataCollection\data\JRC_flood_depth_maps\2023_filtered\WD_MERGE_2023-10-16---2023-11-13_duration_28_days_cluster_284_A0_000141_A_000190_lat_04537_lon_01363_size_0211.tif,1,Montlebon,2920,2999
2023-10-30---2023-12-04_cluster_None,2023,2023-10-30,2023-12-04,35,,1,D:\M2_MoSEF\Acclim\DataCollection\data\JRC_flood_depth_maps\2023_filtered\WD_MERGE_2023-10-30---2023-12-04_duration_35_days_cluster_348_A0_000546_A_000695_lat_05657_lon_01255_size_0454.tif,0,,1235,9018
2023-11-06---2023-11-13_cluster_None,2023,2023-11-06,2023-11-13,7,,4,D:\M2_MoSEF\Acclim\DataCollection\data\JRC_flood_depth_maps\2023_filtered\WD_MERGE_2023-11-06---2023-11-13_duration_7_days_cluster_292_A0_000001_A_000001_lat_03478_lon_01126_size_0002.tif,0,,0,0
2023-11-06---2024-01-01_cluster_None,2023,2023-11-06,2024-01-01,56,,2,D:\M2_MoSEF\Acclim\DataCollection\data\JRC_flood_depth_maps\2023_filtered\WD_MERGE_2023-11-06---2024-01-01_duration_56_days_cluster_352_A0_000246_A_000287_lat_04014_lon_-0426_size_0411.tif,2,Pey; Saint-Chamassy,5529,2702
2023-11-27---2023-12-04_cluster_None,2023,2023-11-27,2023-12-04,7,,3,D:\M2_MoSEF\Acclim\DataCollection\data\JRC_flood_depth_maps\2023_filtered\WD_MERGE_2023-11-27---2023-12-04_duration_7_days_cluster_305_A0_000001_A_000002_lat_05467_lon_-0845_size_0033.tif,0,,0,0
2023-11-27---2023-12-25_cluster_None,2023,2023-11-27,2023-12-25,28,,1,D:\M2_MoSEF\Acclim\DataCollection\data\JRC_flood_depth_maps\2023_filtered\WD_MERGE_2023-11-27---2023-12-25_duration_28_days_cluster_355_A0_001153_A_001442_lat_04922_lon_00020_size_0374.tif,133,Airel; Anais; Angers; Appeville; Athis; Auvers; Bantanges; Besné; Beuzeville-la-Bastille; Boutteville; Breuvannes-en-Bassigny; Brienne; Briollay; Brives-sur-Charente; Brixey-aux-Chanoines; Bucey-lès-Traves; Bussac-sur-Charente; Carentan-les-Marais; Champdolent; Chantes; Charette-Varennes; Chassey-lès-Scey; Chavéria; Châteauneuf-sur-Charente; Colombiers; Colombières; Courcoury; Cressin-Rochefort; Créances; Davrey; Dissay-sous-Courcillon; Domsure; Donges; Fontcouverte; Fretterans; Frontenard; Geay; Gevigney-et-Mercey; Gigny-sur-Saône; Gimeux; Glanon; Graignes-Mesnil-Angot; Jouvençon; La Bretenière; La Chapelle; La Chapelle-Naude; La Gripperie-Saint-Symphorien; La Jard; La Ronde; Lacrost; Lamarche-sur-Saône; Le Mung; Le Planois; Lechâtelet; Les Gonds; Les Peintures; Liesville-sur-Douve; Longepierre; Lupsault; Machecoul-Saint-Même; Marnay; Matougues; Maxey-sur-Vaise; Merpins; Miniac-Morvan; Miribel; Mogneneins; Mont-lès-Seurre; Montaron; Mozé-sur-Louet; Méautis; Navilly; Nersac; Ormes; Pagney; Pagny-la-Ville; Pagny-le-Château; Parcoul-Chenaud; Pollieu; Pont-Hébert; Pontoux; Port-Saint-Père; Port-d'Envaux; Rancy; Remilly Les Marais; Reyssouze; Romegoux; Rosières-sur-Mance; Rouffiac; Saint-André-de-Bohon; Saint-Cyr; Saint-Denis-du-Payré; Saint-Fromond; Saint-Gervais-en-Vallière; Saint-Lumine-de-Coutais; Saint-Malo-de-Guersac; Saint-Mars-de-Coutais; Saint-Martial-d'Artenset; Saint-Médard; Saint-Médard-de-Guizières; Saint-Médard-de-Mussidan; Saint-Nizier-le-Bouchoux; Saint-Philbert-de-Grand-Lieu; Saint-Seine-sur-Vingeanne; Saint-Sever-de-Saintonge; Saint-Vaize; Sainte-Colombe; Salignac-sur-Charente; Saunières; Sens-sur-Seille; Sepvigny; Servon-Melzicourt; Seurre; Seveux-Motey; Soing-Cubry-Charentenay; Sornay; Thaix; Thervay; Thizay; Tournus; Traves; Tribehou; Trignac; Trugny; Varenguebec; Varennes-le-Grand; Vecqueville; Vellexon-Queutrey-et-Vaudey; Verneuil-sur-Indre; Vitreux; Vitry-sur-Loire; Wimille; Écouflant,30850,3163
2023-11-27---2024-01-01_cluster_None,2023,2023-11-27,2024-01-01,35,,2,D:\M2_MoSEF\Acclim\DataCollection\data\JRC_flood_depth_maps\2023_filtered\WD_MERGE_2023-11-27---2024-01-01_duration_35_days_cluster_356_A0_002381_A_002991_lat_05205_lon_01175_size_0268.tif,67,Baldenheim; Bantanges; Breuvannes-en-Bassigny; Brienne; Brixey-aux-Chanoines; Bucey-lès-Traves; Chantes; Charette-Varennes; Chassey-lès-Scey; Chavéria; Conflandey; Davrey; Ebersmunster; Fleurey-lès-Faverney; Fretterans; Frontenard; Gevigney-et-Mercey; Gigny-sur-Saône; Glanon; Hazembourg; Hilsenheim; Jouvençon; La Bretenière; La Chapelle-Naude; Lacrost; Lamarche-sur-Saône; Le Planois; Lechâtelet; Longepierre; Marnay; Maxey-sur-Vaise; Mogneneins; Mont-lès-Seurre; Montaron; Montlebon; Muttersholtz; Navilly; Ormes; Pagney; Pagny-la-Ville; Pagny-le-Château; Pontoux; Purgerot; Rancy; Raville-sur-Sânon; Reyssouze; Rosières-sur-Mance; Saint-Cyr; Saint-Gervais-en-Vallière; Saint-Seine-sur-Vingeanne; Saunières; Sens-sur-Seille; Sepvigny; Seurre; Seveux-Motey; Soing-Cubry-Charentenay; Sornay; Thaix; Thervay; Tournus; Traves; Trugny; Varennes-le-Grand; Vecqueville; Vellexon-Queutrey-et-Vaudey; Vitreux; Vitry-sur-Loire,20479,13058
2023-12-11---2024-01-01_cluster_None,2023,2023-12-11,2024-01-01,21,,2,D:\M2_MoSEF\Acclim\DataCollection\data\JRC_flood_depth_maps\2023_filtered\WD_MERGE_2023-12-11---2024-01-01_duration_21_days_cluster_358_A0_001246_A_001597_lat_05134_lon_00222_size_0362.tif,91,Abaucourt; Aboncourt-sur-Seille; Amigny-Rouy; Ancemont; Angers; Appeville; Athis; Aulnay-sur-Marne; Aulnois-sur-Seille; Auvers; Bannoncourt; Belleray; Besné; Bey-sur-Seille; Bistroff; Blacy; Blignicourt; Bouquemont; Briollay; Brives-sur-Charente; Brécy-Brières; Brétigny; Carentan-les-Marais; Champneuville; Charny-sur-Meuse; Chauvoncourt; Cherville; Commercy; Concevreux; Cormicy; Courcelles-Chaussy; Courcoury; Créances; Danizy; Deuillet; Dieue-sur-Meuse; Donges; Duzey; Hampigny; Hazembourg; Hinsingen; Insming; Jâlons; Le Chemin; Les Gonds; Les Monthairons; Liesville-sur-Douve; Létricourt; Machecoul-Saint-Même; Maizeroy; Maizey; Manicamp; Marre; Matougues; Miniac-Morvan; Morville-sur-Seille; Mozé-sur-Louet; Méautis; Oiry; Pommérieux; Pontoise-lès-Noyon; Port-Saint-Père; Port-sur-Seille; Pouan-les-Vallées; Pringy; Rances; Rigny-la-Salle; Rouvrois-sur-Meuse; Saint-Denis-du-Payré; Saint-Gibrien; Saint-Lumine-de-Coutais; Saint-Malo-de-Guersac; Saint-Mars-de-Coutais; Saint-Philbert-de-Grand-Lieu; Sanry-sur-Nied; Servais; Servon-Melzicourt; Sinceny; Songy; Tribehou; Trignac; Vandy; Varenguebec; Varesnes; Verrières; Vitry-la-Ville; Void-Vacon; Wimille; Woimbey; Écouflant; Étrelles-sur-Aube,25470,6106
2023-12-18---2023-12-25_cluster_None,2023,2023-12-18,2023-12-25,7,,3,D:\M2_MoSEF\Acclim\DataCollection\data\JRC_flood_depth_maps\2023_filtered\WD_MERGE_2023-12-18---2023-12-25_duration_7_days_cluster_317_A0_000018_A_000021_lat_03615_lon_01046_size_0007.tif,0,,0,0
2024-01-01---2024-01-29_cluster_None,2024,2024-01-01,2024-01-29,28,,2,D:\M2_MoSEF\Acclim\DataCollection\data\JRC_flood_depth_maps\2024_filtered\WD_MERGE_2024-01-01---2024-01-29_duration_28_days_cluster_335_A0_003215_A_003552_lat_05418_lon_01690_size_0452.tif,0,,361,361
2024-01-01---2024-02-05_cluster_None,2024,2024-01-01,2024-02-05,35,,6,D:\M2_MoSEF\Acclim\DataCollection\data\JRC_flood_depth_maps\2024_filtered\WD_MERGE_2024-01-01---2024-02-05_duration_35_days_cluster_333_A0_001861_A_002025_lat_04966_lon_00582_size_0555.tif,155,Abaucourt; Aboncourt-sur-Seille; Airel; Ambly-Fleury; Ambly-sur-Meuse; Appeville; Athis; Aulnois-sur-Seille; Auvers; Balléville; Banville; Barville; Baudrecourt; Belleray; Belleville-sur-Meuse; Bettange; Beuzeville-la-Bastille; Bey-sur-Seille; Birieux; Boissei-la-Lande; Bouhans; Bourbévelle; Boutteville; Bouée; Brainville; Breuvannes-en-Bassigny; Bricqueville; Brixey-aux-Chanoines; Buré; Bénaménil; Carentan-les-Marais; Cernay-en-Dormois; Cesse; Chalaines; Cherville; Chémery-Chéhéry; Cléville; Colombières; Courcelles-Chaussy; Courdemanges; Danizy; Deuillet; Dieue-sur-Meuse; Donges; Doville; Duzey; Fignévelle; Fleurey-lès-Faverney; Frémery; Fréménil; Giraumont; Graignes-Mesnil-Angot; Grues; Hazembourg; Hinsingen; Holling; Hotot-en-Auge; Houéville; Insming; Janville; Jâlons; Kirviller; La Ferté-sur-Chiers; Le Chemin; Le Château-d'Almenêches; Le Havre; Lemud; Les Monthairons; Les Paroches; Liesville-sur-Douve; Lion-sur-Mer; Létricourt; Maizeroy; Maizy; Malestroit; Mandeville-en-Bessin; Margut; Massérac; Matougues; Maxey-sur-Vaise; Meschers-sur-Gironde; Miribel; Monfréville; Mont-devant-Sassey; Montbizot; Montoir-de-Bretagne; Morville-sur-Seille; Moulins-le-Carbonnel; Mussig; Muttersholtz; Méautis; Médavy; Mœurs-Verdey; Oiry; Picauville; Pierric; Pont-Hébert; Port-Saint-Père; Pouan-les-Vallées; Pringy; Quierzy; Quincy-Landzécourt; Raville-sur-Sânon; Rebais; Remilly Les Marais; Reviers; Rigny-la-Salle; Rodelinghem; Rosières-sur-Mance; Rouvrois-sur-Meuse; Sailly; Saint-Aignan; Saint-André-de-Bohon; Saint-Christophe-du-Jambet; Saint-Epvre; Saint-Fromond; Saint-Germain-du-Corbéis; Saint-Gervais-en-Vallière; Saint-Jean-de-Daye; Saint-Martin-aux-Champs; Saint-Mesmin; Saint-Pierre-du-Jonquet; Saint-Remy-du-Nord; Saint-Samson; Saint-Sauveur-le-Vicomte; Saint-Vaast-la-Hougue; Sainte-Radégonde-des-Noyers; Sanry-sur-Nied; Sarceaux; Sassey-sur-Meuse; Servais; Servon-Melzicourt; Seuil; Sevrai; Songy; Sorbey; Sévérac; Taillancourt; Tellancourt; Thubœuf; Tribehou; Trévières; Tétaigne; Vadonville; Varenguebec; Vaux-lès-Mouron; Vecqueville; Vicq-sur-Mer; Vigneul-sous-Montmédy; Ville-sur-Yron; Villy; Villécloye; Woimbey; Éblange,67567,1793
2024-01-01---2024-02-19_cluster_None,2024,2024-01-01,2024-02-19,35,,2,D:\M2_MoSEF\Acclim\DataCollection\data\JRC_flood_depth_maps\2024_filtered\WD_MERGE_2024-01-01---2024-02-19_duration_35_days_cluster_334_A0_002595_A_002920_lat_05238_lon_01260_size_0503.tif,11,Aboncourt-sur-Seille; Armaucourt; Aulnois-sur-Seille; Bey-sur-Seille; Brainville; Denting; Hazembourg; Insming; Létricourt; Tellancourt; Villette,31796,23650
2024-01-01---2024-04-01_cluster_None,2024,2024-01-01,2024-04-01,91,,2,D:\M2_MoSEF\Acclim\DataCollection\data\JRC_flood_depth_maps\2024_filtered\WD_MERGE_2024-01-01---2024-04-01_duration_91_days_cluster_332_A0_000692_A_000753_lat_05333_lon_-0217_size_0189.tif,2,Beuvrequen; Wimille,11994,11524
2024-01-08---2024-01-15_cluster_None,2024,2024-01-08,2024-01-15,7,,10,D:\M2_MoSEF\Acclim\DataCollection\data\JRC_flood_depth_maps\2024_filtered\WD_MERGE_2024-01-08---2024-01-15_duration_7_days_cluster_003_A0_000007_A_000008_lat_04273_lon_-0359_size_0008.tif,1,Plouider,4211,1077
2024-01-29---2024-02-05_cluster_None,2024,2024-01-29,2024-02-05,7,,6,D:\M2_MoSEF\Acclim\DataCollection\data\JRC_flood_depth_maps\2024_filtered\WD_MERGE_2024-01-29---2024-02-05_duration_7_days_cluster_012_A0_000003_A_000003_lat_03781_lon_-0126_size_0014.tif,0,,387,249
2024-02-05---2024-02-26_cluster_None,2024,2024-02-05,2024-02-26,21,,2,D:\M2_MoSEF\Acclim\DataCollection\data\JRC_flood_depth_maps\2024_filtered\WD_MERGE_2024-02-05---2024-02-26_duration_21_days_cluster_342_A0_002659_A_002896_lat_05242_lon_01873_size_0503.tif,43,Aboncourt-sur-Seille; Ambly-Fleury; Ambly-sur-Meuse; Armaucourt; Athis; Autreppes; Barenton-sur-Serre; Belleray; Bessy; Bey-sur-Seille; Bichancourt; Birieux; Blanzy-la-Salonnaise; Blignicourt; Cesse; Condé-Sainte-Libiaire; Danizy; Deuillet; Givry; Hazembourg; Jouvençon; La Ferté-sur-Chiers; Les Paroches; Matougues; Oiry; Pimprez; Pouan-les-Vallées; Pringy; Proisy; Quincy-Landzécourt; Rances; Rouvrois-sur-Meuse; Saint-Aignan; Saint-Gervais-en-Vallière; Sempigny; Servais; Servon-Melzicourt; Seuil; Songy; Sorbey; Vaux-lès-Mouron; Vigneul-sous-Montmédy; Vitry-la-Ville,67565,1791
2024-02-05---2024-03-11_cluster_None,2024,2024-02-05,2024-03-11,28,,2,D:\M2_MoSEF\Acclim\DataCollection\data\JRC_flood_depth_maps\2024_filtered\WD_MERGE_2024-02-05---2024-03-11_duration_28_days_cluster_345_A0_002553_A_002774_lat_05274_lon_02253_size_0519.tif,0,,23686,16260
2024-02-05---2024-03-25_cluster_None,2024,2024-02-05,2024-03-25,49,,2,D:\M2_MoSEF\Acclim\DataCollection\data\JRC_flood_depth_maps\2024_filtered\WD_MERGE_2024-02-05---2024-03-25_duration_49_days_cluster_346_A0_000254_A_000276_lat_04641_lon_01775_size_0160.tif,0,,32913,8609
2024-02-19---2024-03-18_cluster_None,2024,2024-02-19,2024-03-18,21,,2,D:\M2_MoSEF\Acclim\DataCollection\data\JRC_flood_depth_maps\2024_filtered\WD_MERGE_2024-02-19---2024-03-18_duration_21_days_cluster_347_A0_000534_A_000577_lat_04734_lon_00149_size_0292.tif,72,Ambly-Fleury; Ambly-sur-Meuse; Appeville; Athis; Auvers; Belleray; Bessy; Beuzeville-la-Bastille; Birieux; Blanzy-la-Salonnaise; Blignicourt; Boutteville; Brives-sur-Charente; Burzet; Cadaujac; Candresse; Carentan-les-Marais; Cesse; Champagne; Colombières; Condé-Sainte-Libiaire; Cronat; Davrey; Deuillet; Doville; Fours; Graignes-Mesnil-Angot; Grues; Jablines; La Ferté-sur-Chiers; La Ronde; Le Plessis-Brion; Les Paroches; Lesparre-Médoc; Liesville-sur-Douve; Longueville-sur-Aube; Luchat; Maizy; Mars-sur-Allier; Matougues; Merpins; Monfréville; Mozé-sur-Louet; Méautis; Noyen-sur-Seine; Oiry; Pontorson; Pouan-les-Vallées; Pringy; Rances; Remilly Les Marais; Saint-Aignan; Saint-André-de-Bohon; Saint-Estèphe; Saint-Gervais-en-Vallière; Saint-Hilaire-la-Palud; Saint-Jean-de-Daye; Saint-Sauveur-le-Vicomte; Sainte-Radégonde-des-Noyers; Servais; Servon-Melzicourt; Songy; Sèvremont; Tribehou; Varenguebec; Vaux-lès-Mouron; Verneuil-sur-Indre; Vertheuil; Villefollet; Vitry-la-Ville; Écouflant; Étaules,69492,0
2024-02-26---2024-04-08_cluster_None,2024,2024-02-26,2024-04-08,35,,2,D:\M2_MoSEF\Acclim\DataCollection\data\JRC_flood_depth_maps\2024_filtered\WD_MERGE_2024-02-26---2024-04-08_duration_35_days_cluster_349_A0_001633_A_001786_lat_05274_lon_02793_size_0284.tif,0,,67,67
2024-03-11---2024-04-15_cluster_None,2024,2024-03-11,2024-04-15,21,,4,D:\M2_MoSEF\Acclim\DataCollection\data\JRC_flood_depth_maps\2024_filtered\WD_MERGE_2024-03-11---2024-04-15_duration_21_days_cluster_033_A0_000160_A_000169_lat_04062_lon_02330_size_0141.tif,0,,0,0
2024-03-25---2024-04-01_cluster_None,2024,2024-03-25,2024-04-01,7,,4,D:\M2_MoSEF\Acclim\DataCollection\data\JRC_flood_depth_maps\2024_filtered\WD_MERGE_2024-03-25---2024-04-01_duration_7_days_cluster_037_A0_000031_A_000033_lat_04006_lon_-0864_size_0014.tif,2,Saint-Malo-de-Guersac; Saint-Nazaire,1768,264
2024-03-25---2024-04-08_cluster_None,2024,2024-03-25,2024-04-08,14,,2,D:\M2_MoSEF\Acclim\DataCollection\data\JRC_flood_depth_maps\2024_filtered\WD_MERGE_2024-03-25---2024-04-08_duration_14_days_cluster_039_A0_000005_A_000005_lat_04209_lon_00301_size_0010.tif,0,,256,204
2024-03-25---2024-05-06_cluster_None,2024,2024-03-25,2024-05-06,28,,2,D:\M2_MoSEF\Acclim\DataCollection\data\JRC_flood_depth_maps\2024_filtered\WD_MERGE_2024-03-25---2024-05-06_duration_28_days_cluster_353_A0_002292_A_002544_lat_05229_lon_01203_size_0092.tif,0,,361,361
2024-03-25---2024-05-27_cluster_None,2024,2024-03-25,2024-05-27,49,,4,D:\M2_MoSEF\Acclim\DataCollection\data\JRC_flood_depth_maps\2024_filtered\WD_MERGE_2024-03-25---2024-05-27_duration_49_days_cluster_354_A0_002117_A_002338_lat_04497_lon_00089_size_0436.tif,155,Aboncourt-sur-Seille; Appeville; Arzens; Athis; Barthe; Besné; Bessy; Bettange; Beuzeville-la-Bastille; Bey-sur-Seille; Boudreville; Bouhans; Bouée; Brainville; Briollay; Brixey-aux-Chanoines; Bucy-Saint-Liphard; Bullainville; Cambieure; Caujac; Cesse; Champigny-en-Beauce; Charsonville; Chaumes-en-Retz; Cherville; Chivres; Coinces; Conflandey; Cossaye; Courbehaye; Courcelles-Chaussy; Courdemanges; Cronat; Cures; Curgy; Dalou; Davrey; Dierrey-Saint-Pierre; Donges; Duzey; Eppes; Frauenberg; Fréménil; Glanon; Gohory; Guenrouet; Gémigny; Hampigny; Hampont; Hazembourg; Hinsingen; Holling; Insming; Jouvençon; Jâlons; La Chapelle; La Chapelle-Heulin; La Chapelle-Onzerain; La Chapelle-Vaupelteigne; La Cropte; La Côte-Saint-André; La Ferté-sur-Chiers; Labastide-Beauvoir; Labastide-du-Temple; Labruguière; Lagrâce-Dieu; Lamarche-sur-Saône; Laurabuc; Lautrec; Lauzerville; Lechâtelet; Les Paroches; Les Peintures; Lesme; Liesville-sur-Douve; Ludiès; Létricourt; Machecoul-Saint-Même; Maizey; Mas-Saintes-Puelles; Matougues; Maves; Meursanges; Mireval-Lauragais; Monblanc; Mont-lès-Seurre; Montaron; Montboissier; Montcony; Montgiscard; Mortery; Nuits; Oiry; Palleville; Pierric; Port-Saint-Père; Pouan-les-Vallées; Pringy; Puxe; Puycornet; Puydaniel; Rances; Raville-sur-Sânon; Renay; Revel; Reyssouze; Rhodon; Rhèges; Rivière; Rouvrois-sur-Meuse; Saint-Epvre; Saint-Félix-de-Rieutord; Saint-Gervais-en-Vallière; Saint-Julien-de-Briola; Saint-Laurent-des-Bois; Saint-Malo-de-Guersac; Saint-Mars-de-Coutais; Saint-Mars-du-Désert; Saint-Martin-aux-Champs; Saint-Médard-de-Mussidan; Saint-Nazaire; Saint-Nizier-le-Bouchoux; Saint-Seine-sur-Vingeanne; Saint-Sever-de-Saintonge; Salignac-sur-Charente; Salles-sur-l'Hers; Sancheville; Servon-Melzicourt; Seurre; Songy; Sorbey; Soual; Thouars-sur-Arize; Trignac; Vallon-sur-Gée; Varenguebec; Vaux-lès-Mouron; Vecqueville; Velet; Verneuil-sur-Indre; Verniolle; Vicq-sur-Mer; Villamblain; Villampuy; Villiers-les-Hauts; Villiers-sur-Seine; Villorceau; Vitry-la-Ville; Waltenheim-sur-Zorn; Woimbey; Yèvres; Éblange; Écouflant; Épieds-en-Beauce; Étrelles-sur-Aube,121589,11139
2024-04-01---2024-04-15_cluster_None,2024,2024-04-01,2024-04-15,14,,6,D:\M2_MoSEF\Acclim\DataCollection\data\JRC_flood_depth_maps\2024_filtered\WD_MERGE_2024-04-01---2024-04-15_duration_14_days_cluster_042_A0_000057_A_000061_lat_04104_lon_-0396_size_0164.tif,0,,3605,1975
2024-04-08---2024-06-24_cluster_None,2024,2024-04-08,2024-06-24,77,,2,D:\M2_MoSEF\Acclim\DataCollection\data\JRC_flood_depth_maps\2024_filtered\WD_MERGE_2024-04-08---2024-06-24_duration_77_days_cluster_051_A0_001720_A_001944_lat_03969_lon_02916_size_0276.tif,0,,0,0
2024-04-22---2024-04-29_cluster_None,2024,2024-04-22,2024-04-29,7,,6,D:\M2_MoSEF\Acclim\DataCollection\data\JRC_flood_depth_maps\2024_filtered\WD_MERGE_2024-04-22---2024-04-29_duration_7_days_cluster_056_A0_000003_A_000003_lat_03819_lon_-0101_size_0046.tif,0,,0,0
2024-05-06---2024-07-22_cluster_None,2024,2024-05-06,2024-07-22,63,,2,D:\M2_MoSEF\Acclim\DataCollection\data\JRC_flood_depth_maps\2024_filtered\WD_MERGE_2024-05-06---2024-07-22_duration_63_days_cluster_363_A0_000731_A_000802_lat_04047_lon_-0464_size_0340.tif,1,Belin-Béliet,13760,2702
2024-05-13---2024-05-20_cluster_None,2024,2024-05-13,2024-05-20,7,,2,D:\M2_MoSEF\Acclim\DataCollection\data\JRC_flood_depth_maps\2024_filtered\WD_MERGE_2024-05-13---2024-05-20_duration_7_days_cluster_070_A0_000052_A_000061_lat_04719_lon_00110_size_0066.tif,17,Champigny-en-Beauce; Conan; Concriers; Cravant; Crucheray; Josnes; La Madeleine-Villefrouin; Marolles; Maves; Messas; Mosnes; Poisieux; Roches; Talcy; Villeromain; Villexanton; Villorceau,9915,1715
2024-05-13---2024-07-01_cluster_None,2024,2024-05-13,2024-07-01,49,,2,D:\M2_MoSEF\Acclim\DataCollection\data\JRC_flood_depth_maps\2024_filtered\WD_MERGE_2024-05-13---2024-07-01_duration_49_days_cluster_364_A0_002268_A_002512_lat_04864_lon_01385_size_0345.tif,5,Fréménil; Ingenheim; Port-Saint-Louis-du-Rhône; Raville-sur-Sânon; Waltenheim-sur-Zorn,52097,11139
2024-05-20---2024-05-27_cluster_None,2024,2024-05-20,2024-05-27,7,,10,D:\M2_MoSEF\Acclim\DataCollection\data\JRC_flood_depth_maps\2024_filtered\WD_MERGE_2024-05-20---2024-05-27_duration_7_days_cluster_072_A0_000007_A_000008_lat_04780_lon_00428_size_0047.tif,3,Chaumesnil; Mesnil-Sellières; Poinçon-lès-Larrey,14807,3089
2024-05-27---2024-06-03_cluster_None,2024,2024-05-27,2024-06-03,7,,12,D:\M2_MoSEF\Acclim\DataCollection\data\JRC_flood_depth_maps\2024_filtered\WD_MERGE_2024-05-27---2024-06-03_duration_7_days_cluster_077_A0_000009_A_000010_lat_06495_lon_-2171_size_0016.tif,2,Auxy; Courcoury,26940,3743
2024-06-17---2024-06-24_cluster_None,2024,2024-06-17,2024-06-24,7,,10,D:\M2_MoSEF\Acclim\DataCollection\data\JRC_flood_depth_maps\2024_filtered\WD_MERGE_2024-06-17---2024-06-24_duration_7_days_cluster_095_A0_000002_A_000002_lat_04178_lon_00109_size_0011.tif,0,,256,204
2024-06-24---2024-07-08_cluster_None,2024,2024-06-24,2024-07-08,14,,6,D:\M2_MoSEF\Acclim\DataCollection\data\JRC_flood_depth_maps\2024_filtered\WD_MERGE_2024-06-24---2024-07-08_duration_14_days_cluster_103_A0_000011_A_000012_lat_04804_lon_-0302_size_0095.tif,0,,1768,264
2024-07-01---2024-07-08_cluster_None,2024,2024-07-01,2024-07-08,7,,12,D:\M2_MoSEF\Acclim\DataCollection\data\JRC_flood_depth_maps\2024_filtered\WD_MERGE_2024-07-01---2024-07-08_duration_7_days_cluster_116_A0_000001_A_000002_lat_04177_lon_00100_size_0013.tif,2,Andelot-Blancheville; Brixey-aux-Chanoines,15063,3293
2024-07-22---2024-07-29_cluster_None,2024,2024-07-22,2024-07-29,7,,12,D:\M2_MoSEF\Acclim\DataCollection\data\JRC_flood_depth_maps\2024_filtered\WD_MERGE_2024-07-22---2024-07-29_duration_7_days_cluster_137_A0_000001_A_000001_lat_03710_lon_-0453_size_0005.tif,0,,8352,1154
2024-08-05---2024-08-12_cluster_None,2024,2024-08-05,2024-08-12,7,,12,D:\M2_MoSEF\Acclim\DataCollection\data\JRC_flood_depth_maps\2024_filtered\WD_MERGE_2024-08-05---2024-08-12_duration_7_days_cluster_157_A0_000004_A_000005_lat_04837_lon_-0342_size_0049.tif,0,,10120,1418
2024-08-12---2024-09-23_cluster_None,2024,2024-08-12,2024-09-23,42,,2,D:\M2_MoSEF\Acclim\DataCollection\data\JRC_flood_depth_maps\2024_filtered\WD_MERGE_2024-08-12---2024-09-23_duration_42_days_cluster_165_A0_000145_A_000164_lat_04024_lon_-0505_size_0134.tif,0,,209,209
2024-08-19---2024-08-26_cluster_None,2024,2024-08-19,2024-08-26,7,,12,D:\M2_MoSEF\Acclim\DataCollection\data\JRC_flood_depth_maps\2024_filtered\WD_MERGE_2024-08-19---2024-08-26_duration_7_days_cluster_170_A0_000005_A_000006_lat_04827_lon_-0328_size_0063.tif,0,,1768,264
2024-09-09---2024-09-16_cluster_None,2024,2024-09-09,2024-09-16,7,,6,D:\M2_MoSEF\Acclim\DataCollection\data\JRC_flood_depth_maps\2024_filtered\WD_MERGE_2024-09-09---2024-09-16_duration_7_days_cluster_194_A0_000010_A_000011_lat_05401_lon_-0508_size_0067.tif,0,,0,0
2024-09-09---2024-11-18_cluster_None,2024,2024-09-09,2024-11-18,49,,2,D:\M2_MoSEF\Acclim\DataCollection\data\JRC_flood_depth_maps\2024_filtered\WD_MERGE_2024-09-09---2024-11-18_duration_49_days_cluster_366_A0_000935_A_001025_lat_04938_lon_01712_size_0374.tif,0,,427,427
2024-09-16---2024-09-23_cluster_None,2024,2024-09-16,2024-09-23,7,,10,D:\M2_MoSEF\Acclim\DataCollection\data\JRC_flood_depth_maps\2024_filtered\WD_MERGE_2024-09-16---2024-09-23_duration_7_days_cluster_199_A0_000005_A_000006_lat_04640_lon_-0204_size_0212.tif,0,,4704,2578
2024-09-23---2024-09-30_cluster_None,2024,2024-09-23,2024-09-30,7,,6,D:\M2_MoSEF\Acclim\DataCollection\data\JRC_flood_depth_maps\2024_filtered\WD_MERGE_2024-09-23---2024-09-30_duration_7_days_cluster_210_A0_000008_A_000009_lat_04482_lon_01189_size_0040.tif,0,,0,0
2024-09-23---2024-11-11_cluster_None,2024,2024-09-23,2024-11-11,35,,2,D:\M2_MoSEF\Acclim\DataCollection\data\JRC_flood_depth_maps\2024_filtered\WD_MERGE_2024-09-23---2024-11-11_duration_35_days_cluster_367_A0_000578_A_000623_lat_04898_lon_00513_size_0555.tif,37,Ancier; Autreppes; Blanzy-la-Salonnaise; Bouhans; Brécy-Brières; Charette-Varennes; Chivres; Chémery-Chéhéry; Condé-Sainte-Libiaire; Conflandey; Cussey-sur-l'Ognon; Gigny-sur-Saône; Glanon; Jouvençon; La Chapelle-Naude; La Ferté-sur-Chiers; Lamarche-sur-Saône; Le Chemin; Le Planois; Mont-lès-Seurre; Montcony; Ménetreuil; Pagney; Proisy; Purgerot; Rancy; Reyssouze; Saint-Broing; Servon-Melzicourt; Thervay; Vauchoux; Vaux-lès-Mouron; Velesmes-Échevanne; Velet; Vigneul-sous-Montmédy; Villy; Vitreux,67567,1793
2024-10-07---2024-10-21_cluster_None,2024,2024-10-07,2024-10-21,14,,2,D:\M2_MoSEF\Acclim\DataCollection\data\JRC_flood_depth_maps\2024_filtered\WD_MERGE_2024-10-07---2024-10-21_duration_14_days_cluster_226_A0_000009_A_000009_lat_04785_lon_-0287_size_0091.tif,0,,1768,264
2024-10-07---2024-10-28_cluster_None,2024,2024-10-07,2024-10-28,21,,4,D:\M2_MoSEF\Acclim\DataCollection\data\JRC_flood_depth_maps\2024_filtered\WD_MERGE_2024-10-07---2024-10-28_duration_21_days_cluster_225_A0_000049_A_000052_lat_04056_lon_-0050_size_0147.tif,1,Bidache,3605,1975
2024-11-04---2024-11-11_cluster_None,2024,2024-11-04,2024-11-11,7,,20,D:\M2_MoSEF\Acclim\DataCollection\data\JRC_flood_depth_maps\2024_filtered\WD_MERGE_2024-11-04---2024-11-11_duration_7_days_cluster_257_A0_000006_A_000006_lat_04877_lon_-0367_size_0010.tif,0,,1768,264
2024-11-11---2024-11-25_cluster_None,2024,2024-11-11,2024-11-25,14,,6,D:\M2_MoSEF\Acclim\DataCollection\data\JRC_flood_depth_maps\2024_filtered\WD_MERGE_2024-11-11---2024-11-25_duration_14_days_cluster_270_A0_000025_A_000028_lat_04521_lon_01218_size_0036.tif,0,,0,0
2024-11-18---2024-11-25_cluster_None,2024,2024-11-18,2024-11-25,7,,14,D:\M2_MoSEF\Acclim\DataCollection\data\JRC_flood_depth_maps\2024_filtered\WD_MERGE_2024-11-18---2024-11-25_duration_7_days_cluster_278_A0_000021_A_000024_lat_03705_lon_-0613_size_0016.tif,0,,2443,813
2024-11-18---2024-12-02_cluster_None,2024,2024-11-18,2024-12-02,14,,2,D:\M2_MoSEF\Acclim\DataCollection\data\JRC_flood_depth_maps\2024_filtered\WD_MERGE_2024-11-18---2024-12-02_duration_14_days_cluster_283_A0_000091_A_000102_lat_05070_lon_00633_size_0269.tif,10,Aingeville; Balléville; Bettange; Breuvannes-en-Bassigny; Gomelange; Hagécourt; Morelmaison; Pierremont-sur-Amance; Sponville; Éblange,40078,6196
2024-11-18---2024-12-16_cluster_None,2024,2024-11-18,2024-12-16,28,,4,D:\M2_MoSEF\Acclim\DataCollection\data\JRC_flood_depth_maps\2024_filtered\WD_MERGE_2024-11-18---2024-12-16_duration_28_days_cluster_280_A0_000447_A_000487_lat_05182_lon_-0322_size_0147.tif,21,Airel; Appeville; Auvers; Beuzeville-la-Bastille; Boissei-la-Lande; Carentan-les-Marais; Colombières; Graignes-Mesnil-Angot; Hotot-en-Auge; Liesville-sur-Douve; Méautis; Médavy; Remilly Les Marais; Saint-Fromond; Saint-Martin-aux-Buneaux; Saint-Sauveur-le-Vicomte; Saint-Sylvain; Tribehou; Varenguebec; Veulettes-sur-Mer; Écouflant,30623,6171
2024-11-25---2025-01-06_cluster_None,2024,2024-11-25,2025-01-06,42,,2,D:\M2_MoSEF\Acclim\DataCollection\data\JRC_flood_depth_maps\2024_filtered\WD_MERGE_2024-11-25---2025-01-06_duration_42_days_cluster_289_A0_000090_A_000098_lat_04032_lon_-0188_size_0224.tif,0,,4669,3039
2024-12-02---2024-12-16_cluster_None,2024,2024-12-02,2024-12-16,14,,6,D:\M2_MoSEF\Acclim\DataCollection\data\JRC_flood_depth_maps\2024_filtered\WD_MERGE_2024-12-02---2024-12-16_duration_14_days_cluster_297_A0_000003_A_000004_lat_04203_lon_01396_size_0016.tif,0,,0,0
2024-12-02---2025-01-06_cluster_None,2024,2024-12-02,2025-01-06,28,,2,D:\M2_MoSEF\Acclim\DataCollection\data\JRC_flood_depth_maps\2024_filtered\WD_MERGE_2024-12-02---2025-01-06_duration_28_days_cluster_296_A0_000187_A_000206_lat_04823_lon_00558_size_0113.tif,40,Abaucourt; Aboncourt-sur-Seille; Angirey; Armaucourt; Athis; Aulnois-sur-Seille; Autrey; Balléville; Bey-sur-Seille; Bouhans; Bourbévelle; Breuvannes-en-Bassigny; Cesse; Courdemanges; Fignévelle; Hagécourt; Hazembourg; Hinsingen; Hymont; Insming; Jâlons; Les Monthairons; Les Paroches; Létricourt; Matougues; Mont-devant-Sassey; Morelmaison; Pierremont-sur-Amance; Pouan-les-Vallées; Pringy; Rances; Rigny-la-Salle; Rouvrois-sur-Meuse; Servon-Melzicourt; Songy; Sorbey; Taillancourt; Vaux-lès-Mouron; Vecqueville; Vitry-la-Ville,46860,6306
2024-12-23---2024-12-30_cluster_None,2024,2024-12-23,2024-12-30,7,,10,D:\M2_MoSEF\Acclim\DataCollection\data\JRC_flood_depth_maps\2024_filtered\WD_MERGE_2024-12-23---2024-12-30_duration_7_days_cluster_322_A0_000098_A_000109_lat_04482_lon_01795_size_0022.tif,0,,0,0
2024-12-23---2025-01-06_cluster_None,2024,2024-12-23,2025-01-06,14,,8,D:\M2_MoSEF\Acclim\DataCollection\data\JRC_flood_depth_maps\2024_filtered\WD_MERGE_2024-12-23---2025-01-06_duration_14_days_cluster_320_A0_000019_A_000020_lat_03705_lon_-0613_size_0017.tif,0,,1768,264
