CODE MODELE;LIBELLE MODELE;CODE PROECEDURE;LIBELLE PROCEDURE;LIBELLE ORGANISME;BASSIN RISQUE;BASSINS HYDROGRAPHIQUES;COURS EAU;CODE INSEE REGION;NOM REGION;CODE INSEE DEPARTEMENT;NOM DEPARTEMENT;CODE INSEE COMMUNE;NOM COMMUNE;CODE RISQUE 1;LIBELLE RISQUE 1;CODE RISQUE 2;LIBELLE RISQUE 2;CODE RISQUE 2;LIBELLE RISQUE 3;PROCEDURE REVISANTE;CODES REVISES;PROCEDURE REVISEE;CODES REVISANTS;PRESCRIPTION;ENQUETE_PUBL_DEBUT;ENQUETE_PUBL_FIN;ANNEX_PLU;DEPRESCRIPTION;APPROBATION;ANNULATION;ABROGATION;LIBELLE ETAT;DATE ETAT;LIBELLE SOUS-ETAT;DATE SOUS-ETAT;DATE DERNIERE MISE A JOUR
PPRM;Plan de Prévention des Risques Miniers;42DDT20130002;PPRM DE LA VALLEE DU GIER;Direction départementale des territoires;GIER;;;84;AUVERGNE-RHONE-ALPES;42;LOIRE;42053;Châteauneuf;30;Risque minier;34;Echauffement des terrains de dépôts;;;FAUX;;FAUX;;2014-10-15;2018-12-10;2019-01-25;;;2019-03-29;;;Opposable;2020-01-01;Approuvé;2020-01-01;2025-01-21
PPRM;Plan de Prévention des Risques Miniers;12DDT20120002;PPRM du bassin de Decazeville;Direction départementale des territoires;;;;76;OCCITANIE;12;AVEYRON;12016;Auzits;30;Risque minier;31;Affaissement minier;317;Ecroulements rocheux;FAUX;;FAUX;;2012-12-21;;;;;2017-06-19;;;Opposable;2020-01-01;Approuvé;2020-01-01;2025-02-07
PPRM;Plan de Prévention des Risques Miniers;59DDTM20140005;PPRM couronne de Valenciennes;Direction départementale des territoires et de la mer;;;;32;HAUTS-DE-FRANCE;59;NORD;59564;La Sentinelle;30;Risque minier;31;Affaissement minier;314;Tassements;FAUX;;FAUX;;2014-11-17;;;;;2018-07-06;;;Opposable;2020-01-01;Approuvé;2020-01-01;2025-03-26
PPRM;Plan de Prévention des Risques Miniers;57DDT20140009;PPRM-Bassin Sud révision 2;Direction départementale des territoires;Bassin ferrifère;;;44;GRAND EST;57;MOSELLE;57481;Montois-la-Montagne;30;Risque minier;31;Affaissement minier;313;Affaissements progressifs;VRAI;57DDT20100005;FAUX;;2014-07-29;;;;;2016-03-08;;;Opposable;2020-01-01;Approuvé;2020-01-01;2025-01-09
PPRM;Plan de Prévention des Risques Miniers;62DDTM20150002;PPRm du LENSOIS;Direction départementale des territoires et de la mer;Lensois;;;32;HAUTS-DE-FRANCE;62;PAS-DE-CALAIS;62427;Hénin-Beaumont;30;Risque minier;33;Emissions en surface de gaz de mine;;;FAUX;;FAUX;;2015-06-10;;;;;2017-11-17;;;Opposable;2020-01-01;Approuvé;2020-01-01;2022-03-04
PPRM;Plan de Prévention des Risques Miniers;54DDT20140038;PPRM Secteur de Longwy;Direction départementale des territoires;;;;44;GRAND EST;54;MEURTHE-ET-MOSELLE;54314;Lexy;30;Risque minier;31;Affaissement minier;314;Tassements;FAUX;;FAUX;;2008-01-10;;;;;2012-01-24;;;Opposable;2020-01-01;Approuvé;2020-01-01;2025-02-27
PPRM;Plan de Prévention des Risques Miniers;54DDT20140032;PPRM Secteur de Trieux - Tucqueg;Direction départementale des territoires;;;;44;GRAND EST;54;MEURTHE-ET-MOSELLE;54536;Tucquegnieux;30;Risque minier;31;Affaissement minier;312;Effondrements localisés;FAUX;;FAUX;;2004-11-19;;;;;2010-01-08;;;Opposable;2020-01-01;Approuvé;2020-01-01;2025-02-27
PPRM;Plan de Prévention des Risques Miniers;07DDT20160003;LARGENTIERE PPR Minier;Direction départementale des territoires;Largentière ;;;84;AUVERGNE-RHONE-ALPES;07;ARDECHE;07058;Chassiers;30;Risque minier;31;Affaissement minier;311;Effondrements généralisés;FAUX;;FAUX;;2006-01-13;2010-10-04;2010-11-05;;;2011-07-27;;2015-04-17;Caduque;2020-01-01;Abrogé;2020-01-01;2025-02-18
PPRM;Plan de Prévention des Risques Miniers;81DDT20150001;PPR minier Bassin de Carmaux;Direction départementale des territoires;;;;76;OCCITANIE;81;TARN;81033;Blaye-les-Mines;30;Risque minier;31;Affaissement minier;314;Tassements;FAUX;;FAUX;;2008-10-15;2010-09-06;2010-10-08;;;2012-07-09;2015-12-30;;Caduque;2020-01-01;Annulé;2020-01-01;2016-02-25
PPRM;Plan de Prévention des Risques Miniers;62DDTM20150001;PPRm du BETHUNOIS;Direction départementale des territoires et de la mer;Béthunois;;;32;HAUTS-DE-FRANCE;62;PAS-DE-CALAIS;62178;Bruay-la-Buissière;30;Risque minier;31;Affaissement minier;314;Tassements;FAUX;;FAUX;;2015-06-10;;;;;2017-11-17;;;Opposable;2020-01-01;Approuvé;2020-01-01;2021-02-24
PPRM;Plan de Prévention des Risques Miniers;PPRM_2022_0002;PPRM - ONDAINE;Direction départementale des territoires;;;;;;42;LOIRE;42218;Saint-Étienne;30;Risque minier;31;Affaissement minier;314;Tassements;FAUX;;FAUX;;2022-08-17;2025-03-03;2025-04-11;;;2025-06-30;;;Opposable;2020-01-01;Approuvé;2020-01-01;2025-07-22
PPRM;Plan de Prévention des Risques Miniers;12DDT20120002;PPRM du bassin de Decazeville;Direction départementale des territoires;;;;76;OCCITANIE;12;AVEYRON;12016;Auzits;30;Risque minier;31;Affaissement minier;312;Effondrements localisés;FAUX;;FAUX;;2012-12-21;;;;;2017-06-19;;;Opposable;2020-01-01;Approuvé;2020-01-01;2025-02-07
PPRM;Plan de Prévention des Risques Miniers;13DDTM20200184;PPR Minier - Mimet 2024;Direction départementale des territoires et de la mer;;;;93;PROVENCE-ALPES-COTE D'AZUR;13;BOUCHES-DU-RHONE;13062;Mimet;30;Risque minier;31;Affaissement minier;315;Glissements ou mouvements de pente;FAUX;;FAUX;;2020-10-14;;;;;2024-06-24;;;Opposable;2020-01-01;Approuvé;2020-01-01;2025-04-24
PPRM;Plan de Prévention des Risques Miniers;42DDT20130002;PPRM DE LA VALLEE DU GIER;Direction départementale des territoires;GIER;;;84;AUVERGNE-RHONE-ALPES;42;LOIRE;42110;L'Horme;30;Risque minier;31;Affaissement minier;315;Glissements ou mouvements de pente;FAUX;;FAUX;;2014-10-15;2018-12-10;2019-01-25;;;2019-03-29;;;Opposable;2020-01-01;Approuvé;2020-01-01;2025-01-21
PPRM;Plan de Prévention des Risques Miniers;57DDT20150001;PPRM-Bassin Belval révision 2;Direction départementale des territoires;Bassin ferrifère;;;44;GRAND EST;57;MOSELLE;57038;Audun-le-Tiche;30;Risque minier;31;Affaissement minier;313;Affaissements progressifs;VRAI;57DDT20100007;VRAI;57DDT20200011;2015-04-17;;;;;2016-09-29;;2021-12-22;Caduque;2020-01-01;Abrogé;2020-01-01;2022-03-22
PPRM;Plan de Prévention des Risques Miniers;54DDT20140038;PPRM Secteur de Longwy;Direction départementale des territoires;;;;44;GRAND EST;54;MEURTHE-ET-MOSELLE;54138;Cosnes-et-Romain;30;Risque minier;31;Affaissement minier;312;Effondrements localisés;FAUX;;FAUX;;2008-01-10;;;;;2012-01-24;;;Opposable;2020-01-01;Approuvé;2020-01-01;2025-02-27
PPRM;Plan de Prévention des Risques Miniers;57DDT20150003;PPRM-Orne modification;Direction départementale des territoires;Bassin ferrifère;;;44;GRAND EST;57;MOSELLE;57143;Clouange;30;Risque minier;31;Affaissement minier;314;Tassements;VRAI;57DDT20100010;FAUX;;2015-08-24;;;;;2016-04-04;;;Opposable;2020-01-01;Approuvé;2020-01-01;2025-01-09
PPRM;Plan de Prévention des Risques Miniers;PPRM_2022_0002;PPRM - ONDAINE;Direction départementale des territoires;;;;;;42;LOIRE;42095;Firminy;30;Risque minier;34;Echauffement des terrains de dépôts;;;FAUX;;FAUX;;2022-08-17;2025-03-03;2025-04-11;;;2025-06-30;;;Opposable;2020-01-01;Approuvé;2020-01-01;2025-07-22
PPRM;Plan de Prévention des Risques Miniers;07DDT20140021;PRIVAS/VEYRAS PPR Minier;Direction départementale des territoires;;;;84;AUVERGNE-RHONE-ALPES;07;ARDECHE;07186;Privas;30;Risque minier;31;Affaissement minier;317;Ecroulements rocheux;FAUX;;FAUX;;2014-12-12;2016-11-09;2016-12-09;;;2017-05-22;;;Opposable;2020-01-01;Approuvé;2020-01-01;2025-02-18
PPRM;Plan de Prévention des Risques Miniers;54DDT20140013;PPRM Secteur de Trieux;Direction départementale des territoires;;;;44;GRAND EST;54;MEURTHE-ET-MOSELLE;54015;Anderny;30;Risque minier;31;Affaissement minier;314;Tassements;FAUX;;FAUX;;2012-11-26;2013-02-01;2013-03-27;;;2013-07-12;;;Opposable;2020-01-01;Approuvé;2020-01-01;2025-02-27
PPRM;Plan de Prévention des Risques Miniers;81DDT20150001;PPR minier Bassin de Carmaux;Direction départementale des territoires;;;;76;OCCITANIE;81;TARN;81244;Saint-Benoît-de-Carmaux;30;Risque minier;31;Affaissement minier;314;Tassements;FAUX;;FAUX;;2008-10-15;2010-09-06;2010-10-08;;;2012-07-09;2015-12-30;;Caduque;2020-01-01;Annulé;2020-01-01;2016-02-25
PPRM;Plan de Prévention des Risques Miniers;54DDT20140031;PPRM Secteur de Briey;Direction départementale des territoires;;;;44;GRAND EST;54;MEURTHE-ET-MOSELLE;54263;Homécourt;30;Risque minier;31;Affaissement minier;314;Tassements;FAUX;;VRAI;54DDT20140041;2007-07-31;;;;;2009-11-24;;2016-08-23;Caduque;2020-01-01;Abrogé;2020-01-01;2025-02-27
PPRM;Plan de Prévention des Risques Miniers;42DDT20130002;PPRM DE LA VALLEE DU GIER;Direction départementale des territoires;GIER;;;84;AUVERGNE-RHONE-ALPES;42;LOIRE;42186;Rive-de-Gier;30;Risque minier;31;Affaissement minier;315;Glissements ou mouvements de pente;FAUX;;FAUX;;2014-10-15;2018-12-10;2019-01-25;;;2019-03-29;;;Opposable;2020-01-01;Approuvé;2020-01-01;2025-01-21
PPRM;Plan de Prévention des Risques Miniers;57DDT20100003;PPRM-Bassin Nord révision;Direction départementale des territoires;Bassin ferrifère;;;44;GRAND EST;57;MOSELLE;57022;Angevillers;30;Risque minier;31;Affaissement minier;314;Tassements;VRAI;57DDT20100002;VRAI;PPRM_2022_0001;2007-02-19;;;;;2011-09-30;;2022-11-15;Caduque;2020-01-01;Abrogé;2020-01-01;2022-12-20
PPRM;Plan de Prévention des Risques Miniers;07DDT20160003;LARGENTIERE PPR Minier;Direction départementale des territoires;Largentière ;;;84;AUVERGNE-RHONE-ALPES;07;ARDECHE;07343;Vinezac;30;Risque minier;31;Affaissement minier;311;Effondrements généralisés;FAUX;;FAUX;;2006-01-13;2010-10-04;2010-11-05;;;2011-07-27;;2015-04-17;Caduque;2020-01-01;Abrogé;2020-01-01;2025-02-18
PPRM;Plan de Prévention des Risques Miniers;38DDT20180002;PPRM de Saint-Didier-de-la-Tour;Direction départementale des territoires;;;;84;AUVERGNE-RHONE-ALPES;38;ISERE;38357;Saint-André-le-Gaz;30;Risque minier;33;Emissions en surface de gaz de mine;;;FAUX;;FAUX;;2012-08-02;;;;;2022-02-16;;;Opposable;2020-01-01;Approuvé;2020-01-01;2025-03-06
PPRM;Plan de Prévention des Risques Miniers;38DDT20180001;PPRM du Plateau Matheysin;Direction départementale des territoires;;;;84;AUVERGNE-RHONE-ALPES;38;ISERE;38361;Saint-Arey;30;Risque minier;33;Emissions en surface de gaz de mine;;;FAUX;;FAUX;;2007-12-10;2018-12-05;2019-01-19;;;2019-06-11;;;Opposable;2020-01-01;Approuvé;2020-01-01;2025-04-11
PPRM;Plan de Prévention des Risques Miniers;14DDTM20110009;PPR Mines de Littry;Direction départementale des territoires et de la mer;Mines de Littry;;;28;NORMANDIE;14;CALVADOS;14622;Saint-Martin-de-Blagny;30;Risque minier;31;Affaissement minier;312;Effondrements localisés;FAUX;;FAUX;;2009-04-14;2025-05-12;2025-06-03;;;2025-11-03;;;Opposable;2020-01-01;Approuvé;2020-01-01;2025-11-03
PPRM;Plan de Prévention des Risques Miniers;62DDTM20150001;PPRm du BETHUNOIS;Direction départementale des territoires et de la mer;Béthunois;;;32;HAUTS-DE-FRANCE;62;PAS-DE-CALAIS;62048;Auchel;30;Risque minier;31;Affaissement minier;315;Glissements ou mouvements de pente;FAUX;;FAUX;;2015-06-10;;;;;2017-11-17;;;Opposable;2020-01-01;Approuvé;2020-01-01;2021-02-24
PPRM;Plan de Prévention des Risques Miniers;54DDT20140001;PPRM Secteur de Jarny;Direction départementale des territoires;;;;44;GRAND EST;54;MEURTHE-ET-MOSELLE;54136;Conflans-en-Jarnisy;30;Risque minier;31;Affaissement minier;314;Tassements;VRAI;54DDT20080009;FAUX;;2012-08-03;2012-10-11;2012-11-12;;;2013-03-26;;;Opposable;2020-01-01;Approuvé;2020-01-01;2025-02-27
PPRM;Plan de Prévention des Risques Miniers;54DDT20210002;PPRM Domprix Révision;Direction départementale des territoires;Minier;;;44;GRAND EST;54;MEURTHE-ET-MOSELLE;54169;Domprix;30;Risque minier;31;Affaissement minier;313;Affaissements progressifs;VRAI;54DDT20140036;FAUX;;2021-06-17;;;;;;;;Prescrit;2020-01-01;Prescrit;2020-01-01;2025-03-18
PPRM;Plan de Prévention des Risques Miniers;42DDT20130002;PPRM DE LA VALLEE DU GIER;Direction départementale des territoires;GIER;;;84;AUVERGNE-RHONE-ALPES;42;LOIRE;42110;L'Horme;30;Risque minier;31;Affaissement minier;312;Effondrements localisés;FAUX;;FAUX;;2014-10-15;2018-12-10;2019-01-25;;;2019-03-29;;;Opposable;2020-01-01;Approuvé;2020-01-01;2025-01-21
PPRM;Plan de Prévention des Risques Miniers;38DDT20180001;PPRM du Plateau Matheysin;Direction départementale des territoires;;;;84;AUVERGNE-RHONE-ALPES;38;ISERE;38280;Notre-Dame-de-Vaulx;30;Risque minier;31;Affaissement minier;315;Glissements ou mouvements de pente;FAUX;;FAUX;;2007-12-10;2018-12-05;2019-01-19;;;2019-06-11;;;Opposable;2020-01-01;Approuvé;2020-01-01;2025-04-11
PPRM;Plan de Prévention des Risques Miniers;57DDT20140009;PPRM-Bassin Sud révision 2;Direction départementale des territoires;Bassin ferrifère;;;44;GRAND EST;57;MOSELLE;57481;Montois-la-Montagne;30;Risque minier;31;Affaissement minier;312;Effondrements localisés;VRAI;57DDT20100005;FAUX;;2014-07-29;;;;;2016-03-08;;;Opposable;2020-01-01;Approuvé;2020-01-01;2025-01-09
PPRM;Plan de Prévention des Risques Miniers;54DDT20140031;PPRM Secteur de Briey;Direction départementale des territoires;;;;44;GRAND EST;54;MEURTHE-ET-MOSELLE;54263;Homécourt;30;Risque minier;31;Affaissement minier;312;Effondrements localisés;FAUX;;VRAI;54DDT20140041;2007-07-31;;;;;2009-11-24;;2016-08-23;Caduque;2020-01-01;Abrogé;2020-01-01;2025-02-27
PPRM;Plan de Prévention des Risques Miniers;54DDT20140015;PPRM Secteur de Trieux;Direction départementale des territoires;;;;44;GRAND EST;54;MEURTHE-ET-MOSELLE;54334;Mairy-Mainville;30;Risque minier;31;Affaissement minier;312;Effondrements localisés;FAUX;;FAUX;;2012-11-26;2013-02-11;2013-03-14;;;2013-07-12;;;Opposable;2020-01-01;Approuvé;2020-01-01;2025-02-27
PPRM;Plan de Prévention des Risques Miniers;54DDT20140001;PPRM Secteur de Jarny;Direction départementale des territoires;;;;44;GRAND EST;54;MEURTHE-ET-MOSELLE;54227;Giraumont;30;Risque minier;31;Affaissement minier;313;Affaissements progressifs;VRAI;54DDT20080009;FAUX;;2012-08-03;2012-10-11;2012-11-12;;;2013-03-26;;;Opposable;2020-01-01;Approuvé;2020-01-01;2025-02-27
PPRM;Plan de Prévention des Risques Miniers;81DDT20150001;PPR minier Bassin de Carmaux;Direction départementale des territoires;;;;76;OCCITANIE;81;TARN;81033;Blaye-les-Mines;30;Risque minier;31;Affaissement minier;315;Glissements ou mouvements de pente;FAUX;;FAUX;;2008-10-15;2010-09-06;2010-10-08;;;2012-07-09;2015-12-30;;Caduque;2020-01-01;Annulé;2020-01-01;2016-02-25
PPRM;Plan de Prévention des Risques Miniers;14DDTM20110007;PPR bassin minier de Soumont Saint Quentin;Direction départementale des territoires et de la mer;Mines de Soumont;;;28;NORMANDIE;14;CALVADOS;14476;Olendon;30;Risque minier;31;Affaissement minier;312;Effondrements localisés;FAUX;;FAUX;;2005-11-14;2008-06-27;2008-06-27;;;2009-01-06;;;Opposable;2020-01-01;Approuvé;2020-01-01;2025-04-14
PPRM;Plan de Prévention des Risques Miniers;13DDTM20190177;PPR Minier - Fuveau 2022;Direction départementale des territoires et de la mer;;;;93;PROVENCE-ALPES-COTE D'AZUR;13;BOUCHES-DU-RHONE;13040;Fuveau;30;Risque minier;31;Affaissement minier;315;Glissements ou mouvements de pente;FAUX;;FAUX;;2019-10-07;;;;;2022-04-15;;;Opposable;2020-01-01;Approuvé;2020-01-01;2025-04-24
PPRM;Plan de Prévention des Risques Miniers;59DDTM20140003;PPRM Pays de Conde;Direction départementale des territoires et de la mer;;;;32;HAUTS-DE-FRANCE;59;NORD;59153;Condé-sur-l'Escaut;30;Risque minier;31;Affaissement minier;315;Glissements ou mouvements de pente;FAUX;;FAUX;;2014-11-17;;;;;2018-07-06;;;Opposable;2020-01-01;Approuvé;2020-01-01;2025-03-26
PPRM;Plan de Prévention des Risques Miniers;PPRM_2022_0002;PPRM - ONDAINE;Direction départementale des territoires;;;;;;42;LOIRE;42044;Le Chambon-Feugerolles;30;Risque minier;34;Echauffement des terrains de dépôts;;;FAUX;;FAUX;;2022-08-17;2025-03-03;2025-04-11;;;2025-06-30;;;Opposable;2020-01-01;Approuvé;2020-01-01;2025-07-22
PPRM;Plan de Prévention des Risques Miniers;42DDT20130002;PPRM DE LA VALLEE DU GIER;Direction départementale des territoires;GIER;;;84;AUVERGNE-RHONE-ALPES;42;LOIRE;42207;Saint-Chamond;30;Risque minier;31;Affaissement minier;312;Effondrements localisés;FAUX;;FAUX;;2014-10-15;2018-12-10;2019-01-25;;;2019-03-29;;;Opposable;2020-01-01;Approuvé;2020-01-01;2025-01-21
PPRM;Plan de Prévention des Risques Miniers;59DDTM20160022;PPR Puits de mines;Direction départementale des territoires et de la mer;Petite Foret;;;32;HAUTS-DE-FRANCE;59;NORD;59459;Petite-Forêt;30;Risque minier;31;Affaissement minier;;;FAUX;;FAUX;;1996-03-26;;;;;;;2017-08-16;Caduque;2020-01-01;Abrogé;2020-01-01;2017-08-28
PPRM;Plan de Prévention des Risques Miniers;38DDT20180001;PPRM du Plateau Matheysin;Direction départementale des territoires;;;;84;AUVERGNE-RHONE-ALPES;38;ISERE;38266;La Motte-Saint-Martin;30;Risque minier;34;Echauffement des terrains de dépôts;;;FAUX;;FAUX;;2007-12-10;2018-12-05;2019-01-19;;;2019-06-11;;;Opposable;2020-01-01;Approuvé;2020-01-01;2025-04-11
PPRM;Plan de Prévention des Risques Miniers;63DDT20140005;PPRminiers de Brassac les Mines;Direction départementale des territoires;de Brassac les Mines;;;84;AUVERGNE-RHONE-ALPES;63;PUY-DE-DOME;63050;Brassac-les-Mines;30;Risque minier;31;Affaissement minier;314;Tassements;FAUX;;FAUX;;2014-07-16;;;;;2017-09-11;;;Opposable;2020-01-01;Approuvé;2020-01-01;2025-02-11
PPRM;Plan de Prévention des Risques Miniers;57DDT20200011;PPRM-Bassin Belval 3ème révision;Direction départementale des territoires;;;;44;GRAND EST;57;MOSELLE;57038;Audun-le-Tiche;30;Risque minier;31;Affaissement minier;312;Effondrements localisés;VRAI;57DDT20150001;FAUX;;2020-07-09;;;;;2021-12-22;;;Opposable;2020-01-01;Approuvé;2020-01-01;2025-01-09
PPRM;Plan de Prévention des Risques Miniers;57DDT20100009;PPRM-Fensch;Direction départementale des territoires;Bassin ferrifère;;;44;GRAND EST;57;MOSELLE;57368;Knutange;30;Risque minier;31;Affaissement minier;314;Tassements;FAUX;;VRAI;57DDT20150002;2006-10-17;;;;;2013-03-18;;2017-01-26;Caduque;2020-01-01;Abrogé;2020-01-01;2025-01-09
PPRM;Plan de Prévention des Risques Miniers;54DDT20140038;PPRM Secteur de Longwy;Direction départementale des territoires;;;;44;GRAND EST;54;MEURTHE-ET-MOSELLE;54138;Cosnes-et-Romain;30;Risque minier;31;Affaissement minier;313;Affaissements progressifs;FAUX;;FAUX;;2008-01-10;;;;;2012-01-24;;;Opposable;2020-01-01;Approuvé;2020-01-01;2025-02-27
PPRM;Plan de Prévention des Risques Miniers;57DDT20100005;PPRM-Bassin Sud révision;Direction départementale des territoires;Bassin ferrifère;;;44;GRAND EST;57;MOSELLE;57481;Montois-la-Montagne;30;Risque minier;31;Affaissement minier;314;Tassements;VRAI;57DDT20100004;VRAI;57DDT20140009;2007-02-19;;;;;2011-02-28;;2016-03-08;Caduque;2020-01-01;Abrogé;2020-01-01;2025-01-09
PPRM;Plan de Prévention des Risques Miniers;54DDT20140041;PPRM Secteur BRIEY;Direction départementale des territoires;Miniers;;;44;GRAND EST;54;MEURTHE-ET-MOSELLE;54028;Auboué;30;Risque minier;31;Affaissement minier;313;Affaissements progressifs;VRAI;54DDT20140031;VRAI;54DDT20190001;2014-03-12;;;;;2016-08-23;;;Opposable;2020-01-01;Approuvé;2020-01-01;2025-02-27
PPRM;Plan de Prévention des Risques Miniers;38DDT20180001;PPRM du Plateau Matheysin;Direction départementale des territoires;;;;84;AUVERGNE-RHONE-ALPES;38;ISERE;38280;Notre-Dame-de-Vaulx;30;Risque minier;33;Emissions en surface de gaz de mine;;;FAUX;;FAUX;;2007-12-10;2018-12-05;2019-01-19;;;2019-06-11;;;Opposable;2020-01-01;Approuvé;2020-01-01;2025-04-11
PPRM;Plan de Prévention des Risques Miniers;54DDT20140038;PPRM Secteur de Longwy;Direction départementale des territoires;;;;44;GRAND EST;54;MEURTHE-ET-MOSELLE;54261;Herserange;30;Risque minier;31;Affaissement minier;314;Tassements;FAUX;;FAUX;;2008-01-10;;;;;2012-01-24;;;Opposable;2020-01-01;Approuvé;2020-01-01;2025-02-27
PPRM;Plan de Prévention des Risques Miniers;61DDT20120014;PPR-M - La Ferrière aux Étangs;Direction départementale des territoires;;;;28;NORMANDIE;61;ORNE;61124;La Coulonche;30;Risque minier;31;Affaissement minier;314;Tassements;FAUX;;FAUX;;2007-09-17;2010-12-09;2011-01-13;;;2011-08-01;;;Opposable;2020-01-01;Approuvé;2020-01-01;2012-10-19
PPRM;Plan de Prévention des Risques Miniers;42DDT20160002;PPRM VALLEE DE L'ONDAINE;Direction départementale des territoires;ONDAINE;;;84;AUVERGNE-RHONE-ALPES;42;LOIRE;42099;Fraisses;30;Risque minier;31;Affaissement minier;314;Tassements;FAUX;;FAUX;;2016-03-15;2018-01-22;2018-02-27;;;2018-07-11;2023-02-05;;Caduque;2020-01-01;Annulé;2020-01-01;2023-02-02
PPRM;Plan de Prévention des Risques Miniers;42DDT20170001;PPRM NORD ET EST St ETIENNE;Direction départementale des territoires;St ETIENNE;;;84;AUVERGNE-RHONE-ALPES;42;LOIRE;42097;La Fouillouse;30;Risque minier;31;Affaissement minier;312;Effondrements localisés;FAUX;;FAUX;;2012-04-30;2016-03-29;2016-04-29;;;2016-09-08;;;Opposable;2020-01-01;Approuvé;2020-01-01;2025-01-21
PPRM;Plan de Prévention des Risques Miniers;55DDT20130002;PPRm;Direction départementale des territoires;Bassin Ferrifère;;;44;GRAND EST;55;MEUSE;55182;Éton;30;Risque minier;31;Affaissement minier;313;Affaissements progressifs;FAUX;;FAUX;;2006-05-09;2009-03-04;2009-04-04;;;2009-12-22;;;Opposable;2020-01-01;Approuvé;2020-01-01;2025-02-10
PPRM;Plan de Prévention des Risques Miniers;14DDTM20110007;PPR bassin minier de Soumont Saint Quentin;Direction départementale des territoires et de la mer;Mines de Soumont;;;28;NORMANDIE;14;CALVADOS;14603;Saint-Laurent-de-Condel;30;Risque minier;31;Affaissement minier;311;Effondrements généralisés;FAUX;;FAUX;;2005-11-14;2008-06-27;2008-06-27;;;2009-01-06;;;Opposable;2020-01-01;Approuvé;2020-01-01;2025-04-14
PPRM;Plan de Prévention des Risques Miniers;59DDTM20140005;PPRM couronne de Valenciennes;Direction départementale des territoires et de la mer;;;;32;HAUTS-DE-FRANCE;59;NORD;59014;Anzin;30;Risque minier;34;Echauffement des terrains de dépôts;;;FAUX;;FAUX;;2014-11-17;;;;;2018-07-06;;;Opposable;2020-01-01;Approuvé;2020-01-01;2025-03-26
PPRM;Plan de Prévention des Risques Miniers;PPRM_2022_0001;PPRM - Bassin Nord 2ème révision;Direction départementale des territoires;;;;;;57;MOSELLE;57586;Rochonvillers;30;Risque minier;31;Affaissement minier;312;Effondrements localisés;VRAI;57DDT20100003;FAUX;;2021-09-20;;;;;2022-11-15;;;Opposable;2020-01-01;Approuvé;2020-01-01;2025-03-18
PPRM;Plan de Prévention des Risques Miniers;57DDT20100008;PPRM-Moyeuvre Grande;Direction départementale des territoires;Bassin ferrifère;;;44;GRAND EST;57;MOSELLE;57491;Moyeuvre-Grande;30;Risque minier;31;Affaissement minier;313;Affaissements progressifs;FAUX;;VRAI;57DDT20140008;2004-08-04;;;;;2010-06-03;;2016-07-08;Caduque;2020-01-01;Abrogé;2020-01-01;2025-01-09
PPRM;Plan de Prévention des Risques Miniers;59DDTM20140003;PPRM Pays de Conde;Direction départementale des territoires et de la mer;;;;32;HAUTS-DE-FRANCE;59;NORD;59301;Hergnies;30;Risque minier;31;Affaissement minier;312;Effondrements localisés;FAUX;;FAUX;;2014-11-17;;;;;2018-07-06;;;Opposable;2020-01-01;Approuvé;2020-01-01;2025-03-26
PPRM;Plan de Prévention des Risques Miniers;81DDT20150001;PPR minier Bassin de Carmaux;Direction départementale des territoires;;;;76;OCCITANIE;81;TARN;81291;Taïx;30;Risque minier;31;Affaissement minier;314;Tassements;FAUX;;FAUX;;2008-10-15;2010-09-06;2010-10-08;;;2012-07-09;2015-12-30;;Caduque;2020-01-01;Annulé;2020-01-01;2016-02-25
PPRM;Plan de Prévention des Risques Miniers;38DDT20180001;PPRM du Plateau Matheysin;Direction départementale des territoires;;;;84;AUVERGNE-RHONE-ALPES;38;ISERE;38462;Saint-Théoffrey;30;Risque minier;31;Affaissement minier;311;Effondrements généralisés;FAUX;;FAUX;;2007-12-10;2018-12-05;2019-01-19;;;2019-06-11;;;Opposable;2020-01-01;Approuvé;2020-01-01;2025-04-11
PPRM;Plan de Prévention des Risques Miniers;54DDT20140041;PPRM Secteur BRIEY;Direction départementale des territoires;Miniers;;;44;GRAND EST;54;MEURTHE-ET-MOSELLE;54028;Auboué;30;Risque minier;31;Affaissement minier;312;Effondrements localisés;VRAI;54DDT20140031;VRAI;54DDT20190001;2014-03-12;;;;;2016-08-23;;;Opposable;2020-01-01;Approuvé;2020-01-01;2025-02-27
PPRM;Plan de Prévention des Risques Miniers;59DDTM20140003;PPRM Pays de Conde;Direction départementale des territoires et de la mer;;;;32;HAUTS-DE-FRANCE;59;NORD;59253;Fresnes-sur-Escaut;30;Risque minier;31;Affaissement minier;313;Affaissements progressifs;FAUX;;FAUX;;2014-11-17;;;;;2018-07-06;;;Opposable;2020-01-01;Approuvé;2020-01-01;2025-03-26
PPRM;Plan de Prévention des Risques Miniers;57DDT20100003;PPRM-Bassin Nord révision;Direction départementale des territoires;Bassin ferrifère;;;44;GRAND EST;57;MOSELLE;57305;Havange;30;Risque minier;31;Affaissement minier;313;Affaissements progressifs;VRAI;57DDT20100002;VRAI;PPRM_2022_0001;2007-02-19;;;;;2011-09-30;;2022-11-15;Caduque;2020-01-01;Abrogé;2020-01-01;2022-12-20
PPRM;Plan de Prévention des Risques Miniers;38DDT20180001;PPRM du Plateau Matheysin;Direction départementale des territoires;;;;84;AUVERGNE-RHONE-ALPES;38;ISERE;38265;La Motte-d'Aveillans;30;Risque minier;33;Emissions en surface de gaz de mine;;;FAUX;;FAUX;;2007-12-10;2018-12-05;2019-01-19;;;2019-06-11;;;Opposable;2020-01-01;Approuvé;2020-01-01;2025-04-11
PPRM;Plan de Prévention des Risques Miniers;57DDT20150003;PPRM-Orne modification;Direction départementale des territoires;Bassin ferrifère;;;44;GRAND EST;57;MOSELLE;57143;Clouange;30;Risque minier;31;Affaissement minier;312;Effondrements localisés;VRAI;57DDT20100010;FAUX;;2015-08-24;;;;;2016-04-04;;;Opposable;2020-01-01;Approuvé;2020-01-01;2025-01-09
PPRM;Plan de Prévention des Risques Miniers;54DDT20140007;PPRM Secteur de Piennes;Direction départementale des territoires;;;;44;GRAND EST;54;MEURTHE-ET-MOSELLE;54425;Piennes;30;Risque minier;31;Affaissement minier;314;Tassements;FAUX;;FAUX;;2012-11-26;2013-02-08;2013-03-11;;;2013-08-29;;;Opposable;2020-01-01;Approuvé;2020-01-01;2025-02-27
PPRM;Plan de Prévention des Risques Miniers;69DDT20140001;Sainte Foy l'Argentière;Direction départementale des territoires;Sainte Foy l'Argentière;;;84;AUVERGNE-RHONE-ALPES;69;RHONE;69014;Aveize;30;Risque minier;31;Affaissement minier;312;Effondrements localisés;FAUX;;FAUX;;2013-11-08;2016-04-25;2016-05-27;;;2017-01-06;;;Opposable;2020-01-01;Approuvé;2020-01-01;2025-01-13
PPRM;Plan de Prévention des Risques Miniers;59DDTM20140003;PPRM Pays de Conde;Direction départementale des territoires et de la mer;;;;32;HAUTS-DE-FRANCE;59;NORD;59253;Fresnes-sur-Escaut;30;Risque minier;34;Echauffement des terrains de dépôts;;;FAUX;;FAUX;;2014-11-17;;;;;2018-07-06;;;Opposable;2020-01-01;Approuvé;2020-01-01;2025-03-26
PPRM;Plan de Prévention des Risques Miniers;57DDT20150003;PPRM-Orne modification;Direction départementale des territoires;Bassin ferrifère;;;44;GRAND EST;57;MOSELLE;57591;Rombas;30;Risque minier;31;Affaissement minier;312;Effondrements localisés;VRAI;57DDT20100010;FAUX;;2015-08-24;;;;;2016-04-04;;;Opposable;2020-01-01;Approuvé;2020-01-01;2025-01-09
PPRM;Plan de Prévention des Risques Miniers;38DDT20180001;PPRM du Plateau Matheysin;Direction départementale des territoires;;;;84;AUVERGNE-RHONE-ALPES;38;ISERE;38280;Notre-Dame-de-Vaulx;30;Risque minier;31;Affaissement minier;311;Effondrements généralisés;FAUX;;FAUX;;2007-12-10;2018-12-05;2019-01-19;;;2019-06-11;;;Opposable;2020-01-01;Approuvé;2020-01-01;2025-04-11
PPRM;Plan de Prévention des Risques Miniers;62DDTM20150001;PPRm du BETHUNOIS;Direction départementale des territoires et de la mer;Béthunois;;;32;HAUTS-DE-FRANCE;62;PAS-DE-CALAIS;62617;Nœux-les-Mines;30;Risque minier;31;Affaissement minier;312;Effondrements localisés;FAUX;;FAUX;;2015-06-10;;;;;2017-11-17;;;Opposable;2020-01-01;Approuvé;2020-01-01;2021-02-24
PPRM;Plan de Prévention des Risques Miniers;22DDTM20130001;PPRM de Trémuson;Direction départementale des territoires et de la mer;Ancienne mine de Trémuson;;;53;BRETAGNE;22;COTES-D'ARMOR;22206;Châtelaudren-Plouagat;30;Risque minier;31;Affaissement minier;312;Effondrements localisés;FAUX;;FAUX;;2008-08-11;;;;;2021-10-06;;;Opposable;2020-01-01;Approuvé;2020-01-01;2025-02-19
PPRM;Plan de Prévention des Risques Miniers;81DDT20150001;PPR minier Bassin de Carmaux;Direction départementale des territoires;;;;76;OCCITANIE;81;TARN;81060;Carmaux;30;Risque minier;31;Affaissement minier;314;Tassements;FAUX;;FAUX;;2008-10-15;2010-09-06;2010-10-08;;;2012-07-09;2015-12-30;;Caduque;2020-01-01;Annulé;2020-01-01;2016-02-25
PPRM;Plan de Prévention des Risques Miniers;57DDT20100009;PPRM-Fensch;Direction départementale des territoires;Bassin ferrifère;;;44;GRAND EST;57;MOSELLE;57562;Ranguevaux;30;Risque minier;31;Affaissement minier;312;Effondrements localisés;FAUX;;VRAI;57DDT20150002;2006-10-17;;;;;2013-03-18;;2017-01-26;Caduque;2020-01-01;Abrogé;2020-01-01;2025-01-09
PPRM;Plan de Prévention des Risques Miniers;59DDTM20140004;PPRM Denaisis;Direction départementale des territoires et de la mer;;;;32;HAUTS-DE-FRANCE;59;NORD;59361;Lourches;30;Risque minier;33;Emissions en surface de gaz de mine;;;FAUX;;FAUX;;2014-11-17;;;;;2018-07-06;;;Opposable;2020-01-01;Approuvé;2020-01-01;2025-03-26
PPRM;Plan de Prévention des Risques Miniers;62DDTM20150002;PPRm du LENSOIS;Direction départementale des territoires et de la mer;Lensois;;;32;HAUTS-DE-FRANCE;62;PAS-DE-CALAIS;62528;Loos-en-Gohelle;30;Risque minier;31;Affaissement minier;315;Glissements ou mouvements de pente;FAUX;;FAUX;;2015-06-10;;;;;2017-11-17;;;Opposable;2020-01-01;Approuvé;2020-01-01;2022-03-04
PPRM;Plan de Prévention des Risques Miniers;49DDT20110001;Anciennes mines de fer du bassin de Segré;Direction départementale des territoires;;;;52;PAYS DE LA LOIRE;49;MAINE-ET-LOIRE;49036;Bouillé-Ménard;30;Risque minier;31;Affaissement minier;313;Affaissements progressifs;FAUX;;FAUX;;2008-04-22;2009-02-13;2009-02-13;;;2009-06-26;;;Opposable;2020-01-01;Approuvé;2020-01-01;2025-01-06
PPRM;Plan de Prévention des Risques Miniers;54DDT20140038;PPRM Secteur de Longwy;Direction départementale des territoires;;;;44;GRAND EST;54;MEURTHE-ET-MOSELLE;54451;Réhon;30;Risque minier;31;Affaissement minier;314;Tassements;FAUX;;FAUX;;2008-01-10;;;;;2012-01-24;;;Opposable;2020-01-01;Approuvé;2020-01-01;2025-02-27
PPRM;Plan de Prévention des Risques Miniers;14DDTM20110007;PPR bassin minier de Soumont Saint Quentin;Direction départementale des territoires et de la mer;Mines de Soumont;;;28;NORMANDIE;14;CALVADOS;14240;Épaney;30;Risque minier;31;Affaissement minier;311;Effondrements généralisés;FAUX;;FAUX;;2005-11-14;2008-06-27;2008-06-27;;;2009-01-06;;;Opposable;2020-01-01;Approuvé;2020-01-01;2025-04-14
PPRM;Plan de Prévention des Risques Miniers;22DDTM20130001;PPRM de Trémuson;Direction départementale des territoires et de la mer;Ancienne mine de Trémuson;;;53;BRETAGNE;22;COTES-D'ARMOR;22372;Trémuson;30;Risque minier;31;Affaissement minier;313;Affaissements progressifs;FAUX;;FAUX;;2008-08-11;;;;;2021-10-06;;;Opposable;2020-01-01;Approuvé;2020-01-01;2025-02-19
PPRM;Plan de Prévention des Risques Miniers;54DDT20140037;PPRM Ville-au-Montois;Direction départementale des territoires;;;;44;GRAND EST;54;MEURTHE-ET-MOSELLE;54568;Ville-au-Montois;30;Risque minier;31;Affaissement minier;314;Tassements;FAUX;;FAUX;;2008-01-24;2011-11-03;2011-12-03;;;2012-02-28;;;Opposable;2020-01-01;Approuvé;2020-01-01;2025-02-27
PPRM;Plan de Prévention des Risques Miniers;23DDT20130001;PPRM Bassin houiller d'Ahun;Direction départementale des territoires;;;;75;NOUVELLE-AQUITAINE;23;CREUSE;23220;Saint-Médard-la-Rochette;30;Risque minier;31;Affaissement minier;312;Effondrements localisés;FAUX;;FAUX;;2000-11-14;2011-04-11;2011-05-27;;;2012-05-11;;;Opposable;2020-01-01;Approuvé;2020-01-01;2025-01-27
PPRM;Plan de Prévention des Risques Miniers;54DDT20140033;PPRM Secteur de Crusnes;Direction départementale des territoires;;;;44;GRAND EST;54;MEURTHE-ET-MOSELLE;54149;Crusnes;30;Risque minier;31;Affaissement minier;313;Affaissements progressifs;FAUX;;FAUX;;2006-02-02;;;;;2009-12-15;;;Opposable;2020-01-01;Approuvé;2020-01-01;2025-02-27
PPRM;Plan de Prévention des Risques Miniers;54DDT20140038;PPRM Secteur de Longwy;Direction départementale des territoires;;;;44;GRAND EST;54;MEURTHE-ET-MOSELLE;54323;Longwy;30;Risque minier;31;Affaissement minier;312;Effondrements localisés;FAUX;;FAUX;;2008-01-10;;;;;2012-01-24;;;Opposable;2020-01-01;Approuvé;2020-01-01;2025-02-27
PPRM;Plan de Prévention des Risques Miniers;59DDTM20140003;PPRM Pays de Conde;Direction départementale des territoires et de la mer;;;;32;HAUTS-DE-FRANCE;59;NORD;59616;Vieux-Condé;30;Risque minier;34;Echauffement des terrains de dépôts;;;FAUX;;FAUX;;2014-11-17;;;;;2018-07-06;;;Opposable;2020-01-01;Approuvé;2020-01-01;2025-03-26
PPRM;Plan de Prévention des Risques Miniers;38DDT20180001;PPRM du Plateau Matheysin;Direction départementale des territoires;;;;84;AUVERGNE-RHONE-ALPES;38;ISERE;38499;Susville;30;Risque minier;31;Affaissement minier;311;Effondrements généralisés;FAUX;;FAUX;;2007-12-10;2018-12-05;2019-01-19;;;2019-06-11;;;Opposable;2020-01-01;Approuvé;2020-01-01;2025-04-11
PPRM;Plan de Prévention des Risques Miniers;62DDTM20150001;PPRm du BETHUNOIS;Direction départementale des territoires et de la mer;Béthunois;;;32;HAUTS-DE-FRANCE;62;PAS-DE-CALAIS;62178;Bruay-la-Buissière;30;Risque minier;33;Emissions en surface de gaz de mine;;;FAUX;;FAUX;;2015-06-10;;;;;2017-11-17;;;Opposable;2020-01-01;Approuvé;2020-01-01;2021-02-24
PPRM;Plan de Prévention des Risques Miniers;42DDT20130002;PPRM DE LA VALLEE DU GIER;Direction départementale des territoires;GIER;;;84;AUVERGNE-RHONE-ALPES;42;LOIRE;42032;Cellieu;30;Risque minier;31;Affaissement minier;314;Tassements;FAUX;;FAUX;;2014-10-15;2018-12-10;2019-01-25;;;2019-03-29;;;Opposable;2020-01-01;Approuvé;2020-01-01;2025-01-21
PPRM;Plan de Prévention des Risques Miniers;61DDT20120014;PPR-M - La Ferrière aux Étangs;Direction départementale des territoires;;;;28;NORMANDIE;61;ORNE;61163;La Ferrière-aux-Étangs;30;Risque minier;31;Affaissement minier;313;Affaissements progressifs;FAUX;;FAUX;;2007-09-17;2010-12-09;2011-01-13;;;2011-08-01;;;Opposable;2020-01-01;Approuvé;2020-01-01;2012-10-19
PPRM;Plan de Prévention des Risques Miniers;14DDTM20110007;PPR bassin minier de Soumont Saint Quentin;Direction départementale des territoires et de la mer;Mines de Soumont;;;28;NORMANDIE;14;CALVADOS;14276;Fontaine-le-Pin;30;Risque minier;31;Affaissement minier;311;Effondrements généralisés;FAUX;;FAUX;;2005-11-14;2008-06-27;2008-06-27;;;2009-01-06;;;Opposable;2020-01-01;Approuvé;2020-01-01;2025-04-14
PPRM;Plan de Prévention des Risques Miniers;42DDT20130002;PPRM DE LA VALLEE DU GIER;Direction départementale des territoires;GIER;;;84;AUVERGNE-RHONE-ALPES;42;LOIRE;42032;Cellieu;30;Risque minier;34;Echauffement des terrains de dépôts;;;FAUX;;FAUX;;2014-10-15;2018-12-10;2019-01-25;;;2019-03-29;;;Opposable;2020-01-01;Approuvé;2020-01-01;2025-01-21
PPRM;Plan de Prévention des Risques Miniers;49DDT20110001;Anciennes mines de fer du bassin de Segré;Direction départementale des territoires;;;;52;PAYS DE LA LOIRE;49;MAINE-ET-LOIRE;49248;Ombrée d'Anjou;30;Risque minier;31;Affaissement minier;313;Affaissements progressifs;FAUX;;FAUX;;2008-04-22;2009-02-13;2009-02-13;;;2009-06-26;;;Opposable;2020-01-01;Approuvé;2020-01-01;2025-01-06
PPRM;Plan de Prévention des Risques Miniers;54DDT20140045;PPRM Secteur CRUSNES;Direction départementale des territoires;Miniers;;;44;GRAND EST;54;MEURTHE-ET-MOSELLE;54096;Bréhain-la-Ville;30;Risque minier;31;Affaissement minier;314;Tassements;FAUX;;FAUX;;2014-08-07;2014-09-15;2014-10-20;;;2015-05-21;;;Opposable;2020-01-01;Approuvé;2020-01-01;2025-02-27
PPRM;Plan de Prévention des Risques Miniers;12DDT20120002;PPRM du bassin de Decazeville;Direction départementale des territoires;;;;76;OCCITANIE;12;AVEYRON;12089;Decazeville;30;Risque minier;31;Affaissement minier;312;Effondrements localisés;FAUX;;FAUX;;2012-12-21;;;;;2017-06-19;;;Opposable;2020-01-01;Approuvé;2020-01-01;2025-02-07
PPRM;Plan de Prévention des Risques Miniers;62DDTM20150002;PPRm du LENSOIS;Direction départementale des territoires et de la mer;Lensois;;;32;HAUTS-DE-FRANCE;62;PAS-DE-CALAIS;62510;Liévin;30;Risque minier;31;Affaissement minier;315;Glissements ou mouvements de pente;FAUX;;FAUX;;2015-06-10;;;;;2017-11-17;;;Opposable;2020-01-01;Approuvé;2020-01-01;2022-03-04
PPRM;Plan de Prévention des Risques Miniers;PPRM_2025_0001;PPRM - modification - Doyet - Bezenet - Montvicq;Direction départementale des territoires;;;;;;03;ALLIER;03189;Montvicq;30;Risque minier;31;Affaissement minier;312;Effondrements localisés;VRAI;03DDT20120001;FAUX;;2024-08-09;;;;;2024-12-18;;;Opposable;2020-01-01;Approuvé;2020-01-01;2024-08-09
PPRM;Plan de Prévention des Risques Miniers;38DDT20180001;PPRM du Plateau Matheysin;Direction départementale des territoires;;;;84;AUVERGNE-RHONE-ALPES;38;ISERE;38269;La Mure;30;Risque minier;31;Affaissement minier;315;Glissements ou mouvements de pente;FAUX;;FAUX;;2007-12-10;2018-12-05;2019-01-19;;;2019-06-11;;;Opposable;2020-01-01;Approuvé;2020-01-01;2025-04-11
PPRM;Plan de Prévention des Risques Miniers;54DDT20140038;PPRM Secteur de Longwy;Direction départementale des territoires;;;;44;GRAND EST;54;MEURTHE-ET-MOSELLE;54321;Longlaville;30;Risque minier;31;Affaissement minier;313;Affaissements progressifs;FAUX;;FAUX;;2008-01-10;;;;;2012-01-24;;;Opposable;2020-01-01;Approuvé;2020-01-01;2025-02-27
PPRM;Plan de Prévention des Risques Miniers;38DDT20180001;PPRM du Plateau Matheysin;Direction départementale des territoires;;;;84;AUVERGNE-RHONE-ALPES;38;ISERE;38269;La Mure;30;Risque minier;33;Emissions en surface de gaz de mine;;;FAUX;;FAUX;;2007-12-10;2018-12-05;2019-01-19;;;2019-06-11;;;Opposable;2020-01-01;Approuvé;2020-01-01;2025-04-11
PPRM;Plan de Prévention des Risques Miniers;38DDT20180001;PPRM du Plateau Matheysin;Direction départementale des territoires;;;;84;AUVERGNE-RHONE-ALPES;38;ISERE;38265;La Motte-d'Aveillans;30;Risque minier;31;Affaissement minier;312;Effondrements localisés;FAUX;;FAUX;;2007-12-10;2018-12-05;2019-01-19;;;2019-06-11;;;Opposable;2020-01-01;Approuvé;2020-01-01;2025-04-11
PPRM;Plan de Prévention des Risques Miniers;23DDT20130001;PPRM Bassin houiller d'Ahun;Direction départementale des territoires;;;;75;NOUVELLE-AQUITAINE;23;CREUSE;23138;Moutier-d'Ahun;30;Risque minier;33;Emissions en surface de gaz de mine;;;FAUX;;FAUX;;2000-11-14;2011-04-11;2011-05-27;;;2012-05-11;;;Opposable;2020-01-01;Approuvé;2020-01-01;2025-01-27
PPRM;Plan de Prévention des Risques Miniers;38DDT20180001;PPRM du Plateau Matheysin;Direction départementale des territoires;;;;84;AUVERGNE-RHONE-ALPES;38;ISERE;38266;La Motte-Saint-Martin;30;Risque minier;31;Affaissement minier;314;Tassements;FAUX;;FAUX;;2007-12-10;2018-12-05;2019-01-19;;;2019-06-11;;;Opposable;2020-01-01;Approuvé;2020-01-01;2025-04-11
PPRM;Plan de Prévention des Risques Miniers;54DDT20140038;PPRM Secteur de Longwy;Direction départementale des territoires;;;;44;GRAND EST;54;MEURTHE-ET-MOSELLE;54451;Réhon;30;Risque minier;31;Affaissement minier;312;Effondrements localisés;FAUX;;FAUX;;2008-01-10;;;;;2012-01-24;;;Opposable;2020-01-01;Approuvé;2020-01-01;2025-02-27
PPRM;Plan de Prévention des Risques Miniers;69DDT20140001;Sainte Foy l'Argentière;Direction départementale des territoires;Sainte Foy l'Argentière;;;84;AUVERGNE-RHONE-ALPES;69;RHONE;69178;Souzy;30;Risque minier;31;Affaissement minier;317;Ecroulements rocheux;FAUX;;FAUX;;2013-11-08;2016-04-25;2016-05-27;;;2017-01-06;;;Opposable;2020-01-01;Approuvé;2020-01-01;2025-01-13
PPRM;Plan de Prévention des Risques Miniers;81DDT20150001;PPR minier Bassin de Carmaux;Direction départementale des territoires;;;;76;OCCITANIE;81;TARN;81101;Le Garric;30;Risque minier;33;Emissions en surface de gaz de mine;;;FAUX;;FAUX;;2008-10-15;2010-09-06;2010-10-08;;;2012-07-09;2015-12-30;;Caduque;2020-01-01;Annulé;2020-01-01;2016-02-25
PPRM;Plan de Prévention des Risques Miniers;69DDT20140001;Sainte Foy l'Argentière;Direction départementale des territoires;Sainte Foy l'Argentière;;;84;AUVERGNE-RHONE-ALPES;69;RHONE;69201;Sainte-Foy-l'Argentière;30;Risque minier;31;Affaissement minier;314;Tassements;FAUX;;FAUX;;2013-11-08;2016-04-25;2016-05-27;;;2017-01-06;;;Opposable;2020-01-01;Approuvé;2020-01-01;2025-01-13
PPRM;Plan de Prévention des Risques Miniers;03DDT20120001;PPRM - Bezenet - Doyet -  Montvicqq;Direction départementale des territoires;;;;84;AUVERGNE-RHONE-ALPES;03;ALLIER;03104;Doyet;30;Risque minier;31;Affaissement minier;312;Effondrements localisés;FAUX;;VRAI;PPRM_2025_0001;2012-01-23;;;;;2016-10-03;;2024-12-18;Caduque;2020-01-01;Abrogé;2020-01-01;2025-01-14
PPRM;Plan de Prévention des Risques Miniers;14DDTM20110008;PPR Mines de May sur Orne;Direction départementale des territoires et de la mer;Mines de May sur Orne;;;28;NORMANDIE;14;CALVADOS;14396;Maltot;30;Risque minier;31;Affaissement minier;312;Effondrements localisés;FAUX;;FAUX;;2005-01-14;2021-02-08;2021-03-16;;;2021-08-10;;;Opposable;2020-01-01;Approuvé;2020-01-01;2025-03-31
PPRM;Plan de Prévention des Risques Miniers;57DDT20150002;PPRM-Fensch révision;Direction départementale des territoires;Bassin ferrifère;;;44;GRAND EST;57;MOSELLE;57368;Knutange;30;Risque minier;31;Affaissement minier;314;Tassements;VRAI;57DDT20100009;FAUX;;2015-08-06;;;;;2017-01-26;;;Opposable;2020-01-01;Approuvé;2020-01-01;2025-01-09
PPRM;Plan de Prévention des Risques Miniers;59DDTM20140004;PPRM Denaisis;Direction départementale des territoires et de la mer;;;;32;HAUTS-DE-FRANCE;59;NORD;59361;Lourches;30;Risque minier;31;Affaissement minier;313;Affaissements progressifs;FAUX;;FAUX;;2014-11-17;;;;;2018-07-06;;;Opposable;2020-01-01;Approuvé;2020-01-01;2025-03-26
PPRM;Plan de Prévention des Risques Miniers;14DDTM20110007;PPR bassin minier de Soumont Saint Quentin;Direction départementale des territoires et de la mer;Mines de Soumont;;;28;NORMANDIE;14;CALVADOS;14486;Ouilly-le-Tesson;30;Risque minier;31;Affaissement minier;312;Effondrements localisés;FAUX;;FAUX;;2005-11-14;2008-06-27;2008-06-27;;;2009-01-06;;;Opposable;2020-01-01;Approuvé;2020-01-01;2025-04-14
PPRM;Plan de Prévention des Risques Miniers;57DDT20100003;PPRM-Bassin Nord révision;Direction départementale des territoires;Bassin ferrifère;;;44;GRAND EST;57;MOSELLE;57529;Ottange;30;Risque minier;31;Affaissement minier;313;Affaissements progressifs;VRAI;57DDT20100002;VRAI;PPRM_2022_0001;2007-02-19;;;;;2011-09-30;;2022-11-15;Caduque;2020-01-01;Abrogé;2020-01-01;2022-12-20
PPRM;Plan de Prévention des Risques Miniers;14DDTM20110007;PPR bassin minier de Soumont Saint Quentin;Direction départementale des territoires et de la mer;Mines de Soumont;;;28;NORMANDIE;14;CALVADOS;14669;Sassy;30;Risque minier;31;Affaissement minier;311;Effondrements généralisés;FAUX;;FAUX;;2005-11-14;2008-06-27;2008-06-27;;;2009-01-06;;;Opposable;2020-01-01;Approuvé;2020-01-01;2025-04-14
PPRM;Plan de Prévention des Risques Miniers;62DDTM20150002;PPRm du LENSOIS;Direction départementale des territoires et de la mer;Lensois;;;32;HAUTS-DE-FRANCE;62;PAS-DE-CALAIS;62427;Hénin-Beaumont;30;Risque minier;31;Affaissement minier;315;Glissements ou mouvements de pente;FAUX;;FAUX;;2015-06-10;;;;;2017-11-17;;;Opposable;2020-01-01;Approuvé;2020-01-01;2022-03-04
PPRM;Plan de Prévention des Risques Miniers;59DDTM20140003;PPRM Pays de Conde;Direction départementale des territoires et de la mer;;;;32;HAUTS-DE-FRANCE;59;NORD;59616;Vieux-Condé;30;Risque minier;31;Affaissement minier;314;Tassements;FAUX;;FAUX;;2014-11-17;;;;;2018-07-06;;;Opposable;2020-01-01;Approuvé;2020-01-01;2025-03-26
PPRM;Plan de Prévention des Risques Miniers;14DDTM20110008;PPR Mines de May sur Orne;Direction départementale des territoires et de la mer;Mines de May sur Orne;;;28;NORMANDIE;14;CALVADOS;14266;Feuguerolles-Bully;30;Risque minier;31;Affaissement minier;312;Effondrements localisés;FAUX;;FAUX;;2005-01-14;2021-02-08;2021-03-16;;;2021-08-10;;;Opposable;2020-01-01;Approuvé;2020-01-01;2025-03-31
;;PPRM_2023_0003;PPRM - ;;;;;;;;;;;;;;;;;FAUX;;FAUX;;;;;;;;;;;;;;
PPRM;Plan de Prévention des Risques Miniers;PPRM_2024_0001;PPRM - Mines de fer du pourtour d'Angers ;Direction régionale de l'environnement, de l'aménagement et du logement;;;;;;49;MAINE-ET-LOIRE;49353;Trélazé;30;Risque minier;31;Affaissement minier;312;Effondrements localisés;FAUX;;FAUX;;2023-05-22;;;;;;;;Prescrit;2020-01-01;Prescrit;2020-01-01;2025-03-18
PPRM;Plan de Prévention des Risques Miniers;54DDT20140041;PPRM Secteur BRIEY;Direction départementale des territoires;Miniers;;;44;GRAND EST;54;MEURTHE-ET-MOSELLE;54280;Jœuf;30;Risque minier;31;Affaissement minier;313;Affaissements progressifs;VRAI;54DDT20140031;VRAI;54DDT20190001;2014-03-12;;;;;2016-08-23;;;Opposable;2020-01-01;Approuvé;2020-01-01;2025-02-27
PPRM;Plan de Prévention des Risques Miniers;54DDT20140031;PPRM Secteur de Briey;Direction départementale des territoires;;;;44;GRAND EST;54;MEURTHE-ET-MOSELLE;54371;Moineville;30;Risque minier;31;Affaissement minier;314;Tassements;FAUX;;VRAI;54DDT20140041;2007-07-31;;;;;2009-11-24;;2016-08-23;Caduque;2020-01-01;Abrogé;2020-01-01;2025-02-27
PPRM;Plan de Prévention des Risques Miniers;22DDTM20130001;PPRM de Trémuson;Direction départementale des territoires et de la mer;Ancienne mine de Trémuson;;;53;BRETAGNE;22;COTES-D'ARMOR;22206;Châtelaudren-Plouagat;30;Risque minier;31;Affaissement minier;313;Affaissements progressifs;FAUX;;FAUX;;2008-08-11;;;;;2021-10-06;;;Opposable;2020-01-01;Approuvé;2020-01-01;2025-02-19
PPRM;Plan de Prévention des Risques Miniers;42DDT20170001;PPRM NORD ET EST St ETIENNE;Direction départementale des territoires;St ETIENNE;;;84;AUVERGNE-RHONE-ALPES;42;LOIRE;42275;Saint-Priest-en-Jarez;30;Risque minier;31;Affaissement minier;315;Glissements ou mouvements de pente;FAUX;;FAUX;;2012-04-30;2016-03-29;2016-04-29;;;2016-09-08;;;Opposable;2020-01-01;Approuvé;2020-01-01;2025-01-21
PPRM;Plan de Prévention des Risques Miniers;57DDT20100010;PPRM-Orne;Direction départementale des territoires;Bassin ferrifère;;;44;GRAND EST;57;MOSELLE;57591;Rombas;30;Risque minier;31;Affaissement minier;312;Effondrements localisés;FAUX;;VRAI;57DDT20150003;2006-10-17;;;;;2014-03-07;;2016-04-04;Caduque;2020-01-01;Abrogé;2020-01-01;2025-01-09
PPRM;Plan de Prévention des Risques Miniers;57DDT20150001;PPRM-Bassin Belval révision 2;Direction départementale des territoires;Bassin ferrifère;;;44;GRAND EST;57;MOSELLE;57603;Russange;30;Risque minier;31;Affaissement minier;312;Effondrements localisés;VRAI;57DDT20100007;VRAI;57DDT20200011;2015-04-17;;;;;2016-09-29;;2021-12-22;Caduque;2020-01-01;Abrogé;2020-01-01;2022-03-22
PPRM;Plan de Prévention des Risques Miniers;13DDTM20200185;PPR Minier - La Bouilladisse 2023;Direction départementale des territoires et de la mer;;;;93;PROVENCE-ALPES-COTE D'AZUR;13;BOUCHES-DU-RHONE;13016;La Bouilladisse;30;Risque minier;31;Affaissement minier;314;Tassements;VRAI;13DDTM20020151;FAUX;;2020-07-22;;;;;2023-03-09;;;Opposable;2020-01-01;Approuvé;2020-01-01;2025-04-08
PPRM;Plan de Prévention des Risques Miniers;57DDT20100008;PPRM-Moyeuvre Grande;Direction départementale des territoires;Bassin ferrifère;;;44;GRAND EST;57;MOSELLE;57491;Moyeuvre-Grande;30;Risque minier;31;Affaissement minier;312;Effondrements localisés;FAUX;;VRAI;57DDT20140008;2004-08-04;;;;;2010-06-03;;2016-07-08;Caduque;2020-01-01;Abrogé;2020-01-01;2025-01-09
PPRM;Plan de Prévention des Risques Miniers;PPRM_2024_0001;PPRM - Mines de fer du pourtour d'Angers ;Direction régionale de l'environnement, de l'aménagement et du logement;;;;;;49;MAINE-ET-LOIRE;49353;Trélazé;30;Risque minier;31;Affaissement minier;314;Tassements;FAUX;;FAUX;;2023-05-22;;;;;;;;Prescrit;2020-01-01;Prescrit;2020-01-01;2025-03-18
PPRM;Plan de Prévention des Risques Miniers;42DDT20130002;PPRM DE LA VALLEE DU GIER;Direction départementale des territoires;GIER;;;84;AUVERGNE-RHONE-ALPES;42;LOIRE;42225;Genilac;30;Risque minier;31;Affaissement minier;315;Glissements ou mouvements de pente;FAUX;;FAUX;;2014-10-15;2018-12-10;2019-01-25;;;2019-03-29;;;Opposable;2020-01-01;Approuvé;2020-01-01;2025-01-21
PPRM;Plan de Prévention des Risques Miniers;54DDT20140001;PPRM Secteur de Jarny;Direction départementale des territoires;;;;44;GRAND EST;54;MEURTHE-ET-MOSELLE;54273;Jarny;30;Risque minier;31;Affaissement minier;312;Effondrements localisés;VRAI;54DDT20080009;FAUX;;2012-08-03;2012-10-11;2012-11-12;;;2013-03-26;;;Opposable;2020-01-01;Approuvé;2020-01-01;2025-02-27
PPRM;Plan de Prévention des Risques Miniers;42DDT20160002;PPRM VALLEE DE L'ONDAINE;Direction départementale des territoires;ONDAINE;;;84;AUVERGNE-RHONE-ALPES;42;LOIRE;42270;Saint-Paul-en-Cornillon;30;Risque minier;31;Affaissement minier;312;Effondrements localisés;FAUX;;FAUX;;2016-03-15;2018-01-22;2018-02-27;;;2018-07-11;2023-02-05;;Caduque;2020-01-01;Annulé;2020-01-01;2023-02-02
PPRM;Plan de Prévention des Risques Miniers;57DDT20100003;PPRM-Bassin Nord révision;Direction départementale des territoires;Bassin ferrifère;;;44;GRAND EST;57;MOSELLE;57041;Aumetz;30;Risque minier;31;Affaissement minier;312;Effondrements localisés;VRAI;57DDT20100002;VRAI;PPRM_2022_0001;2007-02-19;;;;;2011-09-30;;2022-11-15;Caduque;2020-01-01;Abrogé;2020-01-01;2022-12-20
PPRM;Plan de Prévention des Risques Miniers;57DDT20200011;PPRM-Bassin Belval 3ème révision;Direction départementale des territoires;;;;44;GRAND EST;57;MOSELLE;57603;Russange;30;Risque minier;31;Affaissement minier;313;Affaissements progressifs;VRAI;57DDT20150001;FAUX;;2020-07-09;;;;;2021-12-22;;;Opposable;2020-01-01;Approuvé;2020-01-01;2025-01-09
PPRM;Plan de Prévention des Risques Miniers;63DDT20140005;PPRminiers de Brassac les Mines;Direction départementale des territoires;de Brassac les Mines;;;84;AUVERGNE-RHONE-ALPES;63;PUY-DE-DOME;63091;Charbonnier-les-Mines;30;Risque minier;31;Affaissement minier;314;Tassements;FAUX;;FAUX;;2014-07-16;;;;;2017-09-11;;;Opposable;2020-01-01;Approuvé;2020-01-01;2025-02-11
PPRM;Plan de Prévention des Risques Miniers;23DDT20130001;PPRM Bassin houiller d'Ahun;Direction départementale des territoires;;;;75;NOUVELLE-AQUITAINE;23;CREUSE;23138;Moutier-d'Ahun;30;Risque minier;31;Affaissement minier;312;Effondrements localisés;FAUX;;FAUX;;2000-11-14;2011-04-11;2011-05-27;;;2012-05-11;;;Opposable;2020-01-01;Approuvé;2020-01-01;2025-01-27
PPRM;Plan de Prévention des Risques Miniers;42DDT20170001;PPRM NORD ET EST St ETIENNE;Direction départementale des territoires;St ETIENNE;;;84;AUVERGNE-RHONE-ALPES;42;LOIRE;42305;La Talaudière;30;Risque minier;31;Affaissement minier;314;Tassements;FAUX;;FAUX;;2012-04-30;2016-03-29;2016-04-29;;;2016-09-08;;;Opposable;2020-01-01;Approuvé;2020-01-01;2025-01-21
PPRM;Plan de Prévention des Risques Miniers;PPRM_2025_0001;PPRM - modification - Doyet - Bezenet - Montvicq;Direction départementale des territoires;;;;;;03;ALLIER;03189;Montvicq;30;Risque minier;34;Echauffement des terrains de dépôts;;;VRAI;03DDT20120001;FAUX;;2024-08-09;;;;;2024-12-18;;;Opposable;2020-01-01;Approuvé;2020-01-01;2024-08-09
PPRM;Plan de Prévention des Risques Miniers;PPRM_2022_0002;PPRM - ONDAINE;Direction départementale des territoires;;;;;;42;LOIRE;42183;La Ricamarie;30;Risque minier;34;Echauffement des terrains de dépôts;;;FAUX;;FAUX;;2022-08-17;2025-03-03;2025-04-11;;;2025-06-30;;;Opposable;2020-01-01;Approuvé;2020-01-01;2025-07-22
PPRM;Plan de Prévention des Risques Miniers;42DDT20170001;PPRM NORD ET EST St ETIENNE;Direction départementale des territoires;St ETIENNE;;;84;AUVERGNE-RHONE-ALPES;42;LOIRE;42097;La Fouillouse;30;Risque minier;34;Echauffement des terrains de dépôts;;;FAUX;;FAUX;;2012-04-30;2016-03-29;2016-04-29;;;2016-09-08;;;Opposable;2020-01-01;Approuvé;2020-01-01;2025-01-21
PPRM;Plan de Prévention des Risques Miniers;42DDT20160001;PPRM  St ETIENNE;Direction départementale des territoires;St ETIENNE;;;84;AUVERGNE-RHONE-ALPES;42;LOIRE;42218;Saint-Étienne;30;Risque minier;31;Affaissement minier;315;Glissements ou mouvements de pente;FAUX;;FAUX;;2016-05-03;;;;;2018-02-05;;;Opposable;2020-01-01;Approuvé;2020-01-01;2025-01-21
PPRM;Plan de Prévention des Risques Miniers;38DDT20180001;PPRM du Plateau Matheysin;Direction départementale des territoires;;;;84;AUVERGNE-RHONE-ALPES;38;ISERE;38499;Susville;30;Risque minier;32;Inondations de terrains miniers;321;Pollution des eaux souterraines et de surface;FAUX;;FAUX;;2007-12-10;2018-12-05;2019-01-19;;;2019-06-11;;;Opposable;2020-01-01;Approuvé;2020-01-01;2025-04-11
PPRM;Plan de Prévention des Risques Miniers;38DDT20180002;PPRM de Saint-Didier-de-la-Tour;Direction départementale des territoires;;;;84;AUVERGNE-RHONE-ALPES;38;ISERE;38357;Saint-André-le-Gaz;30;Risque minier;31;Affaissement minier;312;Effondrements localisés;FAUX;;FAUX;;2012-08-02;;;;;2022-02-16;;;Opposable;2020-01-01;Approuvé;2020-01-01;2025-03-06
PPRM;Plan de Prévention des Risques Miniers;61DDT20120014;PPR-M - La Ferrière aux Étangs;Direction départementale des territoires;;;;28;NORMANDIE;61;ORNE;61124;La Coulonche;30;Risque minier;31;Affaissement minier;312;Effondrements localisés;FAUX;;FAUX;;2007-09-17;2010-12-09;2011-01-13;;;2011-08-01;;;Opposable;2020-01-01;Approuvé;2020-01-01;2012-10-19
PPRM;Plan de Prévention des Risques Miniers;12DDT20120002;PPRM du bassin de Decazeville;Direction départementale des territoires;;;;76;OCCITANIE;12;AVEYRON;12089;Decazeville;30;Risque minier;31;Affaissement minier;314;Tassements;FAUX;;FAUX;;2012-12-21;;;;;2017-06-19;;;Opposable;2020-01-01;Approuvé;2020-01-01;2025-02-07
PPRM;Plan de Prévention des Risques Miniers;54DDT20140036;PPRM Domprix;Direction départementale des territoires;;;;44;GRAND EST;54;MEURTHE-ET-MOSELLE;54169;Domprix;30;Risque minier;31;Affaissement minier;313;Affaissements progressifs;FAUX;;VRAI;54DDT20210002;2008-01-24;;;;;2011-09-16;;;Opposable;2020-01-01;Approuvé;2020-01-01;2025-02-27
PPRM;Plan de Prévention des Risques Miniers;69DDT20140001;Sainte Foy l'Argentière;Direction départementale des territoires;Sainte Foy l'Argentière;;;84;AUVERGNE-RHONE-ALPES;69;RHONE;69014;Aveize;30;Risque minier;31;Affaissement minier;317;Ecroulements rocheux;FAUX;;FAUX;;2013-11-08;2016-04-25;2016-05-27;;;2017-01-06;;;Opposable;2020-01-01;Approuvé;2020-01-01;2025-01-13
PPRM;Plan de Prévention des Risques Miniers;PPRM_2022_0002;PPRM - ONDAINE;Direction départementale des territoires;;;;;;42;LOIRE;42095;Firminy;30;Risque minier;33;Emissions en surface de gaz de mine;;;FAUX;;FAUX;;2022-08-17;2025-03-03;2025-04-11;;;2025-06-30;;;Opposable;2020-01-01;Approuvé;2020-01-01;2025-07-22
PPRM;Plan de Prévention des Risques Miniers;PPRM_2022_0002;PPRM - ONDAINE;Direction départementale des territoires;;;;;;42;LOIRE;42316;Unieux;30;Risque minier;34;Echauffement des terrains de dépôts;;;FAUX;;FAUX;;2022-08-17;2025-03-03;2025-04-11;;;2025-06-30;;;Opposable;2020-01-01;Approuvé;2020-01-01;2025-07-22
PPRM;Plan de Prévention des Risques Miniers;59DDTM20140005;PPRM couronne de Valenciennes;Direction départementale des territoires et de la mer;;;;32;HAUTS-DE-FRANCE;59;NORD;59564;La Sentinelle;30;Risque minier;33;Emissions en surface de gaz de mine;;;FAUX;;FAUX;;2014-11-17;;;;;2018-07-06;;;Opposable;2020-01-01;Approuvé;2020-01-01;2025-03-26
PPRM;Plan de Prévention des Risques Miniers;22DDTM20130001;PPRM de Trémuson;Direction départementale des territoires et de la mer;Ancienne mine de Trémuson;;;53;BRETAGNE;22;COTES-D'ARMOR;22234;Plouvara;30;Risque minier;31;Affaissement minier;313;Affaissements progressifs;FAUX;;FAUX;;2008-08-11;;;;;2021-10-06;;;Opposable;2020-01-01;Approuvé;2020-01-01;2025-02-19
PPRM;Plan de Prévention des Risques Miniers;PPRM_2022_0002;PPRM - ONDAINE;Direction départementale des territoires;;;;;;42;LOIRE;42270;Saint-Paul-en-Cornillon;30;Risque minier;31;Affaissement minier;315;Glissements ou mouvements de pente;FAUX;;FAUX;;2022-08-17;2025-03-03;2025-04-11;;;2025-06-30;;;Opposable;2020-01-01;Approuvé;2020-01-01;2025-07-22
PPRM;Plan de Prévention des Risques Miniers;62DDTM20150001;PPRm du BETHUNOIS;Direction départementale des territoires et de la mer;Béthunois;;;32;HAUTS-DE-FRANCE;62;PAS-DE-CALAIS;62048;Auchel;30;Risque minier;31;Affaissement minier;313;Affaissements progressifs;FAUX;;FAUX;;2015-06-10;;;;;2017-11-17;;;Opposable;2020-01-01;Approuvé;2020-01-01;2021-02-24
PPRM;Plan de Prévention des Risques Miniers;PPRM_2022_0002;PPRM - ONDAINE;Direction départementale des territoires;;;;;;42;LOIRE;42099;Fraisses;30;Risque minier;33;Emissions en surface de gaz de mine;;;FAUX;;FAUX;;2022-08-17;2025-03-03;2025-04-11;;;2025-06-30;;;Opposable;2020-01-01;Approuvé;2020-01-01;2025-07-22
PPRM;Plan de Prévention des Risques Miniers;42DDT20160002;PPRM VALLEE DE L'ONDAINE;Direction départementale des territoires;ONDAINE;;;84;AUVERGNE-RHONE-ALPES;42;LOIRE;42223;Saint-Genest-Lerpt;30;Risque minier;31;Affaissement minier;315;Glissements ou mouvements de pente;FAUX;;FAUX;;2016-03-15;2018-01-22;2018-02-27;;;2018-07-11;2023-02-05;;Caduque;2020-01-01;Annulé;2020-01-01;2023-02-02
PPRM;Plan de Prévention des Risques Miniers;38DDT20180001;PPRM du Plateau Matheysin;Direction départementale des territoires;;;;84;AUVERGNE-RHONE-ALPES;38;ISERE;38304;Pierre-Châtel;30;Risque minier;33;Emissions en surface de gaz de mine;;;FAUX;;FAUX;;2007-12-10;2018-12-05;2019-01-19;;;2019-06-11;;;Opposable;2020-01-01;Approuvé;2020-01-01;2025-04-11
PPRM;Plan de Prévention des Risques Miniers;07DDT20150008;LARGENTIERE PPR Minier;Direction départementale des territoires;CHASSIERS LARGENTIERE MONTREAL;;;84;AUVERGNE-RHONE-ALPES;07;ARDECHE;07162;Montréal;30;Risque minier;31;Affaissement minier;311;Effondrements généralisés;FAUX;;FAUX;;2015-11-17;2018-02-05;2018-03-07;;;2018-07-10;;;Opposable;2020-01-01;Approuvé;2020-01-01;2025-04-04
PPRM;Plan de Prévention des Risques Miniers;38DDT20180001;PPRM du Plateau Matheysin;Direction départementale des territoires;;;;84;AUVERGNE-RHONE-ALPES;38;ISERE;38462;Saint-Théoffrey;30;Risque minier;31;Affaissement minier;315;Glissements ou mouvements de pente;FAUX;;FAUX;;2007-12-10;2018-12-05;2019-01-19;;;2019-06-11;;;Opposable;2020-01-01;Approuvé;2020-01-01;2025-04-11
PPRM;Plan de Prévention des Risques Miniers;54DDT20140006;PPRM VILLERUPT;Direction départementale des territoires;;;;44;GRAND EST;54;MEURTHE-ET-MOSELLE;54580;Villerupt;30;Risque minier;31;Affaissement minier;314;Tassements;FAUX;;FAUX;;2012-08-03;;;;;2013-03-26;;;Opposable;2020-01-01;Approuvé;2020-01-01;2025-02-27
PPRM;Plan de Prévention des Risques Miniers;62DDTM20150002;PPRm du LENSOIS;Direction départementale des territoires et de la mer;Lensois;;;32;HAUTS-DE-FRANCE;62;PAS-DE-CALAIS;62427;Hénin-Beaumont;30;Risque minier;31;Affaissement minier;314;Tassements;FAUX;;FAUX;;2015-06-10;;;;;2017-11-17;;;Opposable;2020-01-01;Approuvé;2020-01-01;2022-03-04
PPRM;Plan de Prévention des Risques Miniers;55DDT20130002;PPRm;Direction départementale des territoires;Bassin Ferrifère;;;44;GRAND EST;55;MEUSE;55063;Bouligny;30;Risque minier;31;Affaissement minier;312;Effondrements localisés;FAUX;;FAUX;;2006-05-09;2009-03-04;2009-04-04;;;2009-12-22;;;Opposable;2020-01-01;Approuvé;2020-01-01;2025-02-10
PPRM;Plan de Prévention des Risques Miniers;12DDT20120002;PPRM du bassin de Decazeville;Direction départementale des territoires;;;;76;OCCITANIE;12;AVEYRON;12100;Firmi;30;Risque minier;31;Affaissement minier;314;Tassements;FAUX;;FAUX;;2012-12-21;;;;;2017-06-19;;;Opposable;2020-01-01;Approuvé;2020-01-01;2025-02-07
PPRM;Plan de Prévention des Risques Miniers;22DDTM20130001;PPRM de Trémuson;Direction départementale des territoires et de la mer;Ancienne mine de Trémuson;;;53;BRETAGNE;22;COTES-D'ARMOR;22182;Plélo;30;Risque minier;31;Affaissement minier;313;Affaissements progressifs;FAUX;;FAUX;;2008-08-11;;;;;2021-10-06;;;Opposable;2020-01-01;Approuvé;2020-01-01;2025-02-19
PPRM;Plan de Prévention des Risques Miniers;PPRM_2025_0001;PPRM - modification - Doyet - Bezenet - Montvicq;Direction départementale des territoires;;;;;;03;ALLIER;03104;Doyet;30;Risque minier;31;Affaissement minier;314;Tassements;VRAI;03DDT20120001;FAUX;;2024-08-09;;;;;2024-12-18;;;Opposable;2020-01-01;Approuvé;2020-01-01;2024-08-09
PPRM;Plan de Prévention des Risques Miniers;38DDT20180001;PPRM du Plateau Matheysin;Direction départementale des territoires;;;;84;AUVERGNE-RHONE-ALPES;38;ISERE;38266;La Motte-Saint-Martin;30;Risque minier;32;Inondations de terrains miniers;321;Pollution des eaux souterraines et de surface;FAUX;;FAUX;;2007-12-10;2018-12-05;2019-01-19;;;2019-06-11;;;Opposable;2020-01-01;Approuvé;2020-01-01;2025-04-11
PPRM;Plan de Prévention des Risques Miniers;13DDTM20200183;PPR-Hybride - [ Minier & MVT - Carrières souterraines ] Gréasque 2025;Direction départementale des territoires et de la mer;;;;93;PROVENCE-ALPES-COTE D'AZUR;13;BOUCHES-DU-RHONE;13046;Gréasque;30;Risque minier;31;Affaissement minier;315;Glissements ou mouvements de pente;VRAI;13DDTM20020153;FAUX;;2020-07-22;;;;;2025-02-19;;;Opposable;2020-01-01;Approuvé;2020-01-01;2025-04-01
PPRM;Plan de Prévention des Risques Miniers;54DDT20140038;PPRM Secteur de Longwy;Direction départementale des territoires;;;;44;GRAND EST;54;MEURTHE-ET-MOSELLE;54323;Longwy;30;Risque minier;31;Affaissement minier;314;Tassements;FAUX;;FAUX;;2008-01-10;;;;;2012-01-24;;;Opposable;2020-01-01;Approuvé;2020-01-01;2025-02-27
PPRM;Plan de Prévention des Risques Miniers;54DDT20140007;PPRM Secteur de Piennes;Direction départementale des territoires;;;;44;GRAND EST;54;MEURTHE-ET-MOSELLE;54425;Piennes;30;Risque minier;31;Affaissement minier;312;Effondrements localisés;FAUX;;FAUX;;2012-11-26;2013-02-08;2013-03-11;;;2013-08-29;;;Opposable;2020-01-01;Approuvé;2020-01-01;2025-02-27
PPRM;Plan de Prévention des Risques Miniers;38DDT20180002;PPRM de Saint-Didier-de-la-Tour;Direction départementale des territoires;;;;84;AUVERGNE-RHONE-ALPES;38;ISERE;38508;Torchefelon;30;Risque minier;31;Affaissement minier;312;Effondrements localisés;FAUX;;FAUX;;2012-08-02;;;;;2022-02-16;;;Opposable;2020-01-01;Approuvé;2020-01-01;2025-03-06
PPRM;Plan de Prévention des Risques Miniers;13DDTM20200183;PPR-Hybride - [ Minier & MVT - Carrières souterraines ] Gréasque 2025;Direction départementale des territoires et de la mer;;;;93;PROVENCE-ALPES-COTE D'AZUR;13;BOUCHES-DU-RHONE;13046;Gréasque;30;Risque minier;31;Affaissement minier;311;Effondrements généralisés;VRAI;13DDTM20020153;FAUX;;2020-07-22;;;;;2025-02-19;;;Opposable;2020-01-01;Approuvé;2020-01-01;2025-04-01
PPRM;Plan de Prévention des Risques Miniers;59DDTM20140004;PPRM Denaisis;Direction départementale des territoires et de la mer;;;;32;HAUTS-DE-FRANCE;59;NORD;59292;Haveluy;30;Risque minier;31;Affaissement minier;312;Effondrements localisés;FAUX;;FAUX;;2014-11-17;;;;;2018-07-06;;;Opposable;2020-01-01;Approuvé;2020-01-01;2025-03-26
PPRM;Plan de Prévention des Risques Miniers;42DDT20130002;PPRM DE LA VALLEE DU GIER;Direction départementale des territoires;GIER;;;84;AUVERGNE-RHONE-ALPES;42;LOIRE;42307;Tartaras;30;Risque minier;34;Echauffement des terrains de dépôts;;;FAUX;;FAUX;;2014-10-15;2018-12-10;2019-01-25;;;2019-03-29;;;Opposable;2020-01-01;Approuvé;2020-01-01;2025-01-21
PPRM;Plan de Prévention des Risques Miniers;PPRM_2022_0002;PPRM - ONDAINE;Direction départementale des territoires;;;;;;42;LOIRE;42223;Saint-Genest-Lerpt;30;Risque minier;33;Emissions en surface de gaz de mine;;;FAUX;;FAUX;;2022-08-17;2025-03-03;2025-04-11;;;2025-06-30;;;Opposable;2020-01-01;Approuvé;2020-01-01;2025-07-22
PPRM;Plan de Prévention des Risques Miniers;57DDT20100003;PPRM-Bassin Nord révision;Direction départementale des territoires;Bassin ferrifère;;;44;GRAND EST;57;MOSELLE;57041;Aumetz;30;Risque minier;31;Affaissement minier;314;Tassements;VRAI;57DDT20100002;VRAI;PPRM_2022_0001;2007-02-19;;;;;2011-09-30;;2022-11-15;Caduque;2020-01-01;Abrogé;2020-01-01;2022-12-20
PPRM;Plan de Prévention des Risques Miniers;57DDT20200011;PPRM-Bassin Belval 3ème révision;Direction départementale des territoires;;;;44;GRAND EST;57;MOSELLE;57565;Rédange;30;Risque minier;31;Affaissement minier;312;Effondrements localisés;VRAI;57DDT20150001;FAUX;;2020-07-09;;;;;2021-12-22;;;Opposable;2020-01-01;Approuvé;2020-01-01;2025-01-09
PPRM;Plan de Prévention des Risques Miniers;42DDT20130002;PPRM DE LA VALLEE DU GIER;Direction départementale des territoires;GIER;;;84;AUVERGNE-RHONE-ALPES;42;LOIRE;42207;Saint-Chamond;30;Risque minier;34;Echauffement des terrains de dépôts;;;FAUX;;FAUX;;2014-10-15;2018-12-10;2019-01-25;;;2019-03-29;;;Opposable;2020-01-01;Approuvé;2020-01-01;2025-01-21
PPRM;Plan de Prévention des Risques Miniers;14DDTM20110007;PPR bassin minier de Soumont Saint Quentin;Direction départementale des territoires et de la mer;Mines de Soumont;;;28;NORMANDIE;14;CALVADOS;14589;Saint-Germain-le-Vasson;30;Risque minier;31;Affaissement minier;312;Effondrements localisés;FAUX;;FAUX;;2005-11-14;2008-06-27;2008-06-27;;;2009-01-06;;;Opposable;2020-01-01;Approuvé;2020-01-01;2025-04-14
PPRM;Plan de Prévention des Risques Miniers;07DDT20150008;LARGENTIERE PPR Minier;Direction départementale des territoires;CHASSIERS LARGENTIERE MONTREAL;;;84;AUVERGNE-RHONE-ALPES;07;ARDECHE;07132;Largentière;30;Risque minier;31;Affaissement minier;311;Effondrements généralisés;FAUX;;FAUX;;2015-11-17;2018-02-05;2018-03-07;;;2018-07-10;;;Opposable;2020-01-01;Approuvé;2020-01-01;2025-04-04
PPRM;Plan de Prévention des Risques Miniers;54DDT20140013;PPRM Secteur de Trieux;Direction départementale des territoires;;;;44;GRAND EST;54;MEURTHE-ET-MOSELLE;54015;Anderny;30;Risque minier;31;Affaissement minier;312;Effondrements localisés;FAUX;;FAUX;;2012-11-26;2013-02-01;2013-03-27;;;2013-07-12;;;Opposable;2020-01-01;Approuvé;2020-01-01;2025-02-27
PPRM;Plan de Prévention des Risques Miniers;54DDT20140041;PPRM Secteur BRIEY;Direction départementale des territoires;Miniers;;;44;GRAND EST;54;MEURTHE-ET-MOSELLE;54371;Moineville;30;Risque minier;31;Affaissement minier;313;Affaissements progressifs;VRAI;54DDT20140031;VRAI;54DDT20190001;2014-03-12;;;;;2016-08-23;;;Opposable;2020-01-01;Approuvé;2020-01-01;2025-02-27
PPRM;Plan de Prévention des Risques Miniers;57DDT20150003;PPRM-Orne modification;Direction départementale des territoires;Bassin ferrifère;;;44;GRAND EST;57;MOSELLE;57597;Rosselange;30;Risque minier;31;Affaissement minier;312;Effondrements localisés;VRAI;57DDT20100010;FAUX;;2015-08-24;;;;;2016-04-04;;;Opposable;2020-01-01;Approuvé;2020-01-01;2025-01-09
PPRM;Plan de Prévention des Risques Miniers;57DDT20150003;PPRM-Orne modification;Direction départementale des territoires;Bassin ferrifère;;;44;GRAND EST;57;MOSELLE;57591;Rombas;30;Risque minier;31;Affaissement minier;313;Affaissements progressifs;VRAI;57DDT20100010;FAUX;;2015-08-24;;;;;2016-04-04;;;Opposable;2020-01-01;Approuvé;2020-01-01;2025-01-09
;;57DDT20100011;PPRM-Moyeuvre Petite;;Bassin ferrifère;;;;;;;57492;Moyeuvre-Petite;30;Risque minier;31;Affaissement minier;314;Tassements;FAUX;;FAUX;;2006-10-17;;;;;2009-06-11;;;;;;;2014-03-28
PPRM;Plan de Prévention des Risques Miniers;42DDT20160002;PPRM VALLEE DE L'ONDAINE;Direction départementale des territoires;ONDAINE;;;84;AUVERGNE-RHONE-ALPES;42;LOIRE;42223;Saint-Genest-Lerpt;30;Risque minier;34;Echauffement des terrains de dépôts;;;FAUX;;FAUX;;2016-03-15;2018-01-22;2018-02-27;;;2018-07-11;2023-02-05;;Caduque;2020-01-01;Annulé;2020-01-01;2023-02-02
;;57DDT20100011;PPRM-Moyeuvre Petite;;Bassin ferrifère;;;;;;;57492;Moyeuvre-Petite;30;Risque minier;31;Affaissement minier;313;Affaissements progressifs;FAUX;;FAUX;;2006-10-17;;;;;2009-06-11;;;;;;;2014-03-28
PPRM;Plan de Prévention des Risques Miniers;54DDT20140031;PPRM Secteur de Briey;Direction départementale des territoires;;;;44;GRAND EST;54;MEURTHE-ET-MOSELLE;54280;Jœuf;30;Risque minier;31;Affaissement minier;312;Effondrements localisés;FAUX;;VRAI;54DDT20140041;2007-07-31;;;;;2009-11-24;;2016-08-23;Caduque;2020-01-01;Abrogé;2020-01-01;2025-02-27
PPRM;Plan de Prévention des Risques Miniers;38DDT20180001;PPRM du Plateau Matheysin;Direction départementale des territoires;;;;84;AUVERGNE-RHONE-ALPES;38;ISERE;38304;Pierre-Châtel;30;Risque minier;34;Echauffement des terrains de dépôts;;;FAUX;;FAUX;;2007-12-10;2018-12-05;2019-01-19;;;2019-06-11;;;Opposable;2020-01-01;Approuvé;2020-01-01;2025-04-11
PPRM;Plan de Prévention des Risques Miniers;42DDT20130002;PPRM DE LA VALLEE DU GIER;Direction départementale des territoires;GIER;;;84;AUVERGNE-RHONE-ALPES;42;LOIRE;42242;Saint-Joseph;30;Risque minier;31;Affaissement minier;312;Effondrements localisés;FAUX;;FAUX;;2014-10-15;2018-12-10;2019-01-25;;;2019-03-29;;;Opposable;2020-01-01;Approuvé;2020-01-01;2025-01-21
PPRM;Plan de Prévention des Risques Miniers;42DDT20160001;PPRM  St ETIENNE;Direction départementale des territoires;St ETIENNE;;;84;AUVERGNE-RHONE-ALPES;42;LOIRE;42218;Saint-Étienne;30;Risque minier;34;Echauffement des terrains de dépôts;;;FAUX;;FAUX;;2016-05-03;;;;;2018-02-05;;;Opposable;2020-01-01;Approuvé;2020-01-01;2025-01-21
PPRM;Plan de Prévention des Risques Miniers;42DDT20170001;PPRM NORD ET EST St ETIENNE;Direction départementale des territoires;St ETIENNE;;;84;AUVERGNE-RHONE-ALPES;42;LOIRE;42305;La Talaudière;30;Risque minier;34;Echauffement des terrains de dépôts;;;FAUX;;FAUX;;2012-04-30;2016-03-29;2016-04-29;;;2016-09-08;;;Opposable;2020-01-01;Approuvé;2020-01-01;2025-01-21
PPRM;Plan de Prévention des Risques Miniers;12DDT20120002;PPRM du bassin de Decazeville;Direction départementale des territoires;;;;76;OCCITANIE;12;AVEYRON;12016;Auzits;30;Risque minier;31;Affaissement minier;313;Affaissements progressifs;FAUX;;FAUX;;2012-12-21;;;;;2017-06-19;;;Opposable;2020-01-01;Approuvé;2020-01-01;2025-02-07
PPRM;Plan de Prévention des Risques Miniers;59DDTM20140003;PPRM Pays de Conde;Direction départementale des territoires et de la mer;;;;32;HAUTS-DE-FRANCE;59;NORD;59616;Vieux-Condé;30;Risque minier;31;Affaissement minier;313;Affaissements progressifs;FAUX;;FAUX;;2014-11-17;;;;;2018-07-06;;;Opposable;2020-01-01;Approuvé;2020-01-01;2025-03-26
PPRM;Plan de Prévention des Risques Miniers;42DDT20170001;PPRM NORD ET EST St ETIENNE;Direction départementale des territoires;St ETIENNE;;;84;AUVERGNE-RHONE-ALPES;42;LOIRE;42237;Saint-Jean-Bonnefonds;30;Risque minier;34;Echauffement des terrains de dépôts;;;FAUX;;FAUX;;2012-04-30;2016-03-29;2016-04-29;;;2016-09-08;;;Opposable;2020-01-01;Approuvé;2020-01-01;2025-01-21
PPRM;Plan de Prévention des Risques Miniers;12DDT20120002;PPRM du bassin de Decazeville;Direction départementale des territoires;;;;76;OCCITANIE;12;AVEYRON;12305;Viviez;30;Risque minier;31;Affaissement minier;313;Affaissements progressifs;FAUX;;FAUX;;2012-12-21;;;;;2017-06-19;;;Opposable;2020-01-01;Approuvé;2020-01-01;2025-02-07
PPRM;Plan de Prévention des Risques Miniers;57DDT20140003;PPRM-Hayange;Direction départementale des territoires;Bassin ferrifère;;;44;GRAND EST;57;MOSELLE;57306;Hayange;30;Risque minier;31;Affaissement minier;314;Tassements;FAUX;;VRAI;57DDT20140004;2005-02-04;2010-09-07;2010-10-08;;;2011-01-21;;2014-09-04;Caduque;2020-01-01;Abrogé;2020-01-01;2025-01-09
PPRM;Plan de Prévention des Risques Miniers;13DDTM20190175;PPR Minier - Peypin 2022;Direction départementale des territoires et de la mer;;;;93;PROVENCE-ALPES-COTE D'AZUR;13;BOUCHES-DU-RHONE;13073;Peypin;30;Risque minier;31;Affaissement minier;311;Effondrements généralisés;FAUX;;FAUX;;2019-10-07;;;;;2022-04-15;;;Opposable;2020-01-01;Approuvé;2020-01-01;2025-04-24
PPRM;Plan de Prévention des Risques Miniers;PPRM_2022_0002;PPRM - ONDAINE;Direction départementale des territoires;;;;;;42;LOIRE;42218;Saint-Étienne;30;Risque minier;34;Echauffement des terrains de dépôts;;;FAUX;;FAUX;;2022-08-17;2025-03-03;2025-04-11;;;2025-06-30;;;Opposable;2020-01-01;Approuvé;2020-01-01;2025-07-22
PPRM;Plan de Prévention des Risques Miniers;12DDT20120002;PPRM du bassin de Decazeville;Direction départementale des territoires;;;;76;OCCITANIE;12;AVEYRON;12013;Aubin;30;Risque minier;31;Affaissement minier;315;Glissements ou mouvements de pente;FAUX;;FAUX;;2012-12-21;;;;;2017-06-19;;;Opposable;2020-01-01;Approuvé;2020-01-01;2025-02-07
PPRM;Plan de Prévention des Risques Miniers;57DDT20200011;PPRM-Bassin Belval 3ème révision;Direction départementale des territoires;;;;44;GRAND EST;57;MOSELLE;57603;Russange;30;Risque minier;31;Affaissement minier;312;Effondrements localisés;VRAI;57DDT20150001;FAUX;;2020-07-09;;;;;2021-12-22;;;Opposable;2020-01-01;Approuvé;2020-01-01;2025-01-09
PPRM;Plan de Prévention des Risques Miniers;42DDT20160002;PPRM VALLEE DE L'ONDAINE;Direction départementale des territoires;ONDAINE;;;84;AUVERGNE-RHONE-ALPES;42;LOIRE;42223;Saint-Genest-Lerpt;30;Risque minier;31;Affaissement minier;312;Effondrements localisés;FAUX;;FAUX;;2016-03-15;2018-01-22;2018-02-27;;;2018-07-11;2023-02-05;;Caduque;2020-01-01;Annulé;2020-01-01;2023-02-02
PPRM;Plan de Prévention des Risques Miniers;54DDT20140038;PPRM Secteur de Longwy;Direction départementale des territoires;;;;44;GRAND EST;54;MEURTHE-ET-MOSELLE;54261;Herserange;30;Risque minier;31;Affaissement minier;312;Effondrements localisés;FAUX;;FAUX;;2008-01-10;;;;;2012-01-24;;;Opposable;2020-01-01;Approuvé;2020-01-01;2025-02-27
PPRM;Plan de Prévention des Risques Miniers;59DDTM20140003;PPRM Pays de Conde;Direction départementale des territoires et de la mer;;;;32;HAUTS-DE-FRANCE;59;NORD;59301;Hergnies;30;Risque minier;31;Affaissement minier;315;Glissements ou mouvements de pente;FAUX;;FAUX;;2014-11-17;;;;;2018-07-06;;;Opposable;2020-01-01;Approuvé;2020-01-01;2025-03-26
PPRM;Plan de Prévention des Risques Miniers;73PREF20160034;PPRM-La Plagne Tarentaise Aime ;Préfecture;;;;84;AUVERGNE-RHONE-ALPES;73;SAVOIE;73150;La Plagne Tarentaise;30;Risque minier;34;Echauffement des terrains de dépôts;;;FAUX;;FAUX;;2012-12-28;;;;;2014-12-18;;;Opposable;2020-01-01;Approuvé;2020-01-01;2025-03-14
PPRM;Plan de Prévention des Risques Miniers;55DDT20130002;PPRm;Direction départementale des territoires;Bassin Ferrifère;;;44;GRAND EST;55;MEUSE;55182;Éton;30;Risque minier;31;Affaissement minier;315;Glissements ou mouvements de pente;FAUX;;FAUX;;2006-05-09;2009-03-04;2009-04-04;;;2009-12-22;;;Opposable;2020-01-01;Approuvé;2020-01-01;2025-02-10
PPRM;Plan de Prévention des Risques Miniers;73PREF20160034;PPRM-La Plagne Tarentaise Aime ;Préfecture;;;;84;AUVERGNE-RHONE-ALPES;73;SAVOIE;73006;Aime-la-Plagne;30;Risque minier;31;Affaissement minier;315;Glissements ou mouvements de pente;FAUX;;FAUX;;2012-12-28;;;;;2014-12-18;;;Opposable;2020-01-01;Approuvé;2020-01-01;2025-03-14
PPRM;Plan de Prévention des Risques Miniers;42DDT20160002;PPRM VALLEE DE L'ONDAINE;Direction départementale des territoires;ONDAINE;;;84;AUVERGNE-RHONE-ALPES;42;LOIRE;42044;Le Chambon-Feugerolles;30;Risque minier;34;Echauffement des terrains de dépôts;;;FAUX;;FAUX;;2016-03-15;2018-01-22;2018-02-27;;;2018-07-11;2023-02-05;;Caduque;2020-01-01;Annulé;2020-01-01;2023-02-02
PPRM;Plan de Prévention des Risques Miniers;42DDT20170001;PPRM NORD ET EST St ETIENNE;Direction départementale des territoires;St ETIENNE;;;84;AUVERGNE-RHONE-ALPES;42;LOIRE;42275;Saint-Priest-en-Jarez;30;Risque minier;34;Echauffement des terrains de dépôts;;;FAUX;;FAUX;;2012-04-30;2016-03-29;2016-04-29;;;2016-09-08;;;Opposable;2020-01-01;Approuvé;2020-01-01;2025-01-21
PPRM;Plan de Prévention des Risques Miniers;38DDT20180001;PPRM du Plateau Matheysin;Direction départementale des territoires;;;;84;AUVERGNE-RHONE-ALPES;38;ISERE;38361;Saint-Arey;30;Risque minier;31;Affaissement minier;312;Effondrements localisés;FAUX;;FAUX;;2007-12-10;2018-12-05;2019-01-19;;;2019-06-11;;;Opposable;2020-01-01;Approuvé;2020-01-01;2025-04-11
PPRM;Plan de Prévention des Risques Miniers;23DDT20130001;PPRM Bassin houiller d'Ahun;Direction départementale des territoires;;;;75;NOUVELLE-AQUITAINE;23;CREUSE;23138;Moutier-d'Ahun;30;Risque minier;31;Affaissement minier;314;Tassements;FAUX;;FAUX;;2000-11-14;2011-04-11;2011-05-27;;;2012-05-11;;;Opposable;2020-01-01;Approuvé;2020-01-01;2025-01-27
PPRM;Plan de Prévention des Risques Miniers;23DDT20130001;PPRM Bassin houiller d'Ahun;Direction départementale des territoires;;;;75;NOUVELLE-AQUITAINE;23;CREUSE;23105;Lavaveix-les-Mines;30;Risque minier;31;Affaissement minier;312;Effondrements localisés;FAUX;;FAUX;;2000-11-14;2011-04-11;2011-05-27;;;2012-05-11;;;Opposable;2020-01-01;Approuvé;2020-01-01;2025-01-27
PPRM;Plan de Prévention des Risques Miniers;12DDT20120002;PPRM du bassin de Decazeville;Direction départementale des territoires;;;;76;OCCITANIE;12;AVEYRON;12100;Firmi;30;Risque minier;31;Affaissement minier;317;Ecroulements rocheux;FAUX;;FAUX;;2012-12-21;;;;;2017-06-19;;;Opposable;2020-01-01;Approuvé;2020-01-01;2025-02-07
PPRM;Plan de Prévention des Risques Miniers;59DDTM20140005;PPRM couronne de Valenciennes;Direction départementale des territoires et de la mer;;;;32;HAUTS-DE-FRANCE;59;NORD;59564;La Sentinelle;30;Risque minier;31;Affaissement minier;313;Affaissements progressifs;FAUX;;FAUX;;2014-11-17;;;;;2018-07-06;;;Opposable;2020-01-01;Approuvé;2020-01-01;2025-03-26
PPRM;Plan de Prévention des Risques Miniers;42DDT20160002;PPRM VALLEE DE L'ONDAINE;Direction départementale des territoires;ONDAINE;;;84;AUVERGNE-RHONE-ALPES;42;LOIRE;42189;Roche-la-Molière;30;Risque minier;31;Affaissement minier;315;Glissements ou mouvements de pente;FAUX;;FAUX;;2016-03-15;2018-01-22;2018-02-27;;;2018-07-11;2023-02-05;;Caduque;2020-01-01;Annulé;2020-01-01;2023-02-02
PPRM;Plan de Prévention des Risques Miniers;57DDT20100003;PPRM-Bassin Nord révision;Direction départementale des territoires;Bassin ferrifère;;;44;GRAND EST;57;MOSELLE;57586;Rochonvillers;30;Risque minier;31;Affaissement minier;314;Tassements;VRAI;57DDT20100002;VRAI;PPRM_2022_0001;2007-02-19;;;;;2011-09-30;;2022-11-15;Caduque;2020-01-01;Abrogé;2020-01-01;2022-12-20
PPRM;Plan de Prévention des Risques Miniers;PPRM_2024_0001;PPRM - Mines de fer du pourtour d'Angers ;Direction régionale de l'environnement, de l'aménagement et du logement;;;;;;49;MAINE-ET-LOIRE;49007;Angers;30;Risque minier;31;Affaissement minier;312;Effondrements localisés;FAUX;;FAUX;;2023-05-22;;;;;;;;Prescrit;2020-01-01;Prescrit;2020-01-01;2025-03-18
PPRM;Plan de Prévention des Risques Miniers;57DDT20100003;PPRM-Bassin Nord révision;Direction départementale des territoires;Bassin ferrifère;;;44;GRAND EST;57;MOSELLE;57022;Angevillers;30;Risque minier;31;Affaissement minier;312;Effondrements localisés;VRAI;57DDT20100002;VRAI;PPRM_2022_0001;2007-02-19;;;;;2011-09-30;;2022-11-15;Caduque;2020-01-01;Abrogé;2020-01-01;2022-12-20
PPRM;Plan de Prévention des Risques Miniers;57DDT20150003;PPRM-Orne modification;Direction départementale des territoires;Bassin ferrifère;;;44;GRAND EST;57;MOSELLE;57019;Amnéville;30;Risque minier;31;Affaissement minier;314;Tassements;VRAI;57DDT20100010;FAUX;;2015-08-24;;;;;2016-04-04;;;Opposable;2020-01-01;Approuvé;2020-01-01;2025-01-09
PPRM;Plan de Prévention des Risques Miniers;63DDT20140005;PPRminiers de Brassac les Mines;Direction départementale des territoires;de Brassac les Mines;;;84;AUVERGNE-RHONE-ALPES;63;PUY-DE-DOME;63091;Charbonnier-les-Mines;30;Risque minier;34;Echauffement des terrains de dépôts;;;FAUX;;FAUX;;2014-07-16;;;;;2017-09-11;;;Opposable;2020-01-01;Approuvé;2020-01-01;2025-02-11
PPRM;Plan de Prévention des Risques Miniers;PPRM_2022_0002;PPRM - ONDAINE;Direction départementale des territoires;;;;;;42;LOIRE;42223;Saint-Genest-Lerpt;30;Risque minier;31;Affaissement minier;312;Effondrements localisés;FAUX;;FAUX;;2022-08-17;2025-03-03;2025-04-11;;;2025-06-30;;;Opposable;2020-01-01;Approuvé;2020-01-01;2025-07-22
PPRM;Plan de Prévention des Risques Miniers;14DDTM20110007;PPR bassin minier de Soumont Saint Quentin;Direction départementale des territoires et de la mer;Mines de Soumont;;;28;NORMANDIE;14;CALVADOS;14719;Urville;30;Risque minier;31;Affaissement minier;312;Effondrements localisés;FAUX;;FAUX;;2005-11-14;2008-06-27;2008-06-27;2009-07-03;;2009-01-06;;;Opposable;2020-01-01;Approuvé;2020-01-01;2025-04-14
PPRM;Plan de Prévention des Risques Miniers;PPRM_2022_0001;PPRM - Bassin Nord 2ème révision;Direction départementale des territoires;;;;;;57;MOSELLE;57041;Aumetz;30;Risque minier;31;Affaissement minier;312;Effondrements localisés;VRAI;57DDT20100003;FAUX;;2021-09-20;;;;;2022-11-15;;;Opposable;2020-01-01;Approuvé;2020-01-01;2025-03-18
PPRM;Plan de Prévention des Risques Miniers;PPRM_2022_0002;PPRM - ONDAINE;Direction départementale des territoires;;;;;;42;LOIRE;42316;Unieux;30;Risque minier;31;Affaissement minier;315;Glissements ou mouvements de pente;FAUX;;FAUX;;2022-08-17;2025-03-03;2025-04-11;;;2025-06-30;;;Opposable;2020-01-01;Approuvé;2020-01-01;2025-07-22
PPRM;Plan de Prévention des Risques Miniers;23DDT20130001;PPRM Bassin houiller d'Ahun;Direction départementale des territoires;;;;75;NOUVELLE-AQUITAINE;23;CREUSE;23214;Saint-Martial-le-Mont;30;Risque minier;31;Affaissement minier;314;Tassements;FAUX;;FAUX;;2000-11-14;2011-04-11;2011-05-27;;;2012-05-11;;;Opposable;2020-01-01;Approuvé;2020-01-01;2025-01-27
PPRM;Plan de Prévention des Risques Miniers;22DDTM20130001;PPRM de Trémuson;Direction départementale des territoires et de la mer;Ancienne mine de Trémuson;;;53;BRETAGNE;22;COTES-D'ARMOR;22182;Plélo;30;Risque minier;31;Affaissement minier;312;Effondrements localisés;FAUX;;FAUX;;2008-08-11;;;;;2021-10-06;;;Opposable;2020-01-01;Approuvé;2020-01-01;2025-02-19
PPRM;Plan de Prévention des Risques Miniers;38DDT20180001;PPRM du Plateau Matheysin;Direction départementale des territoires;;;;84;AUVERGNE-RHONE-ALPES;38;ISERE;38280;Notre-Dame-de-Vaulx;30;Risque minier;31;Affaissement minier;314;Tassements;FAUX;;FAUX;;2007-12-10;2018-12-05;2019-01-19;;;2019-06-11;;;Opposable;2020-01-01;Approuvé;2020-01-01;2025-04-11
PPRM;Plan de Prévention des Risques Miniers;59DDTM20140004;PPRM Denaisis;Direction départementale des territoires et de la mer;;;;32;HAUTS-DE-FRANCE;59;NORD;59172;Denain;30;Risque minier;34;Echauffement des terrains de dépôts;;;FAUX;;FAUX;;2014-11-17;;;;;2018-07-06;;;Opposable;2020-01-01;Approuvé;2020-01-01;2025-03-26
PPRM;Plan de Prévention des Risques Miniers;14DDTM20110007;PPR bassin minier de Soumont Saint Quentin;Direction départementale des territoires et de la mer;Mines de Soumont;;;28;NORMANDIE;14;CALVADOS;14497;Perrières;30;Risque minier;31;Affaissement minier;312;Effondrements localisés;FAUX;;FAUX;;2005-11-14;2008-06-27;2008-06-27;;;2009-01-06;;;Opposable;2020-01-01;Approuvé;2020-01-01;2025-04-14
PPRM;Plan de Prévention des Risques Miniers;PPRM_2022_0001;PPRM - Bassin Nord 2ème révision;Direction départementale des territoires;;;;;;57;MOSELLE;57022;Angevillers;30;Risque minier;31;Affaissement minier;313;Affaissements progressifs;VRAI;57DDT20100003;FAUX;;2021-09-20;;;;;2022-11-15;;;Opposable;2020-01-01;Approuvé;2020-01-01;2025-03-18
PPRM;Plan de Prévention des Risques Miniers;23DDT20130001;PPRM Bassin houiller d'Ahun;Direction départementale des territoires;;;;75;NOUVELLE-AQUITAINE;23;CREUSE;23229;Saint-Pardoux-les-Cards;30;Risque minier;31;Affaissement minier;312;Effondrements localisés;FAUX;;FAUX;;2000-11-14;2011-04-11;2011-05-27;;;2012-05-11;;;Opposable;2020-01-01;Approuvé;2020-01-01;2025-01-27
PPRM;Plan de Prévention des Risques Miniers;54DDT20140041;PPRM Secteur BRIEY;Direction départementale des territoires;Miniers;;;44;GRAND EST;54;MEURTHE-ET-MOSELLE;54263;Homécourt;30;Risque minier;31;Affaissement minier;312;Effondrements localisés;VRAI;54DDT20140031;VRAI;54DDT20190001;2014-03-12;;;;;2016-08-23;;;Opposable;2020-01-01;Approuvé;2020-01-01;2025-02-27
PPRM;Plan de Prévention des Risques Miniers;13DDTM20200184;PPR Minier - Mimet 2024;Direction départementale des territoires et de la mer;;;;93;PROVENCE-ALPES-COTE D'AZUR;13;BOUCHES-DU-RHONE;13062;Mimet;30;Risque minier;34;Echauffement des terrains de dépôts;;;FAUX;;FAUX;;2020-10-14;;;;;2024-06-24;;;Opposable;2020-01-01;Approuvé;2020-01-01;2025-04-24
PPRM;Plan de Prévention des Risques Miniers;23DDT20130001;PPRM Bassin houiller d'Ahun;Direction départementale des territoires;;;;75;NOUVELLE-AQUITAINE;23;CREUSE;23229;Saint-Pardoux-les-Cards;30;Risque minier;33;Emissions en surface de gaz de mine;;;FAUX;;FAUX;;2000-11-14;2011-04-11;2011-05-27;;;2012-05-11;;;Opposable;2020-01-01;Approuvé;2020-01-01;2025-01-27
PPRM;Plan de Prévention des Risques Miniers;49DDT20110001;Anciennes mines de fer du bassin de Segré;Direction départementale des territoires;;;;52;PAYS DE LA LOIRE;49;MAINE-ET-LOIRE;49248;Ombrée d'Anjou;30;Risque minier;31;Affaissement minier;314;Tassements;FAUX;;FAUX;;2008-04-22;2009-02-13;2009-02-13;;;2009-06-26;;;Opposable;2020-01-01;Approuvé;2020-01-01;2025-01-06
PPRM;Plan de Prévention des Risques Miniers;54DDT20140001;PPRM Secteur de Jarny;Direction départementale des territoires;;;;44;GRAND EST;54;MEURTHE-ET-MOSELLE;54136;Conflans-en-Jarnisy;30;Risque minier;31;Affaissement minier;312;Effondrements localisés;VRAI;54DDT20080009;FAUX;;2012-08-03;2012-10-11;2012-11-12;;;2013-03-26;;;Opposable;2020-01-01;Approuvé;2020-01-01;2025-02-27
PPRM;Plan de Prévention des Risques Miniers;59DDTM20140005;PPRM couronne de Valenciennes;Direction départementale des territoires et de la mer;;;;32;HAUTS-DE-FRANCE;59;NORD;59014;Anzin;30;Risque minier;31;Affaissement minier;314;Tassements;FAUX;;FAUX;;2014-11-17;;;;;2018-07-06;;;Opposable;2020-01-01;Approuvé;2020-01-01;2025-03-26
PPRM;Plan de Prévention des Risques Miniers;54DDT20140031;PPRM Secteur de Briey;Direction départementale des territoires;;;;44;GRAND EST;54;MEURTHE-ET-MOSELLE;54099;Val de Briey;30;Risque minier;31;Affaissement minier;313;Affaissements progressifs;FAUX;;VRAI;54DDT20140041;2007-07-31;;;;;2009-11-24;;2016-08-23;Caduque;2020-01-01;Abrogé;2020-01-01;2025-02-27
PPRM;Plan de Prévention des Risques Miniers;38DDT20180002;PPRM de Saint-Didier-de-la-Tour;Direction départementale des territoires;;;;84;AUVERGNE-RHONE-ALPES;38;ISERE;38162;Faverges-de-la-Tour;30;Risque minier;33;Emissions en surface de gaz de mine;;;FAUX;;FAUX;;2012-08-02;;;;;2022-02-16;;;Opposable;2020-01-01;Approuvé;2020-01-01;2025-03-06
PPRM;Plan de Prévention des Risques Miniers;14DDTM20110007;PPR bassin minier de Soumont Saint Quentin;Direction départementale des territoires et de la mer;Mines de Soumont;;;28;NORMANDIE;14;CALVADOS;14090;Boulon;30;Risque minier;31;Affaissement minier;311;Effondrements généralisés;FAUX;;FAUX;;2005-11-14;2008-06-27;2008-06-27;;;2009-01-06;;;Opposable;2020-01-01;Approuvé;2020-01-01;2025-04-14
PPRM;Plan de Prévention des Risques Miniers;62DDTM20150001;PPRm du BETHUNOIS;Direction départementale des territoires et de la mer;Béthunois;;;32;HAUTS-DE-FRANCE;62;PAS-DE-CALAIS;62048;Auchel;30;Risque minier;34;Echauffement des terrains de dépôts;;;FAUX;;FAUX;;2015-06-10;;;;;2017-11-17;;;Opposable;2020-01-01;Approuvé;2020-01-01;2021-02-24
PPRM;Plan de Prévention des Risques Miniers;07DDT20140021;PRIVAS/VEYRAS PPR Minier;Direction départementale des territoires;;;;84;AUVERGNE-RHONE-ALPES;07;ARDECHE;07340;Veyras;30;Risque minier;31;Affaissement minier;312;Effondrements localisés;FAUX;;FAUX;;2014-12-12;2016-11-09;2016-12-09;;;2017-05-22;;;Opposable;2020-01-01;Approuvé;2020-01-01;2025-02-18
PPRM;Plan de Prévention des Risques Miniers;57DDT20100005;PPRM-Bassin Sud révision;Direction départementale des territoires;Bassin ferrifère;;;44;GRAND EST;57;MOSELLE;57622;Saint-Privat-la-Montagne;30;Risque minier;31;Affaissement minier;313;Affaissements progressifs;VRAI;57DDT20100004;VRAI;57DDT20140009;2007-02-19;;;;;2011-02-28;;2016-03-08;Caduque;2020-01-01;Abrogé;2020-01-01;2025-01-09
PPRM;Plan de Prévention des Risques Miniers;57DDT20100003;PPRM-Bassin Nord révision;Direction départementale des territoires;Bassin ferrifère;;;44;GRAND EST;57;MOSELLE;57226;Fontoy;30;Risque minier;31;Affaissement minier;312;Effondrements localisés;VRAI;57DDT20100002;VRAI;PPRM_2022_0001;2007-02-19;;;;;2011-09-30;;2022-11-15;Caduque;2020-01-01;Abrogé;2020-01-01;2022-12-20
PPRM;Plan de Prévention des Risques Miniers;81DDT20150001;PPR minier Bassin de Carmaux;Direction départementale des territoires;;;;76;OCCITANIE;81;TARN;81048;Cagnac-les-Mines;30;Risque minier;31;Affaissement minier;311;Effondrements généralisés;FAUX;;FAUX;;2008-10-15;2010-09-06;2010-10-08;;;2012-07-09;2015-12-30;;Caduque;2020-01-01;Annulé;2020-01-01;2016-02-25
PPRM;Plan de Prévention des Risques Miniers;57DDT20100003;PPRM-Bassin Nord révision;Direction départementale des territoires;Bassin ferrifère;;;44;GRAND EST;57;MOSELLE;57226;Fontoy;30;Risque minier;31;Affaissement minier;314;Tassements;VRAI;57DDT20100002;VRAI;PPRM_2022_0001;2007-02-19;;;;;2011-09-30;;2022-11-15;Caduque;2020-01-01;Abrogé;2020-01-01;2022-12-20
PPRM;Plan de Prévention des Risques Miniers;38DDT20180001;PPRM du Plateau Matheysin;Direction départementale des territoires;;;;84;AUVERGNE-RHONE-ALPES;38;ISERE;38265;La Motte-d'Aveillans;30;Risque minier;31;Affaissement minier;311;Effondrements généralisés;FAUX;;FAUX;;2007-12-10;2018-12-05;2019-01-19;;;2019-06-11;;;Opposable;2020-01-01;Approuvé;2020-01-01;2025-04-11
PPRM;Plan de Prévention des Risques Miniers;03DDT20120001;PPRM - Bezenet - Doyet -  Montvicqq;Direction départementale des territoires;;;;84;AUVERGNE-RHONE-ALPES;03;ALLIER;03027;Bézenet;30;Risque minier;31;Affaissement minier;314;Tassements;FAUX;;VRAI;PPRM_2025_0001;2012-01-23;;;;;2016-10-03;;2024-12-18;Caduque;2020-01-01;Abrogé;2020-01-01;2025-01-14
PPRM;Plan de Prévention des Risques Miniers;14DDTM20110008;PPR Mines de May sur Orne;Direction départementale des territoires et de la mer;Mines de May sur Orne;;;28;NORMANDIE;14;CALVADOS;14408;May-sur-Orne;30;Risque minier;31;Affaissement minier;311;Effondrements généralisés;FAUX;;FAUX;;2005-01-14;2021-02-08;2021-03-16;;;2021-08-10;;;Opposable;2020-01-01;Approuvé;2020-01-01;2025-03-31
PPRM;Plan de Prévention des Risques Miniers;54DDT20140031;PPRM Secteur de Briey;Direction départementale des territoires;;;;44;GRAND EST;54;MEURTHE-ET-MOSELLE;54263;Homécourt;30;Risque minier;31;Affaissement minier;313;Affaissements progressifs;FAUX;;VRAI;54DDT20140041;2007-07-31;;;;;2009-11-24;;2016-08-23;Caduque;2020-01-01;Abrogé;2020-01-01;2025-02-27
PPRM;Plan de Prévention des Risques Miniers;57DDT20150001;PPRM-Bassin Belval révision 2;Direction départementale des territoires;Bassin ferrifère;;;44;GRAND EST;57;MOSELLE;57565;Rédange;30;Risque minier;31;Affaissement minier;313;Affaissements progressifs;VRAI;57DDT20100007;VRAI;57DDT20200011;2015-04-17;;;;;2016-09-29;;2021-12-22;Caduque;2020-01-01;Abrogé;2020-01-01;2022-03-22
PPRM;Plan de Prévention des Risques Miniers;13DDTM20200185;PPR Minier - La Bouilladisse 2023;Direction départementale des territoires et de la mer;;;;93;PROVENCE-ALPES-COTE D'AZUR;13;BOUCHES-DU-RHONE;13016;La Bouilladisse;30;Risque minier;31;Affaissement minier;313;Affaissements progressifs;VRAI;13DDTM20020151;FAUX;;2020-07-22;;;;;2023-03-09;;;Opposable;2020-01-01;Approuvé;2020-01-01;2025-04-08
PPRM;Plan de Prévention des Risques Miniers;PPRM_2022_0001;PPRM - Bassin Nord 2ème révision;Direction départementale des territoires;;;;;;57;MOSELLE;57041;Aumetz;30;Risque minier;31;Affaissement minier;313;Affaissements progressifs;VRAI;57DDT20100003;FAUX;;2021-09-20;;;;;2022-11-15;;;Opposable;2020-01-01;Approuvé;2020-01-01;2025-03-18
PPRM;Plan de Prévention des Risques Miniers;59DDTM20140003;PPRM Pays de Conde;Direction départementale des territoires et de la mer;;;;32;HAUTS-DE-FRANCE;59;NORD;59153;Condé-sur-l'Escaut;30;Risque minier;33;Emissions en surface de gaz de mine;;;FAUX;;FAUX;;2014-11-17;;;;;2018-07-06;;;Opposable;2020-01-01;Approuvé;2020-01-01;2025-03-26
PPRM;Plan de Prévention des Risques Miniers;14DDTM20110007;PPR bassin minier de Soumont Saint Quentin;Direction départementale des territoires et de la mer;Mines de Soumont;;;28;NORMANDIE;14;CALVADOS;14476;Olendon;30;Risque minier;31;Affaissement minier;311;Effondrements généralisés;FAUX;;FAUX;;2005-11-14;2008-06-27;2008-06-27;;;2009-01-06;;;Opposable;2020-01-01;Approuvé;2020-01-01;2025-04-14
PPRM;Plan de Prévention des Risques Miniers;81DDT20150001;PPR minier Bassin de Carmaux;Direction départementale des territoires;;;;76;OCCITANIE;81;TARN;81244;Saint-Benoît-de-Carmaux;30;Risque minier;31;Affaissement minier;311;Effondrements généralisés;FAUX;;FAUX;;2008-10-15;2010-09-06;2010-10-08;;;2012-07-09;2015-12-30;;Caduque;2020-01-01;Annulé;2020-01-01;2016-02-25
PPRM;Plan de Prévention des Risques Miniers;38DDT20180002;PPRM de Saint-Didier-de-la-Tour;Direction départementale des territoires;;;;84;AUVERGNE-RHONE-ALPES;38;ISERE;38162;Faverges-de-la-Tour;30;Risque minier;31;Affaissement minier;312;Effondrements localisés;FAUX;;FAUX;;2012-08-02;;;;;2022-02-16;;;Opposable;2020-01-01;Approuvé;2020-01-01;2025-03-06
PPRM;Plan de Prévention des Risques Miniers;42DDT20130002;PPRM DE LA VALLEE DU GIER;Direction départementale des territoires;GIER;;;84;AUVERGNE-RHONE-ALPES;42;LOIRE;42110;L'Horme;30;Risque minier;31;Affaissement minier;314;Tassements;FAUX;;FAUX;;2014-10-15;2018-12-10;2019-01-25;;;2019-03-29;;;Opposable;2020-01-01;Approuvé;2020-01-01;2025-01-21
PPRM;Plan de Prévention des Risques Miniers;59DDTM20140003;PPRM Pays de Conde;Direction départementale des territoires et de la mer;;;;32;HAUTS-DE-FRANCE;59;NORD;59301;Hergnies;30;Risque minier;34;Echauffement des terrains de dépôts;;;FAUX;;FAUX;;2014-11-17;;;;;2018-07-06;;;Opposable;2020-01-01;Approuvé;2020-01-01;2025-03-26
PPRM;Plan de Prévention des Risques Miniers;57DDT20140008;PPRM-Moyeuvre Grande;Direction départementale des territoires;Bassin ferrifère;;;44;GRAND EST;57;MOSELLE;57491;Moyeuvre-Grande;30;Risque minier;31;Affaissement minier;313;Affaissements progressifs;VRAI;57DDT20100008;FAUX;;2014-05-26;;;;;2016-07-08;;;Opposable;2020-01-01;Approuvé;2020-01-01;2025-01-09
PPRM;Plan de Prévention des Risques Miniers;81DDT20150001;PPR minier Bassin de Carmaux;Direction départementale des territoires;;;;76;OCCITANIE;81;TARN;81048;Cagnac-les-Mines;30;Risque minier;31;Affaissement minier;315;Glissements ou mouvements de pente;FAUX;;FAUX;;2008-10-15;2010-09-06;2010-10-08;;;2012-07-09;2015-12-30;;Caduque;2020-01-01;Annulé;2020-01-01;2016-02-25
PPRM;Plan de Prévention des Risques Miniers;73PREF20160034;PPRM-La Plagne Tarentaise Aime ;Préfecture;;;;84;AUVERGNE-RHONE-ALPES;73;SAVOIE;73006;Aime-la-Plagne;30;Risque minier;31;Affaissement minier;311;Effondrements généralisés;FAUX;;FAUX;;2012-12-28;;;;;2014-12-18;;;Opposable;2020-01-01;Approuvé;2020-01-01;2025-03-14
PPRM;Plan de Prévention des Risques Miniers;59DDTM20140003;PPRM Pays de Conde;Direction départementale des territoires et de la mer;;;;32;HAUTS-DE-FRANCE;59;NORD;59153;Condé-sur-l'Escaut;30;Risque minier;31;Affaissement minier;313;Affaissements progressifs;FAUX;;FAUX;;2014-11-17;;;;;2018-07-06;;;Opposable;2020-01-01;Approuvé;2020-01-01;2025-03-26
PPRM;Plan de Prévention des Risques Miniers;62DDTM20150001;PPRm du BETHUNOIS;Direction départementale des territoires et de la mer;Béthunois;;;32;HAUTS-DE-FRANCE;62;PAS-DE-CALAIS;62270;Divion;30;Risque minier;33;Emissions en surface de gaz de mine;;;FAUX;;FAUX;;2015-06-10;;;;;2017-11-17;;;Opposable;2020-01-01;Approuvé;2020-01-01;2021-02-24
PPRM;Plan de Prévention des Risques Miniers;PPRM_2025_0001;PPRM - modification - Doyet - Bezenet - Montvicq;Direction départementale des territoires;;;;;;03;ALLIER;03027;Bézenet;30;Risque minier;31;Affaissement minier;315;Glissements ou mouvements de pente;VRAI;03DDT20120001;FAUX;;2024-08-09;;;;;2024-12-18;;;Opposable;2020-01-01;Approuvé;2020-01-01;2024-08-09
PPRM;Plan de Prévention des Risques Miniers;14DDTM20110007;PPR bassin minier de Soumont Saint Quentin;Direction départementale des territoires et de la mer;Mines de Soumont;;;28;NORMANDIE;14;CALVADOS;14240;Épaney;30;Risque minier;31;Affaissement minier;312;Effondrements localisés;FAUX;;FAUX;;2005-11-14;2008-06-27;2008-06-27;;;2009-01-06;;;Opposable;2020-01-01;Approuvé;2020-01-01;2025-04-14
PPRM;Plan de Prévention des Risques Miniers;38DDT20180002;PPRM de Saint-Didier-de-la-Tour;Direction départementale des territoires;;;;84;AUVERGNE-RHONE-ALPES;38;ISERE;38464;Saint-Victor-de-Cessieu;30;Risque minier;31;Affaissement minier;314;Tassements;FAUX;;FAUX;;2012-08-02;;;;;2022-02-16;;;Opposable;2020-01-01;Approuvé;2020-01-01;2025-03-06
PPRM;Plan de Prévention des Risques Miniers;PPRM_2022_0002;PPRM - ONDAINE;Direction départementale des territoires;;;;;;42;LOIRE;42095;Firminy;30;Risque minier;31;Affaissement minier;315;Glissements ou mouvements de pente;FAUX;;FAUX;;2022-08-17;2025-03-03;2025-04-11;;;2025-06-30;;;Opposable;2020-01-01;Approuvé;2020-01-01;2025-07-22
PPRM;Plan de Prévention des Risques Miniers;54DDT20140031;PPRM Secteur de Briey;Direction départementale des territoires;;;;44;GRAND EST;54;MEURTHE-ET-MOSELLE;54391;Moutiers;30;Risque minier;31;Affaissement minier;312;Effondrements localisés;FAUX;;VRAI;54DDT20140041;2007-07-31;;;;;2009-11-24;;2016-08-23;Caduque;2020-01-01;Abrogé;2020-01-01;2025-02-27
PPRM;Plan de Prévention des Risques Miniers;38DDT20180001;PPRM du Plateau Matheysin;Direction départementale des territoires;;;;84;AUVERGNE-RHONE-ALPES;38;ISERE;38462;Saint-Théoffrey;30;Risque minier;33;Emissions en surface de gaz de mine;;;FAUX;;FAUX;;2007-12-10;2018-12-05;2019-01-19;;;2019-06-11;;;Opposable;2020-01-01;Approuvé;2020-01-01;2025-04-11
PPRM;Plan de Prévention des Risques Miniers;38DDT20180001;PPRM du Plateau Matheysin;Direction départementale des territoires;;;;84;AUVERGNE-RHONE-ALPES;38;ISERE;38266;La Motte-Saint-Martin;30;Risque minier;31;Affaissement minier;312;Effondrements localisés;FAUX;;FAUX;;2007-12-10;2018-12-05;2019-01-19;;;2019-06-11;;;Opposable;2020-01-01;Approuvé;2020-01-01;2025-04-11
PPRM;Plan de Prévention des Risques Miniers;12DDT20120002;PPRM du bassin de Decazeville;Direction départementale des territoires;;;;76;OCCITANIE;12;AVEYRON;12083;Cransac;30;Risque minier;33;Emissions en surface de gaz de mine;;;FAUX;;FAUX;;2012-12-21;;;;;2017-06-19;;;Opposable;2020-01-01;Approuvé;2020-01-01;2025-02-07
PPRM;Plan de Prévention des Risques Miniers;42DDT20130002;PPRM DE LA VALLEE DU GIER;Direction départementale des territoires;GIER;;;84;AUVERGNE-RHONE-ALPES;42;LOIRE;42271;Saint-Paul-en-Jarez;30;Risque minier;34;Echauffement des terrains de dépôts;;;FAUX;;FAUX;;2014-10-15;2018-12-10;2019-01-25;;;2019-03-29;;;Opposable;2020-01-01;Approuvé;2020-01-01;2025-01-21
PPRM;Plan de Prévention des Risques Miniers;38DDT20180001;PPRM du Plateau Matheysin;Direction départementale des territoires;;;;84;AUVERGNE-RHONE-ALPES;38;ISERE;38266;La Motte-Saint-Martin;30;Risque minier;31;Affaissement minier;311;Effondrements généralisés;FAUX;;FAUX;;2007-12-10;2018-12-05;2019-01-19;;;2019-06-11;;;Opposable;2020-01-01;Approuvé;2020-01-01;2025-04-11
PPRM;Plan de Prévention des Risques Miniers;42DDT20170001;PPRM NORD ET EST St ETIENNE;Direction départementale des territoires;St ETIENNE;;;84;AUVERGNE-RHONE-ALPES;42;LOIRE;42275;Saint-Priest-en-Jarez;30;Risque minier;31;Affaissement minier;314;Tassements;FAUX;;FAUX;;2012-04-30;2016-03-29;2016-04-29;;;2016-09-08;;;Opposable;2020-01-01;Approuvé;2020-01-01;2025-01-21
PPRM;Plan de Prévention des Risques Miniers;14DDTM20110009;PPR Mines de Littry;Direction départementale des territoires et de la mer;Mines de Littry;;;28;NORMANDIE;14;CALVADOS;14272;La Folie;30;Risque minier;31;Affaissement minier;311;Effondrements généralisés;FAUX;;FAUX;;2009-04-14;2025-05-12;2025-06-03;;;2025-11-03;;;Opposable;2020-01-01;Approuvé;2020-01-01;2025-11-03
PPRM;Plan de Prévention des Risques Miniers;42DDT20130002;PPRM DE LA VALLEE DU GIER;Direction départementale des territoires;GIER;;;84;AUVERGNE-RHONE-ALPES;42;LOIRE;42271;Saint-Paul-en-Jarez;30;Risque minier;31;Affaissement minier;312;Effondrements localisés;FAUX;;FAUX;;2014-10-15;2018-12-10;2019-01-25;;;2019-03-29;;;Opposable;2020-01-01;Approuvé;2020-01-01;2025-01-21
PPRM;Plan de Prévention des Risques Miniers;73PREF20160033;PPRM-Sonnaz Voglans;Préfecture;;;;84;AUVERGNE-RHONE-ALPES;73;SAVOIE;73329;Voglans;30;Risque minier;31;Affaissement minier;312;Effondrements localisés;FAUX;;FAUX;;2010-06-23;;;;;2013-11-15;;;Opposable;2020-01-01;Approuvé;2020-01-01;2024-07-09
PPRM;Plan de Prévention des Risques Miniers;42DDT20130002;PPRM DE LA VALLEE DU GIER;Direction départementale des territoires;GIER;;;84;AUVERGNE-RHONE-ALPES;42;LOIRE;42053;Châteauneuf;30;Risque minier;31;Affaissement minier;312;Effondrements localisés;FAUX;;FAUX;;2014-10-15;2018-12-10;2019-01-25;;;2019-03-29;;;Opposable;2020-01-01;Approuvé;2020-01-01;2025-01-21
PPRM;Plan de Prévention des Risques Miniers;57DDT20140009;PPRM-Bassin Sud révision 2;Direction départementale des territoires;Bassin ferrifère;;;44;GRAND EST;57;MOSELLE;57620;Sainte-Marie-aux-Chênes;30;Risque minier;31;Affaissement minier;314;Tassements;VRAI;57DDT20100005;FAUX;;2014-07-29;;;;;2016-03-08;;;Opposable;2020-01-01;Approuvé;2020-01-01;2025-01-09
PPRM;Plan de Prévention des Risques Miniers;59DDTM20140005;PPRM couronne de Valenciennes;Direction départementale des territoires et de la mer;;;;32;HAUTS-DE-FRANCE;59;NORD;59606;Valenciennes;30;Risque minier;34;Echauffement des terrains de dépôts;;;FAUX;;FAUX;;2014-11-17;;;;;2018-07-06;;;Opposable;2020-01-01;Approuvé;2020-01-01;2025-03-26
PPRM;Plan de Prévention des Risques Miniers;62DDTM20150001;PPRm du BETHUNOIS;Direction départementale des territoires et de la mer;Béthunois;;;32;HAUTS-DE-FRANCE;62;PAS-DE-CALAIS;62178;Bruay-la-Buissière;30;Risque minier;31;Affaissement minier;312;Effondrements localisés;FAUX;;FAUX;;2015-06-10;;;;;2017-11-17;;;Opposable;2020-01-01;Approuvé;2020-01-01;2021-02-24
PPRM;Plan de Prévention des Risques Miniers;54DDT20140038;PPRM Secteur de Longwy;Direction départementale des territoires;;;;44;GRAND EST;54;MEURTHE-ET-MOSELLE;54493;Saulnes;30;Risque minier;31;Affaissement minier;314;Tassements;FAUX;;FAUX;;2008-01-10;;;;;2012-01-24;;;Opposable;2020-01-01;Approuvé;2020-01-01;2025-02-27
PPRM;Plan de Prévention des Risques Miniers;57DDT20150002;PPRM-Fensch révision;Direction départementale des territoires;Bassin ferrifère;;;44;GRAND EST;57;MOSELLE;57508;Nilvange;30;Risque minier;31;Affaissement minier;313;Affaissements progressifs;VRAI;57DDT20100009;FAUX;;2015-08-06;;;;;2017-01-26;;;Opposable;2020-01-01;Approuvé;2020-01-01;2025-01-09
PPRM;Plan de Prévention des Risques Miniers;73PREF20160034;PPRM-La Plagne Tarentaise Aime ;Préfecture;;;;84;AUVERGNE-RHONE-ALPES;73;SAVOIE;73150;La Plagne Tarentaise;30;Risque minier;31;Affaissement minier;313;Affaissements progressifs;FAUX;;FAUX;;2012-12-28;;;;;2014-12-18;;;Opposable;2020-01-01;Approuvé;2020-01-01;2025-03-14
PPRM;Plan de Prévention des Risques Miniers;57DDT20200011;PPRM-Bassin Belval 3ème révision;Direction départementale des territoires;;;;44;GRAND EST;57;MOSELLE;57603;Russange;30;Risque minier;31;Affaissement minier;314;Tassements;VRAI;57DDT20150001;FAUX;;2020-07-09;;;;;2021-12-22;;;Opposable;2020-01-01;Approuvé;2020-01-01;2025-01-09
PPRM;Plan de Prévention des Risques Miniers;PPRM_2022_0001;PPRM - Bassin Nord 2ème révision;Direction départementale des territoires;;;;;;57;MOSELLE;57305;Havange;30;Risque minier;31;Affaissement minier;313;Affaissements progressifs;VRAI;57DDT20100003;FAUX;;2021-09-20;;;;;2022-11-15;;;Opposable;2020-01-01;Approuvé;2020-01-01;2025-03-18
PPRM;Plan de Prévention des Risques Miniers;54DDT20140038;PPRM Secteur de Longwy;Direction départementale des territoires;;;;44;GRAND EST;54;MEURTHE-ET-MOSELLE;54254;Haucourt-Moulaine;30;Risque minier;31;Affaissement minier;312;Effondrements localisés;FAUX;;FAUX;;2008-01-10;;;;;2012-01-24;;;Opposable;2020-01-01;Approuvé;2020-01-01;2025-02-27
PPRM;Plan de Prévention des Risques Miniers;63DDT20140005;PPRminiers de Brassac les Mines;Direction départementale des territoires;de Brassac les Mines;;;84;AUVERGNE-RHONE-ALPES;63;PUY-DE-DOME;63022;Auzat-la-Combelle;30;Risque minier;31;Affaissement minier;314;Tassements;FAUX;;FAUX;;2014-07-16;;;;;2017-09-11;;;Opposable;2020-01-01;Approuvé;2020-01-01;2025-02-11
PPRM;Plan de Prévention des Risques Miniers;57DDT20100010;PPRM-Orne;Direction départementale des territoires;Bassin ferrifère;;;44;GRAND EST;57;MOSELLE;57143;Clouange;30;Risque minier;31;Affaissement minier;313;Affaissements progressifs;FAUX;;VRAI;57DDT20150003;2006-10-17;;;;;2014-03-07;;2016-04-04;Caduque;2020-01-01;Abrogé;2020-01-01;2025-01-09
PPRM;Plan de Prévention des Risques Miniers;38DDT20180001;PPRM du Plateau Matheysin;Direction départementale des territoires;;;;84;AUVERGNE-RHONE-ALPES;38;ISERE;38304;Pierre-Châtel;30;Risque minier;31;Affaissement minier;311;Effondrements généralisés;FAUX;;FAUX;;2007-12-10;2018-12-05;2019-01-19;;;2019-06-11;;;Opposable;2020-01-01;Approuvé;2020-01-01;2025-04-11
PPRM;Plan de Prévention des Risques Miniers;54DDT20140006;PPRM VILLERUPT;Direction départementale des territoires;;;;44;GRAND EST;54;MEURTHE-ET-MOSELLE;54580;Villerupt;30;Risque minier;31;Affaissement minier;312;Effondrements localisés;FAUX;;FAUX;;2012-08-03;;;;;2013-03-26;;;Opposable;2020-01-01;Approuvé;2020-01-01;2025-02-27
PPRM;Plan de Prévention des Risques Miniers;PPRM_2022_0002;PPRM - ONDAINE;Direction départementale des territoires;;;;;;42;LOIRE;42044;Le Chambon-Feugerolles;30;Risque minier;31;Affaissement minier;312;Effondrements localisés;FAUX;;FAUX;;2022-08-17;2025-03-03;2025-04-11;;;2025-06-30;;;Opposable;2020-01-01;Approuvé;2020-01-01;2025-07-22
PPRM;Plan de Prévention des Risques Miniers;42DDT20170001;PPRM NORD ET EST St ETIENNE;Direction départementale des territoires;St ETIENNE;;;84;AUVERGNE-RHONE-ALPES;42;LOIRE;42302;Sorbiers;30;Risque minier;31;Affaissement minier;315;Glissements ou mouvements de pente;FAUX;;FAUX;;2012-04-30;2016-03-29;2016-04-29;;;2016-09-08;;;Opposable;2020-01-01;Approuvé;2020-01-01;2025-01-21
PPRM;Plan de Prévention des Risques Miniers;42DDT20130002;PPRM DE LA VALLEE DU GIER;Direction départementale des territoires;GIER;;;84;AUVERGNE-RHONE-ALPES;42;LOIRE;42110;L'Horme;30;Risque minier;34;Echauffement des terrains de dépôts;;;FAUX;;FAUX;;2014-10-15;2018-12-10;2019-01-25;;;2019-03-29;;;Opposable;2020-01-01;Approuvé;2020-01-01;2025-01-21
PPRM;Plan de Prévention des Risques Miniers;42DDT20160002;PPRM VALLEE DE L'ONDAINE;Direction départementale des territoires;ONDAINE;;;84;AUVERGNE-RHONE-ALPES;42;LOIRE;42270;Saint-Paul-en-Cornillon;30;Risque minier;31;Affaissement minier;314;Tassements;FAUX;;FAUX;;2016-03-15;2018-01-22;2018-02-27;;;2018-07-11;2023-02-05;;Caduque;2020-01-01;Annulé;2020-01-01;2023-02-02
PPRM;Plan de Prévention des Risques Miniers;59DDTM20140005;PPRM couronne de Valenciennes;Direction départementale des territoires et de la mer;;;;32;HAUTS-DE-FRANCE;59;NORD;59014;Anzin;30;Risque minier;33;Emissions en surface de gaz de mine;;;FAUX;;FAUX;;2014-11-17;;;;;2018-07-06;;;Opposable;2020-01-01;Approuvé;2020-01-01;2025-03-26
PPRM;Plan de Prévention des Risques Miniers;57DDT20100003;PPRM-Bassin Nord révision;Direction départementale des territoires;Bassin ferrifère;;;44;GRAND EST;57;MOSELLE;57022;Angevillers;30;Risque minier;31;Affaissement minier;313;Affaissements progressifs;VRAI;57DDT20100002;VRAI;PPRM_2022_0001;2007-02-19;;;;;2011-09-30;;2022-11-15;Caduque;2020-01-01;Abrogé;2020-01-01;2022-12-20
PPRM;Plan de Prévention des Risques Miniers;54DDT20140045;PPRM Secteur CRUSNES;Direction départementale des territoires;Miniers;;;44;GRAND EST;54;MEURTHE-ET-MOSELLE;54525;Tiercelet;30;Risque minier;31;Affaissement minier;314;Tassements;FAUX;;FAUX;;2014-08-07;2014-09-15;2014-10-20;;;2015-05-21;;;Opposable;2020-01-01;Approuvé;2020-01-01;2025-02-27
PPRM;Plan de Prévention des Risques Miniers;12DDT20120002;PPRM du bassin de Decazeville;Direction départementale des territoires;;;;76;OCCITANIE;12;AVEYRON;12089;Decazeville;30;Risque minier;31;Affaissement minier;315;Glissements ou mouvements de pente;FAUX;;FAUX;;2012-12-21;;;;;2017-06-19;;;Opposable;2020-01-01;Approuvé;2020-01-01;2025-02-07
PPRM;Plan de Prévention des Risques Miniers;59DDTM20140003;PPRM Pays de Conde;Direction départementale des territoires et de la mer;;;;32;HAUTS-DE-FRANCE;59;NORD;59153;Condé-sur-l'Escaut;30;Risque minier;34;Echauffement des terrains de dépôts;;;FAUX;;FAUX;;2014-11-17;;;;;2018-07-06;;;Opposable;2020-01-01;Approuvé;2020-01-01;2025-03-26
PPRM;Plan de Prévention des Risques Miniers;PPRM_2024_0001;PPRM - Mines de fer du pourtour d'Angers ;Direction régionale de l'environnement, de l'aménagement et du logement;;;;;;49;MAINE-ET-LOIRE;49007;Angers;30;Risque minier;31;Affaissement minier;314;Tassements;FAUX;;FAUX;;2023-05-22;;;;;;;;Prescrit;2020-01-01;Prescrit;2020-01-01;2025-03-18
PPRM;Plan de Prévention des Risques Miniers;PPRM_2022_0002;PPRM - ONDAINE;Direction départementale des territoires;;;;;;42;LOIRE;42218;Saint-Étienne;30;Risque minier;31;Affaissement minier;312;Effondrements localisés;FAUX;;FAUX;;2022-08-17;2025-03-03;2025-04-11;;;2025-06-30;;;Opposable;2020-01-01;Approuvé;2020-01-01;2025-07-22
PPRM;Plan de Prévention des Risques Miniers;59DDTM20140003;PPRM Pays de Conde;Direction départementale des territoires et de la mer;;;;32;HAUTS-DE-FRANCE;59;NORD;59616;Vieux-Condé;30;Risque minier;31;Affaissement minier;312;Effondrements localisés;FAUX;;FAUX;;2014-11-17;;;;;2018-07-06;;;Opposable;2020-01-01;Approuvé;2020-01-01;2025-03-26
PPRM;Plan de Prévention des Risques Miniers;62DDTM20150001;PPRm du BETHUNOIS;Direction départementale des territoires et de la mer;Béthunois;;;32;HAUTS-DE-FRANCE;62;PAS-DE-CALAIS;62270;Divion;30;Risque minier;31;Affaissement minier;314;Tassements;FAUX;;FAUX;;2015-06-10;;;;;2017-11-17;;;Opposable;2020-01-01;Approuvé;2020-01-01;2021-02-24
PPRM;Plan de Prévention des Risques Miniers;59DDTM20140003;PPRM Pays de Conde;Direction départementale des territoires et de la mer;;;;32;HAUTS-DE-FRANCE;59;NORD;59253;Fresnes-sur-Escaut;30;Risque minier;33;Emissions en surface de gaz de mine;;;FAUX;;FAUX;;2014-11-17;;;;;2018-07-06;;;Opposable;2020-01-01;Approuvé;2020-01-01;2025-03-26
PPRM;Plan de Prévention des Risques Miniers;59DDTM20140005;PPRM couronne de Valenciennes;Direction départementale des territoires et de la mer;;;;32;HAUTS-DE-FRANCE;59;NORD;59014;Anzin;30;Risque minier;31;Affaissement minier;312;Effondrements localisés;FAUX;;FAUX;;2014-11-17;;;;;2018-07-06;;;Opposable;2020-01-01;Approuvé;2020-01-01;2025-03-26
PPRM;Plan de Prévention des Risques Miniers;73PREF20160034;PPRM-La Plagne Tarentaise Aime ;Préfecture;;;;84;AUVERGNE-RHONE-ALPES;73;SAVOIE;73150;La Plagne Tarentaise;30;Risque minier;31;Affaissement minier;314;Tassements;FAUX;;FAUX;;2012-12-28;;;;;2014-12-18;;;Opposable;2020-01-01;Approuvé;2020-01-01;2025-03-14
PPRM;Plan de Prévention des Risques Miniers;12DDT20120002;PPRM du bassin de Decazeville;Direction départementale des territoires;;;;76;OCCITANIE;12;AVEYRON;12305;Viviez;30;Risque minier;34;Echauffement des terrains de dépôts;;;FAUX;;FAUX;;2012-12-21;;;;;2017-06-19;;;Opposable;2020-01-01;Approuvé;2020-01-01;2025-02-07
PPRM;Plan de Prévention des Risques Miniers;12DDT20120002;PPRM du bassin de Decazeville;Direction départementale des territoires;;;;76;OCCITANIE;12;AVEYRON;12013;Aubin;30;Risque minier;31;Affaissement minier;311;Effondrements généralisés;FAUX;;FAUX;;2012-12-21;;;;;2017-06-19;;;Opposable;2020-01-01;Approuvé;2020-01-01;2025-02-07
PPRM;Plan de Prévention des Risques Miniers;42DDT20160002;PPRM VALLEE DE L'ONDAINE;Direction départementale des territoires;ONDAINE;;;84;AUVERGNE-RHONE-ALPES;42;LOIRE;42044;Le Chambon-Feugerolles;30;Risque minier;31;Affaissement minier;314;Tassements;FAUX;;FAUX;;2016-03-15;2018-01-22;2018-02-27;;;2018-07-11;2023-02-05;;Caduque;2020-01-01;Annulé;2020-01-01;2023-02-02
PPRM;Plan de Prévention des Risques Miniers;14DDTM20110007;PPR bassin minier de Soumont Saint Quentin;Direction départementale des territoires et de la mer;Mines de Soumont;;;28;NORMANDIE;14;CALVADOS;14669;Sassy;30;Risque minier;31;Affaissement minier;312;Effondrements localisés;FAUX;;FAUX;;2005-11-14;2008-06-27;2008-06-27;2009-07-06;;2009-01-06;;;Opposable;2020-01-01;Approuvé;2020-01-01;2025-04-14
PPRM;Plan de Prévention des Risques Miniers;57DDT20100003;PPRM-Bassin Nord révision;Direction départementale des territoires;Bassin ferrifère;;;44;GRAND EST;57;MOSELLE;57096;Boulange;30;Risque minier;31;Affaissement minier;312;Effondrements localisés;VRAI;57DDT20100002;VRAI;PPRM_2022_0001;2007-02-19;;;;;2011-09-30;;2022-11-15;Caduque;2020-01-01;Abrogé;2020-01-01;2022-12-20
PPRM;Plan de Prévention des Risques Miniers;22DDTM20130001;PPRM de Trémuson;Direction départementale des territoires et de la mer;Ancienne mine de Trémuson;;;53;BRETAGNE;22;COTES-D'ARMOR;22187;Plérin;30;Risque minier;31;Affaissement minier;312;Effondrements localisés;FAUX;;FAUX;;2008-08-11;;;;;2021-10-06;;;Opposable;2020-01-01;Approuvé;2020-01-01;2025-02-19
PPRM;Plan de Prévention des Risques Miniers;12DDT20120002;PPRM du bassin de Decazeville;Direction départementale des territoires;;;;76;OCCITANIE;12;AVEYRON;12100;Firmi;30;Risque minier;31;Affaissement minier;311;Effondrements généralisés;FAUX;;FAUX;;2012-12-21;;;;;2017-06-19;;;Opposable;2020-01-01;Approuvé;2020-01-01;2025-02-07
PPRM;Plan de Prévention des Risques Miniers;59DDTM20140003;PPRM Pays de Conde;Direction départementale des territoires et de la mer;;;;32;HAUTS-DE-FRANCE;59;NORD;59301;Hergnies;30;Risque minier;33;Emissions en surface de gaz de mine;;;FAUX;;FAUX;;2014-11-17;;;;;2018-07-06;;;Opposable;2020-01-01;Approuvé;2020-01-01;2025-03-26
PPRM;Plan de Prévention des Risques Miniers;57DDT20150003;PPRM-Orne modification;Direction départementale des territoires;Bassin ferrifère;;;44;GRAND EST;57;MOSELLE;57591;Rombas;30;Risque minier;31;Affaissement minier;314;Tassements;VRAI;57DDT20100010;FAUX;;2015-08-24;;;;;2016-04-04;;;Opposable;2020-01-01;Approuvé;2020-01-01;2025-01-09
PPRM;Plan de Prévention des Risques Miniers;PPRM_2022_0002;PPRM - ONDAINE;Direction départementale des territoires;;;;;;42;LOIRE;42270;Saint-Paul-en-Cornillon;30;Risque minier;33;Emissions en surface de gaz de mine;;;FAUX;;FAUX;;2022-08-17;2025-03-03;2025-04-11;;;2025-06-30;;;Opposable;2020-01-01;Approuvé;2020-01-01;2025-07-22
PPRM;Plan de Prévention des Risques Miniers;07DDT20160003;LARGENTIERE PPR Minier;Direction départementale des territoires;Largentière ;;;84;AUVERGNE-RHONE-ALPES;07;ARDECHE;07162;Montréal;30;Risque minier;31;Affaissement minier;311;Effondrements généralisés;FAUX;;FAUX;;2006-01-13;2010-10-04;2010-11-05;;;2011-07-27;;2015-04-17;Caduque;2020-01-01;Abrogé;2020-01-01;2025-02-18
PPRM;Plan de Prévention des Risques Miniers;12DDT20120002;PPRM du bassin de Decazeville;Direction départementale des territoires;;;;76;OCCITANIE;12;AVEYRON;12100;Firmi;30;Risque minier;31;Affaissement minier;313;Affaissements progressifs;FAUX;;FAUX;;2012-12-21;;;;;2017-06-19;;;Opposable;2020-01-01;Approuvé;2020-01-01;2025-02-07
PPRM;Plan de Prévention des Risques Miniers;54DDT20140038;PPRM Secteur de Longwy;Direction départementale des territoires;;;;44;GRAND EST;54;MEURTHE-ET-MOSELLE;54314;Lexy;30;Risque minier;31;Affaissement minier;313;Affaissements progressifs;FAUX;;FAUX;;2008-01-10;;;;;2012-01-24;;;Opposable;2020-01-01;Approuvé;2020-01-01;2025-02-27
PPRM;Plan de Prévention des Risques Miniers;42DDT20130002;PPRM DE LA VALLEE DU GIER;Direction départementale des territoires;GIER;;;84;AUVERGNE-RHONE-ALPES;42;LOIRE;42103;La Grand-Croix;30;Risque minier;34;Echauffement des terrains de dépôts;;;FAUX;;FAUX;;2014-10-15;2018-12-10;2019-01-25;;;2019-03-29;;;Opposable;2020-01-01;Approuvé;2020-01-01;2025-01-21
PPRM;Plan de Prévention des Risques Miniers;57DDT20150002;PPRM-Fensch révision;Direction départementale des territoires;Bassin ferrifère;;;44;GRAND EST;57;MOSELLE;57508;Nilvange;30;Risque minier;31;Affaissement minier;312;Effondrements localisés;VRAI;57DDT20100009;FAUX;;2015-08-06;;;;;2017-01-26;;;Opposable;2020-01-01;Approuvé;2020-01-01;2025-01-09
PPRM;Plan de Prévention des Risques Miniers;14DDTM20110007;PPR bassin minier de Soumont Saint Quentin;Direction départementale des territoires et de la mer;Mines de Soumont;;;28;NORMANDIE;14;CALVADOS;14039;Barbery;30;Risque minier;31;Affaissement minier;311;Effondrements généralisés;FAUX;;FAUX;;2005-11-14;2008-06-27;2008-06-27;;;2009-01-06;;;Opposable;2020-01-01;Approuvé;2020-01-01;2025-04-14
PPRM;Plan de Prévention des Risques Miniers;07DDT20140021;PRIVAS/VEYRAS PPR Minier;Direction départementale des territoires;;;;84;AUVERGNE-RHONE-ALPES;07;ARDECHE;07186;Privas;30;Risque minier;31;Affaissement minier;312;Effondrements localisés;FAUX;;FAUX;;2014-12-12;2016-11-09;2016-12-09;;;2017-05-22;;;Opposable;2020-01-01;Approuvé;2020-01-01;2025-02-18
PPRM;Plan de Prévention des Risques Miniers;57DDT20140009;PPRM-Bassin Sud révision 2;Direction départementale des territoires;Bassin ferrifère;;;44;GRAND EST;57;MOSELLE;57481;Montois-la-Montagne;30;Risque minier;31;Affaissement minier;314;Tassements;VRAI;57DDT20100005;FAUX;;2014-07-29;;;;;2016-03-08;;;Opposable;2020-01-01;Approuvé;2020-01-01;2025-01-09
PPRM;Plan de Prévention des Risques Miniers;54DDT20140031;PPRM Secteur de Briey;Direction départementale des territoires;;;;44;GRAND EST;54;MEURTHE-ET-MOSELLE;54099;Val de Briey;30;Risque minier;31;Affaissement minier;314;Tassements;FAUX;;VRAI;54DDT20140041;2007-07-31;;;;;2009-11-24;;2016-08-23;Caduque;2020-01-01;Abrogé;2020-01-01;2025-02-27
PPRM;Plan de Prévention des Risques Miniers;14DDTM20110007;PPR bassin minier de Soumont Saint Quentin;Direction départementale des territoires et de la mer;Mines de Soumont;;;28;NORMANDIE;14;CALVADOS;14603;Saint-Laurent-de-Condel;30;Risque minier;31;Affaissement minier;312;Effondrements localisés;FAUX;;FAUX;;2005-11-14;2008-06-27;2008-06-27;;;2009-01-06;;;Opposable;2020-01-01;Approuvé;2020-01-01;2025-04-14
PPRM;Plan de Prévention des Risques Miniers;69DDT20140001;Sainte Foy l'Argentière;Direction départementale des territoires;Sainte Foy l'Argentière;;;84;AUVERGNE-RHONE-ALPES;69;RHONE;69178;Souzy;30;Risque minier;31;Affaissement minier;312;Effondrements localisés;FAUX;;FAUX;;2013-11-08;2016-04-25;2016-05-27;;;2017-01-06;;;Opposable;2020-01-01;Approuvé;2020-01-01;2025-01-13
PPRM;Plan de Prévention des Risques Miniers;38DDT20180002;PPRM de Saint-Didier-de-la-Tour;Direction départementale des territoires;;;;84;AUVERGNE-RHONE-ALPES;38;ISERE;38381;Saint-Didier-de-la-Tour;30;Risque minier;31;Affaissement minier;314;Tassements;FAUX;;FAUX;;2012-08-02;;;;;2022-02-16;;;Opposable;2020-01-01;Approuvé;2020-01-01;2025-03-06
PPRM;Plan de Prévention des Risques Miniers;PPRM_2022_0001;PPRM - Bassin Nord 2ème révision;Direction départementale des territoires;;;;;;57;MOSELLE;57305;Havange;30;Risque minier;31;Affaissement minier;312;Effondrements localisés;VRAI;57DDT20100003;FAUX;;2021-09-20;;;;;2022-11-15;;;Opposable;2020-01-01;Approuvé;2020-01-01;2025-03-18
PPRM;Plan de Prévention des Risques Miniers;13DDTM20190176;PPR Minier - Saint-Savournin 2022;Direction départementale des territoires et de la mer;;;;93;PROVENCE-ALPES-COTE D'AZUR;13;BOUCHES-DU-RHONE;13101;Saint-Savournin;30;Risque minier;31;Affaissement minier;314;Tassements;FAUX;;FAUX;;2019-10-07;;;;;2022-04-15;;;Opposable;2020-01-01;Approuvé;2020-01-01;2025-04-08
PPRM;Plan de Prévention des Risques Miniers;PPRM_2022_0002;PPRM - ONDAINE;Direction départementale des territoires;;;;;;42;LOIRE;42183;La Ricamarie;30;Risque minier;31;Affaissement minier;314;Tassements;FAUX;;FAUX;;2022-08-17;2025-03-03;2025-04-11;;;2025-06-30;;;Opposable;2020-01-01;Approuvé;2020-01-01;2025-07-22
PPRM;Plan de Prévention des Risques Miniers;49DDT20110001;Anciennes mines de fer du bassin de Segré;Direction départementale des territoires;;;;52;PAYS DE LA LOIRE;49;MAINE-ET-LOIRE;49331;Segré-en-Anjou Bleu;30;Risque minier;31;Affaissement minier;313;Affaissements progressifs;FAUX;;FAUX;;2008-04-22;2009-02-13;2009-02-13;;;2009-06-26;;;Opposable;2020-01-01;Approuvé;2020-01-01;2025-01-06
PPRM;Plan de Prévention des Risques Miniers;54DDT20140014;PPRM Secteur de Trieux;Direction départementale des territoires;;;;44;GRAND EST;54;MEURTHE-ET-MOSELLE;54066;Bettainvillers;30;Risque minier;31;Affaissement minier;313;Affaissements progressifs;FAUX;;FAUX;;2012-11-26;2013-02-18;2013-03-18;;;2013-07-12;;;Opposable;2020-01-01;Approuvé;2020-01-01;2025-02-27
PPRM;Plan de Prévention des Risques Miniers;54DDT20140041;PPRM Secteur BRIEY;Direction départementale des territoires;Miniers;;;44;GRAND EST;54;MEURTHE-ET-MOSELLE;54028;Auboué;30;Risque minier;31;Affaissement minier;314;Tassements;VRAI;54DDT20140031;VRAI;54DDT20190001;2014-03-12;;;;;2016-08-23;;;Opposable;2020-01-01;Approuvé;2020-01-01;2025-02-27
PPRM;Plan de Prévention des Risques Miniers;54DDT20140031;PPRM Secteur de Briey;Direction départementale des territoires;;;;44;GRAND EST;54;MEURTHE-ET-MOSELLE;54280;Jœuf;30;Risque minier;31;Affaissement minier;313;Affaissements progressifs;FAUX;;VRAI;54DDT20140041;2007-07-31;;;;;2009-11-24;;2016-08-23;Caduque;2020-01-01;Abrogé;2020-01-01;2025-02-27
PPRM;Plan de Prévention des Risques Miniers;54DDT20140014;PPRM Secteur de Trieux;Direction départementale des territoires;;;;44;GRAND EST;54;MEURTHE-ET-MOSELLE;54066;Bettainvillers;30;Risque minier;31;Affaissement minier;314;Tassements;FAUX;;FAUX;;2012-11-26;2013-02-18;2013-03-18;;;2013-07-12;;;Opposable;2020-01-01;Approuvé;2020-01-01;2025-02-27
PPRM;Plan de Prévention des Risques Miniers;81DDT20150001;PPR minier Bassin de Carmaux;Direction départementale des territoires;;;;76;OCCITANIE;81;TARN;81033;Blaye-les-Mines;30;Risque minier;33;Emissions en surface de gaz de mine;;;FAUX;;FAUX;;2008-10-15;2010-09-06;2010-10-08;;;2012-07-09;2015-12-30;;Caduque;2020-01-01;Annulé;2020-01-01;2016-02-25
PPRM;Plan de Prévention des Risques Miniers;57DDT20140009;PPRM-Bassin Sud révision 2;Direction départementale des territoires;Bassin ferrifère;;;44;GRAND EST;57;MOSELLE;57622;Saint-Privat-la-Montagne;30;Risque minier;31;Affaissement minier;314;Tassements;VRAI;57DDT20100005;FAUX;;2014-07-29;;;;;2016-03-08;;;Opposable;2020-01-01;Approuvé;2020-01-01;2025-01-09
PPRM;Plan de Prévention des Risques Miniers;38DDT20180001;PPRM du Plateau Matheysin;Direction départementale des territoires;;;;84;AUVERGNE-RHONE-ALPES;38;ISERE;38462;Saint-Théoffrey;30;Risque minier;32;Inondations de terrains miniers;321;Pollution des eaux souterraines et de surface;FAUX;;FAUX;;2007-12-10;2018-12-05;2019-01-19;;;2019-06-11;;;Opposable;2020-01-01;Approuvé;2020-01-01;2025-04-11
PPRM;Plan de Prévention des Risques Miniers;59DDTM20140004;PPRM Denaisis;Direction départementale des territoires et de la mer;;;;32;HAUTS-DE-FRANCE;59;NORD;59172;Denain;30;Risque minier;31;Affaissement minier;314;Tassements;FAUX;;FAUX;;2014-11-17;;;;;2018-07-06;;;Opposable;2020-01-01;Approuvé;2020-01-01;2025-03-26
PPRM;Plan de Prévention des Risques Miniers;57DDT20100003;PPRM-Bassin Nord révision;Direction départementale des territoires;Bassin ferrifère;;;44;GRAND EST;57;MOSELLE;57678;Tressange;30;Risque minier;31;Affaissement minier;313;Affaissements progressifs;VRAI;57DDT20100002;VRAI;PPRM_2022_0001;2007-02-19;;;;;2011-09-30;;2022-11-15;Caduque;2020-01-01;Abrogé;2020-01-01;2022-12-20
PPRM;Plan de Prévention des Risques Miniers;54DDT20140017;PPRM Secteur de Trieux;Direction départementale des territoires;;;;44;GRAND EST;54;MEURTHE-ET-MOSELLE;54533;Trieux;30;Risque minier;31;Affaissement minier;314;Tassements;FAUX;;FAUX;;2012-11-26;2013-02-10;2013-03-11;;;2013-07-12;;;Opposable;2020-01-01;Approuvé;2020-01-01;2025-02-27
PPRM;Plan de Prévention des Risques Miniers;13DDTM20190177;PPR Minier - Fuveau 2022;Direction départementale des territoires et de la mer;;;;93;PROVENCE-ALPES-COTE D'AZUR;13;BOUCHES-DU-RHONE;13040;Fuveau;30;Risque minier;31;Affaissement minier;314;Tassements;FAUX;;FAUX;;2019-10-07;;;;;2022-04-15;;;Opposable;2020-01-01;Approuvé;2020-01-01;2025-04-24
PPRM;Plan de Prévention des Risques Miniers;62DDTM20150001;PPRm du BETHUNOIS;Direction départementale des territoires et de la mer;Béthunois;;;32;HAUTS-DE-FRANCE;62;PAS-DE-CALAIS;62178;Bruay-la-Buissière;30;Risque minier;31;Affaissement minier;313;Affaissements progressifs;FAUX;;FAUX;;2015-06-10;;;;;2017-11-17;;;Opposable;2020-01-01;Approuvé;2020-01-01;2021-02-24
PPRM;Plan de Prévention des Risques Miniers;57DDT20100010;PPRM-Orne;Direction départementale des territoires;Bassin ferrifère;;;44;GRAND EST;57;MOSELLE;57597;Rosselange;30;Risque minier;31;Affaissement minier;312;Effondrements localisés;FAUX;;VRAI;57DDT20150003;2006-10-17;;;;;2014-03-07;;2016-04-04;Caduque;2020-01-01;Abrogé;2020-01-01;2025-01-09
PPRM;Plan de Prévention des Risques Miniers;63DDT20140005;PPRminiers de Brassac les Mines;Direction départementale des territoires;de Brassac les Mines;;;84;AUVERGNE-RHONE-ALPES;63;PUY-DE-DOME;63050;Brassac-les-Mines;30;Risque minier;31;Affaissement minier;315;Glissements ou mouvements de pente;FAUX;;FAUX;;2014-07-16;;;;;2017-09-11;;;Opposable;2020-01-01;Approuvé;2020-01-01;2025-02-11
PPRM;Plan de Prévention des Risques Miniers;61DDT20120014;PPR-M - La Ferrière aux Étangs;Direction départementale des territoires;;;;28;NORMANDIE;61;ORNE;61124;La Coulonche;30;Risque minier;31;Affaissement minier;315;Glissements ou mouvements de pente;FAUX;;FAUX;;2007-09-17;2010-12-09;2011-01-13;;;2011-08-01;;;Opposable;2020-01-01;Approuvé;2020-01-01;2012-10-19
PPRM;Plan de Prévention des Risques Miniers;38DDT20180001;PPRM du Plateau Matheysin;Direction départementale des territoires;;;;84;AUVERGNE-RHONE-ALPES;38;ISERE;38269;La Mure;30;Risque minier;34;Echauffement des terrains de dépôts;;;FAUX;;FAUX;;2007-12-10;2018-12-05;2019-01-19;;;2019-06-11;;;Opposable;2020-01-01;Approuvé;2020-01-01;2025-04-11
PPRM;Plan de Prévention des Risques Miniers;38DDT20180002;PPRM de Saint-Didier-de-la-Tour;Direction départementale des territoires;;;;84;AUVERGNE-RHONE-ALPES;38;ISERE;38076;La Chapelle-de-la-Tour;30;Risque minier;33;Emissions en surface de gaz de mine;;;FAUX;;FAUX;;2012-08-02;;;;;2022-02-16;;;Opposable;2020-01-01;Approuvé;2020-01-01;2025-03-06
PPRM;Plan de Prévention des Risques Miniers;54DDT20140041;PPRM Secteur BRIEY;Direction départementale des territoires;Miniers;;;44;GRAND EST;54;MEURTHE-ET-MOSELLE;54099;Val de Briey;30;Risque minier;31;Affaissement minier;314;Tassements;VRAI;54DDT20140031;VRAI;54DDT20190001;2014-03-12;;;;;2016-08-23;;;Opposable;2020-01-01;Approuvé;2020-01-01;2025-02-27
PPRM;Plan de Prévention des Risques Miniers;PPRM_2022_0001;PPRM - Bassin Nord 2ème révision;Direction départementale des territoires;;;;;;57;MOSELLE;57022;Angevillers;30;Risque minier;31;Affaissement minier;314;Tassements;VRAI;57DDT20100003;FAUX;;2021-09-20;;;;;2022-11-15;;;Opposable;2020-01-01;Approuvé;2020-01-01;2025-03-18
PPRM;Plan de Prévention des Risques Miniers;54DDT20140038;PPRM Secteur de Longwy;Direction départementale des territoires;;;;44;GRAND EST;54;MEURTHE-ET-MOSELLE;54382;Mont-Saint-Martin;30;Risque minier;31;Affaissement minier;312;Effondrements localisés;FAUX;;FAUX;;2008-01-10;;;;;2012-01-24;;;Opposable;2020-01-01;Approuvé;2020-01-01;2025-02-27
PPRM;Plan de Prévention des Risques Miniers;81DDT20150001;PPR minier Bassin de Carmaux;Direction départementale des territoires;;;;76;OCCITANIE;81;TARN;81101;Le Garric;30;Risque minier;31;Affaissement minier;311;Effondrements généralisés;FAUX;;FAUX;;2008-10-15;2010-09-06;2010-10-08;;;2012-07-09;2015-12-30;;Caduque;2020-01-01;Annulé;2020-01-01;2016-02-25
PPRM;Plan de Prévention des Risques Miniers;03DDT20120001;PPRM - Bezenet - Doyet -  Montvicqq;Direction départementale des territoires;;;;84;AUVERGNE-RHONE-ALPES;03;ALLIER;03189;Montvicq;30;Risque minier;31;Affaissement minier;312;Effondrements localisés;FAUX;;VRAI;PPRM_2025_0001;2012-01-23;;;;;2016-10-03;;2024-12-18;Caduque;2020-01-01;Abrogé;2020-01-01;2025-01-14
PPRM;Plan de Prévention des Risques Miniers;57DDT20100005;PPRM-Bassin Sud révision;Direction départementale des territoires;Bassin ferrifère;;;44;GRAND EST;57;MOSELLE;57620;Sainte-Marie-aux-Chênes;30;Risque minier;31;Affaissement minier;314;Tassements;VRAI;57DDT20100004;VRAI;57DDT20140009;2007-02-19;;;;;2011-02-28;;2016-03-08;Caduque;2020-01-01;Abrogé;2020-01-01;2025-01-09
PPRM;Plan de Prévention des Risques Miniers;54DDT20140038;PPRM Secteur de Longwy;Direction départementale des territoires;;;;44;GRAND EST;54;MEURTHE-ET-MOSELLE;54321;Longlaville;30;Risque minier;31;Affaissement minier;314;Tassements;FAUX;;FAUX;;2008-01-10;;;;;2012-01-24;;;Opposable;2020-01-01;Approuvé;2020-01-01;2025-02-27
PPRM;Plan de Prévention des Risques Miniers;81DDT20150001;PPR minier Bassin de Carmaux;Direction départementale des territoires;;;;76;OCCITANIE;81;TARN;81114;Labastide-Gabausse;30;Risque minier;31;Affaissement minier;315;Glissements ou mouvements de pente;FAUX;;FAUX;;2008-10-15;2010-09-06;2010-10-08;;;2012-07-09;2015-12-30;;Caduque;2020-01-01;Annulé;2020-01-01;2016-02-25
PPRM;Plan de Prévention des Risques Miniers;54DDT20140038;PPRM Secteur de Longwy;Direction départementale des territoires;;;;44;GRAND EST;54;MEURTHE-ET-MOSELLE;54261;Herserange;30;Risque minier;31;Affaissement minier;313;Affaissements progressifs;FAUX;;FAUX;;2008-01-10;;;;;2012-01-24;;;Opposable;2020-01-01;Approuvé;2020-01-01;2025-02-27
PPRM;Plan de Prévention des Risques Miniers;62DDTM20150002;PPRm du LENSOIS;Direction départementale des territoires et de la mer;Lensois;;;32;HAUTS-DE-FRANCE;62;PAS-DE-CALAIS;62528;Loos-en-Gohelle;30;Risque minier;33;Emissions en surface de gaz de mine;;;FAUX;;FAUX;;2015-06-10;;;;;2017-11-17;;;Opposable;2020-01-01;Approuvé;2020-01-01;2022-03-04
PPRM;Plan de Prévention des Risques Miniers;14DDTM20110007;PPR bassin minier de Soumont Saint Quentin;Direction départementale des territoires et de la mer;Mines de Soumont;;;28;NORMANDIE;14;CALVADOS;14309;Gouvix;30;Risque minier;31;Affaissement minier;311;Effondrements généralisés;FAUX;;FAUX;;2005-11-14;2008-06-27;2008-06-27;;;2009-01-06;;;Opposable;2020-01-01;Approuvé;2020-01-01;2025-04-14
PPRM;Plan de Prévention des Risques Miniers;54DDT20140045;PPRM Secteur CRUSNES;Direction départementale des territoires;Miniers;;;44;GRAND EST;54;MEURTHE-ET-MOSELLE;54525;Tiercelet;30;Risque minier;31;Affaissement minier;313;Affaissements progressifs;FAUX;;FAUX;;2014-08-07;2014-09-15;2014-10-20;;;2015-05-21;;;Opposable;2020-01-01;Approuvé;2020-01-01;2025-02-27
PPRM;Plan de Prévention des Risques Miniers;55DDT20130002;PPRm;Direction départementale des territoires;Bassin Ferrifère;;;44;GRAND EST;55;MEUSE;55158;Dommary-Baroncourt;30;Risque minier;31;Affaissement minier;313;Affaissements progressifs;FAUX;;FAUX;;2006-05-09;2009-03-04;2009-04-04;;;2009-12-22;;;Opposable;2020-01-01;Approuvé;2020-01-01;2025-02-10
PPRM;Plan de Prévention des Risques Miniers;PPRM_2022_0002;PPRM - ONDAINE;Direction départementale des territoires;;;;;;42;LOIRE;42316;Unieux;30;Risque minier;31;Affaissement minier;314;Tassements;FAUX;;FAUX;;2022-08-17;2025-03-03;2025-04-11;;;2025-06-30;;;Opposable;2020-01-01;Approuvé;2020-01-01;2025-07-22
PPRM;Plan de Prévention des Risques Miniers;13DDTM20190174;PPR Minier - Cadolive 2022 Révision 1;Direction départementale des territoires et de la mer;;;;93;PROVENCE-ALPES-COTE D'AZUR;13;BOUCHES-DU-RHONE;13020;Cadolive;30;Risque minier;34;Echauffement des terrains de dépôts;;;VRAI;13DDTM20020147;FAUX;;2019-10-07;;;;;2022-04-15;;;Opposable;2020-01-01;Approuvé;2020-01-01;2025-04-24
PPRM;Plan de Prévention des Risques Miniers;03DDT20120001;PPRM - Bezenet - Doyet -  Montvicqq;Direction départementale des territoires;;;;84;AUVERGNE-RHONE-ALPES;03;ALLIER;03104;Doyet;30;Risque minier;31;Affaissement minier;313;Affaissements progressifs;FAUX;;VRAI;PPRM_2025_0001;2012-01-23;;;;;2016-10-03;;2024-12-18;Caduque;2020-01-01;Abrogé;2020-01-01;2025-01-14
PPRM;Plan de Prévention des Risques Miniers;57DDT20150002;PPRM-Fensch révision;Direction départementale des territoires;Bassin ferrifère;;;44;GRAND EST;57;MOSELLE;57562;Ranguevaux;30;Risque minier;31;Affaissement minier;312;Effondrements localisés;VRAI;57DDT20100009;FAUX;;2015-08-06;;;;;2017-01-26;;;Opposable;2020-01-01;Approuvé;2020-01-01;2025-01-09
PPRM;Plan de Prévention des Risques Miniers;07DDT20140021;PRIVAS/VEYRAS PPR Minier;Direction départementale des territoires;;;;84;AUVERGNE-RHONE-ALPES;07;ARDECHE;07340;Veyras;30;Risque minier;31;Affaissement minier;317;Ecroulements rocheux;FAUX;;FAUX;;2014-12-12;2016-11-09;2016-12-09;;;2017-05-22;;;Opposable;2020-01-01;Approuvé;2020-01-01;2025-02-18
PPRM;Plan de Prévention des Risques Miniers;42DDT20170001;PPRM NORD ET EST St ETIENNE;Direction départementale des territoires;St ETIENNE;;;84;AUVERGNE-RHONE-ALPES;42;LOIRE;42305;La Talaudière;30;Risque minier;31;Affaissement minier;315;Glissements ou mouvements de pente;FAUX;;FAUX;;2012-04-30;2016-03-29;2016-04-29;;;2016-09-08;;;Opposable;2020-01-01;Approuvé;2020-01-01;2025-01-21
PPRM;Plan de Prévention des Risques Miniers;59DDTM20140004;PPRM Denaisis;Direction départementale des territoires et de la mer;;;;32;HAUTS-DE-FRANCE;59;NORD;59172;Denain;30;Risque minier;31;Affaissement minier;315;Glissements ou mouvements de pente;FAUX;;FAUX;;2014-11-17;;;;;2018-07-06;;;Opposable;2020-01-01;Approuvé;2020-01-01;2025-03-26
PPRM;Plan de Prévention des Risques Miniers;57DDT20100003;PPRM-Bassin Nord révision;Direction départementale des territoires;Bassin ferrifère;;;44;GRAND EST;57;MOSELLE;57096;Boulange;30;Risque minier;31;Affaissement minier;313;Affaissements progressifs;VRAI;57DDT20100002;VRAI;PPRM_2022_0001;2007-02-19;;;;;2011-09-30;;2022-11-15;Caduque;2020-01-01;Abrogé;2020-01-01;2022-12-20
PPRM;Plan de Prévention des Risques Miniers;57DDT20100010;PPRM-Orne;Direction départementale des territoires;Bassin ferrifère;;;44;GRAND EST;57;MOSELLE;57143;Clouange;30;Risque minier;31;Affaissement minier;312;Effondrements localisés;FAUX;;VRAI;57DDT20150003;2006-10-17;;;;;2014-03-07;;2016-04-04;Caduque;2020-01-01;Abrogé;2020-01-01;2025-01-09
PPRM;Plan de Prévention des Risques Miniers;54DDT20140015;PPRM Secteur de Trieux;Direction départementale des territoires;;;;44;GRAND EST;54;MEURTHE-ET-MOSELLE;54334;Mairy-Mainville;30;Risque minier;31;Affaissement minier;314;Tassements;FAUX;;FAUX;;2012-11-26;2013-02-11;2013-03-14;;;2013-07-12;;;Opposable;2020-01-01;Approuvé;2020-01-01;2025-02-27
PPRM;Plan de Prévention des Risques Miniers;07DDT20160003;LARGENTIERE PPR Minier;Direction départementale des territoires;Largentière ;;;84;AUVERGNE-RHONE-ALPES;07;ARDECHE;07132;Largentière;30;Risque minier;33;Emissions en surface de gaz de mine;;;FAUX;;FAUX;;2006-01-13;2010-10-04;2010-11-05;;;2011-07-27;;2015-04-17;Caduque;2020-01-01;Abrogé;2020-01-01;2025-02-18
PPRM;Plan de Prévention des Risques Miniers;PPRM_2022_0001;PPRM - Bassin Nord 2ème révision;Direction départementale des territoires;;;;;;57;MOSELLE;57678;Tressange;30;Risque minier;31;Affaissement minier;314;Tassements;VRAI;57DDT20100003;FAUX;;2021-09-20;;;;;2022-11-15;;;Opposable;2020-01-01;Approuvé;2020-01-01;2025-03-18
PPRM;Plan de Prévention des Risques Miniers;49DDT20110001;Anciennes mines de fer du bassin de Segré;Direction départementale des territoires;;;;52;PAYS DE LA LOIRE;49;MAINE-ET-LOIRE;49036;Bouillé-Ménard;30;Risque minier;31;Affaissement minier;312;Effondrements localisés;FAUX;;FAUX;;2008-04-22;2009-02-13;2009-02-13;;;2009-06-26;;;Opposable;2020-01-01;Approuvé;2020-01-01;2025-01-06
PPRM;Plan de Prévention des Risques Miniers;38DDT20180001;PPRM du Plateau Matheysin;Direction départementale des territoires;;;;84;AUVERGNE-RHONE-ALPES;38;ISERE;38266;La Motte-Saint-Martin;30;Risque minier;33;Emissions en surface de gaz de mine;;;FAUX;;FAUX;;2007-12-10;2018-12-05;2019-01-19;;;2019-06-11;;;Opposable;2020-01-01;Approuvé;2020-01-01;2025-04-11
PPRM;Plan de Prévention des Risques Miniers;42DDT20130002;PPRM DE LA VALLEE DU GIER;Direction départementale des territoires;GIER;;;84;AUVERGNE-RHONE-ALPES;42;LOIRE;42123;Lorette;30;Risque minier;31;Affaissement minier;315;Glissements ou mouvements de pente;FAUX;;FAUX;;2014-10-15;2018-12-10;2019-01-25;;;2019-03-29;;;Opposable;2020-01-01;Approuvé;2020-01-01;2025-01-21
PPRM;Plan de Prévention des Risques Miniers;13DDTM20200186;PPR Minier - Gardanne 2023  Révision 1;Direction départementale des territoires et de la mer;;;;93;PROVENCE-ALPES-COTE D'AZUR;13;BOUCHES-DU-RHONE;13041;Gardanne;30;Risque minier;34;Echauffement des terrains de dépôts;;;VRAI;13DDTM20020152;FAUX;;2020-07-22;;;;;2023-03-09;;;Opposable;2020-01-01;Approuvé;2020-01-01;2025-04-24
PPRM;Plan de Prévention des Risques Miniers;54DDT20190001;PPRM de Moutiers;Direction départementale des territoires;;;;44;GRAND EST;54;MEURTHE-ET-MOSELLE;54391;Moutiers;30;Risque minier;31;Affaissement minier;312;Effondrements localisés;VRAI;54DDT20140041;FAUX;;2019-08-27;;;;;;;;Prescrit;2020-01-01;Prescrit;2020-01-01;2025-03-18
PPRM;Plan de Prévention des Risques Miniers;49DDT20110001;Anciennes mines de fer du bassin de Segré;Direction départementale des territoires;;;;52;PAYS DE LA LOIRE;49;MAINE-ET-LOIRE;49331;Segré-en-Anjou Bleu;30;Risque minier;31;Affaissement minier;315;Glissements ou mouvements de pente;FAUX;;FAUX;;2008-04-22;2009-02-13;2009-02-13;2010-06-29;;2009-06-26;;;Opposable;2020-01-01;Approuvé;2020-01-01;2025-01-06
PPRM;Plan de Prévention des Risques Miniers;42DDT20130002;PPRM DE LA VALLEE DU GIER;Direction départementale des territoires;GIER;;;84;AUVERGNE-RHONE-ALPES;42;LOIRE;42103;La Grand-Croix;30;Risque minier;31;Affaissement minier;312;Effondrements localisés;FAUX;;FAUX;;2014-10-15;2018-12-10;2019-01-25;;;2019-03-29;;;Opposable;2020-01-01;Approuvé;2020-01-01;2025-01-21
PPRM;Plan de Prévention des Risques Miniers;54DDT20140045;PPRM Secteur CRUSNES;Direction départementale des territoires;Miniers;;;44;GRAND EST;54;MEURTHE-ET-MOSELLE;54504;Serrouville;30;Risque minier;31;Affaissement minier;314;Tassements;FAUX;;FAUX;;2014-08-07;2014-09-15;2014-10-20;;;2015-05-21;;;Opposable;2020-01-01;Approuvé;2020-01-01;2025-02-27
PPRM;Plan de Prévention des Risques Miniers;59DDTM20140003;PPRM Pays de Conde;Direction départementale des territoires et de la mer;;;;32;HAUTS-DE-FRANCE;59;NORD;59616;Vieux-Condé;30;Risque minier;31;Affaissement minier;315;Glissements ou mouvements de pente;FAUX;;FAUX;;2014-11-17;;;;;2018-07-06;;;Opposable;2020-01-01;Approuvé;2020-01-01;2025-03-26
PPRM;Plan de Prévention des Risques Miniers;69DDT20140001;Sainte Foy l'Argentière;Direction départementale des territoires;Sainte Foy l'Argentière;;;84;AUVERGNE-RHONE-ALPES;69;RHONE;69178;Souzy;30;Risque minier;33;Emissions en surface de gaz de mine;;;FAUX;;FAUX;;2013-11-08;2016-04-25;2016-05-27;;;2017-01-06;;;Opposable;2020-01-01;Approuvé;2020-01-01;2025-01-13
PPRM;Plan de Prévention des Risques Miniers;PPRM_2022_0001;PPRM - Bassin Nord 2ème révision;Direction départementale des territoires;;;;;;57;MOSELLE;57041;Aumetz;30;Risque minier;31;Affaissement minier;314;Tassements;VRAI;57DDT20100003;FAUX;;2021-09-20;;;;;2022-11-15;;;Opposable;2020-01-01;Approuvé;2020-01-01;2025-03-18
PPRM;Plan de Prévention des Risques Miniers;38DDT20180001;PPRM du Plateau Matheysin;Direction départementale des territoires;;;;84;AUVERGNE-RHONE-ALPES;38;ISERE;38326;Prunières;30;Risque minier;31;Affaissement minier;315;Glissements ou mouvements de pente;FAUX;;FAUX;;2007-12-10;2018-12-05;2019-01-19;;;2019-06-11;;;Opposable;2020-01-01;Approuvé;2020-01-01;2025-04-11
PPRM;Plan de Prévention des Risques Miniers;14DDTM20110007;PPR bassin minier de Soumont Saint Quentin;Direction départementale des territoires et de la mer;Mines de Soumont;;;28;NORMANDIE;14;CALVADOS;14546;Rouvres;30;Risque minier;31;Affaissement minier;312;Effondrements localisés;FAUX;;FAUX;;2005-11-14;2008-06-27;2008-06-27;;;2009-01-06;;;Opposable;2020-01-01;Approuvé;2020-01-01;2025-04-14
PPRM;Plan de Prévention des Risques Miniers;13DDTM20190174;PPR Minier - Cadolive 2022 Révision 1;Direction départementale des territoires et de la mer;;;;93;PROVENCE-ALPES-COTE D'AZUR;13;BOUCHES-DU-RHONE;13020;Cadolive;30;Risque minier;31;Affaissement minier;312;Effondrements localisés;VRAI;13DDTM20020147;FAUX;;2019-10-07;;;;;2022-04-15;;;Opposable;2020-01-01;Approuvé;2020-01-01;2025-04-24
PPRM;Plan de Prévention des Risques Miniers;12DDT20120002;PPRM du bassin de Decazeville;Direction départementale des territoires;;;;76;OCCITANIE;12;AVEYRON;12083;Cransac;30;Risque minier;31;Affaissement minier;314;Tassements;FAUX;;FAUX;;2012-12-21;;;;;2017-06-19;;;Opposable;2020-01-01;Approuvé;2020-01-01;2025-02-07
PPRM;Plan de Prévention des Risques Miniers;38DDT20180002;PPRM de Saint-Didier-de-la-Tour;Direction départementale des territoires;;;;84;AUVERGNE-RHONE-ALPES;38;ISERE;38162;Faverges-de-la-Tour;30;Risque minier;31;Affaissement minier;314;Tassements;FAUX;;FAUX;;2012-08-02;;;;;2022-02-16;;;Opposable;2020-01-01;Approuvé;2020-01-01;2025-03-06
PPRM;Plan de Prévention des Risques Miniers;38DDT20180002;PPRM de Saint-Didier-de-la-Tour;Direction départementale des territoires;;;;84;AUVERGNE-RHONE-ALPES;38;ISERE;38508;Torchefelon;30;Risque minier;33;Emissions en surface de gaz de mine;;;FAUX;;FAUX;;2012-08-02;;;;;2022-02-16;;;Opposable;2020-01-01;Approuvé;2020-01-01;2025-03-06
PPRM;Plan de Prévention des Risques Miniers;42DDT20130002;PPRM DE LA VALLEE DU GIER;Direction départementale des territoires;GIER;;;84;AUVERGNE-RHONE-ALPES;42;LOIRE;42123;Lorette;30;Risque minier;31;Affaissement minier;314;Tassements;FAUX;;FAUX;;2014-10-15;2018-12-10;2019-01-25;;;2019-03-29;;;Opposable;2020-01-01;Approuvé;2020-01-01;2025-01-21
PPRM;Plan de Prévention des Risques Miniers;59DDTM20140005;PPRM couronne de Valenciennes;Direction départementale des territoires et de la mer;;;;32;HAUTS-DE-FRANCE;59;NORD;59606;Valenciennes;30;Risque minier;31;Affaissement minier;313;Affaissements progressifs;FAUX;;FAUX;;2014-11-17;;;;;2018-07-06;;;Opposable;2020-01-01;Approuvé;2020-01-01;2025-03-26
PPRM;Plan de Prévention des Risques Miniers;13DDTM20200184;PPR Minier - Mimet 2024;Direction départementale des territoires et de la mer;;;;93;PROVENCE-ALPES-COTE D'AZUR;13;BOUCHES-DU-RHONE;13062;Mimet;30;Risque minier;31;Affaissement minier;314;Tassements;FAUX;;FAUX;;2020-10-14;;;;;2024-06-24;;;Opposable;2020-01-01;Approuvé;2020-01-01;2025-04-24
PPRM;Plan de Prévention des Risques Miniers;13DDTM20200183;PPR-Hybride - [ Minier & MVT - Carrières souterraines ] Gréasque 2025;Direction départementale des territoires et de la mer;;;;93;PROVENCE-ALPES-COTE D'AZUR;13;BOUCHES-DU-RHONE;13046;Gréasque;30;Risque minier;31;Affaissement minier;313;Affaissements progressifs;VRAI;13DDTM20020153;FAUX;;2020-07-22;;;;;2025-02-19;;;Opposable;2020-01-01;Approuvé;2020-01-01;2025-04-01
PPRM;Plan de Prévention des Risques Miniers;69DDT20140001;Sainte Foy l'Argentière;Direction départementale des territoires;Sainte Foy l'Argentière;;;84;AUVERGNE-RHONE-ALPES;69;RHONE;69014;Aveize;30;Risque minier;33;Emissions en surface de gaz de mine;;;FAUX;;FAUX;;2013-11-08;2016-04-25;2016-05-27;;;2017-01-06;;;Opposable;2020-01-01;Approuvé;2020-01-01;2025-01-13
PPRM;Plan de Prévention des Risques Miniers;PPRM_2022_0002;PPRM - ONDAINE;Direction départementale des territoires;;;;;;42;LOIRE;42223;Saint-Genest-Lerpt;30;Risque minier;31;Affaissement minier;315;Glissements ou mouvements de pente;FAUX;;FAUX;;2022-08-17;2025-03-03;2025-04-11;;;2025-06-30;;;Opposable;2020-01-01;Approuvé;2020-01-01;2025-07-22
PPRM;Plan de Prévention des Risques Miniers;13DDTM20200184;PPR Minier - Mimet 2024;Direction départementale des territoires et de la mer;;;;93;PROVENCE-ALPES-COTE D'AZUR;13;BOUCHES-DU-RHONE;13062;Mimet;30;Risque minier;31;Affaissement minier;313;Affaissements progressifs;FAUX;;FAUX;;2020-10-14;;;;;2024-06-24;;;Opposable;2020-01-01;Approuvé;2020-01-01;2025-04-24
PPRM;Plan de Prévention des Risques Miniers;54DDT20140010;PPRM Secteur de Thil;Direction départementale des territoires;;;;44;GRAND EST;54;MEURTHE-ET-MOSELLE;54270;Hussigny-Godbrange;30;Risque minier;31;Affaissement minier;314;Tassements;FAUX;;FAUX;;2012-08-03;2012-10-10;2012-11-12;;;2013-03-26;;;Opposable;2020-01-01;Approuvé;2020-01-01;2025-02-27
PPRM;Plan de Prévention des Risques Miniers;42DDT20160002;PPRM VALLEE DE L'ONDAINE;Direction départementale des territoires;ONDAINE;;;84;AUVERGNE-RHONE-ALPES;42;LOIRE;42183;La Ricamarie;30;Risque minier;31;Affaissement minier;312;Effondrements localisés;FAUX;;FAUX;;2016-03-15;2018-01-22;2018-02-27;;;2018-07-11;2023-02-05;;Caduque;2020-01-01;Annulé;2020-01-01;2023-02-02
PPRM;Plan de Prévention des Risques Miniers;54DDT20140001;PPRM Secteur de Jarny;Direction départementale des territoires;;;;44;GRAND EST;54;MEURTHE-ET-MOSELLE;54227;Giraumont;30;Risque minier;31;Affaissement minier;312;Effondrements localisés;VRAI;54DDT20080009;FAUX;;2012-08-03;2012-10-11;2012-11-12;;;2013-03-26;;;Opposable;2020-01-01;Approuvé;2020-01-01;2025-02-27
PPRM;Plan de Prévention des Risques Miniers;13DDTM20200185;PPR Minier - La Bouilladisse 2023;Direction départementale des territoires et de la mer;;;;93;PROVENCE-ALPES-COTE D'AZUR;13;BOUCHES-DU-RHONE;13016;La Bouilladisse;30;Risque minier;31;Affaissement minier;312;Effondrements localisés;VRAI;13DDTM20020151;FAUX;;2020-07-22;;;;;2023-03-09;;;Opposable;2020-01-01;Approuvé;2020-01-01;2025-04-08
PPRM;Plan de Prévention des Risques Miniers;14DDTM20110007;PPR bassin minier de Soumont Saint Quentin;Direction départementale des territoires et de la mer;Mines de Soumont;;;28;NORMANDIE;14;CALVADOS;14090;Boulon;30;Risque minier;31;Affaissement minier;312;Effondrements localisés;FAUX;;FAUX;;2005-11-14;2008-06-27;2008-06-27;2009-07-01;;2009-01-06;;;Opposable;2020-01-01;Approuvé;2020-01-01;2025-04-14
PPRM;Plan de Prévention des Risques Miniers;42DDT20170001;PPRM NORD ET EST St ETIENNE;Direction départementale des territoires;St ETIENNE;;;84;AUVERGNE-RHONE-ALPES;42;LOIRE;42237;Saint-Jean-Bonnefonds;30;Risque minier;31;Affaissement minier;312;Effondrements localisés;FAUX;;FAUX;;2012-04-30;2016-03-29;2016-04-29;;;2016-09-08;;;Opposable;2020-01-01;Approuvé;2020-01-01;2025-01-21
PPRM;Plan de Prévention des Risques Miniers;54DDT20140041;PPRM Secteur BRIEY;Direction départementale des territoires;Miniers;;;44;GRAND EST;54;MEURTHE-ET-MOSELLE;54099;Val de Briey;30;Risque minier;31;Affaissement minier;313;Affaissements progressifs;VRAI;54DDT20140031;VRAI;54DDT20190001;2014-03-12;;;;;2016-08-23;;;Opposable;2020-01-01;Approuvé;2020-01-01;2025-02-27
PPRM;Plan de Prévention des Risques Miniers;PPRM_2022_0002;PPRM - ONDAINE;Direction départementale des territoires;;;;;;42;LOIRE;42189;Roche-la-Molière;30;Risque minier;34;Echauffement des terrains de dépôts;;;FAUX;;FAUX;;2022-08-17;2025-03-03;2025-04-11;;;2025-06-30;;;Opposable;2020-01-01;Approuvé;2020-01-01;2025-07-22
PPRM;Plan de Prévention des Risques Miniers;PPRM_2022_0001;PPRM - Bassin Nord 2ème révision;Direction départementale des territoires;;;;;;57;MOSELLE;57226;Fontoy;30;Risque minier;31;Affaissement minier;314;Tassements;VRAI;57DDT20100003;FAUX;;2021-09-20;;;;;2022-11-15;;;Opposable;2020-01-01;Approuvé;2020-01-01;2025-03-18
PPRM;Plan de Prévention des Risques Miniers;42DDT20170001;PPRM NORD ET EST St ETIENNE;Direction départementale des territoires;St ETIENNE;;;84;AUVERGNE-RHONE-ALPES;42;LOIRE;42097;La Fouillouse;30;Risque minier;31;Affaissement minier;315;Glissements ou mouvements de pente;FAUX;;FAUX;;2012-04-30;2016-03-29;2016-04-29;;;2016-09-08;;;Opposable;2020-01-01;Approuvé;2020-01-01;2025-01-21
PPRM;Plan de Prévention des Risques Miniers;38DDT20180001;PPRM du Plateau Matheysin;Direction départementale des territoires;;;;84;AUVERGNE-RHONE-ALPES;38;ISERE;38361;Saint-Arey;30;Risque minier;31;Affaissement minier;315;Glissements ou mouvements de pente;FAUX;;FAUX;;2007-12-10;2018-12-05;2019-01-19;;;2019-06-11;;;Opposable;2020-01-01;Approuvé;2020-01-01;2025-04-11
PPRM;Plan de Prévention des Risques Miniers;23DDT20130001;PPRM Bassin houiller d'Ahun;Direction départementale des territoires;;;;75;NOUVELLE-AQUITAINE;23;CREUSE;23214;Saint-Martial-le-Mont;30;Risque minier;33;Emissions en surface de gaz de mine;;;FAUX;;FAUX;;2000-11-14;2011-04-11;2011-05-27;;;2012-05-11;;;Opposable;2020-01-01;Approuvé;2020-01-01;2025-01-27
PPRM;Plan de Prévention des Risques Miniers;54DDT20140007;PPRM Secteur de Piennes;Direction départementale des territoires;;;;44;GRAND EST;54;MEURTHE-ET-MOSELLE;54084;Mont-Bonvillers;30;Risque minier;31;Affaissement minier;314;Tassements;FAUX;;FAUX;;2012-11-26;2013-02-08;2013-03-11;;;2013-08-29;;;Opposable;2020-01-01;Approuvé;2020-01-01;2025-02-27
PPRM;Plan de Prévention des Risques Miniers;PPRM_2024_0001;PPRM - Mines de fer du pourtour d'Angers ;Direction régionale de l'environnement, de l'aménagement et du logement;;;;;;49;MAINE-ET-LOIRE;49015;Avrillé;30;Risque minier;31;Affaissement minier;314;Tassements;FAUX;;FAUX;;2023-05-22;;;;;;;;Prescrit;2020-01-01;Prescrit;2020-01-01;2025-03-18
PPRM;Plan de Prévention des Risques Miniers;42DDT20130002;PPRM DE LA VALLEE DU GIER;Direction départementale des territoires;GIER;;;84;AUVERGNE-RHONE-ALPES;42;LOIRE;42307;Tartaras;30;Risque minier;31;Affaissement minier;315;Glissements ou mouvements de pente;FAUX;;FAUX;;2014-10-15;2018-12-10;2019-01-25;;;2019-03-29;;;Opposable;2020-01-01;Approuvé;2020-01-01;2025-01-21
PPRM;Plan de Prévention des Risques Miniers;61DDT20120014;PPR-M - La Ferrière aux Étangs;Direction départementale des territoires;;;;28;NORMANDIE;61;ORNE;61024;Banvou;30;Risque minier;31;Affaissement minier;313;Affaissements progressifs;FAUX;;FAUX;;2007-09-17;2010-12-09;2011-01-13;;;2011-08-01;;;Opposable;2020-01-01;Approuvé;2020-01-01;2012-10-19
PPRM;Plan de Prévention des Risques Miniers;14DDTM20110008;PPR Mines de May sur Orne;Direction départementale des territoires et de la mer;Mines de May sur Orne;;;28;NORMANDIE;14;CALVADOS;14554;Le Castelet;30;Risque minier;31;Affaissement minier;312;Effondrements localisés;FAUX;;FAUX;;2005-01-14;2021-02-08;2021-03-16;2021-12-21;;2021-08-10;;;Opposable;2020-01-01;Approuvé;2020-01-01;2025-03-31
PPRM;Plan de Prévention des Risques Miniers;42DDT20160001;PPRM  St ETIENNE;Direction départementale des territoires;St ETIENNE;;;84;AUVERGNE-RHONE-ALPES;42;LOIRE;42218;Saint-Étienne;30;Risque minier;31;Affaissement minier;312;Effondrements localisés;FAUX;;FAUX;;2016-05-03;;;;;2018-02-05;;;Opposable;2020-01-01;Approuvé;2020-01-01;2025-01-21
PPRM;Plan de Prévention des Risques Miniers;54DDT20140045;PPRM Secteur CRUSNES;Direction départementale des territoires;Miniers;;;44;GRAND EST;54;MEURTHE-ET-MOSELLE;54181;Errouville;30;Risque minier;31;Affaissement minier;313;Affaissements progressifs;FAUX;;FAUX;;2014-08-07;2014-09-15;2014-10-20;;;2015-05-21;;;Opposable;2020-01-01;Approuvé;2020-01-01;2025-02-27
PPRM;Plan de Prévention des Risques Miniers;57DDT20100005;PPRM-Bassin Sud révision;Direction départementale des territoires;Bassin ferrifère;;;44;GRAND EST;57;MOSELLE;57481;Montois-la-Montagne;30;Risque minier;31;Affaissement minier;313;Affaissements progressifs;VRAI;57DDT20100004;VRAI;57DDT20140009;2007-02-19;;;;;2011-02-28;;2016-03-08;Caduque;2020-01-01;Abrogé;2020-01-01;2025-01-09
PPRM;Plan de Prévention des Risques Miniers;12DDT20120002;PPRM du bassin de Decazeville;Direction départementale des territoires;;;;76;OCCITANIE;12;AVEYRON;12013;Aubin;30;Risque minier;31;Affaissement minier;313;Affaissements progressifs;FAUX;;FAUX;;2012-12-21;;;;;2017-06-19;;;Opposable;2020-01-01;Approuvé;2020-01-01;2025-02-07
PPRM;Plan de Prévention des Risques Miniers;69DDT20140001;Sainte Foy l'Argentière;Direction départementale des territoires;Sainte Foy l'Argentière;;;84;AUVERGNE-RHONE-ALPES;69;RHONE;69203;Saint-Genis-l'Argentière;30;Risque minier;33;Emissions en surface de gaz de mine;;;FAUX;;FAUX;;2013-11-08;2016-04-25;2016-05-27;;;2017-01-06;;;Opposable;2020-01-01;Approuvé;2020-01-01;2025-01-13
PPRM;Plan de Prévention des Risques Miniers;62DDTM20150001;PPRm du BETHUNOIS;Direction départementale des territoires et de la mer;Béthunois;;;32;HAUTS-DE-FRANCE;62;PAS-DE-CALAIS;62270;Divion;30;Risque minier;31;Affaissement minier;315;Glissements ou mouvements de pente;FAUX;;FAUX;;2015-06-10;;;;;2017-11-17;;;Opposable;2020-01-01;Approuvé;2020-01-01;2021-02-24
PPRM;Plan de Prévention des Risques Miniers;38DDT20180002;PPRM de Saint-Didier-de-la-Tour;Direction départementale des territoires;;;;84;AUVERGNE-RHONE-ALPES;38;ISERE;38357;Saint-André-le-Gaz;30;Risque minier;31;Affaissement minier;314;Tassements;FAUX;;FAUX;;2012-08-02;;;;;2022-02-16;;;Opposable;2020-01-01;Approuvé;2020-01-01;2025-03-06
PPRM;Plan de Prévention des Risques Miniers;PPRM_2022_0002;PPRM - ONDAINE;Direction départementale des territoires;;;;;;42;LOIRE;42270;Saint-Paul-en-Cornillon;30;Risque minier;34;Echauffement des terrains de dépôts;;;FAUX;;FAUX;;2022-08-17;2025-03-03;2025-04-11;;;2025-06-30;;;Opposable;2020-01-01;Approuvé;2020-01-01;2025-07-22
PPRM;Plan de Prévention des Risques Miniers;12DDT20120002;PPRM du bassin de Decazeville;Direction départementale des territoires;;;;76;OCCITANIE;12;AVEYRON;12083;Cransac;30;Risque minier;31;Affaissement minier;311;Effondrements généralisés;FAUX;;FAUX;;2012-12-21;;;;;2017-06-19;;;Opposable;2020-01-01;Approuvé;2020-01-01;2025-02-07
PPRM;Plan de Prévention des Risques Miniers;38DDT20180001;PPRM du Plateau Matheysin;Direction départementale des territoires;;;;84;AUVERGNE-RHONE-ALPES;38;ISERE;38304;Pierre-Châtel;30;Risque minier;32;Inondations de terrains miniers;321;Pollution des eaux souterraines et de surface;FAUX;;FAUX;;2007-12-10;2018-12-05;2019-01-19;;;2019-06-11;;;Opposable;2020-01-01;Approuvé;2020-01-01;2025-04-11
PPRM;Plan de Prévention des Risques Miniers;57DDT20100009;PPRM-Fensch;Direction départementale des territoires;Bassin ferrifère;;;44;GRAND EST;57;MOSELLE;57498;Neufchef;30;Risque minier;31;Affaissement minier;313;Affaissements progressifs;FAUX;;VRAI;57DDT20150002;2006-10-17;;;;;2013-03-18;;2017-01-26;Caduque;2020-01-01;Abrogé;2020-01-01;2025-01-09
PPRM;Plan de Prévention des Risques Miniers;42DDT20160002;PPRM VALLEE DE L'ONDAINE;Direction départementale des territoires;ONDAINE;;;84;AUVERGNE-RHONE-ALPES;42;LOIRE;42218;Saint-Étienne;30;Risque minier;31;Affaissement minier;312;Effondrements localisés;FAUX;;FAUX;;2016-03-15;2018-01-22;2018-02-27;;;2018-07-11;2023-02-05;;Caduque;2020-01-01;Annulé;2020-01-01;2023-02-02
PPRM;Plan de Prévention des Risques Miniers;23DDT20130001;PPRM Bassin houiller d'Ahun;Direction départementale des territoires;;;;75;NOUVELLE-AQUITAINE;23;CREUSE;23105;Lavaveix-les-Mines;30;Risque minier;31;Affaissement minier;314;Tassements;FAUX;;FAUX;;2000-11-14;2011-04-11;2011-05-27;;;2012-05-11;;;Opposable;2020-01-01;Approuvé;2020-01-01;2025-01-27
PPRM;Plan de Prévention des Risques Miniers;54DDT20140041;PPRM Secteur BRIEY;Direction départementale des territoires;Miniers;;;44;GRAND EST;54;MEURTHE-ET-MOSELLE;54263;Homécourt;30;Risque minier;31;Affaissement minier;314;Tassements;VRAI;54DDT20140031;VRAI;54DDT20190001;2014-03-12;;;;;2016-08-23;;;Opposable;2020-01-01;Approuvé;2020-01-01;2025-02-27
PPRM;Plan de Prévention des Risques Miniers;PPRM_2022_0001;PPRM - Bassin Nord 2ème révision;Direction départementale des territoires;;;;;;57;MOSELLE;57096;Boulange;30;Risque minier;31;Affaissement minier;313;Affaissements progressifs;VRAI;57DDT20100003;FAUX;;2021-09-20;;;;;2022-11-15;;;Opposable;2020-01-01;Approuvé;2020-01-01;2025-03-18
PPRM;Plan de Prévention des Risques Miniers;62DDTM20150002;PPRm du LENSOIS;Direction départementale des territoires et de la mer;Lensois;;;32;HAUTS-DE-FRANCE;62;PAS-DE-CALAIS;62427;Hénin-Beaumont;30;Risque minier;31;Affaissement minier;312;Effondrements localisés;FAUX;;FAUX;;2015-06-10;;;;;2017-11-17;;;Opposable;2020-01-01;Approuvé;2020-01-01;2022-03-04
PPRM;Plan de Prévention des Risques Miniers;63DDT20140005;PPRminiers de Brassac les Mines;Direction départementale des territoires;de Brassac les Mines;;;84;AUVERGNE-RHONE-ALPES;63;PUY-DE-DOME;63050;Brassac-les-Mines;30;Risque minier;31;Affaissement minier;312;Effondrements localisés;FAUX;;FAUX;;2014-07-16;;;;;2017-09-11;;;Opposable;2020-01-01;Approuvé;2020-01-01;2025-02-11
PPRM;Plan de Prévention des Risques Miniers;54DDT20140012;PPRM de Sancy;Direction départementale des territoires;;;;44;GRAND EST;54;MEURTHE-ET-MOSELLE;54491;Sancy;30;Risque minier;31;Affaissement minier;313;Affaissements progressifs;FAUX;;FAUX;;2012-08-03;;;;;2015-11-30;;;Opposable;2020-01-01;Approuvé;2020-01-01;2025-02-27
PPRM;Plan de Prévention des Risques Miniers;59DDTM20140005;PPRM couronne de Valenciennes;Direction départementale des territoires et de la mer;;;;32;HAUTS-DE-FRANCE;59;NORD;59014;Anzin;30;Risque minier;31;Affaissement minier;315;Glissements ou mouvements de pente;FAUX;;FAUX;;2014-11-17;;;;;2018-07-06;;;Opposable;2020-01-01;Approuvé;2020-01-01;2025-03-26
PPRM;Plan de Prévention des Risques Miniers;54DDT20140033;PPRM Secteur de Crusnes;Direction départementale des territoires;;;;44;GRAND EST;54;MEURTHE-ET-MOSELLE;54149;Crusnes;30;Risque minier;31;Affaissement minier;314;Tassements;FAUX;;FAUX;;2006-02-02;;;;;2009-12-15;;;Opposable;2020-01-01;Approuvé;2020-01-01;2025-02-27
PPRM;Plan de Prévention des Risques Miniers;42DDT20130002;PPRM DE LA VALLEE DU GIER;Direction départementale des territoires;GIER;;;84;AUVERGNE-RHONE-ALPES;42;LOIRE;42225;Genilac;30;Risque minier;34;Echauffement des terrains de dépôts;;;FAUX;;FAUX;;2014-10-15;2018-12-10;2019-01-25;;;2019-03-29;;;Opposable;2020-01-01;Approuvé;2020-01-01;2025-01-21
PPRM;Plan de Prévention des Risques Miniers;62DDTM20150001;PPRm du BETHUNOIS;Direction départementale des territoires et de la mer;Béthunois;;;32;HAUTS-DE-FRANCE;62;PAS-DE-CALAIS;62270;Divion;30;Risque minier;31;Affaissement minier;312;Effondrements localisés;FAUX;;FAUX;;2015-06-10;;;;;2017-11-17;;;Opposable;2020-01-01;Approuvé;2020-01-01;2021-02-24
PPRM;Plan de Prévention des Risques Miniers;PPRM_2022_0001;PPRM - Bassin Nord 2ème révision;Direction départementale des territoires;;;;;;57;MOSELLE;57022;Angevillers;30;Risque minier;31;Affaissement minier;312;Effondrements localisés;VRAI;57DDT20100003;FAUX;;2021-09-20;;;;;2022-11-15;;;Opposable;2020-01-01;Approuvé;2020-01-01;2025-03-18
PPRM;Plan de Prévention des Risques Miniers;61DDT20120014;PPR-M - La Ferrière aux Étangs;Direction départementale des territoires;;;;28;NORMANDIE;61;ORNE;61163;La Ferrière-aux-Étangs;30;Risque minier;31;Affaissement minier;314;Tassements;FAUX;;FAUX;;2007-09-17;2010-12-09;2011-01-13;;;2011-08-01;;;Opposable;2020-01-01;Approuvé;2020-01-01;2012-10-19
PPRM;Plan de Prévention des Risques Miniers;38DDT20180001;PPRM du Plateau Matheysin;Direction départementale des territoires;;;;84;AUVERGNE-RHONE-ALPES;38;ISERE;38361;Saint-Arey;30;Risque minier;32;Inondations de terrains miniers;321;Pollution des eaux souterraines et de surface;FAUX;;FAUX;;2007-12-10;2018-12-05;2019-01-19;;;2019-06-11;;;Opposable;2020-01-01;Approuvé;2020-01-01;2025-04-11
PPRM;Plan de Prévention des Risques Miniers;59DDTM20160024;PPR Puits de mines;Direction départementale des territoires et de la mer;Valenciennes;;;32;HAUTS-DE-FRANCE;59;NORD;59606;Valenciennes;30;Risque minier;31;Affaissement minier;;;FAUX;;FAUX;;1996-03-26;;;;;;;2014-11-17;Caduque;2020-01-01;Abrogé;2020-01-01;2007-05-03
PPRM;Plan de Prévention des Risques Miniers;PPRM_2025_0001;PPRM - modification - Doyet - Bezenet - Montvicq;Direction départementale des territoires;;;;;;03;ALLIER;03027;Bézenet;30;Risque minier;31;Affaissement minier;314;Tassements;VRAI;03DDT20120001;FAUX;;2024-08-09;;;;;2024-12-18;;;Opposable;2020-01-01;Approuvé;2020-01-01;2024-08-09
PPRM;Plan de Prévention des Risques Miniers;62DDTM20150001;PPRm du BETHUNOIS;Direction départementale des territoires et de la mer;Béthunois;;;32;HAUTS-DE-FRANCE;62;PAS-DE-CALAIS;62617;Nœux-les-Mines;30;Risque minier;31;Affaissement minier;315;Glissements ou mouvements de pente;FAUX;;FAUX;;2015-06-10;;;;;2017-11-17;;;Opposable;2020-01-01;Approuvé;2020-01-01;2021-02-24
PPRM;Plan de Prévention des Risques Miniers;42DDT20130002;PPRM DE LA VALLEE DU GIER;Direction départementale des territoires;GIER;;;84;AUVERGNE-RHONE-ALPES;42;LOIRE;42271;Saint-Paul-en-Jarez;30;Risque minier;31;Affaissement minier;314;Tassements;FAUX;;FAUX;;2014-10-15;2018-12-10;2019-01-25;;;2019-03-29;;;Opposable;2020-01-01;Approuvé;2020-01-01;2025-01-21
PPRM;Plan de Prévention des Risques Miniers;42DDT20170001;PPRM NORD ET EST St ETIENNE;Direction départementale des territoires;St ETIENNE;;;84;AUVERGNE-RHONE-ALPES;42;LOIRE;42330;Villars;30;Risque minier;34;Echauffement des terrains de dépôts;;;FAUX;;FAUX;;2012-04-30;2016-03-29;2016-04-29;;;2016-09-08;;;Opposable;2020-01-01;Approuvé;2020-01-01;2025-01-21
PPRM;Plan de Prévention des Risques Miniers;54DDT20140041;PPRM Secteur BRIEY;Direction départementale des territoires;Miniers;;;44;GRAND EST;54;MEURTHE-ET-MOSELLE;54391;Moutiers;30;Risque minier;31;Affaissement minier;313;Affaissements progressifs;VRAI;54DDT20140031;VRAI;54DDT20190001;2014-03-12;;;;;2016-08-23;;;Opposable;2020-01-01;Approuvé;2020-01-01;2025-02-27
PPRM;Plan de Prévention des Risques Miniers;59DDTM20140004;PPRM Denaisis;Direction départementale des territoires et de la mer;;;;32;HAUTS-DE-FRANCE;59;NORD;59292;Haveluy;30;Risque minier;31;Affaissement minier;314;Tassements;FAUX;;FAUX;;2014-11-17;;;;;2018-07-06;;;Opposable;2020-01-01;Approuvé;2020-01-01;2025-03-26
PPRM;Plan de Prévention des Risques Miniers;62DDTM20150002;PPRm du LENSOIS;Direction départementale des territoires et de la mer;Lensois;;;32;HAUTS-DE-FRANCE;62;PAS-DE-CALAIS;62528;Loos-en-Gohelle;30;Risque minier;31;Affaissement minier;314;Tassements;FAUX;;FAUX;;2015-06-10;;;;;2017-11-17;;;Opposable;2020-01-01;Approuvé;2020-01-01;2022-03-04
PPRM;Plan de Prévention des Risques Miniers;54DDT20140034;PPRM Secteur de Piennes;Direction départementale des territoires;;;;44;GRAND EST;54;MEURTHE-ET-MOSELLE;54295;Landres;30;Risque minier;31;Affaissement minier;313;Affaissements progressifs;FAUX;;FAUX;;2007-03-08;;;;;2010-04-20;;;Opposable;2020-01-01;Approuvé;2020-01-01;2025-02-27
PPRM;Plan de Prévention des Risques Miniers;07DDT20140021;PRIVAS/VEYRAS PPR Minier;Direction départementale des territoires;;;;84;AUVERGNE-RHONE-ALPES;07;ARDECHE;07340;Veyras;30;Risque minier;31;Affaissement minier;314;Tassements;FAUX;;FAUX;;2014-12-12;2016-11-09;2016-12-09;;;2017-05-22;;;Opposable;2020-01-01;Approuvé;2020-01-01;2025-02-18
PPRM;Plan de Prévention des Risques Miniers;54DDT20140001;PPRM Secteur de Jarny;Direction départementale des territoires;;;;44;GRAND EST;54;MEURTHE-ET-MOSELLE;54273;Jarny;30;Risque minier;31;Affaissement minier;313;Affaissements progressifs;VRAI;54DDT20080009;FAUX;;2012-08-03;2012-10-11;2012-11-12;;;2013-03-26;;;Opposable;2020-01-01;Approuvé;2020-01-01;2025-02-27
PPRM;Plan de Prévention des Risques Miniers;38DDT20180001;PPRM du Plateau Matheysin;Direction départementale des territoires;;;;84;AUVERGNE-RHONE-ALPES;38;ISERE;38304;Pierre-Châtel;30;Risque minier;31;Affaissement minier;315;Glissements ou mouvements de pente;FAUX;;FAUX;;2007-12-10;2018-12-05;2019-01-19;;;2019-06-11;;;Opposable;2020-01-01;Approuvé;2020-01-01;2025-04-11
PPRM;Plan de Prévention des Risques Miniers;54DDT20140041;PPRM Secteur BRIEY;Direction départementale des territoires;Miniers;;;44;GRAND EST;54;MEURTHE-ET-MOSELLE;54391;Moutiers;30;Risque minier;31;Affaissement minier;314;Tassements;VRAI;54DDT20140031;VRAI;54DDT20190001;2014-03-12;;;;;2016-08-23;;;Opposable;2020-01-01;Approuvé;2020-01-01;2025-02-27
PPRM;Plan de Prévention des Risques Miniers;54DDT20140045;PPRM Secteur CRUSNES;Direction départementale des territoires;Miniers;;;44;GRAND EST;54;MEURTHE-ET-MOSELLE;54504;Serrouville;30;Risque minier;31;Affaissement minier;313;Affaissements progressifs;FAUX;;FAUX;;2014-08-07;2014-09-15;2014-10-20;;;2015-05-21;;;Opposable;2020-01-01;Approuvé;2020-01-01;2025-02-27
PPRM;Plan de Prévention des Risques Miniers;38DDT20180001;PPRM du Plateau Matheysin;Direction départementale des territoires;;;;84;AUVERGNE-RHONE-ALPES;38;ISERE;38304;Pierre-Châtel;30;Risque minier;31;Affaissement minier;314;Tassements;FAUX;;FAUX;;2007-12-10;2018-12-05;2019-01-19;;;2019-06-11;;;Opposable;2020-01-01;Approuvé;2020-01-01;2025-04-11
PPRM;Plan de Prévention des Risques Miniers;57DDT20100009;PPRM-Fensch;Direction départementale des territoires;Bassin ferrifère;;;44;GRAND EST;57;MOSELLE;57498;Neufchef;30;Risque minier;31;Affaissement minier;312;Effondrements localisés;FAUX;;VRAI;57DDT20150002;2006-10-17;;;;;2013-03-18;;2017-01-26;Caduque;2020-01-01;Abrogé;2020-01-01;2025-01-09
PPRM;Plan de Prévention des Risques Miniers;54DDT20140045;PPRM Secteur CRUSNES;Direction départementale des territoires;Miniers;;;44;GRAND EST;54;MEURTHE-ET-MOSELLE;54181;Errouville;30;Risque minier;31;Affaissement minier;314;Tassements;FAUX;;FAUX;;2014-08-07;2014-09-15;2014-10-20;;;2015-05-21;;;Opposable;2020-01-01;Approuvé;2020-01-01;2025-02-27
PPRM;Plan de Prévention des Risques Miniers;57DDT20100010;PPRM-Orne;Direction départementale des territoires;Bassin ferrifère;;;44;GRAND EST;57;MOSELLE;57597;Rosselange;30;Risque minier;31;Affaissement minier;313;Affaissements progressifs;FAUX;;VRAI;57DDT20150003;2006-10-17;;;;;2014-03-07;;2016-04-04;Caduque;2020-01-01;Abrogé;2020-01-01;2025-01-09
PPRM;Plan de Prévention des Risques Miniers;38DDT20180001;PPRM du Plateau Matheysin;Direction départementale des territoires;;;;84;AUVERGNE-RHONE-ALPES;38;ISERE;38269;La Mure;30;Risque minier;31;Affaissement minier;314;Tassements;FAUX;;FAUX;;2007-12-10;2018-12-05;2019-01-19;;;2019-06-11;;;Opposable;2020-01-01;Approuvé;2020-01-01;2025-04-11
PPRM;Plan de Prévention des Risques Miniers;13DDTM20190174;PPR Minier - Cadolive 2022 Révision 1;Direction départementale des territoires et de la mer;;;;93;PROVENCE-ALPES-COTE D'AZUR;13;BOUCHES-DU-RHONE;13020;Cadolive;30;Risque minier;31;Affaissement minier;314;Tassements;VRAI;13DDTM20020147;FAUX;;2019-10-07;;;;;2022-04-15;;;Opposable;2020-01-01;Approuvé;2020-01-01;2025-04-24
PPRM;Plan de Prévention des Risques Miniers;38DDT20180001;PPRM du Plateau Matheysin;Direction départementale des territoires;;;;84;AUVERGNE-RHONE-ALPES;38;ISERE;38361;Saint-Arey;30;Risque minier;31;Affaissement minier;311;Effondrements généralisés;FAUX;;FAUX;;2007-12-10;2018-12-05;2019-01-19;;;2019-06-11;;;Opposable;2020-01-01;Approuvé;2020-01-01;2025-04-11
PPRM;Plan de Prévention des Risques Miniers;55DDT20130002;PPRm;Direction départementale des territoires;Bassin Ferrifère;;;44;GRAND EST;55;MEUSE;55158;Dommary-Baroncourt;30;Risque minier;31;Affaissement minier;315;Glissements ou mouvements de pente;FAUX;;FAUX;;2006-05-09;2009-03-04;2009-04-04;;;2009-12-22;;;Opposable;2020-01-01;Approuvé;2020-01-01;2025-02-10
PPRM;Plan de Prévention des Risques Miniers;38DDT20180001;PPRM du Plateau Matheysin;Direction départementale des territoires;;;;84;AUVERGNE-RHONE-ALPES;38;ISERE;38280;Notre-Dame-de-Vaulx;30;Risque minier;31;Affaissement minier;312;Effondrements localisés;FAUX;;FAUX;;2007-12-10;2018-12-05;2019-01-19;;;2019-06-11;;;Opposable;2020-01-01;Approuvé;2020-01-01;2025-04-11
PPRM;Plan de Prévention des Risques Miniers;49DDT20110001;Anciennes mines de fer du bassin de Segré;Direction départementale des territoires;;;;52;PAYS DE LA LOIRE;49;MAINE-ET-LOIRE;49331;Segré-en-Anjou Bleu;30;Risque minier;31;Affaissement minier;312;Effondrements localisés;FAUX;;FAUX;;2008-04-22;2009-02-13;2009-02-13;;;2009-06-26;;;Opposable;2020-01-01;Approuvé;2020-01-01;2025-01-06
PPRM;Plan de Prévention des Risques Miniers;57DDT20100003;PPRM-Bassin Nord révision;Direction départementale des territoires;Bassin ferrifère;;;44;GRAND EST;57;MOSELLE;57529;Ottange;30;Risque minier;31;Affaissement minier;314;Tassements;VRAI;57DDT20100002;VRAI;PPRM_2022_0001;2007-02-19;;;;;2011-09-30;;2022-11-15;Caduque;2020-01-01;Abrogé;2020-01-01;2022-12-20
PPRM;Plan de Prévention des Risques Miniers;57DDT20140008;PPRM-Moyeuvre Grande;Direction départementale des territoires;Bassin ferrifère;;;44;GRAND EST;57;MOSELLE;57491;Moyeuvre-Grande;30;Risque minier;31;Affaissement minier;314;Tassements;VRAI;57DDT20100008;FAUX;;2014-05-26;;;;;2016-07-08;;;Opposable;2020-01-01;Approuvé;2020-01-01;2025-01-09
PPRM;Plan de Prévention des Risques Miniers;69DDT20140001;Sainte Foy l'Argentière;Direction départementale des territoires;Sainte Foy l'Argentière;;;84;AUVERGNE-RHONE-ALPES;69;RHONE;69203;Saint-Genis-l'Argentière;30;Risque minier;31;Affaissement minier;314;Tassements;FAUX;;FAUX;;2013-11-08;2016-04-25;2016-05-27;;;2017-01-06;;;Opposable;2020-01-01;Approuvé;2020-01-01;2025-01-13
PPRM;Plan de Prévention des Risques Miniers;57DDT20150002;PPRM-Fensch révision;Direction départementale des territoires;Bassin ferrifère;;;44;GRAND EST;57;MOSELLE;57368;Knutange;30;Risque minier;31;Affaissement minier;313;Affaissements progressifs;VRAI;57DDT20100009;FAUX;;2015-08-06;;;;;2017-01-26;;;Opposable;2020-01-01;Approuvé;2020-01-01;2025-01-09
PPRM;Plan de Prévention des Risques Miniers;73PREF20160034;PPRM-La Plagne Tarentaise Aime ;Préfecture;;;;84;AUVERGNE-RHONE-ALPES;73;SAVOIE;73006;Aime-la-Plagne;30;Risque minier;31;Affaissement minier;313;Affaissements progressifs;FAUX;;FAUX;;2012-12-28;;;;;2014-12-18;;;Opposable;2020-01-01;Approuvé;2020-01-01;2025-03-14
PPRM;Plan de Prévention des Risques Miniers;12DDT20120002;PPRM du bassin de Decazeville;Direction départementale des territoires;;;;76;OCCITANIE;12;AVEYRON;12016;Auzits;30;Risque minier;34;Echauffement des terrains de dépôts;;;FAUX;;FAUX;;2012-12-21;;;;;2017-06-19;;;Opposable;2020-01-01;Approuvé;2020-01-01;2025-02-07
PPRM;Plan de Prévention des Risques Miniers;54DDT20140041;PPRM Secteur BRIEY;Direction départementale des territoires;Miniers;;;44;GRAND EST;54;MEURTHE-ET-MOSELLE;54542;Valleroy;30;Risque minier;31;Affaissement minier;313;Affaissements progressifs;VRAI;54DDT20140031;VRAI;54DDT20190001;2014-03-12;;;;;2016-08-23;;;Opposable;2020-01-01;Approuvé;2020-01-01;2025-02-27
PPRM;Plan de Prévention des Risques Miniers;59DDTM20140003;PPRM Pays de Conde;Direction départementale des territoires et de la mer;;;;32;HAUTS-DE-FRANCE;59;NORD;59616;Vieux-Condé;30;Risque minier;33;Emissions en surface de gaz de mine;;;FAUX;;FAUX;;2014-11-17;;;;;2018-07-06;;;Opposable;2020-01-01;Approuvé;2020-01-01;2025-03-26
PPRM;Plan de Prévention des Risques Miniers;57DDT20100009;PPRM-Fensch;Direction départementale des territoires;Bassin ferrifère;;;44;GRAND EST;57;MOSELLE;57562;Ranguevaux;30;Risque minier;31;Affaissement minier;313;Affaissements progressifs;FAUX;;VRAI;57DDT20150002;2006-10-17;;;;;2013-03-18;;2017-01-26;Caduque;2020-01-01;Abrogé;2020-01-01;2025-01-09
PPRM;Plan de Prévention des Risques Miniers;54DDT20140041;PPRM Secteur BRIEY;Direction départementale des territoires;Miniers;;;44;GRAND EST;54;MEURTHE-ET-MOSELLE;54280;Jœuf;30;Risque minier;31;Affaissement minier;312;Effondrements localisés;VRAI;54DDT20140031;VRAI;54DDT20190001;2014-03-12;;;;;2016-08-23;;;Opposable;2020-01-01;Approuvé;2020-01-01;2025-02-27
PPRM;Plan de Prévention des Risques Miniers;PPRM_2022_0002;PPRM - ONDAINE;Direction départementale des territoires;;;;;;42;LOIRE;42099;Fraisses;30;Risque minier;31;Affaissement minier;314;Tassements;FAUX;;FAUX;;2022-08-17;2025-03-03;2025-04-11;;;2025-06-30;;;Opposable;2020-01-01;Approuvé;2020-01-01;2025-07-22
PPRM;Plan de Prévention des Risques Miniers;42DDT20160002;PPRM VALLEE DE L'ONDAINE;Direction départementale des territoires;ONDAINE;;;84;AUVERGNE-RHONE-ALPES;42;LOIRE;42099;Fraisses;30;Risque minier;31;Affaissement minier;312;Effondrements localisés;FAUX;;FAUX;;2016-03-15;2018-01-22;2018-02-27;;;2018-07-11;2023-02-05;;Caduque;2020-01-01;Annulé;2020-01-01;2023-02-02
PPRM;Plan de Prévention des Risques Miniers;57DDT20150003;PPRM-Orne modification;Direction départementale des territoires;Bassin ferrifère;;;44;GRAND EST;57;MOSELLE;57597;Rosselange;30;Risque minier;31;Affaissement minier;313;Affaissements progressifs;VRAI;57DDT20100010;FAUX;;2015-08-24;;;;;2016-04-04;;;Opposable;2020-01-01;Approuvé;2020-01-01;2025-01-09
PPRM;Plan de Prévention des Risques Miniers;69DDT20140001;Sainte Foy l'Argentière;Direction départementale des territoires;Sainte Foy l'Argentière;;;84;AUVERGNE-RHONE-ALPES;69;RHONE;69203;Saint-Genis-l'Argentière;30;Risque minier;31;Affaissement minier;312;Effondrements localisés;FAUX;;FAUX;;2013-11-08;2016-04-25;2016-05-27;;;2017-01-06;;;Opposable;2020-01-01;Approuvé;2020-01-01;2025-01-13
PPRM;Plan de Prévention des Risques Miniers;61DDT20120014;PPR-M - La Ferrière aux Étangs;Direction départementale des territoires;;;;28;NORMANDIE;61;ORNE;61163;La Ferrière-aux-Étangs;30;Risque minier;31;Affaissement minier;312;Effondrements localisés;FAUX;;FAUX;;2007-09-17;2010-12-09;2011-01-13;;;2011-08-01;;;Opposable;2020-01-01;Approuvé;2020-01-01;2012-10-19
PPRM;Plan de Prévention des Risques Miniers;57DDT20140009;PPRM-Bassin Sud révision 2;Direction départementale des territoires;Bassin ferrifère;;;44;GRAND EST;57;MOSELLE;57622;Saint-Privat-la-Montagne;30;Risque minier;31;Affaissement minier;313;Affaissements progressifs;VRAI;57DDT20100005;FAUX;;2014-07-29;;;;;2016-03-08;;;Opposable;2020-01-01;Approuvé;2020-01-01;2025-01-09
PPRM;Plan de Prévention des Risques Miniers;57DDT20100009;PPRM-Fensch;Direction départementale des territoires;Bassin ferrifère;;;44;GRAND EST;57;MOSELLE;57508;Nilvange;30;Risque minier;31;Affaissement minier;313;Affaissements progressifs;FAUX;;VRAI;57DDT20150002;2006-10-17;;;;;2013-03-18;;2017-01-26;Caduque;2020-01-01;Abrogé;2020-01-01;2025-01-09
PPRM;Plan de Prévention des Risques Miniers;62DDTM20150001;PPRm du BETHUNOIS;Direction départementale des territoires et de la mer;Béthunois;;;32;HAUTS-DE-FRANCE;62;PAS-DE-CALAIS;62617;Nœux-les-Mines;30;Risque minier;31;Affaissement minier;314;Tassements;FAUX;;FAUX;;2015-06-10;;;;;2017-11-17;;;Opposable;2020-01-01;Approuvé;2020-01-01;2021-02-24
PPRM;Plan de Prévention des Risques Miniers;03DDT20120001;PPRM - Bezenet - Doyet -  Montvicqq;Direction départementale des territoires;;;;84;AUVERGNE-RHONE-ALPES;03;ALLIER;03027;Bézenet;30;Risque minier;31;Affaissement minier;312;Effondrements localisés;FAUX;;VRAI;PPRM_2025_0001;2012-01-23;;;;;2016-10-03;;2024-12-18;Caduque;2020-01-01;Abrogé;2020-01-01;2025-01-14
PPRM;Plan de Prévention des Risques Miniers;22DDTM20130001;PPRM de Trémuson;Direction départementale des territoires et de la mer;Ancienne mine de Trémuson;;;53;BRETAGNE;22;COTES-D'ARMOR;22187;Plérin;30;Risque minier;31;Affaissement minier;313;Affaissements progressifs;FAUX;;FAUX;;2008-08-11;;;;;2021-10-06;;;Opposable;2020-01-01;Approuvé;2020-01-01;2025-02-19
PPRM;Plan de Prévention des Risques Miniers;12DDT20120002;PPRM du bassin de Decazeville;Direction départementale des territoires;;;;76;OCCITANIE;12;AVEYRON;12016;Auzits;30;Risque minier;33;Emissions en surface de gaz de mine;;;FAUX;;FAUX;;2012-12-21;;;;;2017-06-19;;;Opposable;2020-01-01;Approuvé;2020-01-01;2025-02-07
PPRM;Plan de Prévention des Risques Miniers;81DDT20150001;PPR minier Bassin de Carmaux;Direction départementale des territoires;;;;76;OCCITANIE;81;TARN;81101;Le Garric;30;Risque minier;31;Affaissement minier;315;Glissements ou mouvements de pente;FAUX;;FAUX;;2008-10-15;2010-09-06;2010-10-08;;;2012-07-09;2015-12-30;;Caduque;2020-01-01;Annulé;2020-01-01;2016-02-25
PPRM;Plan de Prévention des Risques Miniers;14DDTM20110007;PPR bassin minier de Soumont Saint Quentin;Direction départementale des territoires et de la mer;Mines de Soumont;;;28;NORMANDIE;14;CALVADOS;14486;Ouilly-le-Tesson;30;Risque minier;31;Affaissement minier;311;Effondrements généralisés;FAUX;;FAUX;;2005-11-14;2008-06-27;2008-06-27;;;2009-01-06;;;Opposable;2020-01-01;Approuvé;2020-01-01;2025-04-14
PPRM;Plan de Prévention des Risques Miniers;57DDT20100009;PPRM-Fensch;Direction départementale des territoires;Bassin ferrifère;;;44;GRAND EST;57;MOSELLE;57368;Knutange;30;Risque minier;31;Affaissement minier;313;Affaissements progressifs;FAUX;;VRAI;57DDT20150002;2006-10-17;;;;;2013-03-18;;2017-01-26;Caduque;2020-01-01;Abrogé;2020-01-01;2025-01-09
PPRM;Plan de Prévention des Risques Miniers;49DDT20110001;Anciennes mines de fer du bassin de Segré;Direction départementale des territoires;;;;52;PAYS DE LA LOIRE;49;MAINE-ET-LOIRE;49331;Segré-en-Anjou Bleu;30;Risque minier;31;Affaissement minier;314;Tassements;FAUX;;FAUX;;2008-04-22;2009-02-13;2009-02-13;;;2009-06-26;;;Opposable;2020-01-01;Approuvé;2020-01-01;2025-01-06
PPRM;Plan de Prévention des Risques Miniers;54DDT20140041;PPRM Secteur BRIEY;Direction départementale des territoires;Miniers;;;44;GRAND EST;54;MEURTHE-ET-MOSELLE;54099;Val de Briey;30;Risque minier;31;Affaissement minier;312;Effondrements localisés;VRAI;54DDT20140031;VRAI;54DDT20190001;2014-03-12;;;;;2016-08-23;;;Opposable;2020-01-01;Approuvé;2020-01-01;2025-02-27
PPRM;Plan de Prévention des Risques Miniers;54DDT20140041;PPRM Secteur BRIEY;Direction départementale des territoires;Miniers;;;44;GRAND EST;54;MEURTHE-ET-MOSELLE;54542;Valleroy;30;Risque minier;31;Affaissement minier;312;Effondrements localisés;VRAI;54DDT20140031;VRAI;54DDT20190001;2014-03-12;;;;;2016-08-23;;;Opposable;2020-01-01;Approuvé;2020-01-01;2025-02-27
PPRM;Plan de Prévention des Risques Miniers;13DDTM20190175;PPR Minier - Peypin 2022;Direction départementale des territoires et de la mer;;;;93;PROVENCE-ALPES-COTE D'AZUR;13;BOUCHES-DU-RHONE;13073;Peypin;30;Risque minier;34;Echauffement des terrains de dépôts;;;FAUX;;FAUX;;2019-10-07;;;;;2022-04-15;;;Opposable;2020-01-01;Approuvé;2020-01-01;2025-04-24
PPRM;Plan de Prévention des Risques Miniers;57DDT20100005;PPRM-Bassin Sud révision;Direction départementale des territoires;Bassin ferrifère;;;44;GRAND EST;57;MOSELLE;57620;Sainte-Marie-aux-Chênes;30;Risque minier;31;Affaissement minier;313;Affaissements progressifs;VRAI;57DDT20100004;VRAI;57DDT20140009;2007-02-19;;;;;2011-02-28;;2016-03-08;Caduque;2020-01-01;Abrogé;2020-01-01;2025-01-09
PPRM;Plan de Prévention des Risques Miniers;54DDT20140032;PPRM Secteur de Trieux - Tucqueg;Direction départementale des territoires;;;;44;GRAND EST;54;MEURTHE-ET-MOSELLE;54536;Tucquegnieux;30;Risque minier;31;Affaissement minier;313;Affaissements progressifs;FAUX;;FAUX;;2004-11-19;;;;;2010-01-08;;;Opposable;2020-01-01;Approuvé;2020-01-01;2025-02-27
PPRM;Plan de Prévention des Risques Miniers;63DDT20140005;PPRminiers de Brassac les Mines;Direction départementale des territoires;de Brassac les Mines;;;84;AUVERGNE-RHONE-ALPES;63;PUY-DE-DOME;63050;Brassac-les-Mines;30;Risque minier;34;Echauffement des terrains de dépôts;;;FAUX;;FAUX;;2014-07-16;;;;;2017-09-11;;;Opposable;2020-01-01;Approuvé;2020-01-01;2025-02-11
PPRM;Plan de Prévention des Risques Miniers;42DDT20130002;PPRM DE LA VALLEE DU GIER;Direction départementale des territoires;GIER;;;84;AUVERGNE-RHONE-ALPES;42;LOIRE;42186;Rive-de-Gier;30;Risque minier;31;Affaissement minier;314;Tassements;FAUX;;FAUX;;2014-10-15;2018-12-10;2019-01-25;;;2019-03-29;;;Opposable;2020-01-01;Approuvé;2020-01-01;2025-01-21
PPRM;Plan de Prévention des Risques Miniers;81DDT20150001;PPR minier Bassin de Carmaux;Direction départementale des territoires;;;;76;OCCITANIE;81;TARN;81048;Cagnac-les-Mines;30;Risque minier;31;Affaissement minier;314;Tassements;FAUX;;FAUX;;2008-10-15;2010-09-06;2010-10-08;;;2012-07-09;2015-12-30;;Caduque;2020-01-01;Annulé;2020-01-01;2016-02-25
PPRM;Plan de Prévention des Risques Miniers;13DDTM20200185;PPR Minier - La Bouilladisse 2023;Direction départementale des territoires et de la mer;;;;93;PROVENCE-ALPES-COTE D'AZUR;13;BOUCHES-DU-RHONE;13016;La Bouilladisse;30;Risque minier;31;Affaissement minier;311;Effondrements généralisés;VRAI;13DDTM20020151;FAUX;;2020-07-22;;;;;2023-03-09;;;Opposable;2020-01-01;Approuvé;2020-01-01;2025-04-08
PPRM;Plan de Prévention des Risques Miniers;14DDTM20110009;PPR Mines de Littry;Direction départementale des territoires et de la mer;Mines de Littry;;;28;NORMANDIE;14;CALVADOS;14370;Le Molay-Littry;30;Risque minier;31;Affaissement minier;311;Effondrements généralisés;FAUX;;FAUX;;2009-04-14;2025-05-12;2025-06-03;;;2025-11-03;;;Opposable;2020-01-01;Approuvé;2020-01-01;2025-11-03
PPRM;Plan de Prévention des Risques Miniers;59DDTM20140005;PPRM couronne de Valenciennes;Direction départementale des territoires et de la mer;;;;32;HAUTS-DE-FRANCE;59;NORD;59564;La Sentinelle;30;Risque minier;31;Affaissement minier;312;Effondrements localisés;FAUX;;FAUX;;2014-11-17;;;;;2018-07-06;;;Opposable;2020-01-01;Approuvé;2020-01-01;2025-03-26
PPRM;Plan de Prévention des Risques Miniers;03DDT20120001;PPRM - Bezenet - Doyet -  Montvicqq;Direction départementale des territoires;;;;84;AUVERGNE-RHONE-ALPES;03;ALLIER;03189;Montvicq;30;Risque minier;31;Affaissement minier;314;Tassements;FAUX;;VRAI;PPRM_2025_0001;2012-01-23;;;;;2016-10-03;;2024-12-18;Caduque;2020-01-01;Abrogé;2020-01-01;2025-01-14
PPRM;Plan de Prévention des Risques Miniers;63DDT20140005;PPRminiers de Brassac les Mines;Direction départementale des territoires;de Brassac les Mines;;;84;AUVERGNE-RHONE-ALPES;63;PUY-DE-DOME;63091;Charbonnier-les-Mines;30;Risque minier;31;Affaissement minier;315;Glissements ou mouvements de pente;FAUX;;FAUX;;2014-07-16;;;;;2017-09-11;;;Opposable;2020-01-01;Approuvé;2020-01-01;2025-02-11
PPRM;Plan de Prévention des Risques Miniers;13DDTM20190175;PPR Minier - Peypin 2022;Direction départementale des territoires et de la mer;;;;93;PROVENCE-ALPES-COTE D'AZUR;13;BOUCHES-DU-RHONE;13073;Peypin;30;Risque minier;31;Affaissement minier;312;Effondrements localisés;FAUX;;FAUX;;2019-10-07;;;;;2022-04-15;;;Opposable;2020-01-01;Approuvé;2020-01-01;2025-04-24
PPRM;Plan de Prévention des Risques Miniers;14DDTM20110008;PPR Mines de May sur Orne;Direction départementale des territoires et de la mer;Mines de May sur Orne;;;28;NORMANDIE;14;CALVADOS;14538;Castine-en-Plaine;30;Risque minier;31;Affaissement minier;312;Effondrements localisés;FAUX;;FAUX;;2005-01-14;2021-02-08;2021-03-16;2021-12-21;;2021-08-10;;;Opposable;2020-01-01;Approuvé;2020-01-01;2025-03-31
PPRM;Plan de Prévention des Risques Miniers;59DDTM20140003;PPRM Pays de Conde;Direction départementale des territoires et de la mer;;;;32;HAUTS-DE-FRANCE;59;NORD;59301;Hergnies;30;Risque minier;31;Affaissement minier;314;Tassements;FAUX;;FAUX;;2014-11-17;;;;;2018-07-06;;;Opposable;2020-01-01;Approuvé;2020-01-01;2025-03-26
PPRM;Plan de Prévention des Risques Miniers;42DDT20160002;PPRM VALLEE DE L'ONDAINE;Direction départementale des territoires;ONDAINE;;;84;AUVERGNE-RHONE-ALPES;42;LOIRE;42183;La Ricamarie;30;Risque minier;31;Affaissement minier;314;Tassements;FAUX;;FAUX;;2016-03-15;2018-01-22;2018-02-27;;;2018-07-11;2023-02-05;;Caduque;2020-01-01;Annulé;2020-01-01;2023-02-02
PPRM;Plan de Prévention des Risques Miniers;54DDT20140045;PPRM Secteur CRUSNES;Direction départementale des territoires;Miniers;;;44;GRAND EST;54;MEURTHE-ET-MOSELLE;54181;Errouville;30;Risque minier;31;Affaissement minier;312;Effondrements localisés;FAUX;;FAUX;;2014-08-07;2014-09-15;2014-10-20;;;2015-05-21;;;Opposable;2020-01-01;Approuvé;2020-01-01;2025-02-27
PPRM;Plan de Prévention des Risques Miniers;07DDT20140021;PRIVAS/VEYRAS PPR Minier;Direction départementale des territoires;;;;84;AUVERGNE-RHONE-ALPES;07;ARDECHE;07186;Privas;30;Risque minier;31;Affaissement minier;314;Tassements;FAUX;;FAUX;;2014-12-12;2016-11-09;2016-12-09;;;2017-05-22;;;Opposable;2020-01-01;Approuvé;2020-01-01;2025-02-18
PPRM;Plan de Prévention des Risques Miniers;54DDT20140038;PPRM Secteur de Longwy;Direction départementale des territoires;;;;44;GRAND EST;54;MEURTHE-ET-MOSELLE;54254;Haucourt-Moulaine;30;Risque minier;31;Affaissement minier;313;Affaissements progressifs;FAUX;;FAUX;;2008-01-10;;;;;2012-01-24;;;Opposable;2020-01-01;Approuvé;2020-01-01;2025-02-27
PPRM;Plan de Prévention des Risques Miniers;38DDT20180001;PPRM du Plateau Matheysin;Direction départementale des territoires;;;;84;AUVERGNE-RHONE-ALPES;38;ISERE;38326;Prunières;30;Risque minier;31;Affaissement minier;312;Effondrements localisés;FAUX;;FAUX;;2007-12-10;2018-12-05;2019-01-19;;;2019-06-11;;;Opposable;2020-01-01;Approuvé;2020-01-01;2025-04-11
PPRM;Plan de Prévention des Risques Miniers;PPRM_2022_0002;PPRM - ONDAINE;Direction départementale des territoires;;;;;;42;LOIRE;42099;Fraisses;30;Risque minier;31;Affaissement minier;315;Glissements ou mouvements de pente;FAUX;;FAUX;;2022-08-17;2025-03-03;2025-04-11;;;2025-06-30;;;Opposable;2020-01-01;Approuvé;2020-01-01;2025-07-22
PPRM;Plan de Prévention des Risques Miniers;14DDTM20110008;PPR Mines de May sur Orne;Direction départementale des territoires et de la mer;Mines de May sur Orne;;;28;NORMANDIE;14;CALVADOS;14554;Le Castelet;30;Risque minier;31;Affaissement minier;311;Effondrements généralisés;FAUX;;FAUX;;2005-01-14;2021-02-08;2021-03-16;2021-12-21;;2021-08-10;;;Opposable;2020-01-01;Approuvé;2020-01-01;2025-03-31
PPRM;Plan de Prévention des Risques Miniers;12DDT20120002;PPRM du bassin de Decazeville;Direction départementale des territoires;;;;76;OCCITANIE;12;AVEYRON;12089;Decazeville;30;Risque minier;31;Affaissement minier;311;Effondrements généralisés;FAUX;;FAUX;;2012-12-21;;;;;2017-06-19;;;Opposable;2020-01-01;Approuvé;2020-01-01;2025-02-07
PPRM;Plan de Prévention des Risques Miniers;PPRM_2022_0002;PPRM - ONDAINE;Direction départementale des territoires;;;;;;42;LOIRE;42099;Fraisses;30;Risque minier;34;Echauffement des terrains de dépôts;;;FAUX;;FAUX;;2022-08-17;2025-03-03;2025-04-11;;;2025-06-30;;;Opposable;2020-01-01;Approuvé;2020-01-01;2025-07-22
PPRM;Plan de Prévention des Risques Miniers;PPRM_2025_0001;PPRM - modification - Doyet - Bezenet - Montvicq;Direction départementale des territoires;;;;;;03;ALLIER;03189;Montvicq;30;Risque minier;31;Affaissement minier;315;Glissements ou mouvements de pente;VRAI;03DDT20120001;FAUX;;2024-08-09;;;;;2024-12-18;;;Opposable;2020-01-01;Approuvé;2020-01-01;2024-08-09
PPRM;Plan de Prévention des Risques Miniers;69DDT20140001;Sainte Foy l'Argentière;Direction départementale des territoires;Sainte Foy l'Argentière;;;84;AUVERGNE-RHONE-ALPES;69;RHONE;69178;Souzy;30;Risque minier;31;Affaissement minier;314;Tassements;FAUX;;FAUX;;2013-11-08;2016-04-25;2016-05-27;;;2017-01-06;;;Opposable;2020-01-01;Approuvé;2020-01-01;2025-01-13
PPRM;Plan de Prévention des Risques Miniers;14DDTM20110008;PPR Mines de May sur Orne;Direction départementale des territoires et de la mer;Mines de May sur Orne;;;28;NORMANDIE;14;CALVADOS;14277;Fontenay-le-Marmion;30;Risque minier;31;Affaissement minier;312;Effondrements localisés;FAUX;;FAUX;;2005-01-14;2021-02-08;2021-03-16;;;2021-08-10;;;Opposable;2020-01-01;Approuvé;2020-01-01;2025-03-31
PPRM;Plan de Prévention des Risques Miniers;54DDT20140010;PPRM Secteur de Thil;Direction départementale des territoires;;;;44;GRAND EST;54;MEURTHE-ET-MOSELLE;54270;Hussigny-Godbrange;30;Risque minier;31;Affaissement minier;313;Affaissements progressifs;FAUX;;FAUX;;2012-08-03;2012-10-10;2012-11-12;;;2013-03-26;;;Opposable;2020-01-01;Approuvé;2020-01-01;2025-02-27
PPRM;Plan de Prévention des Risques Miniers;42DDT20170001;PPRM NORD ET EST St ETIENNE;Direction départementale des territoires;St ETIENNE;;;84;AUVERGNE-RHONE-ALPES;42;LOIRE;42330;Villars;30;Risque minier;31;Affaissement minier;314;Tassements;FAUX;;FAUX;;2012-04-30;2016-03-29;2016-04-29;;;2016-09-08;;;Opposable;2020-01-01;Approuvé;2020-01-01;2025-01-21
PPRM;Plan de Prévention des Risques Miniers;42DDT20130002;PPRM DE LA VALLEE DU GIER;Direction départementale des territoires;GIER;;;84;AUVERGNE-RHONE-ALPES;42;LOIRE;42307;Tartaras;30;Risque minier;31;Affaissement minier;312;Effondrements localisés;FAUX;;FAUX;;2014-10-15;2018-12-10;2019-01-25;;;2019-03-29;;;Opposable;2020-01-01;Approuvé;2020-01-01;2025-01-21
PPRM;Plan de Prévention des Risques Miniers;62DDTM20150002;PPRm du LENSOIS;Direction départementale des territoires et de la mer;Lensois;;;32;HAUTS-DE-FRANCE;62;PAS-DE-CALAIS;62528;Loos-en-Gohelle;30;Risque minier;31;Affaissement minier;312;Effondrements localisés;FAUX;;FAUX;;2015-06-10;;;;;2017-11-17;;;Opposable;2020-01-01;Approuvé;2020-01-01;2022-03-04
PPRM;Plan de Prévention des Risques Miniers;54DDT20140045;PPRM Secteur CRUSNES;Direction départementale des territoires;Miniers;;;44;GRAND EST;54;MEURTHE-ET-MOSELLE;54096;Bréhain-la-Ville;30;Risque minier;31;Affaissement minier;313;Affaissements progressifs;FAUX;;FAUX;;2014-08-07;2014-09-15;2014-10-20;;;2015-05-21;;;Opposable;2020-01-01;Approuvé;2020-01-01;2025-02-27
PPRM;Plan de Prévention des Risques Miniers;12DDT20120002;PPRM du bassin de Decazeville;Direction départementale des territoires;;;;76;OCCITANIE;12;AVEYRON;12016;Auzits;30;Risque minier;31;Affaissement minier;311;Effondrements généralisés;FAUX;;FAUX;;2012-12-21;;;;;2017-06-19;;;Opposable;2020-01-01;Approuvé;2020-01-01;2025-02-07
PPRM;Plan de Prévention des Risques Miniers;07DDT20160001;LA VOULTE PPR Minier;Direction départementale des territoires;;;;84;AUVERGNE-RHONE-ALPES;07;ARDECHE;07349;La Voulte-sur-Rhône;30;Risque minier;31;Affaissement minier;312;Effondrements localisés;FAUX;;FAUX;;2015-05-15;2016-05-02;;;;2016-11-24;;;Opposable;2020-01-01;Approuvé;2020-01-01;2025-02-18
PPRM;Plan de Prévention des Risques Miniers;54DDT20140045;PPRM Secteur CRUSNES;Direction départementale des territoires;Miniers;;;44;GRAND EST;54;MEURTHE-ET-MOSELLE;54525;Tiercelet;30;Risque minier;31;Affaissement minier;312;Effondrements localisés;FAUX;;FAUX;;2014-08-07;2014-09-15;2014-10-20;;;2015-05-21;;;Opposable;2020-01-01;Approuvé;2020-01-01;2025-02-27
PPRM;Plan de Prévention des Risques Miniers;PPRM_2022_0001;PPRM - Bassin Nord 2ème révision;Direction départementale des territoires;;;;;;57;MOSELLE;57226;Fontoy;30;Risque minier;31;Affaissement minier;313;Affaissements progressifs;VRAI;57DDT20100003;FAUX;;2021-09-20;;;;;2022-11-15;;;Opposable;2020-01-01;Approuvé;2020-01-01;2025-03-18
PPRM;Plan de Prévention des Risques Miniers;54DDT20140001;PPRM Secteur de Jarny;Direction départementale des territoires;;;;44;GRAND EST;54;MEURTHE-ET-MOSELLE;54286;Labry;30;Risque minier;31;Affaissement minier;314;Tassements;VRAI;54DDT20080009;FAUX;;2012-08-03;2012-10-11;2012-11-12;;;2013-03-26;;;Opposable;2020-01-01;Approuvé;2020-01-01;2025-02-27
PPRM;Plan de Prévention des Risques Miniers;73PREF20160033;PPRM-Sonnaz Voglans;Préfecture;;;;84;AUVERGNE-RHONE-ALPES;73;SAVOIE;73288;Sonnaz;30;Risque minier;31;Affaissement minier;312;Effondrements localisés;FAUX;;FAUX;;2010-06-23;;;;;2013-11-15;;;Opposable;2020-01-01;Approuvé;2020-01-01;2024-07-09
PPRM;Plan de Prévention des Risques Miniers;13DDTM20200185;PPR Minier - La Bouilladisse 2023;Direction départementale des territoires et de la mer;;;;93;PROVENCE-ALPES-COTE D'AZUR;13;BOUCHES-DU-RHONE;13016;La Bouilladisse;30;Risque minier;31;Affaissement minier;315;Glissements ou mouvements de pente;VRAI;13DDTM20020151;FAUX;;2020-07-22;;;;;2023-03-09;;;Opposable;2020-01-01;Approuvé;2020-01-01;2025-04-08
PPRM;Plan de Prévention des Risques Miniers;57DDT20140003;PPRM-Hayange;Direction départementale des territoires;Bassin ferrifère;;;44;GRAND EST;57;MOSELLE;57306;Hayange;30;Risque minier;31;Affaissement minier;313;Affaissements progressifs;FAUX;;VRAI;57DDT20140004;2005-02-04;2010-09-07;2010-10-08;;;2011-01-21;;2014-09-04;Caduque;2020-01-01;Abrogé;2020-01-01;2025-01-09
PPRM;Plan de Prévention des Risques Miniers;PPRM_2022_0002;PPRM - ONDAINE;Direction départementale des territoires;;;;;;42;LOIRE;42044;Le Chambon-Feugerolles;30;Risque minier;31;Affaissement minier;315;Glissements ou mouvements de pente;FAUX;;FAUX;;2022-08-17;2025-03-03;2025-04-11;;;2025-06-30;;;Opposable;2020-01-01;Approuvé;2020-01-01;2025-07-22
PPRM;Plan de Prévention des Risques Miniers;42DDT20160002;PPRM VALLEE DE L'ONDAINE;Direction départementale des territoires;ONDAINE;;;84;AUVERGNE-RHONE-ALPES;42;LOIRE;42095;Firminy;30;Risque minier;31;Affaissement minier;314;Tassements;FAUX;;FAUX;;2016-03-15;2018-01-22;2018-02-27;;;2018-07-11;2023-02-05;;Caduque;2020-01-01;Annulé;2020-01-01;2023-02-02
PPRM;Plan de Prévention des Risques Miniers;54DDT20140016;PPRM Secteur de Trieux;Direction départementale des territoires;;;;44;GRAND EST;54;MEURTHE-ET-MOSELLE;54099;Val de Briey;30;Risque minier;31;Affaissement minier;312;Effondrements localisés;FAUX;;FAUX;;2012-11-26;2013-02-05;2013-03-08;;;2013-07-12;;;Opposable;2020-01-01;Approuvé;2020-01-01;2025-02-27
PPRM;Plan de Prévention des Risques Miniers;22DDTM20130001;PPRM de Trémuson;Direction départementale des territoires et de la mer;Ancienne mine de Trémuson;;;53;BRETAGNE;22;COTES-D'ARMOR;22206;Châtelaudren-Plouagat;30;Risque minier;31;Affaissement minier;315;Glissements ou mouvements de pente;FAUX;;FAUX;;2008-08-11;;;;;2021-10-06;;;Opposable;2020-01-01;Approuvé;2020-01-01;2025-02-19
PPRM;Plan de Prévention des Risques Miniers;54DDT20140001;PPRM Secteur de Jarny;Direction départementale des territoires;;;;44;GRAND EST;54;MEURTHE-ET-MOSELLE;54253;Hatrize;30;Risque minier;31;Affaissement minier;312;Effondrements localisés;VRAI;54DDT20080009;FAUX;;2012-08-03;2012-10-11;2012-11-12;;;2013-03-26;;;Opposable;2020-01-01;Approuvé;2020-01-01;2025-02-27
PPRM;Plan de Prévention des Risques Miniers;54DDT20140016;PPRM Secteur de Trieux;Direction départementale des territoires;;;;44;GRAND EST;54;MEURTHE-ET-MOSELLE;54099;Val de Briey;30;Risque minier;31;Affaissement minier;313;Affaissements progressifs;FAUX;;FAUX;;2012-11-26;2013-02-05;2013-03-08;;;2013-07-12;;;Opposable;2020-01-01;Approuvé;2020-01-01;2025-02-27
PPRM;Plan de Prévention des Risques Miniers;81DDT20150001;PPR minier Bassin de Carmaux;Direction départementale des territoires;;;;76;OCCITANIE;81;TARN;81244;Saint-Benoît-de-Carmaux;30;Risque minier;31;Affaissement minier;315;Glissements ou mouvements de pente;FAUX;;FAUX;;2008-10-15;2010-09-06;2010-10-08;;;2012-07-09;2015-12-30;;Caduque;2020-01-01;Annulé;2020-01-01;2016-02-25
PPRM;Plan de Prévention des Risques Miniers;38DDT20180001;PPRM du Plateau Matheysin;Direction départementale des territoires;;;;84;AUVERGNE-RHONE-ALPES;38;ISERE;38269;La Mure;30;Risque minier;31;Affaissement minier;311;Effondrements généralisés;FAUX;;FAUX;;2007-12-10;2018-12-05;2019-01-19;;;2019-06-11;;;Opposable;2020-01-01;Approuvé;2020-01-01;2025-04-11
PPRM;Plan de Prévention des Risques Miniers;14DDTM20110008;PPR Mines de May sur Orne;Direction départementale des territoires et de la mer;Mines de May sur Orne;;;28;NORMANDIE;14;CALVADOS;14396;Maltot;30;Risque minier;31;Affaissement minier;311;Effondrements généralisés;FAUX;;FAUX;;2005-01-14;2021-02-08;2021-03-16;;;2021-08-10;;;Opposable;2020-01-01;Approuvé;2020-01-01;2025-03-31
PPRM;Plan de Prévention des Risques Miniers;13DDTM20190174;PPR Minier - Cadolive 2022 Révision 1;Direction départementale des territoires et de la mer;;;;93;PROVENCE-ALPES-COTE D'AZUR;13;BOUCHES-DU-RHONE;13020;Cadolive;30;Risque minier;31;Affaissement minier;311;Effondrements généralisés;VRAI;13DDTM20020147;FAUX;;2019-10-07;;;;;2022-04-15;;;Opposable;2020-01-01;Approuvé;2020-01-01;2025-04-24
PPRM;Plan de Prévention des Risques Miniers;59DDTM20140004;PPRM Denaisis;Direction départementale des territoires et de la mer;;;;32;HAUTS-DE-FRANCE;59;NORD;59292;Haveluy;30;Risque minier;31;Affaissement minier;315;Glissements ou mouvements de pente;FAUX;;FAUX;;2014-11-17;;;;;2018-07-06;;;Opposable;2020-01-01;Approuvé;2020-01-01;2025-03-26
PPRM;Plan de Prévention des Risques Miniers;42DDT20160002;PPRM VALLEE DE L'ONDAINE;Direction départementale des territoires;ONDAINE;;;84;AUVERGNE-RHONE-ALPES;42;LOIRE;42099;Fraisses;30;Risque minier;31;Affaissement minier;315;Glissements ou mouvements de pente;FAUX;;FAUX;;2016-03-15;2018-01-22;2018-02-27;;;2018-07-11;2023-02-05;;Caduque;2020-01-01;Annulé;2020-01-01;2023-02-02
PPRM;Plan de Prévention des Risques Miniers;PPRM_2025_0001;PPRM - modification - Doyet - Bezenet - Montvicq;Direction départementale des territoires;;;;;;03;ALLIER;03104;Doyet;30;Risque minier;31;Affaissement minier;315;Glissements ou mouvements de pente;VRAI;03DDT20120001;FAUX;;2024-08-09;;;;;2024-12-18;;;Opposable;2020-01-01;Approuvé;2020-01-01;2024-08-09
PPRM;Plan de Prévention des Risques Miniers;81DDT20150001;PPR minier Bassin de Carmaux;Direction départementale des territoires;;;;76;OCCITANIE;81;TARN;81101;Le Garric;30;Risque minier;31;Affaissement minier;314;Tassements;FAUX;;FAUX;;2008-10-15;2010-09-06;2010-10-08;;;2012-07-09;2015-12-30;;Caduque;2020-01-01;Annulé;2020-01-01;2016-02-25
PPRM;Plan de Prévention des Risques Miniers;62DDTM20150001;PPRm du BETHUNOIS;Direction départementale des territoires et de la mer;Béthunois;;;32;HAUTS-DE-FRANCE;62;PAS-DE-CALAIS;62617;Nœux-les-Mines;30;Risque minier;33;Emissions en surface de gaz de mine;;;FAUX;;FAUX;;2015-06-10;;;;;2017-11-17;;;Opposable;2020-01-01;Approuvé;2020-01-01;2021-02-24
PPRM;Plan de Prévention des Risques Miniers;59DDTM20140004;PPRM Denaisis;Direction départementale des territoires et de la mer;;;;32;HAUTS-DE-FRANCE;59;NORD;59361;Lourches;30;Risque minier;31;Affaissement minier;312;Effondrements localisés;FAUX;;FAUX;;2014-11-17;;;;;2018-07-06;;;Opposable;2020-01-01;Approuvé;2020-01-01;2025-03-26
PPRM;Plan de Prévention des Risques Miniers;54DDT20140041;PPRM Secteur BRIEY;Direction départementale des territoires;Miniers;;;44;GRAND EST;54;MEURTHE-ET-MOSELLE;54371;Moineville;30;Risque minier;31;Affaissement minier;312;Effondrements localisés;VRAI;54DDT20140031;VRAI;54DDT20190001;2014-03-12;;;;;2016-08-23;;;Opposable;2020-01-01;Approuvé;2020-01-01;2025-02-27
PPRM;Plan de Prévention des Risques Miniers;13DDTM20190177;PPR Minier - Fuveau 2022;Direction départementale des territoires et de la mer;;;;93;PROVENCE-ALPES-COTE D'AZUR;13;BOUCHES-DU-RHONE;13040;Fuveau;30;Risque minier;31;Affaissement minier;313;Affaissements progressifs;FAUX;;FAUX;;2019-10-07;;;;;2022-04-15;;;Opposable;2020-01-01;Approuvé;2020-01-01;2025-04-24
PPRM;Plan de Prévention des Risques Miniers;73PREF20160035;PPRM-Les Chapelles;Préfecture;;;;84;AUVERGNE-RHONE-ALPES;73;SAVOIE;73077;Les Chapelles;30;Risque minier;31;Affaissement minier;315;Glissements ou mouvements de pente;FAUX;;FAUX;;2012-12-28;;;;;2015-10-20;;;Opposable;2020-01-01;Approuvé;2020-01-01;2025-03-14
PPRM;Plan de Prévention des Risques Miniers;14DDTM20110008;PPR Mines de May sur Orne;Direction départementale des territoires et de la mer;Mines de May sur Orne;;;28;NORMANDIE;14;CALVADOS;14408;May-sur-Orne;30;Risque minier;31;Affaissement minier;312;Effondrements localisés;FAUX;;FAUX;;2005-01-14;2021-02-08;2021-03-16;;;2021-08-10;;;Opposable;2020-01-01;Approuvé;2020-01-01;2025-03-31
PPRM;Plan de Prévention des Risques Miniers;14DDTM20110007;PPR bassin minier de Soumont Saint Quentin;Direction départementale des territoires et de la mer;Mines de Soumont;;;28;NORMANDIE;14;CALVADOS;14252;Estrées-la-Campagne;30;Risque minier;31;Affaissement minier;312;Effondrements localisés;FAUX;;FAUX;;2005-11-14;2008-06-27;2008-06-27;;;2009-01-06;;;Opposable;2020-01-01;Approuvé;2020-01-01;2025-04-14
PPRM;Plan de Prévention des Risques Miniers;57DDT20140004;PPRM-Hayange modification;Direction départementale des territoires;;;;44;GRAND EST;57;MOSELLE;57306;Hayange;30;Risque minier;31;Affaissement minier;312;Effondrements localisés;VRAI;57DDT20140003;FAUX;;2014-02-14;;;;;2014-09-04;;;Opposable;2020-01-01;Approuvé;2020-01-01;2025-01-09
PPRM;Plan de Prévention des Risques Miniers;54DDT20160004;PPRM de MEXY;Direction départementale des territoires;BASSIN FERRIFERE;;;44;GRAND EST;54;MEURTHE-ET-MOSELLE;54367;Mexy;30;Risque minier;31;Affaissement minier;312;Effondrements localisés;FAUX;;FAUX;;2016-10-26;2018-08-29;2018-09-27;;;2019-02-13;;;Opposable;2020-01-01;Approuvé;2020-01-01;2025-02-27
PPRM;Plan de Prévention des Risques Miniers;42DDT20170001;PPRM NORD ET EST St ETIENNE;Direction départementale des territoires;St ETIENNE;;;84;AUVERGNE-RHONE-ALPES;42;LOIRE;42330;Villars;30;Risque minier;31;Affaissement minier;312;Effondrements localisés;FAUX;;FAUX;;2012-04-30;2016-03-29;2016-04-29;;;2016-09-08;;;Opposable;2020-01-01;Approuvé;2020-01-01;2025-01-21
PPRM;Plan de Prévention des Risques Miniers;57DDT20100009;PPRM-Fensch;Direction départementale des territoires;Bassin ferrifère;;;44;GRAND EST;57;MOSELLE;57368;Knutange;30;Risque minier;31;Affaissement minier;312;Effondrements localisés;FAUX;;VRAI;57DDT20150002;2006-10-17;;;;;2013-03-18;;2017-01-26;Caduque;2020-01-01;Abrogé;2020-01-01;2025-01-09
PPRM;Plan de Prévention des Risques Miniers;49DDT20110001;Anciennes mines de fer du bassin de Segré;Direction départementale des territoires;;;;52;PAYS DE LA LOIRE;49;MAINE-ET-LOIRE;49248;Ombrée d'Anjou;30;Risque minier;31;Affaissement minier;315;Glissements ou mouvements de pente;FAUX;;FAUX;;2008-04-22;2009-02-13;2009-02-13;2009-08-27;;2009-06-26;;;Opposable;2020-01-01;Approuvé;2020-01-01;2025-01-06
PPRM;Plan de Prévention des Risques Miniers;42DDT20160002;PPRM VALLEE DE L'ONDAINE;Direction départementale des territoires;ONDAINE;;;84;AUVERGNE-RHONE-ALPES;42;LOIRE;42316;Unieux;30;Risque minier;31;Affaissement minier;312;Effondrements localisés;FAUX;;FAUX;;2016-03-15;2018-01-22;2018-02-27;;;2018-07-11;2023-02-05;;Caduque;2020-01-01;Annulé;2020-01-01;2023-02-02
PPRM;Plan de Prévention des Risques Miniers;38DDT20180001;PPRM du Plateau Matheysin;Direction départementale des territoires;;;;84;AUVERGNE-RHONE-ALPES;38;ISERE;38326;Prunières;30;Risque minier;33;Emissions en surface de gaz de mine;;;FAUX;;FAUX;;2007-12-10;2018-12-05;2019-01-19;;;2019-06-11;;;Opposable;2020-01-01;Approuvé;2020-01-01;2025-04-11
PPRM;Plan de Prévention des Risques Miniers;14DDTM20110007;PPR bassin minier de Soumont Saint Quentin;Direction départementale des territoires et de la mer;Mines de Soumont;;;28;NORMANDIE;14;CALVADOS;14100;Bretteville-sur-Laize;30;Risque minier;31;Affaissement minier;311;Effondrements généralisés;FAUX;;FAUX;;2005-11-14;2008-06-27;2008-06-27;;;2009-01-06;;;Opposable;2020-01-01;Approuvé;2020-01-01;2025-04-14
PPRM;Plan de Prévention des Risques Miniers;54DDT20140032;PPRM Secteur de Trieux - Tucqueg;Direction départementale des territoires;;;;44;GRAND EST;54;MEURTHE-ET-MOSELLE;54536;Tucquegnieux;30;Risque minier;31;Affaissement minier;314;Tassements;FAUX;;FAUX;;2004-11-19;;;;;2010-01-08;;;Opposable;2020-01-01;Approuvé;2020-01-01;2025-02-27
PPRM;Plan de Prévention des Risques Miniers;59DDTM20140004;PPRM Denaisis;Direction départementale des territoires et de la mer;;;;32;HAUTS-DE-FRANCE;59;NORD;59361;Lourches;30;Risque minier;31;Affaissement minier;315;Glissements ou mouvements de pente;FAUX;;FAUX;;2014-11-17;;;;;2018-07-06;;;Opposable;2020-01-01;Approuvé;2020-01-01;2025-03-26
PPRM;Plan de Prévention des Risques Miniers;PPRM_2022_0002;PPRM - ONDAINE;Direction départementale des territoires;;;;;;42;LOIRE;42044;Le Chambon-Feugerolles;30;Risque minier;33;Emissions en surface de gaz de mine;;;FAUX;;FAUX;;2022-08-17;2025-03-03;2025-04-11;;;2025-06-30;;;Opposable;2020-01-01;Approuvé;2020-01-01;2025-07-22
PPRM;Plan de Prévention des Risques Miniers;57DDT20140004;PPRM-Hayange modification;Direction départementale des territoires;;;;44;GRAND EST;57;MOSELLE;57306;Hayange;30;Risque minier;31;Affaissement minier;313;Affaissements progressifs;VRAI;57DDT20140003;FAUX;;2014-02-14;;;;;2014-09-04;;;Opposable;2020-01-01;Approuvé;2020-01-01;2025-01-09
PPRM;Plan de Prévention des Risques Miniers;PPRM_2024_0001;PPRM - Mines de fer du pourtour d'Angers ;Direction régionale de l'environnement, de l'aménagement et du logement;;;;;;49;MAINE-ET-LOIRE;49267;Saint-Barthélemy-d'Anjou;30;Risque minier;31;Affaissement minier;312;Effondrements localisés;FAUX;;FAUX;;2023-05-22;;;;;;;;Prescrit;2020-01-01;Prescrit;2020-01-01;2025-03-18
PPRM;Plan de Prévention des Risques Miniers;PPRM_2025_0001;PPRM - modification - Doyet - Bezenet - Montvicq;Direction départementale des territoires;;;;;;03;ALLIER;03027;Bézenet;30;Risque minier;34;Echauffement des terrains de dépôts;;;VRAI;03DDT20120001;FAUX;;2024-08-09;;;;;2024-12-18;;;Opposable;2020-01-01;Approuvé;2020-01-01;2024-08-09
PPRM;Plan de Prévention des Risques Miniers;13DDTM20190174;PPR Minier - Cadolive 2022 Révision 1;Direction départementale des territoires et de la mer;;;;93;PROVENCE-ALPES-COTE D'AZUR;13;BOUCHES-DU-RHONE;13020;Cadolive;30;Risque minier;31;Affaissement minier;313;Affaissements progressifs;VRAI;13DDTM20020147;FAUX;;2019-10-07;;;;;2022-04-15;;;Opposable;2020-01-01;Approuvé;2020-01-01;2025-04-24
PPRM;Plan de Prévention des Risques Miniers;42DDT20130002;PPRM DE LA VALLEE DU GIER;Direction départementale des territoires;GIER;;;84;AUVERGNE-RHONE-ALPES;42;LOIRE;42083;Dargoire;30;Risque minier;34;Echauffement des terrains de dépôts;;;FAUX;;FAUX;;2014-10-15;2018-12-10;2019-01-25;;;2019-03-29;;;Opposable;2020-01-01;Approuvé;2020-01-01;2025-01-21
PPRM;Plan de Prévention des Risques Miniers;42DDT20160002;PPRM VALLEE DE L'ONDAINE;Direction départementale des territoires;ONDAINE;;;84;AUVERGNE-RHONE-ALPES;42;LOIRE;42183;La Ricamarie;30;Risque minier;34;Echauffement des terrains de dépôts;;;FAUX;;FAUX;;2016-03-15;2018-01-22;2018-02-27;;;2018-07-11;2023-02-05;;Caduque;2020-01-01;Annulé;2020-01-01;2023-02-02
PPRM;Plan de Prévention des Risques Miniers;42DDT20170001;PPRM NORD ET EST St ETIENNE;Direction départementale des territoires;St ETIENNE;;;84;AUVERGNE-RHONE-ALPES;42;LOIRE;42275;Saint-Priest-en-Jarez;30;Risque minier;31;Affaissement minier;312;Effondrements localisés;FAUX;;FAUX;;2012-04-30;2016-03-29;2016-04-29;;;2016-09-08;;;Opposable;2020-01-01;Approuvé;2020-01-01;2025-01-21
PPRM;Plan de Prévention des Risques Miniers;62DDTM20150001;PPRm du BETHUNOIS;Direction départementale des territoires et de la mer;Béthunois;;;32;HAUTS-DE-FRANCE;62;PAS-DE-CALAIS;62178;Bruay-la-Buissière;30;Risque minier;31;Affaissement minier;315;Glissements ou mouvements de pente;FAUX;;FAUX;;2015-06-10;;;;;2017-11-17;;;Opposable;2020-01-01;Approuvé;2020-01-01;2021-02-24
PPRM;Plan de Prévention des Risques Miniers;42DDT20160002;PPRM VALLEE DE L'ONDAINE;Direction départementale des territoires;ONDAINE;;;84;AUVERGNE-RHONE-ALPES;42;LOIRE;42218;Saint-Étienne;30;Risque minier;31;Affaissement minier;314;Tassements;FAUX;;FAUX;;2016-03-15;2018-01-22;2018-02-27;;;2018-07-11;2023-02-05;;Caduque;2020-01-01;Annulé;2020-01-01;2023-02-02
PPRM;Plan de Prévention des Risques Miniers;81DDT20150001;PPR minier Bassin de Carmaux;Direction départementale des territoires;;;;76;OCCITANIE;81;TARN;81060;Carmaux;30;Risque minier;33;Emissions en surface de gaz de mine;;;FAUX;;FAUX;;2008-10-15;2010-09-06;2010-10-08;;;2012-07-09;2015-12-30;;Caduque;2020-01-01;Annulé;2020-01-01;2016-02-25
PPRM;Plan de Prévention des Risques Miniers;42DDT20160002;PPRM VALLEE DE L'ONDAINE;Direction départementale des territoires;ONDAINE;;;84;AUVERGNE-RHONE-ALPES;42;LOIRE;42183;La Ricamarie;30;Risque minier;31;Affaissement minier;315;Glissements ou mouvements de pente;FAUX;;FAUX;;2016-03-15;2018-01-22;2018-02-27;;;2018-07-11;2023-02-05;;Caduque;2020-01-01;Annulé;2020-01-01;2023-02-02
PPRM;Plan de Prévention des Risques Miniers;54DDT20140038;PPRM Secteur de Longwy;Direction départementale des territoires;;;;44;GRAND EST;54;MEURTHE-ET-MOSELLE;54493;Saulnes;30;Risque minier;31;Affaissement minier;313;Affaissements progressifs;FAUX;;FAUX;;2008-01-10;;;;;2012-01-24;;;Opposable;2020-01-01;Approuvé;2020-01-01;2025-02-27
PPRM;Plan de Prévention des Risques Miniers;22DDTM20130001;PPRM de Trémuson;Direction départementale des territoires et de la mer;Ancienne mine de Trémuson;;;53;BRETAGNE;22;COTES-D'ARMOR;22234;Plouvara;30;Risque minier;31;Affaissement minier;312;Effondrements localisés;FAUX;;FAUX;;2008-08-11;;;;;2021-10-06;;;Opposable;2020-01-01;Approuvé;2020-01-01;2025-02-19
PPRM;Plan de Prévention des Risques Miniers;38DDT20180001;PPRM du Plateau Matheysin;Direction départementale des territoires;;;;84;AUVERGNE-RHONE-ALPES;38;ISERE;38499;Susville;30;Risque minier;31;Affaissement minier;312;Effondrements localisés;FAUX;;FAUX;;2007-12-10;2018-12-05;2019-01-19;;;2019-06-11;;;Opposable;2020-01-01;Approuvé;2020-01-01;2025-04-11
PPRM;Plan de Prévention des Risques Miniers;13DDTM20190176;PPR Minier - Saint-Savournin 2022;Direction départementale des territoires et de la mer;;;;93;PROVENCE-ALPES-COTE D'AZUR;13;BOUCHES-DU-RHONE;13101;Saint-Savournin;30;Risque minier;31;Affaissement minier;312;Effondrements localisés;FAUX;;FAUX;;2019-10-07;;;;;2022-04-15;;;Opposable;2020-01-01;Approuvé;2020-01-01;2025-04-08
PPRM;Plan de Prévention des Risques Miniers;54DDT20190001;PPRM de Moutiers;Direction départementale des territoires;;;;44;GRAND EST;54;MEURTHE-ET-MOSELLE;54391;Moutiers;30;Risque minier;31;Affaissement minier;313;Affaissements progressifs;VRAI;54DDT20140041;FAUX;;2019-08-27;;;;;;;;Prescrit;2020-01-01;Prescrit;2020-01-01;2025-03-18
PPRM;Plan de Prévention des Risques Miniers;63DDT20140005;PPRminiers de Brassac les Mines;Direction départementale des territoires;de Brassac les Mines;;;84;AUVERGNE-RHONE-ALPES;63;PUY-DE-DOME;63091;Charbonnier-les-Mines;30;Risque minier;31;Affaissement minier;312;Effondrements localisés;FAUX;;FAUX;;2014-07-16;;;;;2017-09-11;;;Opposable;2020-01-01;Approuvé;2020-01-01;2025-02-11
PPRM;Plan de Prévention des Risques Miniers;62DDTM20150001;PPRm du BETHUNOIS;Direction départementale des territoires et de la mer;Béthunois;;;32;HAUTS-DE-FRANCE;62;PAS-DE-CALAIS;62048;Auchel;30;Risque minier;33;Emissions en surface de gaz de mine;;;FAUX;;FAUX;;2015-06-10;;;;;2017-11-17;;;Opposable;2020-01-01;Approuvé;2020-01-01;2021-02-24
PPRM;Plan de Prévention des Risques Miniers;12DDT20120002;PPRM du bassin de Decazeville;Direction départementale des territoires;;;;76;OCCITANIE;12;AVEYRON;12083;Cransac;30;Risque minier;31;Affaissement minier;317;Ecroulements rocheux;FAUX;;FAUX;;2012-12-21;;;;;2017-06-19;;;Opposable;2020-01-01;Approuvé;2020-01-01;2025-02-07
PPRM;Plan de Prévention des Risques Miniers;54DDT20140010;PPRM Secteur de Thil;Direction départementale des territoires;;;;44;GRAND EST;54;MEURTHE-ET-MOSELLE;54521;Thil;30;Risque minier;31;Affaissement minier;312;Effondrements localisés;FAUX;;FAUX;;2012-08-03;2012-10-10;2012-11-12;;;2013-03-26;;;Opposable;2020-01-01;Approuvé;2020-01-01;2025-02-27
PPRM;Plan de Prévention des Risques Miniers;42DDT20170001;PPRM NORD ET EST St ETIENNE;Direction départementale des territoires;St ETIENNE;;;84;AUVERGNE-RHONE-ALPES;42;LOIRE;42330;Villars;30;Risque minier;31;Affaissement minier;315;Glissements ou mouvements de pente;FAUX;;FAUX;;2012-04-30;2016-03-29;2016-04-29;;;2016-09-08;;;Opposable;2020-01-01;Approuvé;2020-01-01;2025-01-21
PPRM;Plan de Prévention des Risques Miniers;03DDT20120001;PPRM - Bezenet - Doyet -  Montvicqq;Direction départementale des territoires;;;;84;AUVERGNE-RHONE-ALPES;03;ALLIER;03189;Montvicq;30;Risque minier;31;Affaissement minier;313;Affaissements progressifs;FAUX;;VRAI;PPRM_2025_0001;2012-01-23;;;;;2016-10-03;;2024-12-18;Caduque;2020-01-01;Abrogé;2020-01-01;2025-01-14
PPRM;Plan de Prévention des Risques Miniers;54DDT20140031;PPRM Secteur de Briey;Direction départementale des territoires;;;;44;GRAND EST;54;MEURTHE-ET-MOSELLE;54099;Val de Briey;30;Risque minier;31;Affaissement minier;312;Effondrements localisés;FAUX;;VRAI;54DDT20140041;2007-07-31;;;;;2009-11-24;;2016-08-23;Caduque;2020-01-01;Abrogé;2020-01-01;2025-02-27
PPRM;Plan de Prévention des Risques Miniers;14DDTM20110007;PPR bassin minier de Soumont Saint Quentin;Direction départementale des territoires et de la mer;Mines de Soumont;;;28;NORMANDIE;14;CALVADOS;14546;Rouvres;30;Risque minier;31;Affaissement minier;311;Effondrements généralisés;FAUX;;FAUX;;2005-11-14;2008-06-27;2008-06-27;;;2009-01-06;;;Opposable;2020-01-01;Approuvé;2020-01-01;2025-04-14
PPRM;Plan de Prévention des Risques Miniers;42DDT20130002;PPRM DE LA VALLEE DU GIER;Direction départementale des territoires;GIER;;;84;AUVERGNE-RHONE-ALPES;42;LOIRE;42053;Châteauneuf;30;Risque minier;31;Affaissement minier;314;Tassements;FAUX;;FAUX;;2014-10-15;2018-12-10;2019-01-25;;;2019-03-29;;;Opposable;2020-01-01;Approuvé;2020-01-01;2025-01-21
PPRM;Plan de Prévention des Risques Miniers;81DDT20150001;PPR minier Bassin de Carmaux;Direction départementale des territoires;;;;76;OCCITANIE;81;TARN;81048;Cagnac-les-Mines;30;Risque minier;33;Emissions en surface de gaz de mine;;;FAUX;;FAUX;;2008-10-15;2010-09-06;2010-10-08;;;2012-07-09;2015-12-30;;Caduque;2020-01-01;Annulé;2020-01-01;2016-02-25
PPRM;Plan de Prévention des Risques Miniers;07DDT20150008;LARGENTIERE PPR Minier;Direction départementale des territoires;CHASSIERS LARGENTIERE MONTREAL;;;84;AUVERGNE-RHONE-ALPES;07;ARDECHE;07058;Chassiers;30;Risque minier;31;Affaissement minier;311;Effondrements généralisés;FAUX;;FAUX;;2015-11-17;2018-02-05;2018-03-07;;;2018-07-10;;;Opposable;2020-01-01;Approuvé;2020-01-01;2025-04-04
PPRM;Plan de Prévention des Risques Miniers;54DDT20140017;PPRM Secteur de Trieux;Direction départementale des territoires;;;;44;GRAND EST;54;MEURTHE-ET-MOSELLE;54533;Trieux;30;Risque minier;31;Affaissement minier;312;Effondrements localisés;FAUX;;FAUX;;2012-11-26;2013-02-10;2013-03-11;;;2013-07-12;;;Opposable;2020-01-01;Approuvé;2020-01-01;2025-02-27
PPRM;Plan de Prévention des Risques Miniers;42DDT20130002;PPRM DE LA VALLEE DU GIER;Direction départementale des territoires;GIER;;;84;AUVERGNE-RHONE-ALPES;42;LOIRE;42207;Saint-Chamond;30;Risque minier;31;Affaissement minier;314;Tassements;FAUX;;FAUX;;2014-10-15;2018-12-10;2019-01-25;;;2019-03-29;;;Opposable;2020-01-01;Approuvé;2020-01-01;2025-01-21
PPRM;Plan de Prévention des Risques Miniers;54DDT20140001;PPRM Secteur de Jarny;Direction départementale des territoires;;;;44;GRAND EST;54;MEURTHE-ET-MOSELLE;54253;Hatrize;30;Risque minier;31;Affaissement minier;313;Affaissements progressifs;VRAI;54DDT20080009;FAUX;;2012-08-03;2012-10-11;2012-11-12;;;2013-03-26;;;Opposable;2020-01-01;Approuvé;2020-01-01;2025-02-27
PPRM;Plan de Prévention des Risques Miniers;12DDT20120002;PPRM du bassin de Decazeville;Direction départementale des territoires;;;;76;OCCITANIE;12;AVEYRON;12013;Aubin;30;Risque minier;33;Emissions en surface de gaz de mine;;;FAUX;;FAUX;;2012-12-21;;;;;2017-06-19;;;Opposable;2020-01-01;Approuvé;2020-01-01;2025-02-07
PPRM;Plan de Prévention des Risques Miniers;14DDTM20110007;PPR bassin minier de Soumont Saint Quentin;Direction départementale des territoires et de la mer;Mines de Soumont;;;28;NORMANDIE;14;CALVADOS;14455;Moulines;30;Risque minier;31;Affaissement minier;312;Effondrements localisés;FAUX;;FAUX;;2005-11-14;2008-06-27;2008-06-27;;;2009-01-06;;;Opposable;2020-01-01;Approuvé;2020-01-01;2025-04-14
PPRM;Plan de Prévention des Risques Miniers;42DDT20130002;PPRM DE LA VALLEE DU GIER;Direction départementale des territoires;GIER;;;84;AUVERGNE-RHONE-ALPES;42;LOIRE;42259;Saint-Martin-la-Plaine;30;Risque minier;31;Affaissement minier;312;Effondrements localisés;FAUX;;FAUX;;2014-10-15;2018-12-10;2019-01-25;;;2019-03-29;;;Opposable;2020-01-01;Approuvé;2020-01-01;2025-01-21
PPRM;Plan de Prévention des Risques Miniers;14DDTM20110009;PPR Mines de Littry;Direction départementale des territoires et de la mer;Mines de Littry;;;28;NORMANDIE;14;CALVADOS;14103;Le Breuil-en-Bessin;30;Risque minier;31;Affaissement minier;311;Effondrements généralisés;FAUX;;FAUX;;2009-04-14;2025-05-12;2025-06-03;;;2025-11-03;;;Opposable;2020-01-01;Approuvé;2020-01-01;2025-11-03
PPRM;Plan de Prévention des Risques Miniers;PPRM_2024_0001;PPRM - Mines de fer du pourtour d'Angers ;Direction régionale de l'environnement, de l'aménagement et du logement;;;;;;49;MAINE-ET-LOIRE;49015;Avrillé;30;Risque minier;31;Affaissement minier;312;Effondrements localisés;FAUX;;FAUX;;2023-05-22;;;;;;;;Prescrit;2020-01-01;Prescrit;2020-01-01;2025-03-18
PPRM;Plan de Prévention des Risques Miniers;23DDT20130001;PPRM Bassin houiller d'Ahun;Direction départementale des territoires;;;;75;NOUVELLE-AQUITAINE;23;CREUSE;23229;Saint-Pardoux-les-Cards;30;Risque minier;31;Affaissement minier;314;Tassements;FAUX;;FAUX;;2000-11-14;2011-04-11;2011-05-27;;;2012-05-11;;;Opposable;2020-01-01;Approuvé;2020-01-01;2025-01-27
PPRM;Plan de Prévention des Risques Miniers;12DDT20120002;PPRM du bassin de Decazeville;Direction départementale des territoires;;;;76;OCCITANIE;12;AVEYRON;12100;Firmi;30;Risque minier;33;Emissions en surface de gaz de mine;;;FAUX;;FAUX;;2012-12-21;;;;;2017-06-19;;;Opposable;2020-01-01;Approuvé;2020-01-01;2025-02-07
PPRM;Plan de Prévention des Risques Miniers;59DDTM20140004;PPRM Denaisis;Direction départementale des territoires et de la mer;;;;32;HAUTS-DE-FRANCE;59;NORD;59292;Haveluy;30;Risque minier;31;Affaissement minier;313;Affaissements progressifs;FAUX;;FAUX;;2014-11-17;;;;;2018-07-06;;;Opposable;2020-01-01;Approuvé;2020-01-01;2025-03-26
PPRM;Plan de Prévention des Risques Miniers;42DDT20130002;PPRM DE LA VALLEE DU GIER;Direction départementale des territoires;GIER;;;84;AUVERGNE-RHONE-ALPES;42;LOIRE;42103;La Grand-Croix;30;Risque minier;31;Affaissement minier;315;Glissements ou mouvements de pente;FAUX;;FAUX;;2014-10-15;2018-12-10;2019-01-25;;;2019-03-29;;;Opposable;2020-01-01;Approuvé;2020-01-01;2025-01-21
PPRM;Plan de Prévention des Risques Miniers;42DDT20160002;PPRM VALLEE DE L'ONDAINE;Direction départementale des territoires;ONDAINE;;;84;AUVERGNE-RHONE-ALPES;42;LOIRE;42218;Saint-Étienne;30;Risque minier;34;Echauffement des terrains de dépôts;;;FAUX;;FAUX;;2016-03-15;2018-01-22;2018-02-27;;;2018-07-11;2023-02-05;;Caduque;2020-01-01;Annulé;2020-01-01;2023-02-02
;;57DDT20100011;PPRM-Moyeuvre Petite;;Bassin ferrifère;;;;;;;57492;Moyeuvre-Petite;30;Risque minier;31;Affaissement minier;312;Effondrements localisés;FAUX;;FAUX;;2006-10-17;;;;;2009-06-11;;;;;;;2014-03-28
PPRM;Plan de Prévention des Risques Miniers;59DDTM20140005;PPRM couronne de Valenciennes;Direction départementale des territoires et de la mer;;;;32;HAUTS-DE-FRANCE;59;NORD;59564;La Sentinelle;30;Risque minier;31;Affaissement minier;315;Glissements ou mouvements de pente;FAUX;;FAUX;;2014-11-17;;;;;2018-07-06;;;Opposable;2020-01-01;Approuvé;2020-01-01;2025-03-26
PPRM;Plan de Prévention des Risques Miniers;14DDTM20110008;PPR Mines de May sur Orne;Direction départementale des territoires et de la mer;Mines de May sur Orne;;;28;NORMANDIE;14;CALVADOS;14538;Castine-en-Plaine;30;Risque minier;31;Affaissement minier;311;Effondrements généralisés;FAUX;;FAUX;;2005-01-14;2021-02-08;2021-03-16;2021-12-21;;2021-08-10;;;Opposable;2020-01-01;Approuvé;2020-01-01;2025-03-31
PPRM;Plan de Prévention des Risques Miniers;69DDT20140001;Sainte Foy l'Argentière;Direction départementale des territoires;Sainte Foy l'Argentière;;;84;AUVERGNE-RHONE-ALPES;69;RHONE;69014;Aveize;30;Risque minier;31;Affaissement minier;315;Glissements ou mouvements de pente;FAUX;;FAUX;;2013-11-08;2016-04-25;2016-05-27;;;2017-01-06;;;Opposable;2020-01-01;Approuvé;2020-01-01;2025-01-13
PPRM;Plan de Prévention des Risques Miniers;54DDT20140041;PPRM Secteur BRIEY;Direction départementale des territoires;Miniers;;;44;GRAND EST;54;MEURTHE-ET-MOSELLE;54263;Homécourt;30;Risque minier;31;Affaissement minier;313;Affaissements progressifs;VRAI;54DDT20140031;VRAI;54DDT20190001;2014-03-12;;;;;2016-08-23;;;Opposable;2020-01-01;Approuvé;2020-01-01;2025-02-27
PPRM;Plan de Prévention des Risques Miniers;54DDT20140007;PPRM Secteur de Piennes;Direction départementale des territoires;;;;44;GRAND EST;54;MEURTHE-ET-MOSELLE;54084;Mont-Bonvillers;30;Risque minier;31;Affaissement minier;312;Effondrements localisés;FAUX;;FAUX;;2012-11-26;2013-02-08;2013-03-11;;;2013-08-29;;;Opposable;2020-01-01;Approuvé;2020-01-01;2025-02-27
PPRM;Plan de Prévention des Risques Miniers;81DDT20150001;PPR minier Bassin de Carmaux;Direction départementale des territoires;;;;76;OCCITANIE;81;TARN;81114;Labastide-Gabausse;30;Risque minier;33;Emissions en surface de gaz de mine;;;FAUX;;FAUX;;2008-10-15;2010-09-06;2010-10-08;;;2012-07-09;2015-12-30;;Caduque;2020-01-01;Annulé;2020-01-01;2016-02-25
PPRM;Plan de Prévention des Risques Miniers;12DDT20120002;PPRM du bassin de Decazeville;Direction départementale des territoires;;;;76;OCCITANIE;12;AVEYRON;12083;Cransac;30;Risque minier;31;Affaissement minier;312;Effondrements localisés;FAUX;;FAUX;;2012-12-21;;;;;2017-06-19;;;Opposable;2020-01-01;Approuvé;2020-01-01;2025-02-07
PPRM;Plan de Prévention des Risques Miniers;81DDT20150001;PPR minier Bassin de Carmaux;Direction départementale des territoires;;;;76;OCCITANIE;81;TARN;81291;Taïx;30;Risque minier;31;Affaissement minier;315;Glissements ou mouvements de pente;FAUX;;FAUX;;2008-10-15;2010-09-06;2010-10-08;;;2012-07-09;2015-12-30;;Caduque;2020-01-01;Annulé;2020-01-01;2016-02-25
PPRM;Plan de Prévention des Risques Miniers;54DDT20140038;PPRM Secteur de Longwy;Direction départementale des territoires;;;;44;GRAND EST;54;MEURTHE-ET-MOSELLE;54138;Cosnes-et-Romain;30;Risque minier;31;Affaissement minier;314;Tassements;FAUX;;FAUX;;2008-01-10;;;;;2012-01-24;;;Opposable;2020-01-01;Approuvé;2020-01-01;2025-02-27
PPRM;Plan de Prévention des Risques Miniers;57DDT20100005;PPRM-Bassin Sud révision;Direction départementale des territoires;Bassin ferrifère;;;44;GRAND EST;57;MOSELLE;57622;Saint-Privat-la-Montagne;30;Risque minier;31;Affaissement minier;314;Tassements;VRAI;57DDT20100004;VRAI;57DDT20140009;2007-02-19;;;;;2011-02-28;;2016-03-08;Caduque;2020-01-01;Abrogé;2020-01-01;2025-01-09
PPRM;Plan de Prévention des Risques Miniers;12DDT20120002;PPRM du bassin de Decazeville;Direction départementale des territoires;;;;76;OCCITANIE;12;AVEYRON;12100;Firmi;30;Risque minier;34;Echauffement des terrains de dépôts;;;FAUX;;FAUX;;2012-12-21;;;;;2017-06-19;;;Opposable;2020-01-01;Approuvé;2020-01-01;2025-02-07
PPRM;Plan de Prévention des Risques Miniers;62DDTM20150001;PPRm du BETHUNOIS;Direction départementale des territoires et de la mer;Béthunois;;;32;HAUTS-DE-FRANCE;62;PAS-DE-CALAIS;62270;Divion;30;Risque minier;31;Affaissement minier;313;Affaissements progressifs;FAUX;;FAUX;;2015-06-10;;;;;2017-11-17;;;Opposable;2020-01-01;Approuvé;2020-01-01;2021-02-24
PPRM;Plan de Prévention des Risques Miniers;81DDT20150001;PPR minier Bassin de Carmaux;Direction départementale des territoires;;;;76;OCCITANIE;81;TARN;81244;Saint-Benoît-de-Carmaux;30;Risque minier;33;Emissions en surface de gaz de mine;;;FAUX;;FAUX;;2008-10-15;2010-09-06;2010-10-08;;;2012-07-09;2015-12-30;;Caduque;2020-01-01;Annulé;2020-01-01;2016-02-25
PPRM;Plan de Prévention des Risques Miniers;54DDT20140017;PPRM Secteur de Trieux;Direction départementale des territoires;;;;44;GRAND EST;54;MEURTHE-ET-MOSELLE;54533;Trieux;30;Risque minier;31;Affaissement minier;313;Affaissements progressifs;FAUX;;FAUX;;2012-11-26;2013-02-10;2013-03-11;;;2013-07-12;;;Opposable;2020-01-01;Approuvé;2020-01-01;2025-02-27
PPRM;Plan de Prévention des Risques Miniers;14DDTM20110007;PPR bassin minier de Soumont Saint Quentin;Direction départementale des territoires et de la mer;Mines de Soumont;;;28;NORMANDIE;14;CALVADOS;14678;Soumont-Saint-Quentin;30;Risque minier;31;Affaissement minier;311;Effondrements généralisés;FAUX;;FAUX;;2005-11-14;2008-06-27;2008-06-27;;;2009-01-06;;;Opposable;2020-01-01;Approuvé;2020-01-01;2025-04-14
PPRM;Plan de Prévention des Risques Miniers;57DDT20100009;PPRM-Fensch;Direction départementale des territoires;Bassin ferrifère;;;44;GRAND EST;57;MOSELLE;57508;Nilvange;30;Risque minier;31;Affaissement minier;314;Tassements;FAUX;;VRAI;57DDT20150002;2006-10-17;;;;;2013-03-18;;2017-01-26;Caduque;2020-01-01;Abrogé;2020-01-01;2025-01-09
PPRM;Plan de Prévention des Risques Miniers;14DDTM20110007;PPR bassin minier de Soumont Saint Quentin;Direction départementale des territoires et de la mer;Mines de Soumont;;;28;NORMANDIE;14;CALVADOS;14310;Grainville-Langannerie;30;Risque minier;31;Affaissement minier;312;Effondrements localisés;FAUX;;FAUX;;2005-11-14;2008-06-27;2008-06-27;2009-07-09;;2009-01-06;;;Opposable;2020-01-01;Approuvé;2020-01-01;2025-04-14
PPRM;Plan de Prévention des Risques Miniers;14DDTM20110008;PPR Mines de May sur Orne;Direction départementale des territoires et de la mer;Mines de May sur Orne;;;28;NORMANDIE;14;CALVADOS;14556;Saint-André-sur-Orne;30;Risque minier;31;Affaissement minier;312;Effondrements localisés;FAUX;;FAUX;;2005-01-14;2021-02-08;2021-03-16;2021-12-21;;2021-08-10;;;Opposable;2020-01-01;Approuvé;2020-01-01;2025-03-31
PPRM;Plan de Prévention des Risques Miniers;42DDT20130002;PPRM DE LA VALLEE DU GIER;Direction départementale des territoires;GIER;;;84;AUVERGNE-RHONE-ALPES;42;LOIRE;42083;Dargoire;30;Risque minier;31;Affaissement minier;312;Effondrements localisés;FAUX;;FAUX;;2014-10-15;2018-12-10;2019-01-25;;;2019-03-29;;;Opposable;2020-01-01;Approuvé;2020-01-01;2025-01-21
PPRM;Plan de Prévention des Risques Miniers;42DDT20170001;PPRM NORD ET EST St ETIENNE;Direction départementale des territoires;St ETIENNE;;;84;AUVERGNE-RHONE-ALPES;42;LOIRE;42302;Sorbiers;30;Risque minier;31;Affaissement minier;312;Effondrements localisés;FAUX;;FAUX;;2012-04-30;2016-03-29;2016-04-29;;;2016-09-08;;;Opposable;2020-01-01;Approuvé;2020-01-01;2025-01-21
PPRM;Plan de Prévention des Risques Miniers;PPRM_2022_0002;PPRM - ONDAINE;Direction départementale des territoires;;;;;;42;LOIRE;42189;Roche-la-Molière;30;Risque minier;31;Affaissement minier;312;Effondrements localisés;FAUX;;FAUX;;2022-08-17;2025-03-03;2025-04-11;;;2025-06-30;;;Opposable;2020-01-01;Approuvé;2020-01-01;2025-07-22
PPRM;Plan de Prévention des Risques Miniers;54DDT20140016;PPRM Secteur de Trieux;Direction départementale des territoires;;;;44;GRAND EST;54;MEURTHE-ET-MOSELLE;54099;Val de Briey;30;Risque minier;31;Affaissement minier;314;Tassements;FAUX;;FAUX;;2012-11-26;2013-02-05;2013-03-08;;;2013-07-12;;;Opposable;2020-01-01;Approuvé;2020-01-01;2025-02-27
PPRM;Plan de Prévention des Risques Miniers;57DDT20140009;PPRM-Bassin Sud révision 2;Direction départementale des territoires;Bassin ferrifère;;;44;GRAND EST;57;MOSELLE;57620;Sainte-Marie-aux-Chênes;30;Risque minier;31;Affaissement minier;313;Affaissements progressifs;VRAI;57DDT20100005;FAUX;;2014-07-29;;;;;2016-03-08;;;Opposable;2020-01-01;Approuvé;2020-01-01;2025-01-09
PPRM;Plan de Prévention des Risques Miniers;PPRM_2022_0002;PPRM - ONDAINE;Direction départementale des territoires;;;;;;42;LOIRE;42189;Roche-la-Molière;30;Risque minier;31;Affaissement minier;315;Glissements ou mouvements de pente;FAUX;;FAUX;;2022-08-17;2025-03-03;2025-04-11;;;2025-06-30;;;Opposable;2020-01-01;Approuvé;2020-01-01;2025-07-22
PPRM;Plan de Prévention des Risques Miniers;57DDT20150002;PPRM-Fensch révision;Direction départementale des territoires;Bassin ferrifère;;;44;GRAND EST;57;MOSELLE;57498;Neufchef;30;Risque minier;31;Affaissement minier;314;Tassements;VRAI;57DDT20100009;FAUX;;2015-08-06;;;;;2017-01-26;;;Opposable;2020-01-01;Approuvé;2020-01-01;2025-01-09
PPRM;Plan de Prévention des Risques Miniers;43PREF20140008;PPRm  Ste Florine;Préfecture;Bassin houiller de Brassac les m;;;84;AUVERGNE-RHONE-ALPES;43;HAUTE-LOIRE;43185;Sainte-Florine;30;Risque minier;31;Affaissement minier;314;Tassements;FAUX;;FAUX;;2014-07-11;;;;;2017-09-11;;;Opposable;2020-01-01;Approuvé;2020-01-01;2025-02-07
PPRM;Plan de Prévention des Risques Miniers;38DDT20180001;PPRM du Plateau Matheysin;Direction départementale des territoires;;;;84;AUVERGNE-RHONE-ALPES;38;ISERE;38499;Susville;30;Risque minier;33;Emissions en surface de gaz de mine;;;FAUX;;FAUX;;2007-12-10;2018-12-05;2019-01-19;;;2019-06-11;;;Opposable;2020-01-01;Approuvé;2020-01-01;2025-04-11
PPRM;Plan de Prévention des Risques Miniers;14DDTM20110007;PPR bassin minier de Soumont Saint Quentin;Direction départementale des territoires et de la mer;Mines de Soumont;;;28;NORMANDIE;14;CALVADOS;14276;Fontaine-le-Pin;30;Risque minier;31;Affaissement minier;312;Effondrements localisés;FAUX;;FAUX;;2005-11-14;2008-06-27;2008-06-27;;;2009-01-06;;;Opposable;2020-01-01;Approuvé;2020-01-01;2025-04-14
PPRM;Plan de Prévention des Risques Miniers;42DDT20160002;PPRM VALLEE DE L'ONDAINE;Direction départementale des territoires;ONDAINE;;;84;AUVERGNE-RHONE-ALPES;42;LOIRE;42316;Unieux;30;Risque minier;31;Affaissement minier;315;Glissements ou mouvements de pente;FAUX;;FAUX;;2016-03-15;2018-01-22;2018-02-27;;;2018-07-11;2023-02-05;;Caduque;2020-01-01;Annulé;2020-01-01;2023-02-02
PPRM;Plan de Prévention des Risques Miniers;13DDTM20190176;PPR Minier - Saint-Savournin 2022;Direction départementale des territoires et de la mer;;;;93;PROVENCE-ALPES-COTE D'AZUR;13;BOUCHES-DU-RHONE;13101;Saint-Savournin;30;Risque minier;31;Affaissement minier;313;Affaissements progressifs;FAUX;;FAUX;;2019-10-07;;;;;2022-04-15;;;Opposable;2020-01-01;Approuvé;2020-01-01;2025-04-08
PPRM;Plan de Prévention des Risques Miniers;54DDT20140037;PPRM Ville-au-Montois;Direction départementale des territoires;;;;44;GRAND EST;54;MEURTHE-ET-MOSELLE;54568;Ville-au-Montois;30;Risque minier;31;Affaissement minier;313;Affaissements progressifs;FAUX;;FAUX;;2008-01-24;2011-11-03;2011-12-03;;;2012-02-28;;;Opposable;2020-01-01;Approuvé;2020-01-01;2025-02-27
PPRM;Plan de Prévention des Risques Miniers;54DDT20140034;PPRM Secteur de Piennes;Direction départementale des territoires;;;;44;GRAND EST;54;MEURTHE-ET-MOSELLE;54295;Landres;30;Risque minier;31;Affaissement minier;312;Effondrements localisés;FAUX;;FAUX;;2007-03-08;;;;;2010-04-20;;;Opposable;2020-01-01;Approuvé;2020-01-01;2025-02-27
PPRM;Plan de Prévention des Risques Miniers;PPRM_2024_0001;PPRM - Mines de fer du pourtour d'Angers ;Direction régionale de l'environnement, de l'aménagement et du logement;;;;;;49;MAINE-ET-LOIRE;49307;Loire-Authion;30;Risque minier;31;Affaissement minier;314;Tassements;FAUX;;FAUX;;2023-05-22;;;;;;;;Prescrit;2020-01-01;Prescrit;2020-01-01;2025-03-18
PPRM;Plan de Prévention des Risques Miniers;38DDT20180001;PPRM du Plateau Matheysin;Direction départementale des territoires;;;;84;AUVERGNE-RHONE-ALPES;38;ISERE;38265;La Motte-d'Aveillans;30;Risque minier;31;Affaissement minier;314;Tassements;FAUX;;FAUX;;2007-12-10;2018-12-05;2019-01-19;;;2019-06-11;;;Opposable;2020-01-01;Approuvé;2020-01-01;2025-04-11
PPRM;Plan de Prévention des Risques Miniers;38DDT20180001;PPRM du Plateau Matheysin;Direction départementale des territoires;;;;84;AUVERGNE-RHONE-ALPES;38;ISERE;38361;Saint-Arey;30;Risque minier;31;Affaissement minier;314;Tassements;FAUX;;FAUX;;2007-12-10;2018-12-05;2019-01-19;;;2019-06-11;;;Opposable;2020-01-01;Approuvé;2020-01-01;2025-04-11
PPRM;Plan de Prévention des Risques Miniers;PPRM_2022_0001;PPRM - Bassin Nord 2ème révision;Direction départementale des territoires;;;;;;57;MOSELLE;57678;Tressange;30;Risque minier;31;Affaissement minier;312;Effondrements localisés;VRAI;57DDT20100003;FAUX;;2021-09-20;;;;;2022-11-15;;;Opposable;2020-01-01;Approuvé;2020-01-01;2025-03-18
PPRM;Plan de Prévention des Risques Miniers;59DDTM20140004;PPRM Denaisis;Direction départementale des territoires et de la mer;;;;32;HAUTS-DE-FRANCE;59;NORD;59292;Haveluy;30;Risque minier;34;Echauffement des terrains de dépôts;;;FAUX;;FAUX;;2014-11-17;;;;;2018-07-06;;;Opposable;2020-01-01;Approuvé;2020-01-01;2025-03-26
PPRM;Plan de Prévention des Risques Miniers;57DDT20200011;PPRM-Bassin Belval 3ème révision;Direction départementale des territoires;;;;44;GRAND EST;57;MOSELLE;57565;Rédange;30;Risque minier;31;Affaissement minier;314;Tassements;VRAI;57DDT20150001;FAUX;;2020-07-09;;;;;2021-12-22;;;Opposable;2020-01-01;Approuvé;2020-01-01;2025-01-09
PPRM;Plan de Prévention des Risques Miniers;42DDT20160002;PPRM VALLEE DE L'ONDAINE;Direction départementale des territoires;ONDAINE;;;84;AUVERGNE-RHONE-ALPES;42;LOIRE;42044;Le Chambon-Feugerolles;30;Risque minier;31;Affaissement minier;312;Effondrements localisés;FAUX;;FAUX;;2016-03-15;2018-01-22;2018-02-27;;;2018-07-11;2023-02-05;;Caduque;2020-01-01;Annulé;2020-01-01;2023-02-02
PPRM;Plan de Prévention des Risques Miniers;PPRM_2025_0001;PPRM - modification - Doyet - Bezenet - Montvicq;Direction départementale des territoires;;;;;;03;ALLIER;03104;Doyet;30;Risque minier;34;Echauffement des terrains de dépôts;;;VRAI;03DDT20120001;FAUX;;2024-08-09;;;;;2024-12-18;;;Opposable;2020-01-01;Approuvé;2020-01-01;2024-08-09
PPRM;Plan de Prévention des Risques Miniers;42DDT20160002;PPRM VALLEE DE L'ONDAINE;Direction départementale des territoires;ONDAINE;;;84;AUVERGNE-RHONE-ALPES;42;LOIRE;42189;Roche-la-Molière;30;Risque minier;34;Echauffement des terrains de dépôts;;;FAUX;;FAUX;;2016-03-15;2018-01-22;2018-02-27;;;2018-07-11;2023-02-05;;Caduque;2020-01-01;Annulé;2020-01-01;2023-02-02
PPRM;Plan de Prévention des Risques Miniers;PPRM_2022_0002;PPRM - ONDAINE;Direction départementale des territoires;;;;;;42;LOIRE;42044;Le Chambon-Feugerolles;30;Risque minier;31;Affaissement minier;314;Tassements;FAUX;;FAUX;;2022-08-17;2025-03-03;2025-04-11;;;2025-06-30;;;Opposable;2020-01-01;Approuvé;2020-01-01;2025-07-22
PPRM;Plan de Prévention des Risques Miniers;59DDTM20140005;PPRM couronne de Valenciennes;Direction départementale des territoires et de la mer;;;;32;HAUTS-DE-FRANCE;59;NORD;59014;Anzin;30;Risque minier;31;Affaissement minier;313;Affaissements progressifs;FAUX;;FAUX;;2014-11-17;;;;;2018-07-06;;;Opposable;2020-01-01;Approuvé;2020-01-01;2025-03-26
PPRM;Plan de Prévention des Risques Miniers;61DDT20120014;PPR-M - La Ferrière aux Étangs;Direction départementale des territoires;;;;28;NORMANDIE;61;ORNE;61024;Banvou;30;Risque minier;31;Affaissement minier;315;Glissements ou mouvements de pente;FAUX;;FAUX;;2007-09-17;2010-12-09;2011-01-13;;;2011-08-01;;;Opposable;2020-01-01;Approuvé;2020-01-01;2012-10-19
PPRM;Plan de Prévention des Risques Miniers;81DDT20150001;PPR minier Bassin de Carmaux;Direction départementale des territoires;;;;76;OCCITANIE;81;TARN;81060;Carmaux;30;Risque minier;31;Affaissement minier;315;Glissements ou mouvements de pente;FAUX;;FAUX;;2008-10-15;2010-09-06;2010-10-08;;;2012-07-09;2015-12-30;;Caduque;2020-01-01;Annulé;2020-01-01;2016-02-25
PPRM;Plan de Prévention des Risques Miniers;42DDT20160002;PPRM VALLEE DE L'ONDAINE;Direction départementale des territoires;ONDAINE;;;84;AUVERGNE-RHONE-ALPES;42;LOIRE;42218;Saint-Étienne;30;Risque minier;31;Affaissement minier;315;Glissements ou mouvements de pente;FAUX;;FAUX;;2016-03-15;2018-01-22;2018-02-27;;;2018-07-11;2023-02-05;;Caduque;2020-01-01;Annulé;2020-01-01;2023-02-02
PPRM;Plan de Prévention des Risques Miniers;69DDT20140001;Sainte Foy l'Argentière;Direction départementale des territoires;Sainte Foy l'Argentière;;;84;AUVERGNE-RHONE-ALPES;69;RHONE;69201;Sainte-Foy-l'Argentière;30;Risque minier;33;Emissions en surface de gaz de mine;;;FAUX;;FAUX;;2013-11-08;2016-04-25;2016-05-27;;;2017-01-06;;;Opposable;2020-01-01;Approuvé;2020-01-01;2025-01-13
PPRM;Plan de Prévention des Risques Miniers;38DDT20180001;PPRM du Plateau Matheysin;Direction départementale des territoires;;;;84;AUVERGNE-RHONE-ALPES;38;ISERE;38326;Prunières;30;Risque minier;32;Inondations de terrains miniers;321;Pollution des eaux souterraines et de surface;FAUX;;FAUX;;2007-12-10;2018-12-05;2019-01-19;;;2019-06-11;;;Opposable;2020-01-01;Approuvé;2020-01-01;2025-04-11
PPRM;Plan de Prévention des Risques Miniers;42DDT20130002;PPRM DE LA VALLEE DU GIER;Direction départementale des territoires;GIER;;;84;AUVERGNE-RHONE-ALPES;42;LOIRE;42123;Lorette;30;Risque minier;31;Affaissement minier;312;Effondrements localisés;FAUX;;FAUX;;2014-10-15;2018-12-10;2019-01-25;;;2019-03-29;;;Opposable;2020-01-01;Approuvé;2020-01-01;2025-01-21
PPRM;Plan de Prévention des Risques Miniers;54DDT20140007;PPRM Secteur de Piennes;Direction départementale des territoires;;;;44;GRAND EST;54;MEURTHE-ET-MOSELLE;54284;Joudreville;30;Risque minier;31;Affaissement minier;314;Tassements;FAUX;;FAUX;;2012-11-26;2013-02-08;2013-03-11;;;2013-08-29;;;Opposable;2020-01-01;Approuvé;2020-01-01;2025-02-27
PPRM;Plan de Prévention des Risques Miniers;54DDT20190001;PPRM de Moutiers;Direction départementale des territoires;;;;44;GRAND EST;54;MEURTHE-ET-MOSELLE;54391;Moutiers;30;Risque minier;31;Affaissement minier;314;Tassements;VRAI;54DDT20140041;FAUX;;2019-08-27;;;;;;;;Prescrit;2020-01-01;Prescrit;2020-01-01;2025-03-18
PPRM;Plan de Prévention des Risques Miniers;PPRM_2022_0001;PPRM - Bassin Nord 2ème révision;Direction départementale des territoires;;;;;;57;MOSELLE;57529;Ottange;30;Risque minier;31;Affaissement minier;314;Tassements;VRAI;57DDT20100003;FAUX;;2021-09-20;;;;;2022-11-15;;;Opposable;2020-01-01;Approuvé;2020-01-01;2025-03-18
PPRM;Plan de Prévention des Risques Miniers;54DDT20140041;PPRM Secteur BRIEY;Direction départementale des territoires;Miniers;;;44;GRAND EST;54;MEURTHE-ET-MOSELLE;54391;Moutiers;30;Risque minier;31;Affaissement minier;312;Effondrements localisés;VRAI;54DDT20140031;VRAI;54DDT20190001;2014-03-12;;;;;2016-08-23;;;Opposable;2020-01-01;Approuvé;2020-01-01;2025-02-27
PPRM;Plan de Prévention des Risques Miniers;57DDT20100009;PPRM-Fensch;Direction départementale des territoires;Bassin ferrifère;;;44;GRAND EST;57;MOSELLE;57562;Ranguevaux;30;Risque minier;31;Affaissement minier;314;Tassements;FAUX;;VRAI;57DDT20150002;2006-10-17;;;;;2013-03-18;;2017-01-26;Caduque;2020-01-01;Abrogé;2020-01-01;2025-01-09
PPRM;Plan de Prévention des Risques Miniers;PPRM_2022_0002;PPRM - ONDAINE;Direction départementale des territoires;;;;;;42;LOIRE;42316;Unieux;30;Risque minier;31;Affaissement minier;312;Effondrements localisés;FAUX;;FAUX;;2022-08-17;2025-03-03;2025-04-11;;;2025-06-30;;;Opposable;2020-01-01;Approuvé;2020-01-01;2025-07-22
PPRM;Plan de Prévention des Risques Miniers;22DDTM20130001;PPRM de Trémuson;Direction départementale des territoires et de la mer;Ancienne mine de Trémuson;;;53;BRETAGNE;22;COTES-D'ARMOR;22182;Plélo;30;Risque minier;31;Affaissement minier;315;Glissements ou mouvements de pente;FAUX;;FAUX;;2008-08-11;;;;;2021-10-06;;;Opposable;2020-01-01;Approuvé;2020-01-01;2025-02-19
PPRM;Plan de Prévention des Risques Miniers;14DDTM20110007;PPR bassin minier de Soumont Saint Quentin;Direction départementale des territoires et de la mer;Mines de Soumont;;;28;NORMANDIE;14;CALVADOS;14310;Grainville-Langannerie;30;Risque minier;31;Affaissement minier;311;Effondrements généralisés;FAUX;;FAUX;;2005-11-14;2008-06-27;2008-06-27;;;2009-01-06;;;Opposable;2020-01-01;Approuvé;2020-01-01;2025-04-14
PPRM;Plan de Prévention des Risques Miniers;57DDT20100010;PPRM-Orne;Direction départementale des territoires;Bassin ferrifère;;;44;GRAND EST;57;MOSELLE;57143;Clouange;30;Risque minier;31;Affaissement minier;314;Tassements;FAUX;;VRAI;57DDT20150003;2006-10-17;;;;;2014-03-07;;2016-04-04;Caduque;2020-01-01;Abrogé;2020-01-01;2025-01-09
PPRM;Plan de Prévention des Risques Miniers;14DDTM20110009;PPR Mines de Littry;Direction départementale des territoires et de la mer;Mines de Littry;;;28;NORMANDIE;14;CALVADOS;14667;Saon;30;Risque minier;31;Affaissement minier;311;Effondrements généralisés;FAUX;;FAUX;;2009-04-14;2025-05-12;2025-06-03;;;2025-11-03;;;Opposable;2020-01-01;Approuvé;2020-01-01;2025-11-03
PPRM;Plan de Prévention des Risques Miniers;59DDTM20140005;PPRM couronne de Valenciennes;Direction départementale des territoires et de la mer;;;;32;HAUTS-DE-FRANCE;59;NORD;59606;Valenciennes;30;Risque minier;31;Affaissement minier;315;Glissements ou mouvements de pente;FAUX;;FAUX;;2014-11-17;;;;;2018-07-06;;;Opposable;2020-01-01;Approuvé;2020-01-01;2025-03-26
PPRM;Plan de Prévention des Risques Miniers;62DDTM20150001;PPRm du BETHUNOIS;Direction départementale des territoires et de la mer;Béthunois;;;32;HAUTS-DE-FRANCE;62;PAS-DE-CALAIS;62270;Divion;30;Risque minier;34;Echauffement des terrains de dépôts;;;FAUX;;FAUX;;2015-06-10;;;;;2017-11-17;;;Opposable;2020-01-01;Approuvé;2020-01-01;2021-02-24
PPRM;Plan de Prévention des Risques Miniers;54DDT20140036;PPRM Domprix;Direction départementale des territoires;;;;44;GRAND EST;54;MEURTHE-ET-MOSELLE;54169;Domprix;30;Risque minier;31;Affaissement minier;312;Effondrements localisés;FAUX;;VRAI;54DDT20210002;2008-01-24;;;;;2011-09-16;;;Opposable;2020-01-01;Approuvé;2020-01-01;2025-02-27
PPRM;Plan de Prévention des Risques Miniers;57DDT20100010;PPRM-Orne;Direction départementale des territoires;Bassin ferrifère;;;44;GRAND EST;57;MOSELLE;57591;Rombas;30;Risque minier;31;Affaissement minier;314;Tassements;FAUX;;VRAI;57DDT20150003;2006-10-17;;;;;2014-03-07;;2016-04-04;Caduque;2020-01-01;Abrogé;2020-01-01;2025-01-09
PPRM;Plan de Prévention des Risques Miniers;69DDT20140001;Sainte Foy l'Argentière;Direction départementale des territoires;Sainte Foy l'Argentière;;;84;AUVERGNE-RHONE-ALPES;69;RHONE;69203;Saint-Genis-l'Argentière;30;Risque minier;31;Affaissement minier;315;Glissements ou mouvements de pente;FAUX;;FAUX;;2013-11-08;2016-04-25;2016-05-27;;;2017-01-06;;;Opposable;2020-01-01;Approuvé;2020-01-01;2025-01-13
PPRM;Plan de Prévention des Risques Miniers;59DDTM20140004;PPRM Denaisis;Direction départementale des territoires et de la mer;;;;32;HAUTS-DE-FRANCE;59;NORD;59172;Denain;30;Risque minier;33;Emissions en surface de gaz de mine;;;FAUX;;FAUX;;2014-11-17;;;;;2018-07-06;;;Opposable;2020-01-01;Approuvé;2020-01-01;2025-03-26
PPRM;Plan de Prévention des Risques Miniers;57DDT20150002;PPRM-Fensch révision;Direction départementale des territoires;Bassin ferrifère;;;44;GRAND EST;57;MOSELLE;57498;Neufchef;30;Risque minier;31;Affaissement minier;313;Affaissements progressifs;VRAI;57DDT20100009;FAUX;;2015-08-06;;;;;2017-01-26;;;Opposable;2020-01-01;Approuvé;2020-01-01;2025-01-09
PPRM;Plan de Prévention des Risques Miniers;12DDT20120002;PPRM du bassin de Decazeville;Direction départementale des territoires;;;;76;OCCITANIE;12;AVEYRON;12013;Aubin;30;Risque minier;31;Affaissement minier;314;Tassements;FAUX;;FAUX;;2012-12-21;;;;;2017-06-19;;;Opposable;2020-01-01;Approuvé;2020-01-01;2025-02-07
PPRM;Plan de Prévention des Risques Miniers;42DDT20130002;PPRM DE LA VALLEE DU GIER;Direction départementale des territoires;GIER;;;84;AUVERGNE-RHONE-ALPES;42;LOIRE;42207;Saint-Chamond;30;Risque minier;31;Affaissement minier;315;Glissements ou mouvements de pente;FAUX;;FAUX;;2014-10-15;2018-12-10;2019-01-25;;;2019-03-29;;;Opposable;2020-01-01;Approuvé;2020-01-01;2025-01-21
PPRM;Plan de Prévention des Risques Miniers;38DDT20180001;PPRM du Plateau Matheysin;Direction départementale des territoires;;;;84;AUVERGNE-RHONE-ALPES;38;ISERE;38499;Susville;30;Risque minier;31;Affaissement minier;315;Glissements ou mouvements de pente;FAUX;;FAUX;;2007-12-10;2018-12-05;2019-01-19;;;2019-06-11;;;Opposable;2020-01-01;Approuvé;2020-01-01;2025-04-11
PPRM;Plan de Prévention des Risques Miniers;59DDTM20160021;PPR Puits de mines;Direction départementale des territoires et de la mer;Anzin;;;32;HAUTS-DE-FRANCE;59;NORD;;;;;;;;;FAUX;;FAUX;;;;;;;;;;;;;;
PPRM;Plan de Prévention des Risques Miniers;61DDT20120014;PPR-M - La Ferrière aux Étangs;Direction départementale des territoires;;;;28;NORMANDIE;61;ORNE;61163;La Ferrière-aux-Étangs;30;Risque minier;31;Affaissement minier;315;Glissements ou mouvements de pente;FAUX;;FAUX;;2007-09-17;2010-12-09;2011-01-13;2012-11-27;;2011-08-01;;;Opposable;2020-01-01;Approuvé;2020-01-01;2012-10-19
PPRM;Plan de Prévention des Risques Miniers;69DDT20140001;Sainte Foy l'Argentière;Direction départementale des territoires;Sainte Foy l'Argentière;;;84;AUVERGNE-RHONE-ALPES;69;RHONE;69203;Saint-Genis-l'Argentière;30;Risque minier;31;Affaissement minier;317;Ecroulements rocheux;FAUX;;FAUX;;2013-11-08;2016-04-25;2016-05-27;;;2017-01-06;;;Opposable;2020-01-01;Approuvé;2020-01-01;2025-01-13
PPRM;Plan de Prévention des Risques Miniers;69DDT20140001;Sainte Foy l'Argentière;Direction départementale des territoires;Sainte Foy l'Argentière;;;84;AUVERGNE-RHONE-ALPES;69;RHONE;69178;Souzy;30;Risque minier;31;Affaissement minier;315;Glissements ou mouvements de pente;FAUX;;FAUX;;2013-11-08;2016-04-25;2016-05-27;;;2017-01-06;;;Opposable;2020-01-01;Approuvé;2020-01-01;2025-01-13
PPRM;Plan de Prévention des Risques Miniers;54DDT20140033;PPRM Secteur de Crusnes;Direction départementale des territoires;;;;44;GRAND EST;54;MEURTHE-ET-MOSELLE;54149;Crusnes;30;Risque minier;31;Affaissement minier;312;Effondrements localisés;FAUX;;FAUX;;2006-02-02;;;;;2009-12-15;;;Opposable;2020-01-01;Approuvé;2020-01-01;2025-02-27
PPRM;Plan de Prévention des Risques Miniers;57DDT20140009;PPRM-Bassin Sud révision 2;Direction départementale des territoires;Bassin ferrifère;;;44;GRAND EST;57;MOSELLE;57593;Roncourt;30;Risque minier;31;Affaissement minier;314;Tassements;VRAI;57DDT20100005;FAUX;;2014-07-29;;;;;2016-03-08;;;Opposable;2020-01-01;Approuvé;2020-01-01;2025-01-09
PPRM;Plan de Prévention des Risques Miniers;38DDT20180002;PPRM de Saint-Didier-de-la-Tour;Direction départementale des territoires;;;;84;AUVERGNE-RHONE-ALPES;38;ISERE;38464;Saint-Victor-de-Cessieu;30;Risque minier;33;Emissions en surface de gaz de mine;;;FAUX;;FAUX;;2012-08-02;;;;;2022-02-16;;;Opposable;2020-01-01;Approuvé;2020-01-01;2025-03-06
PPRM;Plan de Prévention des Risques Miniers;59DDTM20140003;PPRM Pays de Conde;Direction départementale des territoires et de la mer;;;;32;HAUTS-DE-FRANCE;59;NORD;59301;Hergnies;30;Risque minier;31;Affaissement minier;313;Affaissements progressifs;FAUX;;FAUX;;2014-11-17;;;;;2018-07-06;;;Opposable;2020-01-01;Approuvé;2020-01-01;2025-03-26
PPRM;Plan de Prévention des Risques Miniers;81DDT20150001;PPR minier Bassin de Carmaux;Direction départementale des territoires;;;;76;OCCITANIE;81;TARN;81033;Blaye-les-Mines;30;Risque minier;31;Affaissement minier;311;Effondrements généralisés;FAUX;;FAUX;;2008-10-15;2010-09-06;2010-10-08;;;2012-07-09;2015-12-30;;Caduque;2020-01-01;Annulé;2020-01-01;2016-02-25
PPRM;Plan de Prévention des Risques Miniers;23DDT20130001;PPRM Bassin houiller d'Ahun;Direction départementale des territoires;;;;75;NOUVELLE-AQUITAINE;23;CREUSE;23220;Saint-Médard-la-Rochette;30;Risque minier;33;Emissions en surface de gaz de mine;;;FAUX;;FAUX;;2000-11-14;2011-04-11;2011-05-27;;;2012-05-11;;;Opposable;2020-01-01;Approuvé;2020-01-01;2025-01-27
PPRM;Plan de Prévention des Risques Miniers;38DDT20180001;PPRM du Plateau Matheysin;Direction départementale des territoires;;;;84;AUVERGNE-RHONE-ALPES;38;ISERE;38269;La Mure;30;Risque minier;31;Affaissement minier;312;Effondrements localisés;FAUX;;FAUX;;2007-12-10;2018-12-05;2019-01-19;;;2019-06-11;;;Opposable;2020-01-01;Approuvé;2020-01-01;2025-04-11
PPRM;Plan de Prévention des Risques Miniers;63DDT20140005;PPRminiers de Brassac les Mines;Direction départementale des territoires;de Brassac les Mines;;;84;AUVERGNE-RHONE-ALPES;63;PUY-DE-DOME;63022;Auzat-la-Combelle;30;Risque minier;31;Affaissement minier;315;Glissements ou mouvements de pente;FAUX;;FAUX;;2014-07-16;;;;;2017-09-11;;;Opposable;2020-01-01;Approuvé;2020-01-01;2025-02-11
PPRM;Plan de Prévention des Risques Miniers;12DDT20120002;PPRM du bassin de Decazeville;Direction départementale des territoires;;;;76;OCCITANIE;12;AVEYRON;12100;Firmi;30;Risque minier;31;Affaissement minier;315;Glissements ou mouvements de pente;FAUX;;FAUX;;2012-12-21;;;;;2017-06-19;;;Opposable;2020-01-01;Approuvé;2020-01-01;2025-02-07
PPRM;Plan de Prévention des Risques Miniers;14DDTM20110008;PPR Mines de May sur Orne;Direction départementale des territoires et de la mer;Mines de May sur Orne;;;28;NORMANDIE;14;CALVADOS;14266;Feuguerolles-Bully;30;Risque minier;31;Affaissement minier;311;Effondrements généralisés;FAUX;;FAUX;;2005-01-14;2021-02-08;2021-03-16;;;2021-08-10;;;Opposable;2020-01-01;Approuvé;2020-01-01;2025-03-31
PPRM;Plan de Prévention des Risques Miniers;57DDT20100003;PPRM-Bassin Nord révision;Direction départementale des territoires;Bassin ferrifère;;;44;GRAND EST;57;MOSELLE;57096;Boulange;30;Risque minier;31;Affaissement minier;314;Tassements;VRAI;57DDT20100002;VRAI;PPRM_2022_0001;2007-02-19;;;;;2011-09-30;;2022-11-15;Caduque;2020-01-01;Abrogé;2020-01-01;2022-12-20
PPRM;Plan de Prévention des Risques Miniers;14DDTM20110007;PPR bassin minier de Soumont Saint Quentin;Direction départementale des territoires et de la mer;Mines de Soumont;;;28;NORMANDIE;14;CALVADOS;14100;Bretteville-sur-Laize;30;Risque minier;31;Affaissement minier;312;Effondrements localisés;FAUX;;FAUX;;2005-11-14;2008-06-27;2008-06-27;;;2009-01-06;;;Opposable;2020-01-01;Approuvé;2020-01-01;2025-04-14
PPRM;Plan de Prévention des Risques Miniers;PPRM_2022_0002;PPRM - ONDAINE;Direction départementale des territoires;;;;;;42;LOIRE;42218;Saint-Étienne;30;Risque minier;31;Affaissement minier;315;Glissements ou mouvements de pente;FAUX;;FAUX;;2022-08-17;2025-03-03;2025-04-11;;;2025-06-30;;;Opposable;2020-01-01;Approuvé;2020-01-01;2025-07-22
PPRM;Plan de Prévention des Risques Miniers;12DDT20120002;PPRM du bassin de Decazeville;Direction départementale des territoires;;;;76;OCCITANIE;12;AVEYRON;12305;Viviez;30;Risque minier;31;Affaissement minier;317;Ecroulements rocheux;FAUX;;FAUX;;2012-12-21;;;;;2017-06-19;;;Opposable;2020-01-01;Approuvé;2020-01-01;2025-02-07
PPRM;Plan de Prévention des Risques Miniers;69DDT20140001;Sainte Foy l'Argentière;Direction départementale des territoires;Sainte Foy l'Argentière;;;84;AUVERGNE-RHONE-ALPES;69;RHONE;69201;Sainte-Foy-l'Argentière;30;Risque minier;31;Affaissement minier;312;Effondrements localisés;FAUX;;FAUX;;2013-11-08;2016-04-25;2016-05-27;;;2017-01-06;;;Opposable;2020-01-01;Approuvé;2020-01-01;2025-01-13
PPRM;Plan de Prévention des Risques Miniers;38DDT20180002;PPRM de Saint-Didier-de-la-Tour;Direction départementale des territoires;;;;84;AUVERGNE-RHONE-ALPES;38;ISERE;38377;Saint-Clair-de-la-Tour;30;Risque minier;33;Emissions en surface de gaz de mine;;;FAUX;;FAUX;;2012-08-02;;;;;2022-02-16;;;Opposable;2020-01-01;Approuvé;2020-01-01;2025-03-06
PPRM;Plan de Prévention des Risques Miniers;PPRM_2022_0002;PPRM - ONDAINE;Direction départementale des territoires;;;;;;42;LOIRE;42223;Saint-Genest-Lerpt;30;Risque minier;31;Affaissement minier;314;Tassements;FAUX;;FAUX;;2022-08-17;2025-03-03;2025-04-11;;;2025-06-30;;;Opposable;2020-01-01;Approuvé;2020-01-01;2025-07-22
PPRM;Plan de Prévention des Risques Miniers;PPRM_2022_0002;PPRM - ONDAINE;Direction départementale des territoires;;;;;;42;LOIRE;42183;La Ricamarie;30;Risque minier;31;Affaissement minier;315;Glissements ou mouvements de pente;FAUX;;FAUX;;2022-08-17;2025-03-03;2025-04-11;;;2025-06-30;;;Opposable;2020-01-01;Approuvé;2020-01-01;2025-07-22
PPRM;Plan de Prévention des Risques Miniers;59DDTM20140005;PPRM couronne de Valenciennes;Direction départementale des territoires et de la mer;;;;32;HAUTS-DE-FRANCE;59;NORD;59606;Valenciennes;30;Risque minier;33;Emissions en surface de gaz de mine;;;FAUX;;FAUX;;2014-11-17;;;;;2018-07-06;;;Opposable;2020-01-01;Approuvé;2020-01-01;2025-03-26
PPRM;Plan de Prévention des Risques Miniers;12DDT20120002;PPRM du bassin de Decazeville;Direction départementale des territoires;;;;76;OCCITANIE;12;AVEYRON;12089;Decazeville;30;Risque minier;34;Echauffement des terrains de dépôts;;;FAUX;;FAUX;;2012-12-21;;;;;2017-06-19;;;Opposable;2020-01-01;Approuvé;2020-01-01;2025-02-07
PPRM;Plan de Prévention des Risques Miniers;42DDT20130002;PPRM DE LA VALLEE DU GIER;Direction départementale des territoires;GIER;;;84;AUVERGNE-RHONE-ALPES;42;LOIRE;42225;Genilac;30;Risque minier;31;Affaissement minier;314;Tassements;FAUX;;FAUX;;2014-10-15;2018-12-10;2019-01-25;;;2019-03-29;;;Opposable;2020-01-01;Approuvé;2020-01-01;2025-01-21
PPRM;Plan de Prévention des Risques Miniers;81DDT20150001;PPR minier Bassin de Carmaux;Direction départementale des territoires;;;;76;OCCITANIE;81;TARN;81291;Taïx;30;Risque minier;31;Affaissement minier;311;Effondrements généralisés;FAUX;;FAUX;;2008-10-15;2010-09-06;2010-10-08;;;2012-07-09;2015-12-30;;Caduque;2020-01-01;Annulé;2020-01-01;2016-02-25
PPRM;Plan de Prévention des Risques Miniers;13DDTM20200184;PPR Minier - Mimet 2024;Direction départementale des territoires et de la mer;;;;93;PROVENCE-ALPES-COTE D'AZUR;13;BOUCHES-DU-RHONE;13062;Mimet;30;Risque minier;31;Affaissement minier;312;Effondrements localisés;FAUX;;FAUX;;2020-10-14;;;;;2024-06-24;;;Opposable;2020-01-01;Approuvé;2020-01-01;2025-04-24
PPRM;Plan de Prévention des Risques Miniers;13DDTM20200186;PPR Minier - Gardanne 2023  Révision 1;Direction départementale des territoires et de la mer;;;;93;PROVENCE-ALPES-COTE D'AZUR;13;BOUCHES-DU-RHONE;13041;Gardanne;30;Risque minier;31;Affaissement minier;312;Effondrements localisés;VRAI;13DDTM20020152;FAUX;;2020-07-22;;;;;2023-03-09;;;Opposable;2020-01-01;Approuvé;2020-01-01;2025-04-24
PPRM;Plan de Prévention des Risques Miniers;57DDT20100003;PPRM-Bassin Nord révision;Direction départementale des territoires;Bassin ferrifère;;;44;GRAND EST;57;MOSELLE;57041;Aumetz;30;Risque minier;31;Affaissement minier;313;Affaissements progressifs;VRAI;57DDT20100002;VRAI;PPRM_2022_0001;2007-02-19;;;;;2011-09-30;;2022-11-15;Caduque;2020-01-01;Abrogé;2020-01-01;2022-12-20
PPRM;Plan de Prévention des Risques Miniers;54DDT20140007;PPRM Secteur de Piennes;Direction départementale des territoires;;;;44;GRAND EST;54;MEURTHE-ET-MOSELLE;54284;Joudreville;30;Risque minier;31;Affaissement minier;312;Effondrements localisés;FAUX;;FAUX;;2012-11-26;2013-02-08;2013-03-11;;;2013-08-29;;;Opposable;2020-01-01;Approuvé;2020-01-01;2025-02-27
PPRM;Plan de Prévention des Risques Miniers;07DDT20160003;LARGENTIERE PPR Minier;Direction départementale des territoires;Largentière ;;;84;AUVERGNE-RHONE-ALPES;07;ARDECHE;07132;Largentière;30;Risque minier;31;Affaissement minier;311;Effondrements généralisés;FAUX;;FAUX;;2006-01-13;2010-10-04;2010-11-05;;;2011-07-27;;2015-04-17;Caduque;2020-01-01;Abrogé;2020-01-01;2025-02-18
PPRM;Plan de Prévention des Risques Miniers;63DDT20140005;PPRminiers de Brassac les Mines;Direction départementale des territoires;de Brassac les Mines;;;84;AUVERGNE-RHONE-ALPES;63;PUY-DE-DOME;63022;Auzat-la-Combelle;30;Risque minier;31;Affaissement minier;312;Effondrements localisés;FAUX;;FAUX;;2014-07-16;;;;;2017-09-11;;;Opposable;2020-01-01;Approuvé;2020-01-01;2025-02-11
PPRM;Plan de Prévention des Risques Miniers;57DDT20150002;PPRM-Fensch révision;Direction départementale des territoires;Bassin ferrifère;;;44;GRAND EST;57;MOSELLE;57508;Nilvange;30;Risque minier;31;Affaissement minier;314;Tassements;VRAI;57DDT20100009;FAUX;;2015-08-06;;;;;2017-01-26;;;Opposable;2020-01-01;Approuvé;2020-01-01;2025-01-09
PPRM;Plan de Prévention des Risques Miniers;14DDTM20110007;PPR bassin minier de Soumont Saint Quentin;Direction départementale des territoires et de la mer;Mines de Soumont;;;28;NORMANDIE;14;CALVADOS;14039;Barbery;30;Risque minier;31;Affaissement minier;312;Effondrements localisés;FAUX;;FAUX;;2005-11-14;2008-06-27;2008-06-27;2009-08-25;;2009-01-06;;;Opposable;2020-01-01;Approuvé;2020-01-01;2025-04-14
PPRM;Plan de Prévention des Risques Miniers;73PREF20160034;PPRM-La Plagne Tarentaise Aime ;Préfecture;;;;84;AUVERGNE-RHONE-ALPES;73;SAVOIE;73006;Aime-la-Plagne;30;Risque minier;34;Echauffement des terrains de dépôts;;;FAUX;;FAUX;;2012-12-28;;;;;2014-12-18;;;Opposable;2020-01-01;Approuvé;2020-01-01;2025-03-14
PPRM;Plan de Prévention des Risques Miniers;42DDT20160002;PPRM VALLEE DE L'ONDAINE;Direction départementale des territoires;ONDAINE;;;84;AUVERGNE-RHONE-ALPES;42;LOIRE;42316;Unieux;30;Risque minier;31;Affaissement minier;314;Tassements;FAUX;;FAUX;;2016-03-15;2018-01-22;2018-02-27;;;2018-07-11;2023-02-05;;Caduque;2020-01-01;Annulé;2020-01-01;2023-02-02
PPRM;Plan de Prévention des Risques Miniers;57DDT20100003;PPRM-Bassin Nord révision;Direction départementale des territoires;Bassin ferrifère;;;44;GRAND EST;57;MOSELLE;57305;Havange;30;Risque minier;31;Affaissement minier;312;Effondrements localisés;VRAI;57DDT20100002;VRAI;PPRM_2022_0001;2007-02-19;;;;;2011-09-30;;2022-11-15;Caduque;2020-01-01;Abrogé;2020-01-01;2022-12-20
PPRM;Plan de Prévention des Risques Miniers;PPRM_2022_0002;PPRM - ONDAINE;Direction départementale des territoires;;;;;;42;LOIRE;42189;Roche-la-Molière;30;Risque minier;31;Affaissement minier;314;Tassements;FAUX;;FAUX;;2022-08-17;2025-03-03;2025-04-11;;;2025-06-30;;;Opposable;2020-01-01;Approuvé;2020-01-01;2025-07-22
PPRM;Plan de Prévention des Risques Miniers;54DDT20140038;PPRM Secteur de Longwy;Direction départementale des territoires;;;;44;GRAND EST;54;MEURTHE-ET-MOSELLE;54321;Longlaville;30;Risque minier;31;Affaissement minier;312;Effondrements localisés;FAUX;;FAUX;;2008-01-10;;;;;2012-01-24;;;Opposable;2020-01-01;Approuvé;2020-01-01;2025-02-27
PPRM;Plan de Prévention des Risques Miniers;59DDTM20160023;PPR Puits de mines;Direction départementale des territoires et de la mer;Saint Saulve;;;32;HAUTS-DE-FRANCE;59;NORD;59544;Saint-Saulve;30;Risque minier;31;Affaissement minier;;;FAUX;;FAUX;;1996-03-26;;;;;;;2017-08-16;Caduque;2020-01-01;Abrogé;2020-01-01;2017-08-28
PPRM;Plan de Prévention des Risques Miniers;42DDT20160002;PPRM VALLEE DE L'ONDAINE;Direction départementale des territoires;ONDAINE;;;84;AUVERGNE-RHONE-ALPES;42;LOIRE;42095;Firminy;30;Risque minier;31;Affaissement minier;315;Glissements ou mouvements de pente;FAUX;;FAUX;;2016-03-15;2018-01-22;2018-02-27;;;2018-07-11;2023-02-05;;Caduque;2020-01-01;Annulé;2020-01-01;2023-02-02
PPRM;Plan de Prévention des Risques Miniers;12DDT20120002;PPRM du bassin de Decazeville;Direction départementale des territoires;;;;76;OCCITANIE;12;AVEYRON;12013;Aubin;30;Risque minier;31;Affaissement minier;317;Ecroulements rocheux;FAUX;;FAUX;;2012-12-21;;;;;2017-06-19;;;Opposable;2020-01-01;Approuvé;2020-01-01;2025-02-07
PPRM;Plan de Prévention des Risques Miniers;13DDTM20190177;PPR Minier - Fuveau 2022;Direction départementale des territoires et de la mer;;;;93;PROVENCE-ALPES-COTE D'AZUR;13;BOUCHES-DU-RHONE;13040;Fuveau;30;Risque minier;31;Affaissement minier;312;Effondrements localisés;FAUX;;FAUX;;2019-10-07;;;;;2022-04-15;;;Opposable;2020-01-01;Approuvé;2020-01-01;2025-04-24
PPRM;Plan de Prévention des Risques Miniers;PPRM_2022_0001;PPRM - Bassin Nord 2ème révision;Direction départementale des territoires;;;;;;57;MOSELLE;57586;Rochonvillers;30;Risque minier;31;Affaissement minier;313;Affaissements progressifs;VRAI;57DDT20100003;FAUX;;2021-09-20;;;;;2022-11-15;;;Opposable;2020-01-01;Approuvé;2020-01-01;2025-03-18
PPRM;Plan de Prévention des Risques Miniers;62DDTM20150001;PPRm du BETHUNOIS;Direction départementale des territoires et de la mer;Béthunois;;;32;HAUTS-DE-FRANCE;62;PAS-DE-CALAIS;62048;Auchel;30;Risque minier;31;Affaissement minier;314;Tassements;FAUX;;FAUX;;2015-06-10;;;;;2017-11-17;;;Opposable;2020-01-01;Approuvé;2020-01-01;2021-02-24
PPRM;Plan de Prévention des Risques Miniers;12DDT20120002;PPRM du bassin de Decazeville;Direction départementale des territoires;;;;76;OCCITANIE;12;AVEYRON;12013;Aubin;30;Risque minier;34;Echauffement des terrains de dépôts;;;FAUX;;FAUX;;2012-12-21;;;;;2017-06-19;;;Opposable;2020-01-01;Approuvé;2020-01-01;2025-02-07
PPRM;Plan de Prévention des Risques Miniers;03DDT20120001;PPRM - Bezenet - Doyet -  Montvicqq;Direction départementale des territoires;;;;84;AUVERGNE-RHONE-ALPES;03;ALLIER;03104;Doyet;30;Risque minier;31;Affaissement minier;314;Tassements;FAUX;;VRAI;PPRM_2025_0001;2012-01-23;;;;;2016-10-03;;2024-12-18;Caduque;2020-01-01;Abrogé;2020-01-01;2025-01-14
PPRM;Plan de Prévention des Risques Miniers;14DDTM20110007;PPR bassin minier de Soumont Saint Quentin;Direction départementale des territoires et de la mer;Mines de Soumont;;;28;NORMANDIE;14;CALVADOS;14497;Perrières;30;Risque minier;31;Affaissement minier;311;Effondrements généralisés;FAUX;;FAUX;;2005-11-14;2008-06-27;2008-06-27;;;2009-01-06;;;Opposable;2020-01-01;Approuvé;2020-01-01;2025-04-14
PPRM;Plan de Prévention des Risques Miniers;PPRM_2022_0002;PPRM - ONDAINE;Direction départementale des territoires;;;;;;42;LOIRE;42218;Saint-Étienne;30;Risque minier;33;Emissions en surface de gaz de mine;;;FAUX;;FAUX;;2022-08-17;2025-03-03;2025-04-11;;;2025-06-30;;;Opposable;2020-01-01;Approuvé;2020-01-01;2025-07-22
PPRM;Plan de Prévention des Risques Miniers;PPRM_2022_0002;PPRM - ONDAINE;Direction départementale des territoires;;;;;;42;LOIRE;42183;La Ricamarie;30;Risque minier;33;Emissions en surface de gaz de mine;;;FAUX;;FAUX;;2022-08-17;2025-03-03;2025-04-11;;;2025-06-30;;;Opposable;2020-01-01;Approuvé;2020-01-01;2025-07-22
PPRM;Plan de Prévention des Risques Miniers;42DDT20130002;PPRM DE LA VALLEE DU GIER;Direction départementale des territoires;GIER;;;84;AUVERGNE-RHONE-ALPES;42;LOIRE;42225;Genilac;30;Risque minier;31;Affaissement minier;312;Effondrements localisés;FAUX;;FAUX;;2014-10-15;2018-12-10;2019-01-25;;;2019-03-29;;;Opposable;2020-01-01;Approuvé;2020-01-01;2025-01-21
PPRM;Plan de Prévention des Risques Miniers;73PREF20160034;PPRM-La Plagne Tarentaise Aime ;Préfecture;;;;84;AUVERGNE-RHONE-ALPES;73;SAVOIE;73150;La Plagne Tarentaise;30;Risque minier;31;Affaissement minier;311;Effondrements généralisés;FAUX;;FAUX;;2012-12-28;;;;;2014-12-18;;;Opposable;2020-01-01;Approuvé;2020-01-01;2025-03-14
PPRM;Plan de Prévention des Risques Miniers;42DDT20130002;PPRM DE LA VALLEE DU GIER;Direction départementale des territoires;GIER;;;84;AUVERGNE-RHONE-ALPES;42;LOIRE;42271;Saint-Paul-en-Jarez;30;Risque minier;31;Affaissement minier;315;Glissements ou mouvements de pente;FAUX;;FAUX;;2014-10-15;2018-12-10;2019-01-25;;;2019-03-29;;;Opposable;2020-01-01;Approuvé;2020-01-01;2025-01-21
PPRM;Plan de Prévention des Risques Miniers;57DDT20100003;PPRM-Bassin Nord révision;Direction départementale des territoires;Bassin ferrifère;;;44;GRAND EST;57;MOSELLE;57678;Tressange;30;Risque minier;31;Affaissement minier;314;Tassements;VRAI;57DDT20100002;VRAI;PPRM_2022_0001;2007-02-19;;;;;2011-09-30;;2022-11-15;Caduque;2020-01-01;Abrogé;2020-01-01;2022-12-20
PPRM;Plan de Prévention des Risques Miniers;57DDT20200011;PPRM-Bassin Belval 3ème révision;Direction départementale des territoires;;;;44;GRAND EST;57;MOSELLE;57038;Audun-le-Tiche;30;Risque minier;31;Affaissement minier;313;Affaissements progressifs;VRAI;57DDT20150001;FAUX;;2020-07-09;;;;;2021-12-22;;;Opposable;2020-01-01;Approuvé;2020-01-01;2025-01-09
PPRM;Plan de Prévention des Risques Miniers;54DDT20140038;PPRM Secteur de Longwy;Direction départementale des territoires;;;;44;GRAND EST;54;MEURTHE-ET-MOSELLE;54451;Réhon;30;Risque minier;31;Affaissement minier;313;Affaissements progressifs;FAUX;;FAUX;;2008-01-10;;;;;2012-01-24;;;Opposable;2020-01-01;Approuvé;2020-01-01;2025-02-27
PPRM;Plan de Prévention des Risques Miniers;54DDT20140012;PPRM de Sancy;Direction départementale des territoires;;;;44;GRAND EST;54;MEURTHE-ET-MOSELLE;54491;Sancy;30;Risque minier;31;Affaissement minier;312;Effondrements localisés;FAUX;;FAUX;;2012-08-03;;;;;2015-11-30;;;Opposable;2020-01-01;Approuvé;2020-01-01;2025-02-27
PPRM;Plan de Prévention des Risques Miniers;57DDT20150001;PPRM-Bassin Belval révision 2;Direction départementale des territoires;Bassin ferrifère;;;44;GRAND EST;57;MOSELLE;57038;Audun-le-Tiche;30;Risque minier;31;Affaissement minier;312;Effondrements localisés;VRAI;57DDT20100007;VRAI;57DDT20200011;2015-04-17;;;;;2016-09-29;;2021-12-22;Caduque;2020-01-01;Abrogé;2020-01-01;2022-03-22
PPRM;Plan de Prévention des Risques Miniers;62DDTM20150001;PPRm du BETHUNOIS;Direction départementale des territoires et de la mer;Béthunois;;;32;HAUTS-DE-FRANCE;62;PAS-DE-CALAIS;62617;Nœux-les-Mines;30;Risque minier;34;Echauffement des terrains de dépôts;;;FAUX;;FAUX;;2015-06-10;;;;;2017-11-17;;;Opposable;2020-01-01;Approuvé;2020-01-01;2021-02-24
PPRM;Plan de Prévention des Risques Miniers;14DDTM20110008;PPR Mines de May sur Orne;Direction départementale des territoires et de la mer;Mines de May sur Orne;;;28;NORMANDIE;14;CALVADOS;14277;Fontenay-le-Marmion;30;Risque minier;31;Affaissement minier;311;Effondrements généralisés;FAUX;;FAUX;;2005-01-14;2021-02-08;2021-03-16;;;2021-08-10;;;Opposable;2020-01-01;Approuvé;2020-01-01;2025-03-31
PPRM;Plan de Prévention des Risques Miniers;59DDTM20140004;PPRM Denaisis;Direction départementale des territoires et de la mer;;;;32;HAUTS-DE-FRANCE;59;NORD;59172;Denain;30;Risque minier;31;Affaissement minier;312;Effondrements localisés;FAUX;;FAUX;;2014-11-17;;;;;2018-07-06;;;Opposable;2020-01-01;Approuvé;2020-01-01;2025-03-26
PPRM;Plan de Prévention des Risques Miniers;54DDT20140038;PPRM Secteur de Longwy;Direction départementale des territoires;;;;44;GRAND EST;54;MEURTHE-ET-MOSELLE;54382;Mont-Saint-Martin;30;Risque minier;31;Affaissement minier;313;Affaissements progressifs;FAUX;;FAUX;;2008-01-10;;;;;2012-01-24;;;Opposable;2020-01-01;Approuvé;2020-01-01;2025-02-27
PPRM;Plan de Prévention des Risques Miniers;54DDT20140031;PPRM Secteur de Briey;Direction départementale des territoires;;;;44;GRAND EST;54;MEURTHE-ET-MOSELLE;54542;Valleroy;30;Risque minier;31;Affaissement minier;313;Affaissements progressifs;FAUX;;VRAI;54DDT20140041;2007-07-31;;;;;2009-11-24;;2016-08-23;Caduque;2020-01-01;Abrogé;2020-01-01;2025-02-27
PPRM;Plan de Prévention des Risques Miniers;54DDT20140031;PPRM Secteur de Briey;Direction départementale des territoires;;;;44;GRAND EST;54;MEURTHE-ET-MOSELLE;54280;Jœuf;30;Risque minier;31;Affaissement minier;314;Tassements;FAUX;;VRAI;54DDT20140041;2007-07-31;;;;;2009-11-24;;2016-08-23;Caduque;2020-01-01;Abrogé;2020-01-01;2025-02-27
PPRM;Plan de Prévention des Risques Miniers;57DDT20100010;PPRM-Orne;Direction départementale des territoires;Bassin ferrifère;;;44;GRAND EST;57;MOSELLE;57597;Rosselange;30;Risque minier;31;Affaissement minier;314;Tassements;FAUX;;VRAI;57DDT20150003;2006-10-17;;;;;2014-03-07;;2016-04-04;Caduque;2020-01-01;Abrogé;2020-01-01;2025-01-09
PPRM;Plan de Prévention des Risques Miniers;13DDTM20190176;PPR Minier - Saint-Savournin 2022;Direction départementale des territoires et de la mer;;;;93;PROVENCE-ALPES-COTE D'AZUR;13;BOUCHES-DU-RHONE;13101;Saint-Savournin;30;Risque minier;31;Affaissement minier;315;Glissements ou mouvements de pente;FAUX;;FAUX;;2019-10-07;;;;;2022-04-15;;;Opposable;2020-01-01;Approuvé;2020-01-01;2025-04-08
PPRM;Plan de Prévention des Risques Miniers;13DDTM20190175;PPR Minier - Peypin 2022;Direction départementale des territoires et de la mer;;;;93;PROVENCE-ALPES-COTE D'AZUR;13;BOUCHES-DU-RHONE;13073;Peypin;30;Risque minier;31;Affaissement minier;313;Affaissements progressifs;FAUX;;FAUX;;2019-10-07;;;;;2022-04-15;;;Opposable;2020-01-01;Approuvé;2020-01-01;2025-04-24
PPRM;Plan de Prévention des Risques Miniers;12DDT20120002;PPRM du bassin de Decazeville;Direction départementale des territoires;;;;76;OCCITANIE;12;AVEYRON;12100;Firmi;30;Risque minier;31;Affaissement minier;312;Effondrements localisés;FAUX;;FAUX;;2012-12-21;;;;;2017-06-19;;;Opposable;2020-01-01;Approuvé;2020-01-01;2025-02-07
PPRM;Plan de Prévention des Risques Miniers;42DDT20160002;PPRM VALLEE DE L'ONDAINE;Direction départementale des territoires;ONDAINE;;;84;AUVERGNE-RHONE-ALPES;42;LOIRE;42189;Roche-la-Molière;30;Risque minier;31;Affaissement minier;312;Effondrements localisés;FAUX;;FAUX;;2016-03-15;2018-01-22;2018-02-27;;;2018-07-11;2023-02-05;;Caduque;2020-01-01;Annulé;2020-01-01;2023-02-02
PPRM;Plan de Prévention des Risques Miniers;61DDT20120014;PPR-M - La Ferrière aux Étangs;Direction départementale des territoires;;;;28;NORMANDIE;61;ORNE;61124;La Coulonche;30;Risque minier;31;Affaissement minier;313;Affaissements progressifs;FAUX;;FAUX;;2007-09-17;2010-12-09;2011-01-13;;;2011-08-01;;;Opposable;2020-01-01;Approuvé;2020-01-01;2012-10-19
PPRM;Plan de Prévention des Risques Miniers;69DDT20140001;Sainte Foy l'Argentière;Direction départementale des territoires;Sainte Foy l'Argentière;;;84;AUVERGNE-RHONE-ALPES;69;RHONE;69014;Aveize;30;Risque minier;31;Affaissement minier;314;Tassements;FAUX;;FAUX;;2013-11-08;2016-04-25;2016-05-27;;;2017-01-06;;;Opposable;2020-01-01;Approuvé;2020-01-01;2025-01-13
PPRM;Plan de Prévention des Risques Miniers;42DDT20160002;PPRM VALLEE DE L'ONDAINE;Direction départementale des territoires;ONDAINE;;;84;AUVERGNE-RHONE-ALPES;42;LOIRE;42316;Unieux;30;Risque minier;34;Echauffement des terrains de dépôts;;;FAUX;;FAUX;;2016-03-15;2018-01-22;2018-02-27;;;2018-07-11;2023-02-05;;Caduque;2020-01-01;Annulé;2020-01-01;2023-02-02
PPRM;Plan de Prévention des Risques Miniers;57DDT20150003;PPRM-Orne modification;Direction départementale des territoires;Bassin ferrifère;;;44;GRAND EST;57;MOSELLE;57143;Clouange;30;Risque minier;31;Affaissement minier;313;Affaissements progressifs;VRAI;57DDT20100010;FAUX;;2015-08-24;;;;;2016-04-04;;;Opposable;2020-01-01;Approuvé;2020-01-01;2025-01-09
PPRM;Plan de Prévention des Risques Miniers;12DDT20120002;PPRM du bassin de Decazeville;Direction départementale des territoires;;;;76;OCCITANIE;12;AVEYRON;12305;Viviez;30;Risque minier;31;Affaissement minier;314;Tassements;FAUX;;FAUX;;2012-12-21;;;;;2017-06-19;;;Opposable;2020-01-01;Approuvé;2020-01-01;2025-02-07
PPRM;Plan de Prévention des Risques Miniers;PPRM_2022_0002;PPRM - ONDAINE;Direction départementale des territoires;;;;;;42;LOIRE;42270;Saint-Paul-en-Cornillon;30;Risque minier;31;Affaissement minier;312;Effondrements localisés;FAUX;;FAUX;;2022-08-17;2025-03-03;2025-04-11;;;2025-06-30;;;Opposable;2020-01-01;Approuvé;2020-01-01;2025-07-22
PPRM;Plan de Prévention des Risques Miniers;PPRM_2022_0002;PPRM - ONDAINE;Direction départementale des territoires;;;;;;42;LOIRE;42095;Firminy;30;Risque minier;31;Affaissement minier;312;Effondrements localisés;FAUX;;FAUX;;2022-08-17;2025-03-03;2025-04-11;;;2025-06-30;;;Opposable;2020-01-01;Approuvé;2020-01-01;2025-07-22
PPRM;Plan de Prévention des Risques Miniers;12DDT20120002;PPRM du bassin de Decazeville;Direction départementale des territoires;;;;76;OCCITANIE;12;AVEYRON;12083;Cransac;30;Risque minier;31;Affaissement minier;315;Glissements ou mouvements de pente;FAUX;;FAUX;;2012-12-21;;;;;2017-06-19;;;Opposable;2020-01-01;Approuvé;2020-01-01;2025-02-07
PPRM;Plan de Prévention des Risques Miniers;38DDT20180001;PPRM du Plateau Matheysin;Direction départementale des territoires;;;;84;AUVERGNE-RHONE-ALPES;38;ISERE;38304;Pierre-Châtel;30;Risque minier;31;Affaissement minier;312;Effondrements localisés;FAUX;;FAUX;;2007-12-10;2018-12-05;2019-01-19;;;2019-06-11;;;Opposable;2020-01-01;Approuvé;2020-01-01;2025-04-11
PPRM;Plan de Prévention des Risques Miniers;12DDT20120002;PPRM du bassin de Decazeville;Direction départementale des territoires;;;;76;OCCITANIE;12;AVEYRON;12016;Auzits;30;Risque minier;31;Affaissement minier;315;Glissements ou mouvements de pente;FAUX;;FAUX;;2012-12-21;;;;;2017-06-19;;;Opposable;2020-01-01;Approuvé;2020-01-01;2025-02-07
PPRM;Plan de Prévention des Risques Miniers;55DDT20130002;PPRm;Direction départementale des territoires;Bassin Ferrifère;;;44;GRAND EST;55;MEUSE;55182;Éton;30;Risque minier;31;Affaissement minier;312;Effondrements localisés;FAUX;;FAUX;;2006-05-09;2009-03-04;2009-04-04;;;2009-12-22;;;Opposable;2020-01-01;Approuvé;2020-01-01;2025-02-10
PPRM;Plan de Prévention des Risques Miniers;54DDT20140006;PPRM VILLERUPT;Direction départementale des territoires;;;;44;GRAND EST;54;MEURTHE-ET-MOSELLE;54580;Villerupt;30;Risque minier;31;Affaissement minier;313;Affaissements progressifs;FAUX;;FAUX;;2012-08-03;;;;;2013-03-26;;;Opposable;2020-01-01;Approuvé;2020-01-01;2025-02-27
PPRM;Plan de Prévention des Risques Miniers;54DDT20140036;PPRM Domprix;Direction départementale des territoires;;;;44;GRAND EST;54;MEURTHE-ET-MOSELLE;54169;Domprix;30;Risque minier;31;Affaissement minier;314;Tassements;FAUX;;VRAI;54DDT20210002;2008-01-24;;;;;2011-09-16;;;Opposable;2020-01-01;Approuvé;2020-01-01;2025-02-27
PPRM;Plan de Prévention des Risques Miniers;14DDTM20110008;PPR Mines de May sur Orne;Direction départementale des territoires et de la mer;Mines de May sur Orne;;;28;NORMANDIE;14;CALVADOS;14623;Saint-Martin-de-Fontenay;30;Risque minier;31;Affaissement minier;312;Effondrements localisés;FAUX;;FAUX;;2005-01-14;2021-02-08;2021-03-16;;;2021-08-10;;;Opposable;2020-01-01;Approuvé;2020-01-01;2025-03-31
PPRM;Plan de Prévention des Risques Miniers;38DDT20180001;PPRM du Plateau Matheysin;Direction départementale des territoires;;;;84;AUVERGNE-RHONE-ALPES;38;ISERE;38499;Susville;30;Risque minier;31;Affaissement minier;314;Tassements;FAUX;;FAUX;;2007-12-10;2018-12-05;2019-01-19;;;2019-06-11;;;Opposable;2020-01-01;Approuvé;2020-01-01;2025-04-11
PPRM;Plan de Prévention des Risques Miniers;42DDT20160001;PPRM  St ETIENNE;Direction départementale des territoires;St ETIENNE;;;84;AUVERGNE-RHONE-ALPES;42;LOIRE;42218;Saint-Étienne;30;Risque minier;31;Affaissement minier;314;Tassements;FAUX;;FAUX;;2016-05-03;;;;;2018-02-05;;;Opposable;2020-01-01;Approuvé;2020-01-01;2025-01-21
PPRM;Plan de Prévention des Risques Miniers;55DDT20130002;PPRm;Direction départementale des territoires;Bassin Ferrifère;;;44;GRAND EST;55;MEUSE;55063;Bouligny;30;Risque minier;31;Affaissement minier;313;Affaissements progressifs;FAUX;;FAUX;;2006-05-09;2009-03-04;2009-04-04;;;2009-12-22;;;Opposable;2020-01-01;Approuvé;2020-01-01;2025-02-10
PPRM;Plan de Prévention des Risques Miniers;PPRM_2022_0002;PPRM - ONDAINE;Direction départementale des territoires;;;;;;42;LOIRE;42189;Roche-la-Molière;30;Risque minier;33;Emissions en surface de gaz de mine;;;FAUX;;FAUX;;2022-08-17;2025-03-03;2025-04-11;;;2025-06-30;;;Opposable;2020-01-01;Approuvé;2020-01-01;2025-07-22
PPRM;Plan de Prévention des Risques Miniers;PPRM_2024_0001;PPRM - Mines de fer du pourtour d'Angers ;Direction régionale de l'environnement, de l'aménagement et du logement;;;;;;49;MAINE-ET-LOIRE;49307;Loire-Authion;30;Risque minier;31;Affaissement minier;312;Effondrements localisés;FAUX;;FAUX;;2023-05-22;;;;;;;;Prescrit;2020-01-01;Prescrit;2020-01-01;2025-03-18
PPRM;Plan de Prévention des Risques Miniers;55DDT20130002;PPRm;Direction départementale des territoires;Bassin Ferrifère;;;44;GRAND EST;55;MEUSE;55158;Dommary-Baroncourt;30;Risque minier;31;Affaissement minier;312;Effondrements localisés;FAUX;;FAUX;;2006-05-09;2009-03-04;2009-04-04;;;2009-12-22;;;Opposable;2020-01-01;Approuvé;2020-01-01;2025-02-10
PPRM;Plan de Prévention des Risques Miniers;38DDT20180001;PPRM du Plateau Matheysin;Direction départementale des territoires;;;;84;AUVERGNE-RHONE-ALPES;38;ISERE;38265;La Motte-d'Aveillans;30;Risque minier;32;Inondations de terrains miniers;321;Pollution des eaux souterraines et de surface;FAUX;;FAUX;;2007-12-10;2018-12-05;2019-01-19;;;2019-06-11;;;Opposable;2020-01-01;Approuvé;2020-01-01;2025-04-11
PPRM;Plan de Prévention des Risques Miniers;PPRM_2022_0001;PPRM - Bassin Nord 2ème révision;Direction départementale des territoires;;;;;;57;MOSELLE;57529;Ottange;30;Risque minier;31;Affaissement minier;312;Effondrements localisés;VRAI;57DDT20100003;FAUX;;2021-09-20;;;;;2022-11-15;;;Opposable;2020-01-01;Approuvé;2020-01-01;2025-03-18
PPRM;Plan de Prévention des Risques Miniers;57DDT20100009;PPRM-Fensch;Direction départementale des territoires;Bassin ferrifère;;;44;GRAND EST;57;MOSELLE;57498;Neufchef;30;Risque minier;31;Affaissement minier;314;Tassements;FAUX;;VRAI;57DDT20150002;2006-10-17;;;;;2013-03-18;;2017-01-26;Caduque;2020-01-01;Abrogé;2020-01-01;2025-01-09
PPRM;Plan de Prévention des Risques Miniers;59DDTM20140005;PPRM couronne de Valenciennes;Direction départementale des territoires et de la mer;;;;32;HAUTS-DE-FRANCE;59;NORD;59606;Valenciennes;30;Risque minier;31;Affaissement minier;312;Effondrements localisés;FAUX;;FAUX;;2014-11-17;;;;;2018-07-06;;;Opposable;2020-01-01;Approuvé;2020-01-01;2025-03-26
PPRM;Plan de Prévention des Risques Miniers;57DDT20140009;PPRM-Bassin Sud révision 2;Direction départementale des territoires;Bassin ferrifère;;;44;GRAND EST;57;MOSELLE;57593;Roncourt;30;Risque minier;31;Affaissement minier;312;Effondrements localisés;VRAI;57DDT20100005;FAUX;;2014-07-29;;;;;2016-03-08;;;Opposable;2020-01-01;Approuvé;2020-01-01;2025-01-09
PPRM;Plan de Prévention des Risques Miniers;PPRM_2025_0001;PPRM - modification - Doyet - Bezenet - Montvicq;Direction départementale des territoires;;;;;;03;ALLIER;03189;Montvicq;30;Risque minier;31;Affaissement minier;314;Tassements;VRAI;03DDT20120001;FAUX;;2024-08-09;;;;;2024-12-18;;;Opposable;2020-01-01;Approuvé;2020-01-01;2024-08-09
PPRM;Plan de Prévention des Risques Miniers;54DDT20140038;PPRM Secteur de Longwy;Direction départementale des territoires;;;;44;GRAND EST;54;MEURTHE-ET-MOSELLE;54382;Mont-Saint-Martin;30;Risque minier;31;Affaissement minier;314;Tassements;FAUX;;FAUX;;2008-01-10;;;;;2012-01-24;;;Opposable;2020-01-01;Approuvé;2020-01-01;2025-02-27
PPRM;Plan de Prévention des Risques Miniers;54DDT20140031;PPRM Secteur de Briey;Direction départementale des territoires;;;;44;GRAND EST;54;MEURTHE-ET-MOSELLE;54391;Moutiers;30;Risque minier;31;Affaissement minier;314;Tassements;FAUX;;VRAI;54DDT20140041;2007-07-31;;;;;2009-11-24;;2016-08-23;Caduque;2020-01-01;Abrogé;2020-01-01;2025-02-27
PPRM;Plan de Prévention des Risques Miniers;38DDT20180002;PPRM de Saint-Didier-de-la-Tour;Direction départementale des territoires;;;;84;AUVERGNE-RHONE-ALPES;38;ISERE;38381;Saint-Didier-de-la-Tour;30;Risque minier;33;Emissions en surface de gaz de mine;;;FAUX;;FAUX;;2012-08-02;;;;;2022-02-16;;;Opposable;2020-01-01;Approuvé;2020-01-01;2025-03-06
PPRM;Plan de Prévention des Risques Miniers;12DDT20120002;PPRM du bassin de Decazeville;Direction départementale des territoires;;;;76;OCCITANIE;12;AVEYRON;12089;Decazeville;30;Risque minier;33;Emissions en surface de gaz de mine;;;FAUX;;FAUX;;2012-12-21;;;;;2017-06-19;;;Opposable;2020-01-01;Approuvé;2020-01-01;2025-02-07
PPRM;Plan de Prévention des Risques Miniers;55DDT20130002;PPRm;Direction départementale des territoires;Bassin Ferrifère;;;44;GRAND EST;55;MEUSE;55063;Bouligny;30;Risque minier;31;Affaissement minier;315;Glissements ou mouvements de pente;FAUX;;FAUX;;2006-05-09;2009-03-04;2009-04-04;;;2009-12-22;;;Opposable;2020-01-01;Approuvé;2020-01-01;2025-02-10
PPRM;Plan de Prévention des Risques Miniers;49DDT20110001;Anciennes mines de fer du bassin de Segré;Direction départementale des territoires;;;;52;PAYS DE LA LOIRE;49;MAINE-ET-LOIRE;49036;Bouillé-Ménard;30;Risque minier;31;Affaissement minier;314;Tassements;FAUX;;FAUX;;2008-04-22;2009-02-13;2009-02-13;;;2009-06-26;;;Opposable;2020-01-01;Approuvé;2020-01-01;2025-01-06
PPRM;Plan de Prévention des Risques Miniers;PPRM_2022_0002;PPRM - ONDAINE;Direction départementale des territoires;;;;;;42;LOIRE;42316;Unieux;30;Risque minier;33;Emissions en surface de gaz de mine;;;FAUX;;FAUX;;2022-08-17;2025-03-03;2025-04-11;;;2025-06-30;;;Opposable;2020-01-01;Approuvé;2020-01-01;2025-07-22
PPRM;Plan de Prévention des Risques Miniers;57DDT20100005;PPRM-Bassin Sud révision;Direction départementale des territoires;Bassin ferrifère;;;44;GRAND EST;57;MOSELLE;57593;Roncourt;30;Risque minier;31;Affaissement minier;313;Affaissements progressifs;VRAI;57DDT20100004;VRAI;57DDT20140009;2007-02-19;;;;;2011-02-28;;2016-03-08;Caduque;2020-01-01;Abrogé;2020-01-01;2025-01-09
PPRM;Plan de Prévention des Risques Miniers;42DDT20160002;PPRM VALLEE DE L'ONDAINE;Direction départementale des territoires;ONDAINE;;;84;AUVERGNE-RHONE-ALPES;42;LOIRE;42270;Saint-Paul-en-Cornillon;30;Risque minier;34;Echauffement des terrains de dépôts;;;FAUX;;FAUX;;2016-03-15;2018-01-22;2018-02-27;;;2018-07-11;2023-02-05;;Caduque;2020-01-01;Annulé;2020-01-01;2023-02-02
PPRM;Plan de Prévention des Risques Miniers;54DDT20140001;PPRM Secteur de Jarny;Direction départementale des territoires;;;;44;GRAND EST;54;MEURTHE-ET-MOSELLE;54253;Hatrize;30;Risque minier;31;Affaissement minier;314;Tassements;VRAI;54DDT20080009;FAUX;;2012-08-03;2012-10-11;2012-11-12;;;2013-03-26;;;Opposable;2020-01-01;Approuvé;2020-01-01;2025-02-27
PPRM;Plan de Prévention des Risques Miniers;57DDT20100003;PPRM-Bassin Nord révision;Direction départementale des territoires;Bassin ferrifère;;;44;GRAND EST;57;MOSELLE;57529;Ottange;30;Risque minier;31;Affaissement minier;312;Effondrements localisés;VRAI;57DDT20100002;VRAI;PPRM_2022_0001;2007-02-19;;;;;2011-09-30;;2022-11-15;Caduque;2020-01-01;Abrogé;2020-01-01;2022-12-20
PPRM;Plan de Prévention des Risques Miniers;59DDTM20140005;PPRM couronne de Valenciennes;Direction départementale des territoires et de la mer;;;;32;HAUTS-DE-FRANCE;59;NORD;59564;La Sentinelle;30;Risque minier;34;Echauffement des terrains de dépôts;;;FAUX;;FAUX;;2014-11-17;;;;;2018-07-06;;;Opposable;2020-01-01;Approuvé;2020-01-01;2025-03-26
PPRM;Plan de Prévention des Risques Miniers;57DDT20150002;PPRM-Fensch révision;Direction départementale des territoires;Bassin ferrifère;;;44;GRAND EST;57;MOSELLE;57562;Ranguevaux;30;Risque minier;31;Affaissement minier;313;Affaissements progressifs;VRAI;57DDT20100009;FAUX;;2015-08-06;;;;;2017-01-26;;;Opposable;2020-01-01;Approuvé;2020-01-01;2025-01-09
PPRM;Plan de Prévention des Risques Miniers;59DDTM20140003;PPRM Pays de Conde;Direction départementale des territoires et de la mer;;;;32;HAUTS-DE-FRANCE;59;NORD;59253;Fresnes-sur-Escaut;30;Risque minier;31;Affaissement minier;315;Glissements ou mouvements de pente;FAUX;;FAUX;;2014-11-17;;;;;2018-07-06;;;Opposable;2020-01-01;Approuvé;2020-01-01;2025-03-26
PPRM;Plan de Prévention des Risques Miniers;54DDT20140034;PPRM Secteur de Piennes;Direction départementale des territoires;;;;44;GRAND EST;54;MEURTHE-ET-MOSELLE;54295;Landres;30;Risque minier;31;Affaissement minier;314;Tassements;FAUX;;FAUX;;2007-03-08;;;;;2010-04-20;;;Opposable;2020-01-01;Approuvé;2020-01-01;2025-02-27
PPRM;Plan de Prévention des Risques Miniers;38DDT20180001;PPRM du Plateau Matheysin;Direction départementale des territoires;;;;84;AUVERGNE-RHONE-ALPES;38;ISERE;38266;La Motte-Saint-Martin;30;Risque minier;31;Affaissement minier;315;Glissements ou mouvements de pente;FAUX;;FAUX;;2007-12-10;2018-12-05;2019-01-19;;;2019-06-11;;;Opposable;2020-01-01;Approuvé;2020-01-01;2025-04-11
PPRM;Plan de Prévention des Risques Miniers;54DDT20140031;PPRM Secteur de Briey;Direction départementale des territoires;;;;44;GRAND EST;54;MEURTHE-ET-MOSELLE;54028;Auboué;30;Risque minier;31;Affaissement minier;314;Tassements;FAUX;;VRAI;54DDT20140041;2007-07-31;;;;;2009-11-24;;2016-08-23;Caduque;2020-01-01;Abrogé;2020-01-01;2025-02-27
PPRM;Plan de Prévention des Risques Miniers;54DDT20140031;PPRM Secteur de Briey;Direction départementale des territoires;;;;44;GRAND EST;54;MEURTHE-ET-MOSELLE;54371;Moineville;30;Risque minier;31;Affaissement minier;312;Effondrements localisés;FAUX;;VRAI;54DDT20140041;2007-07-31;;;;;2009-11-24;;2016-08-23;Caduque;2020-01-01;Abrogé;2020-01-01;2025-02-27
PPRM;Plan de Prévention des Risques Miniers;54DDT20160004;PPRM de MEXY;Direction départementale des territoires;BASSIN FERRIFERE;;;44;GRAND EST;54;MEURTHE-ET-MOSELLE;54367;Mexy;30;Risque minier;31;Affaissement minier;314;Tassements;FAUX;;FAUX;;2016-10-26;2018-08-29;2018-09-27;;;2019-02-13;;;Opposable;2020-01-01;Approuvé;2020-01-01;2025-02-27
PPRM;Plan de Prévention des Risques Miniers;42DDT20130002;PPRM DE LA VALLEE DU GIER;Direction départementale des territoires;GIER;;;84;AUVERGNE-RHONE-ALPES;42;LOIRE;42242;Saint-Joseph;30;Risque minier;31;Affaissement minier;314;Tassements;FAUX;;FAUX;;2014-10-15;2018-12-10;2019-01-25;;;2019-03-29;;;Opposable;2020-01-01;Approuvé;2020-01-01;2025-01-21
PPRM;Plan de Prévention des Risques Miniers;54DDT20140001;PPRM Secteur de Jarny;Direction départementale des territoires;;;;44;GRAND EST;54;MEURTHE-ET-MOSELLE;54286;Labry;30;Risque minier;31;Affaissement minier;313;Affaissements progressifs;VRAI;54DDT20080009;FAUX;;2012-08-03;2012-10-11;2012-11-12;;;2013-03-26;;;Opposable;2020-01-01;Approuvé;2020-01-01;2025-02-27
PPRM;Plan de Prévention des Risques Miniers;57DDT20100010;PPRM-Orne;Direction départementale des territoires;Bassin ferrifère;;;44;GRAND EST;57;MOSELLE;57019;Amnéville;30;Risque minier;31;Affaissement minier;312;Effondrements localisés;FAUX;;VRAI;57DDT20150003;2006-10-17;;;;;2014-03-07;;2016-04-04;Caduque;2020-01-01;Abrogé;2020-01-01;2025-01-09
PPRM;Plan de Prévention des Risques Miniers;38DDT20180001;PPRM du Plateau Matheysin;Direction départementale des territoires;;;;84;AUVERGNE-RHONE-ALPES;38;ISERE;38280;Notre-Dame-de-Vaulx;30;Risque minier;34;Echauffement des terrains de dépôts;;;FAUX;;FAUX;;2007-12-10;2018-12-05;2019-01-19;;;2019-06-11;;;Opposable;2020-01-01;Approuvé;2020-01-01;2025-04-11
PPRM;Plan de Prévention des Risques Miniers;57DDT20150001;PPRM-Bassin Belval révision 2;Direction départementale des territoires;Bassin ferrifère;;;44;GRAND EST;57;MOSELLE;57565;Rédange;30;Risque minier;31;Affaissement minier;314;Tassements;VRAI;57DDT20100007;VRAI;57DDT20200011;2015-04-17;;;;;2016-09-29;;2021-12-22;Caduque;2020-01-01;Abrogé;2020-01-01;2022-03-22
PPRM;Plan de Prévention des Risques Miniers;54DDT20140010;PPRM Secteur de Thil;Direction départementale des territoires;;;;44;GRAND EST;54;MEURTHE-ET-MOSELLE;54521;Thil;30;Risque minier;31;Affaissement minier;313;Affaissements progressifs;FAUX;;FAUX;;2012-08-03;2012-10-10;2012-11-12;;;2013-03-26;;;Opposable;2020-01-01;Approuvé;2020-01-01;2025-02-27
PPRM;Plan de Prévention des Risques Miniers;PPRM_2022_0001;PPRM - Bassin Nord 2ème révision;Direction départementale des territoires;;;;;;57;MOSELLE;57305;Havange;30;Risque minier;31;Affaissement minier;314;Tassements;VRAI;57DDT20100003;FAUX;;2021-09-20;;;;;2022-11-15;;;Opposable;2020-01-01;Approuvé;2020-01-01;2025-03-18
PPRM;Plan de Prévention des Risques Miniers;62DDTM20150002;PPRm du LENSOIS;Direction départementale des territoires et de la mer;Lensois;;;32;HAUTS-DE-FRANCE;62;PAS-DE-CALAIS;62510;Liévin;30;Risque minier;31;Affaissement minier;312;Effondrements localisés;FAUX;;FAUX;;2015-06-10;;;;;2017-11-17;;;Opposable;2020-01-01;Approuvé;2020-01-01;2022-03-04
PPRM;Plan de Prévention des Risques Miniers;42DDT20130002;PPRM DE LA VALLEE DU GIER;Direction départementale des territoires;GIER;;;84;AUVERGNE-RHONE-ALPES;42;LOIRE;42259;Saint-Martin-la-Plaine;30;Risque minier;34;Echauffement des terrains de dépôts;;;FAUX;;FAUX;;2014-10-15;2018-12-10;2019-01-25;;;2019-03-29;;;Opposable;2020-01-01;Approuvé;2020-01-01;2025-01-21
PPRM;Plan de Prévention des Risques Miniers;42DDT20170001;PPRM NORD ET EST St ETIENNE;Direction départementale des territoires;St ETIENNE;;;84;AUVERGNE-RHONE-ALPES;42;LOIRE;42302;Sorbiers;30;Risque minier;31;Affaissement minier;314;Tassements;FAUX;;FAUX;;2012-04-30;2016-03-29;2016-04-29;;;2016-09-08;;;Opposable;2020-01-01;Approuvé;2020-01-01;2025-01-21
PPRM;Plan de Prévention des Risques Miniers;59DDTM20140003;PPRM Pays de Conde;Direction départementale des territoires et de la mer;;;;32;HAUTS-DE-FRANCE;59;NORD;59253;Fresnes-sur-Escaut;30;Risque minier;31;Affaissement minier;314;Tassements;FAUX;;FAUX;;2014-11-17;;;;;2018-07-06;;;Opposable;2020-01-01;Approuvé;2020-01-01;2025-03-26
PPRM;Plan de Prévention des Risques Miniers;13DDTM20200186;PPR Minier - Gardanne 2023  Révision 1;Direction départementale des territoires et de la mer;;;;93;PROVENCE-ALPES-COTE D'AZUR;13;BOUCHES-DU-RHONE;13041;Gardanne;30;Risque minier;31;Affaissement minier;314;Tassements;VRAI;13DDTM20020152;FAUX;;2020-07-22;;;;;2023-03-09;;;Opposable;2020-01-01;Approuvé;2020-01-01;2025-04-24
PPRM;Plan de Prévention des Risques Miniers;54DDT20140001;PPRM Secteur de Jarny;Direction départementale des territoires;;;;44;GRAND EST;54;MEURTHE-ET-MOSELLE;54136;Conflans-en-Jarnisy;30;Risque minier;31;Affaissement minier;313;Affaissements progressifs;VRAI;54DDT20080009;FAUX;;2012-08-03;2012-10-11;2012-11-12;;;2013-03-26;;;Opposable;2020-01-01;Approuvé;2020-01-01;2025-02-27
PPRM;Plan de Prévention des Risques Miniers;54DDT20140015;PPRM Secteur de Trieux;Direction départementale des territoires;;;;44;GRAND EST;54;MEURTHE-ET-MOSELLE;54334;Mairy-Mainville;30;Risque minier;31;Affaissement minier;313;Affaissements progressifs;FAUX;;FAUX;;2012-11-26;2013-02-11;2013-03-14;;;2013-07-12;;;Opposable;2020-01-01;Approuvé;2020-01-01;2025-02-27
PPRM;Plan de Prévention des Risques Miniers;54DDT20140038;PPRM Secteur de Longwy;Direction départementale des territoires;;;;44;GRAND EST;54;MEURTHE-ET-MOSELLE;54493;Saulnes;30;Risque minier;31;Affaissement minier;312;Effondrements localisés;FAUX;;FAUX;;2008-01-10;;;;;2012-01-24;;;Opposable;2020-01-01;Approuvé;2020-01-01;2025-02-27
PPRM;Plan de Prévention des Risques Miniers;54DDT20140041;PPRM Secteur BRIEY;Direction départementale des territoires;Miniers;;;44;GRAND EST;54;MEURTHE-ET-MOSELLE;54542;Valleroy;30;Risque minier;31;Affaissement minier;314;Tassements;VRAI;54DDT20140031;VRAI;54DDT20190001;2014-03-12;;;;;2016-08-23;;;Opposable;2020-01-01;Approuvé;2020-01-01;2025-02-27
PPRM;Plan de Prévention des Risques Miniers;43PREF20140008;PPRm  Ste Florine;Préfecture;Bassin houiller de Brassac les m;;;84;AUVERGNE-RHONE-ALPES;43;HAUTE-LOIRE;43185;Sainte-Florine;30;Risque minier;31;Affaissement minier;312;Effondrements localisés;FAUX;;FAUX;;2014-07-11;;;;;2017-09-11;;;Opposable;2020-01-01;Approuvé;2020-01-01;2025-02-07
PPRM;Plan de Prévention des Risques Miniers;38DDT20180001;PPRM du Plateau Matheysin;Direction départementale des territoires;;;;84;AUVERGNE-RHONE-ALPES;38;ISERE;38361;Saint-Arey;30;Risque minier;34;Echauffement des terrains de dépôts;;;FAUX;;FAUX;;2007-12-10;2018-12-05;2019-01-19;;;2019-06-11;;;Opposable;2020-01-01;Approuvé;2020-01-01;2025-04-11
PPRM;Plan de Prévention des Risques Miniers;57DDT20100008;PPRM-Moyeuvre Grande;Direction départementale des territoires;Bassin ferrifère;;;44;GRAND EST;57;MOSELLE;57491;Moyeuvre-Grande;30;Risque minier;31;Affaissement minier;314;Tassements;FAUX;;VRAI;57DDT20140008;2004-08-04;;;;;2010-06-03;;2016-07-08;Caduque;2020-01-01;Abrogé;2020-01-01;2025-01-09
PPRM;Plan de Prévention des Risques Miniers;38DDT20180001;PPRM du Plateau Matheysin;Direction départementale des territoires;;;;84;AUVERGNE-RHONE-ALPES;38;ISERE;38462;Saint-Théoffrey;30;Risque minier;34;Echauffement des terrains de dépôts;;;FAUX;;FAUX;;2007-12-10;2018-12-05;2019-01-19;;;2019-06-11;;;Opposable;2020-01-01;Approuvé;2020-01-01;2025-04-11
PPRM;Plan de Prévention des Risques Miniers;42DDT20170001;PPRM NORD ET EST St ETIENNE;Direction départementale des territoires;St ETIENNE;;;84;AUVERGNE-RHONE-ALPES;42;LOIRE;42237;Saint-Jean-Bonnefonds;30;Risque minier;31;Affaissement minier;314;Tassements;FAUX;;FAUX;;2012-04-30;2016-03-29;2016-04-29;;;2016-09-08;;;Opposable;2020-01-01;Approuvé;2020-01-01;2025-01-21
PPRM;Plan de Prévention des Risques Miniers;57DDT20150003;PPRM-Orne modification;Direction départementale des territoires;Bassin ferrifère;;;44;GRAND EST;57;MOSELLE;57019;Amnéville;30;Risque minier;31;Affaissement minier;313;Affaissements progressifs;VRAI;57DDT20100010;FAUX;;2015-08-24;;;;;2016-04-04;;;Opposable;2020-01-01;Approuvé;2020-01-01;2025-01-09
PPRM;Plan de Prévention des Risques Miniers;12DDT20120002;PPRM du bassin de Decazeville;Direction départementale des territoires;;;;76;OCCITANIE;12;AVEYRON;12016;Auzits;30;Risque minier;31;Affaissement minier;314;Tassements;FAUX;;FAUX;;2012-12-21;;;;;2017-06-19;;;Opposable;2020-01-01;Approuvé;2020-01-01;2025-02-07
PPRM;Plan de Prévention des Risques Miniers;54DDT20140031;PPRM Secteur de Briey;Direction départementale des territoires;;;;44;GRAND EST;54;MEURTHE-ET-MOSELLE;54391;Moutiers;30;Risque minier;31;Affaissement minier;313;Affaissements progressifs;FAUX;;VRAI;54DDT20140041;2007-07-31;;;;;2009-11-24;;2016-08-23;Caduque;2020-01-01;Abrogé;2020-01-01;2025-02-27
PPRM;Plan de Prévention des Risques Miniers;23DDT20130001;PPRM Bassin houiller d'Ahun;Direction départementale des territoires;;;;75;NOUVELLE-AQUITAINE;23;CREUSE;23214;Saint-Martial-le-Mont;30;Risque minier;31;Affaissement minier;312;Effondrements localisés;FAUX;;FAUX;;2000-11-14;2011-04-11;2011-05-27;;;2012-05-11;;;Opposable;2020-01-01;Approuvé;2020-01-01;2025-01-27
PPRM;Plan de Prévention des Risques Miniers;13DDTM20200185;PPR Minier - La Bouilladisse 2023;Direction départementale des territoires et de la mer;;;;93;PROVENCE-ALPES-COTE D'AZUR;13;BOUCHES-DU-RHONE;13016;La Bouilladisse;30;Risque minier;34;Echauffement des terrains de dépôts;;;VRAI;13DDTM20020151;FAUX;;2020-07-22;;;;;2023-03-09;;;Opposable;2020-01-01;Approuvé;2020-01-01;2025-04-08
PPRM;Plan de Prévention des Risques Miniers;38DDT20180001;PPRM du Plateau Matheysin;Direction départementale des territoires;;;;84;AUVERGNE-RHONE-ALPES;38;ISERE;38326;Prunières;30;Risque minier;31;Affaissement minier;311;Effondrements généralisés;FAUX;;FAUX;;2007-12-10;2018-12-05;2019-01-19;;;2019-06-11;;;Opposable;2020-01-01;Approuvé;2020-01-01;2025-04-11
PPRM;Plan de Prévention des Risques Miniers;54DDT20160004;PPRM de MEXY;Direction départementale des territoires;BASSIN FERRIFERE;;;44;GRAND EST;54;MEURTHE-ET-MOSELLE;54367;Mexy;30;Risque minier;31;Affaissement minier;313;Affaissements progressifs;FAUX;;FAUX;;2016-10-26;2018-08-29;2018-09-27;;;2019-02-13;;;Opposable;2020-01-01;Approuvé;2020-01-01;2025-02-27
PPRM;Plan de Prévention des Risques Miniers;38DDT20180001;PPRM du Plateau Matheysin;Direction départementale des territoires;;;;84;AUVERGNE-RHONE-ALPES;38;ISERE;38462;Saint-Théoffrey;30;Risque minier;31;Affaissement minier;314;Tassements;FAUX;;FAUX;;2007-12-10;2018-12-05;2019-01-19;;;2019-06-11;;;Opposable;2020-01-01;Approuvé;2020-01-01;2025-04-11
PPRM;Plan de Prévention des Risques Miniers;42DDT20170001;PPRM NORD ET EST St ETIENNE;Direction départementale des territoires;St ETIENNE;;;84;AUVERGNE-RHONE-ALPES;42;LOIRE;42305;La Talaudière;30;Risque minier;31;Affaissement minier;312;Effondrements localisés;FAUX;;FAUX;;2012-04-30;2016-03-29;2016-04-29;;;2016-09-08;;;Opposable;2020-01-01;Approuvé;2020-01-01;2025-01-21
PPRM;Plan de Prévention des Risques Miniers;12DDT20120002;PPRM du bassin de Decazeville;Direction départementale des territoires;;;;76;OCCITANIE;12;AVEYRON;12305;Viviez;30;Risque minier;31;Affaissement minier;311;Effondrements généralisés;FAUX;;FAUX;;2012-12-21;;;;;2017-06-19;;;Opposable;2020-01-01;Approuvé;2020-01-01;2025-02-07
PPRM;Plan de Prévention des Risques Miniers;14DDTM20110007;PPR bassin minier de Soumont Saint Quentin;Direction départementale des territoires et de la mer;Mines de Soumont;;;28;NORMANDIE;14;CALVADOS;14719;Urville;30;Risque minier;31;Affaissement minier;311;Effondrements généralisés;FAUX;;FAUX;;2005-11-14;2008-06-27;2008-06-27;;;2009-01-06;;;Opposable;2020-01-01;Approuvé;2020-01-01;2025-04-14
PPRM;Plan de Prévention des Risques Miniers;PPRM_2022_0002;PPRM - ONDAINE;Direction départementale des territoires;;;;;;42;LOIRE;42183;La Ricamarie;30;Risque minier;31;Affaissement minier;312;Effondrements localisés;FAUX;;FAUX;;2022-08-17;2025-03-03;2025-04-11;;;2025-06-30;;;Opposable;2020-01-01;Approuvé;2020-01-01;2025-07-22
PPRM;Plan de Prévention des Risques Miniers;57DDT20100010;PPRM-Orne;Direction départementale des territoires;Bassin ferrifère;;;44;GRAND EST;57;MOSELLE;57591;Rombas;30;Risque minier;31;Affaissement minier;313;Affaissements progressifs;FAUX;;VRAI;57DDT20150003;2006-10-17;;;;;2014-03-07;;2016-04-04;Caduque;2020-01-01;Abrogé;2020-01-01;2025-01-09
PPRM;Plan de Prévention des Risques Miniers;38DDT20180002;PPRM de Saint-Didier-de-la-Tour;Direction départementale des territoires;;;;84;AUVERGNE-RHONE-ALPES;38;ISERE;38076;La Chapelle-de-la-Tour;30;Risque minier;31;Affaissement minier;314;Tassements;FAUX;;FAUX;;2012-08-02;;;;;2022-02-16;;;Opposable;2020-01-01;Approuvé;2020-01-01;2025-03-06
PPRM;Plan de Prévention des Risques Miniers;14DDTM20110008;PPR Mines de May sur Orne;Direction départementale des territoires et de la mer;Mines de May sur Orne;;;28;NORMANDIE;14;CALVADOS;14556;Saint-André-sur-Orne;30;Risque minier;31;Affaissement minier;311;Effondrements généralisés;FAUX;;FAUX;;2005-01-14;2021-02-08;2021-03-16;2021-12-21;;2021-08-10;;;Opposable;2020-01-01;Approuvé;2020-01-01;2025-03-31
PPRM;Plan de Prévention des Risques Miniers;73PREF20160034;PPRM-La Plagne Tarentaise Aime ;Préfecture;;;;84;AUVERGNE-RHONE-ALPES;73;SAVOIE;73006;Aime-la-Plagne;30;Risque minier;31;Affaissement minier;314;Tassements;FAUX;;FAUX;;2012-12-28;;;;;2014-12-18;;;Opposable;2020-01-01;Approuvé;2020-01-01;2025-03-14
PPRM;Plan de Prévention des Risques Miniers;42DDT20130002;PPRM DE LA VALLEE DU GIER;Direction départementale des territoires;GIER;;;84;AUVERGNE-RHONE-ALPES;42;LOIRE;42032;Cellieu;30;Risque minier;31;Affaissement minier;312;Effondrements localisés;FAUX;;FAUX;;2014-10-15;2018-12-10;2019-01-25;;;2019-03-29;;;Opposable;2020-01-01;Approuvé;2020-01-01;2025-01-21
PPRM;Plan de Prévention des Risques Miniers;PPRM_2022_0001;PPRM - Bassin Nord 2ème révision;Direction départementale des territoires;;;;;;57;MOSELLE;57678;Tressange;30;Risque minier;31;Affaissement minier;313;Affaissements progressifs;VRAI;57DDT20100003;FAUX;;2021-09-20;;;;;2022-11-15;;;Opposable;2020-01-01;Approuvé;2020-01-01;2025-03-18
PPRM;Plan de Prévention des Risques Miniers;38DDT20180002;PPRM de Saint-Didier-de-la-Tour;Direction départementale des territoires;;;;84;AUVERGNE-RHONE-ALPES;38;ISERE;38076;La Chapelle-de-la-Tour;30;Risque minier;31;Affaissement minier;312;Effondrements localisés;FAUX;;FAUX;;2012-08-02;;;;;2022-02-16;;;Opposable;2020-01-01;Approuvé;2020-01-01;2025-03-06
PPRM;Plan de Prévention des Risques Miniers;54DDT20140010;PPRM Secteur de Thil;Direction départementale des territoires;;;;44;GRAND EST;54;MEURTHE-ET-MOSELLE;54270;Hussigny-Godbrange;30;Risque minier;31;Affaissement minier;312;Effondrements localisés;FAUX;;FAUX;;2012-08-03;2012-10-10;2012-11-12;;;2013-03-26;;;Opposable;2020-01-01;Approuvé;2020-01-01;2025-02-27
PPRM;Plan de Prévention des Risques Miniers;42DDT20130002;PPRM DE LA VALLEE DU GIER;Direction départementale des territoires;GIER;;;84;AUVERGNE-RHONE-ALPES;42;LOIRE;42259;Saint-Martin-la-Plaine;30;Risque minier;31;Affaissement minier;315;Glissements ou mouvements de pente;FAUX;;FAUX;;2014-10-15;2018-12-10;2019-01-25;;;2019-03-29;;;Opposable;2020-01-01;Approuvé;2020-01-01;2025-01-21
PPRM;Plan de Prévention des Risques Miniers;43PREF20140008;PPRm  Ste Florine;Préfecture;Bassin houiller de Brassac les m;;;84;AUVERGNE-RHONE-ALPES;43;HAUTE-LOIRE;43185;Sainte-Florine;30;Risque minier;31;Affaissement minier;315;Glissements ou mouvements de pente;FAUX;;FAUX;;2014-07-11;;;;;2017-09-11;;;Opposable;2020-01-01;Approuvé;2020-01-01;2025-02-07
PPRM;Plan de Prévention des Risques Miniers;22DDTM20130001;PPRM de Trémuson;Direction départementale des territoires et de la mer;Ancienne mine de Trémuson;;;53;BRETAGNE;22;COTES-D'ARMOR;22372;Trémuson;30;Risque minier;31;Affaissement minier;312;Effondrements localisés;FAUX;;FAUX;;2008-08-11;;;;;2021-10-06;;;Opposable;2020-01-01;Approuvé;2020-01-01;2025-02-19
PPRM;Plan de Prévention des Risques Miniers;59DDTM20140004;PPRM Denaisis;Direction départementale des territoires et de la mer;;;;32;HAUTS-DE-FRANCE;59;NORD;59172;Denain;30;Risque minier;31;Affaissement minier;313;Affaissements progressifs;FAUX;;FAUX;;2014-11-17;;;;;2018-07-06;;;Opposable;2020-01-01;Approuvé;2020-01-01;2025-03-26
PPRM;Plan de Prévention des Risques Miniers;81DDT20150001;PPR minier Bassin de Carmaux;Direction départementale des territoires;;;;76;OCCITANIE;81;TARN;81060;Carmaux;30;Risque minier;31;Affaissement minier;311;Effondrements généralisés;FAUX;;FAUX;;2008-10-15;2010-09-06;2010-10-08;;;2012-07-09;2015-12-30;;Caduque;2020-01-01;Annulé;2020-01-01;2016-02-25
PPRM;Plan de Prévention des Risques Miniers;PPRM_2022_0001;PPRM - Bassin Nord 2ème révision;Direction départementale des territoires;;;;;;57;MOSELLE;57586;Rochonvillers;30;Risque minier;31;Affaissement minier;314;Tassements;VRAI;57DDT20100003;FAUX;;2021-09-20;;;;;2022-11-15;;;Opposable;2020-01-01;Approuvé;2020-01-01;2025-03-18
PPRM;Plan de Prévention des Risques Miniers;12DDT20120002;PPRM du bassin de Decazeville;Direction départementale des territoires;;;;76;OCCITANIE;12;AVEYRON;12305;Viviez;30;Risque minier;31;Affaissement minier;315;Glissements ou mouvements de pente;FAUX;;FAUX;;2012-12-21;;;;;2017-06-19;;;Opposable;2020-01-01;Approuvé;2020-01-01;2025-02-07
PPRM;Plan de Prévention des Risques Miniers;PPRM_2022_0002;PPRM - ONDAINE;Direction départementale des territoires;;;;;;42;LOIRE;42099;Fraisses;30;Risque minier;31;Affaissement minier;312;Effondrements localisés;FAUX;;FAUX;;2022-08-17;2025-03-03;2025-04-11;;;2025-06-30;;;Opposable;2020-01-01;Approuvé;2020-01-01;2025-07-22
PPRM;Plan de Prévention des Risques Miniers;57DDT20100005;PPRM-Bassin Sud révision;Direction départementale des territoires;Bassin ferrifère;;;44;GRAND EST;57;MOSELLE;57481;Montois-la-Montagne;30;Risque minier;31;Affaissement minier;312;Effondrements localisés;VRAI;57DDT20100004;VRAI;57DDT20140009;2007-02-19;;;;;2011-02-28;;2016-03-08;Caduque;2020-01-01;Abrogé;2020-01-01;2025-01-09
PPRM;Plan de Prévention des Risques Miniers;42DDT20130002;PPRM DE LA VALLEE DU GIER;Direction départementale des territoires;GIER;;;84;AUVERGNE-RHONE-ALPES;42;LOIRE;42186;Rive-de-Gier;30;Risque minier;31;Affaissement minier;312;Effondrements localisés;FAUX;;FAUX;;2014-10-15;2018-12-10;2019-01-25;;;2019-03-29;;;Opposable;2020-01-01;Approuvé;2020-01-01;2025-01-21
PPRM;Plan de Prévention des Risques Miniers;42DDT20160002;PPRM VALLEE DE L'ONDAINE;Direction départementale des territoires;ONDAINE;;;84;AUVERGNE-RHONE-ALPES;42;LOIRE;42099;Fraisses;30;Risque minier;34;Echauffement des terrains de dépôts;;;FAUX;;FAUX;;2016-03-15;2018-01-22;2018-02-27;;;2018-07-11;2023-02-05;;Caduque;2020-01-01;Annulé;2020-01-01;2023-02-02
PPRM;Plan de Prévention des Risques Miniers;42DDT20170001;PPRM NORD ET EST St ETIENNE;Direction départementale des territoires;St ETIENNE;;;84;AUVERGNE-RHONE-ALPES;42;LOIRE;42302;Sorbiers;30;Risque minier;34;Echauffement des terrains de dépôts;;;FAUX;;FAUX;;2012-04-30;2016-03-29;2016-04-29;;;2016-09-08;;;Opposable;2020-01-01;Approuvé;2020-01-01;2025-01-21
PPRM;Plan de Prévention des Risques Miniers;57DDT20100003;PPRM-Bassin Nord révision;Direction départementale des territoires;Bassin ferrifère;;;44;GRAND EST;57;MOSELLE;57226;Fontoy;30;Risque minier;31;Affaissement minier;313;Affaissements progressifs;VRAI;57DDT20100002;VRAI;PPRM_2022_0001;2007-02-19;;;;;2011-09-30;;2022-11-15;Caduque;2020-01-01;Abrogé;2020-01-01;2022-12-20
PPRM;Plan de Prévention des Risques Miniers;13DDTM20190177;PPR Minier - Fuveau 2022;Direction départementale des territoires et de la mer;;;;93;PROVENCE-ALPES-COTE D'AZUR;13;BOUCHES-DU-RHONE;13040;Fuveau;30;Risque minier;34;Echauffement des terrains de dépôts;;;FAUX;;FAUX;;2019-10-07;;;;;2022-04-15;;;Opposable;2020-01-01;Approuvé;2020-01-01;2025-04-24
PPRM;Plan de Prévention des Risques Miniers;57DDT20100010;PPRM-Orne;Direction départementale des territoires;Bassin ferrifère;;;44;GRAND EST;57;MOSELLE;57019;Amnéville;30;Risque minier;31;Affaissement minier;313;Affaissements progressifs;FAUX;;VRAI;57DDT20150003;2006-10-17;;;;;2014-03-07;;2016-04-04;Caduque;2020-01-01;Abrogé;2020-01-01;2025-01-09
PPRM;Plan de Prévention des Risques Miniers;57DDT20150001;PPRM-Bassin Belval révision 2;Direction départementale des territoires;Bassin ferrifère;;;44;GRAND EST;57;MOSELLE;57565;Rédange;30;Risque minier;31;Affaissement minier;312;Effondrements localisés;VRAI;57DDT20100007;VRAI;57DDT20200011;2015-04-17;;;;;2016-09-29;;2021-12-22;Caduque;2020-01-01;Abrogé;2020-01-01;2022-03-22
PPRM;Plan de Prévention des Risques Miniers;54DDT20140031;PPRM Secteur de Briey;Direction départementale des territoires;;;;44;GRAND EST;54;MEURTHE-ET-MOSELLE;54371;Moineville;30;Risque minier;31;Affaissement minier;313;Affaissements progressifs;FAUX;;VRAI;54DDT20140041;2007-07-31;;;;;2009-11-24;;2016-08-23;Caduque;2020-01-01;Abrogé;2020-01-01;2025-02-27
PPRM;Plan de Prévention des Risques Miniers;13DDTM20200183;PPR-Hybride - [ Minier & MVT - Carrières souterraines ] Gréasque 2025;Direction départementale des territoires et de la mer;;;;93;PROVENCE-ALPES-COTE D'AZUR;13;BOUCHES-DU-RHONE;13046;Gréasque;30;Risque minier;31;Affaissement minier;312;Effondrements localisés;VRAI;13DDTM20020153;FAUX;;2020-07-22;;;;;2025-02-19;;;Opposable;2020-01-01;Approuvé;2020-01-01;2025-04-01
PPRM;Plan de Prévention des Risques Miniers;61DDT20120014;PPR-M - La Ferrière aux Étangs;Direction départementale des territoires;;;;28;NORMANDIE;61;ORNE;61024;Banvou;30;Risque minier;31;Affaissement minier;312;Effondrements localisés;FAUX;;FAUX;;2007-09-17;2010-12-09;2011-01-13;;;2011-08-01;;;Opposable;2020-01-01;Approuvé;2020-01-01;2012-10-19
PPRM;Plan de Prévention des Risques Miniers;54DDT20140001;PPRM Secteur de Jarny;Direction départementale des territoires;;;;44;GRAND EST;54;MEURTHE-ET-MOSELLE;54286;Labry;30;Risque minier;31;Affaissement minier;312;Effondrements localisés;VRAI;54DDT20080009;FAUX;;2012-08-03;2012-10-11;2012-11-12;;;2013-03-26;;;Opposable;2020-01-01;Approuvé;2020-01-01;2025-02-27
PPRM;Plan de Prévention des Risques Miniers;49DDT20110001;Anciennes mines de fer du bassin de Segré;Direction départementale des territoires;;;;52;PAYS DE LA LOIRE;49;MAINE-ET-LOIRE;49248;Ombrée d'Anjou;30;Risque minier;31;Affaissement minier;312;Effondrements localisés;FAUX;;FAUX;;2008-04-22;2009-02-13;2009-02-13;;;2009-06-26;;;Opposable;2020-01-01;Approuvé;2020-01-01;2025-01-06
PPRM;Plan de Prévention des Risques Miniers;12DDT20120002;PPRM du bassin de Decazeville;Direction départementale des territoires;;;;76;OCCITANIE;12;AVEYRON;12089;Decazeville;30;Risque minier;31;Affaissement minier;317;Ecroulements rocheux;FAUX;;FAUX;;2012-12-21;;;;;2017-06-19;;;Opposable;2020-01-01;Approuvé;2020-01-01;2025-02-07
PPRM;Plan de Prévention des Risques Miniers;54DDT20140031;PPRM Secteur de Briey;Direction départementale des territoires;;;;44;GRAND EST;54;MEURTHE-ET-MOSELLE;54542;Valleroy;30;Risque minier;31;Affaissement minier;314;Tassements;FAUX;;VRAI;54DDT20140041;2007-07-31;;;;;2009-11-24;;2016-08-23;Caduque;2020-01-01;Abrogé;2020-01-01;2025-02-27
PPRM;Plan de Prévention des Risques Miniers;59DDTM20140003;PPRM Pays de Conde;Direction départementale des territoires et de la mer;;;;32;HAUTS-DE-FRANCE;59;NORD;59153;Condé-sur-l'Escaut;30;Risque minier;31;Affaissement minier;314;Tassements;FAUX;;FAUX;;2014-11-17;;;;;2018-07-06;;;Opposable;2020-01-01;Approuvé;2020-01-01;2025-03-26
PPRM;Plan de Prévention des Risques Miniers;42DDT20130002;PPRM DE LA VALLEE DU GIER;Direction départementale des territoires;GIER;;;84;AUVERGNE-RHONE-ALPES;42;LOIRE;42083;Dargoire;30;Risque minier;31;Affaissement minier;315;Glissements ou mouvements de pente;FAUX;;FAUX;;2014-10-15;2018-12-10;2019-01-25;;;2019-03-29;;;Opposable;2020-01-01;Approuvé;2020-01-01;2025-01-21
PPRM;Plan de Prévention des Risques Miniers;54DDT20140031;PPRM Secteur de Briey;Direction départementale des territoires;;;;44;GRAND EST;54;MEURTHE-ET-MOSELLE;54028;Auboué;30;Risque minier;31;Affaissement minier;313;Affaissements progressifs;FAUX;;VRAI;54DDT20140041;2007-07-31;;;;;2009-11-24;;2016-08-23;Caduque;2020-01-01;Abrogé;2020-01-01;2025-02-27
PPRM;Plan de Prévention des Risques Miniers;73PREF20160035;PPRM-Les Chapelles;Préfecture;;;;84;AUVERGNE-RHONE-ALPES;73;SAVOIE;73077;Les Chapelles;30;Risque minier;31;Affaissement minier;312;Effondrements localisés;FAUX;;FAUX;;2012-12-28;;;;;2015-10-20;;;Opposable;2020-01-01;Approuvé;2020-01-01;2025-03-14
PPRM;Plan de Prévention des Risques Miniers;73PREF20160034;PPRM-La Plagne Tarentaise Aime ;Préfecture;;;;84;AUVERGNE-RHONE-ALPES;73;SAVOIE;73150;La Plagne Tarentaise;30;Risque minier;31;Affaissement minier;315;Glissements ou mouvements de pente;FAUX;;FAUX;;2012-12-28;;;;;2014-12-18;;;Opposable;2020-01-01;Approuvé;2020-01-01;2025-03-14
PPRM;Plan de Prévention des Risques Miniers;57DDT20100003;PPRM-Bassin Nord révision;Direction départementale des territoires;Bassin ferrifère;;;44;GRAND EST;57;MOSELLE;57305;Havange;30;Risque minier;31;Affaissement minier;314;Tassements;VRAI;57DDT20100002;VRAI;PPRM_2022_0001;2007-02-19;;;;;2011-09-30;;2022-11-15;Caduque;2020-01-01;Abrogé;2020-01-01;2022-12-20
PPRM;Plan de Prévention des Risques Miniers;54DDT20140007;PPRM Secteur de Piennes;Direction départementale des territoires;;;;44;GRAND EST;54;MEURTHE-ET-MOSELLE;54284;Joudreville;30;Risque minier;31;Affaissement minier;313;Affaissements progressifs;FAUX;;FAUX;;2012-11-26;2013-02-08;2013-03-11;;;2013-08-29;;;Opposable;2020-01-01;Approuvé;2020-01-01;2025-02-27
PPRM;Plan de Prévention des Risques Miniers;13DDTM20200186;PPR Minier - Gardanne 2023  Révision 1;Direction départementale des territoires et de la mer;;;;93;PROVENCE-ALPES-COTE D'AZUR;13;BOUCHES-DU-RHONE;13041;Gardanne;30;Risque minier;31;Affaissement minier;313;Affaissements progressifs;VRAI;13DDTM20020152;FAUX;;2020-07-22;;;;;2023-03-09;;;Opposable;2020-01-01;Approuvé;2020-01-01;2025-04-24
PPRM;Plan de Prévention des Risques Miniers;54DDT20140001;PPRM Secteur de Jarny;Direction départementale des territoires;;;;44;GRAND EST;54;MEURTHE-ET-MOSELLE;54227;Giraumont;30;Risque minier;31;Affaissement minier;314;Tassements;VRAI;54DDT20080009;FAUX;;2012-08-03;2012-10-11;2012-11-12;;;2013-03-26;;;Opposable;2020-01-01;Approuvé;2020-01-01;2025-02-27
PPRM;Plan de Prévention des Risques Miniers;54DDT20140012;PPRM de Sancy;Direction départementale des territoires;;;;44;GRAND EST;54;MEURTHE-ET-MOSELLE;54491;Sancy;30;Risque minier;31;Affaissement minier;314;Tassements;FAUX;;FAUX;;2012-08-03;;;;;2015-11-30;;;Opposable;2020-01-01;Approuvé;2020-01-01;2025-02-27
PPRM;Plan de Prévention des Risques Miniers;63DDT20140005;PPRminiers de Brassac les Mines;Direction départementale des territoires;de Brassac les Mines;;;84;AUVERGNE-RHONE-ALPES;63;PUY-DE-DOME;63022;Auzat-la-Combelle;30;Risque minier;34;Echauffement des terrains de dépôts;;;FAUX;;FAUX;;2014-07-16;;;;;2017-09-11;;;Opposable;2020-01-01;Approuvé;2020-01-01;2025-02-11
PPRM;Plan de Prévention des Risques Miniers;22DDTM20130001;PPRM de Trémuson;Direction départementale des territoires et de la mer;Ancienne mine de Trémuson;;;53;BRETAGNE;22;COTES-D'ARMOR;22234;Plouvara;30;Risque minier;31;Affaissement minier;315;Glissements ou mouvements de pente;FAUX;;FAUX;;2008-08-11;;;;;2021-10-06;;;Opposable;2020-01-01;Approuvé;2020-01-01;2025-02-19
PPRM;Plan de Prévention des Risques Miniers;57DDT20100005;PPRM-Bassin Sud révision;Direction départementale des territoires;Bassin ferrifère;;;44;GRAND EST;57;MOSELLE;57622;Saint-Privat-la-Montagne;30;Risque minier;31;Affaissement minier;312;Effondrements localisés;VRAI;57DDT20100004;VRAI;57DDT20140009;2007-02-19;;;;;2011-02-28;;2016-03-08;Caduque;2020-01-01;Abrogé;2020-01-01;2025-01-09
PPRM;Plan de Prévention des Risques Miniers;57DDT20100003;PPRM-Bassin Nord révision;Direction départementale des territoires;Bassin ferrifère;;;44;GRAND EST;57;MOSELLE;57586;Rochonvillers;30;Risque minier;31;Affaissement minier;312;Effondrements localisés;VRAI;57DDT20100002;VRAI;PPRM_2022_0001;2007-02-19;;;;;2011-09-30;;2022-11-15;Caduque;2020-01-01;Abrogé;2020-01-01;2022-12-20
PPRM;Plan de Prévention des Risques Miniers;62DDTM20150002;PPRm du LENSOIS;Direction départementale des territoires et de la mer;Lensois;;;32;HAUTS-DE-FRANCE;62;PAS-DE-CALAIS;62510;Liévin;30;Risque minier;31;Affaissement minier;314;Tassements;FAUX;;FAUX;;2015-06-10;;;;;2017-11-17;;;Opposable;2020-01-01;Approuvé;2020-01-01;2022-03-04
PPRM;Plan de Prévention des Risques Miniers;54DDT20140038;PPRM Secteur de Longwy;Direction départementale des territoires;;;;44;GRAND EST;54;MEURTHE-ET-MOSELLE;54314;Lexy;30;Risque minier;31;Affaissement minier;312;Effondrements localisés;FAUX;;FAUX;;2008-01-10;;;;;2012-01-24;;;Opposable;2020-01-01;Approuvé;2020-01-01;2025-02-27
PPRM;Plan de Prévention des Risques Miniers;PPRM_2022_0001;PPRM - Bassin Nord 2ème révision;Direction départementale des territoires;;;;;;57;MOSELLE;57226;Fontoy;30;Risque minier;31;Affaissement minier;312;Effondrements localisés;VRAI;57DDT20100003;FAUX;;2021-09-20;;;;;2022-11-15;;;Opposable;2020-01-01;Approuvé;2020-01-01;2025-03-18
PPRM;Plan de Prévention des Risques Miniers;38DDT20180001;PPRM du Plateau Matheysin;Direction départementale des territoires;;;;84;AUVERGNE-RHONE-ALPES;38;ISERE;38326;Prunières;30;Risque minier;31;Affaissement minier;314;Tassements;FAUX;;FAUX;;2007-12-10;2018-12-05;2019-01-19;;;2019-06-11;;;Opposable;2020-01-01;Approuvé;2020-01-01;2025-04-11
PPRM;Plan de Prévention des Risques Miniers;57DDT20150003;PPRM-Orne modification;Direction départementale des territoires;Bassin ferrifère;;;44;GRAND EST;57;MOSELLE;57597;Rosselange;30;Risque minier;31;Affaissement minier;314;Tassements;VRAI;57DDT20100010;FAUX;;2015-08-24;;;;;2016-04-04;;;Opposable;2020-01-01;Approuvé;2020-01-01;2025-01-09
PPRM;Plan de Prévention des Risques Miniers;74DDT20150010;PPRM Lovagny;Direction départementale des territoires;;;;84;AUVERGNE-RHONE-ALPES;74;HAUTE-SAVOIE;74152;Lovagny;30;Risque minier;31;Affaissement minier;312;Effondrements localisés;FAUX;;FAUX;;2015-05-06;2016-11-08;2016-12-08;;;2017-01-30;;;Opposable;2020-01-01;Approuvé;2020-01-01;2025-04-10
PPRM;Plan de Prévention des Risques Miniers;69DDT20140001;Sainte Foy l'Argentière;Direction départementale des territoires;Sainte Foy l'Argentière;;;84;AUVERGNE-RHONE-ALPES;69;RHONE;69201;Sainte-Foy-l'Argentière;30;Risque minier;31;Affaissement minier;315;Glissements ou mouvements de pente;FAUX;;FAUX;;2013-11-08;2016-04-25;2016-05-27;;;2017-01-06;;;Opposable;2020-01-01;Approuvé;2020-01-01;2025-01-13
PPRM;Plan de Prévention des Risques Miniers;14DDTM20110007;PPR bassin minier de Soumont Saint Quentin;Direction départementale des territoires et de la mer;Mines de Soumont;;;28;NORMANDIE;14;CALVADOS;14678;Soumont-Saint-Quentin;30;Risque minier;31;Affaissement minier;312;Effondrements localisés;FAUX;;FAUX;;2005-11-14;2008-06-27;2008-06-27;;;2009-01-06;;;Opposable;2020-01-01;Approuvé;2020-01-01;2025-04-14
PPRM;Plan de Prévention des Risques Miniers;57DDT20100003;PPRM-Bassin Nord révision;Direction départementale des territoires;Bassin ferrifère;;;44;GRAND EST;57;MOSELLE;57678;Tressange;30;Risque minier;31;Affaissement minier;312;Effondrements localisés;VRAI;57DDT20100002;VRAI;PPRM_2022_0001;2007-02-19;;;;;2011-09-30;;2022-11-15;Caduque;2020-01-01;Abrogé;2020-01-01;2022-12-20
PPRM;Plan de Prévention des Risques Miniers;49DDT20110001;Anciennes mines de fer du bassin de Segré;Direction départementale des territoires;;;;52;PAYS DE LA LOIRE;49;MAINE-ET-LOIRE;49036;Bouillé-Ménard;30;Risque minier;31;Affaissement minier;315;Glissements ou mouvements de pente;FAUX;;FAUX;;2008-04-22;2009-02-13;2009-02-13;2009-04-01;;2009-06-26;;;Opposable;2020-01-01;Approuvé;2020-01-01;2025-01-06
PPRM;Plan de Prévention des Risques Miniers;57DDT20150001;PPRM-Bassin Belval révision 2;Direction départementale des territoires;Bassin ferrifère;;;44;GRAND EST;57;MOSELLE;57603;Russange;30;Risque minier;31;Affaissement minier;313;Affaissements progressifs;VRAI;57DDT20100007;VRAI;57DDT20200011;2015-04-17;;;;;2016-09-29;;2021-12-22;Caduque;2020-01-01;Abrogé;2020-01-01;2022-03-22
PPRM;Plan de Prévention des Risques Miniers;42DDT20160002;PPRM VALLEE DE L'ONDAINE;Direction départementale des territoires;ONDAINE;;;84;AUVERGNE-RHONE-ALPES;42;LOIRE;42189;Roche-la-Molière;30;Risque minier;31;Affaissement minier;314;Tassements;FAUX;;FAUX;;2016-03-15;2018-01-22;2018-02-27;;;2018-07-11;2023-02-05;;Caduque;2020-01-01;Annulé;2020-01-01;2023-02-02
PPRM;Plan de Prévention des Risques Miniers;14DDTM20110009;PPR Mines de Littry;Direction départementale des territoires et de la mer;Mines de Littry;;;28;NORMANDIE;14;CALVADOS;14667;Saon;30;Risque minier;31;Affaissement minier;312;Effondrements localisés;FAUX;;FAUX;;2009-04-14;2025-05-12;2025-06-03;;;2025-11-03;;;Opposable;2020-01-01;Approuvé;2020-01-01;2025-11-03
PPRM;Plan de Prévention des Risques Miniers;57DDT20200011;PPRM-Bassin Belval 3ème révision;Direction départementale des territoires;;;;44;GRAND EST;57;MOSELLE;57565;Rédange;30;Risque minier;31;Affaissement minier;313;Affaissements progressifs;VRAI;57DDT20150001;FAUX;;2020-07-09;;;;;2021-12-22;;;Opposable;2020-01-01;Approuvé;2020-01-01;2025-01-09
PPRM;Plan de Prévention des Risques Miniers;PPRM_2022_0001;PPRM - Bassin Nord 2ème révision;Direction départementale des territoires;;;;;;57;MOSELLE;57096;Boulange;30;Risque minier;31;Affaissement minier;312;Effondrements localisés;VRAI;57DDT20100003;FAUX;;2021-09-20;;;;;2022-11-15;;;Opposable;2020-01-01;Approuvé;2020-01-01;2025-03-18
PPRM;Plan de Prévention des Risques Miniers;42DDT20130002;PPRM DE LA VALLEE DU GIER;Direction départementale des territoires;GIER;;;84;AUVERGNE-RHONE-ALPES;42;LOIRE;42259;Saint-Martin-la-Plaine;30;Risque minier;31;Affaissement minier;314;Tassements;FAUX;;FAUX;;2014-10-15;2018-12-10;2019-01-25;;;2019-03-29;;;Opposable;2020-01-01;Approuvé;2020-01-01;2025-01-21
PPRM;Plan de Prévention des Risques Miniers;07DDT20160003;LARGENTIERE PPR Minier;Direction départementale des territoires;Largentière ;;;84;AUVERGNE-RHONE-ALPES;07;ARDECHE;07162;Montréal;30;Risque minier;33;Emissions en surface de gaz de mine;;;FAUX;;FAUX;;2006-01-13;2010-10-04;2010-11-05;;;2011-07-27;;2015-04-17;Caduque;2020-01-01;Abrogé;2020-01-01;2025-02-18
PPRM;Plan de Prévention des Risques Miniers;PPRM_2025_0001;PPRM - modification - Doyet - Bezenet - Montvicq;Direction départementale des territoires;;;;;;03;ALLIER;03104;Doyet;30;Risque minier;31;Affaissement minier;312;Effondrements localisés;VRAI;03DDT20120001;FAUX;;2024-08-09;;;;;2024-12-18;;;Opposable;2020-01-01;Approuvé;2020-01-01;2024-08-09
PPRM;Plan de Prévention des Risques Miniers;14DDTM20110007;PPR bassin minier de Soumont Saint Quentin;Direction départementale des territoires et de la mer;Mines de Soumont;;;28;NORMANDIE;14;CALVADOS;14455;Moulines;30;Risque minier;31;Affaissement minier;311;Effondrements généralisés;FAUX;;FAUX;;2005-11-14;2008-06-27;2008-06-27;;;2009-01-06;;;Opposable;2020-01-01;Approuvé;2020-01-01;2025-04-14
PPRM;Plan de Prévention des Risques Miniers;57DDT20100005;PPRM-Bassin Sud révision;Direction départementale des territoires;Bassin ferrifère;;;44;GRAND EST;57;MOSELLE;57593;Roncourt;30;Risque minier;31;Affaissement minier;314;Tassements;VRAI;57DDT20100004;VRAI;57DDT20140009;2007-02-19;;;;;2011-02-28;;2016-03-08;Caduque;2020-01-01;Abrogé;2020-01-01;2025-01-09
PPRM;Plan de Prévention des Risques Miniers;54DDT20210002;PPRM Domprix Révision;Direction départementale des territoires;Minier;;;44;GRAND EST;54;MEURTHE-ET-MOSELLE;54169;Domprix;30;Risque minier;31;Affaissement minier;314;Tassements;VRAI;54DDT20140036;FAUX;;2021-06-17;;;;;;;;Prescrit;2020-01-01;Prescrit;2020-01-01;2025-03-18
PPRM;Plan de Prévention des Risques Miniers;14DDTM20110007;PPR bassin minier de Soumont Saint Quentin;Direction départementale des territoires et de la mer;Mines de Soumont;;;28;NORMANDIE;14;CALVADOS;14252;Estrées-la-Campagne;30;Risque minier;31;Affaissement minier;311;Effondrements généralisés;FAUX;;FAUX;;2005-11-14;2008-06-27;2008-06-27;;;2009-01-06;;;Opposable;2020-01-01;Approuvé;2020-01-01;2025-04-14
PPRM;Plan de Prévention des Risques Miniers;38DDT20180002;PPRM de Saint-Didier-de-la-Tour;Direction départementale des territoires;;;;84;AUVERGNE-RHONE-ALPES;38;ISERE;38508;Torchefelon;30;Risque minier;31;Affaissement minier;314;Tassements;FAUX;;FAUX;;2012-08-02;;;;;2022-02-16;;;Opposable;2020-01-01;Approuvé;2020-01-01;2025-03-06
PPRM;Plan de Prévention des Risques Miniers;42DDT20130002;PPRM DE LA VALLEE DU GIER;Direction départementale des territoires;GIER;;;84;AUVERGNE-RHONE-ALPES;42;LOIRE;42242;Saint-Joseph;30;Risque minier;31;Affaissement minier;315;Glissements ou mouvements de pente;FAUX;;FAUX;;2014-10-15;2018-12-10;2019-01-25;;;2019-03-29;;;Opposable;2020-01-01;Approuvé;2020-01-01;2025-01-21
PPRM;Plan de Prévention des Risques Miniers;59DDTM20140004;PPRM Denaisis;Direction départementale des territoires et de la mer;;;;32;HAUTS-DE-FRANCE;59;NORD;59361;Lourches;30;Risque minier;31;Affaissement minier;314;Tassements;FAUX;;FAUX;;2014-11-17;;;;;2018-07-06;;;Opposable;2020-01-01;Approuvé;2020-01-01;2025-03-26
PPRM;Plan de Prévention des Risques Miniers;59DDTM20140005;PPRM couronne de Valenciennes;Direction départementale des territoires et de la mer;;;;32;HAUTS-DE-FRANCE;59;NORD;59606;Valenciennes;30;Risque minier;31;Affaissement minier;314;Tassements;FAUX;;FAUX;;2014-11-17;;;;;2018-07-06;;;Opposable;2020-01-01;Approuvé;2020-01-01;2025-03-26
PPRM;Plan de Prévention des Risques Miniers;38DDT20180002;PPRM de Saint-Didier-de-la-Tour;Direction départementale des territoires;;;;84;AUVERGNE-RHONE-ALPES;38;ISERE;38464;Saint-Victor-de-Cessieu;30;Risque minier;31;Affaissement minier;312;Effondrements localisés;FAUX;;FAUX;;2012-08-02;;;;;2022-02-16;;;Opposable;2020-01-01;Approuvé;2020-01-01;2025-03-06
PPRM;Plan de Prévention des Risques Miniers;38DDT20180002;PPRM de Saint-Didier-de-la-Tour;Direction départementale des territoires;;;;84;AUVERGNE-RHONE-ALPES;38;ISERE;38381;Saint-Didier-de-la-Tour;30;Risque minier;31;Affaissement minier;312;Effondrements localisés;FAUX;;FAUX;;2012-08-02;;;;;2022-02-16;;;Opposable;2020-01-01;Approuvé;2020-01-01;2025-03-06
PPRM;Plan de Prévention des Risques Miniers;59DDTM20140003;PPRM Pays de Conde;Direction départementale des territoires et de la mer;;;;32;HAUTS-DE-FRANCE;59;NORD;59153;Condé-sur-l'Escaut;30;Risque minier;31;Affaissement minier;312;Effondrements localisés;FAUX;;FAUX;;2014-11-17;;;;;2018-07-06;;;Opposable;2020-01-01;Approuvé;2020-01-01;2025-03-26
PPRM;Plan de Prévention des Risques Miniers;38DDT20180001;PPRM du Plateau Matheysin;Direction départementale des territoires;;;;84;AUVERGNE-RHONE-ALPES;38;ISERE;38265;La Motte-d'Aveillans;30;Risque minier;34;Echauffement des terrains de dépôts;;;FAUX;;FAUX;;2007-12-10;2018-12-05;2019-01-19;;;2019-06-11;;;Opposable;2020-01-01;Approuvé;2020-01-01;2025-04-11
PPRM;Plan de Prévention des Risques Miniers;13DDTM20190174;PPR Minier - Cadolive 2022 Révision 1;Direction départementale des territoires et de la mer;;;;93;PROVENCE-ALPES-COTE D'AZUR;13;BOUCHES-DU-RHONE;13020;Cadolive;30;Risque minier;31;Affaissement minier;315;Glissements ou mouvements de pente;VRAI;13DDTM20020147;FAUX;;2019-10-07;;;;;2022-04-15;;;Opposable;2020-01-01;Approuvé;2020-01-01;2025-04-24
PPRM;Plan de Prévention des Risques Miniers;57DDT20200011;PPRM-Bassin Belval 3ème révision;Direction départementale des territoires;;;;44;GRAND EST;57;MOSELLE;57038;Audun-le-Tiche;30;Risque minier;31;Affaissement minier;314;Tassements;VRAI;57DDT20150001;FAUX;;2020-07-09;;;;;2021-12-22;;;Opposable;2020-01-01;Approuvé;2020-01-01;2025-01-09
PPRM;Plan de Prévention des Risques Miniers;07DDT20160003;LARGENTIERE PPR Minier;Direction départementale des territoires;Largentière ;;;84;AUVERGNE-RHONE-ALPES;07;ARDECHE;07343;Vinezac;30;Risque minier;33;Emissions en surface de gaz de mine;;;FAUX;;FAUX;;2006-01-13;2010-10-04;2010-11-05;;;2011-07-27;;2015-04-17;Caduque;2020-01-01;Abrogé;2020-01-01;2025-02-18
PPRM;Plan de Prévention des Risques Miniers;42DDT20130002;PPRM DE LA VALLEE DU GIER;Direction départementale des territoires;GIER;;;84;AUVERGNE-RHONE-ALPES;42;LOIRE;42186;Rive-de-Gier;30;Risque minier;34;Echauffement des terrains de dépôts;;;FAUX;;FAUX;;2014-10-15;2018-12-10;2019-01-25;;;2019-03-29;;;Opposable;2020-01-01;Approuvé;2020-01-01;2025-01-21
PPRM;Plan de Prévention des Risques Miniers;54DDT20140001;PPRM Secteur de Jarny;Direction départementale des territoires;;;;44;GRAND EST;54;MEURTHE-ET-MOSELLE;54273;Jarny;30;Risque minier;31;Affaissement minier;314;Tassements;VRAI;54DDT20080009;FAUX;;2012-08-03;2012-10-11;2012-11-12;;;2013-03-26;;;Opposable;2020-01-01;Approuvé;2020-01-01;2025-02-27
PPRM;Plan de Prévention des Risques Miniers;14DDTM20110009;PPR Mines de Littry;Direction départementale des territoires et de la mer;Mines de Littry;;;28;NORMANDIE;14;CALVADOS;14622;Saint-Martin-de-Blagny;30;Risque minier;31;Affaissement minier;311;Effondrements généralisés;FAUX;;FAUX;;2009-04-14;2025-05-12;2025-06-03;;;2025-11-03;;;Opposable;2020-01-01;Approuvé;2020-01-01;2025-11-03
PPRM;Plan de Prévention des Risques Miniers;PPRM_2025_0001;PPRM - modification - Doyet - Bezenet - Montvicq;Direction départementale des territoires;;;;;;03;ALLIER;03027;Bézenet;30;Risque minier;31;Affaissement minier;312;Effondrements localisés;VRAI;03DDT20120001;FAUX;;2024-08-09;;;;;2024-12-18;;;Opposable;2020-01-01;Approuvé;2020-01-01;2024-08-09
PPRM;Plan de Prévention des Risques Miniers;59DDTM20140004;PPRM Denaisis;Direction départementale des territoires et de la mer;;;;32;HAUTS-DE-FRANCE;59;NORD;59361;Lourches;30;Risque minier;34;Echauffement des terrains de dépôts;;;FAUX;;FAUX;;2014-11-17;;;;;2018-07-06;;;Opposable;2020-01-01;Approuvé;2020-01-01;2025-03-26
PPRM;Plan de Prévention des Risques Miniers;62DDTM20150001;PPRm du BETHUNOIS;Direction départementale des territoires et de la mer;Béthunois;;;32;HAUTS-DE-FRANCE;62;PAS-DE-CALAIS;62178;Bruay-la-Buissière;30;Risque minier;34;Echauffement des terrains de dépôts;;;FAUX;;FAUX;;2015-06-10;;;;;2017-11-17;;;Opposable;2020-01-01;Approuvé;2020-01-01;2021-02-24
PPRM;Plan de Prévention des Risques Miniers;54DDT20140007;PPRM Secteur de Piennes;Direction départementale des territoires;;;;44;GRAND EST;54;MEURTHE-ET-MOSELLE;54425;Piennes;30;Risque minier;31;Affaissement minier;313;Affaissements progressifs;FAUX;;FAUX;;2012-11-26;2013-02-08;2013-03-11;;;2013-08-29;;;Opposable;2020-01-01;Approuvé;2020-01-01;2025-02-27
PPRM;Plan de Prévention des Risques Miniers;57DDT20140009;PPRM-Bassin Sud révision 2;Direction départementale des territoires;Bassin ferrifère;;;44;GRAND EST;57;MOSELLE;57620;Sainte-Marie-aux-Chênes;30;Risque minier;31;Affaissement minier;312;Effondrements localisés;VRAI;57DDT20100005;FAUX;;2014-07-29;;;;;2016-03-08;;;Opposable;2020-01-01;Approuvé;2020-01-01;2025-01-09
PPRM;Plan de Prévention des Risques Miniers;13DDTM20190176;PPR Minier - Saint-Savournin 2022;Direction départementale des territoires et de la mer;;;;93;PROVENCE-ALPES-COTE D'AZUR;13;BOUCHES-DU-RHONE;13101;Saint-Savournin;30;Risque minier;34;Echauffement des terrains de dépôts;;;FAUX;;FAUX;;2019-10-07;;;;;2022-04-15;;;Opposable;2020-01-01;Approuvé;2020-01-01;2025-04-08
PPRM;Plan de Prévention des Risques Miniers;42DDT20130002;PPRM DE LA VALLEE DU GIER;Direction départementale des territoires;GIER;;;84;AUVERGNE-RHONE-ALPES;42;LOIRE;42242;Saint-Joseph;30;Risque minier;34;Echauffement des terrains de dépôts;;;FAUX;;FAUX;;2014-10-15;2018-12-10;2019-01-25;;;2019-03-29;;;Opposable;2020-01-01;Approuvé;2020-01-01;2025-01-21
PPRM;Plan de Prévention des Risques Miniers;61DDT20120014;PPR-M - La Ferrière aux Étangs;Direction départementale des territoires;;;;28;NORMANDIE;61;ORNE;61024;Banvou;30;Risque minier;31;Affaissement minier;314;Tassements;FAUX;;FAUX;;2007-09-17;2010-12-09;2011-01-13;;;2011-08-01;;;Opposable;2020-01-01;Approuvé;2020-01-01;2012-10-19
PPRM;Plan de Prévention des Risques Miniers;13DDTM20200186;PPR Minier - Gardanne 2023  Révision 1;Direction départementale des territoires et de la mer;;;;93;PROVENCE-ALPES-COTE D'AZUR;13;BOUCHES-DU-RHONE;13041;Gardanne;30;Risque minier;31;Affaissement minier;315;Glissements ou mouvements de pente;VRAI;13DDTM20020152;FAUX;;2020-07-22;;;;;2023-03-09;;;Opposable;2020-01-01;Approuvé;2020-01-01;2025-04-24
PPRM;Plan de Prévention des Risques Miniers;81DDT20150001;PPR minier Bassin de Carmaux;Direction départementale des territoires;;;;76;OCCITANIE;81;TARN;81291;Taïx;30;Risque minier;33;Emissions en surface de gaz de mine;;;FAUX;;FAUX;;2008-10-15;2010-09-06;2010-10-08;;;2012-07-09;2015-12-30;;Caduque;2020-01-01;Annulé;2020-01-01;2016-02-25
PPRM;Plan de Prévention des Risques Miniers;38DDT20180002;PPRM de Saint-Didier-de-la-Tour;Direction départementale des territoires;;;;84;AUVERGNE-RHONE-ALPES;38;ISERE;38377;Saint-Clair-de-la-Tour;30;Risque minier;31;Affaissement minier;314;Tassements;FAUX;;FAUX;;2012-08-02;;;;;2022-02-16;;;Opposable;2020-01-01;Approuvé;2020-01-01;2025-03-06
PPRM;Plan de Prévention des Risques Miniers;14DDTM20110009;PPR Mines de Littry;Direction départementale des territoires et de la mer;Mines de Littry;;;28;NORMANDIE;14;CALVADOS;14103;Le Breuil-en-Bessin;30;Risque minier;31;Affaissement minier;312;Effondrements localisés;FAUX;;FAUX;;2009-04-14;2025-05-12;2025-06-03;;;2025-11-03;;;Opposable;2020-01-01;Approuvé;2020-01-01;2025-11-03
PPRM;Plan de Prévention des Risques Miniers;14DDTM20110009;PPR Mines de Littry;Direction départementale des territoires et de la mer;Mines de Littry;;;28;NORMANDIE;14;CALVADOS;14272;La Folie;30;Risque minier;31;Affaissement minier;312;Effondrements localisés;FAUX;;FAUX;;2009-04-14;2025-05-12;2025-06-03;;;2025-11-03;;;Opposable;2020-01-01;Approuvé;2020-01-01;2025-11-03
PPRM;Plan de Prévention des Risques Miniers;PPRM_2022_0001;PPRM - Bassin Nord 2ème révision;Direction départementale des territoires;;;;;;57;MOSELLE;57096;Boulange;30;Risque minier;31;Affaissement minier;314;Tassements;VRAI;57DDT20100003;FAUX;;2021-09-20;;;;;2022-11-15;;;Opposable;2020-01-01;Approuvé;2020-01-01;2025-03-18
PPRM;Plan de Prévention des Risques Miniers;54DDT20140037;PPRM Ville-au-Montois;Direction départementale des territoires;;;;44;GRAND EST;54;MEURTHE-ET-MOSELLE;54568;Ville-au-Montois;30;Risque minier;31;Affaissement minier;312;Effondrements localisés;FAUX;;FAUX;;2008-01-24;2011-11-03;2011-12-03;;;2012-02-28;;;Opposable;2020-01-01;Approuvé;2020-01-01;2025-02-27
PPRM;Plan de Prévention des Risques Miniers;42DDT20170001;PPRM NORD ET EST St ETIENNE;Direction départementale des territoires;St ETIENNE;;;84;AUVERGNE-RHONE-ALPES;42;LOIRE;42097;La Fouillouse;30;Risque minier;31;Affaissement minier;314;Tassements;FAUX;;FAUX;;2012-04-30;2016-03-29;2016-04-29;;;2016-09-08;;;Opposable;2020-01-01;Approuvé;2020-01-01;2025-01-21
PPRM;Plan de Prévention des Risques Miniers;22DDTM20130001;PPRM de Trémuson;Direction départementale des territoires et de la mer;Ancienne mine de Trémuson;;;53;BRETAGNE;22;COTES-D'ARMOR;22187;Plérin;30;Risque minier;31;Affaissement minier;315;Glissements ou mouvements de pente;FAUX;;FAUX;;2008-08-11;;;;;2021-10-06;;;Opposable;2020-01-01;Approuvé;2020-01-01;2025-02-19
PPRM;Plan de Prévention des Risques Miniers;54DDT20140014;PPRM Secteur de Trieux;Direction départementale des territoires;;;;44;GRAND EST;54;MEURTHE-ET-MOSELLE;54066;Bettainvillers;30;Risque minier;31;Affaissement minier;312;Effondrements localisés;FAUX;;FAUX;;2012-11-26;2013-02-18;2013-03-18;;;2013-07-12;;;Opposable;2020-01-01;Approuvé;2020-01-01;2025-02-27
PPRM;Plan de Prévention des Risques Miniers;59DDTM20140004;PPRM Denaisis;Direction départementale des territoires et de la mer;;;;32;HAUTS-DE-FRANCE;59;NORD;59292;Haveluy;30;Risque minier;33;Emissions en surface de gaz de mine;;;FAUX;;FAUX;;2014-11-17;;;;;2018-07-06;;;Opposable;2020-01-01;Approuvé;2020-01-01;2025-03-26
PPRM;Plan de Prévention des Risques Miniers;12DDT20120002;PPRM du bassin de Decazeville;Direction départementale des territoires;;;;76;OCCITANIE;12;AVEYRON;12013;Aubin;30;Risque minier;31;Affaissement minier;312;Effondrements localisés;FAUX;;FAUX;;2012-12-21;;;;;2017-06-19;;;Opposable;2020-01-01;Approuvé;2020-01-01;2025-02-07
PPRM;Plan de Prévention des Risques Miniers;57DDT20140009;PPRM-Bassin Sud révision 2;Direction départementale des territoires;Bassin ferrifère;;;44;GRAND EST;57;MOSELLE;57593;Roncourt;30;Risque minier;31;Affaissement minier;313;Affaissements progressifs;VRAI;57DDT20100005;FAUX;;2014-07-29;;;;;2016-03-08;;;Opposable;2020-01-01;Approuvé;2020-01-01;2025-01-09
PPRM;Plan de Prévention des Risques Miniers;14DDTM20110007;PPR bassin minier de Soumont Saint Quentin;Direction départementale des territoires et de la mer;Mines de Soumont;;;28;NORMANDIE;14;CALVADOS;14309;Gouvix;30;Risque minier;31;Affaissement minier;312;Effondrements localisés;FAUX;;FAUX;;2005-11-14;2008-06-27;2008-06-27;2009-07-12;;2009-01-06;;;Opposable;2020-01-01;Approuvé;2020-01-01;2025-04-14
PPRM;Plan de Prévention des Risques Miniers;57DDT20140008;PPRM-Moyeuvre Grande;Direction départementale des territoires;Bassin ferrifère;;;44;GRAND EST;57;MOSELLE;57491;Moyeuvre-Grande;30;Risque minier;31;Affaissement minier;312;Effondrements localisés;VRAI;57DDT20100008;FAUX;;2014-05-26;;;;;2016-07-08;;;Opposable;2020-01-01;Approuvé;2020-01-01;2025-01-09
PPRM;Plan de Prévention des Risques Miniers;62DDTM20150002;PPRm du LENSOIS;Direction départementale des territoires et de la mer;Lensois;;;32;HAUTS-DE-FRANCE;62;PAS-DE-CALAIS;62510;Liévin;30;Risque minier;33;Emissions en surface de gaz de mine;;;FAUX;;FAUX;;2015-06-10;;;;;2017-11-17;;;Opposable;2020-01-01;Approuvé;2020-01-01;2022-03-04
PPRM;Plan de Prévention des Risques Miniers;54DDT20140031;PPRM Secteur de Briey;Direction départementale des territoires;;;;44;GRAND EST;54;MEURTHE-ET-MOSELLE;54028;Auboué;30;Risque minier;31;Affaissement minier;312;Effondrements localisés;FAUX;;VRAI;54DDT20140041;2007-07-31;;;;;2009-11-24;;2016-08-23;Caduque;2020-01-01;Abrogé;2020-01-01;2025-02-27
PPRM;Plan de Prévention des Risques Miniers;57DDT20100009;PPRM-Fensch;Direction départementale des territoires;Bassin ferrifère;;;44;GRAND EST;57;MOSELLE;57508;Nilvange;30;Risque minier;31;Affaissement minier;312;Effondrements localisés;FAUX;;VRAI;57DDT20150002;2006-10-17;;;;;2013-03-18;;2017-01-26;Caduque;2020-01-01;Abrogé;2020-01-01;2025-01-09
PPRM;Plan de Prévention des Risques Miniers;12DDT20120002;PPRM du bassin de Decazeville;Direction départementale des territoires;;;;76;OCCITANIE;12;AVEYRON;12083;Cransac;30;Risque minier;31;Affaissement minier;313;Affaissements progressifs;FAUX;;FAUX;;2012-12-21;;;;;2017-06-19;;;Opposable;2020-01-01;Approuvé;2020-01-01;2025-02-07
PPRM;Plan de Prévention des Risques Miniers;54DDT20140045;PPRM Secteur CRUSNES;Direction départementale des territoires;Miniers;;;44;GRAND EST;54;MEURTHE-ET-MOSELLE;54096;Bréhain-la-Ville;30;Risque minier;31;Affaissement minier;312;Effondrements localisés;FAUX;;FAUX;;2014-08-07;2014-09-15;2014-10-20;;;2015-05-21;;;Opposable;2020-01-01;Approuvé;2020-01-01;2025-02-27
PPRM;Plan de Prévention des Risques Miniers;03DDT20120001;PPRM - Bezenet - Doyet -  Montvicqq;Direction départementale des territoires;;;;84;AUVERGNE-RHONE-ALPES;03;ALLIER;03027;Bézenet;30;Risque minier;31;Affaissement minier;313;Affaissements progressifs;FAUX;;VRAI;PPRM_2025_0001;2012-01-23;;;;;2016-10-03;;2024-12-18;Caduque;2020-01-01;Abrogé;2020-01-01;2025-01-14
PPRM;Plan de Prévention des Risques Miniers;54DDT20140010;PPRM Secteur de Thil;Direction départementale des territoires;;;;44;GRAND EST;54;MEURTHE-ET-MOSELLE;54521;Thil;30;Risque minier;31;Affaissement minier;314;Tassements;FAUX;;FAUX;;2012-08-03;2012-10-10;2012-11-12;;;2013-03-26;;;Opposable;2020-01-01;Approuvé;2020-01-01;2025-02-27
PPRM;Plan de Prévention des Risques Miniers;57DDT20150002;PPRM-Fensch révision;Direction départementale des territoires;Bassin ferrifère;;;44;GRAND EST;57;MOSELLE;57368;Knutange;30;Risque minier;31;Affaissement minier;312;Effondrements localisés;VRAI;57DDT20100009;FAUX;;2015-08-06;;;;;2017-01-26;;;Opposable;2020-01-01;Approuvé;2020-01-01;2025-01-09
PPRM;Plan de Prévention des Risques Miniers;42DDT20160002;PPRM VALLEE DE L'ONDAINE;Direction départementale des territoires;ONDAINE;;;84;AUVERGNE-RHONE-ALPES;42;LOIRE;42095;Firminy;30;Risque minier;31;Affaissement minier;312;Effondrements localisés;FAUX;;FAUX;;2016-03-15;2018-01-22;2018-02-27;;;2018-07-11;2023-02-05;;Caduque;2020-01-01;Annulé;2020-01-01;2023-02-02
PPRM;Plan de Prévention des Risques Miniers;57DDT20100005;PPRM-Bassin Sud révision;Direction départementale des territoires;Bassin ferrifère;;;44;GRAND EST;57;MOSELLE;57593;Roncourt;30;Risque minier;31;Affaissement minier;312;Effondrements localisés;VRAI;57DDT20100004;VRAI;57DDT20140009;2007-02-19;;;;;2011-02-28;;2016-03-08;Caduque;2020-01-01;Abrogé;2020-01-01;2025-01-09
PPRM;Plan de Prévention des Risques Miniers;13DDTM20190175;PPR Minier - Peypin 2022;Direction départementale des territoires et de la mer;;;;93;PROVENCE-ALPES-COTE D'AZUR;13;BOUCHES-DU-RHONE;13073;Peypin;30;Risque minier;31;Affaissement minier;315;Glissements ou mouvements de pente;FAUX;;FAUX;;2019-10-07;;;;;2022-04-15;;;Opposable;2020-01-01;Approuvé;2020-01-01;2025-04-24
PPRM;Plan de Prévention des Risques Miniers;42DDT20130002;PPRM DE LA VALLEE DU GIER;Direction départementale des territoires;GIER;;;84;AUVERGNE-RHONE-ALPES;42;LOIRE;42307;Tartaras;30;Risque minier;31;Affaissement minier;314;Tassements;FAUX;;FAUX;;2014-10-15;2018-12-10;2019-01-25;;;2019-03-29;;;Opposable;2020-01-01;Approuvé;2020-01-01;2025-01-21
PPRM;Plan de Prévention des Risques Miniers;57DDT20150003;PPRM-Orne modification;Direction départementale des territoires;Bassin ferrifère;;;44;GRAND EST;57;MOSELLE;57019;Amnéville;30;Risque minier;31;Affaissement minier;312;Effondrements localisés;VRAI;57DDT20100010;FAUX;;2015-08-24;;;;;2016-04-04;;;Opposable;2020-01-01;Approuvé;2020-01-01;2025-01-09
PPRM;Plan de Prévention des Risques Miniers;38DDT20180002;PPRM de Saint-Didier-de-la-Tour;Direction départementale des territoires;;;;84;AUVERGNE-RHONE-ALPES;38;ISERE;38377;Saint-Clair-de-la-Tour;30;Risque minier;31;Affaissement minier;312;Effondrements localisés;FAUX;;FAUX;;2012-08-02;;;;;2022-02-16;;;Opposable;2020-01-01;Approuvé;2020-01-01;2025-03-06
PPRM;Plan de Prévention des Risques Miniers;69DDT20140001;Sainte Foy l'Argentière;Direction départementale des territoires;Sainte Foy l'Argentière;;;84;AUVERGNE-RHONE-ALPES;69;RHONE;69201;Sainte-Foy-l'Argentière;30;Risque minier;31;Affaissement minier;317;Ecroulements rocheux;FAUX;;FAUX;;2013-11-08;2016-04-25;2016-05-27;;;2017-01-06;;;Opposable;2020-01-01;Approuvé;2020-01-01;2025-01-13
PPRM;Plan de Prévention des Risques Miniers;38DDT20180001;PPRM du Plateau Matheysin;Direction départementale des territoires;;;;84;AUVERGNE-RHONE-ALPES;38;ISERE;38269;La Mure;30;Risque minier;32;Inondations de terrains miniers;321;Pollution des eaux souterraines et de surface;FAUX;;FAUX;;2007-12-10;2018-12-05;2019-01-19;;;2019-06-11;;;Opposable;2020-01-01;Approuvé;2020-01-01;2025-04-11
PPRM;Plan de Prévention des Risques Miniers;42DDT20160002;PPRM VALLEE DE L'ONDAINE;Direction départementale des territoires;ONDAINE;;;84;AUVERGNE-RHONE-ALPES;42;LOIRE;42095;Firminy;30;Risque minier;34;Echauffement des terrains de dépôts;;;FAUX;;FAUX;;2016-03-15;2018-01-22;2018-02-27;;;2018-07-11;2023-02-05;;Caduque;2020-01-01;Annulé;2020-01-01;2023-02-02
PPRM;Plan de Prévention des Risques Miniers;54DDT20140038;PPRM Secteur de Longwy;Direction départementale des territoires;;;;44;GRAND EST;54;MEURTHE-ET-MOSELLE;54254;Haucourt-Moulaine;30;Risque minier;31;Affaissement minier;314;Tassements;FAUX;;FAUX;;2008-01-10;;;;;2012-01-24;;;Opposable;2020-01-01;Approuvé;2020-01-01;2025-02-27
PPRM;Plan de Prévention des Risques Miniers;59DDTM20140003;PPRM Pays de Conde;Direction départementale des territoires et de la mer;;;;32;HAUTS-DE-FRANCE;59;NORD;59253;Fresnes-sur-Escaut;30;Risque minier;31;Affaissement minier;312;Effondrements localisés;FAUX;;FAUX;;2014-11-17;;;;;2018-07-06;;;Opposable;2020-01-01;Approuvé;2020-01-01;2025-03-26
PPRM;Plan de Prévention des Risques Miniers;38DDT20180001;PPRM du Plateau Matheysin;Direction départementale des territoires;;;;84;AUVERGNE-RHONE-ALPES;38;ISERE;38280;Notre-Dame-de-Vaulx;30;Risque minier;32;Inondations de terrains miniers;321;Pollution des eaux souterraines et de surface;FAUX;;FAUX;;2007-12-10;2018-12-05;2019-01-19;;;2019-06-11;;;Opposable;2020-01-01;Approuvé;2020-01-01;2025-04-11
PPRM;Plan de Prévention des Risques Miniers;42DDT20130002;PPRM DE LA VALLEE DU GIER;Direction départementale des territoires;GIER;;;84;AUVERGNE-RHONE-ALPES;42;LOIRE;42053;Châteauneuf;30;Risque minier;31;Affaissement minier;315;Glissements ou mouvements de pente;FAUX;;FAUX;;2014-10-15;2018-12-10;2019-01-25;;;2019-03-29;;;Opposable;2020-01-01;Approuvé;2020-01-01;2025-01-21
PPRM;Plan de Prévention des Risques Miniers;54DDT20140038;PPRM Secteur de Longwy;Direction départementale des territoires;;;;44;GRAND EST;54;MEURTHE-ET-MOSELLE;54323;Longwy;30;Risque minier;31;Affaissement minier;313;Affaissements progressifs;FAUX;;FAUX;;2008-01-10;;;;;2012-01-24;;;Opposable;2020-01-01;Approuvé;2020-01-01;2025-02-27
PPRM;Plan de Prévention des Risques Miniers;57DDT20140004;PPRM-Hayange modification;Direction départementale des territoires;;;;44;GRAND EST;57;MOSELLE;57306;Hayange;30;Risque minier;31;Affaissement minier;314;Tassements;VRAI;57DDT20140003;FAUX;;2014-02-14;;;;;2014-09-04;;;Opposable;2020-01-01;Approuvé;2020-01-01;2025-01-09
PPRM;Plan de Prévention des Risques Miniers;57DDT20150002;PPRM-Fensch révision;Direction départementale des territoires;Bassin ferrifère;;;44;GRAND EST;57;MOSELLE;57562;Ranguevaux;30;Risque minier;31;Affaissement minier;314;Tassements;VRAI;57DDT20100009;FAUX;;2015-08-06;;;;;2017-01-26;;;Opposable;2020-01-01;Approuvé;2020-01-01;2025-01-09
PPRM;Plan de Prévention des Risques Miniers;54DDT20210002;PPRM Domprix Révision;Direction départementale des territoires;Minier;;;44;GRAND EST;54;MEURTHE-ET-MOSELLE;54169;Domprix;30;Risque minier;31;Affaissement minier;312;Effondrements localisés;VRAI;54DDT20140036;FAUX;;2021-06-17;;;;;;;;Prescrit;2020-01-01;Prescrit;2020-01-01;2025-03-18
PPRM;Plan de Prévention des Risques Miniers;12DDT20120002;PPRM du bassin de Decazeville;Direction départementale des territoires;;;;76;OCCITANIE;12;AVEYRON;12305;Viviez;30;Risque minier;33;Emissions en surface de gaz de mine;;;FAUX;;FAUX;;2012-12-21;;;;;2017-06-19;;;Opposable;2020-01-01;Approuvé;2020-01-01;2025-02-07
PPRM;Plan de Prévention des Risques Miniers;38DDT20180001;PPRM du Plateau Matheysin;Direction départementale des territoires;;;;84;AUVERGNE-RHONE-ALPES;38;ISERE;38462;Saint-Théoffrey;30;Risque minier;31;Affaissement minier;312;Effondrements localisés;FAUX;;FAUX;;2007-12-10;2018-12-05;2019-01-19;;;2019-06-11;;;Opposable;2020-01-01;Approuvé;2020-01-01;2025-04-11
PPRM;Plan de Prévention des Risques Miniers;42DDT20130002;PPRM DE LA VALLEE DU GIER;Direction départementale des territoires;GIER;;;84;AUVERGNE-RHONE-ALPES;42;LOIRE;42083;Dargoire;30;Risque minier;31;Affaissement minier;314;Tassements;FAUX;;FAUX;;2014-10-15;2018-12-10;2019-01-25;;;2019-03-29;;;Opposable;2020-01-01;Approuvé;2020-01-01;2025-01-21
PPRM;Plan de Prévention des Risques Miniers;38DDT20180001;PPRM du Plateau Matheysin;Direction départementale des territoires;;;;84;AUVERGNE-RHONE-ALPES;38;ISERE;38326;Prunières;30;Risque minier;34;Echauffement des terrains de dépôts;;;FAUX;;FAUX;;2007-12-10;2018-12-05;2019-01-19;;;2019-06-11;;;Opposable;2020-01-01;Approuvé;2020-01-01;2025-04-11
PPRM;Plan de Prévention des Risques Miniers;14DDTM20110007;PPR bassin minier de Soumont Saint Quentin;Direction départementale des territoires et de la mer;Mines de Soumont;;;28;NORMANDIE;14;CALVADOS;14589;Saint-Germain-le-Vasson;30;Risque minier;31;Affaissement minier;311;Effondrements généralisés;FAUX;;FAUX;;2005-11-14;2008-06-27;2008-06-27;;;2009-01-06;;;Opposable;2020-01-01;Approuvé;2020-01-01;2025-04-14
PPRM;Plan de Prévention des Risques Miniers;57DDT20150002;PPRM-Fensch révision;Direction départementale des territoires;Bassin ferrifère;;;44;GRAND EST;57;MOSELLE;57498;Neufchef;30;Risque minier;31;Affaissement minier;312;Effondrements localisés;VRAI;57DDT20100009;FAUX;;2015-08-06;;;;;2017-01-26;;;Opposable;2020-01-01;Approuvé;2020-01-01;2025-01-09
PPRM;Plan de Prévention des Risques Miniers;57DDT20140009;PPRM-Bassin Sud révision 2;Direction départementale des territoires;Bassin ferrifère;;;44;GRAND EST;57;MOSELLE;57622;Saint-Privat-la-Montagne;30;Risque minier;31;Affaissement minier;312;Effondrements localisés;VRAI;57DDT20100005;FAUX;;2014-07-29;;;;;2016-03-08;;;Opposable;2020-01-01;Approuvé;2020-01-01;2025-01-09
PPRM;Plan de Prévention des Risques Miniers;PPRM_2022_0001;PPRM - Bassin Nord 2ème révision;Direction départementale des territoires;;;;;;57;MOSELLE;57529;Ottange;30;Risque minier;31;Affaissement minier;313;Affaissements progressifs;VRAI;57DDT20100003;FAUX;;2021-09-20;;;;;2022-11-15;;;Opposable;2020-01-01;Approuvé;2020-01-01;2025-03-18
PPRM;Plan de Prévention des Risques Miniers;PPRM_2022_0002;PPRM - ONDAINE;Direction départementale des territoires;;;;;;42;LOIRE;42095;Firminy;30;Risque minier;31;Affaissement minier;314;Tassements;FAUX;;FAUX;;2022-08-17;2025-03-03;2025-04-11;;;2025-06-30;;;Opposable;2020-01-01;Approuvé;2020-01-01;2025-07-22
PPRM;Plan de Prévention des Risques Miniers;57DDT20150001;PPRM-Bassin Belval révision 2;Direction départementale des territoires;Bassin ferrifère;;;44;GRAND EST;57;MOSELLE;57603;Russange;30;Risque minier;31;Affaissement minier;314;Tassements;VRAI;57DDT20100007;VRAI;57DDT20200011;2015-04-17;;;;;2016-09-29;;2021-12-22;Caduque;2020-01-01;Abrogé;2020-01-01;2022-03-22
PPRM;Plan de Prévention des Risques Miniers;62DDTM20150001;PPRm du BETHUNOIS;Direction départementale des territoires et de la mer;Béthunois;;;32;HAUTS-DE-FRANCE;62;PAS-DE-CALAIS;62048;Auchel;30;Risque minier;31;Affaissement minier;312;Effondrements localisés;FAUX;;FAUX;;2015-06-10;;;;;2017-11-17;;;Opposable;2020-01-01;Approuvé;2020-01-01;2021-02-24
PPRM;Plan de Prévention des Risques Miniers;38DDT20180001;PPRM du Plateau Matheysin;Direction départementale des territoires;;;;84;AUVERGNE-RHONE-ALPES;38;ISERE;38499;Susville;30;Risque minier;34;Echauffement des terrains de dépôts;;;FAUX;;FAUX;;2007-12-10;2018-12-05;2019-01-19;;;2019-06-11;;;Opposable;2020-01-01;Approuvé;2020-01-01;2025-04-11
PPRM;Plan de Prévention des Risques Miniers;57DDT20100010;PPRM-Orne;Direction départementale des territoires;Bassin ferrifère;;;44;GRAND EST;57;MOSELLE;57019;Amnéville;30;Risque minier;31;Affaissement minier;314;Tassements;FAUX;;VRAI;57DDT20150003;2006-10-17;;;;;2014-03-07;;2016-04-04;Caduque;2020-01-01;Abrogé;2020-01-01;2025-01-09
PPRM;Plan de Prévention des Risques Miniers;42DDT20130002;PPRM DE LA VALLEE DU GIER;Direction départementale des territoires;GIER;;;84;AUVERGNE-RHONE-ALPES;42;LOIRE;42123;Lorette;30;Risque minier;34;Echauffement des terrains de dépôts;;;FAUX;;FAUX;;2014-10-15;2018-12-10;2019-01-25;;;2019-03-29;;;Opposable;2020-01-01;Approuvé;2020-01-01;2025-01-21
PPRM;Plan de Prévention des Risques Miniers;14DDTM20110009;PPR Mines de Littry;Direction départementale des territoires et de la mer;Mines de Littry;;;28;NORMANDIE;14;CALVADOS;14370;Le Molay-Littry;30;Risque minier;31;Affaissement minier;312;Effondrements localisés;FAUX;;FAUX;;2009-04-14;2025-05-12;2025-06-03;;;2025-11-03;;;Opposable;2020-01-01;Approuvé;2020-01-01;2025-11-03
PPRM;Plan de Prévention des Risques Miniers;54DDT20140031;PPRM Secteur de Briey;Direction départementale des territoires;;;;44;GRAND EST;54;MEURTHE-ET-MOSELLE;54542;Valleroy;30;Risque minier;31;Affaissement minier;312;Effondrements localisés;FAUX;;VRAI;54DDT20140041;2007-07-31;;;;;2009-11-24;;2016-08-23;Caduque;2020-01-01;Abrogé;2020-01-01;2025-02-27
PPRM;Plan de Prévention des Risques Miniers;38DDT20180001;PPRM du Plateau Matheysin;Direction départementale des territoires;;;;84;AUVERGNE-RHONE-ALPES;38;ISERE;38265;La Motte-d'Aveillans;30;Risque minier;31;Affaissement minier;315;Glissements ou mouvements de pente;FAUX;;FAUX;;2007-12-10;2018-12-05;2019-01-19;;;2019-06-11;;;Opposable;2020-01-01;Approuvé;2020-01-01;2025-04-11
PPRM;Plan de Prévention des Risques Miniers;42DDT20130002;PPRM DE LA VALLEE DU GIER;Direction départementale des territoires;GIER;;;84;AUVERGNE-RHONE-ALPES;42;LOIRE;42103;La Grand-Croix;30;Risque minier;31;Affaissement minier;314;Tassements;FAUX;;FAUX;;2014-10-15;2018-12-10;2019-01-25;;;2019-03-29;;;Opposable;2020-01-01;Approuvé;2020-01-01;2025-01-21
PPRM;Plan de Prévention des Risques Miniers;07DDT20160003;LARGENTIERE PPR Minier;Direction départementale des territoires;Largentière ;;;84;AUVERGNE-RHONE-ALPES;07;ARDECHE;07058;Chassiers;30;Risque minier;33;Emissions en surface de gaz de mine;;;FAUX;;FAUX;;2006-01-13;2010-10-04;2010-11-05;;;2011-07-27;;2015-04-17;Caduque;2020-01-01;Abrogé;2020-01-01;2025-02-18
PPRM;Plan de Prévention des Risques Miniers;12DDT20120002;PPRM du bassin de Decazeville;Direction départementale des territoires;;;;76;OCCITANIE;12;AVEYRON;12089;Decazeville;30;Risque minier;31;Affaissement minier;313;Affaissements progressifs;FAUX;;FAUX;;2012-12-21;;;;;2017-06-19;;;Opposable;2020-01-01;Approuvé;2020-01-01;2025-02-07
PPRM;Plan de Prévention des Risques Miniers;54DDT20140041;PPRM Secteur BRIEY;Direction départementale des territoires;Miniers;;;44;GRAND EST;54;MEURTHE-ET-MOSELLE;54280;Jœuf;30;Risque minier;31;Affaissement minier;314;Tassements;VRAI;54DDT20140031;VRAI;54DDT20190001;2014-03-12;;;;;2016-08-23;;;Opposable;2020-01-01;Approuvé;2020-01-01;2025-02-27
PPRM;Plan de Prévention des Risques Miniers;PPRM_2022_0002;PPRM - ONDAINE;Direction départementale des territoires;;;;;;42;LOIRE;42223;Saint-Genest-Lerpt;30;Risque minier;34;Echauffement des terrains de dépôts;;;FAUX;;FAUX;;2022-08-17;2025-03-03;2025-04-11;;;2025-06-30;;;Opposable;2020-01-01;Approuvé;2020-01-01;2025-07-22
PPRM;Plan de Prévention des Risques Miniers;PPRM_2024_0001;PPRM - Mines de fer du pourtour d'Angers ;Direction régionale de l'environnement, de l'aménagement et du logement;;;;;;49;MAINE-ET-LOIRE;49267;Saint-Barthélemy-d'Anjou;30;Risque minier;31;Affaissement minier;314;Tassements;FAUX;;FAUX;;2023-05-22;;;;;;;;Prescrit;2020-01-01;Prescrit;2020-01-01;2025-03-18
PPRM;Plan de Prévention des Risques Miniers;54DDT20140007;PPRM Secteur de Piennes;Direction départementale des territoires;;;;44;GRAND EST;54;MEURTHE-ET-MOSELLE;54084;Mont-Bonvillers;30;Risque minier;31;Affaissement minier;313;Affaissements progressifs;FAUX;;FAUX;;2012-11-26;2013-02-08;2013-03-11;;;2013-08-29;;;Opposable;2020-01-01;Approuvé;2020-01-01;2025-02-27
PPRM;Plan de Prévention des Risques Miniers;54DDT20140045;PPRM Secteur CRUSNES;Direction départementale des territoires;Miniers;;;44;GRAND EST;54;MEURTHE-ET-MOSELLE;54504;Serrouville;30;Risque minier;31;Affaissement minier;312;Effondrements localisés;FAUX;;FAUX;;2014-08-07;2014-09-15;2014-10-20;;;2015-05-21;;;Opposable;2020-01-01;Approuvé;2020-01-01;2025-02-27
PPRM;Plan de Prévention des Risques Miniers;54DDT20140013;PPRM Secteur de Trieux;Direction départementale des territoires;;;;44;GRAND EST;54;MEURTHE-ET-MOSELLE;54015;Anderny;30;Risque minier;31;Affaissement minier;313;Affaissements progressifs;FAUX;;FAUX;;2012-11-26;2013-02-01;2013-03-27;;;2013-07-12;;;Opposable;2020-01-01;Approuvé;2020-01-01;2025-02-27
PPRM;Plan de Prévention des Risques Miniers;57DDT20150001;PPRM-Bassin Belval révision 2;Direction départementale des territoires;Bassin ferrifère;;;44;GRAND EST;57;MOSELLE;57038;Audun-le-Tiche;30;Risque minier;31;Affaissement minier;314;Tassements;VRAI;57DDT20100007;VRAI;57DDT20200011;2015-04-17;;;;;2016-09-29;;2021-12-22;Caduque;2020-01-01;Abrogé;2020-01-01;2022-03-22
PPRM;Plan de Prévention des Risques Miniers;54DDT20140041;PPRM Secteur BRIEY;Direction départementale des territoires;Miniers;;;44;GRAND EST;54;MEURTHE-ET-MOSELLE;54371;Moineville;30;Risque minier;31;Affaissement minier;314;Tassements;VRAI;54DDT20140031;VRAI;54DDT20190001;2014-03-12;;;;;2016-08-23;;;Opposable;2020-01-01;Approuvé;2020-01-01;2025-02-27
PPRM;Plan de Prévention des Risques Miniers;12DDT20120002;PPRM du bassin de Decazeville;Direction départementale des territoires;;;;76;OCCITANIE;12;AVEYRON;12305;Viviez;30;Risque minier;31;Affaissement minier;312;Effondrements localisés;FAUX;;FAUX;;2012-12-21;;;;;2017-06-19;;;Opposable;2020-01-01;Approuvé;2020-01-01;2025-02-07
PPRM;Plan de Prévention des Risques Miniers;42DDT20160002;PPRM VALLEE DE L'ONDAINE;Direction départementale des territoires;ONDAINE;;;84;AUVERGNE-RHONE-ALPES;42;LOIRE;42044;Le Chambon-Feugerolles;30;Risque minier;31;Affaissement minier;315;Glissements ou mouvements de pente;FAUX;;FAUX;;2016-03-15;2018-01-22;2018-02-27;;;2018-07-11;2023-02-05;;Caduque;2020-01-01;Annulé;2020-01-01;2023-02-02
PPRM;Plan de Prévention des Risques Miniers;57DDT20100003;PPRM-Bassin Nord révision;Direction départementale des territoires;Bassin ferrifère;;;44;GRAND EST;57;MOSELLE;57586;Rochonvillers;30;Risque minier;31;Affaissement minier;313;Affaissements progressifs;VRAI;57DDT20100002;VRAI;PPRM_2022_0001;2007-02-19;;;;;2011-09-30;;2022-11-15;Caduque;2020-01-01;Abrogé;2020-01-01;2022-12-20
PPRM;Plan de Prévention des Risques Miniers;23DDT20130001;PPRM Bassin houiller d'Ahun;Direction départementale des territoires;;;;75;NOUVELLE-AQUITAINE;23;CREUSE;23220;Saint-Médard-la-Rochette;30;Risque minier;31;Affaissement minier;314;Tassements;FAUX;;FAUX;;2000-11-14;2011-04-11;2011-05-27;;;2012-05-11;;;Opposable;2020-01-01;Approuvé;2020-01-01;2025-01-27
PPRM;Plan de Prévention des Risques Miniers;PPRM_2022_0002;PPRM - ONDAINE;Direction départementale des territoires;;;;;;42;LOIRE;42270;Saint-Paul-en-Cornillon;30;Risque minier;31;Affaissement minier;314;Tassements;FAUX;;FAUX;;2022-08-17;2025-03-03;2025-04-11;;;2025-06-30;;;Opposable;2020-01-01;Approuvé;2020-01-01;2025-07-22
PPRM;Plan de Prévention des Risques Miniers;42DDT20160002;PPRM VALLEE DE L'ONDAINE;Direction départementale des territoires;ONDAINE;;;84;AUVERGNE-RHONE-ALPES;42;LOIRE;42223;Saint-Genest-Lerpt;30;Risque minier;31;Affaissement minier;314;Tassements;FAUX;;FAUX;;2016-03-15;2018-01-22;2018-02-27;;;2018-07-11;2023-02-05;;Caduque;2020-01-01;Annulé;2020-01-01;2023-02-02
PPRM;Plan de Prévention des Risques Miniers;57DDT20100005;PPRM-Bassin Sud révision;Direction départementale des territoires;Bassin ferrifère;;;44;GRAND EST;57;MOSELLE;57620;Sainte-Marie-aux-Chênes;30;Risque minier;31;Affaissement minier;312;Effondrements localisés;VRAI;57DDT20100004;VRAI;57DDT20140009;2007-02-19;;;;;2011-02-28;;2016-03-08;Caduque;2020-01-01;Abrogé;2020-01-01;2025-01-09
PPRM;Plan de Prévention des Risques Miniers;62DDTM20150001;PPRm du BETHUNOIS;Direction départementale des territoires et de la mer;Béthunois;;;32;HAUTS-DE-FRANCE;62;PAS-DE-CALAIS;62617;Nœux-les-Mines;30;Risque minier;31;Affaissement minier;313;Affaissements progressifs;FAUX;;FAUX;;2015-06-10;;;;;2017-11-17;;;Opposable;2020-01-01;Approuvé;2020-01-01;2021-02-24
PPRM;Plan de Prévention des Risques Miniers;81DDT20150001;PPR minier Bassin de Carmaux;Direction départementale des territoires;;;;76;OCCITANIE;81;TARN;81114;Labastide-Gabausse;30;Risque minier;31;Affaissement minier;314;Tassements;FAUX;;FAUX;;2008-10-15;2010-09-06;2010-10-08;;;2012-07-09;2015-12-30;;Caduque;2020-01-01;Annulé;2020-01-01;2016-02-25
PPRM;Plan de Prévention des Risques Miniers;14DDTM20110008;PPR Mines de May sur Orne;Direction départementale des territoires et de la mer;Mines de May sur Orne;;;28;NORMANDIE;14;CALVADOS;14623;Saint-Martin-de-Fontenay;30;Risque minier;31;Affaissement minier;311;Effondrements généralisés;FAUX;;FAUX;;2005-01-14;2021-02-08;2021-03-16;;;2021-08-10;;;Opposable;2020-01-01;Approuvé;2020-01-01;2025-03-31
PPRM;Plan de Prévention des Risques Miniers;42DDT20160002;PPRM VALLEE DE L'ONDAINE;Direction départementale des territoires;ONDAINE;;;84;AUVERGNE-RHONE-ALPES;42;LOIRE;42270;Saint-Paul-en-Cornillon;30;Risque minier;31;Affaissement minier;315;Glissements ou mouvements de pente;FAUX;;FAUX;;2016-03-15;2018-01-22;2018-02-27;;;2018-07-11;2023-02-05;;Caduque;2020-01-01;Annulé;2020-01-01;2023-02-02
PPRM;Plan de Prévention des Risques Miniers;12DDT20120002;PPRM du bassin de Decazeville;Direction départementale des territoires;;;;76;OCCITANIE;12;AVEYRON;12083;Cransac;30;Risque minier;34;Echauffement des terrains de dépôts;;;FAUX;;FAUX;;2012-12-21;;;;;2017-06-19;;;Opposable;2020-01-01;Approuvé;2020-01-01;2025-02-07
PPRM;Plan de Prévention des Risques Miniers;42DDT20170001;PPRM NORD ET EST St ETIENNE;Direction départementale des territoires;St ETIENNE;;;84;AUVERGNE-RHONE-ALPES;42;LOIRE;42237;Saint-Jean-Bonnefonds;30;Risque minier;31;Affaissement minier;315;Glissements ou mouvements de pente;FAUX;;FAUX;;2012-04-30;2016-03-29;2016-04-29;;;2016-09-08;;;Opposable;2020-01-01;Approuvé;2020-01-01;2025-01-21
PPRM;Plan de Prévention des Risques Miniers;23DDT20130001;PPRM Bassin houiller d'Ahun;Direction départementale des territoires;;;;75;NOUVELLE-AQUITAINE;23;CREUSE;23105;Lavaveix-les-Mines;30;Risque minier;33;Emissions en surface de gaz de mine;;;FAUX;;FAUX;;2000-11-14;2011-04-11;2011-05-27;;;2012-05-11;;;Opposable;2020-01-01;Approuvé;2020-01-01;2025-01-27
PPRM;Plan de Prévention des Risques Miniers;42DDT20130002;PPRM DE LA VALLEE DU GIER;Direction départementale des territoires;GIER;;;84;AUVERGNE-RHONE-ALPES;42;LOIRE;42032;Cellieu;30;Risque minier;31;Affaissement minier;315;Glissements ou mouvements de pente;FAUX;;FAUX;;2014-10-15;2018-12-10;2019-01-25;;;2019-03-29;;;Opposable;2020-01-01;Approuvé;2020-01-01;2025-01-21
PPRM;Plan de Prévention des Risques Miniers;13DDTM20200183;PPR-Hybride - [ Minier & MVT - Carrières souterraines ] Gréasque 2025;Direction départementale des territoires et de la mer;;;;93;PROVENCE-ALPES-COTE D'AZUR;13;BOUCHES-DU-RHONE;13046;Gréasque;30;Risque minier;31;Affaissement minier;314;Tassements;VRAI;13DDTM20020153;FAUX;;2020-07-22;;;;;2025-02-19;;;Opposable;2020-01-01;Approuvé;2020-01-01;2025-04-01
PPRM;Plan de Prévention des Risques Miniers;81DDT20150001;PPR minier Bassin de Carmaux;Direction départementale des territoires;;;;76;OCCITANIE;81;TARN;81114;Labastide-Gabausse;30;Risque minier;31;Affaissement minier;311;Effondrements généralisés;FAUX;;FAUX;;2008-10-15;2010-09-06;2010-10-08;;;2012-07-09;2015-12-30;;Caduque;2020-01-01;Annulé;2020-01-01;2016-02-25
PPRM;Plan de Prévention des Risques Miniers;22DDTM20130001;PPRM de Trémuson;Direction départementale des territoires et de la mer;Ancienne mine de Trémuson;;;53;BRETAGNE;22;COTES-D'ARMOR;22372;Trémuson;30;Risque minier;31;Affaissement minier;315;Glissements ou mouvements de pente;FAUX;;FAUX;;2008-08-11;;;;;2021-10-06;;;Opposable;2020-01-01;Approuvé;2020-01-01;2025-02-19
