CODE MODELE;LIBELLE MODELE;CODE PROECEDURE;LIBELLE PROCEDURE;LIBELLE ORGANISME;BASSIN RISQUE;BASSINS HYDROGRAPHIQUES;COURS EAU;CODE INSEE REGION;NOM REGION;CODE INSEE DEPARTEMENT;NOM DEPARTEMENT;CODE INSEE COMMUNE;NOM COMMUNE;CODE RISQUE 1;LIBELLE RISQUE 1;CODE RISQUE 2;LIBELLE RISQUE 2;CODE RISQUE 2;LIBELLE RISQUE 3;PROCEDURE REVISANTE;CODES REVISES;PROCEDURE REVISEE;CODES REVISANTS;PRESCRIPTION;ENQUETE_PUBL_DEBUT;ENQUETE_PUBL_FIN;ANNEX_PLU;DEPRESCRIPTION;APPROBATION;ANNULATION;ABROGATION;LIBELLE ETAT;DATE ETAT;LIBELLE SOUS-ETAT;DATE SOUS-ETAT;DATE DERNIERE MISE A JOUR
PPRT;Plan de Prévention des Risques Technologiques;83DREAL20140146;PPRT - Site militaire [ Tourris ] 2014;Direction régionale de l'environnement, de l'aménagement et du logement;;;;93;PROVENCE-ALPES-COTE D'AZUR;83;VAR;83132;Solliès-Ville;20;Risque technologique;21;Risque industriel;214;Effet de projection;FAUX;;FAUX;;2012-03-22;;;;;2014-03-06;;;Opposable;2020-01-01;Approuvé;2020-01-01;2025-04-15
PPRT;Plan de Prévention des Risques Technologiques;26DDT20100008;PPRT - DPPV;Direction départementale des territoires;;;;84;AUVERGNE-RHONE-ALPES;26;DROME;26252;Portes-lès-Valence;20;Risque technologique;21;Risque industriel;212;Effet de surpression;FAUX;;FAUX;;2011-05-12;2013-01-04;2013-02-04;;;2013-06-12;;;Opposable;2020-01-01;Approuvé;2020-01-01;2025-04-09
PPRT;Plan de Prévention des Risques Technologiques;13DREAL20140011;PPRT - CDH [ Rognac ] 2016;Direction régionale de l'environnement, de l'aménagement et du logement;;;;93;PROVENCE-ALPES-COTE D'AZUR;13;BOUCHES-DU-RHONE;13081;Rognac;20;Risque technologique;21;Risque industriel;211;Effet thermique;FAUX;;FAUX;;2009-11-10;;;;;;;;Prescrit;2020-01-01;Prescrit;2020-01-01;2025-04-09
PPRT;Plan de Prévention des Risques Technologiques;60DREAL20140002;WEYLCHEM LAMOTTE;Direction régionale de l'environnement, de l'aménagement et du logement;;;;32;HAUTS-DE-FRANCE;60;OISE;60647;Trosly-Breuil;20;Risque technologique;21;Risque industriel;212;Effet de surpression;FAUX;;FAUX;;2010-10-12;2014-09-30;2014-11-05;;;2014-12-19;;;Opposable;2020-01-01;Approuvé;2020-01-01;2025-03-27
PPRT;Plan de Prévention des Risques Technologiques;18DREAL20140002;BUTAGAZ (Aubigny/Nère);Direction régionale de l'environnement, de l'aménagement et du logement;;;;24;CENTRE-VAL DE LOIRE;18;CHER;18015;Aubigny-sur-Nère;20;Risque technologique;21;Risque industriel;212;Effet de surpression;FAUX;;FAUX;;2009-06-25;2013-01-08;2013-02-08;;;2014-04-01;;;Opposable;2020-01-01;Approuvé;2020-01-01;2025-04-02
PPRT;Plan de Prévention des Risques Technologiques;59DDTM20130009;PPRT TOTAL Raffinage Marketing;Direction départementale des territoires et de la mer;;;;32;HAUTS-DE-FRANCE;59;NORD;59273;Gravelines;20;Risque technologique;21;Risque industriel;212;Effet de surpression;FAUX;;FAUX;;2009-06-10;2012-10-05;2012-11-05;2015-12-07;;2013-02-21;;;Opposable;2020-01-01;Approuvé;2020-01-01;2025-04-10
PPRT;Plan de Prévention des Risques Technologiques;41DREAL20140001;STORENGY (Céré-la-Ronde);Direction régionale de l'environnement, de l'aménagement et du logement;;;;24;CENTRE-VAL DE LOIRE;37;INDRE-ET-LOIRE;41217;Saint-Julien-de-Chédon;20;Risque technologique;21;Risque industriel;211;Effet thermique;FAUX;;FAUX;;2012-08-06;2013-09-30;2013-10-31;;;2013-12-24;;;Opposable;2020-01-01;Approuvé;2020-01-01;2025-04-16
PPRT;Plan de Prévention des Risques Technologiques;44DREAL20090008;PPRT PLANETE ARTIFICES - Chaill;Direction régionale de l'environnement, de l'aménagement et du logement;PPRT PLANETE ARTIFICES - Chaill sous les Ormeaux - 85;;;52;PAYS DE LA LOIRE;85;VENDEE;85050;Le Champ-Saint-Père;20;Risque technologique;21;Risque industriel;212;Effet de surpression;FAUX;;FAUX;;2007-07-19;;;;;2010-08-10;;;Opposable;2020-01-01;Approuvé;2020-01-01;2025-03-28
PPRT;Plan de Prévention des Risques Technologiques;68DREAL20140001;68 PPRT PPC CRISTAL;Direction régionale de l'environnement, de l'aménagement et du logement;68 PPRT PPC CRISTAL;;;44;GRAND EST;68;HAUT-RHIN;68334;Thann;20;Risque technologique;21;Risque industriel;211;Effet thermique;FAUX;;FAUX;;2010-12-31;2014-01-13;2014-02-14;;;2014-05-16;;;Opposable;2020-01-01;Approuvé;2020-01-01;2012-01-23
PPRT;Plan de Prévention des Risques Technologiques;51DREAL20090010;PPRT HUNTSMAN;Direction régionale de l'environnement, de l'aménagement et du logement;PPRT HUNTSMAN;;;44;GRAND EST;55;MEUSE;55229;Han-sur-Meuse;20;Risque technologique;21;Risque industriel;212;Effet de surpression;FAUX;;FAUX;;2008-12-10;;;;;2011-03-28;;;Opposable;2020-01-01;Approuvé;2020-01-01;2025-04-10
PPRT;Plan de Prévention des Risques Technologiques;30DDTM20110001;PPRT - EPC (ex NITROBICKFORD);Direction départementale des territoires et de la mer;;;;76;OCCITANIE;30;GARD;30129;Générargues;20;Risque technologique;21;Risque industriel;213;Effet toxique;FAUX;;FAUX;;2009-07-17;;;;;2012-04-18;;;Opposable;2020-01-01;Approuvé;2020-01-01;2025-04-09
PPRT;Plan de Prévention des Risques Technologiques;29DDTM20200001;Pyrotechnie Saint Nicolas;Direction départementale des territoires et de la mer;Pyrotechnie militaire;;;53;BRETAGNE;29;FINISTERE;29075;Guipavas;20;Risque technologique;21;Risque industriel;211;Effet thermique;FAUX;;FAUX;;2019-11-15;;;;;2025-06-06;;;Opposable;2020-01-01;Approuvé;2020-01-01;2025-07-15
PPRT;Plan de Prévention des Risques Technologiques;57DDT20140005;PPRT INEOS;Direction départementale des territoires;;;;44;GRAND EST;57;MOSELLE;57746;Willerwald;20;Risque technologique;21;Risque industriel;212;Effet de surpression;FAUX;;FAUX;;2009-11-16;;;;;2017-07-06;;;Opposable;2020-01-01;Approuvé;2020-01-01;2025-04-10
PPRT;Plan de Prévention des Risques Technologiques;13DDTM20210001;PPRT - TOTAL Raffinage France 2023;Direction départementale des territoires et de la mer;;;;93;PROVENCE-ALPES-COTE D'AZUR;13;BOUCHES-DU-RHONE;13056;Martigues;20;Risque technologique;21;Risque industriel;213;Effet toxique;VRAI;13DREAL20090004;FAUX;;2019-10-21;;;;;2023-12-11;;;Opposable;2020-01-01;Approuvé;2020-01-01;2025-04-09
PPRT;Plan de Prévention des Risques Technologiques;89DREAL20140003;PSV;Direction régionale de l'environnement, de l'aménagement et du logement;PSV (89);;;27;BOURGOGNE-FRANCHE-COMTE;89;YONNE;89443;Véron;20;Risque technologique;21;Risque industriel;211;Effet thermique;FAUX;;FAUX;;2009-12-10;;;;;2012-04-27;;;Opposable;2020-01-01;Approuvé;2020-01-01;2025-03-28
PPRT;Plan de Prévention des Risques Technologiques;85DREAL20130002;PPRT EPC France - 85;Direction régionale de l'environnement, de l'aménagement et du logement;;;;52;PAYS DE LA LOIRE;85;VENDEE;49099;Cholet;20;Risque technologique;21;Risque industriel;212;Effet de surpression;FAUX;;FAUX;;2009-12-23;2012-10-08;2012-11-09;;;2013-02-18;;2021-08-26;Caduque;2020-01-01;Abrogé;2020-01-01;2025-04-04
PPRT;Plan de Prévention des Risques Technologiques;69DREAL20090019;74 PPRT Annecy et Seynod;Direction régionale de l'environnement, de l'aménagement et du logement;Annecy;;;84;AUVERGNE-RHONE-ALPES;74;HAUTE-SAVOIE;74010;Annecy;20;Risque technologique;21;Risque industriel;211;Effet thermique;FAUX;;FAUX;;2009-04-03;2010-11-17;2010-12-17;;;2011-04-08;;;Opposable;2020-01-01;Approuvé;2020-01-01;2025-04-10
PPRT;Plan de Prévention des Risques Technologiques;31DREAL20090009;PPRT - FIBRE EXCELLENCE;Direction régionale de l'environnement, de l'aménagement et du logement;SAINT-GAUDENS;;;76;OCCITANIE;31;HAUTE-GARONNE;31483;Saint-Gaudens;20;Risque technologique;21;Risque industriel;212;Effet de surpression;FAUX;;FAUX;;2012-12-17;2015-09-21;2015-10-21;;;2015-12-30;;;Opposable;2020-01-01;Approuvé;2020-01-01;2025-04-09
PPRT;Plan de Prévention des Risques Technologiques;75DRIEE_IF20090002;PPRT SDPN;Direction Régionale et Interdépartementale de l'Environnement et de l'Énergie d'Ile-de-France;PPRT SDPN;;;11;ILE-DE-FRANCE;92;HAUTS-DE-SEINE;95063;Bezons;20;Risque technologique;21;Risque industriel;211;Effet thermique;FAUX;;FAUX;;2009-02-25;;;;2014-05-06;;;;Caduque;2020-01-01;Déprescrit;2020-01-01;2022-04-29
PPRT;Plan de Prévention des Risques Technologiques;69DREAL20170004;69 PPRT de Genay;Direction départementale des territoires;Genay;;;84;AUVERGNE-RHONE-ALPES;69;RHONE;69278;Genay;20;Risque technologique;21;Risque industriel;211;Effet thermique;FAUX;;FAUX;;2011-10-11;2011-06-23;2011-06-23;;;2014-11-10;;;Opposable;2020-01-01;Approuvé;2020-01-01;2014-11-10
PPRT;Plan de Prévention des Risques Technologiques;60DREAL20140007;BASF Coatigns SAS Breuil le Sec;Direction régionale de l'environnement, de l'aménagement et du logement;;;;32;HAUTS-DE-FRANCE;60;OISE;60464;Nointel;20;Risque technologique;21;Risque industriel;211;Effet thermique;FAUX;;FAUX;;2009-12-29;2013-08-22;2013-09-23;;;2013-11-27;;;Opposable;2020-01-01;Approuvé;2020-01-01;2025-03-27
PPRT;Plan de Prévention des Risques Technologiques;68DREAL20140004;67 PPRT BASF;Direction régionale de l'environnement, de l'aménagement et du logement;67 PPRT BASF;;;44;GRAND EST;68;HAUT-RHIN;68149;Huningue;20;Risque technologique;21;Risque industriel;213;Effet toxique;FAUX;;FAUX;;2009-10-26;2011-10-21;2011-11-21;;;2011-12-19;;;Opposable;2020-01-01;Approuvé;2020-01-01;2025-04-09
PPRT;Plan de Prévention des Risques Technologiques;95DDT20130002;95-60-27 PPRT STORENGY;Direction départementale des territoires;;;;11;ILE-DE-FRANCE;95;VAL-D'OISE;60487;Parnes;20;Risque technologique;21;Risque industriel;212;Effet de surpression;FAUX;;FAUX;;2010-10-08;2013-05-30;2013-06-29;;;2013-12-13;;;Opposable;2020-01-01;Approuvé;2020-01-01;2025-04-04
PPRT;Plan de Prévention des Risques Technologiques;41DREAL20140004;MBDA (Selles-Saint-Denis);Direction régionale de l'environnement, de l'aménagement et du logement;;;;24;CENTRE-VAL DE LOIRE;41;LOIR-ET-CHER;41044;Châtres-sur-Cher;20;Risque technologique;21;Risque industriel;211;Effet thermique;FAUX;;FAUX;;2010-03-16;2011-11-02;2011-12-02;;;2011-12-27;;;Opposable;2020-01-01;Approuvé;2020-01-01;2025-04-09
PPRT;Plan de Prévention des Risques Technologiques;38DDT20140002;ARKEMA AREVA-CEZUS - Jarrie;Direction départementale des territoires;;;;84;AUVERGNE-RHONE-ALPES;38;ISERE;38071;Champ-sur-Drac;20;Risque technologique;21;Risque industriel;211;Effet thermique;FAUX;;VRAI;38DDT20140007;2010-06-14;2010-10-15;2010-11-15;;;2010-12-20;;2015-05-22;Caduque;2020-01-01;Abrogé;2020-01-01;2020-12-04
PPRT;Plan de Prévention des Risques Technologiques;16DDT20120004;PPRT Rémy Martin et Cie;Direction départementale des territoires;;;;75;NOUVELLE-AQUITAINE;16;CHARENTE;16217;Merpins;20;Risque technologique;21;Risque industriel;211;Effet thermique;FAUX;;FAUX;;2009-12-23;2011-11-03;2011-12-05;;;2012-01-05;;;Opposable;2020-01-01;Approuvé;2020-01-01;2025-04-09
PPRT;Plan de Prévention des Risques Technologiques;37DREAL20140005;PRIMAGAZ, CCMP, GPSPC;Direction régionale de l'environnement, de l'aménagement et du logement;Saint-Pierre-des-Corps;;;24;CENTRE-VAL DE LOIRE;37;INDRE-ET-LOIRE;37233;Saint-Pierre-des-Corps;20;Risque technologique;21;Risque industriel;212;Effet de surpression;FAUX;;FAUX;;2009-10-27;2017-06-19;2017-07-28;;;2017-10-20;;;Opposable;2020-01-01;Approuvé;2020-01-01;2025-04-16
PPRT;Plan de Prévention des Risques Technologiques;29DDTM20120005;PPRT Guenvenez;Direction départementale des territoires et de la mer;Pyrotechnie militaire;;;53;BRETAGNE;29;FINISTERE;29042;Crozon;20;Risque technologique;21;Risque industriel;214;Effet de projection;FAUX;;FAUX;;2011-12-21;;;2016-07-21;;2016-03-31;;;Opposable;2020-01-01;Approuvé;2020-01-01;2025-03-26
PPRT;Plan de Prévention des Risques Technologiques;76DREAL20140008;Port Jérôme;Direction régionale de l'environnement, de l'aménagement et du logement;;;;28;NORMANDIE;76;SEINE-MARITIME;27518;Saint-Aubin-sur-Quillebeuf;20;Risque technologique;21;Risque industriel;211;Effet thermique;FAUX;;FAUX;;2009-05-29;2014-04-14;2014-05-21;;;2014-08-07;;;Opposable;2020-01-01;Approuvé;2020-01-01;2025-04-04
PPRT;Plan de Prévention des Risques Technologiques;59DREAL20090007;PPRT MINAKEM;Direction régionale de l'environnement, de l'aménagement et du logement;;;;32;HAUTS-DE-FRANCE;59;NORD;59080;Beuvry-la-Forêt;20;Risque technologique;21;Risque industriel;211;Effet thermique;FAUX;;FAUX;;2008-12-05;2010-09-01;2010-10-01;2011-11-04;;2010-12-27;;;Opposable;2020-01-01;Approuvé;2020-01-01;2025-04-10
PPRT;Plan de Prévention des Risques Technologiques;38DDT20130012;NOVASEP-FINORGA - Chasse/Rhône;Direction départementale des territoires;;;;84;AUVERGNE-RHONE-ALPES;38;ISERE;38087;Chasse-sur-Rhône;20;Risque technologique;21;Risque industriel;212;Effet de surpression;FAUX;;FAUX;;2010-08-02;2013-06-10;2013-07-12;2013-12-13;;2013-10-15;;;Opposable;2020-01-01;Approuvé;2020-01-01;2025-04-04
PPRT;Plan de Prévention des Risques Technologiques;76DDTM20150003;ZIP Petit et Grand Quevilly;Direction départementale des territoires et de la mer;;;;28;NORMANDIE;76;SEINE-MARITIME;76322;Le Grand-Quevilly;20;Risque technologique;21;Risque industriel;212;Effet de surpression;FAUX;;FAUX;;2012-12-13;2017-09-20;2017-11-09;;;2018-01-25;;;Opposable;2020-01-01;Approuvé;2020-01-01;2025-04-09
PPRT;Plan de Prévention des Risques Technologiques;34DREAL20090002;PPRT - SYNGENTA;Direction régionale de l'environnement, de l'aménagement et du logement;PPRT SYNGENTA;;;76;OCCITANIE;30;GARD;30004;Aigues-Vives;20;Risque technologique;21;Risque industriel;212;Effet de surpression;FAUX;;FAUX;;2008-12-17;;;;;2012-06-01;;;Opposable;2020-01-01;Approuvé;2020-01-01;2025-04-09
PPRT;Plan de Prévention des Risques Technologiques;54DDT20150011;PPRT SAINT BAUSSANT;Direction départementale des territoires;Industriel;;;44;GRAND EST;54;MEURTHE-ET-MOSELLE;54470;Saint-Baussant;20;Risque technologique;21;Risque industriel;212;Effet de surpression;FAUX;;FAUX;;2015-05-11;;;;;2016-10-06;;;Opposable;2020-01-01;Approuvé;2020-01-01;2025-04-10
PPRT;Plan de Prévention des Risques Technologiques;41DREAL20140002;MAXAM (La ferté Imbault);Direction régionale de l'environnement, de l'aménagement et du logement;;;;24;CENTRE-VAL DE LOIRE;41;LOIR-ET-CHER;41125;Marcilly-en-Gault;20;Risque technologique;21;Risque industriel;212;Effet de surpression;FAUX;;FAUX;;2011-04-29;2013-02-27;2013-03-29;;;2013-07-18;;;Opposable;2020-01-01;Approuvé;2020-01-01;2025-04-09
PPRT;Plan de Prévention des Risques Technologiques;62DREAL20140009;PPRT ARC INTERNATIONAL;Direction régionale de l'environnement, de l'aménagement et du logement;;;;32;HAUTS-DE-FRANCE;62;PAS-DE-CALAIS;62040;Arques;20;Risque technologique;21;Risque industriel;211;Effet thermique;FAUX;;FAUX;;2016-06-29;;;;;;;;Prescrit;2020-01-01;Prescrit;2020-01-01;2016-06-29
PPRT;Plan de Prévention des Risques Technologiques;31DREAL20090002; PPRT - ARKEMA;Direction régionale de l'environnement, de l'aménagement et du logement;PPRT ARKEMA;;;76;OCCITANIE;65;HAUTES-PYRENEES;65127;Capvern;20;Risque technologique;21;Risque industriel;211;Effet thermique;FAUX;;FAUX;;2006-08-04;2008-06-16;2008-07-15;;;2008-10-29;;;Opposable;2020-01-01;Approuvé;2020-01-01;2025-04-09
PPRT;Plan de Prévention des Risques Technologiques;69DDT20200002;Vallée de la chimie;Direction départementale des territoires;;;;84;AUVERGNE-RHONE-ALPES;69;RHONE;69260;Vernaison;20;Risque technologique;21;Risque industriel;211;Effet thermique;FAUX;;FAUX;;2015-04-21;;;;;2016-10-19;;;Opposable;2020-01-01;Approuvé;2020-01-01;2025-04-10
PPRT;Plan de Prévention des Risques Technologiques;49DDT20130001;PPRT EPC France St Crespin/Moine;Direction départementale des territoires;;;;52;PAYS DE LA LOIRE;49;MAINE-ET-LOIRE;49301;Sèvremoine;20;Risque technologique;21;Risque industriel;213;Effet toxique;FAUX;;FAUX;;2007-09-25;2013-06-18;2013-07-19;;;2013-10-28;;;Opposable;2020-01-01;Approuvé;2020-01-01;2025-04-04
PPRT;Plan de Prévention des Risques Technologiques;13DREAL20110044;PPRT - Stogaz 2015;Direction régionale de l'environnement, de l'aménagement et du logement;;;;93;PROVENCE-ALPES-COTE D'AZUR;13;BOUCHES-DU-RHONE;13054;Marignane;20;Risque technologique;21;Risque industriel;211;Effet thermique;FAUX;;FAUX;;2015-02-12;2016-03-22;2016-04-26;;;2016-07-27;;;Opposable;2020-01-01;Approuvé;2020-01-01;2025-04-09
PPRT;Plan de Prévention des Risques Technologiques;58DREAL20140003;Ardi;Direction régionale de l'environnement, de l'aménagement et du logement;Ardi (58);;;27;BOURGOGNE-FRANCHE-COMTE;58;NIEVRE;58122;Garchy;20;Risque technologique;21;Risque industriel;211;Effet thermique;FAUX;;FAUX;;2009-09-28;;;;;2010-12-28;;;Opposable;2020-01-01;Approuvé;2020-01-01;2025-03-27
PPRT;Plan de Prévention des Risques Technologiques;56DDTM20140001;PPRT militaire de Coëtquidan;Direction départementale des territoires et de la mer;;;;53;BRETAGNE;56;MORBIHAN;56012;Beignon;20;Risque technologique;21;Risque industriel;212;Effet de surpression;FAUX;;FAUX;;2012-04-18;2014-01-08;2014-02-12;;;2014-07-16;;;Opposable;2020-01-01;Approuvé;2020-01-01;2025-03-31
PPRT;Plan de Prévention des Risques Technologiques;95DDT20130002;95-60-27 PPRT STORENGY;Direction départementale des territoires;;;;11;ILE-DE-FRANCE;95;VAL-D'OISE;27445;Noyers;20;Risque technologique;21;Risque industriel;212;Effet de surpression;FAUX;;FAUX;;2010-10-08;2013-05-30;2013-06-29;;;2013-12-13;;;Opposable;2020-01-01;Approuvé;2020-01-01;2025-04-04
PPRT;Plan de Prévention des Risques Technologiques;69DDT20200002;Vallée de la chimie;Direction départementale des territoires;;;;84;AUVERGNE-RHONE-ALPES;69;RHONE;69123;Lyon;20;Risque technologique;21;Risque industriel;213;Effet toxique;FAUX;;FAUX;;2015-04-21;;;;;2016-10-19;;;Opposable;2020-01-01;Approuvé;2020-01-01;2025-04-10
PPRT;Plan de Prévention des Risques Technologiques;95DRIEE_IF20190002;TOTAL;Direction Régionale et Interdépartementale de l'Environnement et de l'Énergie d'Ile-de-France;;;;11;ILE-DE-FRANCE;95;VAL-D'OISE;95018;Argenteuil;20;Risque technologique;21;Risque industriel;212;Effet de surpression;FAUX;;FAUX;;2010-04-29;;;;;2013-04-11;;;Opposable;2020-01-01;Approuvé;2020-01-01;2025-04-09
PPRT;Plan de Prévention des Risques Technologiques;14DDTM20160001;PPRT EPC France (Boulon);Direction départementale des territoires et de la mer;calvados;;;28;NORMANDIE;14;CALVADOS;14090;Boulon;20;Risque technologique;21;Risque industriel;212;Effet de surpression;FAUX;;FAUX;;2011-02-01;;;;;2013-04-03;;;Opposable;2020-01-01;Approuvé;2020-01-01;2025-04-10
PPRT;Plan de Prévention des Risques Technologiques;76DREAL20140008;Port Jérôme;Direction régionale de l'environnement, de l'aménagement et du logement;;;;28;NORMANDIE;76;SEINE-MARITIME;76592;Saint-Jean-de-Folleville;20;Risque technologique;21;Risque industriel;211;Effet thermique;FAUX;;FAUX;;2009-05-29;2014-04-14;2014-05-21;;;2014-08-07;;;Opposable;2020-01-01;Approuvé;2020-01-01;2025-04-04
PPRT;Plan de Prévention des Risques Technologiques;67DREAL20140043;67 PPRT BUTAGAZ;Direction régionale de l'environnement, de l'aménagement et du logement;67 PPRT BUTAGAZ;;;44;GRAND EST;67;BAS-RHIN;67389;Reichstett;20;Risque technologique;21;Risque industriel;212;Effet de surpression;FAUX;;FAUX;;2012-11-20;2014-03-31;2014-04-30;;;2014-07-21;;2024-09-26;Caduque;2020-01-01;Abrogé;2020-01-01;2025-01-10
PPRT;Plan de Prévention des Risques Technologiques;49DDT20110020;PPRT Zach System Avrillé;Direction départementale des territoires;;;;52;PAYS DE LA LOIRE;49;MAINE-ET-LOIRE;49214;Montreuil-Juigné;20;Risque technologique;21;Risque industriel;212;Effet de surpression;FAUX;;FAUX;;2010-12-22;2014-05-12;2014-06-13;;;2014-10-06;;;Opposable;2020-01-01;Approuvé;2020-01-01;2025-04-04
PPRT;Plan de Prévention des Risques Technologiques;18DREAL20140002;BUTAGAZ (Aubigny/Nère);Direction régionale de l'environnement, de l'aménagement et du logement;;;;24;CENTRE-VAL DE LOIRE;18;CHER;18015;Aubigny-sur-Nère;20;Risque technologique;21;Risque industriel;211;Effet thermique;FAUX;;FAUX;;2009-06-25;2013-01-08;2013-02-08;;;2014-04-01;;;Opposable;2020-01-01;Approuvé;2020-01-01;2025-04-02
PPRT;Plan de Prévention des Risques Technologiques;62DREAL20140008;PPRT PRIMAGAZ;Direction régionale de l'environnement, de l'aménagement et du logement;;;;32;HAUTS-DE-FRANCE;62;PAS-DE-CALAIS;62263;Dainville;20;Risque technologique;21;Risque industriel;211;Effet thermique;FAUX;;FAUX;;2009-09-15;2016-11-30;2016-12-30;;;2017-09-25;;;Opposable;2020-01-01;Approuvé;2020-01-01;2025-04-04
PPRT;Plan de Prévention des Risques Technologiques;18DDT20140002;PPRT du site militaire d'Avord;Direction départementale des territoires;;;;24;CENTRE-VAL DE LOIRE;18;CHER;18247;Savigny-en-Septaine;20;Risque technologique;21;Risque industriel;211;Effet thermique;FAUX;;FAUX;;2012-12-21;2014-11-03;2014-12-02;;;2015-03-09;;;Opposable;2020-01-01;Approuvé;2020-01-01;2025-04-02
PPRT;Plan de Prévention des Risques Technologiques;54DDT20140030;PPRT VILCEY;Direction départementale des territoires;Industriel;;;44;GRAND EST;54;MEURTHE-ET-MOSELLE;54566;Vilcey-sur-Trey;20;Risque technologique;21;Risque industriel;211;Effet thermique;FAUX;;FAUX;;2013-07-31;;;;;2015-01-31;;;Opposable;2020-01-01;Approuvé;2020-01-01;2025-04-09
PPRT;Plan de Prévention des Risques Technologiques;38DDT20140002;ARKEMA AREVA-CEZUS - Jarrie;Direction départementale des territoires;;;;84;AUVERGNE-RHONE-ALPES;38;ISERE;38528;Vaulnaveys-le-Bas;20;Risque technologique;21;Risque industriel;212;Effet de surpression;FAUX;;VRAI;38DDT20140007;2010-06-14;2010-10-15;2010-11-15;;;2010-12-20;;2015-05-22;Caduque;2020-01-01;Abrogé;2020-01-01;2020-12-04
PPRT;Plan de Prévention des Risques Technologiques;31DREAL20140004;PPRT - BASF;Direction régionale de l'environnement, de l'aménagement et du logement;BOUSSENS;;;76;OCCITANIE;31;HAUTE-GARONNE;31457;Roquefort-sur-Garonne;20;Risque technologique;21;Risque industriel;211;Effet thermique;FAUX;;FAUX;;2010-01-14;2016-06-13;2016-07-13;;;2016-10-17;;;Opposable;2020-01-01;Approuvé;2020-01-01;2025-04-09
PPRT;Plan de Prévention des Risques Technologiques;69DREAL20170004;69 PPRT de Genay;Direction départementale des territoires;Genay;;;84;AUVERGNE-RHONE-ALPES;69;RHONE;69071;Curis-au-Mont-d'Or;20;Risque technologique;21;Risque industriel;213;Effet toxique;FAUX;;FAUX;;2011-10-11;2011-06-23;2011-06-23;;;2014-11-10;;;Opposable;2020-01-01;Approuvé;2020-01-01;2014-11-10
PPRT;Plan de Prévention des Risques Technologiques;73PREF20160026;PPRT-TRIMET;Préfecture;St Jean de Maurienne;;;84;AUVERGNE-RHONE-ALPES;73;SAVOIE;73320;Villargondran;20;Risque technologique;21;Risque industriel;211;Effet thermique;FAUX;;FAUX;;2009-12-31;2012-01-04;2012-02-04;;;2012-04-11;;;Opposable;2020-01-01;Approuvé;2020-01-01;2025-04-04
PPRT;Plan de Prévention des Risques Technologiques;60DREAL20140001;STORENGY;Direction régionale de l'environnement, de l'aménagement et du logement;;;;32;HAUTS-DE-FRANCE;60;OISE;60019;Antheuil-Portes;20;Risque technologique;21;Risque industriel;212;Effet de surpression;FAUX;;FAUX;;2012-12-19;2014-10-06;2014-11-06;;;2014-12-30;;;Opposable;2020-01-01;Approuvé;2020-01-01;2025-03-27
PPRT;Plan de Prévention des Risques Technologiques;PPRT_2023_0007;PPRT - AREVA NC - Usine W - Comurhex;Direction régionale de l'environnement, de l'aménagement et du logement;;;;;;26;DROME;26324;Saint-Paul-Trois-Châteaux;20;Risque technologique;21;Risque industriel;212;Effet de surpression;FAUX;;FAUX;;2012-12-28;;;;;2014-09-11;;;Opposable;2020-01-01;Approuvé;2020-01-01;2025-04-14
PPRT;Plan de Prévention des Risques Technologiques;33DREAL20140001;PPRT ST-JEAN-D'ILLAC;Direction régionale de l'environnement, de l'aménagement et du logement;;;;75;NOUVELLE-AQUITAINE;33;GIRONDE;33229;Lanton;20;Risque technologique;21;Risque industriel;212;Effet de surpression;FAUX;;FAUX;;2011-12-30;;;;;2013-05-13;;;Opposable;2020-01-01;Approuvé;2020-01-01;2025-04-09
PPRT;Plan de Prévention des Risques Technologiques;62DREAL20140006;PPRT STYROLUTION;Direction régionale de l'environnement, de l'aménagement et du logement;;;;32;HAUTS-DE-FRANCE;62;PAS-DE-CALAIS;62573;Meurchin;20;Risque technologique;21;Risque industriel;211;Effet thermique;FAUX;;FAUX;;2009-12-24;2011-11-28;2011-12-28;;;2012-04-17;;;Opposable;2020-01-01;Approuvé;2020-01-01;2025-04-04
PPRT;Plan de Prévention des Risques Technologiques;13DREAL20090004;PPRT - TOTAL Raffinage France 2014;Direction régionale de l'environnement, de l'aménagement et du logement;PPRT - TOTAL Raffinage Marketing - Raffinerie de Provence;;;93;PROVENCE-ALPES-COTE D'AZUR;13;BOUCHES-DU-RHONE;13026;Châteauneuf-les-Martigues;20;Risque technologique;21;Risque industriel;213;Effet toxique;FAUX;;VRAI;13DDTM20210001;2009-04-10;2013-11-18;2013-12-20;;;2014-05-02;;2023-12-11;Caduque;2020-01-01;Abrogé;2020-01-01;2025-04-08
PPRT;Plan de Prévention des Risques Technologiques;75DRIEE_IF20090008;95 PPRT SMCA;Direction Régionale et Interdépartementale de l'Environnement et de l'Énergie d'Ile-de-France;;;;11;ILE-DE-FRANCE;95;VAL-D'OISE;95154;Chennevières-lès-Louvres;20;Risque technologique;21;Risque industriel;212;Effet de surpression;FAUX;;FAUX;;2008-07-25;2009-10-22;2009-10-22;;;2010-01-22;;;Opposable;2020-01-01;Approuvé;2020-01-01;2025-04-09
PPRT;Plan de Prévention des Risques Technologiques;02DDT20160003;STORENGY;Direction départementale des territoires;;;;32;HAUTS-DE-FRANCE;02;AISNE;02465;Marigny-en-Orxois;20;Risque technologique;21;Risque industriel;211;Effet thermique;FAUX;;FAUX;;2010-10-13;2012-12-17;2013-01-29;;;2013-04-12;;;Opposable;2020-01-01;Approuvé;2020-01-01;2012-04-13
PPRT;Plan de Prévention des Risques Technologiques;38DDT20140007;Rév. ARKEMA AREVA-CEZUS-Jarrie;Direction départementale des territoires;;;;84;AUVERGNE-RHONE-ALPES;38;ISERE;38388;Saint-Georges-de-Commiers;20;Risque technologique;21;Risque industriel;212;Effet de surpression;VRAI;38DDT20140002;FAUX;;2011-12-21;2014-09-08;2014-10-09;;;2015-05-22;;;Opposable;2020-01-01;Approuvé;2020-01-01;2025-11-21
PPRT;Plan de Prévention des Risques Technologiques;33DDTM20160001;PPRT AMBES NORD;Direction départementale des territoires et de la mer;;;;75;NOUVELLE-AQUITAINE;33;GIRONDE;33262;Macau;20;Risque technologique;21;Risque industriel;211;Effet thermique;FAUX;;FAUX;;2016-12-28;;;;;2018-08-30;;;Opposable;2020-01-01;Approuvé;2020-01-01;2025-04-09
PPRT;Plan de Prévention des Risques Technologiques;38DDT20130012;NOVASEP-FINORGA - Chasse/Rhône;Direction départementale des territoires;;;;84;AUVERGNE-RHONE-ALPES;38;ISERE;69297;Ternay;20;Risque technologique;21;Risque industriel;211;Effet thermique;FAUX;;FAUX;;2010-08-02;2013-06-10;2013-07-12;2013-12-13;;2013-10-15;;;Opposable;2020-01-01;Approuvé;2020-01-01;2025-04-04
PPRT;Plan de Prévention des Risques Technologiques;38DDT20140007;Rév. ARKEMA AREVA-CEZUS-Jarrie;Direction départementale des territoires;;;;84;AUVERGNE-RHONE-ALPES;38;ISERE;38200;Jarrie;20;Risque technologique;21;Risque industriel;212;Effet de surpression;VRAI;38DDT20140002;FAUX;;2011-12-21;2014-09-08;2014-10-09;;;2015-05-22;;;Opposable;2020-01-01;Approuvé;2020-01-01;2025-11-21
PPRT;Plan de Prévention des Risques Technologiques;13DREAL20140010;PPRT - Butagaz [ Rognac ] 2016;Direction régionale de l'environnement, de l'aménagement et du logement;;;;93;PROVENCE-ALPES-COTE D'AZUR;13;BOUCHES-DU-RHONE;13081;Rognac;20;Risque technologique;21;Risque industriel;211;Effet thermique;FAUX;;FAUX;;2009-11-10;2016-03-07;2016-04-11;;;2016-06-28;;;Opposable;2020-01-01;Approuvé;2020-01-01;2025-04-09
PPRT;Plan de Prévention des Risques Technologiques;59DDTM20130004;PPRT PPG SAULTAIN;Direction départementale des territoires et de la mer;;;;32;HAUTS-DE-FRANCE;59;NORD;59557;Saultain;20;Risque technologique;21;Risque industriel;212;Effet de surpression;FAUX;;FAUX;;2010-03-23;2011-09-26;2011-10-27;;;2011-12-13;;;Opposable;2020-01-01;Approuvé;2020-01-01;2025-04-10
PPRT;Plan de Prévention des Risques Technologiques;73PREF20160030;PPRT-Lanxess;Préfecture;;;;84;AUVERGNE-RHONE-ALPES;73;SAVOIE;73252;Saint-Léger;20;Risque technologique;21;Risque industriel;213;Effet toxique;FAUX;;FAUX;;2010-03-18;2012-01-30;2012-03-01;;;2012-06-05;;;Opposable;2020-01-01;Approuvé;2020-01-01;2025-04-04
PPRT;Plan de Prévention des Risques Technologiques;51DREAL20090007;PPRT de TOTALGAZ  GOLBEY;Direction régionale de l'environnement, de l'aménagement et du logement;PPRT de TOTALGAZ  GOLBEY;;;44;GRAND EST;88;VOSGES;88209;Golbey;20;Risque technologique;21;Risque industriel;211;Effet thermique;FAUX;;FAUX;;2007-10-30;2011-08-19;2011-09-19;;;2011-12-17;;;Opposable;2020-01-01;Approuvé;2020-01-01;2025-04-09
PPRT;Plan de Prévention des Risques Technologiques;76DREAL20140005;Montville;Direction régionale de l'environnement, de l'aménagement et du logement;;;;28;NORMANDIE;76;SEINE-MARITIME;76402;Malaunay;20;Risque technologique;21;Risque industriel;212;Effet de surpression;FAUX;;FAUX;;2009-12-22;2013-04-02;2013-05-02;;;2013-07-25;;;Opposable;2020-01-01;Approuvé;2020-01-01;2025-04-09
PPRT;Plan de Prévention des Risques Technologiques;76DDTM20150003;ZIP Petit et Grand Quevilly;Direction départementale des territoires et de la mer;;;;28;NORMANDIE;76;SEINE-MARITIME;76513;Quevillon;20;Risque technologique;21;Risque industriel;212;Effet de surpression;FAUX;;FAUX;;2012-12-13;2017-09-20;2017-11-09;;;2018-01-25;;;Opposable;2020-01-01;Approuvé;2020-01-01;2025-04-09
PPRT;Plan de Prévention des Risques Technologiques;40DREAL20130237;PPRT DRT Castets;Direction régionale de l'environnement, de l'aménagement et du logement;;;;75;NOUVELLE-AQUITAINE;40;LANDES;40075;Castets;20;Risque technologique;21;Risque industriel;211;Effet thermique;FAUX;;FAUX;;2010-02-10;2012-06-11;2012-07-26;;;2012-11-20;;;Opposable;2020-01-01;Approuvé;2020-01-01;2025-04-09
PPRT;Plan de Prévention des Risques Technologiques;69DREAL20170010;69 PPRT de St Genis Laval;Direction départementale des territoires;St Genis Laval;;;84;AUVERGNE-RHONE-ALPES;69;RHONE;69043;Chaponost;20;Risque technologique;21;Risque industriel;212;Effet de surpression;FAUX;;FAUX;;2009-08-31;2014-01-22;;;;2014-12-12;2017-05-11;;Caduque;2020-01-01;Annulé;2020-01-01;2024-05-31
PPRT;Plan de Prévention des Risques Technologiques;72DDT20100021;PPRT-Alsétex;Direction départementale des territoires;;;;52;PAYS DE LA LOIRE;72;SARTHE;72061;La Chapelle-d'Aligné;20;Risque technologique;21;Risque industriel;211;Effet thermique;FAUX;;FAUX;;2009-12-16;2012-09-17;2012-10-17;;;2013-07-12;;;Opposable;2020-01-01;Approuvé;2020-01-01;2025-04-04
PPRT;Plan de Prévention des Risques Technologiques;83DREAL20140007;PPRT - Titanobel [ Mazaugues ] 2011;Direction régionale de l'environnement, de l'aménagement et du logement;;;;93;PROVENCE-ALPES-COTE D'AZUR;83;VAR;83108;La Roquebrussanne;20;Risque technologique;21;Risque industriel;212;Effet de surpression;FAUX;;FAUX;;2009-07-01;;;;;2011-07-01;;;Opposable;2020-01-01;Approuvé;2020-01-01;2025-04-15
PPRT;Plan de Prévention des Risques Technologiques;73PREF20160026;PPRT-TRIMET;Préfecture;St Jean de Maurienne;;;84;AUVERGNE-RHONE-ALPES;73;SAVOIE;73248;Saint-Jean-de-Maurienne;20;Risque technologique;21;Risque industriel;211;Effet thermique;FAUX;;FAUX;;2009-12-31;2012-01-04;2012-02-04;;;2012-04-11;;;Opposable;2020-01-01;Approuvé;2020-01-01;2025-04-04
PPRT;Plan de Prévention des Risques Technologiques;69DREAL20170004;69 PPRT de Genay;Direction départementale des territoires;Genay;;;84;AUVERGNE-RHONE-ALPES;69;RHONE;69143;Neuville-sur-Saône;20;Risque technologique;21;Risque industriel;212;Effet de surpression;FAUX;;FAUX;;2011-10-11;2011-06-23;2011-06-23;;;2014-11-10;;;Opposable;2020-01-01;Approuvé;2020-01-01;2014-11-10
PPRT;Plan de Prévention des Risques Technologiques;51DDT20140006;PPRT SNOI - L'Epine;Direction départementale des territoires;L'Epine;;;44;GRAND EST;51;MARNE;51231;L'Épine;20;Risque technologique;21;Risque industriel;212;Effet de surpression;FAUX;;FAUX;;2013-10-28;;;;;2015-02-19;;;Opposable;2020-01-01;Approuvé;2020-01-01;2025-04-09
PPRT;Plan de Prévention des Risques Technologiques;26DDT20120001;PPRT - NOVAPEX;Direction départementale des territoires;;;;84;AUVERGNE-RHONE-ALPES;26;DROME;26148;Hauterives;20;Risque technologique;21;Risque industriel;211;Effet thermique;FAUX;;FAUX;;2011-12-08;2013-12-13;2014-01-13;;;2014-04-02;;;Opposable;2020-01-01;Approuvé;2020-01-01;2025-04-09
PPRT;Plan de Prévention des Risques Technologiques;64DREAL20150001;PPRT - MOURENX/PARDIES (Modification);Direction régionale de l'environnement, de l'aménagement et du logement;MOURENX/PARDIES;;;75;NOUVELLE-AQUITAINE;64;PYRENEES-ATLANTIQUES;64117;Bésingrand;20;Risque technologique;21;Risque industriel;212;Effet de surpression;FAUX;;FAUX;;2011-02-08;;;;;2015-04-15;;;Opposable;2020-01-01;Approuvé;2020-01-01;2024-06-28
PPRT;Plan de Prévention des Risques Technologiques;38DDT20140006;VENCOREX ISOCHEM - Pont-de-Claix;Direction départementale des territoires;;;;84;AUVERGNE-RHONE-ALPES;38;ISERE;38317;Le Pont-de-Claix;20;Risque technologique;21;Risque industriel;213;Effet toxique;FAUX;;FAUX;;2011-12-21;2018-03-23;2018-04-24;;;2018-06-27;;;Opposable;2020-01-01;Approuvé;2020-01-01;2025-04-11
PPRT;Plan de Prévention des Risques Technologiques;59DREAL20090002;PPRT CALAIRE CHIMIE;Direction régionale de l'environnement, de l'aménagement et du logement;;;;32;HAUTS-DE-FRANCE;62;PAS-DE-CALAIS;62244;Coulogne;20;Risque technologique;21;Risque industriel;213;Effet toxique;FAUX;;FAUX;;2008-02-29;2011-09-27;2011-10-26;;;2011-12-23;;;Opposable;2020-01-01;Approuvé;2020-01-01;2025-04-04
PPRT;Plan de Prévention des Risques Technologiques;91DDT20130004;PPRT SME et ISOCHEM;Direction départementale des territoires;;;;11;ILE-DE-FRANCE;91;ESSONNE;91579;Saint-Vrain;20;Risque technologique;21;Risque industriel;213;Effet toxique;FAUX;;FAUX;;2010-01-19;;;;;2014-09-19;;;Opposable;2020-01-01;Approuvé;2020-01-01;2025-04-09
PPRT;Plan de Prévention des Risques Technologiques;38DDT20130011;STEPAN EUROPE - Voreppe;Direction départementale des territoires;Voreppe;;;84;AUVERGNE-RHONE-ALPES;38;ISERE;38565;Voreppe;20;Risque technologique;21;Risque industriel;211;Effet thermique;FAUX;;FAUX;;2011-05-31;2013-06-03;2013-07-03;2014-02-17;;2013-09-25;;;Opposable;2020-01-01;Approuvé;2020-01-01;2025-04-10
PPRT;Plan de Prévention des Risques Technologiques;34DREAL20090002;PPRT - SYNGENTA;Direction régionale de l'environnement, de l'aménagement et du logement;PPRT SYNGENTA;;;76;OCCITANIE;30;GARD;30185;Mus;20;Risque technologique;21;Risque industriel;212;Effet de surpression;FAUX;;FAUX;;2008-12-17;;;;;2012-06-01;;;Opposable;2020-01-01;Approuvé;2020-01-01;2025-04-09
PPRT;Plan de Prévention des Risques Technologiques;91DDT20130003;PPRT OM-Group;Direction départementale des territoires;;;;11;ILE-DE-FRANCE;91;ESSONNE;91540;Saint-Chéron;20;Risque technologique;21;Risque industriel;212;Effet de surpression;FAUX;;FAUX;;2009-09-22;;;;;2012-07-12;;;Opposable;2020-01-01;Approuvé;2020-01-01;2025-04-09
PPRT;Plan de Prévention des Risques Technologiques;76DREAL20150001;Saint-Pierre-lès-Elbeuf;Direction régionale de l'environnement, de l'aménagement et du logement;;;;28;NORMANDIE;76;SEINE-MARITIME;27322;La Haye-Malherbe;20;Risque technologique;21;Risque industriel;211;Effet thermique;FAUX;;FAUX;;2010-05-06;2014-02-24;2014-03-26;;;2014-06-03;;;Opposable;2020-01-01;Approuvé;2020-01-01;2025-04-09
PPRT;Plan de Prévention des Risques Technologiques;80DREAL20090002;PPRT révisé AMIENS NORD;Direction régionale de l'environnement, de l'aménagement et du logement;PPRT AMIENS NORD;;;32;HAUTS-DE-FRANCE;80;SOMME;80024;Argœuves;20;Risque technologique;21;Risque industriel;212;Effet de surpression;FAUX;;VRAI;80DREAL20140001;2008-09-03;;;;;2012-11-16;;2015-01-07;Caduque;2020-01-01;Abrogé;2020-01-01;2021-11-10
PPRT;Plan de Prévention des Risques Technologiques;38DDT20140006;VENCOREX ISOCHEM - Pont-de-Claix;Direction départementale des territoires;;;;84;AUVERGNE-RHONE-ALPES;38;ISERE;38185;Grenoble;20;Risque technologique;21;Risque industriel;213;Effet toxique;FAUX;;FAUX;;2011-12-21;2018-03-23;2018-04-24;;;;2018-06-27;;Caduque;2020-01-01;Annulé;2020-01-01;2025-04-11
PPRT;Plan de Prévention des Risques Technologiques;33DREAL20090003;BASSENS AMBARES;Direction régionale de l'environnement, de l'aménagement et du logement;BASSENS AMBARES;;;75;NOUVELLE-AQUITAINE;33;GIRONDE;33434;Saint-Louis-de-Montferrand;20;Risque technologique;21;Risque industriel;211;Effet thermique;FAUX;;FAUX;;2008-12-22;;;;;2010-12-21;;;Opposable;2020-01-01;Approuvé;2020-01-01;2025-04-09
PPRT;Plan de Prévention des Risques Technologiques;64DREAL20130260;PPRT MOURENX;Direction régionale de l'environnement, de l'aménagement et du logement;;;;75;NOUVELLE-AQUITAINE;64;PYRENEES-ATLANTIQUES;64431;Os-Marsillon;20;Risque technologique;21;Risque industriel;212;Effet de surpression;FAUX;;FAUX;;2008-11-08;;;;;2012-06-14;;;Opposable;2020-01-01;Approuvé;2020-01-01;2025-06-11
PPRT;Plan de Prévention des Risques Technologiques;44DDTM20110005;PPRT TOTAL -ANTARGAZ - Donges;Direction départementale des territoires et de la mer;PPRT Donges;;;52;PAYS DE LA LOIRE;44;LOIRE-ATLANTIQUE;44052;Donges;20;Risque technologique;21;Risque industriel;213;Effet toxique;FAUX;;FAUX;;2010-01-12;;;;;2014-02-21;;;Opposable;2020-01-01;Approuvé;2020-01-01;2025-04-04
PPRT;Plan de Prévention des Risques Technologiques;38DDT20140005;ROUSSILLON-SALAISE SUR SANNE;Direction départementale des territoires;;;;84;AUVERGNE-RHONE-ALPES;38;ISERE;38468;Salaise-sur-Sanne;20;Risque technologique;21;Risque industriel;212;Effet de surpression;FAUX;;FAUX;;2009-04-06;2014-01-27;2014-02-28;;;2014-07-09;;;Opposable;2020-01-01;Approuvé;2020-01-01;2017-06-09
PPRT;Plan de Prévention des Risques Technologiques;59DREAL20090003;PPRT CRODA UNIQEMA;Direction régionale de l'environnement, de l'aménagement et du logement;;;;32;HAUTS-DE-FRANCE;62;PAS-DE-CALAIS;62224;Chocques;20;Risque technologique;21;Risque industriel;213;Effet toxique;FAUX;;FAUX;;2007-05-23;;;;;2023-05-10;;;Opposable;2020-01-01;Approuvé;2020-01-01;2025-04-04
PPRT;Plan de Prévention des Risques Technologiques;51DREAL20090010;PPRT HUNTSMAN;Direction régionale de l'environnement, de l'aménagement et du logement;PPRT HUNTSMAN;;;44;GRAND EST;55;MEUSE;55229;Han-sur-Meuse;20;Risque technologique;21;Risque industriel;211;Effet thermique;FAUX;;FAUX;;2008-12-10;;;;;2011-03-28;;;Opposable;2020-01-01;Approuvé;2020-01-01;2025-04-10
PPRT;Plan de Prévention des Risques Technologiques;21DDT20130001;TITANOBEL;Direction départementale des territoires;Titanobel (21);;;27;BOURGOGNE-FRANCHE-COMTE;21;COTE-D'OR;21233;Drambon;20;Risque technologique;21;Risque industriel;212;Effet de surpression;FAUX;;FAUX;;2009-08-07;2011-11-08;2011-12-09;;;2012-06-29;;;Opposable;2020-01-01;Approuvé;2020-01-01;2025-04-02
PPRT;Plan de Prévention des Risques Technologiques;51DREAL20090008;PPRT ELYSEE COSMETIQUES (62 62);Direction régionale de l'environnement, de l'aménagement et du logement;PPRT ELYSEE COSMETIQUES (62 62);;;44;GRAND EST;57;MOSELLE;57222;Folkling;20;Risque technologique;21;Risque industriel;211;Effet thermique;FAUX;;FAUX;;2009-05-04;2012-02-29;2012-03-30;;;2012-06-07;;;Opposable;2020-01-01;Approuvé;2020-01-01;2025-04-10
PPRT;Plan de Prévention des Risques Technologiques;59DDTM20130006;PPRT ALCAN ALU DUNKERQUE;Direction départementale des territoires et de la mer;;;;32;HAUTS-DE-FRANCE;59;NORD;59273;Gravelines;20;Risque technologique;21;Risque industriel;212;Effet de surpression;FAUX;;FAUX;;2010-03-05;2011-11-02;2011-12-05;2015-12-07;;2012-04-12;;;Opposable;2020-01-01;Approuvé;2020-01-01;2020-12-24
PPRT;Plan de Prévention des Risques Technologiques;13DREAL20090004;PPRT - TOTAL Raffinage France 2014;Direction régionale de l'environnement, de l'aménagement et du logement;PPRT - TOTAL Raffinage Marketing - Raffinerie de Provence;;;93;PROVENCE-ALPES-COTE D'AZUR;13;BOUCHES-DU-RHONE;13056;Martigues;20;Risque technologique;21;Risque industriel;211;Effet thermique;FAUX;;VRAI;13DDTM20210001;2009-04-10;2013-11-18;2013-12-20;;;2014-05-02;;2023-12-11;Caduque;2020-01-01;Abrogé;2020-01-01;2025-04-08
PPRT;Plan de Prévention des Risques Technologiques;71DDT20090041;Aperam ;Direction départementale des territoires;Aperam (71);;;27;BOURGOGNE-FRANCHE-COMTE;71;SAONE-ET-LOIRE;71230;Gueugnon;20;Risque technologique;21;Risque industriel;211;Effet thermique;FAUX;;FAUX;;2009-07-17;;;;;2011-06-21;;;Opposable;2020-01-01;Approuvé;2020-01-01;2025-03-27
PPRT;Plan de Prévention des Risques Technologiques;33DREAL20130133;PPRT SAINT MEDARD;Direction régionale de l'environnement, de l'aménagement et du logement;;;;75;NOUVELLE-AQUITAINE;33;GIRONDE;33449;Saint-Médard-en-Jalles;20;Risque technologique;21;Risque industriel;212;Effet de surpression;FAUX;;FAUX;;2009-12-15;;;;;2011-08-02;;;Opposable;2020-01-01;Approuvé;2020-01-01;2025-04-09
PPRT;Plan de Prévention des Risques Technologiques;55DDT20210005;PPRT ROZELIER;Direction départementale des territoires;PPRT ROZELIER;;;44;GRAND EST;55;MEUSE;55492;Sommedieue;20;Risque technologique;21;Risque industriel;213;Effet toxique;FAUX;;FAUX;;2017-11-15;;;;;2023-07-06;;;Opposable;2020-01-01;Approuvé;2020-01-01;2025-04-10
PPRT;Plan de Prévention des Risques Technologiques;59DREAL20090004;PPRT EPV - ANTARGAZ;Direction régionale de l'environnement, de l'aménagement et du logement;;;;32;HAUTS-DE-FRANCE;59;NORD;59589;Thiant;20;Risque technologique;21;Risque industriel;212;Effet de surpression;FAUX;;FAUX;;2008-12-02;2011-05-16;2011-06-18;2012-12-19;;2011-08-23;;;Opposable;2020-01-01;Approuvé;2020-01-01;2025-04-10
PPRT;Plan de Prévention des Risques Technologiques;59DREAL20090013;PPRT TITANOBEL OSTRICOURT;Direction régionale de l'environnement, de l'aménagement et du logement;;;;32;HAUTS-DE-FRANCE;59;NORD;59592;Thumeries;20;Risque technologique;21;Risque industriel;212;Effet de surpression;FAUX;;FAUX;;2008-05-23;2010-10-19;2010-11-19;2011-11-23;;2011-04-27;;;Opposable;2020-01-01;Approuvé;2020-01-01;2025-04-04
PPRT;Plan de Prévention des Risques Technologiques;35DREAL20090013;PPRT GUERBET;Direction régionale de l'environnement, de l'aménagement et du logement;Imagerie médicale;;;53;BRETAGNE;56;MORBIHAN;56098;Lanester;20;Risque technologique;21;Risque industriel;213;Effet toxique;FAUX;;FAUX;;2009-03-04;2012-09-17;2012-10-19;;;2012-12-21;;;Opposable;2020-01-01;Approuvé;2020-01-01;2025-04-10
PPRT;Plan de Prévention des Risques Technologiques;83DREAL20140146;PPRT - Site militaire [ Tourris ] 2014;Direction régionale de l'environnement, de l'aménagement et du logement;;;;93;PROVENCE-ALPES-COTE D'AZUR;83;VAR;83103;Le Revest-les-Eaux;20;Risque technologique;21;Risque industriel;214;Effet de projection;FAUX;;FAUX;;2012-03-22;;;;;2014-03-06;;;Opposable;2020-01-01;Approuvé;2020-01-01;2025-04-15
PPRT;Plan de Prévention des Risques Technologiques;38DDT20140006;VENCOREX ISOCHEM - Pont-de-Claix;Direction départementale des territoires;;;;84;AUVERGNE-RHONE-ALPES;38;ISERE;38111;Claix;20;Risque technologique;21;Risque industriel;212;Effet de surpression;FAUX;;FAUX;;2011-12-21;2018-03-23;2018-04-24;;;2018-06-27;;;Opposable;2020-01-01;Approuvé;2020-01-01;2025-04-11
PPRT;Plan de Prévention des Risques Technologiques;22DDTM20110003;PPRT SPD;Direction départementale des territoires et de la mer;;;;53;BRETAGNE;22;COTES-D'ARMOR;22215;Ploufragan;20;Risque technologique;21;Risque industriel;211;Effet thermique;FAUX;;FAUX;;2008-12-11;;;;;2010-11-10;;2021-03-17;Caduque;2020-01-01;Abrogé;2020-01-01;2024-06-27
PPRT;Plan de Prévention des Risques Technologiques;59DREAL20140001;PPRT Zone Industrialo-Portuaire;Direction régionale de l'environnement, de l'aménagement et du logement;;;;32;HAUTS-DE-FRANCE;59;NORD;59183;Dunkerque;20;Risque technologique;21;Risque industriel;212;Effet de surpression;FAUX;;FAUX;;2009-02-20;2015-10-06;2015-11-06;;;2015-12-28;;;Opposable;2020-01-01;Approuvé;2020-01-01;2025-04-10
PPRT;Plan de Prévention des Risques Technologiques;38DDT20140009;ADISSEO TOURMALINE-St-Clair-Rhôn;Direction départementale des territoires;38 et 69;;;84;AUVERGNE-RHONE-ALPES;38;ISERE;38448;Saint-Prim;20;Risque technologique;21;Risque industriel;213;Effet toxique;FAUX;;FAUX;;2012-02-09;2018-04-24;2018-05-24;;;2018-07-18;;;Opposable;2020-01-01;Approuvé;2020-01-01;2025-04-10
PPRT;Plan de Prévention des Risques Technologiques;76DDTM20150005;ZIP Le Havre;Direction départementale des territoires et de la mer;;;;28;NORMANDIE;76;SEINE-MARITIME;76341;Harfleur;20;Risque technologique;21;Risque industriel;211;Effet thermique;FAUX;;FAUX;;2010-02-17;2016-05-26;2016-07-12;;;2016-10-17;;;Opposable;2020-01-01;Approuvé;2020-01-01;2019-09-09
PPRT;Plan de Prévention des Risques Technologiques;68DREAL20140003; 68 PPRT BIMA;Direction régionale de l'environnement, de l'aménagement et du logement; 68 PPRT BIMA;;;44;GRAND EST;68;HAUT-RHIN;68342;Uffholtz;20;Risque technologique;21;Risque industriel;213;Effet toxique;FAUX;;FAUX;;2010-12-20;;;;;2015-03-30;;;Opposable;2020-01-01;Approuvé;2020-01-01;2025-04-09
PPRT;Plan de Prévention des Risques Technologiques;31DREAL20150001;PPRT - ESSO modifié;Direction régionale de l'environnement, de l'aménagement et du logement;TOULOUSE;;;76;OCCITANIE;31;HAUTE-GARONNE;31555;Toulouse;20;Risque technologique;21;Risque industriel;212;Effet de surpression;FAUX;;FAUX;;2024-04-04;;;;;2024-10-10;;;Opposable;2020-01-01;Approuvé;2020-01-01;2025-04-09
PPRT;Plan de Prévention des Risques Technologiques;76DDTM20150002;Rouen Lubrizol;Direction départementale des territoires et de la mer;;;;28;NORMANDIE;76;SEINE-MARITIME;76540;Rouen;20;Risque technologique;21;Risque industriel;211;Effet thermique;FAUX;;FAUX;;2010-05-06;2013-11-22;2014-01-18;;;2014-03-31;;;Opposable;2020-01-01;Approuvé;2020-01-01;2025-04-09
PPRT;Plan de Prévention des Risques Technologiques;11DDTM20120027;PPRT - Orano;Direction régionale de l'environnement, de l'aménagement et du logement;Usine Orano Malvesi;;;76;OCCITANIE;11;AUDE;11262;Narbonne;20;Risque technologique;21;Risque industriel;211;Effet thermique;FAUX;;FAUX;;2009-04-17;2012-06-18;2012-07-20;;;2013-01-23;;;Opposable;2020-01-01;Approuvé;2020-01-01;2025-04-09
PPRT;Plan de Prévention des Risques Technologiques;18DDT20140002;PPRT du site militaire d'Avord;Direction départementale des territoires;;;;24;CENTRE-VAL DE LOIRE;18;CHER;18092;Farges-en-Septaine;20;Risque technologique;21;Risque industriel;214;Effet de projection;FAUX;;FAUX;;2012-12-21;2014-11-03;2014-12-02;;;2015-03-09;;;Opposable;2020-01-01;Approuvé;2020-01-01;2025-04-02
PPRT;Plan de Prévention des Risques Technologiques;31DREAL20090011;PPRT - TOTAL (Lespinasse);Direction régionale de l'environnement, de l'aménagement et du logement;LESPINASSE;;;76;OCCITANIE;31;HAUTE-GARONNE;31490;Saint-Jory;20;Risque technologique;21;Risque industriel;211;Effet thermique;FAUX;;FAUX;;2007-02-28;2011-09-15;2011-10-19;;;2012-04-03;;;Opposable;2020-01-01;Approuvé;2020-01-01;2025-04-09
PPRT;Plan de Prévention des Risques Technologiques;51DREAL20090010;PPRT HUNTSMAN;Direction régionale de l'environnement, de l'aménagement et du logement;PPRT HUNTSMAN;;;44;GRAND EST;55;MEUSE;55054;Bislée;20;Risque technologique;21;Risque industriel;212;Effet de surpression;FAUX;;FAUX;;2008-12-10;;;;;2011-03-28;;;Opposable;2020-01-01;Approuvé;2020-01-01;2025-04-10
PPRT;Plan de Prévention des Risques Technologiques;38DDT20130012;NOVASEP-FINORGA - Chasse/Rhône;Direction départementale des territoires;;;;84;AUVERGNE-RHONE-ALPES;38;ISERE;69297;Ternay;20;Risque technologique;21;Risque industriel;212;Effet de surpression;FAUX;;FAUX;;2010-08-02;2013-06-10;2013-07-12;2013-12-13;;2013-10-15;;;Opposable;2020-01-01;Approuvé;2020-01-01;2025-04-04
PPRT;Plan de Prévention des Risques Technologiques;78DDT20130002;PPRT RM Coignières;Direction départementale des territoires;Coignières, Lévis-St-Nom;;;11;ILE-DE-FRANCE;78;YVELINES;78168;Coignières;20;Risque technologique;21;Risque industriel;211;Effet thermique;FAUX;;FAUX;;2009-05-19;2015-09-16;2015-10-16;;;2016-01-18;;;Opposable;2020-01-01;Approuvé;2020-01-01;2025-04-10
PPRT;Plan de Prévention des Risques Technologiques;972DEAL20200002;PPRT SARA-Antilles Gaz;Direction de l'environnement, de l'aménagement et du logement;;;;02;MARTINIQUE;972;MARTINIQUE;97213;Le Lamentin;20;Risque technologique;21;Risque industriel;211;Effet thermique;FAUX;;FAUX;;2009-06-08;;;;;2013-11-18;;;Opposable;2020-01-01;Approuvé;2020-01-01;2025-04-09
PPRT;Plan de Prévention des Risques Technologiques;47DREAL20130328;PPRT SANGOSSE;Direction régionale de l'environnement, de l'aménagement et du logement;;;;75;NOUVELLE-AQUITAINE;47;LOT-ET-GARONNE;47209;Pont-du-Casse;20;Risque technologique;21;Risque industriel;213;Effet toxique;FAUX;;FAUX;;2009-12-14;2010-10-11;2010-11-10;2010-12-09;;2010-12-24;;;Opposable;2020-01-01;Approuvé;2020-01-01;2025-04-09
PPRT;Plan de Prévention des Risques Technologiques;38DDT20140009;ADISSEO TOURMALINE-St-Clair-Rhôn;Direction départementale des territoires;38 et 69;;;84;AUVERGNE-RHONE-ALPES;38;ISERE;38448;Saint-Prim;20;Risque technologique;21;Risque industriel;211;Effet thermique;FAUX;;FAUX;;2012-02-09;2018-04-24;2018-05-24;;;2018-07-18;;;Opposable;2020-01-01;Approuvé;2020-01-01;2025-04-10
PPRT;Plan de Prévention des Risques Technologiques;68DREAL20140002;68 PPRT DSM RUBIS;Direction régionale de l'environnement, de l'aménagement et du logement;68 PPRT DSM RUBIS;;;44;GRAND EST;68;HAUT-RHIN;68349;Village-Neuf;20;Risque technologique;21;Risque industriel;213;Effet toxique;FAUX;;FAUX;;2009-04-20;;;;;2014-09-24;;;Opposable;2020-01-01;Approuvé;2020-01-01;2018-07-17
PPRT;Plan de Prévention des Risques Technologiques;38DDT20140005;ROUSSILLON-SALAISE SUR SANNE;Direction départementale des territoires;;;;84;AUVERGNE-RHONE-ALPES;38;ISERE;38349;Sablons;20;Risque technologique;21;Risque industriel;213;Effet toxique;FAUX;;FAUX;;2009-04-06;2014-01-27;2014-02-28;;;2014-07-09;;;Opposable;2020-01-01;Approuvé;2020-01-01;2017-06-09
PPRT;Plan de Prévention des Risques Technologiques;38DDT20140010;TITANOBEL - Saint-Quentin/Isère;Direction départementale des territoires;;;;84;AUVERGNE-RHONE-ALPES;38;ISERE;38540;Veurey-Voroize;20;Risque technologique;21;Risque industriel;212;Effet de surpression;FAUX;;FAUX;;2012-03-27;2018-10-01;2018-11-02;;;2018-12-20;;;Opposable;2020-01-01;Approuvé;2020-01-01;2025-04-11
PPRT;Plan de Prévention des Risques Technologiques;29DDTM20120005;PPRT Guenvenez;Direction départementale des territoires et de la mer;Pyrotechnie militaire;;;53;BRETAGNE;29;FINISTERE;29042;Crozon;20;Risque technologique;21;Risque industriel;212;Effet de surpression;FAUX;;FAUX;;2011-12-21;;;2016-07-21;;2016-03-31;;;Opposable;2020-01-01;Approuvé;2020-01-01;2025-03-26
PPRT;Plan de Prévention des Risques Technologiques;76DDTM20150005;ZIP Le Havre;Direction départementale des territoires et de la mer;;;;28;NORMANDIE;76;SEINE-MARITIME;76305;Gonfreville-l'Orcher;20;Risque technologique;21;Risque industriel;212;Effet de surpression;FAUX;;FAUX;;2010-02-17;2016-05-26;2016-07-12;;;2016-10-17;;;Opposable;2020-01-01;Approuvé;2020-01-01;2019-09-09
PPRT;Plan de Prévention des Risques Technologiques;PPRT_2025_0003;PPRT -  VALTRIS;Direction départementale des territoires;Verdun;;;;;55;MEUSE;55545;Verdun;20;Risque technologique;21;Risque industriel;211;Effet thermique;FAUX;;FAUX;;2023-01-10;;;;;2024-06-17;;;Opposable;2020-01-01;Approuvé;2020-01-01;2025-04-10
PPRT;Plan de Prévention des Risques Technologiques;16DDT20120003;PPRT Antargaz;Direction départementale des territoires;;;;75;NOUVELLE-AQUITAINE;16;CHARENTE;16217;Merpins;20;Risque technologique;21;Risque industriel;212;Effet de surpression;FAUX;;FAUX;;2009-12-18;;;;;2012-12-10;;;Opposable;2020-01-01;Approuvé;2020-01-01;2025-04-09
PPRT;Plan de Prévention des Risques Technologiques;67DREAL20140034;67 PPRT DOW AGROSCIENCES;Direction régionale de l'environnement, de l'aménagement et du logement;67 PPRT DOW AGROSCIENCES;;;44;GRAND EST;67;BAS-RHIN;67106;Drusenheim;20;Risque technologique;21;Risque industriel;213;Effet toxique;FAUX;;FAUX;;2009-10-30;2011-03-28;2011-04-28;;;2011-10-04;;;Opposable;2020-01-01;Approuvé;2020-01-01;2025-04-09
PPRT;Plan de Prévention des Risques Technologiques;54DDT20150011;PPRT SAINT BAUSSANT;Direction départementale des territoires;Industriel;;;44;GRAND EST;54;MEURTHE-ET-MOSELLE;54470;Saint-Baussant;20;Risque technologique;21;Risque industriel;211;Effet thermique;FAUX;;FAUX;;2015-05-11;;;;;2016-10-06;;;Opposable;2020-01-01;Approuvé;2020-01-01;2025-04-10
PPRT;Plan de Prévention des Risques Technologiques;51DREAL20090013;PPRT SODETAL;Direction régionale de l'environnement, de l'aménagement et du logement;REDAELLI SODETAL TRONVILLE EN BARROIS;;;44;GRAND EST;55;MEUSE;55543;Velaines;20;Risque technologique;21;Risque industriel;211;Effet thermique;FAUX;;FAUX;;2008-05-20;;;;;2010-06-30;;2018-12-20;Caduque;2020-01-01;Abrogé;2020-01-01;2025-03-03
PPRT;Plan de Prévention des Risques Technologiques;38DDT20140002;ARKEMA AREVA-CEZUS - Jarrie;Direction départementale des territoires;;;;84;AUVERGNE-RHONE-ALPES;38;ISERE;38388;Saint-Georges-de-Commiers;20;Risque technologique;21;Risque industriel;212;Effet de surpression;FAUX;;VRAI;38DDT20140007;2010-06-14;2010-10-15;2010-11-15;;;2010-12-20;;2015-05-22;Caduque;2020-01-01;Abrogé;2020-01-01;2020-12-04
PPRT;Plan de Prévention des Risques Technologiques;13DREAL20140003;PPRT - Berre l'Étang 2019;Direction régionale de l'environnement, de l'aménagement et du logement;;;;93;PROVENCE-ALPES-COTE D'AZUR;13;BOUCHES-DU-RHONE;13081;Rognac;20;Risque technologique;21;Risque industriel;211;Effet thermique;FAUX;;FAUX;;2013-08-01;2018-11-19;2018-12-20;;;2019-06-12;;;Opposable;2020-01-01;Approuvé;2020-01-01;2025-04-09
PPRT;Plan de Prévention des Risques Technologiques;71DDT20150001;Bioxal et Azelis Peroxides;Direction départementale des territoires;Bioxal et Azelis Peroxides;;;27;BOURGOGNE-FRANCHE-COMTE;71;SAONE-ET-LOIRE;71076;Chalon-sur-Saône;20;Risque technologique;21;Risque industriel;213;Effet toxique;FAUX;;FAUX;;2009-04-15;2011-01-24;2011-02-25;;;2011-06-21;;;Opposable;2020-01-01;Approuvé;2020-01-01;2025-03-27
PPRT;Plan de Prévention des Risques Technologiques;16DDT20120005;PPRT Jas Hennessy;Direction départementale des territoires;;;;75;NOUVELLE-AQUITAINE;16;CHARENTE;16097;Cherves-Richemont;20;Risque technologique;21;Risque industriel;212;Effet de surpression;FAUX;;FAUX;;2009-12-31;2011-04-18;2011-05-20;;;2011-07-28;;;Opposable;2020-01-01;Approuvé;2020-01-01;2025-04-09
PPRT;Plan de Prévention des Risques Technologiques;PPRT_2024_0003;PPRT - dépôt de munitions [ Miramas, Istres ];Direction départementale des territoires et de la mer;;;;;;13;BOUCHES-DU-RHONE;13063;Miramas;20;Risque technologique;21;Risque industriel;212;Effet de surpression;FAUX;;FAUX;;2024-07-11;;;;;;;;Prescrit;2020-01-01;Prescrit;2020-01-01;2025-05-07
PPRT;Plan de Prévention des Risques Technologiques;24DREAL20130011;PPRT POLYREY;Direction régionale de l'environnement, de l'aménagement et du logement;;;;75;NOUVELLE-AQUITAINE;24;DORDOGNE;24223;Lalinde;20;Risque technologique;21;Risque industriel;212;Effet de surpression;FAUX;;FAUX;;2007-09-29;2009-05-12;;;;2009-09-14;;;Opposable;2020-01-01;Approuvé;2020-01-01;2025-04-09
PPRT;Plan de Prévention des Risques Technologiques;76DREAL20140007;Saint Aubin les Elbeuf;Direction régionale de l'environnement, de l'aménagement et du logement;;;;28;NORMANDIE;76;SEINE-MARITIME;76486;Orival;20;Risque technologique;21;Risque industriel;213;Effet toxique;FAUX;;FAUX;;2010-04-22;2013-09-16;2013-10-18;;;2013-12-02;;;Opposable;2020-01-01;Approuvé;2020-01-01;2025-04-09
PPRT;Plan de Prévention des Risques Technologiques;55DDT20210005;PPRT ROZELIER;Direction départementale des territoires;PPRT ROZELIER;;;44;GRAND EST;55;MEUSE;55237;Haudiomont;20;Risque technologique;21;Risque industriel;211;Effet thermique;FAUX;;FAUX;;2017-11-15;;;;;2023-07-06;;;Opposable;2020-01-01;Approuvé;2020-01-01;2025-04-10
PPRT;Plan de Prévention des Risques Technologiques;17DDTM20140002;PPRT GRATECAP;Direction départementale des territoires et de la mer;PPRT Gratecap;;;75;NOUVELLE-AQUITAINE;17;CHARENTE-MARITIME;17300;La Rochelle;20;Risque technologique;21;Risque industriel;211;Effet thermique;FAUX;;FAUX;;2009-04-15;2010-11-22;2010-12-24;2011-11-17;;2011-03-29;;;Opposable;2020-01-01;Approuvé;2020-01-01;2025-04-09
PPRT;Plan de Prévention des Risques Technologiques;76DREAL20140008;Port Jérôme;Direction régionale de l'environnement, de l'aménagement et du logement;;;;28;NORMANDIE;76;SEINE-MARITIME;76592;Saint-Jean-de-Folleville;20;Risque technologique;21;Risque industriel;212;Effet de surpression;FAUX;;FAUX;;2009-05-29;2014-04-14;2014-05-21;;;2014-08-07;;;Opposable;2020-01-01;Approuvé;2020-01-01;2025-04-04
PPRT;Plan de Prévention des Risques Technologiques;47DREAL20130327;PPRT ATPM;Direction régionale de l'environnement, de l'aménagement et du logement;;;;75;NOUVELLE-AQUITAINE;47;LOT-ET-GARONNE;47050;Cassignas;20;Risque technologique;21;Risque industriel;212;Effet de surpression;FAUX;;FAUX;;2009-06-29;2010-03-29;2010-04-30;2011-02-15;;2010-06-21;;;Opposable;2020-01-01;Approuvé;2020-01-01;2025-04-09
PPRT;Plan de Prévention des Risques Technologiques;45DREAL20090006;APPROSERVICE (Fossé);Direction régionale de l'environnement, de l'aménagement et du logement;;;;24;CENTRE-VAL DE LOIRE;41;LOIR-ET-CHER;41091;Fossé;20;Risque technologique;21;Risque industriel;211;Effet thermique;FAUX;;FAUX;;2007-10-05;2010-01-04;2010-02-05;;;2010-04-02;;;Opposable;2020-01-01;Approuvé;2020-01-01;2025-04-09
PPRT;Plan de Prévention des Risques Technologiques;92DRIEE_IF20190001;TRAPIL-SOGEPP;Direction Régionale et Interdépartementale de l'Environnement et de l'Énergie d'Ile-de-France;;;;11;ILE-DE-FRANCE;92;HAUTS-DE-SEINE;92036;Gennevilliers;20;Risque technologique;21;Risque industriel;212;Effet de surpression;FAUX;;FAUX;;2009-12-30;;;;;2012-12-21;;;Opposable;2020-01-01;Approuvé;2020-01-01;2025-04-03
PPRT;Plan de Prévention des Risques Technologiques;29DDTM20200001;Pyrotechnie Saint Nicolas;Direction départementale des territoires et de la mer;Pyrotechnie militaire;;;53;BRETAGNE;29;FINISTERE;29189;Plougastel-Daoulas;20;Risque technologique;21;Risque industriel;212;Effet de surpression;FAUX;;FAUX;;2019-11-15;;;;;2025-06-06;;;Opposable;2020-01-01;Approuvé;2020-01-01;2025-07-15
PPRT;Plan de Prévention des Risques Technologiques;62DREAL20140010;PPRT CECA;Direction régionale de l'environnement, de l'aménagement et du logement;;;;32;HAUTS-DE-FRANCE;62;PAS-DE-CALAIS;62753;Saint-Laurent-Blangy;20;Risque technologique;21;Risque industriel;212;Effet de surpression;FAUX;;FAUX;;2009-08-11;2014-06-02;2014-07-04;;;2014-12-15;;;Opposable;2020-01-01;Approuvé;2020-01-01;2025-04-04
PPRT;Plan de Prévention des Risques Technologiques;51DREAL20090011;PPRT AIR LIQUIDE Richemont;Direction régionale de l'environnement, de l'aménagement et du logement;PPRT AIR LIQUIDE Richemont;;;44;GRAND EST;57;MOSELLE;57582;Richemont;20;Risque technologique;21;Risque industriel;212;Effet de surpression;FAUX;;FAUX;;2008-05-06;2011-06-17;2011-07-17;;;2011-12-19;;;Opposable;2020-01-01;Approuvé;2020-01-01;2025-04-10
PPRT;Plan de Prévention des Risques Technologiques;38DDT20140002;ARKEMA AREVA-CEZUS - Jarrie;Direction départementale des territoires;;;;84;AUVERGNE-RHONE-ALPES;38;ISERE;38445;Saint-Pierre-de-Mésage;20;Risque technologique;21;Risque industriel;211;Effet thermique;FAUX;;VRAI;38DDT20140007;2010-06-14;2010-10-15;2010-11-15;;;2010-12-20;;2015-05-22;Caduque;2020-01-01;Abrogé;2020-01-01;2020-12-04
PPRT;Plan de Prévention des Risques Technologiques;68DREAL20140004;67 PPRT BASF;Direction régionale de l'environnement, de l'aménagement et du logement;67 PPRT BASF;;;44;GRAND EST;68;HAUT-RHIN;68297;Saint-Louis;20;Risque technologique;21;Risque industriel;211;Effet thermique;FAUX;;FAUX;;2009-10-26;2011-10-21;2011-11-21;;;2011-12-19;;;Opposable;2020-01-01;Approuvé;2020-01-01;2025-04-09
PPRT;Plan de Prévention des Risques Technologiques;18DDT20140002;PPRT du site militaire d'Avord;Direction départementale des territoires;;;;24;CENTRE-VAL DE LOIRE;18;CHER;18018;Avord;20;Risque technologique;21;Risque industriel;212;Effet de surpression;FAUX;;FAUX;;2012-12-21;2014-11-03;2014-12-02;;;2015-03-09;;;Opposable;2020-01-01;Approuvé;2020-01-01;2025-04-02
PPRT;Plan de Prévention des Risques Technologiques;26DDT20100008;PPRT - DPPV;Direction départementale des territoires;;;;84;AUVERGNE-RHONE-ALPES;26;DROME;26252;Portes-lès-Valence;20;Risque technologique;21;Risque industriel;211;Effet thermique;FAUX;;FAUX;;2011-05-12;2013-01-04;2013-02-04;;;2013-06-12;;;Opposable;2020-01-01;Approuvé;2020-01-01;2025-04-09
PPRT;Plan de Prévention des Risques Technologiques;63DREAL20140003;PPRT ANTARGAZ Cournon d'Auvergne;Direction régionale de l'environnement, de l'aménagement et du logement;Cournon d'Auvergne;;;84;AUVERGNE-RHONE-ALPES;63;PUY-DE-DOME;63124;Cournon-d'Auvergne;20;Risque technologique;21;Risque industriel;211;Effet thermique;FAUX;;FAUX;;2009-12-28;;;;2018-07-12;;;;Caduque;2020-01-01;Déprescrit;2020-01-01;2025-02-20
PPRT;Plan de Prévention des Risques Technologiques;72DDT20100021;PPRT-Alsétex;Direction départementale des territoires;;;;52;PAYS DE LA LOIRE;72;SARTHE;72167;Louailles;20;Risque technologique;21;Risque industriel;212;Effet de surpression;FAUX;;FAUX;;2009-12-16;2012-09-17;2012-10-17;;;2013-07-12;;;Opposable;2020-01-01;Approuvé;2020-01-01;2025-04-04
PPRT;Plan de Prévention des Risques Technologiques;40DREAL20140001;PPRT DE BISCARROSSE;Direction régionale de l'environnement, de l'aménagement et du logement;;;;75;NOUVELLE-AQUITAINE;40;LANDES;40046;Biscarrosse;20;Risque technologique;21;Risque industriel;212;Effet de surpression;FAUX;;FAUX;;2012-05-29;;;;;2013-10-08;;;Opposable;2020-01-01;Approuvé;2020-01-01;2025-04-09
PPRT;Plan de Prévention des Risques Technologiques;59DREAL20090014;PPRT TOTALGAZ;Direction régionale de l'environnement, de l'aménagement et du logement;;;;32;HAUTS-DE-FRANCE;59;NORD;59126;Cantin;20;Risque technologique;21;Risque industriel;211;Effet thermique;FAUX;;FAUX;;2007-09-10;2010-09-01;2010-10-01;;;2010-12-27;;;Opposable;2020-01-01;Approuvé;2020-01-01;2025-04-10
PPRT;Plan de Prévention des Risques Technologiques;PPRT_2022_0003;PPRT - Etablissement DGATT Bourges;Direction départementale des territoires;;;;;;18;CHER;18254;Soye-en-Septaine;20;Risque technologique;21;Risque industriel;213;Effet toxique;FAUX;;FAUX;;2020-11-06;;;;;2023-08-03;;;Opposable;2020-01-01;Approuvé;2020-01-01;2025-04-02
PPRT;Plan de Prévention des Risques Technologiques;60DREAL20140001;STORENGY;Direction régionale de l'environnement, de l'aménagement et du logement;;;;32;HAUTS-DE-FRANCE;60;OISE;60019;Antheuil-Portes;20;Risque technologique;21;Risque industriel;211;Effet thermique;FAUX;;FAUX;;2012-12-19;2014-10-06;2014-11-06;;;2014-12-30;;;Opposable;2020-01-01;Approuvé;2020-01-01;2025-03-27
PPRT;Plan de Prévention des Risques Technologiques;26DREAL20170001;26 PPRT SODEREC;Direction régionale de l'environnement, de l'aménagement et du logement;;;;84;AUVERGNE-RHONE-ALPES;26;DROME;26324;Saint-Paul-Trois-Châteaux;20;Risque technologique;21;Risque industriel;213;Effet toxique;FAUX;;FAUX;;2012-12-28;2013-12-09;2014-01-09;;;2014-03-11;;;Opposable;2020-01-01;Approuvé;2020-01-01;2025-04-14
PPRT;Plan de Prévention des Risques Technologiques;31DREAL20090009;PPRT - FIBRE EXCELLENCE;Direction régionale de l'environnement, de l'aménagement et du logement;SAINT-GAUDENS;;;76;OCCITANIE;31;HAUTE-GARONNE;31565;Valentine;20;Risque technologique;21;Risque industriel;212;Effet de surpression;FAUX;;FAUX;;2012-12-17;2015-09-21;2015-10-21;;;2015-12-30;;;Opposable;2020-01-01;Approuvé;2020-01-01;2025-04-09
PPRT;Plan de Prévention des Risques Technologiques;02DDT20140001;BAYER;Direction départementale des territoires;;;;32;HAUTS-DE-FRANCE;02;AISNE;02468;Marle;20;Risque technologique;21;Risque industriel;211;Effet thermique;FAUX;;FAUX;;2012-07-31;2013-09-02;2013-10-02;2014-03-14;;2013-12-12;;;Opposable;2020-01-01;Approuvé;2020-01-01;2025-04-09
PPRT;Plan de Prévention des Risques Technologiques;69DREAL20170010;69 PPRT de St Genis Laval;Direction départementale des territoires;St Genis Laval;;;84;AUVERGNE-RHONE-ALPES;69;RHONE;69043;Chaponost;20;Risque technologique;21;Risque industriel;211;Effet thermique;FAUX;;FAUX;;2009-08-31;2014-01-22;;;;2014-12-12;2017-05-11;;Caduque;2020-01-01;Annulé;2020-01-01;2024-05-31
PPRT;Plan de Prévention des Risques Technologiques;68DREAL20140005;68 PPRT PECRHIN RHODIA BUTACHIMI;Direction régionale de l'environnement, de l'aménagement et du logement;68 PPRT PECRHIN RHODIA BUTACHIMI;;;44;GRAND EST;68;HAUT-RHIN;68020;Bantzenheim;20;Risque technologique;21;Risque industriel;212;Effet de surpression;FAUX;;FAUX;;2010-12-31;2013-11-12;2013-12-16;;;2014-04-09;;;Opposable;2020-01-01;Approuvé;2020-01-01;2011-04-15
PPRT;Plan de Prévention des Risques Technologiques;18DDT20140002;PPRT du site militaire d'Avord;Direction départementale des territoires;;;;24;CENTRE-VAL DE LOIRE;18;CHER;18092;Farges-en-Septaine;20;Risque technologique;21;Risque industriel;211;Effet thermique;FAUX;;FAUX;;2012-12-21;2014-11-03;2014-12-02;;;2015-03-09;;;Opposable;2020-01-01;Approuvé;2020-01-01;2025-04-02
PPRT;Plan de Prévention des Risques Technologiques;61DDT20150002;PPR-T - Argentan;Direction départementale des territoires;Orne Amont;;;28;NORMANDIE;61;ORNE;61006;Argentan;20;Risque technologique;21;Risque industriel;211;Effet thermique;FAUX;;FAUX;;2009-12-31;;;2012-10-30;;2012-10-01;;2015-02-12;Caduque;2020-01-01;Abrogé;2020-01-01;2025-03-10
PPRT;Plan de Prévention des Risques Technologiques;13DREAL20110046;PPRT - Eurenco [ Sorgues ] 2013 ;Direction départementale des territoires;;;;93;PROVENCE-ALPES-COTE D'AZUR;84;VAUCLUSE;30312;Sauveterre;20;Risque technologique;21;Risque industriel;212;Effet de surpression;FAUX;;FAUX;;2009-07-06;2013-06-10;2013-07-10;;;2013-12-13;;;Opposable;2020-01-01;Approuvé;2020-01-01;2025-04-09
;;69DDT20200003;Vallée de la chimie 2;;;;;;;;;69149;Oullins;20;Risque technologique;21;Risque industriel;211;Effet thermique;FAUX;;FAUX;;2019-12-27;;;;2021-02-04;;;;;;;;2021-02-05
PPRT;Plan de Prévention des Risques Technologiques;38DDT20140002;ARKEMA AREVA-CEZUS - Jarrie;Direction départementale des territoires;;;;84;AUVERGNE-RHONE-ALPES;38;ISERE;38200;Jarrie;20;Risque technologique;21;Risque industriel;211;Effet thermique;FAUX;;VRAI;38DDT20140007;2010-06-14;2010-10-15;2010-11-15;;;2010-12-20;;2015-05-22;Caduque;2020-01-01;Abrogé;2020-01-01;2020-12-04
PPRT;Plan de Prévention des Risques Technologiques;59DREAL20090006;PPRT INTEROR - SYNTHEXIM;Direction régionale de l'environnement, de l'aménagement et du logement;;;;32;HAUTS-DE-FRANCE;62;PAS-DE-CALAIS;62193;Calais;20;Risque technologique;21;Risque industriel;211;Effet thermique;FAUX;;FAUX;;2008-02-29;2012-02-27;2012-03-28;2012-10-24;;2012-08-24;;;Opposable;2020-01-01;Approuvé;2020-01-01;2025-04-04
PPRT;Plan de Prévention des Risques Technologiques;76DDTM20150005;ZIP Le Havre;Direction départementale des territoires et de la mer;;;;28;NORMANDIE;76;SEINE-MARITIME;76341;Harfleur;20;Risque technologique;21;Risque industriel;213;Effet toxique;FAUX;;FAUX;;2010-02-17;2016-05-26;2016-07-12;;;2016-10-17;;;Opposable;2020-01-01;Approuvé;2020-01-01;2019-09-09
PPRT;Plan de Prévention des Risques Technologiques;69DDT20200002;Vallée de la chimie;Direction départementale des territoires;;;;84;AUVERGNE-RHONE-ALPES;69;RHONE;69123;Lyon;20;Risque technologique;21;Risque industriel;211;Effet thermique;FAUX;;FAUX;;2015-04-21;;;;;2016-10-19;;;Opposable;2020-01-01;Approuvé;2020-01-01;2025-04-10
PPRT;Plan de Prévention des Risques Technologiques;13DREAL20140003;PPRT - Berre l'Étang 2019;Direction régionale de l'environnement, de l'aménagement et du logement;;;;93;PROVENCE-ALPES-COTE D'AZUR;13;BOUCHES-DU-RHONE;13014;Berre-l'Étang;20;Risque technologique;21;Risque industriel;212;Effet de surpression;FAUX;;FAUX;;2013-08-01;2018-11-19;2018-12-20;;;2019-06-12;;;Opposable;2020-01-01;Approuvé;2020-01-01;2025-04-09
PPRT;Plan de Prévention des Risques Technologiques;77DDT20130006;PPRT TOTAL GPN;Direction départementale des territoires;PPRT TOTAL GPN;;;11;ILE-DE-FRANCE;77;SEINE-ET-MARNE;77381;Quiers;20;Risque technologique;21;Risque industriel;213;Effet toxique;FAUX;;FAUX;;2009-12-21;2013-05-14;2013-06-13;;;2013-09-05;;;Opposable;2020-01-01;Approuvé;2020-01-01;2025-04-09
PPRT;Plan de Prévention des Risques Technologiques;49DDT20110019;PPRT Phyteurop Montreuil-Bellay;Direction départementale des territoires;;;;52;PAYS DE LA LOIRE;49;MAINE-ET-LOIRE;49215;Montreuil-Bellay;20;Risque technologique;21;Risque industriel;213;Effet toxique;FAUX;;FAUX;;2009-12-23;2012-01-23;2012-02-23;2012-07-10;;2012-06-19;;;Opposable;2020-01-01;Approuvé;2020-01-01;2025-04-04
PPRT;Plan de Prévention des Risques Technologiques;45DREAL20090010;TDA (La-Ferté-Saint-Aubin);Direction régionale de l'environnement, de l'aménagement et du logement;;;;24;CENTRE-VAL DE LOIRE;45;LOIRET;45272;Saint-Cyr-en-Val;20;Risque technologique;21;Risque industriel;211;Effet thermique;FAUX;;FAUX;;2008-09-23;2009-11-27;2009-12-31;;;2010-06-15;;;Opposable;2020-01-01;Approuvé;2020-01-01;2025-04-03
PPRT;Plan de Prévention des Risques Technologiques;76DREAL20140005;Montville;Direction régionale de l'environnement, de l'aménagement et du logement;;;;28;NORMANDIE;76;SEINE-MARITIME;76402;Malaunay;20;Risque technologique;21;Risque industriel;211;Effet thermique;FAUX;;FAUX;;2009-12-22;2013-04-02;2013-05-02;;;2013-07-25;;;Opposable;2020-01-01;Approuvé;2020-01-01;2025-04-09
;;69DDT20200003;Vallée de la chimie 2;;;;;;;;;69123;Lyon;20;Risque technologique;21;Risque industriel;213;Effet toxique;FAUX;;FAUX;;2019-12-27;;;;2021-02-04;;;;;;;;2021-02-05
PPRT;Plan de Prévention des Risques Technologiques;62DREAL20140010;PPRT CECA;Direction régionale de l'environnement, de l'aménagement et du logement;;;;32;HAUTS-DE-FRANCE;62;PAS-DE-CALAIS;62753;Saint-Laurent-Blangy;20;Risque technologique;21;Risque industriel;211;Effet thermique;FAUX;;FAUX;;2009-08-11;2014-06-02;2014-07-04;;;2014-12-15;;;Opposable;2020-01-01;Approuvé;2020-01-01;2025-04-04
PPRT;Plan de Prévention des Risques Technologiques;51DDT20140007;51-PPRT ECOLAB ;Direction départementale des territoires;Saint-Martin-sur-le-Pré;;;44;GRAND EST;51;MARNE;51504;Saint-Martin-sur-le-Pré;20;Risque technologique;21;Risque industriel;211;Effet thermique;FAUX;;FAUX;;2009-09-30;;;;;2010-12-14;;;Opposable;2020-01-01;Approuvé;2020-01-01;2025-04-09
PPRT;Plan de Prévention des Risques Technologiques;13DREAL20140003;PPRT - Berre l'Étang 2019;Direction régionale de l'environnement, de l'aménagement et du logement;;;;93;PROVENCE-ALPES-COTE D'AZUR;13;BOUCHES-DU-RHONE;13081;Rognac;20;Risque technologique;21;Risque industriel;212;Effet de surpression;FAUX;;FAUX;;2013-08-01;2018-11-19;2018-12-20;;;2019-06-12;;;Opposable;2020-01-01;Approuvé;2020-01-01;2025-04-09
PPRT;Plan de Prévention des Risques Technologiques;55DDT20210005;PPRT ROZELIER;Direction départementale des territoires;PPRT ROZELIER;;;44;GRAND EST;55;MEUSE;55045;Belrupt-en-Verdunois;20;Risque technologique;21;Risque industriel;214;Effet de projection;FAUX;;FAUX;;2017-11-15;;;;;2023-07-06;;;Opposable;2020-01-01;Approuvé;2020-01-01;2025-04-10
PPRT;Plan de Prévention des Risques Technologiques;18DDT20140002;PPRT du site militaire d'Avord;Direction départementale des territoires;;;;24;CENTRE-VAL DE LOIRE;18;CHER;18247;Savigny-en-Septaine;20;Risque technologique;21;Risque industriel;214;Effet de projection;FAUX;;FAUX;;2012-12-21;2014-11-03;2014-12-02;;;2015-03-09;;;Opposable;2020-01-01;Approuvé;2020-01-01;2025-04-02
PPRT;Plan de Prévention des Risques Technologiques;26DDT20120010;PPRT - STORENGY;Direction départementale des territoires;;;;84;AUVERGNE-RHONE-ALPES;26;DROME;26314;Saint-Martin-d'Août;20;Risque technologique;21;Risque industriel;211;Effet thermique;FAUX;;FAUX;;2012-03-26;2015-06-08;;;;2015-10-22;;;Opposable;2020-01-01;Approuvé;2020-01-01;2025-04-09
PPRT;Plan de Prévention des Risques Technologiques;13DREAL20090004;PPRT - TOTAL Raffinage France 2014;Direction régionale de l'environnement, de l'aménagement et du logement;PPRT - TOTAL Raffinage Marketing - Raffinerie de Provence;;;93;PROVENCE-ALPES-COTE D'AZUR;13;BOUCHES-DU-RHONE;13056;Martigues;20;Risque technologique;21;Risque industriel;212;Effet de surpression;FAUX;;VRAI;13DDTM20210001;2009-04-10;2013-11-18;2013-12-20;;;2014-05-02;;2023-12-11;Caduque;2020-01-01;Abrogé;2020-01-01;2025-04-08
;;69DDT20200003;Vallée de la chimie 2;;;;;;;;;69123;Lyon;20;Risque technologique;21;Risque industriel;211;Effet thermique;FAUX;;FAUX;;2019-12-27;;;;2021-02-04;;;;;;;;2021-02-05
PPRT;Plan de Prévention des Risques Technologiques;59DREAL20090003;PPRT CRODA UNIQEMA;Direction régionale de l'environnement, de l'aménagement et du logement;;;;32;HAUTS-DE-FRANCE;62;PAS-DE-CALAIS;62224;Chocques;20;Risque technologique;21;Risque industriel;212;Effet de surpression;FAUX;;FAUX;;2007-05-23;;;;;2023-05-10;;;Opposable;2020-01-01;Approuvé;2020-01-01;2025-04-04
PPRT;Plan de Prévention des Risques Technologiques;62DREAL20140006;PPRT STYROLUTION;Direction régionale de l'environnement, de l'aménagement et du logement;;;;32;HAUTS-DE-FRANCE;62;PAS-DE-CALAIS;62842;Vendin-le-Vieil;20;Risque technologique;21;Risque industriel;213;Effet toxique;FAUX;;FAUX;;2009-12-24;2011-11-28;2011-12-28;;;2012-04-17;;;Opposable;2020-01-01;Approuvé;2020-01-01;2025-04-04
PPRT;Plan de Prévention des Risques Technologiques;95DDT20130002;95-60-27 PPRT STORENGY;Direction départementale des territoires;;;;11;ILE-DE-FRANCE;95;VAL-D'OISE;95119;Buhy;20;Risque technologique;21;Risque industriel;212;Effet de surpression;FAUX;;FAUX;;2010-10-08;2013-05-30;2013-06-29;;;2013-12-13;;;Opposable;2020-01-01;Approuvé;2020-01-01;2025-04-04
PPRT;Plan de Prévention des Risques Technologiques;81DREAL20140002;PPRT - EPC FRANCE;Direction régionale de l'environnement, de l'aménagement et du logement;MONTDRAGON;;;76;OCCITANIE;81;TARN;81174;Montdragon;20;Risque technologique;21;Risque industriel;212;Effet de surpression;FAUX;;FAUX;;2009-05-25;2012-10-29;;;;2013-02-22;;;Opposable;2020-01-01;Approuvé;2020-01-01;2025-04-09
PPRT;Plan de Prévention des Risques Technologiques;38DDT20140006;VENCOREX ISOCHEM - Pont-de-Claix;Direction départementale des territoires;;;;84;AUVERGNE-RHONE-ALPES;38;ISERE;38524;Varces-Allières-et-Risset;20;Risque technologique;21;Risque industriel;212;Effet de surpression;FAUX;;FAUX;;2011-12-21;2018-03-23;2018-04-24;;;;2018-06-27;;Caduque;2020-01-01;Annulé;2020-01-01;2025-04-11
PPRT;Plan de Prévention des Risques Technologiques;62DREAL20140010;PPRT CECA;Direction régionale de l'environnement, de l'aménagement et du logement;;;;32;HAUTS-DE-FRANCE;62;PAS-DE-CALAIS;62331;Feuchy;20;Risque technologique;21;Risque industriel;213;Effet toxique;FAUX;;FAUX;;2009-08-11;2014-06-02;2014-07-04;;;2014-12-15;;;Opposable;2020-01-01;Approuvé;2020-01-01;2025-04-04
PPRT;Plan de Prévention des Risques Technologiques;51DDT20140004;PPRT SFDM - Parc B;Direction départementale des territoires;Cheniers;;;44;GRAND EST;51;MARNE;51556;Soudron;20;Risque technologique;21;Risque industriel;211;Effet thermique;FAUX;;FAUX;;2013-05-02;;;;;2014-09-17;;;Opposable;2020-01-01;Approuvé;2020-01-01;2025-04-09
PPRT;Plan de Prévention des Risques Technologiques;26DDT20110001;PPRT - COURBIS SYNTHESE;Direction départementale des territoires;;;;84;AUVERGNE-RHONE-ALPES;26;DROME;26281;Romans-sur-Isère;20;Risque technologique;21;Risque industriel;211;Effet thermique;FAUX;;FAUX;;2011-05-31;2012-03-26;2012-04-26;;;2012-11-29;;;Opposable;2020-01-01;Approuvé;2020-01-01;2025-04-09
;;69DDT20200003;Vallée de la chimie 2;;;;;;;;;69276;Feyzin;20;Risque technologique;21;Risque industriel;212;Effet de surpression;FAUX;;FAUX;;2019-12-27;;;;2021-02-04;;;;;;;;2021-02-05
PPRT;Plan de Prévention des Risques Technologiques;51DREAL20090010;PPRT HUNTSMAN;Direction régionale de l'environnement, de l'aménagement et du logement;PPRT HUNTSMAN;;;44;GRAND EST;55;MEUSE;55264;Kœur-la-Petite;20;Risque technologique;21;Risque industriel;212;Effet de surpression;FAUX;;FAUX;;2008-12-10;;;;;2011-03-28;;;Opposable;2020-01-01;Approuvé;2020-01-01;2025-04-10
PPRT;Plan de Prévention des Risques Technologiques;21DDT20130003;RAFFINERIE DU MIDI;Direction départementale des territoires;Raffinerie du Midi (21);;;27;BOURGOGNE-FRANCHE-COMTE;21;COTE-D'OR;21231;Dijon;20;Risque technologique;21;Risque industriel;211;Effet thermique;FAUX;;FAUX;;2010-06-21;;;;;2016-11-28;;;Opposable;2020-01-01;Approuvé;2020-01-01;2025-03-27
PPRT;Plan de Prévention des Risques Technologiques;77DDT20130005;PPRT STORENGY;Direction départementale des territoires;PPRT STORENGY;;;11;ILE-DE-FRANCE;77;SEINE-ET-MARNE;77157;Dhuisy;20;Risque technologique;21;Risque industriel;211;Effet thermique;FAUX;;FAUX;;2010-10-13;;;;;2013-04-12;;;Opposable;2020-01-01;Approuvé;2020-01-01;2025-04-09
PPRT;Plan de Prévention des Risques Technologiques;2ADREAL20150001;PPRT GDF LORETTO;Direction régionale de l'environnement, de l'aménagement et du logement;S3IC 73-004;;;94;CORSE;2A;CORSE-DU-SUD;2A004;Ajaccio;20;Risque technologique;21;Risque industriel;212;Effet de surpression;FAUX;;FAUX;;2010-07-12;;;;;2016-09-27;;;Opposable;2020-01-01;Approuvé;2020-01-01;2025-04-09
PPRT;Plan de Prévention des Risques Technologiques;69DDT20200002;Vallée de la chimie;Direction départementale des territoires;;;;84;AUVERGNE-RHONE-ALPES;69;RHONE;69259;Vénissieux;20;Risque technologique;21;Risque industriel;211;Effet thermique;FAUX;;FAUX;;2015-04-21;;;;;2016-10-19;;;Opposable;2020-01-01;Approuvé;2020-01-01;2025-04-10
PPRT;Plan de Prévention des Risques Technologiques;38DDT20140002;ARKEMA AREVA-CEZUS - Jarrie;Direction départementale des territoires;;;;84;AUVERGNE-RHONE-ALPES;38;ISERE;38317;Le Pont-de-Claix;20;Risque technologique;21;Risque industriel;213;Effet toxique;FAUX;;VRAI;38DDT20140007;2010-06-14;2010-10-15;2010-11-15;;;2010-12-20;;2015-05-22;Caduque;2020-01-01;Abrogé;2020-01-01;2020-12-04
PPRT;Plan de Prévention des Risques Technologiques;75DRIEE_IF20090004;PPRT KERAGLASS;Direction Régionale et Interdépartementale de l'Environnement et de l'Énergie d'Ile-de-France;PPRT KERAGLASS;;;11;ILE-DE-FRANCE;77;SEINE-ET-MARNE;77016;Bagneaux-sur-Loing;20;Risque technologique;21;Risque industriel;213;Effet toxique;FAUX;;FAUX;;2008-10-06;2010-03-22;2010-04-23;;;2010-08-10;;;Opposable;2020-01-01;Approuvé;2020-01-01;2025-04-09
PPRT;Plan de Prévention des Risques Technologiques;75DRIEE_IF20090002;PPRT SDPN;Direction Régionale et Interdépartementale de l'Environnement et de l'Énergie d'Ile-de-France;PPRT SDPN;;;11;ILE-DE-FRANCE;92;HAUTS-DE-SEINE;92050;Nanterre;20;Risque technologique;21;Risque industriel;212;Effet de surpression;FAUX;;FAUX;;2009-02-25;;;;2014-05-06;;;;Caduque;2020-01-01;Déprescrit;2020-01-01;2022-04-29
PPRT;Plan de Prévention des Risques Technologiques;60DREAL20140001;STORENGY;Direction régionale de l'environnement, de l'aménagement et du logement;;;;32;HAUTS-DE-FRANCE;60;OISE;60061;Belloy;20;Risque technologique;21;Risque industriel;211;Effet thermique;FAUX;;FAUX;;2012-12-19;2014-10-06;2014-11-06;;;2014-12-30;;;Opposable;2020-01-01;Approuvé;2020-01-01;2025-03-27
PPRT;Plan de Prévention des Risques Technologiques;41DREAL20140001;STORENGY (Céré-la-Ronde);Direction régionale de l'environnement, de l'aménagement et du logement;;;;24;CENTRE-VAL DE LOIRE;37;INDRE-ET-LOIRE;37046;Céré-la-Ronde;20;Risque technologique;21;Risque industriel;212;Effet de surpression;FAUX;;FAUX;;2012-08-06;2013-09-30;2013-10-31;;;2013-12-24;;;Opposable;2020-01-01;Approuvé;2020-01-01;2025-04-16
PPRT;Plan de Prévention des Risques Technologiques;51DDT20140003;PPRT SFDM - Parc A;Direction départementale des territoires;Nuisement-sur-Coole;;;44;GRAND EST;51;MARNE;51409;Nuisement-sur-Coole;20;Risque technologique;21;Risque industriel;212;Effet de surpression;FAUX;;FAUX;;2011-12-12;;;;;2014-01-14;;;Opposable;2020-01-01;Approuvé;2020-01-01;2025-04-09
PPRT;Plan de Prévention des Risques Technologiques;33DREAL20130130;PPR CEREXAGRI;Direction régionale de l'environnement, de l'aménagement et du logement;;;;75;NOUVELLE-AQUITAINE;33;GIRONDE;33032;Bassens;20;Risque technologique;21;Risque industriel;213;Effet toxique;FAUX;;FAUX;;2011-02-09;2012-10-11;;;;2012-12-21;;;Opposable;2020-01-01;Approuvé;2020-01-01;2025-04-09
PPRT;Plan de Prévention des Risques Technologiques;64DREAL20130260;PPRT MOURENX;Direction régionale de l'environnement, de l'aménagement et du logement;;;;75;NOUVELLE-AQUITAINE;64;PYRENEES-ATLANTIQUES;64410;Mourenx;20;Risque technologique;21;Risque industriel;213;Effet toxique;FAUX;;FAUX;;2008-11-08;;;;;2012-06-14;;;Opposable;2020-01-01;Approuvé;2020-01-01;2025-06-11
PPRT;Plan de Prévention des Risques Technologiques;41DREAL20140002;MAXAM (La ferté Imbault);Direction régionale de l'environnement, de l'aménagement et du logement;;;;24;CENTRE-VAL DE LOIRE;41;LOIR-ET-CHER;41241;Selles-Saint-Denis;20;Risque technologique;21;Risque industriel;212;Effet de surpression;FAUX;;FAUX;;2011-04-29;2013-02-27;2013-03-29;;;2013-07-18;;;Opposable;2020-01-01;Approuvé;2020-01-01;2025-04-09
PPRT;Plan de Prévention des Risques Technologiques;38DDT20140007;Rév. ARKEMA AREVA-CEZUS-Jarrie;Direction départementale des territoires;;;;84;AUVERGNE-RHONE-ALPES;38;ISERE;38068;Champagnier;20;Risque technologique;21;Risque industriel;211;Effet thermique;VRAI;38DDT20140002;FAUX;;2011-12-21;2014-09-08;2014-10-09;;;2015-05-22;;;Opposable;2020-01-01;Approuvé;2020-01-01;2025-11-21
PPRT;Plan de Prévention des Risques Technologiques;35DREAL20090009;PPRT SICOGAZ;Direction régionale de l'environnement, de l'aménagement et du logement;;;;53;BRETAGNE;56;MORBIHAN;56185;Quéven;20;Risque technologique;21;Risque industriel;211;Effet thermique;FAUX;;FAUX;;2008-06-30;;;;;2012-02-27;;;Opposable;2020-01-01;Approuvé;2020-01-01;2025-04-10
PPRT;Plan de Prévention des Risques Technologiques;04DREAL20140004;PPRT - Géosel - Géoméhane [ Manosque ] 2019;Direction régionale de l'environnement, de l'aménagement et du logement;;;;93;PROVENCE-ALPES-COTE D'AZUR;04;ALPES-DE-HAUTE-PROVENCE;04068;Dauphin;20;Risque technologique;21;Risque industriel;211;Effet thermique;FAUX;;FAUX;;2012-07-30;;;;;2019-11-05;;;Opposable;2020-01-01;Approuvé;2020-01-01;2025-11-13
PPRT;Plan de Prévention des Risques Technologiques;87DREAL20090004;PPRT Titanobel;Direction régionale de l'environnement, de l'aménagement et du logement;PPRT Titanobel;;;75;NOUVELLE-AQUITAINE;87;HAUTE-VIENNE;87076;Jabreilles-les-Bordes;20;Risque technologique;21;Risque industriel;212;Effet de surpression;FAUX;;VRAI;87DREAL20140001;2007-11-26;2009-02-23;2009-03-25;;;2009-05-13;2012-08-28;;Caduque;2020-01-01;Annulé;2020-01-01;2014-06-17
PPRT;Plan de Prévention des Risques Technologiques;13DREAL20110046;PPRT - Eurenco [ Sorgues ] 2013 ;Direction départementale des territoires;;;;93;PROVENCE-ALPES-COTE D'AZUR;84;VAUCLUSE;84092;Le Pontet;20;Risque technologique;21;Risque industriel;214;Effet de projection;FAUX;;FAUX;;2009-07-06;2013-06-10;2013-07-10;;;2013-12-13;;;Opposable;2020-01-01;Approuvé;2020-01-01;2025-04-09
PPRT;Plan de Prévention des Risques Technologiques;60DREAL20140004;Hüttenes Albertus;Direction régionale de l'environnement, de l'aménagement et du logement;;;;32;HAUTS-DE-FRANCE;60;OISE;60509;Pont-Sainte-Maxence;20;Risque technologique;21;Risque industriel;211;Effet thermique;FAUX;;FAUX;;2009-10-26;2013-06-03;2013-07-03;;;2013-10-14;;;Opposable;2020-01-01;Approuvé;2020-01-01;2025-03-27
PPRT;Plan de Prévention des Risques Technologiques;87DREAL20140002;PPRT Primagaz;Direction régionale de l'environnement, de l'aménagement et du logement;;;;75;NOUVELLE-AQUITAINE;87;HAUTE-VIENNE;87178;Saint-Priest-Taurion;20;Risque technologique;21;Risque industriel;211;Effet thermique;FAUX;;FAUX;;2010-01-14;2012-12-19;2013-01-21;2013-10-29;;2013-06-26;;;Opposable;2020-01-01;Approuvé;2020-01-01;2025-04-04
PPRT;Plan de Prévention des Risques Technologiques;01DREAL20070001;01 PPRT de St Vulbas;Direction régionale de l'environnement, de l'aménagement et du logement;St Vulbas;;;84;AUVERGNE-RHONE-ALPES;01;AIN;01047;Blyes;20;Risque technologique;21;Risque industriel;213;Effet toxique;FAUX;;FAUX;;2017-12-01;;;;;2019-05-13;;;Opposable;2020-01-01;Approuvé;2020-01-01;2021-03-03
PPRT;Plan de Prévention des Risques Technologiques;13DREAL20140004;PPRT - Fos Est 2018;Direction régionale de l'environnement, de l'aménagement et du logement;;;;93;PROVENCE-ALPES-COTE D'AZUR;13;BOUCHES-DU-RHONE;13039;Fos-sur-Mer;20;Risque technologique;21;Risque industriel;213;Effet toxique;FAUX;;FAUX;;2011-01-26;2017-11-06;2017-12-08;;;2018-03-30;;;Opposable;2020-01-01;Approuvé;2020-01-01;2025-04-09
PPRT;Plan de Prévention des Risques Technologiques;13DREAL20140003;PPRT - Berre l'Étang 2019;Direction régionale de l'environnement, de l'aménagement et du logement;;;;93;PROVENCE-ALPES-COTE D'AZUR;13;BOUCHES-DU-RHONE;13014;Berre-l'Étang;20;Risque technologique;21;Risque industriel;213;Effet toxique;FAUX;;FAUX;;2013-08-01;2018-11-19;2018-12-20;;;2019-06-12;;;Opposable;2020-01-01;Approuvé;2020-01-01;2025-04-09
PPRT;Plan de Prévention des Risques Technologiques;69DREAL20090016;73 PPRT de Chignin;Direction régionale de l'environnement, de l'aménagement et du logement;73 PPRT de Chignin;;;84;AUVERGNE-RHONE-ALPES;73;SAVOIE;73151;Porte-de-Savoie;20;Risque technologique;21;Risque industriel;212;Effet de surpression;FAUX;;FAUX;;2008-10-10;2011-09-09;2011-10-09;;;2011-12-15;;2014-05-21;Caduque;2020-01-01;Abrogé;2020-01-01;2017-05-10
PPRT;Plan de Prévention des Risques Technologiques;89DREAL20140005;Primagaz;Direction régionale de l'environnement, de l'aménagement et du logement;;;;27;BOURGOGNE-FRANCHE-COMTE;89;YONNE;89345;Saint-Florentin;20;Risque technologique;21;Risque industriel;212;Effet de surpression;FAUX;;FAUX;;2016-05-20;;;;;2017-12-29;;;Opposable;2020-01-01;Approuvé;2020-01-01;2025-03-27
PPRT;Plan de Prévention des Risques Technologiques;60DREAL20140011;FM Logistic;Direction régionale de l'environnement, de l'aménagement et du logement;;;;32;HAUTS-DE-FRANCE;60;OISE;60369;Longueil-Sainte-Marie;20;Risque technologique;21;Risque industriel;213;Effet toxique;FAUX;;FAUX;;2009-11-12;2010-09-10;2010-10-10;;;2010-12-23;;;Opposable;2020-01-01;Approuvé;2020-01-01;2025-03-27
PPRT;Plan de Prévention des Risques Technologiques;04DREAL20140004;PPRT - Géosel - Géoméhane [ Manosque ] 2019;Direction régionale de l'environnement, de l'aménagement et du logement;;;;93;PROVENCE-ALPES-COTE D'AZUR;04;ALPES-DE-HAUTE-PROVENCE;04241;Villemus;20;Risque technologique;21;Risque industriel;212;Effet de surpression;FAUX;;FAUX;;2012-07-30;;;;;2019-11-05;;;Opposable;2020-01-01;Approuvé;2020-01-01;2025-11-13
PPRT;Plan de Prévention des Risques Technologiques;59DDTM20130009;PPRT TOTAL Raffinage Marketing;Direction départementale des territoires et de la mer;;;;32;HAUTS-DE-FRANCE;59;NORD;59359;Loon-Plage;20;Risque technologique;21;Risque industriel;211;Effet thermique;FAUX;;FAUX;;2009-06-10;2012-10-05;2012-11-05;;;2013-02-21;;;Opposable;2020-01-01;Approuvé;2020-01-01;2025-04-10
PPRT;Plan de Prévention des Risques Technologiques;29DDTM20200001;Pyrotechnie Saint Nicolas;Direction départementale des territoires et de la mer;Pyrotechnie militaire;;;53;BRETAGNE;29;FINISTERE;29235;Le Relecq-Kerhuon;20;Risque technologique;21;Risque industriel;213;Effet toxique;FAUX;;FAUX;;2019-11-15;;;;;2025-06-06;;;Opposable;2020-01-01;Approuvé;2020-01-01;2025-07-15
PPRT;Plan de Prévention des Risques Technologiques;76DREAL20090003;PPRT EADS REVIMA Caudebec en Ca;Direction régionale de l'environnement, de l'aménagement et du logement;PPRT EADS REVIMA Caudebec en Caux;;;28;NORMANDIE;76;SEINE-MARITIME;76164;Rives-en-Seine;20;Risque technologique;21;Risque industriel;212;Effet de surpression;FAUX;;FAUX;;2008-05-09;2011-01-24;2011-02-25;;;2011-07-04;;;Opposable;2020-01-01;Approuvé;2020-01-01;2025-04-09
PPRT;Plan de Prévention des Risques Technologiques;73PREF20160026;PPRT-TRIMET;Préfecture;St Jean de Maurienne;;;84;AUVERGNE-RHONE-ALPES;73;SAVOIE;73135;La Tour-en-Maurienne;20;Risque technologique;24;Transport de marchandises dangereuses;;;FAUX;;FAUX;;2009-12-31;2012-01-04;2012-02-04;;;2012-04-11;;;Opposable;2020-01-01;Approuvé;2020-01-01;2025-04-04
PPRT;Plan de Prévention des Risques Technologiques;34DDTM20120161;PPRT - Minguez;Direction départementale des territoires et de la mer;;;;76;OCCITANIE;34;HERAULT;34336;Villeneuve-lès-Béziers;20;Risque technologique;21;Risque industriel;213;Effet toxique;FAUX;;FAUX;;2010-04-13;2012-11-05;2012-12-07;2013-05-30;;2013-03-06;;;Opposable;2020-01-01;Approuvé;2020-01-01;2025-04-09
PPRT;Plan de Prévention des Risques Technologiques;10DDT20130014;PPRT-Cristal Union ;Direction départementale des territoires;;;;44;GRAND EST;10;AUBE;10429;Villette-sur-Aube;20;Risque technologique;21;Risque industriel;212;Effet de surpression;FAUX;;FAUX;;2007-12-13;;;;;2009-11-10;;;Opposable;2020-01-01;Approuvé;2020-01-01;2025-04-09
PPRT;Plan de Prévention des Risques Technologiques;80DREAL20140002;Ajinomoto Foods Europe;Direction régionale de l'environnement, de l'aménagement et du logement;;;;32;HAUTS-DE-FRANCE;80;SOMME;80585;Nesle;20;Risque technologique;21;Risque industriel;211;Effet thermique;FAUX;;FAUX;;2012-04-13;2013-09-18;2013-10-18;;;2013-12-31;;;Opposable;2020-01-01;Approuvé;2020-01-01;2025-04-04
PPRT;Plan de Prévention des Risques Technologiques;69DDT20200002;Vallée de la chimie;Direction départementale des territoires;;;;84;AUVERGNE-RHONE-ALPES;69;RHONE;69296;Solaize;20;Risque technologique;21;Risque industriel;212;Effet de surpression;FAUX;;FAUX;;2015-04-21;;;;;2016-10-19;;;Opposable;2020-01-01;Approuvé;2020-01-01;2025-04-10
PPRT;Plan de Prévention des Risques Technologiques;63DREAL20140002;PPRT SANOFI Vertolaye;Direction régionale de l'environnement, de l'aménagement et du logement;Vertolaye;;;84;AUVERGNE-RHONE-ALPES;63;PUY-DE-DOME;63037;Bertignat;20;Risque technologique;21;Risque industriel;213;Effet toxique;FAUX;;FAUX;;2010-06-14;2014-01-13;;;;2014-04-04;;;Opposable;2020-01-01;Approuvé;2020-01-01;2025-04-09
PPRT;Plan de Prévention des Risques Technologiques;82DDT20110003;PPRT - LOGITIA;Direction départementale des territoires;Commune de Montbartier;;;76;OCCITANIE;82;TARN-ET-GARONNE;82123;Montbartier;20;Risque technologique;21;Risque industriel;213;Effet toxique;FAUX;;FAUX;;2009-12-11;2011-10-24;2011-11-24;2012-08-16;;2012-01-20;;;Opposable;2020-01-01;Approuvé;2020-01-01;2025-04-09
PPRT;Plan de Prévention des Risques Technologiques;38DDT20140009;ADISSEO TOURMALINE-St-Clair-Rhôn;Direction départementale des territoires;38 et 69;;;84;AUVERGNE-RHONE-ALPES;38;ISERE;38353;Saint-Alban-du-Rhône;20;Risque technologique;21;Risque industriel;213;Effet toxique;FAUX;;FAUX;;2012-02-09;2018-04-24;2018-05-24;;;2018-07-18;;;Opposable;2020-01-01;Approuvé;2020-01-01;2025-04-10
PPRT;Plan de Prévention des Risques Technologiques;02DDT20110001;FM Logistic;Direction départementale des territoires;;;;32;HAUTS-DE-FRANCE;02;AISNE;02297;Étrépilly;20;Risque technologique;21;Risque industriel;213;Effet toxique;FAUX;;FAUX;;2009-09-10;;;;;2010-12-28;;;Opposable;2020-01-01;Approuvé;2020-01-01;2025-04-09
PPRT;Plan de Prévention des Risques Technologiques;30DDTM20060005;PPRT - SANOFI;Direction départementale des territoires et de la mer;;;;76;OCCITANIE;30;GARD;30012;Aramon;20;Risque technologique;21;Risque industriel;211;Effet thermique;FAUX;;FAUX;;2010-06-03;;;;;2013-01-16;;;Opposable;2020-01-01;Approuvé;2020-01-01;2025-04-09
PPRT;Plan de Prévention des Risques Technologiques;973DEAL20150004;PPRT Centre spatial guyanais;Direction de l'environnement, de l'aménagement et du logement;;;;03;GUYANE;973;GUYANE;97312;Sinnamary;20;Risque technologique;21;Risque industriel;214;Effet de projection;FAUX;;FAUX;;2010-06-28;2013-07-15;2013-08-14;;;2013-11-18;;;Opposable;2020-01-01;Approuvé;2020-01-01;2025-06-18
PPRT;Plan de Prévention des Risques Technologiques;30DDTM20110001;PPRT - EPC (ex NITROBICKFORD);Direction départementale des territoires et de la mer;;;;76;OCCITANIE;30;GARD;30027;Bagard;20;Risque technologique;21;Risque industriel;212;Effet de surpression;FAUX;;FAUX;;2009-07-17;;;;;2012-04-18;;;Opposable;2020-01-01;Approuvé;2020-01-01;2025-04-09
PPRT;Plan de Prévention des Risques Technologiques;25DREAL20110021;PPRt SFPLJ;Direction régionale de l'environnement, de l'aménagement et du logement;SFPLJ;;;27;BOURGOGNE-FRANCHE-COMTE;25;DOUBS;25418;Nancray;20;Risque technologique;21;Risque industriel;212;Effet de surpression;FAUX;;FAUX;;2007-12-20;2009-04-17;;;;2009-10-23;;;Opposable;2020-01-01;Approuvé;2020-01-01;2025-03-27
PPRT;Plan de Prévention des Risques Technologiques;22DDTM20080002;PPR NITROBICKFORD;Direction départementale des territoires et de la mer;;;;53;BRETAGNE;22;COTES-D'ARMOR;22136;Loudéac;20;Risque technologique;21;Risque industriel;212;Effet de surpression;FAUX;;FAUX;;2008-03-28;;;;;2010-11-10;;;Opposable;2020-01-01;Approuvé;2020-01-01;2025-02-19
;;69DDT20200003;Vallée de la chimie 2;;;;;;;;;69276;Feyzin;20;Risque technologique;21;Risque industriel;211;Effet thermique;FAUX;;FAUX;;2019-12-27;;;;2021-02-04;;;;;;;;2021-02-05
PPRT;Plan de Prévention des Risques Technologiques;67DREAL20140037;67 PPRT ROHM AND HAAS;Direction régionale de l'environnement, de l'aménagement et du logement;67 PPRT ROHM AND HAAS;;;44;GRAND EST;67;BAS-RHIN;67261;Lauterbourg;20;Risque technologique;21;Risque industriel;213;Effet toxique;FAUX;;FAUX;;2010-03-17;2013-09-12;2013-10-11;;;2014-01-21;;;Opposable;2020-01-01;Approuvé;2020-01-01;2025-04-09
PPRT;Plan de Prévention des Risques Technologiques;51DREAL20090004;PPRT de EPC FRANCE  ;Direction régionale de l'environnement, de l'aménagement et du logement;PPRT de EPC FRANCE  STE BARBE;;;44;GRAND EST;57;MOSELLE;57736;Vry;20;Risque technologique;21;Risque industriel;212;Effet de surpression;FAUX;;VRAI;57DDT20200003;2007-11-27;2009-12-09;2010-01-11;;;2010-05-10;;2014-08-11;Caduque;2020-01-01;Abrogé;2020-01-01;2025-01-27
PPRT;Plan de Prévention des Risques Technologiques;31DREAL20090009;PPRT - FIBRE EXCELLENCE;Direction régionale de l'environnement, de l'aménagement et du logement;SAINT-GAUDENS;;;76;OCCITANIE;31;HAUTE-GARONNE;31483;Saint-Gaudens;20;Risque technologique;21;Risque industriel;213;Effet toxique;FAUX;;FAUX;;2012-12-17;2015-09-21;2015-10-21;;;2015-12-30;;;Opposable;2020-01-01;Approuvé;2020-01-01;2025-04-09
PPRT;Plan de Prévention des Risques Technologiques;13DREAL20140017; PPRT - EURENCO [ Saint Martin de Crau ];Direction régionale de l'environnement, de l'aménagement et du logement;;;;93;PROVENCE-ALPES-COTE D'AZUR;13;BOUCHES-DU-RHONE;13097;Saint-Martin-de-Crau;20;Risque technologique;21;Risque industriel;214;Effet de projection;FAUX;;FAUX;;2010-12-30;2013-12-30;2014-01-31;;;2014-06-30;;;Opposable;2020-01-01;Approuvé;2020-01-01;2025-04-09
PPRT;Plan de Prévention des Risques Technologiques;77DDT20130005;PPRT STORENGY;Direction départementale des territoires;PPRT STORENGY;;;11;ILE-DE-FRANCE;77;SEINE-ET-MARNE;60656;Varinfroy;20;Risque technologique;21;Risque industriel;212;Effet de surpression;FAUX;;FAUX;;2010-10-13;;;;;2013-04-12;;;Opposable;2020-01-01;Approuvé;2020-01-01;2025-04-09
PPRT;Plan de Prévention des Risques Technologiques;62DREAL20140002;PPRT SI GROUP;Direction régionale de l'environnement, de l'aménagement et du logement;;;;32;HAUTS-DE-FRANCE;62;PAS-DE-CALAIS;62126;Beuvry;20;Risque technologique;21;Risque industriel;212;Effet de surpression;FAUX;;FAUX;;2009-12-07;2011-12-26;2012-01-27;;;2012-05-22;;;Opposable;2020-01-01;Approuvé;2020-01-01;2025-04-04
PPRT;Plan de Prévention des Risques Technologiques;45DREAL20140006;VWR (Briare);Direction régionale de l'environnement, de l'aménagement et du logement;;;;24;CENTRE-VAL DE LOIRE;45;LOIRET;45053;Briare;20;Risque technologique;21;Risque industriel;212;Effet de surpression;FAUX;;FAUX;;2009-12-24;2012-06-18;2012-07-21;;;2012-11-08;;;Opposable;2020-01-01;Approuvé;2020-01-01;2025-04-03
PPRT;Plan de Prévention des Risques Technologiques;51DREAL20090002;PPRT de BRENNTAG LORRAINE;Direction régionale de l'environnement, de l'aménagement et du logement;PPRT de BRENNTAG LORRAINE;;;44;GRAND EST;54;MEURTHE-ET-MOSELLE;54584;Villey-Saint-Étienne;20;Risque technologique;21;Risque industriel;211;Effet thermique;FAUX;;FAUX;;2009-03-18;;;;;2011-12-21;;;Opposable;2020-01-01;Approuvé;2020-01-01;2025-04-09
PPRT;Plan de Prévention des Risques Technologiques;89DREAL20140006;Chemetall;Direction régionale de l'environnement, de l'aménagement et du logement;;;;27;BOURGOGNE-FRANCHE-COMTE;89;YONNE;89338;Saint-Clément;20;Risque technologique;21;Risque industriel;212;Effet de surpression;FAUX;;FAUX;;2008-05-28;;;;;2011-09-05;;;Opposable;2020-01-01;Approuvé;2020-01-01;2025-03-28
PPRT;Plan de Prévention des Risques Technologiques;64DREAL20150001;PPRT - MOURENX/PARDIES (Modification);Direction régionale de l'environnement, de l'aménagement et du logement;MOURENX/PARDIES;;;75;NOUVELLE-AQUITAINE;64;PYRENEES-ATLANTIQUES;64431;Os-Marsillon;20;Risque technologique;21;Risque industriel;213;Effet toxique;FAUX;;FAUX;;2011-02-08;;;;;2015-04-15;;;Opposable;2020-01-01;Approuvé;2020-01-01;2025-11-20
PPRT;Plan de Prévention des Risques Technologiques;02DDT20160003;STORENGY;Direction départementale des territoires;;;;32;HAUTS-DE-FRANCE;02;AISNE;02465;Marigny-en-Orxois;20;Risque technologique;21;Risque industriel;212;Effet de surpression;FAUX;;FAUX;;2010-10-13;2012-12-17;2013-01-29;2013-06-24;;2013-04-12;;;Opposable;2020-01-01;Approuvé;2020-01-01;2012-04-13
PPRT;Plan de Prévention des Risques Technologiques;76DREAL20150001;Saint-Pierre-lès-Elbeuf;Direction régionale de l'environnement, de l'aménagement et du logement;;;;28;NORMANDIE;76;SEINE-MARITIME;27394;Martot;20;Risque technologique;21;Risque industriel;211;Effet thermique;FAUX;;FAUX;;2010-05-06;2014-02-24;2014-03-26;;;2014-06-03;;;Opposable;2020-01-01;Approuvé;2020-01-01;2025-04-09
PPRT;Plan de Prévention des Risques Technologiques;81DREAL20140001;PPRT - SEPIPROD;Direction régionale de l'environnement, de l'aménagement et du logement;;;;76;OCCITANIE;81;TARN;81065;Castres;20;Risque technologique;21;Risque industriel;211;Effet thermique;FAUX;;FAUX;;2010-04-20;2013-05-15;;;;2013-09-06;;;Opposable;2020-01-01;Approuvé;2020-01-01;2025-04-09
PPRT;Plan de Prévention des Risques Technologiques;79DDT20110044;PPRT TITANOBEL;Direction départementale des territoires;;;;75;NOUVELLE-AQUITAINE;79;DEUX-SEVRES;79008;Amailloux;20;Risque technologique;21;Risque industriel;212;Effet de surpression;FAUX;;FAUX;;2008-06-10;2009-09-17;2009-10-19;;;2009-12-07;;;Opposable;2020-01-01;Approuvé;2020-01-01;2025-04-09
PPRT;Plan de Prévention des Risques Technologiques;40DREAL20130238;PPRT  DRT Vielle Saint Girons;Direction régionale de l'environnement, de l'aménagement et du logement;;;;75;NOUVELLE-AQUITAINE;40;LANDES;40326;Vielle-Saint-Girons;20;Risque technologique;21;Risque industriel;211;Effet thermique;FAUX;;FAUX;;2008-05-30;2009-12-08;2010-01-08;;;2010-04-28;;;Opposable;2020-01-01;Approuvé;2020-01-01;2025-04-09
PPRT;Plan de Prévention des Risques Technologiques;38DDT20140006;VENCOREX ISOCHEM - Pont-de-Claix;Direction départementale des territoires;;;;84;AUVERGNE-RHONE-ALPES;38;ISERE;38524;Varces-Allières-et-Risset;20;Risque technologique;21;Risque industriel;211;Effet thermique;FAUX;;FAUX;;2011-12-21;2018-03-23;2018-04-24;;;;2018-06-27;;Caduque;2020-01-01;Annulé;2020-01-01;2025-04-11
PPRT;Plan de Prévention des Risques Technologiques;PPRT_2022_0003;PPRT - Etablissement DGATT Bourges;Direction départementale des territoires;;;;;;18;CHER;18018;Avord;20;Risque technologique;21;Risque industriel;214;Effet de projection;FAUX;;FAUX;;2020-11-06;;;;;2023-08-03;;;Opposable;2020-01-01;Approuvé;2020-01-01;2025-04-02
PPRT;Plan de Prévention des Risques Technologiques;59DREAL20090012;PPRT TITANOBEL ETH;Direction régionale de l'environnement, de l'aménagement et du logement;;;;32;HAUTS-DE-FRANCE;59;NORD;59116;Bry;20;Risque technologique;21;Risque industriel;212;Effet de surpression;FAUX;;FAUX;;2008-12-28;2008-12-19;2009-02-19;;;2009-06-02;;2012-07-06;Caduque;2020-01-01;Abrogé;2020-01-01;2024-07-24
PPRT;Plan de Prévention des Risques Technologiques;31DREAL20090007;PPRT - NEXTER Munitions;Direction régionale de l'environnement, de l'aménagement et du logement;PPRT NEXTER Munitions;;;76;OCCITANIE;65;HAUTES-PYRENEES;65100;Bordères-sur-l'Échez;20;Risque technologique;21;Risque industriel;211;Effet thermique;FAUX;;FAUX;;2008-08-12;2012-02-08;2012-03-16;2012-10-23;;2012-07-10;;;Opposable;2020-01-01;Approuvé;2020-01-01;2025-04-17
PPRT;Plan de Prévention des Risques Technologiques;22DDTM20110003;PPRT SPD;Direction départementale des territoires et de la mer;;;;53;BRETAGNE;22;COTES-D'ARMOR;22215;Ploufragan;20;Risque technologique;21;Risque industriel;212;Effet de surpression;FAUX;;FAUX;;2008-12-11;;;;;2010-11-10;;2021-03-17;Caduque;2020-01-01;Abrogé;2020-01-01;2024-06-27
PPRT;Plan de Prévention des Risques Technologiques;59DREAL20140001;PPRT Zone Industrialo-Portuaire;Direction régionale de l'environnement, de l'aménagement et du logement;;;;32;HAUTS-DE-FRANCE;59;NORD;59359;Loon-Plage;20;Risque technologique;21;Risque industriel;213;Effet toxique;FAUX;;FAUX;;2009-02-20;2015-10-06;2015-11-06;;;2015-12-28;;;Opposable;2020-01-01;Approuvé;2020-01-01;2025-04-10
PPRT;Plan de Prévention des Risques Technologiques;77DDT20130003;PPRT GAZECHIM CCMP GEREP;Direction départementale des territoires;PPRT GAZECHIM CCMP GEREP;;;11;ILE-DE-FRANCE;77;SEINE-ET-MARNE;77294;Mitry-Mory;20;Risque technologique;21;Risque industriel;213;Effet toxique;FAUX;;FAUX;;2014-02-06;;;;;2015-08-19;;;Opposable;2020-01-01;Approuvé;2020-01-01;2025-06-16
PPRT;Plan de Prévention des Risques Technologiques;31DREAL20090002; PPRT - ARKEMA;Direction régionale de l'environnement, de l'aménagement et du logement;PPRT ARKEMA;;;76;OCCITANIE;65;HAUTES-PYRENEES;65069;La Barthe-de-Neste;20;Risque technologique;21;Risque industriel;211;Effet thermique;FAUX;;FAUX;;2006-08-04;2008-06-16;2008-07-15;;;2008-10-29;;;Opposable;2020-01-01;Approuvé;2020-01-01;2025-04-09
PPRT;Plan de Prévention des Risques Technologiques;89DREAL20140002;Davey Bickford;Direction régionale de l'environnement, de l'aménagement et du logement;Davey Bickford (89);;;27;BOURGOGNE-FRANCHE-COMTE;89;YONNE;89201;Héry;20;Risque technologique;21;Risque industriel;211;Effet thermique;FAUX;;FAUX;;2010-01-18;;;;;2012-02-17;;;Opposable;2020-01-01;Approuvé;2020-01-01;2025-03-27
PPRT;Plan de Prévention des Risques Technologiques;76DREAL20140008;Port Jérôme;Direction régionale de l'environnement, de l'aménagement et du logement;;;;28;NORMANDIE;76;SEINE-MARITIME;27518;Saint-Aubin-sur-Quillebeuf;20;Risque technologique;21;Risque industriel;212;Effet de surpression;FAUX;;FAUX;;2009-05-29;2014-04-14;2014-05-21;;;2014-08-07;;;Opposable;2020-01-01;Approuvé;2020-01-01;2025-04-04
PPRT;Plan de Prévention des Risques Technologiques;38DDT20140007;Rév. ARKEMA AREVA-CEZUS-Jarrie;Direction départementale des territoires;;;;84;AUVERGNE-RHONE-ALPES;38;ISERE;38317;Le Pont-de-Claix;20;Risque technologique;21;Risque industriel;212;Effet de surpression;VRAI;38DDT20140002;FAUX;;2011-12-21;2014-09-08;2014-10-09;;;2015-05-22;;;Opposable;2020-01-01;Approuvé;2020-01-01;2025-11-21
PPRT;Plan de Prévention des Risques Technologiques;83DREAL20140148;PPRT - militaire pyrotechnie [ Toulon ] 2013;Direction régionale de l'environnement, de l'aménagement et du logement;;;;93;PROVENCE-ALPES-COTE D'AZUR;83;VAR;83126;La Seyne-sur-Mer;20;Risque technologique;21;Risque industriel;214;Effet de projection;FAUX;;FAUX;;2013-03-01;;;;;;;;Prescrit;2020-01-01;Prescrit;2020-01-01;2025-04-15
PPRT;Plan de Prévention des Risques Technologiques;76DDTM20150004;ZIP Petit-Couronne;Direction départementale des territoires et de la mer;;;;28;NORMANDIE;76;SEINE-MARITIME;76484;Oissel;20;Risque technologique;21;Risque industriel;211;Effet thermique;FAUX;;FAUX;;2012-12-13;2018-10-08;2018-11-29;;;2019-01-29;;;Opposable;2020-01-01;Approuvé;2020-01-01;2025-04-09
PPRT;Plan de Prévention des Risques Technologiques;PPRT_2022_0003;PPRT - Etablissement DGATT Bourges;Direction départementale des territoires;;;;;;18;CHER;18081;Crosses;20;Risque technologique;21;Risque industriel;211;Effet thermique;FAUX;;FAUX;;2020-11-06;;;;;2023-08-03;;;Opposable;2020-01-01;Approuvé;2020-01-01;2025-04-02
PPRT;Plan de Prévention des Risques Technologiques;44DREAL20090002;PPRT BUTAGAZ - Arnage - 72;Direction régionale de l'environnement, de l'aménagement et du logement;PPRT BUTAGAZ - Arnage - 72;;;52;PAYS DE LA LOIRE;72;SARTHE;72008;Arnage;20;Risque technologique;21;Risque industriel;211;Effet thermique;FAUX;;FAUX;;2008-10-27;2010-02-08;2010-02-08;;;2010-11-22;;;Opposable;2020-01-01;Approuvé;2020-01-01;2025-04-04
PPRT;Plan de Prévention des Risques Technologiques;38DDT20140007;Rév. ARKEMA AREVA-CEZUS-Jarrie;Direction départementale des territoires;;;;84;AUVERGNE-RHONE-ALPES;38;ISERE;38445;Saint-Pierre-de-Mésage;20;Risque technologique;21;Risque industriel;213;Effet toxique;VRAI;38DDT20140002;FAUX;;2011-12-21;2014-09-08;2014-10-09;;;2015-05-22;;;Opposable;2020-01-01;Approuvé;2020-01-01;2025-11-21
PPRT;Plan de Prévention des Risques Technologiques;13DDTM20210001;PPRT - TOTAL Raffinage France 2023;Direction départementale des territoires et de la mer;;;;93;PROVENCE-ALPES-COTE D'AZUR;13;BOUCHES-DU-RHONE;13026;Châteauneuf-les-Martigues;20;Risque technologique;21;Risque industriel;211;Effet thermique;VRAI;13DREAL20090004;FAUX;;2019-10-21;;;;;2023-12-11;;;Opposable;2020-01-01;Approuvé;2020-01-01;2025-04-09
PPRT;Plan de Prévention des Risques Technologiques;40DREAL20140001;PPRT DE BISCARROSSE;Direction régionale de l'environnement, de l'aménagement et du logement;;;;75;NOUVELLE-AQUITAINE;40;LANDES;40184;Mimizan;20;Risque technologique;21;Risque industriel;212;Effet de surpression;FAUX;;FAUX;;2012-05-29;;;;;2013-10-08;;;Opposable;2020-01-01;Approuvé;2020-01-01;2025-04-09
PPRT;Plan de Prévention des Risques Technologiques;69DREAL20090009;51-PPRT TEREOS  Morains le Peti;Direction régionale de l'environnement, de l'aménagement et du logement;51-PPRT TEREOS  Morains le Petit;;;44;GRAND EST;51;MARNE;51158;Val-des-Marais;20;Risque technologique;21;Risque industriel;212;Effet de surpression;FAUX;;FAUX;;2008-08-07;;;;;2009-09-24;;;Opposable;2020-01-01;Approuvé;2020-01-01;2025-04-09
PPRT;Plan de Prévention des Risques Technologiques;64DREAL20130258;PPRT LBC;Direction régionale de l'environnement, de l'aménagement et du logement;;;;75;NOUVELLE-AQUITAINE;64;PYRENEES-ATLANTIQUES;64024;Anglet;20;Risque technologique;21;Risque industriel;211;Effet thermique;FAUX;;FAUX;;2008-12-30;;;;;2013-04-05;;;Opposable;2020-01-01;Approuvé;2020-01-01;2025-06-11
PPRT;Plan de Prévention des Risques Technologiques;45DREAL20090010;TDA (La-Ferté-Saint-Aubin);Direction régionale de l'environnement, de l'aménagement et du logement;;;;24;CENTRE-VAL DE LOIRE;45;LOIRET;45006;Ardon;20;Risque technologique;21;Risque industriel;212;Effet de surpression;FAUX;;FAUX;;2008-09-23;2009-11-27;2009-12-31;;;2010-06-15;;;Opposable;2020-01-01;Approuvé;2020-01-01;2025-04-03
PPRT;Plan de Prévention des Risques Technologiques;PPRT_2022_0003;PPRT - Etablissement DGATT Bourges;Direction départementale des territoires;;;;;;18;CHER;18247;Savigny-en-Septaine;20;Risque technologique;21;Risque industriel;213;Effet toxique;FAUX;;FAUX;;2020-11-06;;;;;2023-08-03;;;Opposable;2020-01-01;Approuvé;2020-01-01;2025-04-02
PPRT;Plan de Prévention des Risques Technologiques;38DDT20140009;ADISSEO TOURMALINE-St-Clair-Rhôn;Direction départementale des territoires;38 et 69;;;84;AUVERGNE-RHONE-ALPES;38;ISERE;42056;Chavanay;20;Risque technologique;21;Risque industriel;213;Effet toxique;FAUX;;FAUX;;2012-02-09;2018-04-24;2018-05-24;;;2018-07-18;;;Opposable;2020-01-01;Approuvé;2020-01-01;2025-04-10
PPRT;Plan de Prévention des Risques Technologiques;73PREF20160030;PPRT-Lanxess;Préfecture;;;;84;AUVERGNE-RHONE-ALPES;73;SAVOIE;73109;Épierre;20;Risque technologique;21;Risque industriel;213;Effet toxique;FAUX;;FAUX;;2010-03-18;2012-01-30;2012-03-01;;;2012-06-05;;;Opposable;2020-01-01;Approuvé;2020-01-01;2025-04-04
PPRT;Plan de Prévention des Risques Technologiques;38DDT20140007;Rév. ARKEMA AREVA-CEZUS-Jarrie;Direction départementale des territoires;;;;84;AUVERGNE-RHONE-ALPES;38;ISERE;38545;Vif;20;Risque technologique;21;Risque industriel;212;Effet de surpression;VRAI;38DDT20140002;FAUX;;2011-12-21;2014-09-08;2014-10-09;;;2015-05-22;;;Opposable;2020-01-01;Approuvé;2020-01-01;2025-11-21
PPRT;Plan de Prévention des Risques Technologiques;38DDT20140002;ARKEMA AREVA-CEZUS - Jarrie;Direction départementale des territoires;;;;84;AUVERGNE-RHONE-ALPES;38;ISERE;38279;Notre-Dame-de-Mésage;20;Risque technologique;21;Risque industriel;212;Effet de surpression;FAUX;;VRAI;38DDT20140007;2010-06-14;2010-10-15;2010-11-15;;;2010-12-20;;2015-05-22;Caduque;2020-01-01;Abrogé;2020-01-01;2020-12-04
PPRT;Plan de Prévention des Risques Technologiques;64DREAL20150001;PPRT - MOURENX/PARDIES (Modification);Direction régionale de l'environnement, de l'aménagement et du logement;MOURENX/PARDIES;;;75;NOUVELLE-AQUITAINE;64;PYRENEES-ATLANTIQUES;64418;Noguères;20;Risque technologique;21;Risque industriel;213;Effet toxique;FAUX;;FAUX;;2011-02-08;;;;;2015-04-15;;;Opposable;2020-01-01;Approuvé;2020-01-01;2025-11-20
PPRT;Plan de Prévention des Risques Technologiques;31DREAL20090008;PPRT - TITANOBEL (St Maur);Direction régionale de l'environnement, de l'aménagement et du logement;SAINT MAUR;;;76;OCCITANIE;32;GERS;32045;Berdoues;20;Risque technologique;21;Risque industriel;212;Effet de surpression;FAUX;;FAUX;;2007-10-04;2010-06-21;;;;2010-12-09;;;Opposable;2020-01-01;Approuvé;2020-01-01;2025-04-09
PPRT;Plan de Prévention des Risques Technologiques;57DDT20140006;ARCELORMITTAL ATLANTIQUE LORR;Direction départementale des territoires;ARCELORMITTAL ATLANTIQUE LORR;;;44;GRAND EST;57;MOSELLE;57221;Florange;20;Risque technologique;21;Risque industriel;212;Effet de surpression;FAUX;;FAUX;;2010-12-31;2014-05-13;2014-06-12;;;2014-08-22;;2025-09-26;Caduque;2020-01-01;Abrogé;2020-01-01;2025-10-02
PPRT;Plan de Prévention des Risques Technologiques;76DREAL20150001;Saint-Pierre-lès-Elbeuf;Direction régionale de l'environnement, de l'aménagement et du logement;;;;28;NORMANDIE;76;SEINE-MARITIME;27534;Saint-Didier-des-Bois;20;Risque technologique;21;Risque industriel;211;Effet thermique;FAUX;;FAUX;;2010-05-06;2014-02-24;2014-03-26;;;2014-06-03;;;Opposable;2020-01-01;Approuvé;2020-01-01;2025-04-09
PPRT;Plan de Prévention des Risques Technologiques;76DREAL20090002;PPRT BUTAGAZ Aumale;Direction régionale de l'environnement, de l'aménagement et du logement;PPRT BUTAGAZ Aumale;;;28;NORMANDIE;76;SEINE-MARITIME;76035;Aumale;20;Risque technologique;21;Risque industriel;212;Effet de surpression;FAUX;;FAUX;;2007-08-31;;;;2012-10-29;;;;Caduque;2020-01-01;Déprescrit;2020-01-01;2025-08-28
PPRT;Plan de Prévention des Risques Technologiques;01DDT20110004;01 PPRt KEM ONE;Direction départementale des territoires;Balan ;;;84;AUVERGNE-RHONE-ALPES;01;AIN;01142;Dagneux;20;Risque technologique;21;Risque industriel;211;Effet thermique;FAUX;;FAUX;;2010-01-27;2012-03-12;2012-04-12;;;2012-05-30;;;Opposable;2020-01-01;Approuvé;2020-01-01;2017-05-10
PPRT;Plan de Prévention des Risques Technologiques;78DDT20130013;PPRT STORENGY Beynes;Direction départementale des territoires;;;;11;ILE-DE-FRANCE;78;YVELINES;78062;Beynes;20;Risque technologique;21;Risque industriel;212;Effet de surpression;FAUX;;FAUX;;2010-11-08;2012-02-13;2012-03-21;;;2012-05-07;;;Opposable;2020-01-01;Approuvé;2020-01-01;2025-04-10
PPRT;Plan de Prévention des Risques Technologiques;PPRT_2022_0003;PPRT - Etablissement DGATT Bourges;Direction départementale des territoires;;;;;;18;CHER;18175;Ourouer-les-Bourdelins;20;Risque technologique;21;Risque industriel;212;Effet de surpression;FAUX;;FAUX;;2020-11-06;;;;;2023-08-03;;;Opposable;2020-01-01;Approuvé;2020-01-01;2025-04-02
PPRT;Plan de Prévention des Risques Technologiques;76DDTM20150004;ZIP Petit-Couronne;Direction départementale des territoires et de la mer;;;;28;NORMANDIE;76;SEINE-MARITIME;76319;Grand-Couronne;20;Risque technologique;21;Risque industriel;212;Effet de surpression;FAUX;;FAUX;;2012-12-13;2018-10-08;2018-11-29;;;2019-01-29;;;Opposable;2020-01-01;Approuvé;2020-01-01;2025-04-09
PPRT;Plan de Prévention des Risques Technologiques;62DREAL20140006;PPRT STYROLUTION;Direction régionale de l'environnement, de l'aménagement et du logement;;;;32;HAUTS-DE-FRANCE;62;PAS-DE-CALAIS;62842;Vendin-le-Vieil;20;Risque technologique;21;Risque industriel;212;Effet de surpression;FAUX;;FAUX;;2009-12-24;2011-11-28;2011-12-28;;;2012-04-17;;;Opposable;2020-01-01;Approuvé;2020-01-01;2025-04-04
PPRT;Plan de Prévention des Risques Technologiques;33DREAL20130130;PPR CEREXAGRI;Direction régionale de l'environnement, de l'aménagement et du logement;;;;75;NOUVELLE-AQUITAINE;33;GIRONDE;33032;Bassens;20;Risque technologique;21;Risque industriel;211;Effet thermique;FAUX;;FAUX;;2011-02-09;2012-10-11;;;;2012-12-21;;;Opposable;2020-01-01;Approuvé;2020-01-01;2025-04-09
PPRT;Plan de Prévention des Risques Technologiques;76DDTM20150005;ZIP Le Havre;Direction départementale des territoires et de la mer;;;;28;NORMANDIE;76;SEINE-MARITIME;76533;Rogerville;20;Risque technologique;21;Risque industriel;212;Effet de surpression;FAUX;;FAUX;;2010-02-17;2016-05-26;2016-07-12;;;2016-10-17;;;Opposable;2020-01-01;Approuvé;2020-01-01;2019-09-09
PPRT;Plan de Prévention des Risques Technologiques;69DDT20200002;Vallée de la chimie;Direction départementale des territoires;;;;84;AUVERGNE-RHONE-ALPES;69;RHONE;69291;Saint-Symphorien-d'Ozon;20;Risque technologique;21;Risque industriel;212;Effet de surpression;FAUX;;FAUX;;2015-04-21;;;;;2016-10-19;;;Opposable;2020-01-01;Approuvé;2020-01-01;2025-04-10
PPRT;Plan de Prévention des Risques Technologiques;60DREAL20140002;WEYLCHEM LAMOTTE;Direction régionale de l'environnement, de l'aménagement et du logement;;;;32;HAUTS-DE-FRANCE;60;OISE;60064;Berneuil-sur-Aisne;20;Risque technologique;21;Risque industriel;212;Effet de surpression;FAUX;;FAUX;;2010-10-12;2014-09-30;2014-11-05;;;2014-12-19;;;Opposable;2020-01-01;Approuvé;2020-01-01;2025-03-27
PPRT;Plan de Prévention des Risques Technologiques;60DREAL20140003;MOMENTIVE, INEOS et SECO;Direction régionale de l'environnement, de l'aménagement et du logement;;;;32;HAUTS-DE-FRANCE;60;OISE;60492;Pimprez;20;Risque technologique;21;Risque industriel;213;Effet toxique;FAUX;;FAUX;;2009-09-24;2014-08-18;2014-09-18;;;2014-12-18;;;Opposable;2020-01-01;Approuvé;2020-01-01;2025-03-27
PPRT;Plan de Prévention des Risques Technologiques;13DREAL20140013;PPRT - DAHER [ Arles ] 2014;Direction régionale de l'environnement, de l'aménagement et du logement;;;;93;PROVENCE-ALPES-COTE D'AZUR;13;BOUCHES-DU-RHONE;13004;Arles;20;Risque technologique;21;Risque industriel;213;Effet toxique;FAUX;;FAUX;;2010-09-06;2013-11-12;2013-12-13;;;2014-05-26;;;Opposable;2020-01-01;Approuvé;2020-01-01;2025-04-09
PPRT;Plan de Prévention des Risques Technologiques;02DDT20190001;KUEHNE+NAGEL;Direction départementale des territoires;;;;32;HAUTS-DE-FRANCE;02;AISNE;02805;Villeneuve-Saint-Germain;20;Risque technologique;21;Risque industriel;211;Effet thermique;FAUX;;FAUX;;2009-06-18;;;;;2010-08-16;;;Opposable;2020-01-01;Approuvé;2020-01-01;2025-04-09
PPRT;Plan de Prévention des Risques Technologiques;67DREAL20140034;67 PPRT DOW AGROSCIENCES;Direction régionale de l'environnement, de l'aménagement et du logement;67 PPRT DOW AGROSCIENCES;;;44;GRAND EST;67;BAS-RHIN;67106;Drusenheim;20;Risque technologique;21;Risque industriel;212;Effet de surpression;FAUX;;FAUX;;2009-10-30;2011-03-28;2011-04-28;;;2011-10-04;;;Opposable;2020-01-01;Approuvé;2020-01-01;2025-04-09
PPRT;Plan de Prévention des Risques Technologiques;38DDT20140009;ADISSEO TOURMALINE-St-Clair-Rhôn;Direction départementale des territoires;38 et 69;;;84;AUVERGNE-RHONE-ALPES;38;ISERE;42265;Saint-Michel-sur-Rhône;20;Risque technologique;21;Risque industriel;213;Effet toxique;FAUX;;FAUX;;2012-02-09;2018-04-24;2018-05-24;;;2018-07-18;;;Opposable;2020-01-01;Approuvé;2020-01-01;2025-04-10
PPRT;Plan de Prévention des Risques Technologiques;51DREAL20090009;PPRT SPLRL Hauconcourt;Direction régionale de l'environnement, de l'aménagement et du logement;PPRT SPLRL Hauconcourt;;;44;GRAND EST;57;MOSELLE;57303;Hauconcourt;20;Risque technologique;21;Risque industriel;212;Effet de surpression;FAUX;;FAUX;;2008-07-31;2011-08-29;2011-09-30;;;2011-12-01;;;Opposable;2020-01-01;Approuvé;2020-01-01;2025-04-10
PPRT;Plan de Prévention des Risques Technologiques;76DREAL20150001;Saint-Pierre-lès-Elbeuf;Direction régionale de l'environnement, de l'aménagement et du logement;;;;28;NORMANDIE;76;SEINE-MARITIME;76231;Elbeuf;20;Risque technologique;21;Risque industriel;213;Effet toxique;FAUX;;FAUX;;2010-05-06;2014-02-24;2014-03-26;;;2014-06-03;;;Opposable;2020-01-01;Approuvé;2020-01-01;2025-04-09
PPRT;Plan de Prévention des Risques Technologiques;29DDTM20200001;Pyrotechnie Saint Nicolas;Direction départementale des territoires et de la mer;Pyrotechnie militaire;;;53;BRETAGNE;29;FINISTERE;29235;Le Relecq-Kerhuon;20;Risque technologique;21;Risque industriel;211;Effet thermique;FAUX;;FAUX;;2019-11-15;;;;;2025-06-06;;;Opposable;2020-01-01;Approuvé;2020-01-01;2025-07-15
PPRT;Plan de Prévention des Risques Technologiques;31DREAL20090011;PPRT - TOTAL (Lespinasse);Direction régionale de l'environnement, de l'aménagement et du logement;LESPINASSE;;;76;OCCITANIE;31;HAUTE-GARONNE;31091;Bruguières;20;Risque technologique;21;Risque industriel;212;Effet de surpression;FAUX;;FAUX;;2007-02-28;2011-09-15;2011-10-19;;;2012-04-03;;;Opposable;2020-01-01;Approuvé;2020-01-01;2025-04-09
PPRT;Plan de Prévention des Risques Technologiques;89DREAL20140006;Chemetall;Direction régionale de l'environnement, de l'aménagement et du logement;;;;27;BOURGOGNE-FRANCHE-COMTE;89;YONNE;89387;Sens;20;Risque technologique;21;Risque industriel;211;Effet thermique;FAUX;;FAUX;;2008-05-28;;;;;2011-09-05;;;Opposable;2020-01-01;Approuvé;2020-01-01;2025-03-28
PPRT;Plan de Prévention des Risques Technologiques;76DREAL20150001;Saint-Pierre-lès-Elbeuf;Direction régionale de l'environnement, de l'aménagement et du logement;;;;28;NORMANDIE;76;SEINE-MARITIME;27394;Martot;20;Risque technologique;21;Risque industriel;213;Effet toxique;FAUX;;FAUX;;2010-05-06;2014-02-24;2014-03-26;;;2014-06-03;;;Opposable;2020-01-01;Approuvé;2020-01-01;2025-04-09
PPRT;Plan de Prévention des Risques Technologiques;64DREAL20150001;PPRT - MOURENX/PARDIES (Modification);Direction régionale de l'environnement, de l'aménagement et du logement;MOURENX/PARDIES;;;75;NOUVELLE-AQUITAINE;64;PYRENEES-ATLANTIQUES;64005;Abos;20;Risque technologique;21;Risque industriel;212;Effet de surpression;FAUX;;FAUX;;2011-02-08;;;;;2015-04-15;;;Opposable;2020-01-01;Approuvé;2020-01-01;2025-11-20
PPRT;Plan de Prévention des Risques Technologiques;35DREAL20090009;PPRT SICOGAZ;Direction régionale de l'environnement, de l'aménagement et du logement;;;;53;BRETAGNE;56;MORBIHAN;56185;Quéven;20;Risque technologique;21;Risque industriel;212;Effet de surpression;FAUX;;FAUX;;2008-06-30;;;;;2012-02-27;;;Opposable;2020-01-01;Approuvé;2020-01-01;2025-04-10
PPRT;Plan de Prévention des Risques Technologiques;68DREAL20140002;68 PPRT DSM RUBIS;Direction régionale de l'environnement, de l'aménagement et du logement;68 PPRT DSM RUBIS;;;44;GRAND EST;68;HAUT-RHIN;68149;Huningue;20;Risque technologique;21;Risque industriel;212;Effet de surpression;FAUX;;FAUX;;2009-04-20;;;;;2014-09-24;;;Opposable;2020-01-01;Approuvé;2020-01-01;2018-07-17
PPRT;Plan de Prévention des Risques Technologiques;76DREAL20140006;Saint Jouin Bruneval;Direction régionale de l'environnement, de l'aménagement et du logement;;;;28;NORMANDIE;76;SEINE-MARITIME;76508;La Poterie-Cap-d'Antifer;20;Risque technologique;21;Risque industriel;211;Effet thermique;FAUX;;FAUX;;2010-02-09;2012-02-20;2012-03-20;;;2012-07-12;;;Opposable;2020-01-01;Approuvé;2020-01-01;2025-04-09
PPRT;Plan de Prévention des Risques Technologiques;80DREAL20140002;Ajinomoto Foods Europe;Direction régionale de l'environnement, de l'aménagement et du logement;;;;32;HAUTS-DE-FRANCE;80;SOMME;80585;Nesle;20;Risque technologique;21;Risque industriel;213;Effet toxique;FAUX;;FAUX;;2012-04-13;2013-09-18;2013-10-18;;;2013-12-31;;;Opposable;2020-01-01;Approuvé;2020-01-01;2025-04-04
PPRT;Plan de Prévention des Risques Technologiques;91DDT20130002;PPRT SMCA;Direction départementale des territoires;;;;11;ILE-DE-FRANCE;91;ESSONNE;91027;Athis-Mons;20;Risque technologique;21;Risque industriel;212;Effet de surpression;FAUX;;FAUX;;2008-09-19;;;;;2011-06-22;;;Opposable;2020-01-01;Approuvé;2020-01-01;2025-04-10
PPRT;Plan de Prévention des Risques Technologiques;38DDT20140004;TOTAL RAFFINAGE FRANCE-St-Quenti;Direction départementale des territoires;;;;84;AUVERGNE-RHONE-ALPES;38;ISERE;38048;Bonnefamille;20;Risque technologique;21;Risque industriel;211;Effet thermique;FAUX;;FAUX;;2009-07-07;2017-10-13;2017-11-13;;;2017-12-19;;;Opposable;2020-01-01;Approuvé;2020-01-01;2025-04-11
PPRT;Plan de Prévention des Risques Technologiques;33DDTM20160001;PPRT AMBES NORD;Direction départementale des territoires et de la mer;;;;75;NOUVELLE-AQUITAINE;33;GIRONDE;33004;Ambès;20;Risque technologique;21;Risque industriel;212;Effet de surpression;FAUX;;FAUX;;2016-12-28;;;;;2018-08-30;;;Opposable;2020-01-01;Approuvé;2020-01-01;2025-04-09
PPRT;Plan de Prévention des Risques Technologiques;34DDTM20120161;PPRT - Minguez;Direction départementale des territoires et de la mer;;;;76;OCCITANIE;34;HERAULT;34032;Béziers;20;Risque technologique;21;Risque industriel;211;Effet thermique;FAUX;;FAUX;;2010-04-13;2012-11-05;2012-12-07;2013-05-30;;2013-03-06;;;Opposable;2020-01-01;Approuvé;2020-01-01;2025-04-09
PPRT;Plan de Prévention des Risques Technologiques;69DREAL20170008;69 PPRT de St Priest;Direction régionale de l'environnement, de l'aménagement et du logement;St Priest;;;84;AUVERGNE-RHONE-ALPES;69;RHONE;69273;Corbas;20;Risque technologique;21;Risque industriel;211;Effet thermique;FAUX;;FAUX;;2009-12-11;2014-12-15;2015-01-15;;;2015-07-24;;;Opposable;2020-01-01;Approuvé;2020-01-01;2025-04-04
PPRT;Plan de Prévention des Risques Technologiques;40DREAL20140001;PPRT DE BISCARROSSE;Direction régionale de l'environnement, de l'aménagement et du logement;;;;75;NOUVELLE-AQUITAINE;40;LANDES;40257;Sainte-Eulalie-en-Born;20;Risque technologique;21;Risque industriel;211;Effet thermique;FAUX;;FAUX;;2012-05-29;;;;;2013-10-08;;;Opposable;2020-01-01;Approuvé;2020-01-01;2025-04-09
PPRT;Plan de Prévention des Risques Technologiques;72DDT20100020;PPRT-SDPS St-Gervais -en-Belin;Direction départementale des territoires;;;;52;PAYS DE LA LOIRE;72;SARTHE;72287;Saint-Gervais-en-Belin;20;Risque technologique;21;Risque industriel;211;Effet thermique;FAUX;;FAUX;;2009-12-07;2011-10-10;2011-11-10;;;2012-03-20;;;Opposable;2020-01-01;Approuvé;2020-01-01;2025-04-04
PPRT;Plan de Prévention des Risques Technologiques;67DREAL20140042;67 PPRT LANXESS;Direction régionale de l'environnement, de l'aménagement et du logement;67 PPRT LANXESS;;;44;GRAND EST;67;BAS-RHIN;67506;Vendenheim;20;Risque technologique;21;Risque industriel;212;Effet de surpression;FAUX;;FAUX;;2012-11-20;2014-04-14;2014-05-14;;;2014-07-21;;;Opposable;2020-01-01;Approuvé;2020-01-01;2025-04-09
PPRT;Plan de Prévention des Risques Technologiques;73PREF20160026;PPRT-TRIMET;Préfecture;St Jean de Maurienne;;;84;AUVERGNE-RHONE-ALPES;73;SAVOIE;73320;Villargondran;20;Risque technologique;24;Transport de marchandises dangereuses;;;FAUX;;FAUX;;2009-12-31;2012-01-04;2012-02-04;;;2012-04-11;;;Opposable;2020-01-01;Approuvé;2020-01-01;2025-04-04
PPRT;Plan de Prévention des Risques Technologiques;60DREAL20140009;Butagaz - Levignen;Direction régionale de l'environnement, de l'aménagement et du logement;;;;32;HAUTS-DE-FRANCE;60;OISE;60358;Lévignen;20;Risque technologique;21;Risque industriel;212;Effet de surpression;FAUX;;FAUX;;2007-12-10;2009-03-17;2009-04-17;;;2009-05-19;;;Opposable;2020-01-01;Approuvé;2020-01-01;2025-03-27
PPRT;Plan de Prévention des Risques Technologiques;PPRT_2023_0002;PPRT - ADISSEO - Commentry - Malicorne;Direction départementale des territoires;Commentry - Malicorne;;;;;03;ALLIER;03159;Malicorne;20;Risque technologique;21;Risque industriel;212;Effet de surpression;FAUX;;FAUX;;2011-05-13;;;;;2016-06-28;;;Opposable;2020-01-01;Approuvé;2020-01-01;2016-06-16
PPRT;Plan de Prévention des Risques Technologiques;38DDT20140007;Rév. ARKEMA AREVA-CEZUS-Jarrie;Direction départementale des territoires;;;;84;AUVERGNE-RHONE-ALPES;38;ISERE;38528;Vaulnaveys-le-Bas;20;Risque technologique;21;Risque industriel;213;Effet toxique;VRAI;38DDT20140002;FAUX;;2011-12-21;2014-09-08;2014-10-09;;;2015-05-22;;;Opposable;2020-01-01;Approuvé;2020-01-01;2025-11-21
PPRT;Plan de Prévention des Risques Technologiques;33DDTM20160001;PPRT AMBES NORD;Direction départementale des territoires et de la mer;;;;75;NOUVELLE-AQUITAINE;33;GIRONDE;33475;Saint-Seurin-de-Bourg;20;Risque technologique;21;Risque industriel;213;Effet toxique;FAUX;;FAUX;;2016-12-28;;;;;2018-08-30;;;Opposable;2020-01-01;Approuvé;2020-01-01;2025-04-09
PPRT;Plan de Prévention des Risques Technologiques;64DREAL20150001;PPRT - MOURENX/PARDIES (Modification);Direction régionale de l'environnement, de l'aménagement et du logement;MOURENX/PARDIES;;;75;NOUVELLE-AQUITAINE;64;PYRENEES-ATLANTIQUES;64117;Bésingrand;20;Risque technologique;21;Risque industriel;213;Effet toxique;FAUX;;FAUX;;2011-02-08;;;;;2015-04-15;;;Opposable;2020-01-01;Approuvé;2020-01-01;2024-06-28
PPRT;Plan de Prévention des Risques Technologiques;31DREAL20140004;PPRT - BASF;Direction régionale de l'environnement, de l'aménagement et du logement;BOUSSENS;;;76;OCCITANIE;31;HAUTE-GARONNE;31457;Roquefort-sur-Garonne;20;Risque technologique;21;Risque industriel;213;Effet toxique;FAUX;;FAUX;;2010-01-14;2016-06-13;2016-07-13;;;2016-10-17;;;Opposable;2020-01-01;Approuvé;2020-01-01;2025-04-09
PPRT;Plan de Prévention des Risques Technologiques;38DDT20140002;ARKEMA AREVA-CEZUS - Jarrie;Direction départementale des territoires;;;;84;AUVERGNE-RHONE-ALPES;38;ISERE;38388;Saint-Georges-de-Commiers;20;Risque technologique;21;Risque industriel;213;Effet toxique;FAUX;;VRAI;38DDT20140007;2010-06-14;2010-10-15;2010-11-15;;;2010-12-20;;2015-05-22;Caduque;2020-01-01;Abrogé;2020-01-01;2020-12-04
PPRT;Plan de Prévention des Risques Technologiques;89DREAL20140002;Davey Bickford;Direction régionale de l'environnement, de l'aménagement et du logement;Davey Bickford (89);;;27;BOURGOGNE-FRANCHE-COMTE;89;YONNE;89201;Héry;20;Risque technologique;21;Risque industriel;212;Effet de surpression;FAUX;;FAUX;;2010-01-18;;;;;2012-02-17;;;Opposable;2020-01-01;Approuvé;2020-01-01;2025-03-27
PPRT;Plan de Prévention des Risques Technologiques;72DDT20100021;PPRT-Alsétex;Direction départementale des territoires;;;;52;PAYS DE LA LOIRE;72;SARTHE;72244;Précigné;20;Risque technologique;21;Risque industriel;211;Effet thermique;FAUX;;FAUX;;2009-12-16;2012-09-17;2012-10-17;;;2013-07-12;;;Opposable;2020-01-01;Approuvé;2020-01-01;2025-04-04
PPRT;Plan de Prévention des Risques Technologiques;61DDT20130001;PPR-T - des Rives d'Andaine;Direction départementale des territoires;;;;28;NORMANDIE;61;ORNE;53263;Thubœuf;20;Risque technologique;21;Risque industriel;212;Effet de surpression;FAUX;;FAUX;;2010-12-17;2012-10-08;2012-11-09;;;2013-02-05;;;Opposable;2020-01-01;Approuvé;2020-01-01;2025-04-10
PPRT;Plan de Prévention des Risques Technologiques;57DDT20140005;PPRT INEOS;Direction départementale des territoires;;;;44;GRAND EST;57;MOSELLE;57746;Willerwald;20;Risque technologique;21;Risque industriel;213;Effet toxique;FAUX;;FAUX;;2009-11-16;;;;;2017-07-06;;;Opposable;2020-01-01;Approuvé;2020-01-01;2025-04-10
PPRT;Plan de Prévention des Risques Technologiques;69DDT20200002;Vallée de la chimie;Direction départementale des territoires;;;;84;AUVERGNE-RHONE-ALPES;69;RHONE;69199;Saint-Fons;20;Risque technologique;21;Risque industriel;211;Effet thermique;FAUX;;FAUX;;2015-04-21;;;;;2016-10-19;;;Opposable;2020-01-01;Approuvé;2020-01-01;2025-04-10
PPRT;Plan de Prévention des Risques Technologiques;76DDTM20150005;ZIP Le Havre;Direction départementale des territoires et de la mer;;;;28;NORMANDIE;76;SEINE-MARITIME;76351;Le Havre;20;Risque technologique;21;Risque industriel;212;Effet de surpression;FAUX;;FAUX;;2010-02-17;2016-05-26;2016-07-12;;;2016-10-17;;;Opposable;2020-01-01;Approuvé;2020-01-01;2019-09-09
PPRT;Plan de Prévention des Risques Technologiques;60DREAL20140006;Arkema - Villers-Saint-Paul;Direction régionale de l'environnement, de l'aménagement et du logement;;;;32;HAUTS-DE-FRANCE;60;OISE;60539;Rieux;20;Risque technologique;21;Risque industriel;211;Effet thermique;FAUX;;FAUX;;2009-04-07;2012-06-18;2012-07-18;;;2012-10-29;;;Opposable;2020-01-01;Approuvé;2020-01-01;2025-03-27
PPRT;Plan de Prévention des Risques Technologiques;38DDT20130012;NOVASEP-FINORGA - Chasse/Rhône;Direction départementale des territoires;;;;84;AUVERGNE-RHONE-ALPES;38;ISERE;69091;Givors;20;Risque technologique;21;Risque industriel;213;Effet toxique;FAUX;;FAUX;;2010-08-02;2013-06-10;2013-07-12;2013-12-13;;2013-10-15;;;Opposable;2020-01-01;Approuvé;2020-01-01;2025-04-04
PPRT;Plan de Prévention des Risques Technologiques;37DREAL20140003;SOCAGRA (St Antoine du Rocher);Direction régionale de l'environnement, de l'aménagement et du logement;;;;24;CENTRE-VAL DE LOIRE;37;INDRE-ET-LOIRE;37206;Saint-Antoine-du-Rocher;20;Risque technologique;21;Risque industriel;213;Effet toxique;FAUX;;FAUX;;2010-01-21;2012-10-15;2012-11-16;;;2013-01-18;;;Opposable;2020-01-01;Approuvé;2020-01-01;2025-04-16
PPRT;Plan de Prévention des Risques Technologiques;29DREAL20140001;PPRT Mc BRIDE ;Direction régionale de l'environnement, de l'aménagement et du logement;DLI;;;53;BRETAGNE;29;FINISTERE;29049;Elliant;20;Risque technologique;21;Risque industriel;212;Effet de surpression;FAUX;;FAUX;;2009-10-05;;;2012-05-22;;2011-12-28;;;Opposable;2020-01-01;Approuvé;2020-01-01;2025-03-26
PPRT;Plan de Prévention des Risques Technologiques;77DDT20130001;PPRT COGNIS-BASF;Direction départementale des territoires;PPRT COGNIS-BASF;;;11;ILE-DE-FRANCE;77;SEINE-ET-MARNE;77284;Meaux;20;Risque technologique;21;Risque industriel;212;Effet de surpression;FAUX;;FAUX;;2009-11-12;2012-10-15;2012-11-17;;;2013-02-12;;;Opposable;2020-01-01;Approuvé;2020-01-01;2025-04-09
PPRT;Plan de Prévention des Risques Technologiques;73PREF20160026;PPRT-TRIMET;Préfecture;St Jean de Maurienne;;;84;AUVERGNE-RHONE-ALPES;73;SAVOIE;73135;La Tour-en-Maurienne;20;Risque technologique;21;Risque industriel;213;Effet toxique;FAUX;;FAUX;;2009-12-31;2012-01-04;2012-02-04;;;2012-04-11;;;Opposable;2020-01-01;Approuvé;2020-01-01;2025-04-04
PPRT;Plan de Prévention des Risques Technologiques;87DREAL20140001;PPRT Titanobel (révision);Direction régionale de l'environnement, de l'aménagement et du logement;;;;75;NOUVELLE-AQUITAINE;87;HAUTE-VIENNE;87079;La Jonchère-Saint-Maurice;20;Risque technologique;21;Risque industriel;212;Effet de surpression;VRAI;87DREAL20090004;FAUX;;2010-09-30;2012-03-19;;;;2012-08-28;;;Opposable;2020-01-01;Approuvé;2020-01-01;2025-04-04
PPRT;Plan de Prévention des Risques Technologiques;02DDT20130001;TEREOS;Direction départementale des territoires;;;;32;HAUTS-DE-FRANCE;02;AISNE;02552;Neuvillette;20;Risque technologique;21;Risque industriel;212;Effet de surpression;FAUX;;FAUX;;2011-06-23;;;;;2012-10-15;;;Opposable;2020-01-01;Approuvé;2020-01-01;2025-04-09
PPRT;Plan de Prévention des Risques Technologiques;69DDT20200002;Vallée de la chimie;Direction départementale des territoires;;;;84;AUVERGNE-RHONE-ALPES;69;RHONE;69296;Solaize;20;Risque technologique;21;Risque industriel;213;Effet toxique;FAUX;;FAUX;;2015-04-21;;;;;2016-10-19;;;Opposable;2020-01-01;Approuvé;2020-01-01;2025-04-10
PPRT;Plan de Prévention des Risques Technologiques;95DDT20130001;95 PPRT NCS;Direction départementale des territoires;;;;11;ILE-DE-FRANCE;95;VAL-D'OISE;95604;Survilliers;20;Risque technologique;21;Risque industriel;211;Effet thermique;FAUX;;FAUX;;2009-12-23;2010-11-23;2010-12-03;;;2011-06-17;;;Opposable;2020-01-01;Approuvé;2020-01-01;2025-04-04
PPRT;Plan de Prévention des Risques Technologiques;83DREAL20140147;PPRT - Site militaire du Lazaret 2011;Direction régionale de l'environnement, de l'aménagement et du logement;;;;93;PROVENCE-ALPES-COTE D'AZUR;83;VAR;83153;Saint-Mandrier-sur-Mer;20;Risque technologique;21;Risque industriel;211;Effet thermique;FAUX;;FAUX;;2011-12-21;;;;;;;;Prescrit;2020-01-01;Prescrit;2020-01-01;2025-04-15
PPRT;Plan de Prévention des Risques Technologiques;51DDT20160006;PPRT C4 Suippes;Direction départementale des territoires;;;;44;GRAND EST;51;MARNE;51546;Somme-Suippe;20;Risque technologique;21;Risque industriel;214;Effet de projection;FAUX;;FAUX;;2016-11-15;2018-01-05;2018-02-09;;;2018-05-09;;;Opposable;2020-01-01;Approuvé;2020-01-01;2025-04-09
PPRT;Plan de Prévention des Risques Technologiques;33DREAL20130131;PPRT CCMP PAUILLAC;Direction régionale de l'environnement, de l'aménagement et du logement;;;;75;NOUVELLE-AQUITAINE;33;GIRONDE;33395;Saint-Estèphe;20;Risque technologique;21;Risque industriel;211;Effet thermique;FAUX;;FAUX;;2010-12-10;2012-07-24;;;;2012-12-21;;;Opposable;2020-01-01;Approuvé;2020-01-01;2025-04-09
PPRT;Plan de Prévention des Risques Technologiques;73PREF20160029;PPRT-Mssa;Préfecture;St Marcel;;;84;AUVERGNE-RHONE-ALPES;73;SAVOIE;73131;Hautecour;20;Risque technologique;21;Risque industriel;213;Effet toxique;FAUX;;FAUX;;2010-03-18;2013-09-17;2013-10-17;;;2014-02-06;;;Opposable;2020-01-01;Approuvé;2020-01-01;2025-04-04
PPRT;Plan de Prévention des Risques Technologiques;63DREAL20090005;PPRT TOTAL COURNON;Direction régionale de l'environnement, de l'aménagement et du logement;Cournon d'Auvergne;;;84;AUVERGNE-RHONE-ALPES;63;PUY-DE-DOME;63124;Cournon-d'Auvergne;20;Risque technologique;21;Risque industriel;212;Effet de surpression;FAUX;;FAUX;;2008-01-18;;;;2009-10-05;;2009-10-05;;Caduque;2020-01-01;Déprescrit;2020-01-01;2025-02-20
PPRT;Plan de Prévention des Risques Technologiques;59DREAL20090010;PPRT SOGIF - DOUAI;Direction régionale de l'environnement, de l'aménagement et du logement;;;;32;HAUTS-DE-FRANCE;59;NORD;59178;Douai;20;Risque technologique;21;Risque industriel;211;Effet thermique;FAUX;;FAUX;;2007-11-16;2009-03-30;2009-04-30;2011-09-22;;2009-06-11;;;Opposable;2020-01-01;Approuvé;2020-01-01;2025-04-10
PPRT;Plan de Prévention des Risques Technologiques;57DDT20140005;PPRT INEOS;Direction départementale des territoires;;;;44;GRAND EST;57;MOSELLE;57746;Willerwald;20;Risque technologique;21;Risque industriel;211;Effet thermique;FAUX;;FAUX;;2009-11-16;;;;;2017-07-06;;;Opposable;2020-01-01;Approuvé;2020-01-01;2025-04-10
PPRT;Plan de Prévention des Risques Technologiques;31DREAL20090012;PPRT FINAGAZ (Fenouillet);Direction régionale de l'environnement, de l'aménagement et du logement;FENOUILLET;;;76;OCCITANIE;31;HAUTE-GARONNE;31182;Fenouillet;20;Risque technologique;21;Risque industriel;211;Effet thermique;FAUX;;FAUX;;2008-03-10;2017-01-31;2017-03-03;;;2017-06-26;;2018-10-19;Caduque;2020-01-01;Abrogé;2020-01-01;2020-01-15
PPRT;Plan de Prévention des Risques Technologiques;54DDT20140018;PPRT STORENGY CERVILLE;Direction départementale des territoires;Industriel;;;44;GRAND EST;54;MEURTHE-ET-MOSELLE;54110;Cerville;20;Risque technologique;21;Risque industriel;211;Effet thermique;FAUX;;FAUX;;2011-04-19;;;;;2014-09-30;;;Opposable;2020-01-01;Approuvé;2020-01-01;2025-04-09
PPRT;Plan de Prévention des Risques Technologiques;34DDTM20120162;PPRT - SBM et Gazechim;Direction départementale des territoires et de la mer;;;;76;OCCITANIE;34;HERAULT;34336;Villeneuve-lès-Béziers;20;Risque technologique;21;Risque industriel;211;Effet thermique;FAUX;;FAUX;;2010-04-13;2015-04-20;2015-05-22;;;2015-08-03;;;Opposable;2020-01-01;Approuvé;2020-01-01;2025-05-01
PPRT;Plan de Prévention des Risques Technologiques;45DREAL20140007;ARGOS (Beaune-la-Rolande);Direction régionale de l'environnement, de l'aménagement et du logement;;;;24;CENTRE-VAL DE LOIRE;45;LOIRET;45030;Beaune-la-Rolande;20;Risque technologique;21;Risque industriel;212;Effet de surpression;FAUX;;FAUX;;2009-06-30;2011-04-26;2011-05-31;;;2011-09-13;;;Opposable;2020-01-01;Approuvé;2020-01-01;2025-04-03
PPRT;Plan de Prévention des Risques Technologiques;40DREAL20130240;PPRT MLPC Lesgor;Direction régionale de l'environnement, de l'aménagement et du logement;;;;75;NOUVELLE-AQUITAINE;40;LANDES;40151;Lesgor;20;Risque technologique;21;Risque industriel;213;Effet toxique;FAUX;;FAUX;;2010-12-08;2011-11-14;2011-12-15;;;2012-04-05;;;Opposable;2020-01-01;Approuvé;2020-01-01;2025-04-09
PPRT;Plan de Prévention des Risques Technologiques;68DREAL20140005;68 PPRT PECRHIN RHODIA BUTACHIMI;Direction régionale de l'environnement, de l'aménagement et du logement;68 PPRT PECRHIN RHODIA BUTACHIMI;;;44;GRAND EST;68;HAUT-RHIN;68291;Rumersheim-le-Haut;20;Risque technologique;21;Risque industriel;212;Effet de surpression;FAUX;;FAUX;;2010-12-31;2013-11-12;2013-12-16;;;2014-04-09;;;Opposable;2020-01-01;Approuvé;2020-01-01;2011-04-15
PPRT;Plan de Prévention des Risques Technologiques;76DDTM20150003;ZIP Petit et Grand Quevilly;Direction départementale des territoires et de la mer;;;;28;NORMANDIE;76;SEINE-MARITIME;76157;Canteleu;20;Risque technologique;21;Risque industriel;212;Effet de surpression;FAUX;;FAUX;;2012-12-13;2017-09-20;2017-11-09;;;2018-01-25;;;Opposable;2020-01-01;Approuvé;2020-01-01;2025-04-09
PPRT;Plan de Prévention des Risques Technologiques;64DREAL20150001;PPRT - MOURENX/PARDIES (Modification);Direction régionale de l'environnement, de l'aménagement et du logement;MOURENX/PARDIES;;;75;NOUVELLE-AQUITAINE;64;PYRENEES-ATLANTIQUES;64443;Pardies;20;Risque technologique;21;Risque industriel;211;Effet thermique;FAUX;;FAUX;;2011-02-08;;;;;2015-04-15;;;Opposable;2020-01-01;Approuvé;2020-01-01;2024-06-28
PPRT;Plan de Prévention des Risques Technologiques;51DDT20160006;PPRT C4 Suippes;Direction départementale des territoires;;;;44;GRAND EST;51;MARNE;51546;Somme-Suippe;20;Risque technologique;21;Risque industriel;212;Effet de surpression;FAUX;;FAUX;;2016-11-15;2018-01-05;2018-02-09;;;2018-05-09;;;Opposable;2020-01-01;Approuvé;2020-01-01;2025-04-09
PPRT;Plan de Prévention des Risques Technologiques;68DREAL20140004;67 PPRT BASF;Direction régionale de l'environnement, de l'aménagement et du logement;67 PPRT BASF;;;44;GRAND EST;68;HAUT-RHIN;68149;Huningue;20;Risque technologique;21;Risque industriel;211;Effet thermique;FAUX;;FAUX;;2009-10-26;2011-10-21;2011-11-21;;;2011-12-19;;;Opposable;2020-01-01;Approuvé;2020-01-01;2025-04-09
;;69DDT20200003;Vallée de la chimie 2;;;;;;;;;69296;Solaize;20;Risque technologique;21;Risque industriel;212;Effet de surpression;FAUX;;FAUX;;2019-12-27;;;;2021-02-04;;;;;;;;2021-02-05
PPRT;Plan de Prévention des Risques Technologiques;45DREAL20090006;APPROSERVICE (Fossé);Direction régionale de l'environnement, de l'aménagement et du logement;;;;24;CENTRE-VAL DE LOIRE;41;LOIR-ET-CHER;41091;Fossé;20;Risque technologique;21;Risque industriel;213;Effet toxique;FAUX;;FAUX;;2007-10-05;2010-01-04;2010-02-05;;;2010-04-02;;;Opposable;2020-01-01;Approuvé;2020-01-01;2025-04-09
PPRT;Plan de Prévention des Risques Technologiques;33DREAL20130132;PPRT AMBES SUD;Direction régionale de l'environnement, de l'aménagement et du logement;;;;75;NOUVELLE-AQUITAINE;33;GIRONDE;33256;Ludon-Médoc;20;Risque technologique;21;Risque industriel;211;Effet thermique;FAUX;;FAUX;;2010-11-10;;;;;2015-07-06;;;Opposable;2020-01-01;Approuvé;2020-01-01;2025-04-09
PPRT;Plan de Prévention des Risques Technologiques;30DDTM20060005;PPRT - SANOFI;Direction départementale des territoires et de la mer;;;;76;OCCITANIE;30;GARD;30012;Aramon;20;Risque technologique;21;Risque industriel;212;Effet de surpression;FAUX;;FAUX;;2010-06-03;;;;;2013-01-16;;;Opposable;2020-01-01;Approuvé;2020-01-01;2025-04-09
PPRT;Plan de Prévention des Risques Technologiques;91DDT20130004;PPRT SME et ISOCHEM;Direction départementale des territoires;;;;11;ILE-DE-FRANCE;91;ESSONNE;91315;Itteville;20;Risque technologique;21;Risque industriel;212;Effet de surpression;FAUX;;FAUX;;2010-01-19;;;;;2014-09-19;;;Opposable;2020-01-01;Approuvé;2020-01-01;2025-04-09
PPRT;Plan de Prévention des Risques Technologiques;31DREAL20140004;PPRT - BASF;Direction régionale de l'environnement, de l'aménagement et du logement;BOUSSENS;;;76;OCCITANIE;31;HAUTE-GARONNE;31084;Boussens;20;Risque technologique;21;Risque industriel;213;Effet toxique;FAUX;;FAUX;;2010-01-14;2016-06-13;2016-07-13;;;2016-10-17;;;Opposable;2020-01-01;Approuvé;2020-01-01;2025-04-09
PPRT;Plan de Prévention des Risques Technologiques;67DREAL20140043;67 PPRT BUTAGAZ;Direction régionale de l'environnement, de l'aménagement et du logement;67 PPRT BUTAGAZ;;;44;GRAND EST;67;BAS-RHIN;67519;La Wantzenau;20;Risque technologique;21;Risque industriel;212;Effet de surpression;FAUX;;FAUX;;2012-11-20;2014-03-31;2014-04-30;;;2014-07-21;;2024-09-26;Caduque;2020-01-01;Abrogé;2020-01-01;2025-01-10
PPRT;Plan de Prévention des Risques Technologiques;34DREAL20090003;PPRT - GDH;Direction régionale de l'environnement, de l'aménagement et du logement;PPRT Frontignan;;;76;OCCITANIE;34;HERAULT;34108;Frontignan;20;Risque technologique;21;Risque industriel;212;Effet de surpression;FAUX;;FAUX;;2008-10-24;2014-06-10;2014-07-18;;;2014-10-14;;;Opposable;2020-01-01;Approuvé;2020-01-01;2025-04-17
PPRT;Plan de Prévention des Risques Technologiques;38DDT20140009;ADISSEO TOURMALINE-St-Clair-Rhôn;Direction départementale des territoires;38 et 69;;;84;AUVERGNE-RHONE-ALPES;38;ISERE;38353;Saint-Alban-du-Rhône;20;Risque technologique;21;Risque industriel;212;Effet de surpression;FAUX;;FAUX;;2012-02-09;2018-04-24;2018-05-24;;;2018-07-18;;;Opposable;2020-01-01;Approuvé;2020-01-01;2025-04-10
PPRT;Plan de Prévention des Risques Technologiques;68DREAL20140004;67 PPRT BASF;Direction régionale de l'environnement, de l'aménagement et du logement;67 PPRT BASF;;;44;GRAND EST;68;HAUT-RHIN;68297;Saint-Louis;20;Risque technologique;21;Risque industriel;213;Effet toxique;FAUX;;FAUX;;2009-10-26;2011-10-21;2011-11-21;;;2011-12-19;;;Opposable;2020-01-01;Approuvé;2020-01-01;2025-04-09
PPRT;Plan de Prévention des Risques Technologiques;69DREAL20090002;01 PPRT de St Jean de Thurigneu;Direction régionale de l'environnement, de l'aménagement et du logement;St Jean de Thurigneux;;;84;AUVERGNE-RHONE-ALPES;01;AIN;01362;Saint-Jean-de-Thurigneux;20;Risque technologique;21;Risque industriel;211;Effet thermique;FAUX;;FAUX;;2009-03-13;2010-09-08;2010-10-08;;;2011-01-21;;;Opposable;2020-01-01;Approuvé;2020-01-01;2017-05-10
PPRT;Plan de Prévention des Risques Technologiques;31DREAL20090008;PPRT - TITANOBEL (St Maur);Direction régionale de l'environnement, de l'aménagement et du logement;SAINT MAUR;;;76;OCCITANIE;32;GERS;32323;Ponsampère;20;Risque technologique;21;Risque industriel;212;Effet de surpression;FAUX;;FAUX;;2007-10-04;2010-06-21;;;;2010-12-09;;;Opposable;2020-01-01;Approuvé;2020-01-01;2025-04-09
PPRT;Plan de Prévention des Risques Technologiques;67DREAL20140042;67 PPRT LANXESS;Direction régionale de l'environnement, de l'aménagement et du logement;67 PPRT LANXESS;;;44;GRAND EST;67;BAS-RHIN;67519;La Wantzenau;20;Risque technologique;21;Risque industriel;211;Effet thermique;FAUX;;FAUX;;2012-11-20;2014-04-14;2014-05-14;;;2014-07-21;;;Opposable;2020-01-01;Approuvé;2020-01-01;2025-04-09
PPRT;Plan de Prévention des Risques Technologiques;26DDT20120010;PPRT - STORENGY;Direction départementale des territoires;;;;84;AUVERGNE-RHONE-ALPES;26;DROME;26293;Saint-Avit;20;Risque technologique;21;Risque industriel;211;Effet thermique;FAUX;;FAUX;;2012-03-26;2015-06-08;;;;2015-10-22;;;Opposable;2020-01-01;Approuvé;2020-01-01;2025-04-09
PPRT;Plan de Prévention des Risques Technologiques;PPRT_2025_0003;PPRT -  VALTRIS;Direction départementale des territoires;Verdun;;;;;55;MEUSE;55200;Fromeréville-les-Vallons;20;Risque technologique;21;Risque industriel;212;Effet de surpression;FAUX;;FAUX;;2023-01-10;;;;;2024-06-17;;;Opposable;2020-01-01;Approuvé;2020-01-01;2025-04-10
PPRT;Plan de Prévention des Risques Technologiques;59DREAL20090014;PPRT TOTALGAZ;Direction régionale de l'environnement, de l'aménagement et du logement;;;;32;HAUTS-DE-FRANCE;59;NORD;59015;Arleux;20;Risque technologique;21;Risque industriel;211;Effet thermique;FAUX;;FAUX;;2007-09-10;2010-09-01;2010-10-01;;;2010-12-27;;;Opposable;2020-01-01;Approuvé;2020-01-01;2025-04-10
PPRT;Plan de Prévention des Risques Technologiques;33DREAL20090003;BASSENS AMBARES;Direction régionale de l'environnement, de l'aménagement et du logement;BASSENS AMBARES;;;75;NOUVELLE-AQUITAINE;33;GIRONDE;33434;Saint-Louis-de-Montferrand;20;Risque technologique;21;Risque industriel;212;Effet de surpression;FAUX;;FAUX;;2008-12-22;;;;;2010-12-21;;;Opposable;2020-01-01;Approuvé;2020-01-01;2025-04-09
PPRT;Plan de Prévention des Risques Technologiques;69DDT20200002;Vallée de la chimie;Direction départementale des territoires;;;;84;AUVERGNE-RHONE-ALPES;69;RHONE;69123;Lyon;20;Risque technologique;21;Risque industriel;212;Effet de surpression;FAUX;;FAUX;;2015-04-21;;;;;2016-10-19;;;Opposable;2020-01-01;Approuvé;2020-01-01;2025-04-10
PPRT;Plan de Prévention des Risques Technologiques;02DDT20110001;FM Logistic;Direction départementale des territoires;;;;32;HAUTS-DE-FRANCE;02;AISNE;02297;Étrépilly;20;Risque technologique;21;Risque industriel;211;Effet thermique;FAUX;;FAUX;;2009-09-10;;;;;2010-12-28;;;Opposable;2020-01-01;Approuvé;2020-01-01;2025-04-09
PPRT;Plan de Prévention des Risques Technologiques;76DREAL20140008;Port Jérôme;Direction régionale de l'environnement, de l'aménagement et du logement;;;;28;NORMANDIE;76;SEINE-MARITIME;76384;Lillebonne;20;Risque technologique;21;Risque industriel;211;Effet thermique;FAUX;;FAUX;;2009-05-29;2014-04-14;2014-05-21;;;2014-08-07;;;Opposable;2020-01-01;Approuvé;2020-01-01;2025-04-04
PPRT;Plan de Prévention des Risques Technologiques;40DREAL20130240;PPRT MLPC Lesgor;Direction régionale de l'environnement, de l'aménagement et du logement;;;;75;NOUVELLE-AQUITAINE;40;LANDES;40151;Lesgor;20;Risque technologique;21;Risque industriel;211;Effet thermique;FAUX;;FAUX;;2010-12-08;2011-11-14;2011-12-15;;;2012-04-05;;;Opposable;2020-01-01;Approuvé;2020-01-01;2025-04-09
PPRT;Plan de Prévention des Risques Technologiques;38DDT20140005;ROUSSILLON-SALAISE SUR SANNE;Direction départementale des territoires;;;;84;AUVERGNE-RHONE-ALPES;38;ISERE;38344;Roussillon;20;Risque technologique;21;Risque industriel;211;Effet thermique;FAUX;;FAUX;;2009-04-06;2014-01-27;2014-02-28;;;2014-07-09;;;Opposable;2020-01-01;Approuvé;2020-01-01;2017-06-09
PPRT;Plan de Prévention des Risques Technologiques;69DREAL20090008;51-PPRT SEVEAL  La Veuve;Direction régionale de l'environnement, de l'aménagement et du logement;51-PPRT SEVEAL  La Veuve;;;44;GRAND EST;51;MARNE;51617;La Veuve;20;Risque technologique;21;Risque industriel;211;Effet thermique;FAUX;;FAUX;;2008-04-07;;;;;2009-06-12;;;Opposable;2020-01-01;Approuvé;2020-01-01;2025-04-09
PPRT;Plan de Prévention des Risques Technologiques;69DREAL20170001;69 PPRT de Chaponnay;Direction régionale de l'environnement, de l'aménagement et du logement;Chaponnay;;;84;AUVERGNE-RHONE-ALPES;69;RHONE;69270;Chaponnay;20;Risque technologique;21;Risque industriel;213;Effet toxique;FAUX;;FAUX;;2010-12-23;2012-09-14;2012-10-14;;;2013-06-10;;;Opposable;2020-01-01;Approuvé;2020-01-01;2025-04-04
PPRT;Plan de Prévention des Risques Technologiques;60DREAL20140002;WEYLCHEM LAMOTTE;Direction régionale de l'environnement, de l'aménagement et du logement;;;;32;HAUTS-DE-FRANCE;60;OISE;60064;Berneuil-sur-Aisne;20;Risque technologique;21;Risque industriel;213;Effet toxique;FAUX;;FAUX;;2010-10-12;2014-09-30;2014-11-05;;;2014-12-19;;;Opposable;2020-01-01;Approuvé;2020-01-01;2025-03-27
PPRT;Plan de Prévention des Risques Technologiques;76DREAL20090004;PPRT SNECMA Vernon;Direction régionale de l'environnement, de l'aménagement et du logement;PPRT SNECMA Vernon;;;28;NORMANDIE;27;EURE;27644;Tilly;20;Risque technologique;21;Risque industriel;212;Effet de surpression;FAUX;;FAUX;;2008-08-01;2011-11-14;2011-12-16;;;2012-08-31;;;Opposable;2020-01-01;Approuvé;2020-01-01;2025-04-04
PPRT;Plan de Prévention des Risques Technologiques;55DDT20210005;PPRT ROZELIER;Direction départementale des territoires;PPRT ROZELIER;;;44;GRAND EST;55;MEUSE;55237;Haudiomont;20;Risque technologique;21;Risque industriel;212;Effet de surpression;FAUX;;FAUX;;2017-11-15;;;;;2023-07-06;;;Opposable;2020-01-01;Approuvé;2020-01-01;2025-04-10
PPRT;Plan de Prévention des Risques Technologiques;89DREAL20140002;Davey Bickford;Direction régionale de l'environnement, de l'aménagement et du logement;Davey Bickford (89);;;27;BOURGOGNE-FRANCHE-COMTE;89;YONNE;89382;Seignelay;20;Risque technologique;21;Risque industriel;211;Effet thermique;FAUX;;FAUX;;2010-01-18;;;;;2012-02-17;;;Opposable;2020-01-01;Approuvé;2020-01-01;2025-03-27
PPRT;Plan de Prévention des Risques Technologiques;75DRIEE_IF20090005;PPRT KUEHNE et NAGEL;Direction Régionale et Interdépartementale de l'Environnement et de l'Énergie d'Ile-de-France;PPRT KUEHNE et NAGEL;;;11;ILE-DE-FRANCE;77;SEINE-ET-MARNE;77067;Cesson;20;Risque technologique;21;Risque industriel;212;Effet de surpression;FAUX;;FAUX;;2009-04-09;2011-06-01;2011-07-02;;;2011-11-10;;;Opposable;2020-01-01;Approuvé;2020-01-01;2025-04-09
PPRT;Plan de Prévention des Risques Technologiques;62DREAL20140003;PPRT NORTANKING;Direction régionale de l'environnement, de l'aménagement et du logement;;;;32;HAUTS-DE-FRANCE;62;PAS-DE-CALAIS;62666;Pont-à-Vendin;20;Risque technologique;21;Risque industriel;211;Effet thermique;FAUX;;FAUX;;2010-03-10;2012-12-17;2013-01-18;;;2013-04-05;;;Opposable;2020-01-01;Approuvé;2020-01-01;2025-04-04
PPRT;Plan de Prévention des Risques Technologiques;51DREAL20090002;PPRT de BRENNTAG LORRAINE;Direction régionale de l'environnement, de l'aménagement et du logement;PPRT de BRENNTAG LORRAINE;;;44;GRAND EST;54;MEURTHE-ET-MOSELLE;54528;Toul;20;Risque technologique;21;Risque industriel;211;Effet thermique;FAUX;;FAUX;;2009-03-18;;;;;2011-12-21;;;Opposable;2020-01-01;Approuvé;2020-01-01;2025-04-09
PPRT;Plan de Prévention des Risques Technologiques;24DREAL20130011;PPRT POLYREY;Direction régionale de l'environnement, de l'aménagement et du logement;;;;75;NOUVELLE-AQUITAINE;24;DORDOGNE;24143;Couze-et-Saint-Front;20;Risque technologique;21;Risque industriel;212;Effet de surpression;FAUX;;FAUX;;2007-09-29;2009-05-12;;;;2009-09-14;;;Opposable;2020-01-01;Approuvé;2020-01-01;2025-04-09
PPRT;Plan de Prévention des Risques Technologiques;PPRT_2025_0006;PPRT - BAIE-MAHAULT;Direction de l'environnement, de l'aménagement et du logement;;;;;;971;GUADELOUPE;97103;Baie-Mahault;20;Risque technologique;21;Risque industriel;212;Effet de surpression;FAUX;;FAUX;;;;;;;2011-09-05;;;Opposable;2020-01-01;Approuvé;2020-01-01;2025-04-10
PPRT;Plan de Prévention des Risques Technologiques;64DREAL20150001;PPRT - MOURENX/PARDIES (Modification);Direction régionale de l'environnement, de l'aménagement et du logement;MOURENX/PARDIES;;;75;NOUVELLE-AQUITAINE;64;PYRENEES-ATLANTIQUES;64431;Os-Marsillon;20;Risque technologique;21;Risque industriel;212;Effet de surpression;FAUX;;FAUX;;2011-02-08;;;;;2015-04-15;;;Opposable;2020-01-01;Approuvé;2020-01-01;2025-11-20
PPRT;Plan de Prévention des Risques Technologiques;21DDT20130001;TITANOBEL;Direction départementale des territoires;Titanobel (21);;;27;BOURGOGNE-FRANCHE-COMTE;21;COTE-D'OR;21713;Vonges;20;Risque technologique;21;Risque industriel;212;Effet de surpression;FAUX;;FAUX;;2009-08-07;2011-11-08;2011-12-09;;;2012-06-29;;;Opposable;2020-01-01;Approuvé;2020-01-01;2025-04-02
PPRT;Plan de Prévention des Risques Technologiques;41DREAL20140003;NEXTER Munitions (Ferté-Imbault);Direction régionale de l'environnement, de l'aménagement et du logement;;;;24;CENTRE-VAL DE LOIRE;41;LOIR-ET-CHER;41232;Salbris;20;Risque technologique;21;Risque industriel;211;Effet thermique;FAUX;;FAUX;;2009-11-19;2013-01-07;2013-02-08;;;2013-05-16;;;Opposable;2020-01-01;Approuvé;2020-01-01;2025-04-09
PPRT;Plan de Prévention des Risques Technologiques;34DDTM20120161;PPRT - Minguez;Direction départementale des territoires et de la mer;;;;76;OCCITANIE;34;HERAULT;34032;Béziers;20;Risque technologique;21;Risque industriel;213;Effet toxique;FAUX;;FAUX;;2010-04-13;2012-11-05;2012-12-07;2013-05-30;;2013-03-06;;;Opposable;2020-01-01;Approuvé;2020-01-01;2025-04-09
PPRT;Plan de Prévention des Risques Technologiques;35DREAL20090005;PPRT de L'HERMITAGE;Direction régionale de l'environnement, de l'aménagement et du logement;PPRT de L'HERMITAGE;;;53;BRETAGNE;35;ILLE-ET-VILAINE;35131;L'Hermitage;20;Risque technologique;21;Risque industriel;211;Effet thermique;FAUX;;FAUX;;2008-12-02;2010-10-04;2010-11-03;;;2010-12-20;;;Opposable;2020-01-01;Approuvé;2020-01-01;2025-04-11
PPRT;Plan de Prévention des Risques Technologiques;02DDT20150003;ROHM AND HAAS;Direction départementale des territoires;;;;32;HAUTS-DE-FRANCE;02;AISNE;02820;Viry-Noureuil;20;Risque technologique;21;Risque industriel;212;Effet de surpression;FAUX;;FAUX;;2012-12-21;;;;;2014-12-22;;;Opposable;2020-01-01;Approuvé;2020-01-01;2025-04-09
PPRT;Plan de Prévention des Risques Technologiques;69DREAL20170010;69 PPRT de St Genis Laval;Direction départementale des territoires;St Genis Laval;;;84;AUVERGNE-RHONE-ALPES;69;RHONE;69204;Saint-Genis-Laval;20;Risque technologique;21;Risque industriel;211;Effet thermique;FAUX;;FAUX;;2009-08-31;2014-01-22;;;;2014-12-12;2017-05-11;;Caduque;2020-01-01;Annulé;2020-01-01;2024-05-31
PPRT;Plan de Prévention des Risques Technologiques;40DREAL20140001;PPRT DE BISCARROSSE;Direction régionale de l'environnement, de l'aménagement et du logement;;;;75;NOUVELLE-AQUITAINE;40;LANDES;40184;Mimizan;20;Risque technologique;21;Risque industriel;211;Effet thermique;FAUX;;FAUX;;2012-05-29;;;;;2013-10-08;;;Opposable;2020-01-01;Approuvé;2020-01-01;2025-04-09
PPRT;Plan de Prévention des Risques Technologiques;76DDTM20150005;ZIP Le Havre;Direction départementale des territoires et de la mer;;;;28;NORMANDIE;76;SEINE-MARITIME;76533;Rogerville;20;Risque technologique;21;Risque industriel;213;Effet toxique;FAUX;;FAUX;;2010-02-17;2016-05-26;2016-07-12;;;2016-10-17;;;Opposable;2020-01-01;Approuvé;2020-01-01;2019-09-09
PPRT;Plan de Prévention des Risques Technologiques;77DDT20130001;PPRT COGNIS-BASF;Direction départementale des territoires;PPRT COGNIS-BASF;;;11;ILE-DE-FRANCE;77;SEINE-ET-MARNE;77475;Trilport;20;Risque technologique;21;Risque industriel;213;Effet toxique;FAUX;;FAUX;;2009-11-12;2012-10-15;2012-11-17;;;2013-02-12;;;Opposable;2020-01-01;Approuvé;2020-01-01;2025-04-09
PPRT;Plan de Prévention des Risques Technologiques;02DDT20130001;TEREOS;Direction départementale des territoires;;;;32;HAUTS-DE-FRANCE;02;AISNE;02575;Origny-Sainte-Benoite;20;Risque technologique;21;Risque industriel;211;Effet thermique;FAUX;;FAUX;;2011-06-23;;;;;2012-10-15;;;Opposable;2020-01-01;Approuvé;2020-01-01;2025-04-09
PPRT;Plan de Prévention des Risques Technologiques;63DREAL20140002;PPRT SANOFI Vertolaye;Direction régionale de l'environnement, de l'aménagement et du logement;Vertolaye;;;84;AUVERGNE-RHONE-ALPES;63;PUY-DE-DOME;63454;Vertolaye;20;Risque technologique;21;Risque industriel;213;Effet toxique;FAUX;;FAUX;;2010-06-14;2014-01-13;;;;2014-04-04;;;Opposable;2020-01-01;Approuvé;2020-01-01;2025-04-09
PPRT;Plan de Prévention des Risques Technologiques;76DREAL20140008;Port Jérôme;Direction régionale de l'environnement, de l'aménagement et du logement;;;;28;NORMANDIE;76;SEINE-MARITIME;76499;Petiville;20;Risque technologique;21;Risque industriel;213;Effet toxique;FAUX;;FAUX;;2009-05-29;2014-04-14;2014-05-21;;;2014-08-07;;;Opposable;2020-01-01;Approuvé;2020-01-01;2025-04-04
PPRT;Plan de Prévention des Risques Technologiques;60DREAL20140002;WEYLCHEM LAMOTTE;Direction régionale de l'environnement, de l'aménagement et du logement;;;;32;HAUTS-DE-FRANCE;60;OISE;60534;Rethondes;20;Risque technologique;21;Risque industriel;212;Effet de surpression;FAUX;;FAUX;;2010-10-12;2014-09-30;2014-11-05;;;2014-12-19;;;Opposable;2020-01-01;Approuvé;2020-01-01;2025-03-27
PPRT;Plan de Prévention des Risques Technologiques;38DDT20140002;ARKEMA AREVA-CEZUS - Jarrie;Direction départementale des territoires;;;;84;AUVERGNE-RHONE-ALPES;38;ISERE;38068;Champagnier;20;Risque technologique;21;Risque industriel;211;Effet thermique;FAUX;;VRAI;38DDT20140007;2010-06-14;2010-10-15;2010-11-15;;;2010-12-20;;2015-05-22;Caduque;2020-01-01;Abrogé;2020-01-01;2020-12-04
PPRT;Plan de Prévention des Risques Technologiques;PPRT_2023_0002;PPRT - ADISSEO - Commentry - Malicorne;Direction départementale des territoires;Commentry - Malicorne;;;;;03;ALLIER;03082;Commentry;20;Risque technologique;21;Risque industriel;213;Effet toxique;FAUX;;FAUX;;2011-05-13;;;;;2016-06-28;;;Opposable;2020-01-01;Approuvé;2020-01-01;2016-06-16
PPRT;Plan de Prévention des Risques Technologiques;69DREAL20090018;PPRT-Ugine;Direction régionale de l'environnement, de l'aménagement et du logement;Ugine;;;84;AUVERGNE-RHONE-ALPES;73;SAVOIE;73303;Ugine;20;Risque technologique;21;Risque industriel;212;Effet de surpression;FAUX;;FAUX;;2009-03-13;2011-09-20;2011-10-20;;;2011-12-11;;;Opposable;2020-01-01;Approuvé;2020-01-01;2025-04-04
PPRT;Plan de Prévention des Risques Technologiques;67DDT20140003;67 PPRT DEPOT DE MUNITIONS DE NEUBOURG;Direction départementale des territoires;;;;44;GRAND EST;67;BAS-RHIN;67291;Mertzwiller;20;Risque technologique;21;Risque industriel;212;Effet de surpression;FAUX;;FAUX;;2013-02-01;2015-08-17;2015-09-17;;;2015-12-18;;;Opposable;2020-01-01;Approuvé;2020-01-01;2025-04-09
PPRT;Plan de Prévention des Risques Technologiques;51DREAL20090003;PPRT de la CAL ECROUVES;Direction régionale de l'environnement, de l'aménagement et du logement;PPRT de la CAL ECROUVES;;;44;GRAND EST;54;MEURTHE-ET-MOSELLE;54174;Écrouves;20;Risque technologique;21;Risque industriel;212;Effet de surpression;FAUX;;FAUX;;2009-01-13;;;;;2010-08-24;;2023-10-16;Caduque;2020-01-01;Abrogé;2020-01-01;2025-09-10
PPRT;Plan de Prévention des Risques Technologiques;79DDT20110046;PPRT EXPLOSIFS SEVRE ATLANTIQUE;Direction départementale des territoires;;;;75;NOUVELLE-AQUITAINE;79;DEUX-SEVRES;79326;Thénezay;20;Risque technologique;21;Risque industriel;211;Effet thermique;FAUX;;FAUX;;2009-10-20;2011-05-02;2011-06-03;;;2011-08-05;;;Opposable;2020-01-01;Approuvé;2020-01-01;2025-04-09
PPRT;Plan de Prévention des Risques Technologiques;PPRT_2022_0003;PPRT - Etablissement DGATT Bourges;Direction départementale des territoires;;;;;;18;CHER;18191;Raymond;20;Risque technologique;21;Risque industriel;211;Effet thermique;FAUX;;FAUX;;2020-11-06;;;;;2023-08-03;;;Opposable;2020-01-01;Approuvé;2020-01-01;2025-04-02
PPRT;Plan de Prévention des Risques Technologiques;PPRT_2024_0003;PPRT - dépôt de munitions [ Miramas, Istres ];Direction départementale des territoires et de la mer;;;;;;13;BOUCHES-DU-RHONE;13047;Istres;20;Risque technologique;21;Risque industriel;211;Effet thermique;FAUX;;FAUX;;2024-07-11;;;;;;;;Prescrit;2020-01-01;Prescrit;2020-01-01;2025-05-07
PPRT;Plan de Prévention des Risques Technologiques;04DREAL20140004;PPRT - Géosel - Géoméhane [ Manosque ] 2019;Direction régionale de l'environnement, de l'aménagement et du logement;;;;93;PROVENCE-ALPES-COTE D'AZUR;04;ALPES-DE-HAUTE-PROVENCE;04190;Saint-Martin-les-Eaux;20;Risque technologique;21;Risque industriel;212;Effet de surpression;FAUX;;FAUX;;2012-07-30;;;;;2019-11-05;;;Opposable;2020-01-01;Approuvé;2020-01-01;2025-11-13
PPRT;Plan de Prévention des Risques Technologiques;91DDT20130003;PPRT OM-Group;Direction départementale des territoires;;;;11;ILE-DE-FRANCE;91;ESSONNE;91593;Sermaise;20;Risque technologique;21;Risque industriel;211;Effet thermique;FAUX;;FAUX;;2009-09-22;;;;;2012-07-12;;;Opposable;2020-01-01;Approuvé;2020-01-01;2025-04-09
PPRT;Plan de Prévention des Risques Technologiques;62DREAL20140007;PPRT LOGISTINORD;Direction régionale de l'environnement, de l'aménagement et du logement;;;;32;HAUTS-DE-FRANCE;62;PAS-DE-CALAIS;62858;Villers-lès-Cagnicourt;20;Risque technologique;21;Risque industriel;213;Effet toxique;FAUX;;FAUX;;2009-12-09;2010-08-30;2010-10-01;;;2010-12-03;;;Opposable;2020-01-01;Approuvé;2020-01-01;2025-04-04
PPRT;Plan de Prévention des Risques Technologiques;16DDT20120003;PPRT Antargaz;Direction départementale des territoires;;;;75;NOUVELLE-AQUITAINE;16;CHARENTE;16152;Gimeux;20;Risque technologique;21;Risque industriel;212;Effet de surpression;FAUX;;FAUX;;2009-12-18;;;;;2012-12-10;;;Opposable;2020-01-01;Approuvé;2020-01-01;2025-04-09
PPRT;Plan de Prévention des Risques Technologiques;PPRT_2022_0003;PPRT - Etablissement DGATT Bourges;Direction départementale des territoires;;;;;;18;CHER;18095;Flavigny;20;Risque technologique;21;Risque industriel;213;Effet toxique;FAUX;;FAUX;;2020-11-06;;;;;2023-08-03;;;Opposable;2020-01-01;Approuvé;2020-01-01;2025-04-02
PPRT;Plan de Prévention des Risques Technologiques;38DDT20140001;PCAS - Bourgoin Jallieu;Direction départementale des territoires;Bourgoin Jallieu;;;84;AUVERGNE-RHONE-ALPES;38;ISERE;38053;Bourgoin-Jallieu;20;Risque technologique;21;Risque industriel;213;Effet toxique;FAUX;;FAUX;;2009-04-27;2012-10-10;2012-11-09;2013-05-16;;2012-12-18;;;Opposable;2020-01-01;Approuvé;2020-01-01;2025-04-11
PPRT;Plan de Prévention des Risques Technologiques;69DREAL20170008;69 PPRT de St Priest;Direction régionale de l'environnement, de l'aménagement et du logement;St Priest;;;84;AUVERGNE-RHONE-ALPES;69;RHONE;69290;Saint-Priest;20;Risque technologique;21;Risque industriel;212;Effet de surpression;FAUX;;FAUX;;2009-12-11;2014-12-15;2015-01-15;;;2015-07-24;;;Opposable;2020-01-01;Approuvé;2020-01-01;2025-04-04
PPRT;Plan de Prévention des Risques Technologiques;78DDT20130012;PPRT TOTAL Gargenville;Direction départementale des territoires;;;;11;ILE-DE-FRANCE;78;YVELINES;78267;Gargenville;20;Risque technologique;21;Risque industriel;212;Effet de surpression;FAUX;;FAUX;;2009-06-15;;;;;2012-12-26;;;Opposable;2020-01-01;Approuvé;2020-01-01;2025-04-10
PPRT;Plan de Prévention des Risques Technologiques;76DREAL20140008;Port Jérôme;Direction régionale de l'environnement, de l'aménagement et du logement;;;;28;NORMANDIE;76;SEINE-MARITIME;27485;Quillebeuf-sur-Seine;20;Risque technologique;21;Risque industriel;212;Effet de surpression;FAUX;;FAUX;;2009-05-29;2014-04-14;2014-05-21;;;2014-08-07;;;Opposable;2020-01-01;Approuvé;2020-01-01;2025-04-04
PPRT;Plan de Prévention des Risques Technologiques;PPRT_2025_0004;PPRT - BUTAGAZ - HEBERGEMENT;Direction régionale de l'environnement, de l'aménagement et du logement;Loire-Bretagne;;;;;85;VENDEE;85108;L'Herbergement;20;Risque technologique;21;Risque industriel;213;Effet toxique;FAUX;;FAUX;;2010-08-04;;;;2018-10-04;;;;Caduque;2020-01-01;Déprescrit;2020-01-01;2025-02-14
PPRT;Plan de Prévention des Risques Technologiques;59DREAL20090003;PPRT CRODA UNIQEMA;Direction régionale de l'environnement, de l'aménagement et du logement;;;;32;HAUTS-DE-FRANCE;62;PAS-DE-CALAIS;62489;Lapugnoy;20;Risque technologique;21;Risque industriel;213;Effet toxique;FAUX;;FAUX;;2007-05-23;;;;;2023-05-10;;;Opposable;2020-01-01;Approuvé;2020-01-01;2025-04-04
PPRT;Plan de Prévention des Risques Technologiques;69DREAL20090005;SOBEGAL - Domène;Direction régionale de l'environnement, de l'aménagement et du logement;38 PPRT de Domène;;;84;AUVERGNE-RHONE-ALPES;38;ISERE;38150;Domène;20;Risque technologique;21;Risque industriel;212;Effet de surpression;FAUX;;FAUX;;2007-07-02;2016-09-20;2016-10-21;;;2017-02-08;;;Opposable;2020-01-01;Approuvé;2020-01-01;2025-04-11
PPRT;Plan de Prévention des Risques Technologiques;49DDT20130001;PPRT EPC France St Crespin/Moine;Direction départementale des territoires;;;;52;PAYS DE LA LOIRE;49;MAINE-ET-LOIRE;49301;Sèvremoine;20;Risque technologique;21;Risque industriel;211;Effet thermique;FAUX;;FAUX;;2007-09-25;2013-06-18;2013-07-19;;;2013-10-28;;;Opposable;2020-01-01;Approuvé;2020-01-01;2025-04-04
PPRT;Plan de Prévention des Risques Technologiques;75DRIEE_IF20090002;PPRT SDPN;Direction Régionale et Interdépartementale de l'Environnement et de l'Énergie d'Ile-de-France;PPRT SDPN;;;11;ILE-DE-FRANCE;92;HAUTS-DE-SEINE;92050;Nanterre;20;Risque technologique;21;Risque industriel;211;Effet thermique;FAUX;;FAUX;;2009-02-25;;;;2014-05-06;;;;Caduque;2020-01-01;Déprescrit;2020-01-01;2022-04-29
PPRT;Plan de Prévention des Risques Technologiques;41DREAL20140004;MBDA (Selles-Saint-Denis);Direction régionale de l'environnement, de l'aménagement et du logement;;;;24;CENTRE-VAL DE LOIRE;41;LOIR-ET-CHER;41044;Châtres-sur-Cher;20;Risque technologique;21;Risque industriel;212;Effet de surpression;FAUX;;FAUX;;2010-03-16;2011-11-02;2011-12-02;;;2011-12-27;;;Opposable;2020-01-01;Approuvé;2020-01-01;2025-04-09
PPRT;Plan de Prévention des Risques Technologiques;68DREAL20140004;67 PPRT BASF;Direction régionale de l'environnement, de l'aménagement et du logement;67 PPRT BASF;;;44;GRAND EST;68;HAUT-RHIN;68149;Huningue;20;Risque technologique;21;Risque industriel;212;Effet de surpression;FAUX;;FAUX;;2009-10-26;2011-10-21;2011-11-21;;;2011-12-19;;;Opposable;2020-01-01;Approuvé;2020-01-01;2025-04-09
PPRT;Plan de Prévention des Risques Technologiques;86DDT20130012;PPRT JOUFFRAY DRILLAUD;Direction départementale des territoires;;;;75;NOUVELLE-AQUITAINE;86;VIENNE;86076;Cissé;20;Risque technologique;21;Risque industriel;211;Effet thermique;FAUX;;FAUX;;2009-07-02;2011-11-07;2011-12-20;;;2012-01-20;;;Opposable;2020-01-01;Approuvé;2020-01-01;2025-04-10
PPRT;Plan de Prévention des Risques Technologiques;60DREAL20140011;FM Logistic;Direction régionale de l'environnement, de l'aménagement et du logement;;;;32;HAUTS-DE-FRANCE;60;OISE;60369;Longueil-Sainte-Marie;20;Risque technologique;21;Risque industriel;211;Effet thermique;FAUX;;FAUX;;2009-11-12;2010-09-10;2010-10-10;;;2010-12-23;;;Opposable;2020-01-01;Approuvé;2020-01-01;2025-03-27
PPRT;Plan de Prévention des Risques Technologiques;38DDT20140007;Rév. ARKEMA AREVA-CEZUS-Jarrie;Direction départementale des territoires;;;;84;AUVERGNE-RHONE-ALPES;38;ISERE;38059;Brié-et-Angonnes;20;Risque technologique;21;Risque industriel;211;Effet thermique;VRAI;38DDT20140002;FAUX;;2011-12-21;2014-09-08;2014-10-09;;;2015-05-22;;;Opposable;2020-01-01;Approuvé;2020-01-01;2025-11-21
PPRT;Plan de Prévention des Risques Technologiques;12DDT20120001;PPRT - SOBEGAL;Direction départementale des territoires;;;;76;OCCITANIE;12;AVEYRON;12043;Calmont;20;Risque technologique;21;Risque industriel;211;Effet thermique;FAUX;;FAUX;;2009-06-10;;;;;2015-12-29;;;Opposable;2020-01-01;Approuvé;2020-01-01;2025-04-09
PPRT;Plan de Prévention des Risques Technologiques;45DREAL20090008;DPO (Semoy);Direction régionale de l'environnement, de l'aménagement et du logement;;;;24;CENTRE-VAL DE LOIRE;45;LOIRET;45308;Semoy;20;Risque technologique;21;Risque industriel;211;Effet thermique;FAUX;;FAUX;;2008-12-05;2011-04-26;2011-05-31;;;2011-10-05;;;Opposable;2020-01-01;Approuvé;2020-01-01;2025-06-05
PPRT;Plan de Prévention des Risques Technologiques;59DDTM20130007;PPRT Produits Chimiques Loos;Direction départementale des territoires et de la mer;;;;32;HAUTS-DE-FRANCE;59;NORD;59566;Sequedin;20;Risque technologique;21;Risque industriel;213;Effet toxique;FAUX;;FAUX;;2010-04-27;2012-03-21;2012-04-21;2013-04-09;;2012-08-30;;;Opposable;2020-01-01;Approuvé;2020-01-01;2025-04-10
PPRT;Plan de Prévention des Risques Technologiques;38DDT20140002;ARKEMA AREVA-CEZUS - Jarrie;Direction départementale des territoires;;;;84;AUVERGNE-RHONE-ALPES;38;ISERE;38068;Champagnier;20;Risque technologique;21;Risque industriel;212;Effet de surpression;FAUX;;VRAI;38DDT20140007;2010-06-14;2010-10-15;2010-11-15;;;2010-12-20;;2015-05-22;Caduque;2020-01-01;Abrogé;2020-01-01;2020-12-04
PPRT;Plan de Prévention des Risques Technologiques;33DREAL20130132;PPRT AMBES SUD;Direction régionale de l'environnement, de l'aménagement et du logement;;;;75;NOUVELLE-AQUITAINE;33;GIRONDE;33256;Ludon-Médoc;20;Risque technologique;21;Risque industriel;212;Effet de surpression;FAUX;;FAUX;;2010-11-10;;;;;2015-07-06;;;Opposable;2020-01-01;Approuvé;2020-01-01;2025-04-09
PPRT;Plan de Prévention des Risques Technologiques;63DREAL20140002;PPRT SANOFI Vertolaye;Direction régionale de l'environnement, de l'aménagement et du logement;Vertolaye;;;84;AUVERGNE-RHONE-ALPES;63;PUY-DE-DOME;63207;Marat;20;Risque technologique;21;Risque industriel;211;Effet thermique;FAUX;;FAUX;;2010-06-14;2014-01-13;;;;2014-04-04;;;Opposable;2020-01-01;Approuvé;2020-01-01;2025-04-09
PPRT;Plan de Prévention des Risques Technologiques;76DREAL20150001;Saint-Pierre-lès-Elbeuf;Direction régionale de l'environnement, de l'aménagement et du logement;;;;28;NORMANDIE;76;SEINE-MARITIME;76231;Elbeuf;20;Risque technologique;21;Risque industriel;211;Effet thermique;FAUX;;FAUX;;2010-05-06;2014-02-24;2014-03-26;;;2014-06-03;;;Opposable;2020-01-01;Approuvé;2020-01-01;2025-04-09
PPRT;Plan de Prévention des Risques Technologiques;41DREAL20140001;STORENGY (Céré-la-Ronde);Direction régionale de l'environnement, de l'aménagement et du logement;;;;24;CENTRE-VAL DE LOIRE;37;INDRE-ET-LOIRE;37046;Céré-la-Ronde;20;Risque technologique;21;Risque industriel;211;Effet thermique;FAUX;;FAUX;;2012-08-06;2013-09-30;2013-10-31;;;2013-12-24;;;Opposable;2020-01-01;Approuvé;2020-01-01;2025-04-16
PPRT;Plan de Prévention des Risques Technologiques;02DDT20130001;TEREOS;Direction départementale des territoires;;;;32;HAUTS-DE-FRANCE;02;AISNE;02741;Thenelles;20;Risque technologique;21;Risque industriel;213;Effet toxique;FAUX;;FAUX;;2011-06-23;;;;;2012-10-15;;;Opposable;2020-01-01;Approuvé;2020-01-01;2025-04-09
PPRT;Plan de Prévention des Risques Technologiques;59DDTM20130008;PPRT CAPELLE PIGMENTS;Direction départementale des territoires et de la mer;;;;32;HAUTS-DE-FRANCE;59;NORD;59279;Halluin;20;Risque technologique;21;Risque industriel;212;Effet de surpression;FAUX;;FAUX;;2009-05-11;;;;2012-09-19;;;;Caduque;2020-01-01;Déprescrit;2020-01-01;2021-03-04
PPRT;Plan de Prévention des Risques Technologiques;54DDT20140018;PPRT STORENGY CERVILLE;Direction départementale des territoires;Industriel;;;44;GRAND EST;54;MEURTHE-ET-MOSELLE;54498;Seichamps;20;Risque technologique;21;Risque industriel;211;Effet thermique;FAUX;;FAUX;;2011-04-19;;;;;2014-09-30;;;Opposable;2020-01-01;Approuvé;2020-01-01;2025-04-09
PPRT;Plan de Prévention des Risques Technologiques;80DREAL20140001;PPRt révisiant Amiens nord;Direction régionale de l'environnement, de l'aménagement et du logement;;;;32;HAUTS-DE-FRANCE;80;SOMME;80021;Amiens;20;Risque technologique;21;Risque industriel;213;Effet toxique;VRAI;80DREAL20090002;FAUX;;2015-01-07;2016-02-01;2016-03-02;;;2016-07-08;;;Opposable;2020-01-01;Approuvé;2020-01-01;2025-04-04
PPRT;Plan de Prévention des Risques Technologiques;62DREAL20140003;PPRT NORTANKING;Direction régionale de l'environnement, de l'aménagement et du logement;;;;32;HAUTS-DE-FRANCE;62;PAS-DE-CALAIS;62311;Estevelles;20;Risque technologique;21;Risque industriel;212;Effet de surpression;FAUX;;FAUX;;2010-03-10;2012-12-17;2013-01-18;;;2013-04-05;;;Opposable;2020-01-01;Approuvé;2020-01-01;2025-04-04
PPRT;Plan de Prévention des Risques Technologiques;26DREAL20170001;26 PPRT SODEREC;Direction régionale de l'environnement, de l'aménagement et du logement;;;;84;AUVERGNE-RHONE-ALPES;26;DROME;26235;Pierrelatte;20;Risque technologique;21;Risque industriel;212;Effet de surpression;FAUX;;FAUX;;2012-12-28;2013-12-09;2014-01-09;;;2014-03-11;;;Opposable;2020-01-01;Approuvé;2020-01-01;2025-04-14
PPRT;Plan de Prévention des Risques Technologiques;79DDT20110046;PPRT EXPLOSIFS SEVRE ATLANTIQUE;Direction départementale des territoires;;;;75;NOUVELLE-AQUITAINE;79;DEUX-SEVRES;79120;La Ferrière-en-Parthenay;20;Risque technologique;21;Risque industriel;211;Effet thermique;FAUX;;FAUX;;2009-10-20;2011-05-02;2011-06-03;;;2011-08-05;;;Opposable;2020-01-01;Approuvé;2020-01-01;2025-04-09
PPRT;Plan de Prévention des Risques Technologiques;76DDTM20150002;Rouen Lubrizol;Direction départementale des territoires et de la mer;;;;28;NORMANDIE;76;SEINE-MARITIME;76498;Le Petit-Quevilly;20;Risque technologique;21;Risque industriel;213;Effet toxique;FAUX;;FAUX;;2010-05-06;2013-11-22;2014-01-18;;;2014-03-31;;;Opposable;2020-01-01;Approuvé;2020-01-01;2025-04-09
PPRT;Plan de Prévention des Risques Technologiques;31DREAL20090004;PPRT - GACHES CHIMIE;Direction régionale de l'environnement, de l'aménagement et du logement;ESCALQUENS;;;76;OCCITANIE;31;HAUTE-GARONNE;31169;Escalquens;20;Risque technologique;21;Risque industriel;211;Effet thermique;FAUX;;FAUX;;2008-03-10;2010-04-06;2010-05-07;;;2010-10-29;;;Opposable;2020-01-01;Approuvé;2020-01-01;2025-04-09
PPRT;Plan de Prévention des Risques Technologiques;77DDT20130001;PPRT COGNIS-BASF;Direction départementale des territoires;PPRT COGNIS-BASF;;;11;ILE-DE-FRANCE;77;SEINE-ET-MARNE;77284;Meaux;20;Risque technologique;21;Risque industriel;213;Effet toxique;FAUX;;FAUX;;2009-11-12;2012-10-15;2012-11-17;;;2013-02-12;;;Opposable;2020-01-01;Approuvé;2020-01-01;2025-04-09
PPRT;Plan de Prévention des Risques Technologiques;64DREAL20130259;PPRT LACQ MONT;Direction régionale de l'environnement, de l'aménagement et du logement;;;;75;NOUVELLE-AQUITAINE;64;PYRENEES-ATLANTIQUES;64300;Lacq;20;Risque technologique;21;Risque industriel;212;Effet de surpression;FAUX;;FAUX;;2010-10-19;;;;;2014-05-06;;;Opposable;2020-01-01;Approuvé;2020-01-01;2025-06-11
PPRT;Plan de Prévention des Risques Technologiques;02DDT20150003;ROHM AND HAAS;Direction départementale des territoires;;;;32;HAUTS-DE-FRANCE;02;AISNE;02041;Autreville;20;Risque technologique;21;Risque industriel;212;Effet de surpression;FAUX;;FAUX;;2012-12-21;;;;;2014-12-22;;;Opposable;2020-01-01;Approuvé;2020-01-01;2025-04-09
PPRT;Plan de Prévention des Risques Technologiques;62DREAL20140008;PPRT PRIMAGAZ;Direction régionale de l'environnement, de l'aménagement et du logement;;;;32;HAUTS-DE-FRANCE;62;PAS-DE-CALAIS;62869;Wailly;20;Risque technologique;21;Risque industriel;211;Effet thermique;FAUX;;FAUX;;2009-09-15;2016-11-30;2016-12-30;;;2017-09-25;;;Opposable;2020-01-01;Approuvé;2020-01-01;2025-04-04
PPRT;Plan de Prévention des Risques Technologiques;59DDTM20130007;PPRT Produits Chimiques Loos;Direction départementale des territoires et de la mer;;;;32;HAUTS-DE-FRANCE;59;NORD;59360;Loos;20;Risque technologique;21;Risque industriel;213;Effet toxique;FAUX;;FAUX;;2010-04-27;2012-03-21;2012-04-21;2013-04-09;;2012-08-30;;;Opposable;2020-01-01;Approuvé;2020-01-01;2025-04-10
PPRT;Plan de Prévention des Risques Technologiques;41DREAL20140005;STORENGY (Chémery-Soings);Direction régionale de l'environnement, de l'aménagement et du logement;;;;24;CENTRE-VAL DE LOIRE;41;LOIR-ET-CHER;41059;Le Controis-en-Sologne;20;Risque technologique;21;Risque industriel;211;Effet thermique;FAUX;;FAUX;;2012-07-17;2015-10-19;2015-11-19;;;2016-02-19;;;Opposable;2020-01-01;Approuvé;2020-01-01;2025-04-09
PPRT;Plan de Prévention des Risques Technologiques;26DDT20120004;PPRT - TRICASTIN;Direction départementale des territoires;;;;84;AUVERGNE-RHONE-ALPES;26;DROME;26324;Saint-Paul-Trois-Châteaux;20;Risque technologique;21;Risque industriel;211;Effet thermique;FAUX;;FAUX;;2011-03-04;;;;2012-12-28;;;;Caduque;2020-01-01;Déprescrit;2020-01-01;2025-03-28
PPRT;Plan de Prévention des Risques Technologiques;45DREAL20090005;SYNTHRON (Auzouer-en-Touraine);Direction régionale de l'environnement, de l'aménagement et du logement;;;;24;CENTRE-VAL DE LOIRE;37;INDRE-ET-LOIRE;37063;Château-Renault;20;Risque technologique;21;Risque industriel;211;Effet thermique;FAUX;;FAUX;;2008-03-06;2009-11-03;2009-12-04;;;2010-04-07;;;Opposable;2020-01-01;Approuvé;2020-01-01;2025-04-16
PPRT;Plan de Prévention des Risques Technologiques;83DREAL20140146;PPRT - Site militaire [ Tourris ] 2014;Direction régionale de l'environnement, de l'aménagement et du logement;;;;93;PROVENCE-ALPES-COTE D'AZUR;83;VAR;83131;Solliès-Toucas;20;Risque technologique;21;Risque industriel;214;Effet de projection;FAUX;;FAUX;;2012-03-22;;;;;2014-03-06;;;Opposable;2020-01-01;Approuvé;2020-01-01;2025-04-15
PPRT;Plan de Prévention des Risques Technologiques;76DDTM20150004;ZIP Petit-Couronne;Direction départementale des territoires et de la mer;;;;28;NORMANDIE;76;SEINE-MARITIME;76484;Oissel;20;Risque technologique;21;Risque industriel;212;Effet de surpression;FAUX;;FAUX;;2012-12-13;2018-10-08;2018-11-29;;;2019-01-29;;;Opposable;2020-01-01;Approuvé;2020-01-01;2025-04-09
PPRT;Plan de Prévention des Risques Technologiques;37DREAL20140001;ARCHWATER (amboise);Direction régionale de l'environnement, de l'aménagement et du logement;;;;24;CENTRE-VAL DE LOIRE;37;INDRE-ET-LOIRE;37236;Saint-Règle;20;Risque technologique;21;Risque industriel;213;Effet toxique;FAUX;;FAUX;;2009-07-30;2013-01-21;2013-02-22;;;2013-06-12;;2021-12-01;Caduque;2020-01-01;Abrogé;2020-01-01;2022-06-21
PPRT;Plan de Prévention des Risques Technologiques;56DDTM20140001;PPRT militaire de Coëtquidan;Direction départementale des territoires et de la mer;;;;53;BRETAGNE;56;MORBIHAN;56012;Beignon;20;Risque technologique;21;Risque industriel;211;Effet thermique;FAUX;;FAUX;;2012-04-18;2014-01-08;2014-02-12;;;2014-07-16;;;Opposable;2020-01-01;Approuvé;2020-01-01;2025-03-31
PPRT;Plan de Prévention des Risques Technologiques;26DDT20120001;PPRT - NOVAPEX;Direction départementale des territoires;;;;84;AUVERGNE-RHONE-ALPES;26;DROME;26148;Hauterives;20;Risque technologique;21;Risque industriel;212;Effet de surpression;FAUX;;FAUX;;2011-12-08;2013-12-13;2014-01-13;;;2014-04-02;;;Opposable;2020-01-01;Approuvé;2020-01-01;2025-04-09
PPRT;Plan de Prévention des Risques Technologiques;34DREAL20090003;PPRT - GDH;Direction régionale de l'environnement, de l'aménagement et du logement;PPRT Frontignan;;;76;OCCITANIE;34;HERAULT;34108;Frontignan;20;Risque technologique;21;Risque industriel;211;Effet thermique;FAUX;;FAUX;;2008-10-24;2014-06-10;2014-07-18;;;2014-10-14;;;Opposable;2020-01-01;Approuvé;2020-01-01;2025-04-17
PPRT;Plan de Prévention des Risques Technologiques;45DREAL20090002;NEXTER Munitions - MBDA;Direction régionale de l'environnement, de l'aménagement et du logement;;;;24;CENTRE-VAL DE LOIRE;18;CHER;18255;Le Subdray;20;Risque technologique;21;Risque industriel;211;Effet thermique;FAUX;;FAUX;;2007-11-15;2010-02-08;2010-03-11;;;2010-10-11;;;Opposable;2020-01-01;Approuvé;2020-01-01;2025-04-10
PPRT;Plan de Prévention des Risques Technologiques;39DREAL20140001;PPRt Solvay;Direction régionale de l'environnement, de l'aménagement et du logement;Solvay;;;27;BOURGOGNE-FRANCHE-COMTE;39;JURA;39189;Damparis;20;Risque technologique;21;Risque industriel;213;Effet toxique;FAUX;;FAUX;;2008-07-01;2009-09-17;;;;2010-02-24;;;Opposable;2020-01-01;Approuvé;2020-01-01;2025-04-04
PPRT;Plan de Prévention des Risques Technologiques;29DDTM20200001;Pyrotechnie Saint Nicolas;Direction départementale des territoires et de la mer;Pyrotechnie militaire;;;53;BRETAGNE;29;FINISTERE;29235;Le Relecq-Kerhuon;20;Risque technologique;21;Risque industriel;214;Effet de projection;FAUX;;FAUX;;2019-11-15;;;;;2025-06-06;;;Opposable;2020-01-01;Approuvé;2020-01-01;2025-07-15
PPRT;Plan de Prévention des Risques Technologiques;82DDT20110016;PPRT - PPMP;Direction départementale des territoires;Commune de Grisolles;;;76;OCCITANIE;82;TARN-ET-GARONNE;82075;Grisolles;20;Risque technologique;21;Risque industriel;213;Effet toxique;FAUX;;FAUX;;2009-12-11;2010-11-16;2010-12-16;2011-08-05;;2011-02-11;;;Opposable;2020-01-01;Approuvé;2020-01-01;2025-04-09
PPRT;Plan de Prévention des Risques Technologiques;64DREAL20150001;PPRT - MOURENX/PARDIES (Modification);Direction régionale de l'environnement, de l'aménagement et du logement;MOURENX/PARDIES;;;75;NOUVELLE-AQUITAINE;64;PYRENEES-ATLANTIQUES;64443;Pardies;20;Risque technologique;21;Risque industriel;212;Effet de surpression;FAUX;;FAUX;;2011-02-08;;;;;2015-04-15;;;Opposable;2020-01-01;Approuvé;2020-01-01;2024-06-28
PPRT;Plan de Prévention des Risques Technologiques;59STIIIC20090002;PPRT CCMP (ex DPN);Direction régionale de l'industrie, de la recherche et de l'environnement;Carrières sur-Seine (78);;;11;ILE-DE-FRANCE;78;YVELINES;92050;Nanterre;20;Risque technologique;21;Risque industriel;212;Effet de surpression;FAUX;;FAUX;;2009-02-25;;;;;2011-05-30;;;Opposable;2020-01-01;Approuvé;2020-01-01;2025-04-03
PPRT;Plan de Prévention des Risques Technologiques;59DREAL20090003;PPRT CRODA UNIQEMA;Direction régionale de l'environnement, de l'aménagement et du logement;;;;32;HAUTS-DE-FRANCE;62;PAS-DE-CALAIS;62489;Lapugnoy;20;Risque technologique;21;Risque industriel;211;Effet thermique;FAUX;;FAUX;;2007-05-23;;;;;2023-05-10;;;Opposable;2020-01-01;Approuvé;2020-01-01;2025-04-04
PPRT;Plan de Prévention des Risques Technologiques;49DDT20130001;PPRT EPC France St Crespin/Moine;Direction départementale des territoires;;;;52;PAYS DE LA LOIRE;49;MAINE-ET-LOIRE;44043;Clisson;20;Risque technologique;21;Risque industriel;211;Effet thermique;FAUX;;FAUX;;2007-09-25;2013-06-18;2013-07-19;;;2013-10-28;;;Opposable;2020-01-01;Approuvé;2020-01-01;2025-04-04
PPRT;Plan de Prévention des Risques Technologiques;38DDT20140004;TOTAL RAFFINAGE FRANCE-St-Quenti;Direction départementale des territoires;;;;84;AUVERGNE-RHONE-ALPES;38;ISERE;38449;Saint-Quentin-Fallavier;20;Risque technologique;21;Risque industriel;212;Effet de surpression;FAUX;;FAUX;;2009-07-07;2017-10-13;2017-11-13;;;2017-12-19;;;Opposable;2020-01-01;Approuvé;2020-01-01;2025-04-11
PPRT;Plan de Prévention des Risques Technologiques;39DREAL20140001;PPRt Solvay;Direction régionale de l'environnement, de l'aménagement et du logement;Solvay;;;27;BOURGOGNE-FRANCHE-COMTE;39;JURA;39526;Tavaux;20;Risque technologique;21;Risque industriel;213;Effet toxique;FAUX;;FAUX;;2008-07-01;2009-09-17;;;;2010-02-24;;;Opposable;2020-01-01;Approuvé;2020-01-01;2025-04-04
PPRT;Plan de Prévention des Risques Technologiques;47DREAL20130327;PPRT ATPM;Direction régionale de l'environnement, de l'aménagement et du logement;;;;75;NOUVELLE-AQUITAINE;47;LOT-ET-GARONNE;47105;Frespech;20;Risque technologique;21;Risque industriel;212;Effet de surpression;FAUX;;FAUX;;2009-06-29;2010-03-29;2010-04-30;2011-02-15;;2010-06-21;;;Opposable;2020-01-01;Approuvé;2020-01-01;2025-04-09
PPRT;Plan de Prévention des Risques Technologiques;71DREAL20140004;Raffinerie du Midi;Direction régionale de l'environnement, de l'aménagement et du logement;Raffinerie du Midi (71);;;27;BOURGOGNE-FRANCHE-COMTE;71;SAONE-ET-LOIRE;71076;Chalon-sur-Saône;20;Risque technologique;21;Risque industriel;212;Effet de surpression;FAUX;;FAUX;;2010-06-10;;;;;;2012-06-05;;Caduque;2020-01-01;Annulé;2020-01-01;2020-07-29
PPRT;Plan de Prévention des Risques Technologiques;67DREAL20090003;67 PPRT PORT AUX PETROLES DE STRASBOURG;Direction régionale de l'environnement, de l'aménagement et du logement;67 PPRT SES1, SES2, RUBIS STOCKAGE, PRR Port, PRODAIR, BOLLORE;;;44;GRAND EST;67;BAS-RHIN;67482;Strasbourg;20;Risque technologique;21;Risque industriel;213;Effet toxique;FAUX;;FAUX;;2009-03-02;2013-02-25;2013-04-11;;;2013-11-28;;;Opposable;2020-01-01;Approuvé;2020-01-01;2025-04-09
PPRT;Plan de Prévention des Risques Technologiques;50DDTM20110001;Société OMG Ultra Pure Chemicals;Direction départementale des territoires et de la mer;;;;28;NORMANDIE;50;MANCHE;50004;Airel;20;Risque technologique;21;Risque industriel;211;Effet thermique;FAUX;;FAUX;;2011-09-26;;;;;2014-04-01;;;Opposable;2020-01-01;Approuvé;2020-01-01;2025-04-08
PPRT;Plan de Prévention des Risques Technologiques;76DDTM20150005;ZIP Le Havre;Direction départementale des territoires et de la mer;;;;28;NORMANDIE;76;SEINE-MARITIME;76489;Oudalle;20;Risque technologique;21;Risque industriel;211;Effet thermique;FAUX;;FAUX;;2010-02-17;2016-05-26;2016-07-12;;;2016-10-17;;;Opposable;2020-01-01;Approuvé;2020-01-01;2019-09-09
PPRT;Plan de Prévention des Risques Technologiques;41DREAL20140001;STORENGY (Céré-la-Ronde);Direction régionale de l'environnement, de l'aménagement et du logement;;;;24;CENTRE-VAL DE LOIRE;37;INDRE-ET-LOIRE;41002;Angé;20;Risque technologique;21;Risque industriel;211;Effet thermique;FAUX;;FAUX;;2012-08-06;2013-09-30;2013-10-31;;;2013-12-24;;;Opposable;2020-01-01;Approuvé;2020-01-01;2025-04-16
PPRT;Plan de Prévention des Risques Technologiques;01DDT20110004;01 PPRt KEM ONE;Direction départementale des territoires;Balan ;;;84;AUVERGNE-RHONE-ALPES;01;AIN;01027;Balan;20;Risque technologique;21;Risque industriel;212;Effet de surpression;FAUX;;FAUX;;2010-01-27;2012-03-12;2012-04-12;;;2012-05-30;;;Opposable;2020-01-01;Approuvé;2020-01-01;2017-05-10
PPRT;Plan de Prévention des Risques Technologiques;PPRT_2022_0003;PPRT - Etablissement DGATT Bourges;Direction départementale des territoires;;;;;;18;CHER;18033;Bourges;20;Risque technologique;21;Risque industriel;214;Effet de projection;FAUX;;FAUX;;2020-11-06;;;;;2023-08-03;;;Opposable;2020-01-01;Approuvé;2020-01-01;2025-04-02
PPRT;Plan de Prévention des Risques Technologiques;69DDT20200002;Vallée de la chimie;Direction départementale des territoires;;;;84;AUVERGNE-RHONE-ALPES;69;RHONE;69199;Saint-Fons;20;Risque technologique;21;Risque industriel;212;Effet de surpression;FAUX;;FAUX;;2015-04-21;;;;;2016-10-19;;;Opposable;2020-01-01;Approuvé;2020-01-01;2025-04-10
PPRT;Plan de Prévention des Risques Technologiques;75DRIEE_IF20090005;PPRT KUEHNE et NAGEL;Direction Régionale et Interdépartementale de l'Environnement et de l'Énergie d'Ile-de-France;PPRT KUEHNE et NAGEL;;;11;ILE-DE-FRANCE;77;SEINE-ET-MARNE;77445;Savigny-le-Temple;20;Risque technologique;21;Risque industriel;212;Effet de surpression;FAUX;;FAUX;;2009-04-09;2011-06-01;2011-07-02;;;2011-11-10;;;Opposable;2020-01-01;Approuvé;2020-01-01;2025-04-09
PPRT;Plan de Prévention des Risques Technologiques;73PREF20160030;PPRT-Lanxess;Préfecture;;;;84;AUVERGNE-RHONE-ALPES;73;SAVOIE;73019;Argentine;20;Risque technologique;24;Transport de marchandises dangereuses;;;FAUX;;FAUX;;2010-03-18;2012-01-30;2012-03-01;;;2012-06-05;;;Opposable;2020-01-01;Approuvé;2020-01-01;2025-04-04
PPRT;Plan de Prévention des Risques Technologiques;38DDT20140009;ADISSEO TOURMALINE-St-Clair-Rhôn;Direction départementale des territoires;38 et 69;;;84;AUVERGNE-RHONE-ALPES;38;ISERE;38378;Saint-Clair-du-Rhône;20;Risque technologique;21;Risque industriel;211;Effet thermique;FAUX;;FAUX;;2012-02-09;2018-04-24;2018-05-24;;;2018-07-18;;;Opposable;2020-01-01;Approuvé;2020-01-01;2025-04-10
PPRT;Plan de Prévention des Risques Technologiques;04DREAL20140004;PPRT - Géosel - Géoméhane [ Manosque ] 2019;Direction régionale de l'environnement, de l'aménagement et du logement;;;;93;PROVENCE-ALPES-COTE D'AZUR;04;ALPES-DE-HAUTE-PROVENCE;04068;Dauphin;20;Risque technologique;21;Risque industriel;212;Effet de surpression;FAUX;;FAUX;;2012-07-30;;;;;2019-11-05;;;Opposable;2020-01-01;Approuvé;2020-01-01;2025-11-13
PPRT;Plan de Prévention des Risques Technologiques;PPRT_2025_0005;PPRT - ;Direction départementale des territoires;Saint-Genis-Laval;;;;;69;RHONE;69204;Saint-Genis-Laval;20;Risque technologique;21;Risque industriel;212;Effet de surpression;FAUX;;FAUX;;2023-10-25;;;;;;;;Prescrit;2020-01-01;Prescrit;2020-01-01;2025-02-24
PPRT;Plan de Prévention des Risques Technologiques;59DDTM20130006;PPRT ALCAN ALU DUNKERQUE;Direction départementale des territoires et de la mer;;;;32;HAUTS-DE-FRANCE;59;NORD;59273;Gravelines;20;Risque technologique;21;Risque industriel;211;Effet thermique;FAUX;;FAUX;;2010-03-05;2011-11-02;2011-12-05;;;2012-04-12;;;Opposable;2020-01-01;Approuvé;2020-01-01;2020-12-24
PPRT;Plan de Prévention des Risques Technologiques;91DDT20130002;PPRT SMCA;Direction départementale des territoires;;;;11;ILE-DE-FRANCE;91;ESSONNE;94077;Villeneuve-le-Roi;20;Risque technologique;21;Risque industriel;211;Effet thermique;FAUX;;FAUX;;2008-09-19;;;;;2011-06-22;;;Opposable;2020-01-01;Approuvé;2020-01-01;2025-04-10
PPRT;Plan de Prévention des Risques Technologiques;57DDT20140006;ARCELORMITTAL ATLANTIQUE LORR;Direction départementale des territoires;ARCELORMITTAL ATLANTIQUE LORR;;;44;GRAND EST;57;MOSELLE;57647;Serémange-Erzange;20;Risque technologique;21;Risque industriel;211;Effet thermique;FAUX;;FAUX;;2010-12-31;2014-05-13;2014-06-12;;;2014-08-22;;2025-09-26;Caduque;2020-01-01;Abrogé;2020-01-01;2025-10-02
PPRT;Plan de Prévention des Risques Technologiques;38DDT20140007;Rév. ARKEMA AREVA-CEZUS-Jarrie;Direction départementale des territoires;;;;84;AUVERGNE-RHONE-ALPES;38;ISERE;38562;Vizille;20;Risque technologique;21;Risque industriel;213;Effet toxique;VRAI;38DDT20140002;FAUX;;2011-12-21;2014-09-08;2014-10-09;;;2015-05-22;;;Opposable;2020-01-01;Approuvé;2020-01-01;2025-11-21
PPRT;Plan de Prévention des Risques Technologiques;02DDT20140001;BAYER;Direction départementale des territoires;;;;32;HAUTS-DE-FRANCE;02;AISNE;02468;Marle;20;Risque technologique;21;Risque industriel;213;Effet toxique;FAUX;;FAUX;;2012-07-31;2013-09-02;2013-10-02;2014-03-14;;2013-12-12;;;Opposable;2020-01-01;Approuvé;2020-01-01;2025-04-09
PPRT;Plan de Prévention des Risques Technologiques;51DDT20140004;PPRT SFDM - Parc B;Direction départementale des territoires;Cheniers;;;44;GRAND EST;51;MARNE;51268;Germinon;20;Risque technologique;21;Risque industriel;211;Effet thermique;FAUX;;FAUX;;2013-05-02;;;;;2014-09-17;;;Opposable;2020-01-01;Approuvé;2020-01-01;2025-04-09
PPRT;Plan de Prévention des Risques Technologiques;13DREAL20090004;PPRT - TOTAL Raffinage France 2014;Direction régionale de l'environnement, de l'aménagement et du logement;PPRT - TOTAL Raffinage Marketing - Raffinerie de Provence;;;93;PROVENCE-ALPES-COTE D'AZUR;13;BOUCHES-DU-RHONE;13026;Châteauneuf-les-Martigues;20;Risque technologique;21;Risque industriel;211;Effet thermique;FAUX;;VRAI;13DDTM20210001;2009-04-10;2013-11-18;2013-12-20;;;2014-05-02;;2023-12-11;Caduque;2020-01-01;Abrogé;2020-01-01;2025-04-08
PPRT;Plan de Prévention des Risques Technologiques;45DREAL20090010;TDA (La-Ferté-Saint-Aubin);Direction régionale de l'environnement, de l'aménagement et du logement;;;;24;CENTRE-VAL DE LOIRE;45;LOIRET;45146;La Ferté-Saint-Aubin;20;Risque technologique;21;Risque industriel;211;Effet thermique;FAUX;;FAUX;;2008-09-23;2009-11-27;2009-12-31;;;2010-06-15;;;Opposable;2020-01-01;Approuvé;2020-01-01;2025-04-03
PPRT;Plan de Prévention des Risques Technologiques;31DREAL20090002; PPRT - ARKEMA;Direction régionale de l'environnement, de l'aménagement et du logement;PPRT ARKEMA;;;76;OCCITANIE;65;HAUTES-PYRENEES;65127;Capvern;20;Risque technologique;21;Risque industriel;212;Effet de surpression;FAUX;;FAUX;;2006-08-04;2008-06-16;2008-07-15;;;2008-10-29;;;Opposable;2020-01-01;Approuvé;2020-01-01;2025-04-09
PPRT;Plan de Prévention des Risques Technologiques;76DREAL20140008;Port Jérôme;Direction régionale de l'environnement, de l'aménagement et du logement;;;;28;NORMANDIE;76;SEINE-MARITIME;27518;Saint-Aubin-sur-Quillebeuf;20;Risque technologique;21;Risque industriel;213;Effet toxique;FAUX;;FAUX;;2009-05-29;2014-04-14;2014-05-21;;;2014-08-07;;;Opposable;2020-01-01;Approuvé;2020-01-01;2025-04-04
PPRT;Plan de Prévention des Risques Technologiques;38DDT20140009;ADISSEO TOURMALINE-St-Clair-Rhôn;Direction départementale des territoires;38 et 69;;;84;AUVERGNE-RHONE-ALPES;38;ISERE;69064;Condrieu;20;Risque technologique;21;Risque industriel;211;Effet thermique;FAUX;;FAUX;;2012-02-09;2018-04-24;2018-05-24;;;2018-07-18;;;Opposable;2020-01-01;Approuvé;2020-01-01;2025-04-10
PPRT;Plan de Prévention des Risques Technologiques;26DDT20120001;PPRT - NOVAPEX;Direction départementale des territoires;;;;84;AUVERGNE-RHONE-ALPES;26;DROME;26143;Le Grand-Serre;20;Risque technologique;21;Risque industriel;211;Effet thermique;FAUX;;FAUX;;2011-12-08;2013-12-13;2014-01-13;;;2014-04-02;;;Opposable;2020-01-01;Approuvé;2020-01-01;2025-04-09
PPRT;Plan de Prévention des Risques Technologiques;10DDT20130014;PPRT-Cristal Union ;Direction départementale des territoires;;;;44;GRAND EST;10;AUBE;10006;Arcis-sur-Aube;20;Risque technologique;21;Risque industriel;212;Effet de surpression;FAUX;;FAUX;;2007-12-13;;;;;2009-11-10;;;Opposable;2020-01-01;Approuvé;2020-01-01;2025-04-09
PPRT;Plan de Prévention des Risques Technologiques;64DDTM20170001;PPRt - SEDZERE;Direction départementale des territoires et de la mer;;;;75;NOUVELLE-AQUITAINE;64;PYRENEES-ATLANTIQUES;64516;Sedzère;20;Risque technologique;21;Risque industriel;211;Effet thermique;FAUX;;FAUX;;2017-01-20;;;;;2018-12-21;;;Opposable;2020-01-01;Approuvé;2020-01-01;2025-06-11
PPRT;Plan de Prévention des Risques Technologiques;62DREAL20140006;PPRT STYROLUTION;Direction régionale de l'environnement, de l'aménagement et du logement;;;;32;HAUTS-DE-FRANCE;62;PAS-DE-CALAIS;62573;Meurchin;20;Risque technologique;21;Risque industriel;212;Effet de surpression;FAUX;;FAUX;;2009-12-24;2011-11-28;2011-12-28;;;2012-04-17;;;Opposable;2020-01-01;Approuvé;2020-01-01;2025-04-04
PPRT;Plan de Prévention des Risques Technologiques;67DDT20140003;67 PPRT DEPOT DE MUNITIONS DE NEUBOURG;Direction départementale des territoires;;;;44;GRAND EST;67;BAS-RHIN;67292;Mietesheim;20;Risque technologique;21;Risque industriel;212;Effet de surpression;FAUX;;FAUX;;2013-02-01;2015-08-17;2015-09-17;;;2015-12-18;;;Opposable;2020-01-01;Approuvé;2020-01-01;2025-04-09
PPRT;Plan de Prévention des Risques Technologiques;63DREAL20140001;PPRT TITANOBEL Moissat;Direction régionale de l'environnement, de l'aménagement et du logement;Moissat;;;84;AUVERGNE-RHONE-ALPES;63;PUY-DE-DOME;63297;Reignat;20;Risque technologique;21;Risque industriel;212;Effet de surpression;FAUX;;FAUX;;2009-10-29;2011-09-19;2009-10-19;;;2011-12-08;;;Opposable;2020-01-01;Approuvé;2020-01-01;2025-04-09
PPRT;Plan de Prévention des Risques Technologiques;45DREAL20090009;PRIMAGAZ (Saint-Cyr-en-Val);Direction régionale de l'environnement, de l'aménagement et du logement;;;;24;CENTRE-VAL DE LOIRE;45;LOIRET;45234;Orléans;20;Risque technologique;21;Risque industriel;211;Effet thermique;FAUX;;FAUX;;2008-05-19;;;;2012-09-25;;;;Caduque;2020-01-01;Déprescrit;2020-01-01;2014-03-18
PPRT;Plan de Prévention des Risques Technologiques;13DREAL20140005;PPRT - Fos Ouest 2023;Direction régionale de l'environnement, de l'aménagement et du logement;;;;93;PROVENCE-ALPES-COTE D'AZUR;13;BOUCHES-DU-RHONE;13004;Arles;20;Risque technologique;21;Risque industriel;212;Effet de surpression;FAUX;;FAUX;;2012-12-03;;;;;2023-04-06;;;Opposable;2020-01-01;Approuvé;2020-01-01;2025-04-09
PPRT;Plan de Prévention des Risques Technologiques;55DDT20210005;PPRT ROZELIER;Direction départementale des territoires;PPRT ROZELIER;;;44;GRAND EST;55;MEUSE;55492;Sommedieue;20;Risque technologique;21;Risque industriel;214;Effet de projection;FAUX;;FAUX;;2017-11-15;;;;;2023-07-06;;;Opposable;2020-01-01;Approuvé;2020-01-01;2025-04-10
PPRT;Plan de Prévention des Risques Technologiques;02DDT20160003;STORENGY;Direction départementale des territoires;;;;32;HAUTS-DE-FRANCE;02;AISNE;02339;Gandelu;20;Risque technologique;21;Risque industriel;212;Effet de surpression;FAUX;;FAUX;;2010-10-13;2012-12-17;2013-01-29;;;2013-04-12;;;Opposable;2020-01-01;Approuvé;2020-01-01;2012-04-13
PPRT;Plan de Prévention des Risques Technologiques;60DREAL20140002;WEYLCHEM LAMOTTE;Direction régionale de l'environnement, de l'aménagement et du logement;;;;32;HAUTS-DE-FRANCE;60;OISE;60569;Saint-Crépin-aux-Bois;20;Risque technologique;21;Risque industriel;212;Effet de surpression;FAUX;;FAUX;;2010-10-12;2014-09-30;2014-11-05;;;2014-12-19;;;Opposable;2020-01-01;Approuvé;2020-01-01;2025-03-27
PPRT;Plan de Prévention des Risques Technologiques;27DDTM20150001;NUFARM;Direction départementale des territoires et de la mer;;;;28;NORMANDIE;27;EURE;27275;Gaillon;20;Risque technologique;21;Risque industriel;213;Effet toxique;FAUX;;FAUX;;2009-12-29;2012-06-11;2012-07-12;2013-04-08;;2012-12-12;;;Opposable;2020-01-01;Approuvé;2020-01-01;2025-04-10
PPRT;Plan de Prévention des Risques Technologiques;87DREAL20140002;PPRT Primagaz;Direction régionale de l'environnement, de l'aménagement et du logement;;;;75;NOUVELLE-AQUITAINE;87;HAUTE-VIENNE;87178;Saint-Priest-Taurion;20;Risque technologique;21;Risque industriel;212;Effet de surpression;FAUX;;FAUX;;2010-01-14;2012-12-19;2013-01-21;2013-10-29;;2013-06-26;;;Opposable;2020-01-01;Approuvé;2020-01-01;2025-04-04
PPRT;Plan de Prévention des Risques Technologiques;51DDT20160006;PPRT C4 Suippes;Direction départementale des territoires;;;;44;GRAND EST;51;MARNE;51491;Saint-Jean-sur-Tourbe;20;Risque technologique;21;Risque industriel;214;Effet de projection;FAUX;;FAUX;;2016-11-15;2018-01-05;2018-02-09;;;2018-05-09;;;Opposable;2020-01-01;Approuvé;2020-01-01;2025-04-09
PPRT;Plan de Prévention des Risques Technologiques;80DREAL20140002;Ajinomoto Foods Europe;Direction régionale de l'environnement, de l'aménagement et du logement;;;;32;HAUTS-DE-FRANCE;80;SOMME;80542;Mesnil-Saint-Nicaise;20;Risque technologique;21;Risque industriel;211;Effet thermique;FAUX;;FAUX;;2012-04-13;2013-09-18;2013-10-18;;;2013-12-31;;;Opposable;2020-01-01;Approuvé;2020-01-01;2025-04-04
PPRT;Plan de Prévention des Risques Technologiques;59DDTM20130006;PPRT ALCAN ALU DUNKERQUE;Direction départementale des territoires et de la mer;;;;32;HAUTS-DE-FRANCE;59;NORD;59359;Loon-Plage;20;Risque technologique;21;Risque industriel;212;Effet de surpression;FAUX;;FAUX;;2010-03-05;2011-11-02;2011-12-05;2015-12-07;;2012-04-12;;;Opposable;2020-01-01;Approuvé;2020-01-01;2020-12-24
PPRT;Plan de Prévention des Risques Technologiques;44DREAL20060002;PPRT TITANOBEL FRANCE - Riaillé;Direction régionale de l'environnement, de l'aménagement et du logement; PPRT Riaillé;;;52;PAYS DE LA LOIRE;44;LOIRE-ATLANTIQUE;44065;Grand-Auverné;20;Risque technologique;21;Risque industriel;212;Effet de surpression;FAUX;;FAUX;;2006-05-18;;;;;2007-05-30;;;Opposable;2020-01-01;Approuvé;2020-01-01;2025-04-04
PPRT;Plan de Prévention des Risques Technologiques;59DREAL20090005;PPRT GP SAV MAZINGARBE;Direction régionale de l'environnement, de l'aménagement et du logement;;;;32;HAUTS-DE-FRANCE;62;PAS-DE-CALAIS;62563;Mazingarbe;20;Risque technologique;21;Risque industriel;213;Effet toxique;FAUX;;FAUX;;2006-06-07;2006-10-19;2006-11-20;;;2007-03-20;;;Opposable;2020-01-01;Approuvé;2020-01-01;2025-04-04
PPRT;Plan de Prévention des Risques Technologiques;43PREF20100003;PPRT RECTICEL Mazeyrat d'Allier;Préfecture;;;;84;AUVERGNE-RHONE-ALPES;43;HAUTE-LOIRE;43132;Mazeyrat-d'Allier;20;Risque technologique;21;Risque industriel;212;Effet de surpression;FAUX;;FAUX;;2009-12-28;2011-10-10;2011-11-10;;;2011-12-20;;;Opposable;2020-01-01;Approuvé;2020-01-01;2025-04-09
PPRT;Plan de Prévention des Risques Technologiques;31DREAL20140002;PPRT ARIANEGROUP (ex HERAKLES);Direction régionale de l'environnement, de l'aménagement et du logement;TOULOUSE;;;76;OCCITANIE;31;HAUTE-GARONNE;31555;Toulouse;20;Risque technologique;21;Risque industriel;212;Effet de surpression;FAUX;;FAUX;;2011-11-08;2013-10-14;2013-11-29;;;2014-04-03;;;Opposable;2020-01-01;Approuvé;2020-01-01;2025-04-09
PPRT;Plan de Prévention des Risques Technologiques;59DREAL20090003;PPRT CRODA UNIQEMA;Direction régionale de l'environnement, de l'aménagement et du logement;;;;32;HAUTS-DE-FRANCE;62;PAS-DE-CALAIS;62479;Labeuvrière;20;Risque technologique;21;Risque industriel;211;Effet thermique;FAUX;;FAUX;;2007-05-23;;;;;2023-05-10;;;Opposable;2020-01-01;Approuvé;2020-01-01;2025-04-04
PPRT;Plan de Prévention des Risques Technologiques;13DREAL20110045;PPRT - CAPL [ Sorgues ] 2012;Direction départementale des territoires;;;;93;PROVENCE-ALPES-COTE D'AZUR;84;VAUCLUSE;84129;Sorgues;20;Risque technologique;21;Risque industriel;212;Effet de surpression;FAUX;;FAUX;;2009-06-15;2012-02-20;2012-03-21;;;2012-06-07;;;Opposable;2020-01-01;Approuvé;2020-01-01;2025-04-09
PPRT;Plan de Prévention des Risques Technologiques;971DEAL20090002;PPRT Pointe Jarry;Direction de l'environnement, de l'aménagement et du logement;PPRT Pointe Jarry;;;01;GUADELOUPE;971;GUADELOUPE;97103;Baie-Mahault;20;Risque technologique;21;Risque industriel;212;Effet de surpression;FAUX;;FAUX;;2008-03-27;2011-05-17;2011-06-20;2012-11-15;;2011-09-05;;;Opposable;2020-01-01;Approuvé;2020-01-01;2013-07-11
PPRT;Plan de Prévention des Risques Technologiques;76DDTM20150003;ZIP Petit et Grand Quevilly;Direction départementale des territoires et de la mer;;;;28;NORMANDIE;76;SEINE-MARITIME;76497;Petit-Couronne;20;Risque technologique;21;Risque industriel;212;Effet de surpression;FAUX;;FAUX;;2012-12-13;2017-09-20;2017-11-09;;;2018-01-25;;;Opposable;2020-01-01;Approuvé;2020-01-01;2025-04-09
PPRT;Plan de Prévention des Risques Technologiques;33DREAL20130134;PPRT SME SAINT HELENE;Direction régionale de l'environnement, de l'aménagement et du logement;;;;75;NOUVELLE-AQUITAINE;33;GIRONDE;33297;Moulis-en-Médoc;20;Risque technologique;21;Risque industriel;211;Effet thermique;FAUX;;FAUX;;2009-03-31;2010-10-18;;;;2010-12-21;;;Opposable;2020-01-01;Approuvé;2020-01-01;2025-04-09
PPRT;Plan de Prévention des Risques Technologiques;38DDT20140002;ARKEMA AREVA-CEZUS - Jarrie;Direction départementale des territoires;;;;84;AUVERGNE-RHONE-ALPES;38;ISERE;38071;Champ-sur-Drac;20;Risque technologique;21;Risque industriel;213;Effet toxique;FAUX;;VRAI;38DDT20140007;2010-06-14;2010-10-15;2010-11-15;;;2010-12-20;;2015-05-22;Caduque;2020-01-01;Abrogé;2020-01-01;2020-12-04
PPRT;Plan de Prévention des Risques Technologiques;59DREAL20090011;PPRT SOGIF - WAZIERS;Direction régionale de l'environnement, de l'aménagement et du logement;;;;32;HAUTS-DE-FRANCE;59;NORD;59178;Douai;20;Risque technologique;21;Risque industriel;211;Effet thermique;FAUX;;FAUX;;2008-11-20;2010-09-01;2010-10-01;;;2010-11-23;;;Opposable;2020-01-01;Approuvé;2020-01-01;2025-04-10
PPRT;Plan de Prévention des Risques Technologiques;45DREAL20090005;SYNTHRON (Auzouer-en-Touraine);Direction régionale de l'environnement, de l'aménagement et du logement;;;;24;CENTRE-VAL DE LOIRE;37;INDRE-ET-LOIRE;37063;Château-Renault;20;Risque technologique;21;Risque industriel;212;Effet de surpression;FAUX;;FAUX;;2008-03-06;2009-11-03;2009-12-04;;;2010-04-07;;;Opposable;2020-01-01;Approuvé;2020-01-01;2025-04-16
PPRT;Plan de Prévention des Risques Technologiques;41DREAL20140004;MBDA (Selles-Saint-Denis);Direction régionale de l'environnement, de l'aménagement et du logement;;;;24;CENTRE-VAL DE LOIRE;41;LOIR-ET-CHER;41241;Selles-Saint-Denis;20;Risque technologique;21;Risque industriel;212;Effet de surpression;FAUX;;FAUX;;2010-03-16;2011-11-02;2011-12-02;;;2011-12-27;;;Opposable;2020-01-01;Approuvé;2020-01-01;2025-04-09
PPRT;Plan de Prévention des Risques Technologiques;57DDT20140006;ARCELORMITTAL ATLANTIQUE LORR;Direction départementale des territoires;ARCELORMITTAL ATLANTIQUE LORR;;;44;GRAND EST;57;MOSELLE;57221;Florange;20;Risque technologique;21;Risque industriel;211;Effet thermique;FAUX;;FAUX;;2010-12-31;2014-05-13;2014-06-12;;;2014-08-22;;2025-09-26;Caduque;2020-01-01;Abrogé;2020-01-01;2025-10-02
PPRT;Plan de Prévention des Risques Technologiques;62DREAL20140009;PPRT ARC INTERNATIONAL;Direction régionale de l'environnement, de l'aménagement et du logement;;;;32;HAUTS-DE-FRANCE;62;PAS-DE-CALAIS;62040;Arques;20;Risque technologique;21;Risque industriel;212;Effet de surpression;FAUX;;FAUX;;2016-06-29;;;;;;;;Prescrit;2020-01-01;Prescrit;2020-01-01;2016-06-29
PPRT;Plan de Prévention des Risques Technologiques;31DREAL20140003;PPRT - ANTARGAZ;Direction régionale de l'environnement, de l'aménagement et du logement;BOUSSENS;;;76;OCCITANIE;31;HAUTE-GARONNE;31084;Boussens;20;Risque technologique;21;Risque industriel;212;Effet de surpression;FAUX;;FAUX;;2009-12-09;2014-12-17;2015-01-26;;;2015-05-22;;;Opposable;2020-01-01;Approuvé;2020-01-01;2025-04-09
PPRT;Plan de Prévention des Risques Technologiques;78DDT20130011;PPRT STORENGY Saint-Illiers-la-V;Direction départementale des territoires;;;;11;ILE-DE-FRANCE;78;YVELINES;78089;Bonnières-sur-Seine;20;Risque technologique;21;Risque industriel;211;Effet thermique;FAUX;;FAUX;;2009-06-15;;;;;2010-12-29;;;Opposable;2020-01-01;Approuvé;2020-01-01;2025-04-10
PPRT;Plan de Prévention des Risques Technologiques;64DREAL20130259;PPRT LACQ MONT;Direction régionale de l'environnement, de l'aménagement et du logement;;;;75;NOUVELLE-AQUITAINE;64;PYRENEES-ATLANTIQUES;64003;Abidos;20;Risque technologique;21;Risque industriel;212;Effet de surpression;FAUX;;FAUX;;2010-10-19;;;;;2014-05-06;;;Opposable;2020-01-01;Approuvé;2020-01-01;2025-06-11
PPRT;Plan de Prévention des Risques Technologiques;62DREAL20140009;PPRT ARC INTERNATIONAL;Direction régionale de l'environnement, de l'aménagement et du logement;;;;32;HAUTS-DE-FRANCE;62;PAS-DE-CALAIS;62139;Blendecques;20;Risque technologique;21;Risque industriel;211;Effet thermique;FAUX;;FAUX;;2016-06-29;;;;;;;;Prescrit;2020-01-01;Prescrit;2020-01-01;2016-06-29
PPRT;Plan de Prévention des Risques Technologiques;45DREAL20140006;VWR (Briare);Direction régionale de l'environnement, de l'aménagement et du logement;;;;24;CENTRE-VAL DE LOIRE;45;LOIRET;45053;Briare;20;Risque technologique;21;Risque industriel;211;Effet thermique;FAUX;;FAUX;;2009-12-24;2012-06-18;2012-07-21;;;2012-11-08;;;Opposable;2020-01-01;Approuvé;2020-01-01;2025-04-03
PPRT;Plan de Prévention des Risques Technologiques;31DREAL20090006;PPRT - LACROIX (St Foy de Peyrolières);Direction régionale de l'environnement, de l'aménagement et du logement;SAINTE-FOY-DE-PEROLIERES;;;76;OCCITANIE;31;HAUTE-GARONNE;31101;Cambernard;20;Risque technologique;21;Risque industriel;212;Effet de surpression;FAUX;;FAUX;;2008-10-07;2010-06-07;2010-07-07;;;2010-12-13;;;Opposable;2020-01-01;Approuvé;2020-01-01;2025-04-09
PPRT;Plan de Prévention des Risques Technologiques;64DREAL20130259;PPRT LACQ MONT;Direction régionale de l'environnement, de l'aménagement et du logement;;;;75;NOUVELLE-AQUITAINE;64;PYRENEES-ATLANTIQUES;64431;Os-Marsillon;20;Risque technologique;21;Risque industriel;211;Effet thermique;FAUX;;FAUX;;2010-10-19;;;;;2014-05-06;;;Opposable;2020-01-01;Approuvé;2020-01-01;2025-06-11
PPRT;Plan de Prévention des Risques Technologiques;76DREAL20150001;Saint-Pierre-lès-Elbeuf;Direction régionale de l'environnement, de l'aménagement et du logement;;;;28;NORMANDIE;76;SEINE-MARITIME;27529;Saint-Cyr-la-Campagne;20;Risque technologique;21;Risque industriel;211;Effet thermique;FAUX;;FAUX;;2010-05-06;2014-02-24;2014-03-26;;;2014-06-03;;;Opposable;2020-01-01;Approuvé;2020-01-01;2025-04-09
PPRT;Plan de Prévention des Risques Technologiques;31DREAL20090012;PPRT FINAGAZ (Fenouillet);Direction régionale de l'environnement, de l'aménagement et du logement;FENOUILLET;;;76;OCCITANIE;31;HAUTE-GARONNE;31467;Saint-Alban;20;Risque technologique;21;Risque industriel;212;Effet de surpression;FAUX;;FAUX;;2008-03-10;2017-01-31;2017-03-03;;;2017-06-26;;2018-10-19;Caduque;2020-01-01;Abrogé;2020-01-01;2020-01-15
PPRT;Plan de Prévention des Risques Technologiques;54DDT20140018;PPRT STORENGY CERVILLE;Direction départementale des territoires;Industriel;;;44;GRAND EST;54;MEURTHE-ET-MOSELLE;54296;Laneuvelotte;20;Risque technologique;21;Risque industriel;211;Effet thermique;FAUX;;FAUX;;2011-04-19;;;;;2014-09-30;;;Opposable;2020-01-01;Approuvé;2020-01-01;2025-04-09
PPRT;Plan de Prévention des Risques Technologiques;21DDT20130001;TITANOBEL;Direction départementale des territoires;Titanobel (21);;;27;BOURGOGNE-FRANCHE-COMTE;21;COTE-D'OR;21556;Saint-Léger-Triey;20;Risque technologique;21;Risque industriel;212;Effet de surpression;FAUX;;FAUX;;2009-08-07;2011-11-08;2011-12-09;;;2012-06-29;;;Opposable;2020-01-01;Approuvé;2020-01-01;2025-04-02
PPRT;Plan de Prévention des Risques Technologiques;59DDTM20130004;PPRT PPG SAULTAIN;Direction départementale des territoires et de la mer;;;;32;HAUTS-DE-FRANCE;59;NORD;59215;Estreux;20;Risque technologique;21;Risque industriel;211;Effet thermique;FAUX;;FAUX;;2010-03-23;2011-09-26;2011-10-27;;;2011-12-13;;;Opposable;2020-01-01;Approuvé;2020-01-01;2025-04-10
PPRT;Plan de Prévention des Risques Technologiques;95DRIEE_IF20190002;TOTAL;Direction Régionale et Interdépartementale de l'Environnement et de l'Énergie d'Ile-de-France;;;;11;ILE-DE-FRANCE;95;VAL-D'OISE;92036;Gennevilliers;20;Risque technologique;21;Risque industriel;212;Effet de surpression;FAUX;;FAUX;;2010-04-29;;;;;2013-04-11;;;Opposable;2020-01-01;Approuvé;2020-01-01;2025-04-09
PPRT;Plan de Prévention des Risques Technologiques;69DREAL20090006;51-PPRT CRISTANOL  Bazancourt;Direction régionale de l'environnement, de l'aménagement et du logement;51-PPRT CRISTANOL  Bazancourt;;;44;GRAND EST;51;MARNE;51043;Bazancourt;20;Risque technologique;21;Risque industriel;211;Effet thermique;FAUX;;FAUX;;2009-03-09;;;;;2018-05-18;;;Opposable;2020-01-01;Approuvé;2020-01-01;2025-04-09
PPRT;Plan de Prévention des Risques Technologiques;59DDTM20170004;PPRT dépôt pétrolier CAMBRAI D;Direction départementale des territoires et de la mer;;;;32;HAUTS-DE-FRANCE;59;NORD;59625;Villers-Plouich;20;Risque technologique;21;Risque industriel;212;Effet de surpression;FAUX;;FAUX;;2017-05-16;2020-09-01;2020-10-02;;;2020-11-14;;;Opposable;2020-01-01;Approuvé;2020-01-01;2025-04-10
PPRT;Plan de Prévention des Risques Technologiques;51DDT20160006;PPRT C4 Suippes;Direction départementale des territoires;;;;44;GRAND EST;51;MARNE;51317;Laval-sur-Tourbe;20;Risque technologique;21;Risque industriel;213;Effet toxique;FAUX;;FAUX;;2016-11-15;2018-01-05;2018-02-09;;;2018-05-09;;;Opposable;2020-01-01;Approuvé;2020-01-01;2025-04-09
PPRT;Plan de Prévention des Risques Technologiques;43PREF20100003;PPRT RECTICEL Mazeyrat d'Allier;Préfecture;;;;84;AUVERGNE-RHONE-ALPES;43;HAUTE-LOIRE;43112;Langeac;20;Risque technologique;21;Risque industriel;212;Effet de surpression;FAUX;;FAUX;;2009-12-28;2011-10-10;2011-11-10;;;2011-12-20;;;Opposable;2020-01-01;Approuvé;2020-01-01;2025-04-09
PPRT;Plan de Prévention des Risques Technologiques;PPRT_2025_0003;PPRT -  VALTRIS;Direction départementale des territoires;Verdun;;;;;55;MEUSE;55545;Verdun;20;Risque technologique;21;Risque industriel;213;Effet toxique;FAUX;;FAUX;;2023-01-10;;;;;2024-06-17;;;Opposable;2020-01-01;Approuvé;2020-01-01;2025-04-10
PPRT;Plan de Prévention des Risques Technologiques;30DDTM20060002;PPRT -  AXENS et RHODIA ;Direction départementale des territoires et de la mer;;;;76;OCCITANIE;30;GARD;30305;Salindres;20;Risque technologique;21;Risque industriel;212;Effet de surpression;FAUX;;FAUX;;2010-11-15;2014-05-19;2014-06-20;;;2014-08-18;;;Opposable;2020-01-01;Approuvé;2020-01-01;2025-04-09
PPRT;Plan de Prévention des Risques Technologiques;69DREAL20090006;51-PPRT CRISTANOL  Bazancourt;Direction régionale de l'environnement, de l'aménagement et du logement;51-PPRT CRISTANOL  Bazancourt;;;44;GRAND EST;51;MARNE;51043;Bazancourt;20;Risque technologique;21;Risque industriel;212;Effet de surpression;FAUX;;FAUX;;2009-03-09;;;;;2018-05-18;;;Opposable;2020-01-01;Approuvé;2020-01-01;2025-04-09
PPRT;Plan de Prévention des Risques Technologiques;31DREAL20140003;PPRT - ANTARGAZ;Direction régionale de l'environnement, de l'aménagement et du logement;BOUSSENS;;;76;OCCITANIE;31;HAUTE-GARONNE;31084;Boussens;20;Risque technologique;21;Risque industriel;211;Effet thermique;FAUX;;FAUX;;2009-12-09;2014-12-17;2015-01-26;;;2015-05-22;;;Opposable;2020-01-01;Approuvé;2020-01-01;2025-04-09
PPRT;Plan de Prévention des Risques Technologiques;25DREAL20110021;PPRt SFPLJ;Direction régionale de l'environnement, de l'aménagement et du logement;SFPLJ;;;27;BOURGOGNE-FRANCHE-COMTE;25;DOUBS;25267;Gennes;20;Risque technologique;21;Risque industriel;211;Effet thermique;FAUX;;FAUX;;2007-12-20;2009-04-17;;;;2009-10-23;;;Opposable;2020-01-01;Approuvé;2020-01-01;2025-03-27
PPRT;Plan de Prévention des Risques Technologiques;73PREF20160027;PPRT-Thermphos;Préfecture;;;;84;AUVERGNE-RHONE-ALPES;73;SAVOIE;73067;La Chambre;20;Risque technologique;21;Risque industriel;213;Effet toxique;FAUX;;FAUX;;2009-12-31;;;;;2014-06-10;;;Opposable;2020-01-01;Approuvé;2020-01-01;2025-04-04
PPRT;Plan de Prévention des Risques Technologiques;03DREAL20140001;PPRT - ALL'CHEM - Montluçon;Direction régionale de l'environnement, de l'aménagement et du logement;Montluçon;;;84;AUVERGNE-RHONE-ALPES;03;ALLIER;03185;Montluçon;20;Risque technologique;21;Risque industriel;212;Effet de surpression;FAUX;;FAUX;;2010-03-09;2013-05-27;2013-06-27;;;2014-01-10;;;Opposable;2020-01-01;Approuvé;2020-01-01;2025-04-09
PPRT;Plan de Prévention des Risques Technologiques;78DDT20130012;PPRT TOTAL Gargenville;Direction départementale des territoires;;;;11;ILE-DE-FRANCE;78;YVELINES;78501;Porcheville;20;Risque technologique;21;Risque industriel;212;Effet de surpression;FAUX;;FAUX;;2009-06-15;;;;;2012-12-26;;;Opposable;2020-01-01;Approuvé;2020-01-01;2025-04-10
PPRT;Plan de Prévention des Risques Technologiques;64DREAL20130260;PPRT MOURENX;Direction régionale de l'environnement, de l'aménagement et du logement;;;;75;NOUVELLE-AQUITAINE;64;PYRENEES-ATLANTIQUES;64418;Noguères;20;Risque technologique;21;Risque industriel;213;Effet toxique;FAUX;;FAUX;;2008-11-08;;;;;2012-06-14;;;Opposable;2020-01-01;Approuvé;2020-01-01;2025-06-11
PPRT;Plan de Prévention des Risques Technologiques;2BDREAL20160002;PPRT ENGIE;Direction régionale de l'environnement, de l'aménagement et du logement;;;;94;CORSE;2B;HAUTE-CORSE;2B033;Bastia;20;Risque technologique;21;Risque industriel;212;Effet de surpression;FAUX;;FAUX;;2011-11-25;;;;;2016-01-25;;;Opposable;2020-01-01;Approuvé;2020-01-01;2025-04-10
PPRT;Plan de Prévention des Risques Technologiques;38DDT20140007;Rév. ARKEMA AREVA-CEZUS-Jarrie;Direction départementale des territoires;;;;84;AUVERGNE-RHONE-ALPES;38;ISERE;38388;Saint-Georges-de-Commiers;20;Risque technologique;21;Risque industriel;213;Effet toxique;VRAI;38DDT20140002;FAUX;;2011-12-21;2014-09-08;2014-10-09;;;2015-05-22;;;Opposable;2020-01-01;Approuvé;2020-01-01;2025-11-21
PPRT;Plan de Prévention des Risques Technologiques;13DREAL20110046;PPRT - Eurenco [ Sorgues ] 2013 ;Direction départementale des territoires;;;;93;PROVENCE-ALPES-COTE D'AZUR;84;VAUCLUSE;30351;Villeneuve-lès-Avignon;20;Risque technologique;21;Risque industriel;211;Effet thermique;FAUX;;FAUX;;2009-07-06;2013-06-10;2013-07-10;;;2013-12-13;;;Opposable;2020-01-01;Approuvé;2020-01-01;2025-04-09
PPRT;Plan de Prévention des Risques Technologiques;59DDTM20170004;PPRT dépôt pétrolier CAMBRAI D;Direction départementale des territoires et de la mer;;;;32;HAUTS-DE-FRANCE;59;NORD;59625;Villers-Plouich;20;Risque technologique;21;Risque industriel;211;Effet thermique;FAUX;;FAUX;;2017-05-16;2020-09-01;2020-10-02;;;2020-11-14;;;Opposable;2020-01-01;Approuvé;2020-01-01;2025-04-10
PPRT;Plan de Prévention des Risques Technologiques;58DREAL20140004;Antargaz;Direction régionale de l'environnement, de l'aménagement et du logement;Antargaz (58);;;27;BOURGOGNE-FRANCHE-COMTE;58;NIEVRE;58051;Challuy;20;Risque technologique;21;Risque industriel;212;Effet de surpression;FAUX;;FAUX;;2010-03-10;;;;;2017-06-29;;;Opposable;2020-01-01;Approuvé;2020-01-01;2025-03-27
PPRT;Plan de Prévention des Risques Technologiques;37DREAL20140002;DE SANGOSSE (Mettray);Direction régionale de l'environnement, de l'aménagement et du logement;;;;24;CENTRE-VAL DE LOIRE;37;INDRE-ET-LOIRE;37054;Chanceaux-sur-Choisille;20;Risque technologique;21;Risque industriel;211;Effet thermique;FAUX;;FAUX;;2011-04-19;2016-06-20;2016-07-22;;;2016-10-24;;;Opposable;2020-01-01;Approuvé;2020-01-01;2025-04-16
PPRT;Plan de Prévention des Risques Technologiques;61DDT20130001;PPR-T - des Rives d'Andaine;Direction départementale des territoires;;;;28;NORMANDIE;61;ORNE;61482;Tessé-Froulay;20;Risque technologique;21;Risque industriel;211;Effet thermique;FAUX;;FAUX;;2010-12-17;2012-10-08;2012-11-09;;;2013-02-05;;;Opposable;2020-01-01;Approuvé;2020-01-01;2025-04-10
PPRT;Plan de Prévention des Risques Technologiques;44DDTM20110005;PPRT TOTAL -ANTARGAZ - Donges;Direction départementale des territoires et de la mer;PPRT Donges;;;52;PAYS DE LA LOIRE;44;LOIRE-ATLANTIQUE;44052;Donges;20;Risque technologique;21;Risque industriel;212;Effet de surpression;FAUX;;FAUX;;2010-01-12;;;;;2014-02-21;;;Opposable;2020-01-01;Approuvé;2020-01-01;2025-04-04
PPRT;Plan de Prévention des Risques Technologiques;38DDT20140008;TOTAL / ESSO / SPMR / SDSP;Direction départementale des territoires;;;;84;AUVERGNE-RHONE-ALPES;38;ISERE;38558;Villette-de-Vienne;20;Risque technologique;21;Risque industriel;211;Effet thermique;FAUX;;FAUX;;2012-12-12;;;;2018-01-15;;;;Caduque;2020-01-01;Déprescrit;2020-01-01;2024-04-16
PPRT;Plan de Prévention des Risques Technologiques;51DDT20140002;PPRT SFDM - Parc D;Direction départementale des territoires;Faux-Vésigneul;;;44;GRAND EST;51;MARNE;51244;Faux-Vésigneul;20;Risque technologique;21;Risque industriel;212;Effet de surpression;FAUX;;FAUX;;2011-04-28;;;;;2013-04-16;;;Opposable;2020-01-01;Approuvé;2020-01-01;2025-04-09
PPRT;Plan de Prévention des Risques Technologiques;38DDT20140009;ADISSEO TOURMALINE-St-Clair-Rhôn;Direction départementale des territoires;38 et 69;;;84;AUVERGNE-RHONE-ALPES;38;ISERE;42327;Vérin;20;Risque technologique;21;Risque industriel;211;Effet thermique;FAUX;;FAUX;;2012-02-09;2018-04-24;2018-05-24;;;2018-07-18;;;Opposable;2020-01-01;Approuvé;2020-01-01;2025-04-10
PPRT;Plan de Prévention des Risques Technologiques;51DDT20140007;51-PPRT ECOLAB ;Direction départementale des territoires;Saint-Martin-sur-le-Pré;;;44;GRAND EST;51;MARNE;51108;Châlons-en-Champagne;20;Risque technologique;21;Risque industriel;213;Effet toxique;FAUX;;FAUX;;2009-09-30;;;;;2010-12-14;;;Opposable;2020-01-01;Approuvé;2020-01-01;2025-04-09
PPRT;Plan de Prévention des Risques Technologiques;59DDTM20130005;PPRT NYRSTAR AUBY;Direction départementale des territoires et de la mer;;;;32;HAUTS-DE-FRANCE;59;NORD;59234;Flers-en-Escrebieux;20;Risque technologique;21;Risque industriel;212;Effet de surpression;FAUX;;FAUX;;2010-01-06;2012-02-06;2012-03-07;;;2012-05-03;;;Opposable;2020-01-01;Approuvé;2020-01-01;2025-04-10
PPRT;Plan de Prévention des Risques Technologiques;30DDTM20110001;PPRT - EPC (ex NITROBICKFORD);Direction départementale des territoires et de la mer;;;;76;OCCITANIE;30;GARD;30129;Générargues;20;Risque technologique;21;Risque industriel;212;Effet de surpression;FAUX;;FAUX;;2009-07-17;;;;;2012-04-18;;;Opposable;2020-01-01;Approuvé;2020-01-01;2025-04-09
PPRT;Plan de Prévention des Risques Technologiques;76DDTM20150005;ZIP Le Havre;Direction départementale des territoires et de la mer;;;;28;NORMANDIE;76;SEINE-MARITIME;76533;Rogerville;20;Risque technologique;21;Risque industriel;211;Effet thermique;FAUX;;FAUX;;2010-02-17;2016-05-26;2016-07-12;;;2016-10-17;;;Opposable;2020-01-01;Approuvé;2020-01-01;2019-09-09
PPRT;Plan de Prévention des Risques Technologiques;73PREF20160026;PPRT-TRIMET;Préfecture;St Jean de Maurienne;;;84;AUVERGNE-RHONE-ALPES;73;SAVOIE;73248;Saint-Jean-de-Maurienne;20;Risque technologique;21;Risque industriel;213;Effet toxique;FAUX;;FAUX;;2009-12-31;2012-01-04;2012-02-04;;;2012-04-11;;;Opposable;2020-01-01;Approuvé;2020-01-01;2025-04-04
PPRT;Plan de Prévention des Risques Technologiques;77DDT20130005;PPRT STORENGY;Direction départementale des territoires;PPRT STORENGY;;;11;ILE-DE-FRANCE;77;SEINE-ET-MARNE;60448;Neufchelles;20;Risque technologique;21;Risque industriel;212;Effet de surpression;FAUX;;FAUX;;2010-10-13;;;;;2013-04-12;;;Opposable;2020-01-01;Approuvé;2020-01-01;2025-04-09
PPRT;Plan de Prévention des Risques Technologiques;59DREAL20090010;PPRT SOGIF - DOUAI;Direction régionale de l'environnement, de l'aménagement et du logement;;;;32;HAUTS-DE-FRANCE;59;NORD;59178;Douai;20;Risque technologique;21;Risque industriel;212;Effet de surpression;FAUX;;FAUX;;2007-11-16;2009-03-30;2009-04-30;2011-09-22;;2009-06-11;;;Opposable;2020-01-01;Approuvé;2020-01-01;2025-04-10
PPRT;Plan de Prévention des Risques Technologiques;13DREAL20140010;PPRT - Butagaz [ Rognac ] 2016;Direction régionale de l'environnement, de l'aménagement et du logement;;;;93;PROVENCE-ALPES-COTE D'AZUR;13;BOUCHES-DU-RHONE;13081;Rognac;20;Risque technologique;21;Risque industriel;212;Effet de surpression;FAUX;;FAUX;;2009-11-10;2016-03-07;2016-04-11;;;2016-06-28;;;Opposable;2020-01-01;Approuvé;2020-01-01;2025-04-09
PPRT;Plan de Prévention des Risques Technologiques;57DDT20140007;Plate-forme Saint-Avold Nord;Direction départementale des territoires;Plate-forme Saint-Avold Nord;;;44;GRAND EST;57;MOSELLE;57336;L'Hôpital;20;Risque technologique;21;Risque industriel;211;Effet thermique;FAUX;;FAUX;;2009-03-26;2013-05-16;2013-06-17;;;2013-10-22;;;Opposable;2020-01-01;Approuvé;2020-01-01;2025-04-10
PPRT;Plan de Prévention des Risques Technologiques;02DDT20150003;ROHM AND HAAS;Direction départementale des territoires;;;;32;HAUTS-DE-FRANCE;02;AISNE;02719;Sinceny;20;Risque technologique;21;Risque industriel;213;Effet toxique;FAUX;;FAUX;;2012-12-21;;;;;2014-12-22;;;Opposable;2020-01-01;Approuvé;2020-01-01;2025-04-09
PPRT;Plan de Prévention des Risques Technologiques;29DDTM20200001;Pyrotechnie Saint Nicolas;Direction départementale des territoires et de la mer;Pyrotechnie militaire;;;53;BRETAGNE;29;FINISTERE;29235;Le Relecq-Kerhuon;20;Risque technologique;21;Risque industriel;212;Effet de surpression;FAUX;;FAUX;;2019-11-15;;;;;2025-06-06;;;Opposable;2020-01-01;Approuvé;2020-01-01;2025-07-15
;;69DDT20200003;Vallée de la chimie 2;;;;;;;;;69259;Vénissieux;20;Risque technologique;21;Risque industriel;212;Effet de surpression;FAUX;;FAUX;;2019-12-27;;;;2021-02-04;;;;;;;;2021-02-05
PPRT;Plan de Prévention des Risques Technologiques;54DDT20140018;PPRT STORENGY CERVILLE;Direction départementale des territoires;Industriel;;;44;GRAND EST;54;MEURTHE-ET-MOSELLE;54439;Pulnoy;20;Risque technologique;21;Risque industriel;212;Effet de surpression;FAUX;;FAUX;;2011-04-19;;;;;2014-09-30;;;Opposable;2020-01-01;Approuvé;2020-01-01;2025-04-09
PPRT;Plan de Prévention des Risques Technologiques;67DREAL20140041;67 PPRT MESSIER BUGATTI DOWTY;Direction régionale de l'environnement, de l'aménagement et du logement;67 PPRT MESSIER BUGATTI DOWTY;;;44;GRAND EST;67;BAS-RHIN;67101;Dorlisheim;20;Risque technologique;21;Risque industriel;211;Effet thermique;FAUX;;FAUX;;2012-12-11;2013-10-28;2013-11-29;;;2014-05-12;;;Opposable;2020-01-01;Approuvé;2020-01-01;2025-04-09
PPRT;Plan de Prévention des Risques Technologiques;13DREAL20140007;PPRT - Arcelor Mittal 2013;Direction régionale de l'environnement, de l'aménagement et du logement;;;;93;PROVENCE-ALPES-COTE D'AZUR;13;BOUCHES-DU-RHONE;13039;Fos-sur-Mer;20;Risque technologique;21;Risque industriel;211;Effet thermique;FAUX;;FAUX;;2009-11-10;2013-04-08;2013-05-14;;;2013-08-01;;;Opposable;2020-01-01;Approuvé;2020-01-01;2025-04-09
PPRT;Plan de Prévention des Risques Technologiques;11DDTM20120029;PPRT Port La Nouvelle Zone urbaine;Direction départementale des territoires et de la mer;Village;;;76;OCCITANIE;11;AUDE;11266;Port-la-Nouvelle;20;Risque technologique;21;Risque industriel;211;Effet thermique;FAUX;;FAUX;;2010-06-23;;;;2014-08-29;;;;Caduque;2020-01-01;Déprescrit;2020-01-01;2025-02-13
PPRT;Plan de Prévention des Risques Technologiques;60DREAL20140002;WEYLCHEM LAMOTTE;Direction régionale de l'environnement, de l'aménagement et du logement;;;;32;HAUTS-DE-FRANCE;60;OISE;60188;Cuise-la-Motte;20;Risque technologique;21;Risque industriel;212;Effet de surpression;FAUX;;FAUX;;2010-10-12;2014-09-30;2014-11-05;;;2014-12-19;;;Opposable;2020-01-01;Approuvé;2020-01-01;2025-03-27
PPRT;Plan de Prévention des Risques Technologiques;44DREAL20060003;PPRT TITANOBEL Lignières Orgères;Direction régionale de l'environnement, de l'aménagement et du logement;PPRT TITANOBEL EXPLOSIFS France ;;;52;PAYS DE LA LOIRE;53;MAYENNE;53204;Saint-Calais-du-Désert;20;Risque technologique;21;Risque industriel;212;Effet de surpression;FAUX;;FAUX;;2006-08-10;;;;;2008-02-07;;;Opposable;2020-01-01;Approuvé;2020-01-01;2025-04-04
PPRT;Plan de Prévention des Risques Technologiques;76DDTM20150002;Rouen Lubrizol;Direction départementale des territoires et de la mer;;;;28;NORMANDIE;76;SEINE-MARITIME;76498;Le Petit-Quevilly;20;Risque technologique;21;Risque industriel;212;Effet de surpression;FAUX;;FAUX;;2010-05-06;2013-11-22;2014-01-18;;;2014-03-31;;;Opposable;2020-01-01;Approuvé;2020-01-01;2025-04-09
PPRT;Plan de Prévention des Risques Technologiques;13DDTM20210001;PPRT - TOTAL Raffinage France 2023;Direction départementale des territoires et de la mer;;;;93;PROVENCE-ALPES-COTE D'AZUR;13;BOUCHES-DU-RHONE;13026;Châteauneuf-les-Martigues;20;Risque technologique;21;Risque industriel;212;Effet de surpression;VRAI;13DREAL20090004;FAUX;;2019-10-21;;;;;2023-12-11;;;Opposable;2020-01-01;Approuvé;2020-01-01;2025-04-09
PPRT;Plan de Prévention des Risques Technologiques;33DREAL20140001;PPRT ST-JEAN-D'ILLAC;Direction régionale de l'environnement, de l'aménagement et du logement;;;;75;NOUVELLE-AQUITAINE;33;GIRONDE;33422;Saint-Jean-d'Illac;20;Risque technologique;21;Risque industriel;212;Effet de surpression;FAUX;;FAUX;;2011-12-30;;;;;2013-05-13;;;Opposable;2020-01-01;Approuvé;2020-01-01;2025-04-09
PPRT;Plan de Prévention des Risques Technologiques;26DDT20120004;PPRT - TRICASTIN;Direction départementale des territoires;;;;84;AUVERGNE-RHONE-ALPES;26;DROME;26324;Saint-Paul-Trois-Châteaux;20;Risque technologique;21;Risque industriel;212;Effet de surpression;FAUX;;FAUX;;2011-03-04;;;;2012-12-28;;;;Caduque;2020-01-01;Déprescrit;2020-01-01;2025-03-28
PPRT;Plan de Prévention des Risques Technologiques;59DREAL20140001;PPRT Zone Industrialo-Portuaire;Direction régionale de l'environnement, de l'aménagement et du logement;;;;32;HAUTS-DE-FRANCE;59;NORD;59359;Loon-Plage;20;Risque technologique;21;Risque industriel;212;Effet de surpression;FAUX;;FAUX;;2009-02-20;2015-10-06;2015-11-06;;;2015-12-28;;;Opposable;2020-01-01;Approuvé;2020-01-01;2025-04-10
PPRT;Plan de Prévention des Risques Technologiques;76DREAL20140006;Saint Jouin Bruneval;Direction régionale de l'environnement, de l'aménagement et du logement;;;;28;NORMANDIE;76;SEINE-MARITIME;76595;Saint-Jouin-Bruneval;20;Risque technologique;21;Risque industriel;212;Effet de surpression;FAUX;;FAUX;;2010-02-09;2012-02-20;2012-03-20;;;2012-07-12;;;Opposable;2020-01-01;Approuvé;2020-01-01;2025-04-09
PPRT;Plan de Prévention des Risques Technologiques;45DREAL20090009;PRIMAGAZ (Saint-Cyr-en-Val);Direction régionale de l'environnement, de l'aménagement et du logement;;;;24;CENTRE-VAL DE LOIRE;45;LOIRET;45272;Saint-Cyr-en-Val;20;Risque technologique;21;Risque industriel;212;Effet de surpression;FAUX;;FAUX;;2008-05-19;;;;2012-09-25;;;;Caduque;2020-01-01;Déprescrit;2020-01-01;2014-03-18
PPRT;Plan de Prévention des Risques Technologiques;38DDT20140005;ROUSSILLON-SALAISE SUR SANNE;Direction départementale des territoires;;;;84;AUVERGNE-RHONE-ALPES;38;ISERE;38298;Le Péage-de-Roussillon;20;Risque technologique;21;Risque industriel;212;Effet de surpression;FAUX;;FAUX;;2009-04-06;2014-01-27;2014-02-28;;;2014-07-09;;;Opposable;2020-01-01;Approuvé;2020-01-01;2017-06-09
PPRT;Plan de Prévention des Risques Technologiques;67DREAL20140042;67 PPRT LANXESS;Direction régionale de l'environnement, de l'aménagement et du logement;67 PPRT LANXESS;;;44;GRAND EST;67;BAS-RHIN;67506;Vendenheim;20;Risque technologique;21;Risque industriel;213;Effet toxique;FAUX;;FAUX;;2012-11-20;2014-04-14;2014-05-14;;;2014-07-21;;;Opposable;2020-01-01;Approuvé;2020-01-01;2025-04-09
PPRT;Plan de Prévention des Risques Technologiques;38DDT20180005;TOTAL / ESSO / SPMR / SDSP;Direction départementale des territoires;;;;84;AUVERGNE-RHONE-ALPES;38;ISERE;38215;Luzinay;20;Risque technologique;21;Risque industriel;212;Effet de surpression;FAUX;;FAUX;;2012-12-12;2018-09-17;2018-10-18;;;2018-12-11;;;Opposable;2020-01-01;Approuvé;2020-01-01;2025-08-11
PPRT;Plan de Prévention des Risques Technologiques;38DDT20140002;ARKEMA AREVA-CEZUS - Jarrie;Direction départementale des territoires;;;;84;AUVERGNE-RHONE-ALPES;38;ISERE;38445;Saint-Pierre-de-Mésage;20;Risque technologique;21;Risque industriel;213;Effet toxique;FAUX;;VRAI;38DDT20140007;2010-06-14;2010-10-15;2010-11-15;;;2010-12-20;;2015-05-22;Caduque;2020-01-01;Abrogé;2020-01-01;2020-12-04
PPRT;Plan de Prévention des Risques Technologiques;44DREAL20090009;PPRT SDPS -  Le Mans ;Direction régionale de l'environnement, de l'aménagement et du logement;PPRT SDPS  -  Le Mans - 72;;;52;PAYS DE LA LOIRE;72;SARTHE;72181;Le Mans;20;Risque technologique;21;Risque industriel;211;Effet thermique;FAUX;;FAUX;;2009-02-23;2011-11-30;2011-11-30;;;2012-07-23;;;Opposable;2020-01-01;Approuvé;2020-01-01;2012-08-13
PPRT;Plan de Prévention des Risques Technologiques;92DRIEE_IF20190001;TRAPIL-SOGEPP;Direction Régionale et Interdépartementale de l'Environnement et de l'Énergie d'Ile-de-France;;;;11;ILE-DE-FRANCE;92;HAUTS-DE-SEINE;92036;Gennevilliers;20;Risque technologique;21;Risque industriel;211;Effet thermique;FAUX;;FAUX;;2009-12-30;;;;;2012-12-21;;;Opposable;2020-01-01;Approuvé;2020-01-01;2025-04-03
PPRT;Plan de Prévention des Risques Technologiques;77DDT20130004;PPRT SOGIF;Direction départementale des territoires;PPRT SOGIF;;;11;ILE-DE-FRANCE;77;SEINE-ET-MARNE;77296;Moissy-Cramayel;20;Risque technologique;21;Risque industriel;213;Effet toxique;FAUX;;FAUX;;2009-11-23;2010-09-22;2010-10-23;;;2010-12-14;;;Opposable;2020-01-01;Approuvé;2020-01-01;2025-04-09
PPRT;Plan de Prévention des Risques Technologiques;69DREAL20170004;69 PPRT de Genay;Direction départementale des territoires;Genay;;;84;AUVERGNE-RHONE-ALPES;69;RHONE;69207;Saint-Germain-au-Mont-d'Or;20;Risque technologique;21;Risque industriel;213;Effet toxique;FAUX;;FAUX;;2011-10-11;2011-06-23;2011-06-23;;;2014-11-10;;;Opposable;2020-01-01;Approuvé;2020-01-01;2014-11-10
PPRT;Plan de Prévention des Risques Technologiques;57DDT20140007;Plate-forme Saint-Avold Nord;Direction départementale des territoires;Plate-forme Saint-Avold Nord;;;44;GRAND EST;57;MOSELLE;57550;Porcelette;20;Risque technologique;21;Risque industriel;211;Effet thermique;FAUX;;FAUX;;2009-03-26;2013-05-16;2013-06-17;;;2013-10-22;;;Opposable;2020-01-01;Approuvé;2020-01-01;2025-04-10
PPRT;Plan de Prévention des Risques Technologiques;52DDT20130003;PPRT HEUILLEY LE GRAND;Direction départementale des territoires;Partie du territoire communal;;;44;GRAND EST;52;HAUTE-MARNE;52240;Heuilley-le-Grand;20;Risque technologique;21;Risque industriel;211;Effet thermique;FAUX;;FAUX;;2011-12-13;2014-08-18;2014-09-18;;;2014-12-13;;;Opposable;2020-01-01;Approuvé;2020-01-01;2025-04-10
PPRT;Plan de Prévention des Risques Technologiques;89DREAL20140005;Primagaz;Direction régionale de l'environnement, de l'aménagement et du logement;;;;27;BOURGOGNE-FRANCHE-COMTE;89;YONNE;89101;Chéu;20;Risque technologique;21;Risque industriel;211;Effet thermique;FAUX;;FAUX;;2016-05-20;;;;;2017-12-29;;;Opposable;2020-01-01;Approuvé;2020-01-01;2025-03-27
PPRT;Plan de Prévention des Risques Technologiques;64DREAL20130258;PPRT LBC;Direction régionale de l'environnement, de l'aménagement et du logement;;;;75;NOUVELLE-AQUITAINE;64;PYRENEES-ATLANTIQUES;40312;Tarnos;20;Risque technologique;21;Risque industriel;211;Effet thermique;FAUX;;FAUX;;2008-12-30;;;;;2013-04-05;;;Opposable;2020-01-01;Approuvé;2020-01-01;2025-06-11
PPRT;Plan de Prévention des Risques Technologiques;974DEAL20120001;PPRT SRPP;Direction de l'environnement, de l'aménagement et du logement;;;;04;LA REUNION;974;LA REUNION;97407;Le Port;20;Risque technologique;21;Risque industriel;212;Effet de surpression;FAUX;;FAUX;;2011-06-15;2013-11-22;2013-12-23;;;2014-06-12;;;Opposable;2020-01-01;Approuvé;2020-01-01;2025-04-09
PPRT;Plan de Prévention des Risques Technologiques;54DDT20140018;PPRT STORENGY CERVILLE;Direction départementale des territoires;Industriel;;;44;GRAND EST;54;MEURTHE-ET-MOSELLE;54439;Pulnoy;20;Risque technologique;21;Risque industriel;211;Effet thermique;FAUX;;FAUX;;2011-04-19;;;;;2014-09-30;;;Opposable;2020-01-01;Approuvé;2020-01-01;2025-04-09
PPRT;Plan de Prévention des Risques Technologiques;47DREAL20130329;PPRT GRUEL FAYER;Direction régionale de l'environnement, de l'aménagement et du logement;;;;75;NOUVELLE-AQUITAINE;47;LOT-ET-GARONNE;47091;Estillac;20;Risque technologique;21;Risque industriel;211;Effet thermique;FAUX;;FAUX;;2008-12-30;2009-10-07;2009-11-06;2010-03-02;;2009-12-15;;2015-03-19;Caduque;2020-01-01;Abrogé;2020-01-01;2015-07-01
PPRT;Plan de Prévention des Risques Technologiques;77DDT20130001;PPRT COGNIS-BASF;Direction départementale des territoires;PPRT COGNIS-BASF;;;11;ILE-DE-FRANCE;77;SEINE-ET-MARNE;77199;Fublaines;20;Risque technologique;21;Risque industriel;213;Effet toxique;FAUX;;FAUX;;2009-11-12;2012-10-15;2012-11-17;;;2013-02-12;;;Opposable;2020-01-01;Approuvé;2020-01-01;2025-04-09
PPRT;Plan de Prévention des Risques Technologiques;38DDT20140007;Rév. ARKEMA AREVA-CEZUS-Jarrie;Direction départementale des territoires;;;;84;AUVERGNE-RHONE-ALPES;38;ISERE;38545;Vif;20;Risque technologique;21;Risque industriel;211;Effet thermique;VRAI;38DDT20140002;FAUX;;2011-12-21;2014-09-08;2014-10-09;;;2015-05-22;;;Opposable;2020-01-01;Approuvé;2020-01-01;2025-11-21
PPRT;Plan de Prévention des Risques Technologiques;13DDTM20210003;PPRT - dépôt pétrolier SNOI 2019;Direction départementale des territoires et de la mer;;;;93;PROVENCE-ALPES-COTE D'AZUR;13;BOUCHES-DU-RHONE;13077;Port-de-Bouc;20;Risque technologique;21;Risque industriel;211;Effet thermique;FAUX;;FAUX;;2016-12-13;;;;;2019-06-12;;;Opposable;2020-01-01;Approuvé;2020-01-01;2025-04-08
PPRT;Plan de Prévention des Risques Technologiques;54DDT20140018;PPRT STORENGY CERVILLE;Direction départementale des territoires;Industriel;;;44;GRAND EST;54;MEURTHE-ET-MOSELLE;54558;Velaine-sous-Amance;20;Risque technologique;21;Risque industriel;211;Effet thermique;FAUX;;FAUX;;2011-04-19;;;;;2014-09-30;;;Opposable;2020-01-01;Approuvé;2020-01-01;2025-04-09
PPRT;Plan de Prévention des Risques Technologiques;59DDTM20130004;PPRT PPG SAULTAIN;Direction départementale des territoires et de la mer;;;;32;HAUTS-DE-FRANCE;59;NORD;59557;Saultain;20;Risque technologique;21;Risque industriel;211;Effet thermique;FAUX;;FAUX;;2010-03-23;2011-09-26;2011-10-27;;;2011-12-13;;;Opposable;2020-01-01;Approuvé;2020-01-01;2025-04-10
PPRT;Plan de Prévention des Risques Technologiques;57DDT20200003;PPRT-EPC France;Direction départementale des territoires;;;;44;GRAND EST;57;MOSELLE;57607;Sainte-Barbe;20;Risque technologique;21;Risque industriel;212;Effet de surpression;VRAI;51DREAL20090004;FAUX;;2012-10-22;;;;;2014-08-11;;;Opposable;2020-01-01;Approuvé;2020-01-01;2025-04-10
PPRT;Plan de Prévention des Risques Technologiques;62DREAL20140010;PPRT CECA;Direction régionale de l'environnement, de l'aménagement et du logement;;;;32;HAUTS-DE-FRANCE;62;PAS-DE-CALAIS;62817;Tilloy-lès-Mofflaines;20;Risque technologique;21;Risque industriel;211;Effet thermique;FAUX;;FAUX;;2009-08-11;2014-06-02;2014-07-04;;;2014-12-15;;;Opposable;2020-01-01;Approuvé;2020-01-01;2025-04-04
PPRT;Plan de Prévention des Risques Technologiques;57DDT20140006;ARCELORMITTAL ATLANTIQUE LORR;Direction départementale des territoires;ARCELORMITTAL ATLANTIQUE LORR;;;44;GRAND EST;57;MOSELLE;57647;Serémange-Erzange;20;Risque technologique;21;Risque industriel;212;Effet de surpression;FAUX;;FAUX;;2010-12-31;2014-05-13;2014-06-12;;;2014-08-22;;2025-09-26;Caduque;2020-01-01;Abrogé;2020-01-01;2025-10-02
PPRT;Plan de Prévention des Risques Technologiques;95DRIEE_IF20190002;TOTAL;Direction Régionale et Interdépartementale de l'Environnement et de l'Énergie d'Ile-de-France;;;;11;ILE-DE-FRANCE;95;VAL-D'OISE;95018;Argenteuil;20;Risque technologique;21;Risque industriel;211;Effet thermique;FAUX;;FAUX;;2010-04-29;;;;;2013-04-11;;;Opposable;2020-01-01;Approuvé;2020-01-01;2025-04-09
PPRT;Plan de Prévention des Risques Technologiques;49DDT20130001;PPRT EPC France St Crespin/Moine;Direction départementale des territoires;;;;52;PAYS DE LA LOIRE;49;MAINE-ET-LOIRE;44108;Mouzillon;20;Risque technologique;21;Risque industriel;211;Effet thermique;FAUX;;FAUX;;2007-09-25;2013-06-18;2013-07-19;;;2013-10-28;;;Opposable;2020-01-01;Approuvé;2020-01-01;2025-04-04
PPRT;Plan de Prévention des Risques Technologiques;29DDTM20200001;Pyrotechnie Saint Nicolas;Direction départementale des territoires et de la mer;Pyrotechnie militaire;;;53;BRETAGNE;29;FINISTERE;29189;Plougastel-Daoulas;20;Risque technologique;21;Risque industriel;211;Effet thermique;FAUX;;FAUX;;2019-11-15;;;;;2025-06-06;;;Opposable;2020-01-01;Approuvé;2020-01-01;2025-07-15
PPRT;Plan de Prévention des Risques Technologiques;64DREAL20150001;PPRT - MOURENX/PARDIES (Modification);Direction régionale de l'environnement, de l'aménagement et du logement;MOURENX/PARDIES;;;75;NOUVELLE-AQUITAINE;64;PYRENEES-ATLANTIQUES;64117;Bésingrand;20;Risque technologique;21;Risque industriel;211;Effet thermique;FAUX;;FAUX;;2011-02-08;;;;;2015-04-15;;;Opposable;2020-01-01;Approuvé;2020-01-01;2024-06-28
PPRT;Plan de Prévention des Risques Technologiques;45DREAL20140005;DPO (Saint-Jean-de-Braye);Direction régionale de l'environnement, de l'aménagement et du logement;;;;24;CENTRE-VAL DE LOIRE;45;LOIRET;45308;Semoy;20;Risque technologique;21;Risque industriel;211;Effet thermique;FAUX;;FAUX;;2010-03-01;;;;;2017-09-25;;;Opposable;2020-01-01;Approuvé;2020-01-01;2025-04-03
PPRT;Plan de Prévention des Risques Technologiques;972DEAL20200003;PPRT GIE Croix-Rivail;Direction de l'environnement, de l'aménagement et du logement;;;;02;MARTINIQUE;972;MARTINIQUE;97221;Rivière-Salée;20;Risque technologique;21;Risque industriel;214;Effet de projection;FAUX;;FAUX;;2009-05-27;;;;;2011-11-24;;;Opposable;2020-01-01;Approuvé;2020-01-01;2025-04-09
PPRT;Plan de Prévention des Risques Technologiques;76DDTM20150004;ZIP Petit-Couronne;Direction départementale des territoires et de la mer;;;;28;NORMANDIE;76;SEINE-MARITIME;76717;Val-de-la-Haye;20;Risque technologique;21;Risque industriel;212;Effet de surpression;FAUX;;FAUX;;2012-12-13;2018-10-08;2018-11-29;;;2019-01-29;;;Opposable;2020-01-01;Approuvé;2020-01-01;2025-04-09
PPRT;Plan de Prévention des Risques Technologiques;76DDTM20150003;ZIP Petit et Grand Quevilly;Direction départementale des territoires et de la mer;;;;28;NORMANDIE;76;SEINE-MARITIME;76513;Quevillon;20;Risque technologique;21;Risque industriel;211;Effet thermique;FAUX;;FAUX;;2012-12-13;2017-09-20;2017-11-09;;;2018-01-25;;;Opposable;2020-01-01;Approuvé;2020-01-01;2025-04-09
PPRT;Plan de Prévention des Risques Technologiques;02DDT20130001;TEREOS;Direction départementale des territoires;;;;32;HAUTS-DE-FRANCE;02;AISNE;02552;Neuvillette;20;Risque technologique;21;Risque industriel;213;Effet toxique;FAUX;;FAUX;;2011-06-23;;;;;2012-10-15;;;Opposable;2020-01-01;Approuvé;2020-01-01;2025-04-09
PPRT;Plan de Prévention des Risques Technologiques;31DREAL20090002; PPRT - ARKEMA;Direction régionale de l'environnement, de l'aménagement et du logement;PPRT ARKEMA;;;76;OCCITANIE;65;HAUTES-PYRENEES;65054;Avezac-Prat-Lahitte;20;Risque technologique;21;Risque industriel;213;Effet toxique;FAUX;;FAUX;;2006-08-04;2008-06-16;2008-07-15;;;2008-10-29;;;Opposable;2020-01-01;Approuvé;2020-01-01;2025-04-09
PPRT;Plan de Prévention des Risques Technologiques;61DDT20130001;PPR-T - des Rives d'Andaine;Direction départementale des territoires;;;;28;NORMANDIE;61;ORNE;61096;Rives d'Andaine;20;Risque technologique;21;Risque industriel;212;Effet de surpression;FAUX;;FAUX;;2010-12-17;2012-10-08;2012-11-09;;;2013-02-05;;;Opposable;2020-01-01;Approuvé;2020-01-01;2025-04-10
PPRT;Plan de Prévention des Risques Technologiques;69DREAL20090019;74 PPRT Annecy et Seynod;Direction régionale de l'environnement, de l'aménagement et du logement;Annecy;;;84;AUVERGNE-RHONE-ALPES;74;HAUTE-SAVOIE;74010;Annecy;20;Risque technologique;21;Risque industriel;212;Effet de surpression;FAUX;;FAUX;;2009-04-03;2010-11-17;2010-12-17;;;2011-04-08;;;Opposable;2020-01-01;Approuvé;2020-01-01;2025-04-10
PPRT;Plan de Prévention des Risques Technologiques;62DREAL20140002;PPRT SI GROUP;Direction régionale de l'environnement, de l'aménagement et du logement;;;;32;HAUTS-DE-FRANCE;62;PAS-DE-CALAIS;62310;Essars;20;Risque technologique;21;Risque industriel;212;Effet de surpression;FAUX;;FAUX;;2009-12-07;2011-12-26;2012-01-27;;;2012-05-22;;;Opposable;2020-01-01;Approuvé;2020-01-01;2025-04-04
PPRT;Plan de Prévention des Risques Technologiques;63DREAL20140002;PPRT SANOFI Vertolaye;Direction régionale de l'environnement, de l'aménagement et du logement;Vertolaye;;;84;AUVERGNE-RHONE-ALPES;63;PUY-DE-DOME;63037;Bertignat;20;Risque technologique;21;Risque industriel;212;Effet de surpression;FAUX;;FAUX;;2010-06-14;2014-01-13;;;;2014-04-04;;;Opposable;2020-01-01;Approuvé;2020-01-01;2025-04-09
PPRT;Plan de Prévention des Risques Technologiques;69DREAL20090016;73 PPRT de Chignin;Direction régionale de l'environnement, de l'aménagement et du logement;73 PPRT de Chignin;;;84;AUVERGNE-RHONE-ALPES;73;SAVOIE;73151;Porte-de-Savoie;20;Risque technologique;21;Risque industriel;211;Effet thermique;FAUX;;FAUX;;2008-10-10;2011-09-09;2011-10-09;;;2011-12-15;;2014-05-21;Caduque;2020-01-01;Abrogé;2020-01-01;2017-05-10
PPRT;Plan de Prévention des Risques Technologiques;91DDT20130005;PPRT CIM et ANTARGAZ;Direction départementale des territoires;;;;11;ILE-DE-FRANCE;91;ESSONNE;91286;Grigny;20;Risque technologique;21;Risque industriel;211;Effet thermique;FAUX;;FAUX;;2010-03-17;;;;;2018-04-04;;;Opposable;2020-01-01;Approuvé;2020-01-01;2025-04-09
PPRT;Plan de Prévention des Risques Technologiques;28DREAL20140002;PRIMAGAZ (Coltainville);Direction régionale de l'environnement, de l'aménagement et du logement;;;;24;CENTRE-VAL DE LOIRE;28;EURE-ET-LOIR;28104;Coltainville;20;Risque technologique;21;Risque industriel;212;Effet de surpression;FAUX;;FAUX;;2010-02-23;2012-12-12;2013-01-11;;;2013-04-04;;;Opposable;2020-01-01;Approuvé;2020-01-01;2014-03-18
PPRT;Plan de Prévention des Risques Technologiques;69DDT20200002;Vallée de la chimie;Direction départementale des territoires;;;;84;AUVERGNE-RHONE-ALPES;69;RHONE;69152;Pierre-Bénite;20;Risque technologique;21;Risque industriel;213;Effet toxique;FAUX;;FAUX;;2015-04-21;;;;;2016-10-19;;;Opposable;2020-01-01;Approuvé;2020-01-01;2025-04-10
PPRT;Plan de Prévention des Risques Technologiques;18DDT20140002;PPRT du site militaire d'Avord;Direction départementale des territoires;;;;24;CENTRE-VAL DE LOIRE;18;CHER;18166;Nohant-en-Goût;20;Risque technologique;21;Risque industriel;213;Effet toxique;FAUX;;FAUX;;2012-12-21;2014-11-03;2014-12-02;;;2015-03-09;;;Opposable;2020-01-01;Approuvé;2020-01-01;2025-04-02
PPRT;Plan de Prévention des Risques Technologiques;13DREAL20140003;PPRT - Berre l'Étang 2019;Direction régionale de l'environnement, de l'aménagement et du logement;;;;93;PROVENCE-ALPES-COTE D'AZUR;13;BOUCHES-DU-RHONE;13014;Berre-l'Étang;20;Risque technologique;21;Risque industriel;211;Effet thermique;FAUX;;FAUX;;2013-08-01;2018-11-19;2018-12-20;;;2019-06-12;;;Opposable;2020-01-01;Approuvé;2020-01-01;2025-04-09
PPRT;Plan de Prévention des Risques Technologiques;60DREAL20140002;WEYLCHEM LAMOTTE;Direction régionale de l'environnement, de l'aménagement et du logement;;;;32;HAUTS-DE-FRANCE;60;OISE;60534;Rethondes;20;Risque technologique;21;Risque industriel;211;Effet thermique;FAUX;;FAUX;;2010-10-12;2014-09-30;2014-11-05;;;2014-12-19;;;Opposable;2020-01-01;Approuvé;2020-01-01;2025-03-27
PPRT;Plan de Prévention des Risques Technologiques;55DDT20210005;PPRT ROZELIER;Direction départementale des territoires;PPRT ROZELIER;;;44;GRAND EST;55;MEUSE;55045;Belrupt-en-Verdunois;20;Risque technologique;21;Risque industriel;212;Effet de surpression;FAUX;;FAUX;;2017-11-15;;;;;2023-07-06;;;Opposable;2020-01-01;Approuvé;2020-01-01;2025-04-10
PPRT;Plan de Prévention des Risques Technologiques;02DDT20150003;ROHM AND HAAS;Direction départementale des territoires;;;;32;HAUTS-DE-FRANCE;02;AISNE;02041;Autreville;20;Risque technologique;21;Risque industriel;213;Effet toxique;FAUX;;FAUX;;2012-12-21;;;;;2014-12-22;;;Opposable;2020-01-01;Approuvé;2020-01-01;2025-04-09
PPRT;Plan de Prévention des Risques Technologiques;61DDT20130001;PPR-T - des Rives d'Andaine;Direction départementale des territoires;;;;28;NORMANDIE;61;ORNE;61096;Rives d'Andaine;20;Risque technologique;21;Risque industriel;211;Effet thermique;FAUX;;FAUX;;2010-12-17;2012-10-08;2012-11-09;;;2013-02-05;;;Opposable;2020-01-01;Approuvé;2020-01-01;2025-04-10
PPRT;Plan de Prévention des Risques Technologiques;33DDTM20160001;PPRT AMBES NORD;Direction départementale des territoires et de la mer;;;;75;NOUVELLE-AQUITAINE;33;GIRONDE;33475;Saint-Seurin-de-Bourg;20;Risque technologique;21;Risque industriel;211;Effet thermique;FAUX;;FAUX;;2016-12-28;;;;;2018-08-30;;;Opposable;2020-01-01;Approuvé;2020-01-01;2025-04-09
PPRT;Plan de Prévention des Risques Technologiques;30DDTM20060002;PPRT -  AXENS et RHODIA ;Direction départementale des territoires et de la mer;;;;76;OCCITANIE;30;GARD;30223;Rousson;20;Risque technologique;21;Risque industriel;213;Effet toxique;FAUX;;FAUX;;2010-11-15;2014-05-19;2014-06-20;;;2014-08-18;;;Opposable;2020-01-01;Approuvé;2020-01-01;2025-04-09
PPRT;Plan de Prévention des Risques Technologiques;76DDTM20150003;ZIP Petit et Grand Quevilly;Direction départementale des territoires et de la mer;;;;28;NORMANDIE;76;SEINE-MARITIME;76497;Petit-Couronne;20;Risque technologique;21;Risque industriel;213;Effet toxique;FAUX;;FAUX;;2012-12-13;2017-09-20;2017-11-09;;;2018-01-25;;;Opposable;2020-01-01;Approuvé;2020-01-01;2025-04-09
PPRT;Plan de Prévention des Risques Technologiques;69DREAL20090016;73 PPRT de Chignin;Direction régionale de l'environnement, de l'aménagement et du logement;73 PPRT de Chignin;;;84;AUVERGNE-RHONE-ALPES;73;SAVOIE;73183;Myans;20;Risque technologique;21;Risque industriel;211;Effet thermique;FAUX;;FAUX;;2008-10-10;2011-09-09;2011-10-09;;;2011-12-15;;2014-05-21;Caduque;2020-01-01;Abrogé;2020-01-01;2017-05-10
PPRT;Plan de Prévention des Risques Technologiques;67DREAL20140037;67 PPRT ROHM AND HAAS;Direction régionale de l'environnement, de l'aménagement et du logement;67 PPRT ROHM AND HAAS;;;44;GRAND EST;67;BAS-RHIN;67261;Lauterbourg;20;Risque technologique;21;Risque industriel;211;Effet thermique;FAUX;;FAUX;;2010-03-17;2013-09-12;2013-10-11;;;2014-01-21;;;Opposable;2020-01-01;Approuvé;2020-01-01;2025-04-09
PPRT;Plan de Prévention des Risques Technologiques;2BDREAL20160002;PPRT ENGIE;Direction régionale de l'environnement, de l'aménagement et du logement;;;;94;CORSE;2B;HAUTE-CORSE;2B120;Furiani;20;Risque technologique;21;Risque industriel;212;Effet de surpression;FAUX;;FAUX;;2011-11-25;;;;;2016-01-25;;;Opposable;2020-01-01;Approuvé;2020-01-01;2025-04-10
PPRT;Plan de Prévention des Risques Technologiques;38DDT20140007;Rév. ARKEMA AREVA-CEZUS-Jarrie;Direction départementale des territoires;;;;84;AUVERGNE-RHONE-ALPES;38;ISERE;38071;Champ-sur-Drac;20;Risque technologique;21;Risque industriel;213;Effet toxique;VRAI;38DDT20140002;FAUX;;2011-12-21;2014-09-08;2014-10-09;;;2015-05-22;;;Opposable;2020-01-01;Approuvé;2020-01-01;2025-11-21
PPRT;Plan de Prévention des Risques Technologiques;38DDT20140007;Rév. ARKEMA AREVA-CEZUS-Jarrie;Direction départementale des territoires;;;;84;AUVERGNE-RHONE-ALPES;38;ISERE;38524;Varces-Allières-et-Risset;20;Risque technologique;21;Risque industriel;211;Effet thermique;VRAI;38DDT20140002;FAUX;;2011-12-21;2014-09-08;2014-10-09;;;2015-05-22;;;Opposable;2020-01-01;Approuvé;2020-01-01;2025-11-21
PPRT;Plan de Prévention des Risques Technologiques;38DDT20140002;ARKEMA AREVA-CEZUS - Jarrie;Direction départementale des territoires;;;;84;AUVERGNE-RHONE-ALPES;38;ISERE;38111;Claix;20;Risque technologique;21;Risque industriel;212;Effet de surpression;FAUX;;VRAI;38DDT20140007;2010-06-14;2010-10-15;2010-11-15;;;2010-12-20;;2015-05-22;Caduque;2020-01-01;Abrogé;2020-01-01;2020-12-04
PPRT;Plan de Prévention des Risques Technologiques;77DDT20130005;PPRT STORENGY;Direction départementale des territoires;PPRT STORENGY;;;11;ILE-DE-FRANCE;77;SEINE-ET-MARNE;02512;Montigny-l'Allier;20;Risque technologique;21;Risque industriel;212;Effet de surpression;FAUX;;FAUX;;2010-10-13;;;;;2013-04-12;;;Opposable;2020-01-01;Approuvé;2020-01-01;2025-04-09
PPRT;Plan de Prévention des Risques Technologiques;69DDT20200002;Vallée de la chimie;Direction départementale des territoires;;;;84;AUVERGNE-RHONE-ALPES;69;RHONE;69152;Pierre-Bénite;20;Risque technologique;21;Risque industriel;212;Effet de surpression;FAUX;;FAUX;;2015-04-21;;;;;2016-10-19;;;Opposable;2020-01-01;Approuvé;2020-01-01;2025-04-10
PPRT;Plan de Prévention des Risques Technologiques;44DDTM20140039;PPRT SFDM - La Chapelle-Launay;Direction départementale des territoires et de la mer;PPRT La Chapelle-Launay;;;52;PAYS DE LA LOIRE;44;LOIRE-ATLANTIQUE;44033;La Chapelle-Launay;20;Risque technologique;21;Risque industriel;211;Effet thermique;FAUX;;FAUX;;2014-10-03;;;;;2017-02-02;;;Opposable;2020-01-01;Approuvé;2020-01-01;2025-04-04
PPRT;Plan de Prévention des Risques Technologiques;44DDTM20110005;PPRT TOTAL -ANTARGAZ - Donges;Direction départementale des territoires et de la mer;PPRT Donges;;;52;PAYS DE LA LOIRE;44;LOIRE-ATLANTIQUE;44052;Donges;20;Risque technologique;21;Risque industriel;211;Effet thermique;FAUX;;FAUX;;2010-01-12;;;;;2014-02-21;;;Opposable;2020-01-01;Approuvé;2020-01-01;2025-04-04
PPRT;Plan de Prévention des Risques Technologiques;67DREAL20140043;67 PPRT BUTAGAZ;Direction régionale de l'environnement, de l'aménagement et du logement;67 PPRT BUTAGAZ;;;44;GRAND EST;67;BAS-RHIN;67389;Reichstett;20;Risque technologique;21;Risque industriel;211;Effet thermique;FAUX;;FAUX;;2012-11-20;2014-03-31;2014-04-30;;;2014-07-21;;2024-09-26;Caduque;2020-01-01;Abrogé;2020-01-01;2025-01-10
PPRT;Plan de Prévention des Risques Technologiques;45DREAL20090009;PRIMAGAZ (Saint-Cyr-en-Val);Direction régionale de l'environnement, de l'aménagement et du logement;;;;24;CENTRE-VAL DE LOIRE;45;LOIRET;45234;Orléans;20;Risque technologique;21;Risque industriel;212;Effet de surpression;FAUX;;FAUX;;2008-05-19;;;;2012-09-25;;;;Caduque;2020-01-01;Déprescrit;2020-01-01;2014-03-18
PPRT;Plan de Prévention des Risques Technologiques;13DREAL20090005;PPRT - BUTAGAZ - Bollène 2008;Direction régionale de l'environnement, de l'aménagement et du logement;PPRT BUTAGAZ;;;93;PROVENCE-ALPES-COTE D'AZUR;84;VAUCLUSE;84019;Bollène;20;Risque technologique;21;Risque industriel;211;Effet thermique;FAUX;;FAUX;;2007-01-24;2007-11-15;2007-11-15;;;2008-02-12;;2017-06-22;Caduque;2020-01-01;Abrogé;2020-01-01;2025-04-09
PPRT;Plan de Prévention des Risques Technologiques;PPRT_2022_0003;PPRT - Etablissement DGATT Bourges;Direction départementale des territoires;;;;;;18;CHER;18018;Avord;20;Risque technologique;21;Risque industriel;212;Effet de surpression;FAUX;;FAUX;;2020-11-06;;;;;2023-08-03;;;Opposable;2020-01-01;Approuvé;2020-01-01;2025-04-02
PPRT;Plan de Prévention des Risques Technologiques;40DREAL20130242;PPRT SPD;Direction régionale de l'environnement, de l'aménagement et du logement;;;;75;NOUVELLE-AQUITAINE;40;LANDES;40192;Mont-de-Marsan;20;Risque technologique;21;Risque industriel;212;Effet de surpression;FAUX;;FAUX;;2008-10-21;2010-06-14;2010-07-13;;;2010-10-20;;;Opposable;2020-01-01;Approuvé;2020-01-01;2025-04-09
PPRT;Plan de Prévention des Risques Technologiques;62DREAL20140002;PPRT SI GROUP;Direction régionale de l'environnement, de l'aménagement et du logement;;;;32;HAUTS-DE-FRANCE;62;PAS-DE-CALAIS;62126;Beuvry;20;Risque technologique;21;Risque industriel;211;Effet thermique;FAUX;;FAUX;;2009-12-07;2011-12-26;2012-01-27;;;2012-05-22;;;Opposable;2020-01-01;Approuvé;2020-01-01;2025-04-04
PPRT;Plan de Prévention des Risques Technologiques;62DREAL20140008;PPRT PRIMAGAZ;Direction régionale de l'environnement, de l'aménagement et du logement;;;;32;HAUTS-DE-FRANCE;62;PAS-DE-CALAIS;62869;Wailly;20;Risque technologique;21;Risque industriel;212;Effet de surpression;FAUX;;FAUX;;2009-09-15;2016-11-30;2016-12-30;;;2017-09-25;;;Opposable;2020-01-01;Approuvé;2020-01-01;2025-04-04
PPRT;Plan de Prévention des Risques Technologiques;44DREAL20060003;PPRT TITANOBEL Lignières Orgères;Direction régionale de l'environnement, de l'aménagement et du logement;PPRT TITANOBEL EXPLOSIFS France ;;;52;PAYS DE LA LOIRE;53;MAYENNE;53133;Lignières-Orgères;20;Risque technologique;21;Risque industriel;212;Effet de surpression;FAUX;;FAUX;;2006-08-10;;;;;2008-02-07;;;Opposable;2020-01-01;Approuvé;2020-01-01;2025-04-04
;;69DDT20200003;Vallée de la chimie 2;;;;;;;;;69260;Vernaison;20;Risque technologique;21;Risque industriel;213;Effet toxique;FAUX;;FAUX;;2019-12-27;;;;2021-02-04;;;;;;;;2021-02-05
PPRT;Plan de Prévention des Risques Technologiques;64DDTM20170001;PPRt - SEDZERE;Direction départementale des territoires et de la mer;;;;75;NOUVELLE-AQUITAINE;64;PYRENEES-ATLANTIQUES;64227;Gabaston;20;Risque technologique;21;Risque industriel;213;Effet toxique;FAUX;;FAUX;;2017-01-20;;;;;2018-12-21;;;Opposable;2020-01-01;Approuvé;2020-01-01;2025-06-11
PPRT;Plan de Prévention des Risques Technologiques;40DREAL20130237;PPRT DRT Castets;Direction régionale de l'environnement, de l'aménagement et du logement;;;;75;NOUVELLE-AQUITAINE;40;LANDES;40075;Castets;20;Risque technologique;21;Risque industriel;212;Effet de surpression;FAUX;;FAUX;;2010-02-10;2012-06-11;2012-07-26;;;2012-11-20;;;Opposable;2020-01-01;Approuvé;2020-01-01;2025-04-09
PPRT;Plan de Prévention des Risques Technologiques;PPRT_2022_0003;PPRT - Etablissement DGATT Bourges;Direction départementale des territoires;;;;;;18;CHER;18247;Savigny-en-Septaine;20;Risque technologique;21;Risque industriel;214;Effet de projection;FAUX;;FAUX;;2020-11-06;;;;;2023-08-03;;;Opposable;2020-01-01;Approuvé;2020-01-01;2025-04-02
PPRT;Plan de Prévention des Risques Technologiques;31DREAL20090002; PPRT - ARKEMA;Direction régionale de l'environnement, de l'aménagement et du logement;PPRT ARKEMA;;;76;OCCITANIE;65;HAUTES-PYRENEES;65054;Avezac-Prat-Lahitte;20;Risque technologique;21;Risque industriel;211;Effet thermique;FAUX;;FAUX;;2006-08-04;2008-06-16;2008-07-15;;;2008-10-29;;;Opposable;2020-01-01;Approuvé;2020-01-01;2025-04-09
PPRT;Plan de Prévention des Risques Technologiques;68DREAL20140005;68 PPRT PECRHIN RHODIA BUTACHIMI;Direction régionale de l'environnement, de l'aménagement et du logement;68 PPRT PECRHIN RHODIA BUTACHIMI;;;44;GRAND EST;68;HAUT-RHIN;68253;Ottmarsheim;20;Risque technologique;21;Risque industriel;212;Effet de surpression;FAUX;;FAUX;;2010-12-31;2013-11-12;2013-12-16;;;2014-04-09;;;Opposable;2020-01-01;Approuvé;2020-01-01;2011-04-15
PPRT;Plan de Prévention des Risques Technologiques;38DDT20140006;VENCOREX ISOCHEM - Pont-de-Claix;Direction départementale des territoires;;;;84;AUVERGNE-RHONE-ALPES;38;ISERE;38068;Champagnier;20;Risque technologique;21;Risque industriel;212;Effet de surpression;FAUX;;FAUX;;2011-12-21;2018-03-23;2018-04-24;;;2018-06-27;;;Opposable;2020-01-01;Approuvé;2020-01-01;2025-04-11
PPRT;Plan de Prévention des Risques Technologiques;60DREAL20140009;Butagaz - Levignen;Direction régionale de l'environnement, de l'aménagement et du logement;;;;32;HAUTS-DE-FRANCE;60;OISE;60358;Lévignen;20;Risque technologique;21;Risque industriel;211;Effet thermique;FAUX;;FAUX;;2007-12-10;2009-03-17;2009-04-17;;;2009-05-19;;;Opposable;2020-01-01;Approuvé;2020-01-01;2025-03-27
PPRT;Plan de Prévention des Risques Technologiques;75DRIEE_IF20090010;PPRT EFR France;Direction Régionale et Interdépartementale de l'Environnement et de l'Énergie d'Ile-de-France;PPRT EFR France;;;11;ILE-DE-FRANCE;94;VAL-DE-MARNE;94081;Vitry-sur-Seine;20;Risque technologique;21;Risque industriel;212;Effet de surpression;FAUX;;FAUX;;2009-04-06;;;;;2015-04-30;;;Opposable;2020-01-01;Approuvé;2020-01-01;2025-04-03
PPRT;Plan de Prévention des Risques Technologiques;60DREAL20140006;Arkema - Villers-Saint-Paul;Direction régionale de l'environnement, de l'aménagement et du logement;;;;32;HAUTS-DE-FRANCE;60;OISE;60539;Rieux;20;Risque technologique;21;Risque industriel;212;Effet de surpression;FAUX;;FAUX;;2009-04-07;2012-06-18;2012-07-18;;;2012-10-29;;;Opposable;2020-01-01;Approuvé;2020-01-01;2025-03-27
PPRT;Plan de Prévention des Risques Technologiques;59DREAL20090003;PPRT CRODA UNIQEMA;Direction régionale de l'environnement, de l'aménagement et du logement;;;;32;HAUTS-DE-FRANCE;62;PAS-DE-CALAIS;62479;Labeuvrière;20;Risque technologique;21;Risque industriel;213;Effet toxique;FAUX;;FAUX;;2007-05-23;;;;;2023-05-10;;;Opposable;2020-01-01;Approuvé;2020-01-01;2025-04-04
PPRT;Plan de Prévention des Risques Technologiques;51DREAL20090012;PPRT TITANITE MOUTIERS;Direction régionale de l'environnement, de l'aménagement et du logement;PPRT TITANITE MOUTIERS;;;44;GRAND EST;54;MEURTHE-ET-MOSELLE;54391;Moutiers;20;Risque technologique;21;Risque industriel;212;Effet de surpression;FAUX;;FAUX;;2007-10-08;;;;;2010-09-24;;;Opposable;2020-01-01;Approuvé;2020-01-01;2025-04-09
PPRT;Plan de Prévention des Risques Technologiques;PPRT_2023_0006;PPRT - dépot d'hydrocarbures des Arênes 2023;Direction départementale des territoires et de la mer;toulon;;;;;83;VAR;83137;Toulon;20;Risque technologique;21;Risque industriel;211;Effet thermique;FAUX;;FAUX;;2021-06-15;2023-01-03;2023-02-02;;;2023-06-14;;;Opposable;2020-01-01;Approuvé;2020-01-01;2025-04-15
PPRT;Plan de Prévention des Risques Technologiques;72DDT20100021;PPRT-Alsétex;Direction départementale des territoires;;;;52;PAYS DE LA LOIRE;72;SARTHE;72244;Précigné;20;Risque technologique;21;Risque industriel;212;Effet de surpression;FAUX;;FAUX;;2009-12-16;2012-09-17;2012-10-17;;;2013-07-12;;;Opposable;2020-01-01;Approuvé;2020-01-01;2025-04-04
PPRT;Plan de Prévention des Risques Technologiques;37DREAL20140004;EPC (Cigogné);Direction régionale de l'environnement, de l'aménagement et du logement;;;;24;CENTRE-VAL DE LOIRE;37;INDRE-ET-LOIRE;37027;Bléré;20;Risque technologique;21;Risque industriel;212;Effet de surpression;FAUX;;FAUX;;2009-10-12;2012-06-18;2012-07-18;;;2012-11-12;;;Opposable;2020-01-01;Approuvé;2020-01-01;2025-04-16
PPRT;Plan de Prévention des Risques Technologiques;41DREAL20140005;STORENGY (Chémery-Soings);Direction régionale de l'environnement, de l'aménagement et du logement;;;;24;CENTRE-VAL DE LOIRE;41;LOIR-ET-CHER;41237;Sassay;20;Risque technologique;21;Risque industriel;211;Effet thermique;FAUX;;FAUX;;2012-07-17;2015-10-19;2015-11-19;;;2016-02-19;;;Opposable;2020-01-01;Approuvé;2020-01-01;2025-04-09
PPRT;Plan de Prévention des Risques Technologiques;67DREAL20140044;67 PPRT WAGRAM ;Direction régionale de l'environnement, de l'aménagement et du logement;67PPRT WAGRAM;;;44;GRAND EST;67;BAS-RHIN;67389;Reichstett;20;Risque technologique;21;Risque industriel;212;Effet de surpression;FAUX;;FAUX;;2012-11-20;2014-08-25;2014-09-25;;;2014-12-31;;;Opposable;2020-01-01;Approuvé;2020-01-01;2025-04-09
PPRT;Plan de Prévention des Risques Technologiques;38DDT20140002;ARKEMA AREVA-CEZUS - Jarrie;Direction départementale des territoires;;;;84;AUVERGNE-RHONE-ALPES;38;ISERE;38524;Varces-Allières-et-Risset;20;Risque technologique;21;Risque industriel;211;Effet thermique;FAUX;;VRAI;38DDT20140007;2010-06-14;2010-10-15;2010-11-15;;;2010-12-20;;2015-05-22;Caduque;2020-01-01;Abrogé;2020-01-01;2020-12-04
PPRT;Plan de Prévention des Risques Technologiques;13DREAL20110046;PPRT - Eurenco [ Sorgues ] 2013 ;Direction départementale des territoires;;;;93;PROVENCE-ALPES-COTE D'AZUR;84;VAUCLUSE;84007;Avignon;20;Risque technologique;21;Risque industriel;212;Effet de surpression;FAUX;;FAUX;;2009-07-06;2013-06-10;2013-07-10;;;2013-12-13;;;Opposable;2020-01-01;Approuvé;2020-01-01;2025-04-09
PPRT;Plan de Prévention des Risques Technologiques;2ADREAL20150001;PPRT GDF LORETTO;Direction régionale de l'environnement, de l'aménagement et du logement;S3IC 73-004;;;94;CORSE;2A;CORSE-DU-SUD;2A004;Ajaccio;20;Risque technologique;21;Risque industriel;211;Effet thermique;FAUX;;FAUX;;2010-07-12;;;;;2016-09-27;;;Opposable;2020-01-01;Approuvé;2020-01-01;2025-04-09
PPRT;Plan de Prévention des Risques Technologiques;01DREAL20070001;01 PPRT de St Vulbas;Direction régionale de l'environnement, de l'aménagement et du logement;St Vulbas;;;84;AUVERGNE-RHONE-ALPES;01;AIN;01390;Saint-Vulbas;20;Risque technologique;21;Risque industriel;213;Effet toxique;FAUX;;FAUX;;2017-12-01;;;;;2019-05-13;;;Opposable;2020-01-01;Approuvé;2020-01-01;2021-03-03
PPRT;Plan de Prévention des Risques Technologiques;33DREAL20090003;BASSENS AMBARES;Direction régionale de l'environnement, de l'aménagement et du logement;BASSENS AMBARES;;;75;NOUVELLE-AQUITAINE;33;GIRONDE;33032;Bassens;20;Risque technologique;21;Risque industriel;212;Effet de surpression;FAUX;;FAUX;;2008-12-22;;;;;2010-12-21;;;Opposable;2020-01-01;Approuvé;2020-01-01;2025-04-09
PPRT;Plan de Prévention des Risques Technologiques;38DDT20140002;ARKEMA AREVA-CEZUS - Jarrie;Direction départementale des territoires;;;;84;AUVERGNE-RHONE-ALPES;38;ISERE;38524;Varces-Allières-et-Risset;20;Risque technologique;21;Risque industriel;212;Effet de surpression;FAUX;;VRAI;38DDT20140007;2010-06-14;2010-10-15;2010-11-15;;;2010-12-20;;2015-05-22;Caduque;2020-01-01;Abrogé;2020-01-01;2020-12-04
PPRT;Plan de Prévention des Risques Technologiques;35DREAL20090002;PPRT de BREST (55 73);Direction régionale de l'environnement, de l'aménagement et du logement;PPRT de BREST (55 73);;;53;BRETAGNE;29;FINISTERE;29019;Brest;20;Risque technologique;21;Risque industriel;211;Effet thermique;FAUX;;FAUX;;2008-10-29;2016-09-21;2016-10-22;2017-03-17;;2017-02-08;;;Opposable;2020-01-01;Approuvé;2020-01-01;2025-04-14
PPRT;Plan de Prévention des Risques Technologiques;83DREAL20140148;PPRT - militaire pyrotechnie [ Toulon ] 2013;Direction régionale de l'environnement, de l'aménagement et du logement;;;;93;PROVENCE-ALPES-COTE D'AZUR;83;VAR;83090;Ollioules;20;Risque technologique;21;Risque industriel;211;Effet thermique;FAUX;;FAUX;;2013-03-01;;;;;;;;Prescrit;2020-01-01;Prescrit;2020-01-01;2025-04-15
PPRT;Plan de Prévention des Risques Technologiques;41DREAL20140001;STORENGY (Céré-la-Ronde);Direction régionale de l'environnement, de l'aménagement et du logement;;;;24;CENTRE-VAL DE LOIRE;37;INDRE-ET-LOIRE;41080;Faverolles-sur-Cher;20;Risque technologique;21;Risque industriel;212;Effet de surpression;FAUX;;FAUX;;2012-08-06;2013-09-30;2013-10-31;;;2013-12-24;;;Opposable;2020-01-01;Approuvé;2020-01-01;2025-04-16
PPRT;Plan de Prévention des Risques Technologiques;76DDTM20150003;ZIP Petit et Grand Quevilly;Direction départementale des territoires et de la mer;;;;28;NORMANDIE;76;SEINE-MARITIME;76717;Val-de-la-Haye;20;Risque technologique;21;Risque industriel;212;Effet de surpression;FAUX;;FAUX;;2012-12-13;2017-09-20;2017-11-09;;;2018-01-25;;;Opposable;2020-01-01;Approuvé;2020-01-01;2025-04-09
PPRT;Plan de Prévention des Risques Technologiques;76DREAL20090004;PPRT SNECMA Vernon;Direction régionale de l'environnement, de l'aménagement et du logement;PPRT SNECMA Vernon;;;28;NORMANDIE;27;EURE;27072;Bois-Jérôme-Saint-Ouen;20;Risque technologique;21;Risque industriel;212;Effet de surpression;FAUX;;FAUX;;2008-08-01;2011-11-14;2011-12-16;;;2012-08-31;;;Opposable;2020-01-01;Approuvé;2020-01-01;2025-04-04
PPRT;Plan de Prévention des Risques Technologiques;59DDTM20130004;PPRT PPG SAULTAIN;Direction départementale des territoires et de la mer;;;;32;HAUTS-DE-FRANCE;59;NORD;59215;Estreux;20;Risque technologique;21;Risque industriel;213;Effet toxique;FAUX;;FAUX;;2010-03-23;2011-09-26;2011-10-27;2012-11-09;;2011-12-13;;;Opposable;2020-01-01;Approuvé;2020-01-01;2025-04-10
PPRT;Plan de Prévention des Risques Technologiques;11DDTM20120027;PPRT - Orano;Direction régionale de l'environnement, de l'aménagement et du logement;Usine Orano Malvesi;;;76;OCCITANIE;11;AUDE;11258;Moussan;20;Risque technologique;21;Risque industriel;213;Effet toxique;FAUX;;FAUX;;2009-04-17;2012-06-18;2012-07-20;;;2013-01-23;;;Opposable;2020-01-01;Approuvé;2020-01-01;2025-04-09
PPRT;Plan de Prévention des Risques Technologiques;80DREAL20090002;PPRT révisé AMIENS NORD;Direction régionale de l'environnement, de l'aménagement et du logement;PPRT AMIENS NORD;;;32;HAUTS-DE-FRANCE;80;SOMME;80024;Argœuves;20;Risque technologique;21;Risque industriel;211;Effet thermique;FAUX;;VRAI;80DREAL20140001;2008-09-03;;;;;2012-11-16;;2015-01-07;Caduque;2020-01-01;Abrogé;2020-01-01;2021-11-10
PPRT;Plan de Prévention des Risques Technologiques;62DREAL20140006;PPRT STYROLUTION;Direction régionale de l'environnement, de l'aménagement et du logement;;;;32;HAUTS-DE-FRANCE;62;PAS-DE-CALAIS;62842;Vendin-le-Vieil;20;Risque technologique;21;Risque industriel;211;Effet thermique;FAUX;;FAUX;;2009-12-24;2011-11-28;2011-12-28;;;2012-04-17;;;Opposable;2020-01-01;Approuvé;2020-01-01;2025-04-04
PPRT;Plan de Prévention des Risques Technologiques;38DDT20140009;ADISSEO TOURMALINE-St-Clair-Rhôn;Direction départementale des territoires;38 et 69;;;84;AUVERGNE-RHONE-ALPES;38;ISERE;38378;Saint-Clair-du-Rhône;20;Risque technologique;21;Risque industriel;213;Effet toxique;FAUX;;FAUX;;2012-02-09;2018-04-24;2018-05-24;;;2018-07-18;;;Opposable;2020-01-01;Approuvé;2020-01-01;2025-04-10
PPRT;Plan de Prévention des Risques Technologiques;86DDT20130011;BOLORE ENERGY SA (ex PICOTY);Direction départementale des territoires;;;;75;NOUVELLE-AQUITAINE;86;VIENNE;86062;Chasseneuil-du-Poitou;20;Risque technologique;21;Risque industriel;212;Effet de surpression;FAUX;;FAUX;;2009-04-21;2011-01-24;2011-02-23;2011-04-01;;2011-03-23;;;Opposable;2020-01-01;Approuvé;2020-01-01;2025-04-10
PPRT;Plan de Prévention des Risques Technologiques;64DREAL20130258;PPRT LBC;Direction régionale de l'environnement, de l'aménagement et du logement;;;;75;NOUVELLE-AQUITAINE;64;PYRENEES-ATLANTIQUES;40312;Tarnos;20;Risque technologique;21;Risque industriel;213;Effet toxique;FAUX;;FAUX;;2008-12-30;;;;;2013-04-05;;;Opposable;2020-01-01;Approuvé;2020-01-01;2025-06-11
PPRT;Plan de Prévention des Risques Technologiques;77DDT20130006;PPRT TOTAL GPN;Direction départementale des territoires;PPRT TOTAL GPN;;;11;ILE-DE-FRANCE;77;SEINE-ET-MARNE;77010;Aubepierre-Ozouer-le-Repos;20;Risque technologique;21;Risque industriel;213;Effet toxique;FAUX;;FAUX;;2009-12-21;2013-05-14;2013-06-13;;;2013-09-05;;;Opposable;2020-01-01;Approuvé;2020-01-01;2025-04-09
PPRT;Plan de Prévention des Risques Technologiques;76DREAL20140008;Port Jérôme;Direction régionale de l'environnement, de l'aménagement et du logement;;;;28;NORMANDIE;76;SEINE-MARITIME;76384;Lillebonne;20;Risque technologique;21;Risque industriel;212;Effet de surpression;FAUX;;FAUX;;2009-05-29;2014-04-14;2014-05-21;;;2014-08-07;;;Opposable;2020-01-01;Approuvé;2020-01-01;2025-04-04
PPRT;Plan de Prévention des Risques Technologiques;40DREAL20130242;PPRT SPD;Direction régionale de l'environnement, de l'aménagement et du logement;;;;75;NOUVELLE-AQUITAINE;40;LANDES;40192;Mont-de-Marsan;20;Risque technologique;21;Risque industriel;211;Effet thermique;FAUX;;FAUX;;2008-10-21;2010-06-14;2010-07-13;;;2010-10-20;;;Opposable;2020-01-01;Approuvé;2020-01-01;2025-04-09
PPRT;Plan de Prévention des Risques Technologiques;59DREAL20090009;PPRT RYSSEN ALCOOLS;Direction régionale de l'environnement, de l'aménagement et du logement;;;;32;HAUTS-DE-FRANCE;59;NORD;59359;Loon-Plage;20;Risque technologique;21;Risque industriel;211;Effet thermique;FAUX;;FAUX;;2009-01-07;2010-11-02;2010-12-02;2012-02-09;;2010-12-27;;;Opposable;2020-01-01;Approuvé;2020-01-01;2025-04-10
;;69DDT20200003;Vallée de la chimie 2;;;;;;;;;69259;Vénissieux;20;Risque technologique;21;Risque industriel;213;Effet toxique;FAUX;;FAUX;;2019-12-27;;;;2021-02-04;;;;;;;;2021-02-05
PPRT;Plan de Prévention des Risques Technologiques;59DDTM20130004;PPRT PPG SAULTAIN;Direction départementale des territoires et de la mer;;;;32;HAUTS-DE-FRANCE;59;NORD;59166;Curgies;20;Risque technologique;21;Risque industriel;211;Effet thermique;FAUX;;FAUX;;2010-03-23;2011-09-26;2011-10-27;;;2011-12-13;;;Opposable;2020-01-01;Approuvé;2020-01-01;2025-04-10
PPRT;Plan de Prévention des Risques Technologiques;26DREAL20170002;26 PPRT de La Roche de Glun;Direction régionale de l'environnement, de l'aménagement et du logement;La Roche de Glun;;;84;AUVERGNE-RHONE-ALPES;26;DROME;26271;La Roche-de-Glun;20;Risque technologique;21;Risque industriel;211;Effet thermique;FAUX;;FAUX;;2009-06-30;;;;2012-07-05;;;;Caduque;2020-01-01;Déprescrit;2020-01-01;2025-03-28
PPRT;Plan de Prévention des Risques Technologiques;13DREAL20110046;PPRT - Eurenco [ Sorgues ] 2013 ;Direction départementale des territoires;;;;93;PROVENCE-ALPES-COTE D'AZUR;84;VAUCLUSE;84007;Avignon;20;Risque technologique;21;Risque industriel;213;Effet toxique;FAUX;;FAUX;;2009-07-06;2013-06-10;2013-07-10;;;2013-12-13;;;Opposable;2020-01-01;Approuvé;2020-01-01;2025-04-09
PPRT;Plan de Prévention des Risques Technologiques;69DREAL20090016;73 PPRT de Chignin;Direction régionale de l'environnement, de l'aménagement et du logement;73 PPRT de Chignin;;;84;AUVERGNE-RHONE-ALPES;73;SAVOIE;73249;Saint-Jeoire-Prieuré;20;Risque technologique;21;Risque industriel;211;Effet thermique;FAUX;;FAUX;;2008-10-10;2011-09-09;2011-10-09;;;2011-12-15;;2014-05-21;Caduque;2020-01-01;Abrogé;2020-01-01;2017-05-10
PPRT;Plan de Prévention des Risques Technologiques;59DDTM20130005;PPRT NYRSTAR AUBY;Direction départementale des territoires et de la mer;;;;32;HAUTS-DE-FRANCE;59;NORD;59234;Flers-en-Escrebieux;20;Risque technologique;21;Risque industriel;211;Effet thermique;FAUX;;FAUX;;2010-01-06;2012-02-06;2012-03-07;;;2012-05-03;;;Opposable;2020-01-01;Approuvé;2020-01-01;2025-04-10
PPRT;Plan de Prévention des Risques Technologiques;39DREAL20140001;PPRt Solvay;Direction régionale de l'environnement, de l'aménagement et du logement;Solvay;;;27;BOURGOGNE-FRANCHE-COMTE;39;JURA;39001;Abergement-la-Ronce;20;Risque technologique;21;Risque industriel;213;Effet toxique;FAUX;;FAUX;;2008-07-01;2009-09-17;;;;2010-02-24;;;Opposable;2020-01-01;Approuvé;2020-01-01;2025-04-04
PPRT;Plan de Prévention des Risques Technologiques;64DDTM20170001;PPRt - SEDZERE;Direction départementale des territoires et de la mer;;;;75;NOUVELLE-AQUITAINE;64;PYRENEES-ATLANTIQUES;64516;Sedzère;20;Risque technologique;21;Risque industriel;212;Effet de surpression;FAUX;;FAUX;;2017-01-20;;;;;2018-12-21;;;Opposable;2020-01-01;Approuvé;2020-01-01;2025-06-11
PPRT;Plan de Prévention des Risques Technologiques;71DREAL20140004;Raffinerie du Midi;Direction régionale de l'environnement, de l'aménagement et du logement;Raffinerie du Midi (71);;;27;BOURGOGNE-FRANCHE-COMTE;71;SAONE-ET-LOIRE;71076;Chalon-sur-Saône;20;Risque technologique;21;Risque industriel;211;Effet thermique;FAUX;;FAUX;;2010-06-10;;;;;;2012-06-05;;Caduque;2020-01-01;Annulé;2020-01-01;2020-07-29
PPRT;Plan de Prévention des Risques Technologiques;01DREAL20170003;01 PPRT de Etrez;Direction régionale de l'environnement, de l'aménagement et du logement;Etrez;;;84;AUVERGNE-RHONE-ALPES;01;AIN;01130;Bresse Vallons;20;Risque technologique;21;Risque industriel;212;Effet de surpression;FAUX;;FAUX;;2012-02-20;2015-04-14;2015-05-14;;;2015-07-28;;;Opposable;2020-01-01;Approuvé;2020-01-01;2021-03-03
PPRT;Plan de Prévention des Risques Technologiques;68DREAL20140006;68 PPRT EPM;Direction régionale de l'environnement, de l'aménagement et du logement;68 PPRT EPM;;;44;GRAND EST;68;HAUT-RHIN;68300;Sausheim;20;Risque technologique;21;Risque industriel;212;Effet de surpression;FAUX;;FAUX;;2009-07-20;2013-11-12;2013-12-13;;;2014-04-11;;;Opposable;2020-01-01;Approuvé;2020-01-01;2018-04-06
PPRT;Plan de Prévention des Risques Technologiques;59DREAL20090005;PPRT GP SAV MAZINGARBE;Direction régionale de l'environnement, de l'aménagement et du logement;;;;32;HAUTS-DE-FRANCE;62;PAS-DE-CALAIS;62563;Mazingarbe;20;Risque technologique;21;Risque industriel;212;Effet de surpression;FAUX;;FAUX;;2006-06-07;2006-10-19;2006-11-20;;;2007-03-20;;;Opposable;2020-01-01;Approuvé;2020-01-01;2025-04-04
PPRT;Plan de Prévention des Risques Technologiques;62DREAL20140010;PPRT CECA;Direction régionale de l'environnement, de l'aménagement et du logement;;;;32;HAUTS-DE-FRANCE;62;PAS-DE-CALAIS;62753;Saint-Laurent-Blangy;20;Risque technologique;21;Risque industriel;213;Effet toxique;FAUX;;FAUX;;2009-08-11;2014-06-02;2014-07-04;;;2014-12-15;;;Opposable;2020-01-01;Approuvé;2020-01-01;2025-04-04
PPRT;Plan de Prévention des Risques Technologiques;76DREAL20140008;Port Jérôme;Direction régionale de l'environnement, de l'aménagement et du logement;;;;28;NORMANDIE;76;SEINE-MARITIME;76476;Port-Jérôme-sur-Seine;20;Risque technologique;21;Risque industriel;212;Effet de surpression;FAUX;;FAUX;;2009-05-29;2014-04-14;2014-05-21;;;2014-08-07;;;Opposable;2020-01-01;Approuvé;2020-01-01;2025-04-04
PPRT;Plan de Prévention des Risques Technologiques;83DREAL20140146;PPRT - Site militaire [ Tourris ] 2014;Direction régionale de l'environnement, de l'aménagement et du logement;;;;93;PROVENCE-ALPES-COTE D'AZUR;83;VAR;83144;La Valette-du-Var;20;Risque technologique;21;Risque industriel;211;Effet thermique;FAUX;;FAUX;;2012-03-22;;;;;2014-03-06;;;Opposable;2020-01-01;Approuvé;2020-01-01;2025-04-15
PPRT;Plan de Prévention des Risques Technologiques;69DREAL20170004;69 PPRT de Genay;Direction départementale des territoires;Genay;;;84;AUVERGNE-RHONE-ALPES;69;RHONE;69071;Curis-au-Mont-d'Or;20;Risque technologique;21;Risque industriel;211;Effet thermique;FAUX;;FAUX;;2011-10-11;2011-06-23;2011-06-23;;;2014-11-10;;;Opposable;2020-01-01;Approuvé;2020-01-01;2014-11-10
;;69DDT20200003;Vallée de la chimie 2;;;;;;;;;69199;Saint-Fons;20;Risque technologique;21;Risque industriel;213;Effet toxique;FAUX;;FAUX;;2019-12-27;;;;2021-02-04;;;;;;;;2021-02-05
PPRT;Plan de Prévention des Risques Technologiques;69DDT20200002;Vallée de la chimie;Direction départementale des territoires;;;;84;AUVERGNE-RHONE-ALPES;69;RHONE;69100;Irigny;20;Risque technologique;21;Risque industriel;213;Effet toxique;FAUX;;FAUX;;2015-04-21;;;;;2016-10-19;;;Opposable;2020-01-01;Approuvé;2020-01-01;2025-04-10
PPRT;Plan de Prévention des Risques Technologiques;25DREAL20110021;PPRt SFPLJ;Direction régionale de l'environnement, de l'aménagement et du logement;SFPLJ;;;27;BOURGOGNE-FRANCHE-COMTE;25;DOUBS;25152;La Chevillotte;20;Risque technologique;21;Risque industriel;211;Effet thermique;FAUX;;FAUX;;2007-12-20;2009-04-17;;;;2009-10-23;;;Opposable;2020-01-01;Approuvé;2020-01-01;2025-03-27
;;69DDT20200003;Vallée de la chimie 2;;;;;;;;;69291;Saint-Symphorien-d'Ozon;20;Risque technologique;21;Risque industriel;213;Effet toxique;FAUX;;FAUX;;2019-12-27;;;;2021-02-04;;;;;;;;2021-02-05
PPRT;Plan de Prévention des Risques Technologiques;64DDTM20170001;PPRt - SEDZERE;Direction départementale des territoires et de la mer;;;;75;NOUVELLE-AQUITAINE;64;PYRENEES-ATLANTIQUES;64227;Gabaston;20;Risque technologique;21;Risque industriel;212;Effet de surpression;FAUX;;FAUX;;2017-01-20;;;;;2018-12-21;;;Opposable;2020-01-01;Approuvé;2020-01-01;2025-06-11
PPRT;Plan de Prévention des Risques Technologiques;41DREAL20140004;MBDA (Selles-Saint-Denis);Direction régionale de l'environnement, de l'aménagement et du logement;;;;24;CENTRE-VAL DE LOIRE;41;LOIR-ET-CHER;41084;La Ferté-Imbault;20;Risque technologique;21;Risque industriel;211;Effet thermique;FAUX;;FAUX;;2010-03-16;2011-11-02;2011-12-02;;;2011-12-27;;;Opposable;2020-01-01;Approuvé;2020-01-01;2025-04-09
PPRT;Plan de Prévention des Risques Technologiques;50DDTM20110001;Société OMG Ultra Pure Chemicals;Direction départementale des territoires et de la mer;;;;28;NORMANDIE;50;MANCHE;50004;Airel;20;Risque technologique;21;Risque industriel;212;Effet de surpression;FAUX;;FAUX;;2011-09-26;;;;;2014-04-01;;;Opposable;2020-01-01;Approuvé;2020-01-01;2025-04-08
PPRT;Plan de Prévention des Risques Technologiques;90DDT20160001;PPRT ANTARGAZ-FINAGAZ;Direction départementale des territoires;ANTARGAZ;;;27;BOURGOGNE-FRANCHE-COMTE;90;TERRITOIRE DE BELFORT;90072;Morvillars;20;Risque technologique;21;Risque industriel;212;Effet de surpression;FAUX;;FAUX;;2008-04-24;2011-05-16;2011-06-18;;;2011-09-29;;2022-07-26;Caduque;2020-01-01;Abrogé;2020-01-01;2023-03-02
PPRT;Plan de Prévention des Risques Technologiques;51DDT20140006;PPRT SNOI - L'Epine;Direction départementale des territoires;L'Epine;;;44;GRAND EST;51;MARNE;51476;Saint-Étienne-au-Temple;20;Risque technologique;21;Risque industriel;211;Effet thermique;FAUX;;FAUX;;2013-10-28;;;;;2015-02-19;;;Opposable;2020-01-01;Approuvé;2020-01-01;2025-04-09
PPRT;Plan de Prévention des Risques Technologiques;51DDT20160006;PPRT C4 Suippes;Direction départementale des territoires;;;;44;GRAND EST;51;MARNE;51546;Somme-Suippe;20;Risque technologique;21;Risque industriel;213;Effet toxique;FAUX;;FAUX;;2016-11-15;2018-01-05;2018-02-09;;;2018-05-09;;;Opposable;2020-01-01;Approuvé;2020-01-01;2025-04-09
PPRT;Plan de Prévention des Risques Technologiques;76DREAL20150001;Saint-Pierre-lès-Elbeuf;Direction régionale de l'environnement, de l'aménagement et du logement;;;;28;NORMANDIE;76;SEINE-MARITIME;27394;Martot;20;Risque technologique;21;Risque industriel;212;Effet de surpression;FAUX;;FAUX;;2010-05-06;2014-02-24;2014-03-26;;;2014-06-03;;;Opposable;2020-01-01;Approuvé;2020-01-01;2025-04-09
PPRT;Plan de Prévention des Risques Technologiques;64DREAL20130258;PPRT LBC;Direction régionale de l'environnement, de l'aménagement et du logement;;;;75;NOUVELLE-AQUITAINE;64;PYRENEES-ATLANTIQUES;64024;Anglet;20;Risque technologique;21;Risque industriel;212;Effet de surpression;FAUX;;FAUX;;2008-12-30;;;;;2013-04-05;;;Opposable;2020-01-01;Approuvé;2020-01-01;2025-06-11
PPRT;Plan de Prévention des Risques Technologiques;51DREAL20090013;PPRT SODETAL;Direction régionale de l'environnement, de l'aménagement et du logement;REDAELLI SODETAL TRONVILLE EN BARROIS;;;44;GRAND EST;55;MEUSE;55543;Velaines;20;Risque technologique;21;Risque industriel;213;Effet toxique;FAUX;;FAUX;;2008-05-20;;;;;2010-06-30;;2018-12-20;Caduque;2020-01-01;Abrogé;2020-01-01;2025-03-03
PPRT;Plan de Prévention des Risques Technologiques;PPRT_2024_0001;PPRT - dépôt de munitions de Canjuers 2015;Direction départementale des territoires et de la mer;;;;;;83;VAR;83038;Châteaudouble;20;Risque technologique;21;Risque industriel;211;Effet thermique;FAUX;;FAUX;;2013-12-19;;;;;2015-08-12;;;Opposable;2020-01-01;Approuvé;2020-01-01;2025-04-15
PPRT;Plan de Prévention des Risques Technologiques;60DREAL20140001;STORENGY;Direction régionale de l'environnement, de l'aménagement et du logement;;;;32;HAUTS-DE-FRANCE;60;OISE;60281;Gournay-sur-Aronde;20;Risque technologique;21;Risque industriel;212;Effet de surpression;FAUX;;FAUX;;2012-12-19;2014-10-06;2014-11-06;;;2014-12-30;;;Opposable;2020-01-01;Approuvé;2020-01-01;2025-03-27
PPRT;Plan de Prévention des Risques Technologiques;14DDTM20160002;PPRT Dépôts pétroliers côtiers;Direction départementale des territoires et de la mer;calvados;;;28;NORMANDIE;14;CALVADOS;14437;Mondeville;20;Risque technologique;21;Risque industriel;212;Effet de surpression;FAUX;;FAUX;;2011-01-21;2014-11-17;2014-12-17;;;2015-05-14;;;Opposable;2020-01-01;Approuvé;2020-01-01;2025-04-09
PPRT;Plan de Prévention des Risques Technologiques;13DREAL20140005;PPRT - Fos Ouest 2023;Direction régionale de l'environnement, de l'aménagement et du logement;;;;93;PROVENCE-ALPES-COTE D'AZUR;13;BOUCHES-DU-RHONE;13039;Fos-sur-Mer;20;Risque technologique;21;Risque industriel;213;Effet toxique;FAUX;;FAUX;;2012-12-03;;;;;2023-04-06;;;Opposable;2020-01-01;Approuvé;2020-01-01;2025-04-09
PPRT;Plan de Prévention des Risques Technologiques;10DDT20140206;PPRT-Dislaub;Direction départementale des territoires;;;;44;GRAND EST;10;AUBE;10067;Buchères;20;Risque technologique;21;Risque industriel;211;Effet thermique;FAUX;;FAUX;;2009-05-13;;;;;2010-12-09;;;Opposable;2020-01-01;Approuvé;2020-01-01;2025-04-09
PPRT;Plan de Prévention des Risques Technologiques;45DREAL20090002;NEXTER Munitions - MBDA;Direction régionale de l'environnement, de l'aménagement et du logement;;;;24;CENTRE-VAL DE LOIRE;18;CHER;18255;Le Subdray;20;Risque technologique;21;Risque industriel;212;Effet de surpression;FAUX;;FAUX;;2007-11-15;2010-02-08;2010-03-11;;;2010-10-11;;;Opposable;2020-01-01;Approuvé;2020-01-01;2025-04-10
PPRT;Plan de Prévention des Risques Technologiques;13DREAL20140017; PPRT - EURENCO [ Saint Martin de Crau ];Direction régionale de l'environnement, de l'aménagement et du logement;;;;93;PROVENCE-ALPES-COTE D'AZUR;13;BOUCHES-DU-RHONE;13097;Saint-Martin-de-Crau;20;Risque technologique;21;Risque industriel;211;Effet thermique;FAUX;;FAUX;;2010-12-30;2013-12-30;2014-01-31;;;2014-06-30;;;Opposable;2020-01-01;Approuvé;2020-01-01;2025-04-09
PPRT;Plan de Prévention des Risques Technologiques;38DDT20140008;TOTAL / ESSO / SPMR / SDSP;Direction départementale des territoires;;;;84;AUVERGNE-RHONE-ALPES;38;ISERE;38215;Luzinay;20;Risque technologique;21;Risque industriel;212;Effet de surpression;FAUX;;FAUX;;2012-12-12;;;;2018-01-15;;;;Caduque;2020-01-01;Déprescrit;2020-01-01;2024-04-16
PPRT;Plan de Prévention des Risques Technologiques;91DDT20130013;SFDM parc B;Direction départementale des territoires;;;;11;ILE-DE-FRANCE;91;ESSONNE;91198;D'Huison-Longueville;20;Risque technologique;21;Risque industriel;212;Effet de surpression;FAUX;;FAUX;;2013-01-28;;;;;2016-05-31;;;Opposable;2020-01-01;Approuvé;2020-01-01;2025-04-09
PPRT;Plan de Prévention des Risques Technologiques;89DREAL20140005;Primagaz;Direction régionale de l'environnement, de l'aménagement et du logement;;;;27;BOURGOGNE-FRANCHE-COMTE;89;YONNE;89439;Vergigny;20;Risque technologique;21;Risque industriel;212;Effet de surpression;FAUX;;FAUX;;2016-05-20;;;;;2017-12-29;;;Opposable;2020-01-01;Approuvé;2020-01-01;2025-03-27
PPRT;Plan de Prévention des Risques Technologiques;91DDT20130004;PPRT SME et ISOCHEM;Direction départementale des territoires;;;;11;ILE-DE-FRANCE;91;ESSONNE;91315;Itteville;20;Risque technologique;21;Risque industriel;211;Effet thermique;FAUX;;FAUX;;2010-01-19;;;;;2014-09-19;;;Opposable;2020-01-01;Approuvé;2020-01-01;2025-04-09
PPRT;Plan de Prévention des Risques Technologiques;38DDT20140002;ARKEMA AREVA-CEZUS - Jarrie;Direction départementale des territoires;;;;84;AUVERGNE-RHONE-ALPES;38;ISERE;38111;Claix;20;Risque technologique;21;Risque industriel;211;Effet thermique;FAUX;;VRAI;38DDT20140007;2010-06-14;2010-10-15;2010-11-15;;;2010-12-20;;2015-05-22;Caduque;2020-01-01;Abrogé;2020-01-01;2020-12-04
PPRT;Plan de Prévention des Risques Technologiques;30DDTM20110001;PPRT - EPC (ex NITROBICKFORD);Direction départementale des territoires et de la mer;;;;76;OCCITANIE;30;GARD;30042;Boisset-et-Gaujac;20;Risque technologique;21;Risque industriel;211;Effet thermique;FAUX;;FAUX;;2009-07-17;;;;;2012-04-18;;;Opposable;2020-01-01;Approuvé;2020-01-01;2025-04-09
PPRT;Plan de Prévention des Risques Technologiques;73PREF20160029;PPRT-Mssa;Préfecture;St Marcel;;;84;AUVERGNE-RHONE-ALPES;73;SAVOIE;73190;Notre-Dame-du-Pré;20;Risque technologique;21;Risque industriel;213;Effet toxique;FAUX;;FAUX;;2010-03-18;2013-09-17;2013-10-17;;;2014-02-06;;;Opposable;2020-01-01;Approuvé;2020-01-01;2025-04-04
;;69DDT20200003;Vallée de la chimie 2;;;;;;;;;69100;Irigny;20;Risque technologique;21;Risque industriel;212;Effet de surpression;FAUX;;FAUX;;2019-12-27;;;;2021-02-04;;;;;;;;2021-02-05
PPRT;Plan de Prévention des Risques Technologiques;51DREAL20090013;PPRT SODETAL;Direction régionale de l'environnement, de l'aménagement et du logement;REDAELLI SODETAL TRONVILLE EN BARROIS;;;44;GRAND EST;55;MEUSE;55372;Nançois-sur-Ornain;20;Risque technologique;21;Risque industriel;211;Effet thermique;FAUX;;FAUX;;2008-05-20;;;;;2010-06-30;;2018-12-20;Caduque;2020-01-01;Abrogé;2020-01-01;2025-03-03
PPRT;Plan de Prévention des Risques Technologiques;33DREAL20130134;PPRT SME SAINT HELENE;Direction régionale de l'environnement, de l'aménagement et du logement;;;;75;NOUVELLE-AQUITAINE;33;GIRONDE;33417;Sainte-Hélène;20;Risque technologique;21;Risque industriel;212;Effet de surpression;FAUX;;FAUX;;2009-03-31;2010-10-18;;;;2010-12-21;;;Opposable;2020-01-01;Approuvé;2020-01-01;2025-04-09
PPRT;Plan de Prévention des Risques Technologiques;38DDT20140007;Rév. ARKEMA AREVA-CEZUS-Jarrie;Direction départementale des territoires;;;;84;AUVERGNE-RHONE-ALPES;38;ISERE;38545;Vif;20;Risque technologique;21;Risque industriel;213;Effet toxique;VRAI;38DDT20140002;FAUX;;2011-12-21;2014-09-08;2014-10-09;;;2015-05-22;;;Opposable;2020-01-01;Approuvé;2020-01-01;2025-11-21
PPRT;Plan de Prévention des Risques Technologiques;76DREAL20140007;Saint Aubin les Elbeuf;Direction régionale de l'environnement, de l'aménagement et du logement;;;;28;NORMANDIE;76;SEINE-MARITIME;76486;Orival;20;Risque technologique;21;Risque industriel;211;Effet thermique;FAUX;;FAUX;;2010-04-22;2013-09-16;2013-10-18;;;2013-12-02;;;Opposable;2020-01-01;Approuvé;2020-01-01;2025-04-09
PPRT;Plan de Prévention des Risques Technologiques;64DREAL20130259;PPRT LACQ MONT;Direction régionale de l'environnement, de l'aménagement et du logement;;;;75;NOUVELLE-AQUITAINE;64;PYRENEES-ATLANTIQUES;64431;Os-Marsillon;20;Risque technologique;21;Risque industriel;213;Effet toxique;FAUX;;FAUX;;2010-10-19;;;;;2014-05-06;;;Opposable;2020-01-01;Approuvé;2020-01-01;2025-06-11
PPRT;Plan de Prévention des Risques Technologiques;69DREAL20090016;73 PPRT de Chignin;Direction régionale de l'environnement, de l'aménagement et du logement;73 PPRT de Chignin;;;84;AUVERGNE-RHONE-ALPES;73;SAVOIE;73249;Saint-Jeoire-Prieuré;20;Risque technologique;21;Risque industriel;212;Effet de surpression;FAUX;;FAUX;;2008-10-10;2011-09-09;2011-10-09;;;2011-12-15;;2014-05-21;Caduque;2020-01-01;Abrogé;2020-01-01;2017-05-10
PPRT;Plan de Prévention des Risques Technologiques;33DREAL20130132;PPRT AMBES SUD;Direction régionale de l'environnement, de l'aménagement et du logement;;;;75;NOUVELLE-AQUITAINE;33;GIRONDE;33434;Saint-Louis-de-Montferrand;20;Risque technologique;21;Risque industriel;212;Effet de surpression;FAUX;;FAUX;;2010-11-10;;;;;2015-07-06;;;Opposable;2020-01-01;Approuvé;2020-01-01;2025-04-09
PPRT;Plan de Prévention des Risques Technologiques;51DREAL20090011;PPRT AIR LIQUIDE Richemont;Direction régionale de l'environnement, de l'aménagement et du logement;PPRT AIR LIQUIDE Richemont;;;44;GRAND EST;57;MOSELLE;57683;Uckange;20;Risque technologique;21;Risque industriel;211;Effet thermique;FAUX;;FAUX;;2008-05-06;2011-06-17;2011-07-17;;;2011-12-19;;;Opposable;2020-01-01;Approuvé;2020-01-01;2025-04-10
PPRT;Plan de Prévention des Risques Technologiques;81DREAL20140001;PPRT - SEPIPROD;Direction régionale de l'environnement, de l'aménagement et du logement;;;;76;OCCITANIE;81;TARN;81065;Castres;20;Risque technologique;21;Risque industriel;213;Effet toxique;FAUX;;FAUX;;2010-04-20;2013-05-15;;;;2013-09-06;;;Opposable;2020-01-01;Approuvé;2020-01-01;2025-04-09
PPRT;Plan de Prévention des Risques Technologiques;73PREF20160026;PPRT-TRIMET;Préfecture;St Jean de Maurienne;;;84;AUVERGNE-RHONE-ALPES;73;SAVOIE;73320;Villargondran;20;Risque technologique;21;Risque industriel;213;Effet toxique;FAUX;;FAUX;;2009-12-31;2012-01-04;2012-02-04;;;2012-04-11;;;Opposable;2020-01-01;Approuvé;2020-01-01;2025-04-04
PPRT;Plan de Prévention des Risques Technologiques;57DDT20140007;Plate-forme Saint-Avold Nord;Direction départementale des territoires;Plate-forme Saint-Avold Nord;;;44;GRAND EST;57;MOSELLE;57550;Porcelette;20;Risque technologique;21;Risque industriel;212;Effet de surpression;FAUX;;FAUX;;2009-03-26;2013-05-16;2013-06-17;;;2013-10-22;;;Opposable;2020-01-01;Approuvé;2020-01-01;2025-04-10
PPRT;Plan de Prévention des Risques Technologiques;83DREAL20140148;PPRT - militaire pyrotechnie [ Toulon ] 2013;Direction régionale de l'environnement, de l'aménagement et du logement;;;;93;PROVENCE-ALPES-COTE D'AZUR;83;VAR;83090;Ollioules;20;Risque technologique;21;Risque industriel;213;Effet toxique;FAUX;;FAUX;;2013-03-01;;;;;;;;Prescrit;2020-01-01;Prescrit;2020-01-01;2025-04-15
PPRT;Plan de Prévention des Risques Technologiques;45DREAL20090009;PRIMAGAZ (Saint-Cyr-en-Val);Direction régionale de l'environnement, de l'aménagement et du logement;;;;24;CENTRE-VAL DE LOIRE;45;LOIRET;45272;Saint-Cyr-en-Val;20;Risque technologique;21;Risque industriel;211;Effet thermique;FAUX;;FAUX;;2008-05-19;;;;2012-09-25;;;;Caduque;2020-01-01;Déprescrit;2020-01-01;2014-03-18
PPRT;Plan de Prévention des Risques Technologiques;73PREF20160029;PPRT-Mssa;Préfecture;St Marcel;;;84;AUVERGNE-RHONE-ALPES;73;SAVOIE;73253;Saint-Marcel;20;Risque technologique;21;Risque industriel;211;Effet thermique;FAUX;;FAUX;;2010-03-18;2013-09-17;2013-10-17;;;2014-02-06;;;Opposable;2020-01-01;Approuvé;2020-01-01;2025-04-04
PPRT;Plan de Prévention des Risques Technologiques;51DREAL20090010;PPRT HUNTSMAN;Direction régionale de l'environnement, de l'aménagement et du logement;PPRT HUNTSMAN;;;44;GRAND EST;55;MEUSE;55463;Saint-Mihiel;20;Risque technologique;21;Risque industriel;211;Effet thermique;FAUX;;FAUX;;2008-12-10;;;;;2011-03-28;;;Opposable;2020-01-01;Approuvé;2020-01-01;2025-04-10
PPRT;Plan de Prévention des Risques Technologiques;31DREAL20140004;PPRT - BASF;Direction régionale de l'environnement, de l'aménagement et du logement;BOUSSENS;;;76;OCCITANIE;31;HAUTE-GARONNE;31084;Boussens;20;Risque technologique;21;Risque industriel;212;Effet de surpression;FAUX;;FAUX;;2010-01-14;2016-06-13;2016-07-13;;;2016-10-17;;;Opposable;2020-01-01;Approuvé;2020-01-01;2025-04-09
PPRT;Plan de Prévention des Risques Technologiques;60DREAL20140010;"Kuene ; Nagel - Bresle";Direction régionale de l'environnement, de l'aménagement et du logement;;;;32;HAUTS-DE-FRANCE;60;OISE;60103;Bresles;20;Risque technologique;21;Risque industriel;212;Effet de surpression;FAUX;;FAUX;;2009-12-15;2010-09-14;2010-10-14;;;2011-01-10;;;Opposable;2020-01-01;Approuvé;2020-01-01;2025-03-27
PPRT;Plan de Prévention des Risques Technologiques;76DREAL20140006;Saint Jouin Bruneval;Direction régionale de l'environnement, de l'aménagement et du logement;;;;28;NORMANDIE;76;SEINE-MARITIME;76508;La Poterie-Cap-d'Antifer;20;Risque technologique;21;Risque industriel;212;Effet de surpression;FAUX;;FAUX;;2010-02-09;2012-02-20;2012-03-20;;;2012-07-12;;;Opposable;2020-01-01;Approuvé;2020-01-01;2025-04-09
PPRT;Plan de Prévention des Risques Technologiques;51DDT20140003;PPRT SFDM - Parc A;Direction départementale des territoires;Nuisement-sur-Coole;;;44;GRAND EST;51;MARNE;51409;Nuisement-sur-Coole;20;Risque technologique;21;Risque industriel;211;Effet thermique;FAUX;;FAUX;;2011-12-12;;;;;2014-01-14;;;Opposable;2020-01-01;Approuvé;2020-01-01;2025-04-09
PPRT;Plan de Prévention des Risques Technologiques;89DREAL20140002;Davey Bickford;Direction régionale de l'environnement, de l'aménagement et du logement;Davey Bickford (89);;;27;BOURGOGNE-FRANCHE-COMTE;89;YONNE;89200;Hauterive;20;Risque technologique;21;Risque industriel;212;Effet de surpression;FAUX;;FAUX;;2010-01-18;;;;;2012-02-17;;;Opposable;2020-01-01;Approuvé;2020-01-01;2025-03-27
PPRT;Plan de Prévention des Risques Technologiques;44DREAL20090007;PPRt ODALIS - Mésanger;Direction régionale de l'environnement, de l'aménagement et du logement;PPRT  Mésanger;;;52;PAYS DE LA LOIRE;44;LOIRE-ATLANTIQUE;44096;Mésanger;20;Risque technologique;21;Risque industriel;213;Effet toxique;FAUX;;FAUX;;2008-05-13;;;;;2009-11-04;;;Opposable;2020-01-01;Approuvé;2020-01-01;2025-04-04
PPRT;Plan de Prévention des Risques Technologiques;38DDT20140007;Rév. ARKEMA AREVA-CEZUS-Jarrie;Direction départementale des territoires;;;;84;AUVERGNE-RHONE-ALPES;38;ISERE;38528;Vaulnaveys-le-Bas;20;Risque technologique;21;Risque industriel;211;Effet thermique;VRAI;38DDT20140002;FAUX;;2011-12-21;2014-09-08;2014-10-09;;;2015-05-22;;;Opposable;2020-01-01;Approuvé;2020-01-01;2025-11-21
PPRT;Plan de Prévention des Risques Technologiques;68DREAL20140006;68 PPRT EPM;Direction régionale de l'environnement, de l'aménagement et du logement;68 PPRT EPM;;;44;GRAND EST;68;HAUT-RHIN;68154;Illzach;20;Risque technologique;21;Risque industriel;211;Effet thermique;FAUX;;FAUX;;2009-07-20;2013-11-12;2013-12-13;;;2014-04-11;;;Opposable;2020-01-01;Approuvé;2020-01-01;2018-04-06
PPRT;Plan de Prévention des Risques Technologiques;33DREAL20130132;PPRT AMBES SUD;Direction régionale de l'environnement, de l'aménagement et du logement;;;;75;NOUVELLE-AQUITAINE;33;GIRONDE;33256;Ludon-Médoc;20;Risque technologique;21;Risque industriel;213;Effet toxique;FAUX;;FAUX;;2010-11-10;;;;;2015-07-06;;;Opposable;2020-01-01;Approuvé;2020-01-01;2025-04-09
PPRT;Plan de Prévention des Risques Technologiques;67DDT20140003;67 PPRT DEPOT DE MUNITIONS DE NEUBOURG;Direction départementale des territoires;;;;44;GRAND EST;67;BAS-RHIN;67291;Mertzwiller;20;Risque technologique;21;Risque industriel;211;Effet thermique;FAUX;;FAUX;;2013-02-01;2015-08-17;2015-09-17;;;2015-12-18;;;Opposable;2020-01-01;Approuvé;2020-01-01;2025-04-09
PPRT;Plan de Prévention des Risques Technologiques;63DREAL20140001;PPRT TITANOBEL Moissat;Direction régionale de l'environnement, de l'aménagement et du logement;Moissat;;;84;AUVERGNE-RHONE-ALPES;63;PUY-DE-DOME;63168;Glaine-Montaigut;20;Risque technologique;21;Risque industriel;212;Effet de surpression;FAUX;;FAUX;;2009-10-29;2011-09-19;2009-10-19;;;2011-12-08;;;Opposable;2020-01-01;Approuvé;2020-01-01;2025-04-09
PPRT;Plan de Prévention des Risques Technologiques;59DREAL20090006;PPRT INTEROR - SYNTHEXIM;Direction régionale de l'environnement, de l'aménagement et du logement;;;;32;HAUTS-DE-FRANCE;62;PAS-DE-CALAIS;62193;Calais;20;Risque technologique;21;Risque industriel;212;Effet de surpression;FAUX;;FAUX;;2008-02-29;2012-02-27;2012-03-28;2012-10-24;;2012-08-24;;;Opposable;2020-01-01;Approuvé;2020-01-01;2025-04-04
PPRT;Plan de Prévention des Risques Technologiques;38DDT20140006;VENCOREX ISOCHEM - Pont-de-Claix;Direction départementale des territoires;;;;84;AUVERGNE-RHONE-ALPES;38;ISERE;38057;Bresson;20;Risque technologique;21;Risque industriel;212;Effet de surpression;FAUX;;FAUX;;2011-12-21;2018-03-23;2018-04-24;;;;2018-06-27;;Caduque;2020-01-01;Annulé;2020-01-01;2025-04-11
PPRT;Plan de Prévention des Risques Technologiques;38DDT20140006;VENCOREX ISOCHEM - Pont-de-Claix;Direction départementale des territoires;;;;84;AUVERGNE-RHONE-ALPES;38;ISERE;38200;Jarrie;20;Risque technologique;21;Risque industriel;211;Effet thermique;FAUX;;FAUX;;2011-12-21;2018-03-23;2018-04-24;;;;2018-06-27;;Caduque;2020-01-01;Annulé;2020-01-01;2025-04-11
PPRT;Plan de Prévention des Risques Technologiques;33DREAL20130132;PPRT AMBES SUD;Direction régionale de l'environnement, de l'aménagement et du logement;;;;75;NOUVELLE-AQUITAINE;33;GIRONDE;33262;Macau;20;Risque technologique;21;Risque industriel;211;Effet thermique;FAUX;;FAUX;;2010-11-10;;;;;2015-07-06;;;Opposable;2020-01-01;Approuvé;2020-01-01;2025-04-09
PPRT;Plan de Prévention des Risques Technologiques;59DREAL20090004;PPRT EPV - ANTARGAZ;Direction régionale de l'environnement, de l'aménagement et du logement;;;;32;HAUTS-DE-FRANCE;59;NORD;59179;Douchy-les-Mines;20;Risque technologique;21;Risque industriel;211;Effet thermique;FAUX;;FAUX;;2008-12-02;2011-05-16;2011-06-18;;;2011-08-23;;;Opposable;2020-01-01;Approuvé;2020-01-01;2025-04-10
PPRT;Plan de Prévention des Risques Technologiques;31DREAL20090007;PPRT - NEXTER Munitions;Direction régionale de l'environnement, de l'aménagement et du logement;PPRT NEXTER Munitions;;;76;OCCITANIE;65;HAUTES-PYRENEES;65108;Bours;20;Risque technologique;21;Risque industriel;212;Effet de surpression;FAUX;;FAUX;;2008-08-12;2012-02-08;2012-03-16;2012-10-23;;2012-07-10;;;Opposable;2020-01-01;Approuvé;2020-01-01;2025-04-17
PPRT;Plan de Prévention des Risques Technologiques;18DREAL20140001;NEXTER Munitions (Bourges);Direction régionale de l'environnement, de l'aménagement et du logement;;;;24;CENTRE-VAL DE LOIRE;18;CHER;18033;Bourges;20;Risque technologique;21;Risque industriel;211;Effet thermique;FAUX;;FAUX;;2009-10-30;2012-10-01;2012-11-02;;;2012-12-21;;;Opposable;2020-01-01;Approuvé;2020-01-01;2025-04-02
PPRT;Plan de Prévention des Risques Technologiques;63DREAL20140002;PPRT SANOFI Vertolaye;Direction régionale de l'environnement, de l'aménagement et du logement;Vertolaye;;;84;AUVERGNE-RHONE-ALPES;63;PUY-DE-DOME;63207;Marat;20;Risque technologique;21;Risque industriel;212;Effet de surpression;FAUX;;FAUX;;2010-06-14;2014-01-13;;;;2014-04-04;;;Opposable;2020-01-01;Approuvé;2020-01-01;2025-04-09
PPRT;Plan de Prévention des Risques Technologiques;54DDT20150011;PPRT SAINT BAUSSANT;Direction départementale des territoires;Industriel;;;44;GRAND EST;54;MEURTHE-ET-MOSELLE;55270;Lahayville;20;Risque technologique;21;Risque industriel;211;Effet thermique;FAUX;;FAUX;;2015-05-11;;;;;2016-10-06;;;Opposable;2020-01-01;Approuvé;2020-01-01;2025-04-10
PPRT;Plan de Prévention des Risques Technologiques;40DREAL20140001;PPRT DE BISCARROSSE;Direction régionale de l'environnement, de l'aménagement et du logement;;;;75;NOUVELLE-AQUITAINE;40;LANDES;40108;Gastes;20;Risque technologique;21;Risque industriel;212;Effet de surpression;FAUX;;FAUX;;2012-05-29;;;;;2013-10-08;;;Opposable;2020-01-01;Approuvé;2020-01-01;2025-04-09
PPRT;Plan de Prévention des Risques Technologiques;51DREAL20090003;PPRT de la CAL ECROUVES;Direction régionale de l'environnement, de l'aménagement et du logement;PPRT de la CAL ECROUVES;;;44;GRAND EST;54;MEURTHE-ET-MOSELLE;54128;Choloy-Ménillot;20;Risque technologique;21;Risque industriel;212;Effet de surpression;FAUX;;FAUX;;2009-01-13;;;;;2010-08-24;;2023-10-16;Caduque;2020-01-01;Abrogé;2020-01-01;2025-09-10
PPRT;Plan de Prévention des Risques Technologiques;17DDTM20140002;PPRT GRATECAP;Direction départementale des territoires et de la mer;PPRT Gratecap;;;75;NOUVELLE-AQUITAINE;17;CHARENTE-MARITIME;17300;La Rochelle;20;Risque technologique;21;Risque industriel;212;Effet de surpression;FAUX;;FAUX;;2009-04-15;2010-11-22;2010-12-24;2011-11-17;;2011-03-29;;;Opposable;2020-01-01;Approuvé;2020-01-01;2025-04-09
PPRT;Plan de Prévention des Risques Technologiques;62DREAL20140005; PPRT ARCELOR MITTAL STAINLESS ;Direction régionale de l'environnement, de l'aménagement et du logement;;;;32;HAUTS-DE-FRANCE;62;PAS-DE-CALAIS;62473;Isbergues;20;Risque technologique;21;Risque industriel;211;Effet thermique;FAUX;;FAUX;;2010-03-10;2014-04-22;2014-05-23;;;2014-09-08;;;Opposable;2020-01-01;Approuvé;2020-01-01;2025-04-04
PPRT;Plan de Prévention des Risques Technologiques;2ADREAL20140001;PPRT ANTARGAZ;Direction régionale de l'environnement, de l'aménagement et du logement;AJACCIO;;;94;CORSE;2A;CORSE-DU-SUD;2A004;Ajaccio;20;Risque technologique;21;Risque industriel;211;Effet thermique;FAUX;;FAUX;;2011-12-28;;;;;2023-10-24;;;Opposable;2020-01-01;Approuvé;2020-01-01;2025-04-09
PPRT;Plan de Prévention des Risques Technologiques;75DRIEE_IF20090005;PPRT KUEHNE et NAGEL;Direction Régionale et Interdépartementale de l'Environnement et de l'Énergie d'Ile-de-France;PPRT KUEHNE et NAGEL;;;11;ILE-DE-FRANCE;77;SEINE-ET-MARNE;77067;Cesson;20;Risque technologique;21;Risque industriel;213;Effet toxique;FAUX;;FAUX;;2009-04-09;2011-06-01;2011-07-02;;;2011-11-10;;;Opposable;2020-01-01;Approuvé;2020-01-01;2025-04-09
PPRT;Plan de Prévention des Risques Technologiques;31DREAL20090012;PPRT FINAGAZ (Fenouillet);Direction régionale de l'environnement, de l'aménagement et du logement;FENOUILLET;;;76;OCCITANIE;31;HAUTE-GARONNE;31182;Fenouillet;20;Risque technologique;21;Risque industriel;212;Effet de surpression;FAUX;;FAUX;;2008-03-10;2017-01-31;2017-03-03;;;2017-06-26;;2018-10-19;Caduque;2020-01-01;Abrogé;2020-01-01;2020-01-15
PPRT;Plan de Prévention des Risques Technologiques;83DREAL20140148;PPRT - militaire pyrotechnie [ Toulon ] 2013;Direction régionale de l'environnement, de l'aménagement et du logement;;;;93;PROVENCE-ALPES-COTE D'AZUR;83;VAR;83090;Ollioules;20;Risque technologique;21;Risque industriel;212;Effet de surpression;FAUX;;FAUX;;2013-03-01;;;;;;;;Prescrit;2020-01-01;Prescrit;2020-01-01;2025-04-15
PPRT;Plan de Prévention des Risques Technologiques;31DREAL20090002; PPRT - ARKEMA;Direction régionale de l'environnement, de l'aménagement et du logement;PPRT ARKEMA;;;76;OCCITANIE;65;HAUTES-PYRENEES;65069;La Barthe-de-Neste;20;Risque technologique;21;Risque industriel;213;Effet toxique;FAUX;;FAUX;;2006-08-04;2008-06-16;2008-07-15;;;2008-10-29;;;Opposable;2020-01-01;Approuvé;2020-01-01;2025-04-09
PPRT;Plan de Prévention des Risques Technologiques;67DREAL20090006;68 PPRT TYM Hombourg;Direction régionale de l'environnement, de l'aménagement et du logement;68 PPRT TYM Hombourg;;;44;GRAND EST;68;HAUT-RHIN;68144;Hombourg;20;Risque technologique;21;Risque industriel;213;Effet toxique;FAUX;;FAUX;;2009-01-28;2010-04-12;2010-05-17;;;2010-09-16;;;Opposable;2020-01-01;Approuvé;2020-01-01;2025-04-09
PPRT;Plan de Prévention des Risques Technologiques;44DDTM20110005;PPRT TOTAL -ANTARGAZ - Donges;Direction départementale des territoires et de la mer;PPRT Donges;;;52;PAYS DE LA LOIRE;44;LOIRE-ATLANTIQUE;44103;Montoir-de-Bretagne;20;Risque technologique;21;Risque industriel;212;Effet de surpression;FAUX;;FAUX;;2010-01-12;;;;;2014-02-21;;;Opposable;2020-01-01;Approuvé;2020-01-01;2025-04-04
PPRT;Plan de Prévention des Risques Technologiques;62DREAL20140005; PPRT ARCELOR MITTAL STAINLESS ;Direction régionale de l'environnement, de l'aménagement et du logement;;;;32;HAUTS-DE-FRANCE;62;PAS-DE-CALAIS;62473;Isbergues;20;Risque technologique;21;Risque industriel;212;Effet de surpression;FAUX;;FAUX;;2010-03-10;2014-04-22;2014-05-23;;;2014-09-08;;;Opposable;2020-01-01;Approuvé;2020-01-01;2025-04-04
PPRT;Plan de Prévention des Risques Technologiques;02DDT20100002;CLOE;Direction départementale des territoires;;;;32;HAUTS-DE-FRANCE;02;AISNE;02756;Urvillers;20;Risque technologique;21;Risque industriel;211;Effet thermique;FAUX;;FAUX;;2008-07-18;;;;;2009-12-02;;;Opposable;2020-01-01;Approuvé;2020-01-01;2025-04-09
PPRT;Plan de Prévention des Risques Technologiques;89DREAL20140004;Titanobel;Direction régionale de l'environnement, de l'aménagement et du logement;T itanobel (89) ;;;27;BOURGOGNE-FRANCHE-COMTE;89;YONNE;89189;Gisy-les-Nobles;20;Risque technologique;21;Risque industriel;212;Effet de surpression;FAUX;;FAUX;;2010-07-09;;;;;2012-06-20;;;Opposable;2020-01-01;Approuvé;2020-01-01;2025-03-27
PPRT;Plan de Prévention des Risques Technologiques;37DREAL20140004;EPC (Cigogné);Direction régionale de l'environnement, de l'aménagement et du logement;;;;24;CENTRE-VAL DE LOIRE;37;INDRE-ET-LOIRE;37253;Sublaines;20;Risque technologique;21;Risque industriel;212;Effet de surpression;FAUX;;FAUX;;2009-10-12;2012-06-18;2012-07-18;;;2012-11-12;;;Opposable;2020-01-01;Approuvé;2020-01-01;2025-04-16
PPRT;Plan de Prévention des Risques Technologiques;44DDTM20110006;PPRT Montoir YARA-ELENGY-IDEA;Direction départementale des territoires et de la mer;PPRT de Montoir-de-Bretange;;;52;PAYS DE LA LOIRE;44;LOIRE-ATLANTIQUE;44052;Donges;20;Risque technologique;21;Risque industriel;211;Effet thermique;FAUX;;FAUX;;2010-12-30;;;;;2015-09-30;;;Opposable;2020-01-01;Approuvé;2020-01-01;2025-04-04
PPRT;Plan de Prévention des Risques Technologiques;37DREAL20140001;ARCHWATER (amboise);Direction régionale de l'environnement, de l'aménagement et du logement;;;;24;CENTRE-VAL DE LOIRE;37;INDRE-ET-LOIRE;37003;Amboise;20;Risque technologique;21;Risque industriel;213;Effet toxique;FAUX;;FAUX;;2009-07-30;2013-01-21;2013-02-22;;;2013-06-12;;2021-12-01;Caduque;2020-01-01;Abrogé;2020-01-01;2022-06-21
PPRT;Plan de Prévention des Risques Technologiques;22DDTM20080004;PPR DISTRIVERT;Direction départementale des territoires et de la mer;;;;53;BRETAGNE;22;COTES-D'ARMOR;22061;Glomel;20;Risque technologique;21;Risque industriel;213;Effet toxique;FAUX;;FAUX;;2008-02-01;;;;;2010-01-21;;;Opposable;2020-01-01;Approuvé;2020-01-01;2025-02-19
PPRT;Plan de Prévention des Risques Technologiques;31DREAL20090010;PPRT TOTAL (Escalquens);Direction régionale de l'environnement, de l'aménagement et du logement;ESCALQUENS;;;76;OCCITANIE;31;HAUTE-GARONNE;31169;Escalquens;20;Risque technologique;21;Risque industriel;212;Effet de surpression;FAUX;;FAUX;;2009-04-09;2010-04-06;2010-05-07;;;2010-11-26;;2015-03-24;Caduque;2020-01-01;Abrogé;2020-01-01;2020-01-15
PPRT;Plan de Prévention des Risques Technologiques;30DDTM20110001;PPRT - EPC (ex NITROBICKFORD);Direction départementale des territoires et de la mer;;;;76;OCCITANIE;30;GARD;30243;Saint-Christol-lez-Alès;20;Risque technologique;21;Risque industriel;212;Effet de surpression;FAUX;;FAUX;;2009-07-17;;;;;2012-04-18;;;Opposable;2020-01-01;Approuvé;2020-01-01;2025-04-09
PPRT;Plan de Prévention des Risques Technologiques;38DDT20140007;Rév. ARKEMA AREVA-CEZUS-Jarrie;Direction départementale des territoires;;;;84;AUVERGNE-RHONE-ALPES;38;ISERE;38059;Brié-et-Angonnes;20;Risque technologique;21;Risque industriel;213;Effet toxique;VRAI;38DDT20140002;FAUX;;2011-12-21;2014-09-08;2014-10-09;;;2015-05-22;;;Opposable;2020-01-01;Approuvé;2020-01-01;2025-11-21
PPRT;Plan de Prévention des Risques Technologiques;59DREAL20090004;PPRT EPV - ANTARGAZ;Direction régionale de l'environnement, de l'aménagement et du logement;;;;32;HAUTS-DE-FRANCE;59;NORD;59589;Thiant;20;Risque technologique;21;Risque industriel;211;Effet thermique;FAUX;;FAUX;;2008-12-02;2011-05-16;2011-06-18;;;2011-08-23;;;Opposable;2020-01-01;Approuvé;2020-01-01;2025-04-10
PPRT;Plan de Prévention des Risques Technologiques;PPRT_2025_0004;PPRT - BUTAGAZ - HEBERGEMENT;Direction régionale de l'environnement, de l'aménagement et du logement;Loire-Bretagne;;;;;85;VENDEE;85108;L'Herbergement;20;Risque technologique;21;Risque industriel;214;Effet de projection;FAUX;;FAUX;;2010-08-04;;;;2018-10-04;;;;Caduque;2020-01-01;Déprescrit;2020-01-01;2025-02-14
PPRT;Plan de Prévention des Risques Technologiques;PPRT_2022_0003;PPRT - Etablissement DGATT Bourges;Direction départementale des territoires;;;;;;18;CHER;18072;Cornusse;20;Risque technologique;21;Risque industriel;213;Effet toxique;FAUX;;FAUX;;2020-11-06;;;;;2023-08-03;;;Opposable;2020-01-01;Approuvé;2020-01-01;2025-04-02
PPRT;Plan de Prévention des Risques Technologiques;13DREAL20110046;PPRT - Eurenco [ Sorgues ] 2013 ;Direction départementale des territoires;;;;93;PROVENCE-ALPES-COTE D'AZUR;84;VAUCLUSE;84129;Sorgues;20;Risque technologique;21;Risque industriel;212;Effet de surpression;FAUX;;FAUX;;2009-07-06;2013-06-10;2013-07-10;;;2013-12-13;;;Opposable;2020-01-01;Approuvé;2020-01-01;2025-04-09
PPRT;Plan de Prévention des Risques Technologiques;18DDT20140002;PPRT du site militaire d'Avord;Direction départementale des territoires;;;;24;CENTRE-VAL DE LOIRE;18;CHER;18166;Nohant-en-Goût;20;Risque technologique;21;Risque industriel;214;Effet de projection;FAUX;;FAUX;;2012-12-21;2014-11-03;2014-12-02;;;2015-03-09;;;Opposable;2020-01-01;Approuvé;2020-01-01;2025-04-02
PPRT;Plan de Prévention des Risques Technologiques;76DDTM20150005;ZIP Le Havre;Direction départementale des territoires et de la mer;;;;28;NORMANDIE;76;SEINE-MARITIME;76660;Sandouville;20;Risque technologique;21;Risque industriel;212;Effet de surpression;FAUX;;FAUX;;2010-02-17;2016-05-26;2016-07-12;;;2016-10-17;;;Opposable;2020-01-01;Approuvé;2020-01-01;2019-09-09
PPRT;Plan de Prévention des Risques Technologiques;62DREAL20140008;PPRT PRIMAGAZ;Direction régionale de l'environnement, de l'aménagement et du logement;;;;32;HAUTS-DE-FRANCE;62;PAS-DE-CALAIS;62263;Dainville;20;Risque technologique;21;Risque industriel;212;Effet de surpression;FAUX;;FAUX;;2009-09-15;2016-11-30;2016-12-30;;;2017-09-25;;;Opposable;2020-01-01;Approuvé;2020-01-01;2025-04-04
PPRT;Plan de Prévention des Risques Technologiques;35DREAL20090013;PPRT GUERBET;Direction régionale de l'environnement, de l'aménagement et du logement;Imagerie médicale;;;53;BRETAGNE;56;MORBIHAN;56098;Lanester;20;Risque technologique;21;Risque industriel;211;Effet thermique;FAUX;;FAUX;;2009-03-04;2012-09-17;2012-10-19;;;2012-12-21;;;Opposable;2020-01-01;Approuvé;2020-01-01;2025-04-10
PPRT;Plan de Prévention des Risques Technologiques;03DREAL20140001;PPRT - ALL'CHEM - Montluçon;Direction régionale de l'environnement, de l'aménagement et du logement;Montluçon;;;84;AUVERGNE-RHONE-ALPES;03;ALLIER;03185;Montluçon;20;Risque technologique;21;Risque industriel;211;Effet thermique;FAUX;;FAUX;;2010-03-09;2013-05-27;2013-06-27;;;2014-01-10;;;Opposable;2020-01-01;Approuvé;2020-01-01;2025-04-09
PPRT;Plan de Prévention des Risques Technologiques;71DREAL20140004;Raffinerie du Midi;Direction régionale de l'environnement, de l'aménagement et du logement;Raffinerie du Midi (71);;;27;BOURGOGNE-FRANCHE-COMTE;71;SAONE-ET-LOIRE;71154;Crissey;20;Risque technologique;21;Risque industriel;211;Effet thermique;FAUX;;FAUX;;2010-06-10;;;;;;2012-06-05;;Caduque;2020-01-01;Annulé;2020-01-01;2020-07-29
PPRT;Plan de Prévention des Risques Technologiques;64DDTM20170001;PPRt - SEDZERE;Direction départementale des territoires et de la mer;;;;75;NOUVELLE-AQUITAINE;64;PYRENEES-ATLANTIQUES;64438;Ouillon;20;Risque technologique;21;Risque industriel;213;Effet toxique;FAUX;;FAUX;;2017-01-20;;;;;2018-12-21;;;Opposable;2020-01-01;Approuvé;2020-01-01;2025-06-11
PPRT;Plan de Prévention des Risques Technologiques;59DDTM20130005;PPRT NYRSTAR AUBY;Direction départementale des territoires et de la mer;;;;32;HAUTS-DE-FRANCE;59;NORD;59234;Flers-en-Escrebieux;20;Risque technologique;21;Risque industriel;213;Effet toxique;FAUX;;FAUX;;2010-01-06;2012-02-06;2012-03-07;;;2012-05-03;;;Opposable;2020-01-01;Approuvé;2020-01-01;2025-04-10
PPRT;Plan de Prévention des Risques Technologiques;51DDT20140005;PPRT SNOI - Dampierre-au-Temple;Direction départementale des territoires;Dampierre-au-Templs;;;44;GRAND EST;51;MARNE;51205;Dampierre-au-Temple;20;Risque technologique;21;Risque industriel;211;Effet thermique;FAUX;;FAUX;;2012-01-31;;;;;2014-12-11;;;Opposable;2020-01-01;Approuvé;2020-01-01;2025-04-09
PPRT;Plan de Prévention des Risques Technologiques;50DDTM20110001;Société OMG Ultra Pure Chemicals;Direction départementale des territoires et de la mer;;;;28;NORMANDIE;50;MANCHE;50468;Saint-Fromond;20;Risque technologique;21;Risque industriel;212;Effet de surpression;FAUX;;FAUX;;2011-09-26;;;;;2014-04-01;;;Opposable;2020-01-01;Approuvé;2020-01-01;2025-04-08
PPRT;Plan de Prévention des Risques Technologiques;41DREAL20140003;NEXTER Munitions (Ferté-Imbault);Direction régionale de l'environnement, de l'aménagement et du logement;;;;24;CENTRE-VAL DE LOIRE;41;LOIR-ET-CHER;41084;La Ferté-Imbault;20;Risque technologique;21;Risque industriel;212;Effet de surpression;FAUX;;FAUX;;2009-11-19;2013-01-07;2013-02-08;;;2013-05-16;;;Opposable;2020-01-01;Approuvé;2020-01-01;2025-04-09
PPRT;Plan de Prévention des Risques Technologiques;76DREAL20150001;Saint-Pierre-lès-Elbeuf;Direction régionale de l'environnement, de l'aménagement et du logement;;;;28;NORMANDIE;76;SEINE-MARITIME;27529;Saint-Cyr-la-Campagne;20;Risque technologique;21;Risque industriel;213;Effet toxique;FAUX;;FAUX;;2010-05-06;2014-02-24;2014-03-26;;;2014-06-03;;;Opposable;2020-01-01;Approuvé;2020-01-01;2025-04-09
PPRT;Plan de Prévention des Risques Technologiques;13DREAL20140003;PPRT - Berre l'Étang 2019;Direction régionale de l'environnement, de l'aménagement et du logement;;;;93;PROVENCE-ALPES-COTE D'AZUR;13;BOUCHES-DU-RHONE;13081;Rognac;20;Risque technologique;21;Risque industriel;213;Effet toxique;FAUX;;FAUX;;2013-08-01;2018-11-19;2018-12-20;;;2019-06-12;;;Opposable;2020-01-01;Approuvé;2020-01-01;2025-04-09
PPRT;Plan de Prévention des Risques Technologiques;27DDTM20150001;NUFARM;Direction départementale des territoires et de la mer;;;;28;NORMANDIE;27;EURE;27473;Port-Mort;20;Risque technologique;21;Risque industriel;213;Effet toxique;FAUX;;FAUX;;2009-12-29;2012-06-11;2012-07-12;2013-04-08;;2012-12-12;;;Opposable;2020-01-01;Approuvé;2020-01-01;2025-04-10
PPRT;Plan de Prévention des Risques Technologiques;91DDT20130012;SEA parc C;Direction départementale des territoires;;;;11;ILE-DE-FRANCE;91;ESSONNE;91473;Orveau;20;Risque technologique;21;Risque industriel;211;Effet thermique;FAUX;;FAUX;;2013-01-28;;;;;2015-07-03;;;Opposable;2020-01-01;Approuvé;2020-01-01;2025-04-09
PPRT;Plan de Prévention des Risques Technologiques;57DDT20140007;Plate-forme Saint-Avold Nord;Direction départementale des territoires;Plate-forme Saint-Avold Nord;;;44;GRAND EST;57;MOSELLE;57606;Saint-Avold;20;Risque technologique;21;Risque industriel;211;Effet thermique;FAUX;;FAUX;;2009-03-26;2013-05-16;2013-06-17;;;2013-10-22;;;Opposable;2020-01-01;Approuvé;2020-01-01;2025-04-10
PPRT;Plan de Prévention des Risques Technologiques;77DDT20130005;PPRT STORENGY;Direction départementale des territoires;PPRT STORENGY;;;11;ILE-DE-FRANCE;77;SEINE-ET-MARNE;77204;Germigny-sous-Coulombs;20;Risque technologique;21;Risque industriel;211;Effet thermique;FAUX;;FAUX;;2010-10-13;;;;;2013-04-12;;;Opposable;2020-01-01;Approuvé;2020-01-01;2025-04-09
PPRT;Plan de Prévention des Risques Technologiques;11DDTM20120027;PPRT - Orano;Direction régionale de l'environnement, de l'aménagement et du logement;Usine Orano Malvesi;;;76;OCCITANIE;11;AUDE;11258;Moussan;20;Risque technologique;21;Risque industriel;212;Effet de surpression;FAUX;;FAUX;;2009-04-17;2012-06-18;2012-07-20;;;2013-01-23;;;Opposable;2020-01-01;Approuvé;2020-01-01;2025-04-09
PPRT;Plan de Prévention des Risques Technologiques;31DREAL20090004;PPRT - GACHES CHIMIE;Direction régionale de l'environnement, de l'aménagement et du logement;ESCALQUENS;;;76;OCCITANIE;31;HAUTE-GARONNE;31169;Escalquens;20;Risque technologique;21;Risque industriel;212;Effet de surpression;FAUX;;FAUX;;2008-03-10;2010-04-06;2010-05-07;;;2010-10-29;;;Opposable;2020-01-01;Approuvé;2020-01-01;2025-04-09
;;PPRT_2025_0001;PPRT - SNF - Andrézieux-Bouthéon;;;;;;;;;42206;Saint-Bonnet-les-Oules;20;Risque technologique;21;Risque industriel;211;Effet thermique;FAUX;;FAUX;;2010-06-30;;;;;2012-12-20;;;;;;;2025-02-03
PPRT;Plan de Prévention des Risques Technologiques;973DEAL20150004;PPRT Centre spatial guyanais;Direction de l'environnement, de l'aménagement et du logement;;;;03;GUYANE;973;GUYANE;97312;Sinnamary;20;Risque technologique;21;Risque industriel;211;Effet thermique;FAUX;;FAUX;;2010-06-28;2013-07-15;2013-08-14;;;2013-11-18;;;Opposable;2020-01-01;Approuvé;2020-01-01;2025-06-18
PPRT;Plan de Prévention des Risques Technologiques;61DDT20130001;PPR-T - des Rives d'Andaine;Direction départementale des territoires;;;;28;NORMANDIE;61;ORNE;61482;Tessé-Froulay;20;Risque technologique;21;Risque industriel;212;Effet de surpression;FAUX;;FAUX;;2010-12-17;2012-10-08;2012-11-09;;;2013-02-05;;;Opposable;2020-01-01;Approuvé;2020-01-01;2025-04-10
PPRT;Plan de Prévention des Risques Technologiques;26DDT20100007;PPRT - CDH;Direction départementale des territoires;;;;84;AUVERGNE-RHONE-ALPES;26;DROME;26362;Valence;20;Risque technologique;21;Risque industriel;212;Effet de surpression;FAUX;;FAUX;;2010-01-15;;;;2016-01-12;;;;Caduque;2020-01-01;Déprescrit;2020-01-01;2025-03-27
PPRT;Plan de Prévention des Risques Technologiques;86DDT20130012;PPRT JOUFFRAY DRILLAUD;Direction départementale des territoires;;;;75;NOUVELLE-AQUITAINE;86;VIENNE;86076;Cissé;20;Risque technologique;21;Risque industriel;212;Effet de surpression;FAUX;;FAUX;;2009-07-02;2011-11-07;2011-12-20;;;2012-01-20;;;Opposable;2020-01-01;Approuvé;2020-01-01;2025-04-10
PPRT;Plan de Prévention des Risques Technologiques;31DREAL20140004;PPRT - BASF;Direction régionale de l'environnement, de l'aménagement et du logement;BOUSSENS;;;76;OCCITANIE;31;HAUTE-GARONNE;31457;Roquefort-sur-Garonne;20;Risque technologique;21;Risque industriel;212;Effet de surpression;FAUX;;FAUX;;2010-01-14;2016-06-13;2016-07-13;;;2016-10-17;;;Opposable;2020-01-01;Approuvé;2020-01-01;2025-04-09
PPRT;Plan de Prévention des Risques Technologiques;51DREAL20090009;PPRT SPLRL Hauconcourt;Direction régionale de l'environnement, de l'aménagement et du logement;PPRT SPLRL Hauconcourt;;;44;GRAND EST;57;MOSELLE;57303;Hauconcourt;20;Risque technologique;21;Risque industriel;211;Effet thermique;FAUX;;FAUX;;2008-07-31;2011-08-29;2011-09-30;;;2011-12-01;;;Opposable;2020-01-01;Approuvé;2020-01-01;2025-04-10
PPRT;Plan de Prévention des Risques Technologiques;43PREF20100003;PPRT RECTICEL Mazeyrat d'Allier;Préfecture;;;;84;AUVERGNE-RHONE-ALPES;43;HAUTE-LOIRE;43132;Mazeyrat-d'Allier;20;Risque technologique;21;Risque industriel;213;Effet toxique;FAUX;;FAUX;;2009-12-28;2011-10-10;2011-11-10;;;2011-12-20;;;Opposable;2020-01-01;Approuvé;2020-01-01;2025-04-09
PPRT;Plan de Prévention des Risques Technologiques;01DREAL20170004;01 PPRT de Viriat;Direction régionale de l'environnement, de l'aménagement et du logement;Viriat;;;84;AUVERGNE-RHONE-ALPES;01;AIN;01451;Viriat;20;Risque technologique;21;Risque industriel;212;Effet de surpression;FAUX;;FAUX;;2011-06-30;2013-12-16;2014-01-16;;;2014-05-20;;;Opposable;2020-01-01;Approuvé;2020-01-01;2020-02-14
PPRT;Plan de Prévention des Risques Technologiques;59DREAL20090004;PPRT EPV - ANTARGAZ;Direction régionale de l'environnement, de l'aménagement et du logement;;;;32;HAUTS-DE-FRANCE;59;NORD;59179;Douchy-les-Mines;20;Risque technologique;21;Risque industriel;212;Effet de surpression;FAUX;;FAUX;;2008-12-02;2011-05-16;2011-06-18;2012-04-18;;2011-08-23;;;Opposable;2020-01-01;Approuvé;2020-01-01;2025-04-10
PPRT;Plan de Prévention des Risques Technologiques;45DREAL20090004;YARA (Aunay-sous-Crécy);Direction régionale de l'environnement, de l'aménagement et du logement;;;;24;CENTRE-VAL DE LOIRE;28;EURE-ET-LOIR;28117;Crécy-Couvé;20;Risque technologique;21;Risque industriel;212;Effet de surpression;FAUX;;FAUX;;2007-10-03;2010-03-12;2010-04-12;;;2010-08-06;2012-11-19;;Caduque;2020-01-01;Annulé;2020-01-01;2014-03-10
PPRT;Plan de Prévention des Risques Technologiques;38DDT20140006;VENCOREX ISOCHEM - Pont-de-Claix;Direction départementale des territoires;;;;84;AUVERGNE-RHONE-ALPES;38;ISERE;38200;Jarrie;20;Risque technologique;21;Risque industriel;213;Effet toxique;FAUX;;FAUX;;2011-12-21;2018-03-23;2018-04-24;;;;2018-06-27;;Caduque;2020-01-01;Annulé;2020-01-01;2025-04-11
PPRT;Plan de Prévention des Risques Technologiques;38DDT20140009;ADISSEO TOURMALINE-St-Clair-Rhôn;Direction départementale des territoires;38 et 69;;;84;AUVERGNE-RHONE-ALPES;38;ISERE;38340;Les Roches-de-Condrieu;20;Risque technologique;21;Risque industriel;213;Effet toxique;FAUX;;FAUX;;2012-02-09;2018-04-24;2018-05-24;;;2018-07-18;;;Opposable;2020-01-01;Approuvé;2020-01-01;2025-04-10
PPRT;Plan de Prévention des Risques Technologiques;33DREAL20130132;PPRT AMBES SUD;Direction régionale de l'environnement, de l'aménagement et du logement;;;;75;NOUVELLE-AQUITAINE;33;GIRONDE;33434;Saint-Louis-de-Montferrand;20;Risque technologique;21;Risque industriel;211;Effet thermique;FAUX;;FAUX;;2010-11-10;;;;;2015-07-06;;;Opposable;2020-01-01;Approuvé;2020-01-01;2025-04-09
PPRT;Plan de Prévention des Risques Technologiques;47DREAL20130326;PPRT ARCHIMICA Tonneins;Direction régionale de l'environnement, de l'aménagement et du logement;;;;75;NOUVELLE-AQUITAINE;47;LOT-ET-GARONNE;47095;Fauillet;20;Risque technologique;21;Risque industriel;213;Effet toxique;FAUX;;FAUX;;2007-12-21;2009-05-11;2009-06-11;2009-11-26;;2009-06-26;;;Opposable;2020-01-01;Approuvé;2020-01-01;2025-04-09
PPRT;Plan de Prévention des Risques Technologiques;82DDT20110001;PPRT - BUTAGAZ;Direction départementale des territoires;Commune de Castelsarrasin;;;76;OCCITANIE;82;TARN-ET-GARONNE;82033;Castelsarrasin;20;Risque technologique;21;Risque industriel;211;Effet thermique;FAUX;;FAUX;;2009-07-08;2011-04-27;2011-05-27;2012-04-30;;2011-11-28;;;Opposable;2020-01-01;Approuvé;2020-01-01;2025-04-09
PPRT;Plan de Prévention des Risques Technologiques;37DREAL20140005;PRIMAGAZ, CCMP, GPSPC;Direction régionale de l'environnement, de l'aménagement et du logement;Saint-Pierre-des-Corps;;;24;CENTRE-VAL DE LOIRE;37;INDRE-ET-LOIRE;37233;Saint-Pierre-des-Corps;20;Risque technologique;21;Risque industriel;211;Effet thermique;FAUX;;FAUX;;2009-10-27;2017-06-19;2017-07-28;;;2017-10-20;;;Opposable;2020-01-01;Approuvé;2020-01-01;2025-04-16
PPRT;Plan de Prévention des Risques Technologiques;33DREAL20090003;BASSENS AMBARES;Direction régionale de l'environnement, de l'aménagement et du logement;BASSENS AMBARES;;;75;NOUVELLE-AQUITAINE;33;GIRONDE;33003;Ambarès-et-Lagrave;20;Risque technologique;21;Risque industriel;211;Effet thermique;FAUX;;FAUX;;2008-12-22;;;;;2010-12-21;;;Opposable;2020-01-01;Approuvé;2020-01-01;2025-04-09
PPRT;Plan de Prévention des Risques Technologiques;31DREAL20140003;PPRT - ANTARGAZ;Direction régionale de l'environnement, de l'aménagement et du logement;BOUSSENS;;;76;OCCITANIE;31;HAUTE-GARONNE;31457;Roquefort-sur-Garonne;20;Risque technologique;21;Risque industriel;211;Effet thermique;FAUX;;FAUX;;2009-12-09;2014-12-17;2015-01-26;;;2015-05-22;;;Opposable;2020-01-01;Approuvé;2020-01-01;2025-04-09
PPRT;Plan de Prévention des Risques Technologiques;PPRT_2022_0003;PPRT - Etablissement DGATT Bourges;Direction départementale des territoires;;;;;;18;CHER;18072;Cornusse;20;Risque technologique;21;Risque industriel;211;Effet thermique;FAUX;;FAUX;;2020-11-06;;;;;2023-08-03;;;Opposable;2020-01-01;Approuvé;2020-01-01;2025-04-02
PPRT;Plan de Prévention des Risques Technologiques;69DDT20200002;Vallée de la chimie;Direction départementale des territoires;;;;84;AUVERGNE-RHONE-ALPES;69;RHONE;69100;Irigny;20;Risque technologique;21;Risque industriel;212;Effet de surpression;FAUX;;FAUX;;2015-04-21;;;;;2016-10-19;;;Opposable;2020-01-01;Approuvé;2020-01-01;2025-04-10
PPRT;Plan de Prévention des Risques Technologiques;76DREAL20090003;PPRT EADS REVIMA Caudebec en Ca;Direction régionale de l'environnement, de l'aménagement et du logement;PPRT EADS REVIMA Caudebec en Caux;;;28;NORMANDIE;76;SEINE-MARITIME;76164;Rives-en-Seine;20;Risque technologique;21;Risque industriel;211;Effet thermique;FAUX;;FAUX;;2008-05-09;2011-01-24;2011-02-25;;;2011-07-04;;;Opposable;2020-01-01;Approuvé;2020-01-01;2025-04-09
PPRT;Plan de Prévention des Risques Technologiques;45DREAL20140003;TEREOS (Artenay);Direction régionale de l'environnement, de l'aménagement et du logement;;;;24;CENTRE-VAL DE LOIRE;45;LOIRET;45008;Artenay;20;Risque technologique;21;Risque industriel;212;Effet de surpression;FAUX;;FAUX;;2009-10-12;2013-09-30;2013-10-30;;;2013-12-17;;;Opposable;2020-01-01;Approuvé;2020-01-01;2025-04-03
PPRT;Plan de Prévention des Risques Technologiques;38DDT20140009;ADISSEO TOURMALINE-St-Clair-Rhôn;Direction départementale des territoires;38 et 69;;;84;AUVERGNE-RHONE-ALPES;38;ISERE;42265;Saint-Michel-sur-Rhône;20;Risque technologique;21;Risque industriel;211;Effet thermique;FAUX;;FAUX;;2012-02-09;2018-04-24;2018-05-24;;;2018-07-18;;;Opposable;2020-01-01;Approuvé;2020-01-01;2025-04-10
PPRT;Plan de Prévention des Risques Technologiques;44DREAL20090008;PPRT PLANETE ARTIFICES - Chaill;Direction régionale de l'environnement, de l'aménagement et du logement;PPRT PLANETE ARTIFICES - Chaill sous les Ormeaux - 85;;;52;PAYS DE LA LOIRE;85;VENDEE;85213;Rives de l'Yon;20;Risque technologique;21;Risque industriel;212;Effet de surpression;FAUX;;FAUX;;2007-07-19;;;;;2010-08-10;;;Opposable;2020-01-01;Approuvé;2020-01-01;2025-03-28
PPRT;Plan de Prévention des Risques Technologiques;38DDT20140009;ADISSEO TOURMALINE-St-Clair-Rhôn;Direction départementale des territoires;38 et 69;;;84;AUVERGNE-RHONE-ALPES;38;ISERE;42327;Vérin;20;Risque technologique;21;Risque industriel;212;Effet de surpression;FAUX;;FAUX;;2012-02-09;2018-04-24;2018-05-24;;;2018-07-18;;;Opposable;2020-01-01;Approuvé;2020-01-01;2025-04-10
PPRT;Plan de Prévention des Risques Technologiques;67DREAL20140042;67 PPRT LANXESS;Direction régionale de l'environnement, de l'aménagement et du logement;67 PPRT LANXESS;;;44;GRAND EST;67;BAS-RHIN;67519;La Wantzenau;20;Risque technologique;21;Risque industriel;213;Effet toxique;FAUX;;FAUX;;2012-11-20;2014-04-14;2014-05-14;;;2014-07-21;;;Opposable;2020-01-01;Approuvé;2020-01-01;2025-04-09
PPRT;Plan de Prévention des Risques Technologiques;13DREAL20140008;PPRT - Arkema [ Marseille - St Menet ] 2013;Direction régionale de l'environnement, de l'aménagement et du logement;;;;93;PROVENCE-ALPES-COTE D'AZUR;13;BOUCHES-DU-RHONE;13070;La Penne-sur-Huveaune;20;Risque technologique;21;Risque industriel;213;Effet toxique;FAUX;;FAUX;;2009-05-22;2013-06-17;2013-07-18;2014-02-24;;2013-11-04;;;Opposable;2020-01-01;Approuvé;2020-01-01;2025-04-09
PPRT;Plan de Prévention des Risques Technologiques;41DREAL20140001;STORENGY (Céré-la-Ronde);Direction régionale de l'environnement, de l'aménagement et du logement;;;;24;CENTRE-VAL DE LOIRE;37;INDRE-ET-LOIRE;41080;Faverolles-sur-Cher;20;Risque technologique;21;Risque industriel;211;Effet thermique;FAUX;;FAUX;;2012-08-06;2013-09-30;2013-10-31;;;2013-12-24;;;Opposable;2020-01-01;Approuvé;2020-01-01;2025-04-16
PPRT;Plan de Prévention des Risques Technologiques;38DDT20140006;VENCOREX ISOCHEM - Pont-de-Claix;Direction départementale des territoires;;;;84;AUVERGNE-RHONE-ALPES;38;ISERE;38158;Eybens;20;Risque technologique;21;Risque industriel;212;Effet de surpression;FAUX;;FAUX;;2011-12-21;2018-03-23;2018-04-24;;;;2018-06-27;;Caduque;2020-01-01;Annulé;2020-01-01;2025-04-11
PPRT;Plan de Prévention des Risques Technologiques;73PREF20160030;PPRT-Lanxess;Préfecture;;;;84;AUVERGNE-RHONE-ALPES;73;SAVOIE;73272;Saint-Pierre-de-Belleville;20;Risque technologique;21;Risque industriel;213;Effet toxique;FAUX;;FAUX;;2010-03-18;2012-01-30;2012-03-01;;;2012-06-05;;;Opposable;2020-01-01;Approuvé;2020-01-01;2025-04-04
PPRT;Plan de Prévention des Risques Technologiques;33DDTM20160001;PPRT AMBES NORD;Direction départementale des territoires et de la mer;;;;75;NOUVELLE-AQUITAINE;33;GIRONDE;33004;Ambès;20;Risque technologique;21;Risque industriel;213;Effet toxique;FAUX;;FAUX;;2016-12-28;;;;;2018-08-30;;;Opposable;2020-01-01;Approuvé;2020-01-01;2025-04-09
PPRT;Plan de Prévention des Risques Technologiques;67DREAL20090004;67 PPRT TOTAL PETROCHEMICALS;Direction régionale de l'environnement, de l'aménagement et du logement;67 PPRT TOTAL PETROCHEMICALS;;;44;GRAND EST;67;BAS-RHIN;67106;Drusenheim;20;Risque technologique;21;Risque industriel;211;Effet thermique;FAUX;;FAUX;;2007-06-13;2008-10-13;2008-11-13;;;2009-06-12;;2018-04-20;Caduque;2020-01-01;Abrogé;2020-01-01;2018-08-31
PPRT;Plan de Prévention des Risques Technologiques;73PREF20160029;PPRT-Mssa;Préfecture;St Marcel;;;84;AUVERGNE-RHONE-ALPES;73;SAVOIE;73190;Notre-Dame-du-Pré;20;Risque technologique;21;Risque industriel;212;Effet de surpression;FAUX;;FAUX;;2010-03-18;2013-09-17;2013-10-17;;;2014-02-06;;;Opposable;2020-01-01;Approuvé;2020-01-01;2025-04-04
PPRT;Plan de Prévention des Risques Technologiques;PPRT_2024_0001;PPRT - dépôt de munitions de Canjuers 2015;Direction départementale des territoires et de la mer;;;;;;83;VAR;83038;Châteaudouble;20;Risque technologique;21;Risque industriel;214;Effet de projection;FAUX;;FAUX;;2013-12-19;;;;;2015-08-12;;;Opposable;2020-01-01;Approuvé;2020-01-01;2025-04-15
;;69DDT20200003;Vallée de la chimie 2;;;;;;;;;69149;Oullins;20;Risque technologique;21;Risque industriel;213;Effet toxique;FAUX;;FAUX;;2019-12-27;;;;2021-02-04;;;;;;;;2021-02-05
PPRT;Plan de Prévention des Risques Technologiques;30DDTM20060005;PPRT - SANOFI;Direction départementale des territoires et de la mer;;;;76;OCCITANIE;30;GARD;30012;Aramon;20;Risque technologique;21;Risque industriel;213;Effet toxique;FAUX;;FAUX;;2010-06-03;;;;;2013-01-16;;;Opposable;2020-01-01;Approuvé;2020-01-01;2025-04-09
PPRT;Plan de Prévention des Risques Technologiques;86DREAL20090002;PPRT BUTAGAZ;Direction régionale de l'environnement, de l'aménagement et du logement;PPRT Butagaz;;;75;NOUVELLE-AQUITAINE;17;CHARENTE-MARITIME;17143;Le Douhet;20;Risque technologique;21;Risque industriel;211;Effet thermique;FAUX;;FAUX;;2008-12-31;2011-10-18;2011-11-19;2012-07-25;;2011-12-23;;;Opposable;2020-01-01;Approuvé;2020-01-01;2025-04-09
PPRT;Plan de Prévention des Risques Technologiques;38DDT20140007;Rév. ARKEMA AREVA-CEZUS-Jarrie;Direction départementale des territoires;;;;84;AUVERGNE-RHONE-ALPES;38;ISERE;38068;Champagnier;20;Risque technologique;21;Risque industriel;212;Effet de surpression;VRAI;38DDT20140002;FAUX;;2011-12-21;2014-09-08;2014-10-09;;;2015-05-22;;;Opposable;2020-01-01;Approuvé;2020-01-01;2025-11-21
PPRT;Plan de Prévention des Risques Technologiques;73PREF20160027;PPRT-Thermphos;Préfecture;;;;84;AUVERGNE-RHONE-ALPES;73;SAVOIE;73067;La Chambre;20;Risque technologique;24;Transport de marchandises dangereuses;;;FAUX;;FAUX;;2009-12-31;;;;;2014-06-10;;;Opposable;2020-01-01;Approuvé;2020-01-01;2025-04-04
PPRT;Plan de Prévention des Risques Technologiques;63DREAL20140002;PPRT SANOFI Vertolaye;Direction régionale de l'environnement, de l'aménagement et du logement;Vertolaye;;;84;AUVERGNE-RHONE-ALPES;63;PUY-DE-DOME;63454;Vertolaye;20;Risque technologique;21;Risque industriel;211;Effet thermique;FAUX;;FAUX;;2010-06-14;2014-01-13;;;;2014-04-04;;;Opposable;2020-01-01;Approuvé;2020-01-01;2025-04-09
PPRT;Plan de Prévention des Risques Technologiques;33DREAL20090003;BASSENS AMBARES;Direction régionale de l'environnement, de l'aménagement et du logement;BASSENS AMBARES;;;75;NOUVELLE-AQUITAINE;33;GIRONDE;33003;Ambarès-et-Lagrave;20;Risque technologique;21;Risque industriel;213;Effet toxique;FAUX;;FAUX;;2008-12-22;;;;;2010-12-21;;;Opposable;2020-01-01;Approuvé;2020-01-01;2025-04-09
PPRT;Plan de Prévention des Risques Technologiques;PPRT_2024_0003;PPRT - dépôt de munitions [ Miramas, Istres ];Direction départementale des territoires et de la mer;;;;;;13;BOUCHES-DU-RHONE;13063;Miramas;20;Risque technologique;21;Risque industriel;214;Effet de projection;FAUX;;FAUX;;2024-07-11;;;;;;;;Prescrit;2020-01-01;Prescrit;2020-01-01;2025-05-07
PPRT;Plan de Prévention des Risques Technologiques;13DDTM20210002;PPRT - Fontvieille 2020;Direction départementale des territoires et de la mer;;;;93;PROVENCE-ALPES-COTE D'AZUR;13;BOUCHES-DU-RHONE;13038;Fontvieille;20;Risque technologique;21;Risque industriel;214;Effet de projection;FAUX;;FAUX;;2012-04-18;;;;;2020-09-29;;;Opposable;2020-01-01;Approuvé;2020-01-01;2025-04-09
PPRT;Plan de Prévention des Risques Technologiques;60DREAL20140003;MOMENTIVE, INEOS et SECO;Direction régionale de l'environnement, de l'aménagement et du logement;;;;32;HAUTS-DE-FRANCE;60;OISE;60119;Cambronne-lès-Ribécourt;20;Risque technologique;21;Risque industriel;213;Effet toxique;FAUX;;FAUX;;2009-09-24;2014-08-18;2014-09-18;;;2014-12-18;;;Opposable;2020-01-01;Approuvé;2020-01-01;2025-03-27
PPRT;Plan de Prévention des Risques Technologiques;60DREAL20140001;STORENGY;Direction régionale de l'environnement, de l'aménagement et du logement;;;;32;HAUTS-DE-FRANCE;60;OISE;60396;Méry-la-Bataille;20;Risque technologique;21;Risque industriel;212;Effet de surpression;FAUX;;FAUX;;2012-12-19;2014-10-06;2014-11-06;;;2014-12-30;;;Opposable;2020-01-01;Approuvé;2020-01-01;2025-03-27
PPRT;Plan de Prévention des Risques Technologiques;59DREAL20090011;PPRT SOGIF - WAZIERS;Direction régionale de l'environnement, de l'aménagement et du logement;;;;32;HAUTS-DE-FRANCE;59;NORD;59654;Waziers;20;Risque technologique;21;Risque industriel;211;Effet thermique;FAUX;;FAUX;;2008-11-20;2010-09-01;2010-10-01;;;2010-11-23;;;Opposable;2020-01-01;Approuvé;2020-01-01;2025-04-10
PPRT;Plan de Prévention des Risques Technologiques;59DDTM20130004;PPRT PPG SAULTAIN;Direction départementale des territoires et de la mer;;;;32;HAUTS-DE-FRANCE;59;NORD;59166;Curgies;20;Risque technologique;21;Risque industriel;213;Effet toxique;FAUX;;FAUX;;2010-03-23;2011-09-26;2011-10-27;2012-11-05;;2011-12-13;;;Opposable;2020-01-01;Approuvé;2020-01-01;2025-04-10
PPRT;Plan de Prévention des Risques Technologiques;51DREAL20090013;PPRT SODETAL;Direction régionale de l'environnement, de l'aménagement et du logement;REDAELLI SODETAL TRONVILLE EN BARROIS;;;44;GRAND EST;55;MEUSE;55543;Velaines;20;Risque technologique;21;Risque industriel;212;Effet de surpression;FAUX;;FAUX;;2008-05-20;;;;;2010-06-30;;2018-12-20;Caduque;2020-01-01;Abrogé;2020-01-01;2025-03-03
PPRT;Plan de Prévention des Risques Technologiques;38DDT20140007;Rév. ARKEMA AREVA-CEZUS-Jarrie;Direction départementale des territoires;;;;84;AUVERGNE-RHONE-ALPES;38;ISERE;38252;Montchaboud;20;Risque technologique;21;Risque industriel;212;Effet de surpression;VRAI;38DDT20140002;FAUX;;2011-12-21;2014-09-08;2014-10-09;;;2015-05-22;;;Opposable;2020-01-01;Approuvé;2020-01-01;2025-11-21
PPRT;Plan de Prévention des Risques Technologiques;38DDT20180005;TOTAL / ESSO / SPMR / SDSP;Direction départementale des territoires;;;;84;AUVERGNE-RHONE-ALPES;38;ISERE;38558;Villette-de-Vienne;20;Risque technologique;21;Risque industriel;212;Effet de surpression;FAUX;;FAUX;;2012-12-12;2018-09-17;2018-10-18;;;2018-12-11;;;Opposable;2020-01-01;Approuvé;2020-01-01;2025-08-11
PPRT;Plan de Prévention des Risques Technologiques;77DDT20130001;PPRT COGNIS-BASF;Direction départementale des territoires;PPRT COGNIS-BASF;;;11;ILE-DE-FRANCE;77;SEINE-ET-MARNE;77199;Fublaines;20;Risque technologique;21;Risque industriel;211;Effet thermique;FAUX;;FAUX;;2009-11-12;2012-10-15;2012-11-17;;;2013-02-12;;;Opposable;2020-01-01;Approuvé;2020-01-01;2025-04-09
PPRT;Plan de Prévention des Risques Technologiques;60DREAL20140002;WEYLCHEM LAMOTTE;Direction régionale de l'environnement, de l'aménagement et du logement;;;;32;HAUTS-DE-FRANCE;60;OISE;60025;Attichy;20;Risque technologique;21;Risque industriel;213;Effet toxique;FAUX;;FAUX;;2010-10-12;2014-09-30;2014-11-05;;;2014-12-19;;;Opposable;2020-01-01;Approuvé;2020-01-01;2025-03-27
PPRT;Plan de Prévention des Risques Technologiques;38DDT20140002;ARKEMA AREVA-CEZUS - Jarrie;Direction départementale des territoires;;;;84;AUVERGNE-RHONE-ALPES;38;ISERE;38111;Claix;20;Risque technologique;21;Risque industriel;213;Effet toxique;FAUX;;VRAI;38DDT20140007;2010-06-14;2010-10-15;2010-11-15;;;2010-12-20;;2015-05-22;Caduque;2020-01-01;Abrogé;2020-01-01;2020-12-04
PPRT;Plan de Prévention des Risques Technologiques;95DRIEE_IF20190002;TOTAL;Direction Régionale et Interdépartementale de l'Environnement et de l'Énergie d'Ile-de-France;;;;11;ILE-DE-FRANCE;95;VAL-D'OISE;92036;Gennevilliers;20;Risque technologique;21;Risque industriel;211;Effet thermique;FAUX;;FAUX;;2010-04-29;;;;;2013-04-11;;;Opposable;2020-01-01;Approuvé;2020-01-01;2025-04-09
PPRT;Plan de Prévention des Risques Technologiques;75DRIEE_IF20090009;PPRT BRENNTAG;Direction Régionale et Interdépartementale de l'Environnement et de l'Énergie d'Ile-de-France;BRENNTAG;;;11;ILE-DE-FRANCE;77;SEINE-ET-MARNE;77470;Tournan-en-Brie;20;Risque technologique;21;Risque industriel;212;Effet de surpression;FAUX;;FAUX;;2009-08-25;2011-06-08;2011-07-09;;;2011-10-05;;;Opposable;2020-01-01;Approuvé;2020-01-01;2025-04-09
PPRT;Plan de Prévention des Risques Technologiques;75DRIEE_IF20090008;95 PPRT SMCA;Direction Régionale et Interdépartementale de l'Environnement et de l'Énergie d'Ile-de-France;;;;11;ILE-DE-FRANCE;95;VAL-D'OISE;95212;Épiais-lès-Louvres;20;Risque technologique;21;Risque industriel;212;Effet de surpression;FAUX;;FAUX;;2008-07-25;2009-10-22;2009-10-22;;;2010-01-22;;;Opposable;2020-01-01;Approuvé;2020-01-01;2025-04-09
PPRT;Plan de Prévention des Risques Technologiques;51DREAL20090013;PPRT SODETAL;Direction régionale de l'environnement, de l'aménagement et du logement;REDAELLI SODETAL TRONVILLE EN BARROIS;;;44;GRAND EST;55;MEUSE;55519;Tronville-en-Barrois;20;Risque technologique;21;Risque industriel;212;Effet de surpression;FAUX;;FAUX;;2008-05-20;;;;;2010-06-30;;2018-12-20;Caduque;2020-01-01;Abrogé;2020-01-01;2025-03-03
PPRT;Plan de Prévention des Risques Technologiques;38DDT20140002;ARKEMA AREVA-CEZUS - Jarrie;Direction départementale des territoires;;;;84;AUVERGNE-RHONE-ALPES;38;ISERE;38317;Le Pont-de-Claix;20;Risque technologique;21;Risque industriel;212;Effet de surpression;FAUX;;VRAI;38DDT20140007;2010-06-14;2010-10-15;2010-11-15;;;2010-12-20;;2015-05-22;Caduque;2020-01-01;Abrogé;2020-01-01;2020-12-04
PPRT;Plan de Prévention des Risques Technologiques;83DREAL20140148;PPRT - militaire pyrotechnie [ Toulon ] 2013;Direction régionale de l'environnement, de l'aménagement et du logement;;;;93;PROVENCE-ALPES-COTE D'AZUR;83;VAR;83126;La Seyne-sur-Mer;20;Risque technologique;21;Risque industriel;212;Effet de surpression;FAUX;;FAUX;;2013-03-01;;;;;;;;Prescrit;2020-01-01;Prescrit;2020-01-01;2025-04-15
PPRT;Plan de Prévention des Risques Technologiques;52DDT20130002;PPRT VIOLOT;Direction départementale des territoires;Partie du territoire communal;;;44;GRAND EST;52;HAUTE-MARNE;52539;Violot;20;Risque technologique;21;Risque industriel;212;Effet de surpression;FAUX;;FAUX;;2011-10-17;2014-08-18;2014-09-18;;;2014-12-17;;;Opposable;2020-01-01;Approuvé;2020-01-01;2025-04-10
PPRT;Plan de Prévention des Risques Technologiques;69DREAL20170004;69 PPRT de Genay;Direction départementale des territoires;Genay;;;84;AUVERGNE-RHONE-ALPES;69;RHONE;69207;Saint-Germain-au-Mont-d'Or;20;Risque technologique;21;Risque industriel;211;Effet thermique;FAUX;;FAUX;;2011-10-11;2011-06-23;2011-06-23;;;2014-11-10;;;Opposable;2020-01-01;Approuvé;2020-01-01;2014-11-10
PPRT;Plan de Prévention des Risques Technologiques;64DREAL20150001;PPRT - MOURENX/PARDIES (Modification);Direction régionale de l'environnement, de l'aménagement et du logement;MOURENX/PARDIES;;;75;NOUVELLE-AQUITAINE;64;PYRENEES-ATLANTIQUES;64005;Abos;20;Risque technologique;21;Risque industriel;211;Effet thermique;FAUX;;FAUX;;2011-02-08;;;;;2015-04-15;;;Opposable;2020-01-01;Approuvé;2020-01-01;2025-11-20
PPRT;Plan de Prévention des Risques Technologiques;67DDT20140003;67 PPRT DEPOT DE MUNITIONS DE NEUBOURG;Direction départementale des territoires;;;;44;GRAND EST;67;BAS-RHIN;67372;Val-de-Moder;20;Risque technologique;21;Risque industriel;212;Effet de surpression;FAUX;;FAUX;;2013-02-01;2015-08-17;2015-09-17;;;2015-12-18;;;Opposable;2020-01-01;Approuvé;2020-01-01;2025-04-09
PPRT;Plan de Prévention des Risques Technologiques;77DDT20130001;PPRT COGNIS-BASF;Direction départementale des territoires;PPRT COGNIS-BASF;;;11;ILE-DE-FRANCE;77;SEINE-ET-MARNE;77199;Fublaines;20;Risque technologique;21;Risque industriel;212;Effet de surpression;FAUX;;FAUX;;2009-11-12;2012-10-15;2012-11-17;;;2013-02-12;;;Opposable;2020-01-01;Approuvé;2020-01-01;2025-04-09
PPRT;Plan de Prévention des Risques Technologiques;45DREAL20090005;SYNTHRON (Auzouer-en-Touraine);Direction régionale de l'environnement, de l'aménagement et du logement;;;;24;CENTRE-VAL DE LOIRE;37;INDRE-ET-LOIRE;37276;Villedômer;20;Risque technologique;21;Risque industriel;211;Effet thermique;FAUX;;FAUX;;2008-03-06;2009-11-03;2009-12-04;;;2010-04-07;;;Opposable;2020-01-01;Approuvé;2020-01-01;2025-04-16
PPRT;Plan de Prévention des Risques Technologiques;47DREAL20130325;PPR ARCHIMICA Bon Encontre;Direction régionale de l'environnement, de l'aménagement et du logement;;;;75;NOUVELLE-AQUITAINE;47;LOT-ET-GARONNE;47032;Bon-Encontre;20;Risque technologique;21;Risque industriel;212;Effet de surpression;FAUX;;FAUX;;2009-12-24;2010-09-23;2010-10-22;;;2010-12-17;;;Opposable;2020-01-01;Approuvé;2020-01-01;2017-04-04
PPRT;Plan de Prévention des Risques Technologiques;31DDT20150043;PPRT ESSO;Direction départementale des territoires;TOULOUSE;;;76;OCCITANIE;31;HAUTE-GARONNE;31555;Toulouse;20;Risque technologique;21;Risque industriel;212;Effet de surpression;FAUX;;FAUX;;2007-01-31;2009-09-22;2009-10-22;;;2010-01-27;2014-05-06;;Caduque;2020-01-01;Annulé;2020-01-01;2020-01-15
PPRT;Plan de Prévention des Risques Technologiques;76DDTM20150005;ZIP Le Havre;Direction départementale des territoires et de la mer;;;;28;NORMANDIE;76;SEINE-MARITIME;76489;Oudalle;20;Risque technologique;21;Risque industriel;212;Effet de surpression;FAUX;;FAUX;;2010-02-17;2016-05-26;2016-07-12;;;2016-10-17;;;Opposable;2020-01-01;Approuvé;2020-01-01;2019-09-09
PPRT;Plan de Prévention des Risques Technologiques;68DREAL20140003; 68 PPRT BIMA;Direction régionale de l'environnement, de l'aménagement et du logement; 68 PPRT BIMA;;;44;GRAND EST;68;HAUT-RHIN;68375;Wittelsheim;20;Risque technologique;21;Risque industriel;212;Effet de surpression;FAUX;;FAUX;;2010-12-20;;;;;2015-03-30;;;Opposable;2020-01-01;Approuvé;2020-01-01;2025-04-09
PPRT;Plan de Prévention des Risques Technologiques;22DDTM20080002;PPR NITROBICKFORD;Direction départementale des territoires et de la mer;;;;53;BRETAGNE;22;COTES-D'ARMOR;22155;La Motte;20;Risque technologique;21;Risque industriel;212;Effet de surpression;FAUX;;FAUX;;2008-03-28;;;;;2010-11-10;;;Opposable;2020-01-01;Approuvé;2020-01-01;2025-02-19
PPRT;Plan de Prévention des Risques Technologiques;67DREAL20090004;67 PPRT TOTAL PETROCHEMICALS;Direction régionale de l'environnement, de l'aménagement et du logement;67 PPRT TOTAL PETROCHEMICALS;;;44;GRAND EST;67;BAS-RHIN;67407;Rohrwiller;20;Risque technologique;21;Risque industriel;212;Effet de surpression;FAUX;;FAUX;;2007-06-13;2008-10-13;2008-11-13;;;2009-06-12;;2018-04-20;Caduque;2020-01-01;Abrogé;2020-01-01;2018-08-31
PPRT;Plan de Prévention des Risques Technologiques;76DREAL20150001;Saint-Pierre-lès-Elbeuf;Direction régionale de l'environnement, de l'aménagement et du logement;;;;28;NORMANDIE;76;SEINE-MARITIME;27534;Saint-Didier-des-Bois;20;Risque technologique;21;Risque industriel;213;Effet toxique;FAUX;;FAUX;;2010-05-06;2014-02-24;2014-03-26;;;2014-06-03;;;Opposable;2020-01-01;Approuvé;2020-01-01;2025-04-09
PPRT;Plan de Prévention des Risques Technologiques;973DEAL20150004;PPRT Centre spatial guyanais;Direction de l'environnement, de l'aménagement et du logement;;;;03;GUYANE;973;GUYANE;97304;Kourou;20;Risque technologique;21;Risque industriel;211;Effet thermique;FAUX;;FAUX;;2010-06-28;2013-07-15;2013-08-14;;;2013-11-18;;;Opposable;2020-01-01;Approuvé;2020-01-01;2025-06-18
PPRT;Plan de Prévention des Risques Technologiques;59DDTM20130009;PPRT TOTAL Raffinage Marketing;Direction départementale des territoires et de la mer;;;;32;HAUTS-DE-FRANCE;59;NORD;59359;Loon-Plage;20;Risque technologique;21;Risque industriel;212;Effet de surpression;FAUX;;FAUX;;2009-06-10;2012-10-05;2012-11-05;2015-12-07;;2013-02-21;;;Opposable;2020-01-01;Approuvé;2020-01-01;2025-04-10
PPRT;Plan de Prévention des Risques Technologiques;18DDT20140001;AXEREAL (Moulins-sur-Yèvre);Direction départementale des territoires;;;;24;CENTRE-VAL DE LOIRE;18;CHER;18158;Moulins-sur-Yèvre;20;Risque technologique;21;Risque industriel;213;Effet toxique;FAUX;;FAUX;;2009-06-25;2013-10-15;2013-11-14;;;2013-12-18;;;Opposable;2020-01-01;Approuvé;2020-01-01;2025-04-10
PPRT;Plan de Prévention des Risques Technologiques;60DREAL20140008;PPRT Addivant - Catenoy;Direction régionale de l'environnement, de l'aménagement et du logement;;;;32;HAUTS-DE-FRANCE;60;OISE;60130;Catenoy;20;Risque technologique;21;Risque industriel;213;Effet toxique;FAUX;;FAUX;;2009-12-16;2013-08-23;2013-10-01;;;2013-11-27;;;Opposable;2020-01-01;Approuvé;2020-01-01;2025-03-27
PPRT;Plan de Prévention des Risques Technologiques;60DREAL20140002;WEYLCHEM LAMOTTE;Direction régionale de l'environnement, de l'aménagement et du logement;;;;32;HAUTS-DE-FRANCE;60;OISE;60534;Rethondes;20;Risque technologique;21;Risque industriel;213;Effet toxique;FAUX;;FAUX;;2010-10-12;2014-09-30;2014-11-05;;;2014-12-19;;;Opposable;2020-01-01;Approuvé;2020-01-01;2025-03-27
PPRT;Plan de Prévention des Risques Technologiques;86DREAL20090002;PPRT BUTAGAZ;Direction régionale de l'environnement, de l'aménagement et du logement;PPRT Butagaz;;;75;NOUVELLE-AQUITAINE;17;CHARENTE-MARITIME;17147;Écoyeux;20;Risque technologique;21;Risque industriel;212;Effet de surpression;FAUX;;FAUX;;2008-12-31;2011-10-18;2011-11-19;2012-07-25;;2011-12-23;;;Opposable;2020-01-01;Approuvé;2020-01-01;2025-04-09
PPRT;Plan de Prévention des Risques Technologiques;51DDT20140003;PPRT SFDM - Parc A;Direction départementale des territoires;Nuisement-sur-Coole;;;44;GRAND EST;51;MARNE;51087;Breuvery-sur-Coole;20;Risque technologique;21;Risque industriel;211;Effet thermique;FAUX;;FAUX;;2011-12-12;;;;;2014-01-14;;;Opposable;2020-01-01;Approuvé;2020-01-01;2025-04-09
PPRT;Plan de Prévention des Risques Technologiques;38DDT20140007;Rév. ARKEMA AREVA-CEZUS-Jarrie;Direction départementale des territoires;;;;84;AUVERGNE-RHONE-ALPES;38;ISERE;38279;Notre-Dame-de-Mésage;20;Risque technologique;21;Risque industriel;213;Effet toxique;VRAI;38DDT20140002;FAUX;;2011-12-21;2014-09-08;2014-10-09;;;2015-05-22;;;Opposable;2020-01-01;Approuvé;2020-01-01;2025-11-21
PPRT;Plan de Prévention des Risques Technologiques;31DREAL20090006;PPRT - LACROIX (St Foy de Peyrolières);Direction régionale de l'environnement, de l'aménagement et du logement;SAINTE-FOY-DE-PEROLIERES;;;76;OCCITANIE;31;HAUTE-GARONNE;31481;Sainte-Foy-de-Peyrolières;20;Risque technologique;21;Risque industriel;211;Effet thermique;FAUX;;FAUX;;2008-10-07;2010-06-07;2010-07-07;;;2010-12-13;;;Opposable;2020-01-01;Approuvé;2020-01-01;2025-04-09
PPRT;Plan de Prévention des Risques Technologiques;PPRT_2023_0002;PPRT - ADISSEO - Commentry - Malicorne;Direction départementale des territoires;Commentry - Malicorne;;;;;03;ALLIER;03159;Malicorne;20;Risque technologique;21;Risque industriel;211;Effet thermique;FAUX;;FAUX;;2011-05-13;;;;;2016-06-28;;;Opposable;2020-01-01;Approuvé;2020-01-01;2016-06-16
PPRT;Plan de Prévention des Risques Technologiques;PPRT_2022_0003;PPRT - Etablissement DGATT Bourges;Direction départementale des territoires;;;;;;18;CHER;18027;Bengy-sur-Craon;20;Risque technologique;21;Risque industriel;213;Effet toxique;FAUX;;FAUX;;2020-11-06;;;;;2023-08-03;;;Opposable;2020-01-01;Approuvé;2020-01-01;2025-04-02
PPRT;Plan de Prévention des Risques Technologiques;30DDTM20110001;PPRT - EPC (ex NITROBICKFORD);Direction départementale des territoires et de la mer;;;;76;OCCITANIE;30;GARD;30270;Saint-Jean-du-Pin;20;Risque technologique;21;Risque industriel;213;Effet toxique;FAUX;;FAUX;;2009-07-17;;;;;2012-04-18;;;Opposable;2020-01-01;Approuvé;2020-01-01;2025-04-09
PPRT;Plan de Prévention des Risques Technologiques;78DDT20130012;PPRT TOTAL Gargenville;Direction départementale des territoires;;;;11;ILE-DE-FRANCE;78;YVELINES;78267;Gargenville;20;Risque technologique;21;Risque industriel;211;Effet thermique;FAUX;;FAUX;;2009-06-15;;;;;2012-12-26;;;Opposable;2020-01-01;Approuvé;2020-01-01;2025-04-10
PPRT;Plan de Prévention des Risques Technologiques;13DREAL20140015;PPRT - EPC [ Saint Martin de Crau ] 2014;Direction régionale de l'environnement, de l'aménagement et du logement;;;;93;PROVENCE-ALPES-COTE D'AZUR;13;BOUCHES-DU-RHONE;13097;Saint-Martin-de-Crau;20;Risque technologique;21;Risque industriel;212;Effet de surpression;FAUX;;FAUX;;2010-06-14;2013-10-14;2013-11-18;2014-07-08;;2014-04-16;;;Opposable;2020-01-01;Approuvé;2020-01-01;2025-04-09
PPRT;Plan de Prévention des Risques Technologiques;61DDT20150003;PPR-T - Le Merlerault;Direction départementale des territoires;Risle;;;28;NORMANDIE;61;ORNE;61275;Le Merlerault;20;Risque technologique;21;Risque industriel;212;Effet de surpression;FAUX;;FAUX;;2011-04-21;2013-12-16;2014-01-24;;;2014-05-12;;;Opposable;2020-01-01;Approuvé;2020-01-01;2025-04-10
PPRT;Plan de Prévention des Risques Technologiques;64DREAL20130259;PPRT LACQ MONT;Direction régionale de l'environnement, de l'aménagement et du logement;;;;75;NOUVELLE-AQUITAINE;64;PYRENEES-ATLANTIQUES;64003;Abidos;20;Risque technologique;21;Risque industriel;211;Effet thermique;FAUX;;FAUX;;2010-10-19;;;;;2014-05-06;;;Opposable;2020-01-01;Approuvé;2020-01-01;2025-06-11
PPRT;Plan de Prévention des Risques Technologiques;78DDT20130013;PPRT STORENGY Beynes;Direction départementale des territoires;;;;11;ILE-DE-FRANCE;78;YVELINES;78588;Saulx-Marchais;20;Risque technologique;21;Risque industriel;212;Effet de surpression;FAUX;;FAUX;;2010-11-08;2012-02-13;2012-03-21;;;2012-05-07;;;Opposable;2020-01-01;Approuvé;2020-01-01;2025-04-10
PPRT;Plan de Prévention des Risques Technologiques;41DREAL20140005;STORENGY (Chémery-Soings);Direction régionale de l'environnement, de l'aménagement et du logement;;;;24;CENTRE-VAL DE LOIRE;41;LOIR-ET-CHER;41049;Chémery;20;Risque technologique;21;Risque industriel;212;Effet de surpression;FAUX;;FAUX;;2012-07-17;2015-10-19;2015-11-19;;;2016-02-19;;;Opposable;2020-01-01;Approuvé;2020-01-01;2025-04-09
PPRT;Plan de Prévention des Risques Technologiques;974DEAL20090002;PPRT BOUYGUES TP;Direction de l'environnement, de l'aménagement et du logement;PPRT BOUYGUES TP;;;04;LA REUNION;974;LA REUNION;97415;Saint-Paul;20;Risque technologique;21;Risque industriel;214;Effet de projection;FAUX;;FAUX;;2009-02-02;2011-10-10;2011-11-09;;;2012-04-30;;;Opposable;2020-01-01;Approuvé;2020-01-01;2025-04-09
PPRT;Plan de Prévention des Risques Technologiques;67DREAL20140042;67 PPRT LANXESS;Direction régionale de l'environnement, de l'aménagement et du logement;67 PPRT LANXESS;;;44;GRAND EST;67;BAS-RHIN;67519;La Wantzenau;20;Risque technologique;21;Risque industriel;212;Effet de surpression;FAUX;;FAUX;;2012-11-20;2014-04-14;2014-05-14;;;2014-07-21;;;Opposable;2020-01-01;Approuvé;2020-01-01;2025-04-09
PPRT;Plan de Prévention des Risques Technologiques;69DREAL20170008;69 PPRT de St Priest;Direction régionale de l'environnement, de l'aménagement et du logement;St Priest;;;84;AUVERGNE-RHONE-ALPES;69;RHONE;69290;Saint-Priest;20;Risque technologique;21;Risque industriel;211;Effet thermique;FAUX;;FAUX;;2009-12-11;2014-12-15;2015-01-15;;;2015-07-24;;;Opposable;2020-01-01;Approuvé;2020-01-01;2025-04-04
PPRT;Plan de Prévention des Risques Technologiques;64DREAL20130259;PPRT LACQ MONT;Direction régionale de l'environnement, de l'aménagement et du logement;;;;75;NOUVELLE-AQUITAINE;64;PYRENEES-ATLANTIQUES;64300;Lacq;20;Risque technologique;21;Risque industriel;213;Effet toxique;FAUX;;FAUX;;2010-10-19;;;;;2014-05-06;;;Opposable;2020-01-01;Approuvé;2020-01-01;2025-06-11
PPRT;Plan de Prévention des Risques Technologiques;69DREAL20170003;69 PPRT de Genas;Direction régionale de l'environnement, de l'aménagement et du logement;Genas;;;84;AUVERGNE-RHONE-ALPES;69;RHONE;69277;Genas;20;Risque technologique;21;Risque industriel;213;Effet toxique;FAUX;;FAUX;;2011-06-09;2013-09-16;2013-10-16;;;2013-12-06;;;Opposable;2020-01-01;Approuvé;2020-01-01;2025-04-04
PPRT;Plan de Prévention des Risques Technologiques;01DREAL20070001;01 PPRT de St Vulbas;Direction régionale de l'environnement, de l'aménagement et du logement;St Vulbas;;;84;AUVERGNE-RHONE-ALPES;01;AIN;01390;Saint-Vulbas;20;Risque technologique;21;Risque industriel;212;Effet de surpression;FAUX;;FAUX;;2017-12-01;;;;;2019-05-13;;;Opposable;2020-01-01;Approuvé;2020-01-01;2021-03-03
PPRT;Plan de Prévention des Risques Technologiques;59DREAL20140001;PPRT Zone Industrialo-Portuaire;Direction régionale de l'environnement, de l'aménagement et du logement;;;;32;HAUTS-DE-FRANCE;59;NORD;59359;Loon-Plage;20;Risque technologique;21;Risque industriel;211;Effet thermique;FAUX;;FAUX;;2009-02-20;2015-10-06;2015-11-06;;;2015-12-28;;;Opposable;2020-01-01;Approuvé;2020-01-01;2025-04-10
PPRT;Plan de Prévention des Risques Technologiques;30DDTM20110001;PPRT - EPC (ex NITROBICKFORD);Direction départementale des territoires et de la mer;;;;76;OCCITANIE;30;GARD;30042;Boisset-et-Gaujac;20;Risque technologique;21;Risque industriel;213;Effet toxique;FAUX;;FAUX;;2009-07-17;;;;;2012-04-18;;;Opposable;2020-01-01;Approuvé;2020-01-01;2025-04-09
PPRT;Plan de Prévention des Risques Technologiques;76DDTM20150003;ZIP Petit et Grand Quevilly;Direction départementale des territoires et de la mer;;;;28;NORMANDIE;76;SEINE-MARITIME;76717;Val-de-la-Haye;20;Risque technologique;21;Risque industriel;211;Effet thermique;FAUX;;FAUX;;2012-12-13;2017-09-20;2017-11-09;;;2018-01-25;;;Opposable;2020-01-01;Approuvé;2020-01-01;2025-04-09
PPRT;Plan de Prévention des Risques Technologiques;64DDTM20170001;PPRt - SEDZERE;Direction départementale des territoires et de la mer;;;;75;NOUVELLE-AQUITAINE;64;PYRENEES-ATLANTIQUES;64438;Ouillon;20;Risque technologique;21;Risque industriel;211;Effet thermique;FAUX;;FAUX;;2017-01-20;;;;;2018-12-21;;;Opposable;2020-01-01;Approuvé;2020-01-01;2025-06-11
;;69DDT20200003;Vallée de la chimie 2;;;;;;;;;69291;Saint-Symphorien-d'Ozon;20;Risque technologique;21;Risque industriel;212;Effet de surpression;FAUX;;FAUX;;2019-12-27;;;;2021-02-04;;;;;;;;2021-02-05
PPRT;Plan de Prévention des Risques Technologiques;PPRT_2023_0003;PPRT - dépôt de munitions Ventiseri ;Direction départementale des territoires;;;;;;2B;HAUTE-CORSE;2B342;Ventiseri;20;Risque technologique;21;Risque industriel;211;Effet thermique;FAUX;;FAUX;;2013-07-05;;;;;2017-01-24;;;Opposable;2020-01-01;Approuvé;2020-01-01;2023-01-23
PPRT;Plan de Prévention des Risques Technologiques;01DREAL20170004;01 PPRT de Viriat;Direction régionale de l'environnement, de l'aménagement et du logement;Viriat;;;84;AUVERGNE-RHONE-ALPES;01;AIN;01024;Attignat;20;Risque technologique;21;Risque industriel;212;Effet de surpression;FAUX;;FAUX;;2011-06-30;2013-12-16;2014-01-16;;;2014-05-20;;;Opposable;2020-01-01;Approuvé;2020-01-01;2020-02-14
PPRT;Plan de Prévention des Risques Technologiques;02DDT20100002;CLOE;Direction départementale des territoires;;;;32;HAUTS-DE-FRANCE;02;AISNE;02287;Essigny-le-Grand;20;Risque technologique;21;Risque industriel;211;Effet thermique;FAUX;;FAUX;;2008-07-18;;;;;2009-12-02;;;Opposable;2020-01-01;Approuvé;2020-01-01;2025-04-09
PPRT;Plan de Prévention des Risques Technologiques;44DREAL20090009;PPRT SDPS -  Le Mans ;Direction régionale de l'environnement, de l'aménagement et du logement;PPRT SDPS  -  Le Mans - 72;;;52;PAYS DE LA LOIRE;72;SARTHE;72181;Le Mans;20;Risque technologique;21;Risque industriel;212;Effet de surpression;FAUX;;FAUX;;2009-02-23;2011-11-30;2011-11-30;;;2012-07-23;;;Opposable;2020-01-01;Approuvé;2020-01-01;2012-08-13
PPRT;Plan de Prévention des Risques Technologiques;31DREAL20090004;PPRT - GACHES CHIMIE;Direction régionale de l'environnement, de l'aménagement et du logement;ESCALQUENS;;;76;OCCITANIE;31;HAUTE-GARONNE;31169;Escalquens;20;Risque technologique;21;Risque industriel;213;Effet toxique;FAUX;;FAUX;;2008-03-10;2010-04-06;2010-05-07;;;2010-10-29;;;Opposable;2020-01-01;Approuvé;2020-01-01;2025-04-09
PPRT;Plan de Prévention des Risques Technologiques;64DREAL20130260;PPRT MOURENX;Direction régionale de l'environnement, de l'aménagement et du logement;;;;75;NOUVELLE-AQUITAINE;64;PYRENEES-ATLANTIQUES;64431;Os-Marsillon;20;Risque technologique;21;Risque industriel;213;Effet toxique;FAUX;;FAUX;;2008-11-08;;;;;2012-06-14;;;Opposable;2020-01-01;Approuvé;2020-01-01;2025-06-11
PPRT;Plan de Prévention des Risques Technologiques;13DREAL20110044;PPRT - Stogaz 2015;Direction régionale de l'environnement, de l'aménagement et du logement;;;;93;PROVENCE-ALPES-COTE D'AZUR;13;BOUCHES-DU-RHONE;13054;Marignane;20;Risque technologique;21;Risque industriel;212;Effet de surpression;FAUX;;FAUX;;2015-02-12;2016-03-22;2016-04-26;;;2016-07-27;;;Opposable;2020-01-01;Approuvé;2020-01-01;2025-04-09
PPRT;Plan de Prévention des Risques Technologiques;973DEAL20150004;PPRT Centre spatial guyanais;Direction de l'environnement, de l'aménagement et du logement;;;;03;GUYANE;973;GUYANE;97304;Kourou;20;Risque technologique;21;Risque industriel;213;Effet toxique;FAUX;;FAUX;;2010-06-28;2013-07-15;2013-08-14;;;2013-11-18;;;Opposable;2020-01-01;Approuvé;2020-01-01;2025-06-18
PPRT;Plan de Prévention des Risques Technologiques;58DREAL20140002;Rhodia;Direction régionale de l'environnement, de l'aménagement et du logement;Rhodia (58);;;27;BOURGOGNE-FRANCHE-COMTE;58;NIEVRE;58079;Clamecy;20;Risque technologique;21;Risque industriel;211;Effet thermique;FAUX;;FAUX;;2009-03-26;;;;;2011-09-19;;;Opposable;2020-01-01;Approuvé;2020-01-01;2025-03-27
PPRT;Plan de Prévention des Risques Technologiques;02DDT20150003;ROHM AND HAAS;Direction départementale des territoires;;;;32;HAUTS-DE-FRANCE;02;AISNE;02173;Chauny;20;Risque technologique;21;Risque industriel;211;Effet thermique;FAUX;;FAUX;;2012-12-21;;;;;2014-12-22;;;Opposable;2020-01-01;Approuvé;2020-01-01;2025-04-09
PPRT;Plan de Prévention des Risques Technologiques;69DDT20200002;Vallée de la chimie;Direction départementale des territoires;;;;84;AUVERGNE-RHONE-ALPES;69;RHONE;69276;Feyzin;20;Risque technologique;21;Risque industriel;212;Effet de surpression;FAUX;;FAUX;;2015-04-21;;;;;2016-10-19;;;Opposable;2020-01-01;Approuvé;2020-01-01;2025-04-10
PPRT;Plan de Prévention des Risques Technologiques;38DDT20140002;ARKEMA AREVA-CEZUS - Jarrie;Direction départementale des territoires;;;;84;AUVERGNE-RHONE-ALPES;38;ISERE;38562;Vizille;20;Risque technologique;21;Risque industriel;211;Effet thermique;FAUX;;VRAI;38DDT20140007;2010-06-14;2010-10-15;2010-11-15;;;2010-12-20;;2015-05-22;Caduque;2020-01-01;Abrogé;2020-01-01;2020-12-04
PPRT;Plan de Prévention des Risques Technologiques;58DREAL20140002;Rhodia;Direction régionale de l'environnement, de l'aménagement et du logement;Rhodia (58);;;27;BOURGOGNE-FRANCHE-COMTE;58;NIEVRE;58079;Clamecy;20;Risque technologique;21;Risque industriel;213;Effet toxique;FAUX;;FAUX;;2009-03-26;;;;;2011-09-19;;;Opposable;2020-01-01;Approuvé;2020-01-01;2025-03-27
PPRT;Plan de Prévention des Risques Technologiques;51DDT20140007;51-PPRT ECOLAB ;Direction départementale des territoires;Saint-Martin-sur-le-Pré;;;44;GRAND EST;51;MARNE;51108;Châlons-en-Champagne;20;Risque technologique;21;Risque industriel;212;Effet de surpression;FAUX;;FAUX;;2009-09-30;;;;;2010-12-14;;;Opposable;2020-01-01;Approuvé;2020-01-01;2025-04-09
PPRT;Plan de Prévention des Risques Technologiques;63DREAL20140003;PPRT ANTARGAZ Cournon d'Auvergne;Direction régionale de l'environnement, de l'aménagement et du logement;Cournon d'Auvergne;;;84;AUVERGNE-RHONE-ALPES;63;PUY-DE-DOME;63124;Cournon-d'Auvergne;20;Risque technologique;21;Risque industriel;212;Effet de surpression;FAUX;;FAUX;;2009-12-28;;;;2018-07-12;;;;Caduque;2020-01-01;Déprescrit;2020-01-01;2025-02-20
PPRT;Plan de Prévention des Risques Technologiques;61DDT20130001;PPR-T - des Rives d'Andaine;Direction départementale des territoires;;;;28;NORMANDIE;61;ORNE;61096;Rives d'Andaine;20;Risque technologique;21;Risque industriel;213;Effet toxique;FAUX;;FAUX;;2010-12-17;2012-10-08;2012-11-09;;;2013-02-05;;;Opposable;2020-01-01;Approuvé;2020-01-01;2025-04-10
PPRT;Plan de Prévention des Risques Technologiques;38DDT20140002;ARKEMA AREVA-CEZUS - Jarrie;Direction départementale des territoires;;;;84;AUVERGNE-RHONE-ALPES;38;ISERE;38545;Vif;20;Risque technologique;21;Risque industriel;212;Effet de surpression;FAUX;;VRAI;38DDT20140007;2010-06-14;2010-10-15;2010-11-15;;;2010-12-20;;2015-05-22;Caduque;2020-01-01;Abrogé;2020-01-01;2020-12-04
PPRT;Plan de Prévention des Risques Technologiques;33DREAL20090003;BASSENS AMBARES;Direction régionale de l'environnement, de l'aménagement et du logement;BASSENS AMBARES;;;75;NOUVELLE-AQUITAINE;33;GIRONDE;33032;Bassens;20;Risque technologique;21;Risque industriel;213;Effet toxique;FAUX;;FAUX;;2008-12-22;;;;;2010-12-21;;;Opposable;2020-01-01;Approuvé;2020-01-01;2025-04-09
PPRT;Plan de Prévention des Risques Technologiques;40DREAL20130243;PPRT TIGF;Direction régionale de l'environnement, de l'aménagement et du logement;;;;75;NOUVELLE-AQUITAINE;40;LANDES;40080;Cazères-sur-l'Adour;20;Risque technologique;21;Risque industriel;211;Effet thermique;FAUX;;FAUX;;2011-06-23;2012-11-05;2012-12-06;;;2013-04-08;;;Opposable;2020-01-01;Approuvé;2020-01-01;2025-04-09
PPRT;Plan de Prévention des Risques Technologiques;69DREAL20170007;69 PPRT de Rilleux-la-Pape;Direction régionale de l'environnement, de l'aménagement et du logement;Rilleux-la-Pape;;;84;AUVERGNE-RHONE-ALPES;69;RHONE;69286;Rillieux-la-Pape;20;Risque technologique;21;Risque industriel;211;Effet thermique;FAUX;;FAUX;;2010-11-16;2012-01-04;2012-02-04;;;2012-09-11;;;Opposable;2020-01-01;Approuvé;2020-01-01;2025-04-04
;;69DDT20200003;Vallée de la chimie 2;;;;;;;;;69100;Irigny;20;Risque technologique;21;Risque industriel;211;Effet thermique;FAUX;;FAUX;;2019-12-27;;;;2021-02-04;;;;;;;;2021-02-05
PPRT;Plan de Prévention des Risques Technologiques;37DREAL20140002;DE SANGOSSE (Mettray);Direction régionale de l'environnement, de l'aménagement et du logement;;;;24;CENTRE-VAL DE LOIRE;37;INDRE-ET-LOIRE;37152;Mettray;20;Risque technologique;21;Risque industriel;213;Effet toxique;FAUX;;FAUX;;2011-04-19;2016-06-20;2016-07-22;;;2016-10-24;;;Opposable;2020-01-01;Approuvé;2020-01-01;2025-04-16
PPRT;Plan de Prévention des Risques Technologiques;13DREAL20140014;PPRT - Deulep 2014;Direction régionale de l'environnement, de l'aménagement et du logement;;;;93;PROVENCE-ALPES-COTE D'AZUR;13;BOUCHES-DU-RHONE;13078;Port-Saint-Louis-du-Rhône;20;Risque technologique;21;Risque industriel;212;Effet de surpression;FAUX;;FAUX;;2010-02-23;2013-11-04;2013-12-06;;;2014-05-26;;2025-03-07;Caduque;2020-01-01;Abrogé;2020-01-01;2025-04-09
PPRT;Plan de Prévention des Risques Technologiques;57DDT20140006;ARCELORMITTAL ATLANTIQUE LORR;Direction départementale des territoires;ARCELORMITTAL ATLANTIQUE LORR;;;44;GRAND EST;57;MOSELLE;57647;Serémange-Erzange;20;Risque technologique;21;Risque industriel;213;Effet toxique;FAUX;;FAUX;;2010-12-31;2014-05-13;2014-06-12;;;2014-08-22;;2025-09-26;Caduque;2020-01-01;Abrogé;2020-01-01;2025-10-02
PPRT;Plan de Prévention des Risques Technologiques;02DDT20150003;ROHM AND HAAS;Direction départementale des territoires;;;;32;HAUTS-DE-FRANCE;02;AISNE;02719;Sinceny;20;Risque technologique;21;Risque industriel;212;Effet de surpression;FAUX;;FAUX;;2012-12-21;;;;;2014-12-22;;;Opposable;2020-01-01;Approuvé;2020-01-01;2025-04-09
PPRT;Plan de Prévention des Risques Technologiques;36DDT20130018;AXEREAL (Saint-Maur);Direction départementale des territoires;;;;24;CENTRE-VAL DE LOIRE;36;INDRE;36202;Saint-Maur;20;Risque technologique;21;Risque industriel;212;Effet de surpression;FAUX;;FAUX;;2009-12-21;2011-12-10;2012-01-21;2012-07-10;;2012-04-26;;;Opposable;2020-01-01;Approuvé;2020-01-01;2025-04-10
PPRT;Plan de Prévention des Risques Technologiques;38DDT20140009;ADISSEO TOURMALINE-St-Clair-Rhôn;Direction départementale des territoires;38 et 69;;;84;AUVERGNE-RHONE-ALPES;38;ISERE;69064;Condrieu;20;Risque technologique;21;Risque industriel;212;Effet de surpression;FAUX;;FAUX;;2012-02-09;2018-04-24;2018-05-24;;;2018-07-18;;;Opposable;2020-01-01;Approuvé;2020-01-01;2025-04-10
PPRT;Plan de Prévention des Risques Technologiques;974DEAL20120001;PPRT SRPP;Direction de l'environnement, de l'aménagement et du logement;;;;04;LA REUNION;974;LA REUNION;97407;Le Port;20;Risque technologique;21;Risque industriel;211;Effet thermique;FAUX;;FAUX;;2011-06-15;2013-11-22;2013-12-23;;;2014-06-12;;;Opposable;2020-01-01;Approuvé;2020-01-01;2025-04-09
PPRT;Plan de Prévention des Risques Technologiques;63DREAL20140002;PPRT SANOFI Vertolaye;Direction régionale de l'environnement, de l'aménagement et du logement;Vertolaye;;;84;AUVERGNE-RHONE-ALPES;63;PUY-DE-DOME;63037;Bertignat;20;Risque technologique;21;Risque industriel;211;Effet thermique;FAUX;;FAUX;;2010-06-14;2014-01-13;;;;2014-04-04;;;Opposable;2020-01-01;Approuvé;2020-01-01;2025-04-09
PPRT;Plan de Prévention des Risques Technologiques;67DREAL20090006;68 PPRT TYM Hombourg;Direction régionale de l'environnement, de l'aménagement et du logement;68 PPRT TYM Hombourg;;;44;GRAND EST;68;HAUT-RHIN;68144;Hombourg;20;Risque technologique;21;Risque industriel;211;Effet thermique;FAUX;;FAUX;;2009-01-28;2010-04-12;2010-05-17;;;2010-09-16;;;Opposable;2020-01-01;Approuvé;2020-01-01;2025-04-09
PPRT;Plan de Prévention des Risques Technologiques;95DDT20130002;95-60-27 PPRT STORENGY;Direction départementale des territoires;;;;11;ILE-DE-FRANCE;95;VAL-D'OISE;95554;Saint-Gervais;20;Risque technologique;21;Risque industriel;211;Effet thermique;FAUX;;FAUX;;2010-10-08;2013-05-30;2013-06-29;;;2013-12-13;;;Opposable;2020-01-01;Approuvé;2020-01-01;2025-04-04
PPRT;Plan de Prévention des Risques Technologiques;79DDT20110044;PPRT TITANOBEL;Direction départementale des territoires;;;;75;NOUVELLE-AQUITAINE;79;DEUX-SEVRES;79165;Maisontiers;20;Risque technologique;21;Risque industriel;212;Effet de surpression;FAUX;;FAUX;;2008-06-10;2009-09-17;2009-10-19;;;2009-12-07;;;Opposable;2020-01-01;Approuvé;2020-01-01;2025-04-09
PPRT;Plan de Prévention des Risques Technologiques;78DDT20130013;PPRT STORENGY Beynes;Direction départementale des territoires;;;;11;ILE-DE-FRANCE;78;YVELINES;78062;Beynes;20;Risque technologique;21;Risque industriel;211;Effet thermique;FAUX;;FAUX;;2010-11-08;2012-02-13;2012-03-21;;;2012-05-07;;;Opposable;2020-01-01;Approuvé;2020-01-01;2025-04-10
PPRT;Plan de Prévention des Risques Technologiques;33DREAL20130131;PPRT CCMP PAUILLAC;Direction régionale de l'environnement, de l'aménagement et du logement;;;;75;NOUVELLE-AQUITAINE;33;GIRONDE;33314;Pauillac;20;Risque technologique;21;Risque industriel;212;Effet de surpression;FAUX;;FAUX;;2010-12-10;2012-07-24;;;;2012-12-21;;;Opposable;2020-01-01;Approuvé;2020-01-01;2025-04-09
PPRT;Plan de Prévention des Risques Technologiques;76DREAL20140005;Montville;Direction régionale de l'environnement, de l'aménagement et du logement;;;;28;NORMANDIE;76;SEINE-MARITIME;76452;Montville;20;Risque technologique;21;Risque industriel;212;Effet de surpression;FAUX;;FAUX;;2009-12-22;2013-04-02;2013-05-02;;;2013-07-25;;;Opposable;2020-01-01;Approuvé;2020-01-01;2025-04-09
PPRT;Plan de Prévention des Risques Technologiques;38DDT20140007;Rév. ARKEMA AREVA-CEZUS-Jarrie;Direction départementale des territoires;;;;84;AUVERGNE-RHONE-ALPES;38;ISERE;38445;Saint-Pierre-de-Mésage;20;Risque technologique;21;Risque industriel;212;Effet de surpression;VRAI;38DDT20140002;FAUX;;2011-12-21;2014-09-08;2014-10-09;;;2015-05-22;;;Opposable;2020-01-01;Approuvé;2020-01-01;2025-11-21
PPRT;Plan de Prévention des Risques Technologiques;67DREAL20090004;67 PPRT TOTAL PETROCHEMICALS;Direction régionale de l'environnement, de l'aménagement et du logement;67 PPRT TOTAL PETROCHEMICALS;;;44;GRAND EST;67;BAS-RHIN;67046;Bischwiller;20;Risque technologique;21;Risque industriel;212;Effet de surpression;FAUX;;FAUX;;2007-06-13;2008-10-13;2008-11-13;;;2009-06-12;;2018-04-20;Caduque;2020-01-01;Abrogé;2020-01-01;2018-08-31
PPRT;Plan de Prévention des Risques Technologiques;13DREAL20110046;PPRT - Eurenco [ Sorgues ] 2013 ;Direction départementale des territoires;;;;93;PROVENCE-ALPES-COTE D'AZUR;84;VAUCLUSE;84092;Le Pontet;20;Risque technologique;21;Risque industriel;213;Effet toxique;FAUX;;FAUX;;2009-07-06;2013-06-10;2013-07-10;;;2013-12-13;;;Opposable;2020-01-01;Approuvé;2020-01-01;2025-04-09
PPRT;Plan de Prévention des Risques Technologiques;73PREF20160026;PPRT-TRIMET;Préfecture;St Jean de Maurienne;;;84;AUVERGNE-RHONE-ALPES;73;SAVOIE;73135;La Tour-en-Maurienne;20;Risque technologique;21;Risque industriel;212;Effet de surpression;FAUX;;FAUX;;2009-12-31;2012-01-04;2012-02-04;;;2012-04-11;;;Opposable;2020-01-01;Approuvé;2020-01-01;2025-04-04
PPRT;Plan de Prévention des Risques Technologiques;16DDT20120003;PPRT Antargaz;Direction départementale des territoires;;;;75;NOUVELLE-AQUITAINE;16;CHARENTE;16152;Gimeux;20;Risque technologique;21;Risque industriel;211;Effet thermique;FAUX;;FAUX;;2009-12-18;;;;;2012-12-10;;;Opposable;2020-01-01;Approuvé;2020-01-01;2025-04-09
PPRT;Plan de Prévention des Risques Technologiques;41DREAL20140003;NEXTER Munitions (Ferté-Imbault);Direction régionale de l'environnement, de l'aménagement et du logement;;;;24;CENTRE-VAL DE LOIRE;41;LOIR-ET-CHER;41231;Saint-Viâtre;20;Risque technologique;21;Risque industriel;211;Effet thermique;FAUX;;FAUX;;2009-11-19;2013-01-07;2013-02-08;;;2013-05-16;;;Opposable;2020-01-01;Approuvé;2020-01-01;2025-04-09
PPRT;Plan de Prévention des Risques Technologiques;60DREAL20140008;PPRT Addivant - Catenoy;Direction régionale de l'environnement, de l'aménagement et du logement;;;;32;HAUTS-DE-FRANCE;60;OISE;60130;Catenoy;20;Risque technologique;21;Risque industriel;211;Effet thermique;FAUX;;FAUX;;2009-12-16;2013-08-23;2013-10-01;;;2013-11-27;;;Opposable;2020-01-01;Approuvé;2020-01-01;2025-03-27
PPRT;Plan de Prévention des Risques Technologiques;13DREAL20140017; PPRT - EURENCO [ Saint Martin de Crau ];Direction régionale de l'environnement, de l'aménagement et du logement;;;;93;PROVENCE-ALPES-COTE D'AZUR;13;BOUCHES-DU-RHONE;13097;Saint-Martin-de-Crau;20;Risque technologique;21;Risque industriel;212;Effet de surpression;FAUX;;FAUX;;2010-12-30;2013-12-30;2014-01-31;;;2014-06-30;;;Opposable;2020-01-01;Approuvé;2020-01-01;2025-04-09
PPRT;Plan de Prévention des Risques Technologiques;PPRT_2022_0003;PPRT - Etablissement DGATT Bourges;Direction départementale des territoires;;;;;;18;CHER;18081;Crosses;20;Risque technologique;21;Risque industriel;214;Effet de projection;FAUX;;FAUX;;2020-11-06;;;;;2023-08-03;;;Opposable;2020-01-01;Approuvé;2020-01-01;2025-04-02
PPRT;Plan de Prévention des Risques Technologiques;77DDT20130001;PPRT COGNIS-BASF;Direction départementale des territoires;PPRT COGNIS-BASF;;;11;ILE-DE-FRANCE;77;SEINE-ET-MARNE;77475;Trilport;20;Risque technologique;21;Risque industriel;211;Effet thermique;FAUX;;FAUX;;2009-11-12;2012-10-15;2012-11-17;;;2013-02-12;;;Opposable;2020-01-01;Approuvé;2020-01-01;2025-04-09
PPRT;Plan de Prévention des Risques Technologiques;67DREAL20090004;67 PPRT TOTAL PETROCHEMICALS;Direction régionale de l'environnement, de l'aménagement et du logement;67 PPRT TOTAL PETROCHEMICALS;;;44;GRAND EST;67;BAS-RHIN;67046;Bischwiller;20;Risque technologique;21;Risque industriel;211;Effet thermique;FAUX;;FAUX;;2007-06-13;2008-10-13;2008-11-13;;;2009-06-12;;2018-04-20;Caduque;2020-01-01;Abrogé;2020-01-01;2018-08-31
PPRT;Plan de Prévention des Risques Technologiques;45DREAL20140006;VWR (Briare);Direction régionale de l'environnement, de l'aménagement et du logement;;;;24;CENTRE-VAL DE LOIRE;45;LOIRET;45053;Briare;20;Risque technologique;21;Risque industriel;213;Effet toxique;FAUX;;FAUX;;2009-12-24;2012-06-18;2012-07-21;;;2012-11-08;;;Opposable;2020-01-01;Approuvé;2020-01-01;2025-04-03
PPRT;Plan de Prévention des Risques Technologiques;33DREAL20140001;PPRT ST-JEAN-D'ILLAC;Direction régionale de l'environnement, de l'aménagement et du logement;;;;75;NOUVELLE-AQUITAINE;33;GIRONDE;33528;Le Temple;20;Risque technologique;21;Risque industriel;212;Effet de surpression;FAUX;;FAUX;;2011-12-30;;;;;2013-05-13;;;Opposable;2020-01-01;Approuvé;2020-01-01;2025-04-09
PPRT;Plan de Prévention des Risques Technologiques;83DREAL20140146;PPRT - Site militaire [ Tourris ] 2014;Direction régionale de l'environnement, de l'aménagement et du logement;;;;93;PROVENCE-ALPES-COTE D'AZUR;83;VAR;83103;Le Revest-les-Eaux;20;Risque technologique;21;Risque industriel;212;Effet de surpression;FAUX;;FAUX;;2012-03-22;;;;;2014-03-06;;;Opposable;2020-01-01;Approuvé;2020-01-01;2025-04-15
PPRT;Plan de Prévention des Risques Technologiques;89DREAL20140003;PSV;Direction régionale de l'environnement, de l'aménagement et du logement;PSV (89);;;27;BOURGOGNE-FRANCHE-COMTE;89;YONNE;89443;Véron;20;Risque technologique;21;Risque industriel;213;Effet toxique;FAUX;;FAUX;;2009-12-10;;;;;2012-04-27;;;Opposable;2020-01-01;Approuvé;2020-01-01;2025-03-28
PPRT;Plan de Prévention des Risques Technologiques;18DDT20140002;PPRT du site militaire d'Avord;Direction départementale des territoires;;;;24;CENTRE-VAL DE LOIRE;18;CHER;18247;Savigny-en-Septaine;20;Risque technologique;21;Risque industriel;212;Effet de surpression;FAUX;;FAUX;;2012-12-21;2014-11-03;2014-12-02;;;2015-03-09;;;Opposable;2020-01-01;Approuvé;2020-01-01;2025-04-02
PPRT;Plan de Prévention des Risques Technologiques;78DDT20130012;PPRT TOTAL Gargenville;Direction départementale des territoires;;;;11;ILE-DE-FRANCE;78;YVELINES;78501;Porcheville;20;Risque technologique;21;Risque industriel;211;Effet thermique;FAUX;;FAUX;;2009-06-15;;;;;2012-12-26;;;Opposable;2020-01-01;Approuvé;2020-01-01;2025-04-10
PPRT;Plan de Prévention des Risques Technologiques;29DREAL20140001;PPRT Mc BRIDE ;Direction régionale de l'environnement, de l'aménagement et du logement;DLI;;;53;BRETAGNE;29;FINISTERE;29241;Rosporden;20;Risque technologique;21;Risque industriel;211;Effet thermique;FAUX;;FAUX;;2009-10-05;;;;;2011-12-28;;;Opposable;2020-01-01;Approuvé;2020-01-01;2025-03-26
PPRT;Plan de Prévention des Risques Technologiques;974DEAL20090002;PPRT BOUYGUES TP;Direction de l'environnement, de l'aménagement et du logement;PPRT BOUYGUES TP;;;04;LA REUNION;974;LA REUNION;97415;Saint-Paul;20;Risque technologique;21;Risque industriel;212;Effet de surpression;FAUX;;FAUX;;2009-02-02;2011-10-10;2011-11-09;;;2012-04-30;;;Opposable;2020-01-01;Approuvé;2020-01-01;2025-04-09
PPRT;Plan de Prévention des Risques Technologiques;81DREAL20140001;PPRT - SEPIPROD;Direction régionale de l'environnement, de l'aménagement et du logement;;;;76;OCCITANIE;81;TARN;81065;Castres;20;Risque technologique;21;Risque industriel;212;Effet de surpression;FAUX;;FAUX;;2010-04-20;2013-05-15;;;;2013-09-06;;;Opposable;2020-01-01;Approuvé;2020-01-01;2025-04-09
PPRT;Plan de Prévention des Risques Technologiques;02DDT20160003;STORENGY;Direction départementale des territoires;;;;32;HAUTS-DE-FRANCE;02;AISNE;02512;Montigny-l'Allier;20;Risque technologique;21;Risque industriel;212;Effet de surpression;FAUX;;FAUX;;2010-10-13;2012-12-17;2013-01-29;2013-07-05;;2013-04-12;;;Opposable;2020-01-01;Approuvé;2020-01-01;2012-04-13
PPRT;Plan de Prévention des Risques Technologiques;69DDT20200002;Vallée de la chimie;Direction départementale des territoires;;;;84;AUVERGNE-RHONE-ALPES;69;RHONE;69149;Oullins;20;Risque technologique;21;Risque industriel;212;Effet de surpression;FAUX;;FAUX;;2015-04-21;;;;;2016-10-19;;;Opposable;2020-01-01;Approuvé;2020-01-01;2025-04-10
PPRT;Plan de Prévention des Risques Technologiques;45DREAL20090007;AXEREAL (ex-LIGEA) (Blois);Direction régionale de l'environnement, de l'aménagement et du logement;;;;24;CENTRE-VAL DE LOIRE;41;LOIR-ET-CHER;41018;Blois;20;Risque technologique;21;Risque industriel;211;Effet thermique;FAUX;;FAUX;;2007-07-16;2009-11-16;2009-12-17;;;2010-03-30;;;Opposable;2020-01-01;Approuvé;2020-01-01;2025-04-09
PPRT;Plan de Prévention des Risques Technologiques;49DDT20110020;PPRT Zach System Avrillé;Direction départementale des territoires;;;;52;PAYS DE LA LOIRE;49;MAINE-ET-LOIRE;49015;Avrillé;20;Risque technologique;21;Risque industriel;213;Effet toxique;FAUX;;FAUX;;2010-12-22;2014-05-12;2014-06-13;;;2014-10-06;;;Opposable;2020-01-01;Approuvé;2020-01-01;2025-04-04
PPRT;Plan de Prévention des Risques Technologiques;38DDT20140007;Rév. ARKEMA AREVA-CEZUS-Jarrie;Direction départementale des territoires;;;;84;AUVERGNE-RHONE-ALPES;38;ISERE;38200;Jarrie;20;Risque technologique;21;Risque industriel;211;Effet thermique;VRAI;38DDT20140002;FAUX;;2011-12-21;2014-09-08;2014-10-09;;;2015-05-22;;;Opposable;2020-01-01;Approuvé;2020-01-01;2025-11-21
PPRT;Plan de Prévention des Risques Technologiques;02DDT20190001;KUEHNE+NAGEL;Direction départementale des territoires;;;;32;HAUTS-DE-FRANCE;02;AISNE;02780;Venizel;20;Risque technologique;21;Risque industriel;211;Effet thermique;FAUX;;FAUX;;2009-06-18;;;;;2010-08-16;;;Opposable;2020-01-01;Approuvé;2020-01-01;2025-04-09
PPRT;Plan de Prévention des Risques Technologiques;89DREAL20140006;Chemetall;Direction régionale de l'environnement, de l'aménagement et du logement;;;;27;BOURGOGNE-FRANCHE-COMTE;89;YONNE;89387;Sens;20;Risque technologique;21;Risque industriel;212;Effet de surpression;FAUX;;FAUX;;2008-05-28;;;;;2011-09-05;;;Opposable;2020-01-01;Approuvé;2020-01-01;2025-03-28
PPRT;Plan de Prévention des Risques Technologiques;51DREAL20090006;PPRT de SEVEAL LUDRES;Direction régionale de l'environnement, de l'aménagement et du logement;PPRT de SEVEAL LUDRES;;;44;GRAND EST;54;MEURTHE-ET-MOSELLE;54328;Ludres;20;Risque technologique;21;Risque industriel;211;Effet thermique;FAUX;;FAUX;;2008-11-18;;;;;2010-09-13;;;Opposable;2020-01-01;Approuvé;2020-01-01;2025-04-09
PPRT;Plan de Prévention des Risques Technologiques;62DREAL20140001;PPRT DE SANGOSSE;Direction régionale de l'environnement, de l'aménagement et du logement;;;;32;HAUTS-DE-FRANCE;62;PAS-DE-CALAIS;62559;Marquion;20;Risque technologique;21;Risque industriel;211;Effet thermique;FAUX;;FAUX;;2009-06-09;2010-06-14;2010-07-15;;;2010-10-21;;;Opposable;2020-01-01;Approuvé;2020-01-01;2025-04-04
PPRT;Plan de Prévention des Risques Technologiques;2BDREAL20170001;PPRT BUTAGAZ;Direction régionale de l'environnement, de l'aménagement et du logement;;;;94;CORSE;2B;HAUTE-CORSE;2B148;Lucciana;20;Risque technologique;21;Risque industriel;211;Effet thermique;FAUX;;FAUX;;2012-06-13;;;;;2016-06-28;;;Opposable;2020-01-01;Approuvé;2020-01-01;2025-03-25
PPRT;Plan de Prévention des Risques Technologiques;40DREAL20140001;PPRT DE BISCARROSSE;Direction régionale de l'environnement, de l'aménagement et du logement;;;;75;NOUVELLE-AQUITAINE;40;LANDES;40046;Biscarrosse;20;Risque technologique;21;Risque industriel;211;Effet thermique;FAUX;;FAUX;;2012-05-29;;;;;2013-10-08;;;Opposable;2020-01-01;Approuvé;2020-01-01;2025-04-09
PPRT;Plan de Prévention des Risques Technologiques;24DREAL20130013;PPRT BREZAC Le Fleix;Direction régionale de l'environnement, de l'aménagement et du logement;;;;75;NOUVELLE-AQUITAINE;24;DORDOGNE;24182;Le Fleix;20;Risque technologique;21;Risque industriel;211;Effet thermique;FAUX;;FAUX;;2010-04-09;2011-09-19;;;;2011-12-05;;;Opposable;2020-01-01;Approuvé;2020-01-01;2025-04-09
PPRT;Plan de Prévention des Risques Technologiques;76DDTM20150003;ZIP Petit et Grand Quevilly;Direction départementale des territoires et de la mer;;;;28;NORMANDIE;76;SEINE-MARITIME;76717;Val-de-la-Haye;20;Risque technologique;21;Risque industriel;213;Effet toxique;FAUX;;FAUX;;2012-12-13;2017-09-20;2017-11-09;;;2018-01-25;;;Opposable;2020-01-01;Approuvé;2020-01-01;2025-04-09
PPRT;Plan de Prévention des Risques Technologiques;10DDT20130014;PPRT-Cristal Union ;Direction départementale des territoires;;;;44;GRAND EST;10;AUBE;10006;Arcis-sur-Aube;20;Risque technologique;21;Risque industriel;213;Effet toxique;FAUX;;FAUX;;2007-12-13;;;;;2009-11-10;;;Opposable;2020-01-01;Approuvé;2020-01-01;2025-04-09
PPRT;Plan de Prévention des Risques Technologiques;77DDT20130005;PPRT STORENGY;Direction départementale des territoires;PPRT STORENGY;;;11;ILE-DE-FRANCE;77;SEINE-ET-MARNE;02465;Marigny-en-Orxois;20;Risque technologique;21;Risque industriel;211;Effet thermique;FAUX;;FAUX;;2010-10-13;;;;;2013-04-12;;;Opposable;2020-01-01;Approuvé;2020-01-01;2025-04-09
PPRT;Plan de Prévention des Risques Technologiques;38DDT20140002;ARKEMA AREVA-CEZUS - Jarrie;Direction départementale des territoires;;;;84;AUVERGNE-RHONE-ALPES;38;ISERE;38545;Vif;20;Risque technologique;21;Risque industriel;213;Effet toxique;FAUX;;VRAI;38DDT20140007;2010-06-14;2010-10-15;2010-11-15;;;2010-12-20;;2015-05-22;Caduque;2020-01-01;Abrogé;2020-01-01;2020-12-04
PPRT;Plan de Prévention des Risques Technologiques;83DREAL20140146;PPRT - Site militaire [ Tourris ] 2014;Direction régionale de l'environnement, de l'aménagement et du logement;;;;93;PROVENCE-ALPES-COTE D'AZUR;83;VAR;83144;La Valette-du-Var;20;Risque technologique;21;Risque industriel;212;Effet de surpression;FAUX;;FAUX;;2012-03-22;;;;;2014-03-06;;;Opposable;2020-01-01;Approuvé;2020-01-01;2025-04-15
PPRT;Plan de Prévention des Risques Technologiques;61DDT20130001;PPR-T - des Rives d'Andaine;Direction départementale des territoires;;;;28;NORMANDIE;61;ORNE;53230;Saint-Julien-du-Terroux;20;Risque technologique;21;Risque industriel;213;Effet toxique;FAUX;;FAUX;;2010-12-17;2012-10-08;2012-11-09;;;2013-02-05;;;Opposable;2020-01-01;Approuvé;2020-01-01;2025-04-10
PPRT;Plan de Prévention des Risques Technologiques;83DREAL20140007;PPRT - Titanobel [ Mazaugues ] 2011;Direction régionale de l'environnement, de l'aménagement et du logement;;;;93;PROVENCE-ALPES-COTE D'AZUR;83;VAR;83140;Tourves;20;Risque technologique;21;Risque industriel;212;Effet de surpression;FAUX;;FAUX;;2009-07-01;;;;;2011-07-01;;;Opposable;2020-01-01;Approuvé;2020-01-01;2025-04-15
PPRT;Plan de Prévention des Risques Technologiques;45DREAL20140005;DPO (Saint-Jean-de-Braye);Direction régionale de l'environnement, de l'aménagement et du logement;;;;24;CENTRE-VAL DE LOIRE;45;LOIRET;45284;Saint-Jean-de-Braye;20;Risque technologique;21;Risque industriel;211;Effet thermique;FAUX;;FAUX;;2010-03-01;;;;;2017-09-25;;;Opposable;2020-01-01;Approuvé;2020-01-01;2025-04-03
PPRT;Plan de Prévention des Risques Technologiques;59DDTM20170004;PPRT dépôt pétrolier CAMBRAI D;Direction départementale des territoires et de la mer;;;;32;HAUTS-DE-FRANCE;59;NORD;59500;Ribécourt-la-Tour;20;Risque technologique;21;Risque industriel;211;Effet thermique;FAUX;;FAUX;;2017-05-16;2020-09-01;2020-10-02;;;2020-11-14;;;Opposable;2020-01-01;Approuvé;2020-01-01;2025-04-10
PPRT;Plan de Prévention des Risques Technologiques;49DDT20130001;PPRT EPC France St Crespin/Moine;Direction départementale des territoires;;;;52;PAYS DE LA LOIRE;49;MAINE-ET-LOIRE;44043;Clisson;20;Risque technologique;21;Risque industriel;212;Effet de surpression;FAUX;;FAUX;;2007-09-25;2013-06-18;2013-07-19;;;2013-10-28;;;Opposable;2020-01-01;Approuvé;2020-01-01;2025-04-04
PPRT;Plan de Prévention des Risques Technologiques;78DDT20130012;PPRT TOTAL Gargenville;Direction départementale des territoires;;;;11;ILE-DE-FRANCE;78;YVELINES;78314;Issou;20;Risque technologique;21;Risque industriel;212;Effet de surpression;FAUX;;FAUX;;2009-06-15;;;;;2012-12-26;;;Opposable;2020-01-01;Approuvé;2020-01-01;2025-04-10
PPRT;Plan de Prévention des Risques Technologiques;30DDTM20110001;PPRT - EPC (ex NITROBICKFORD);Direction départementale des territoires et de la mer;;;;76;OCCITANIE;30;GARD;30042;Boisset-et-Gaujac;20;Risque technologique;21;Risque industriel;212;Effet de surpression;FAUX;;FAUX;;2009-07-17;;;;;2012-04-18;;;Opposable;2020-01-01;Approuvé;2020-01-01;2025-04-09
PPRT;Plan de Prévention des Risques Technologiques;64DREAL20130259;PPRT LACQ MONT;Direction régionale de l'environnement, de l'aménagement et du logement;;;;75;NOUVELLE-AQUITAINE;64;PYRENEES-ATLANTIQUES;64396;Mont;20;Risque technologique;21;Risque industriel;212;Effet de surpression;FAUX;;FAUX;;2010-10-19;;;;;2014-05-06;;;Opposable;2020-01-01;Approuvé;2020-01-01;2025-06-11
PPRT;Plan de Prévention des Risques Technologiques;39DREAL20140001;PPRt Solvay;Direction régionale de l'environnement, de l'aménagement et du logement;Solvay;;;27;BOURGOGNE-FRANCHE-COMTE;39;JURA;39189;Damparis;20;Risque technologique;21;Risque industriel;212;Effet de surpression;FAUX;;FAUX;;2008-07-01;2009-09-17;;;;2010-02-24;;;Opposable;2020-01-01;Approuvé;2020-01-01;2025-04-04
PPRT;Plan de Prévention des Risques Technologiques;38DDT20140002;ARKEMA AREVA-CEZUS - Jarrie;Direction départementale des territoires;;;;84;AUVERGNE-RHONE-ALPES;38;ISERE;38528;Vaulnaveys-le-Bas;20;Risque technologique;21;Risque industriel;213;Effet toxique;FAUX;;VRAI;38DDT20140007;2010-06-14;2010-10-15;2010-11-15;;;2010-12-20;;2015-05-22;Caduque;2020-01-01;Abrogé;2020-01-01;2020-12-04
PPRT;Plan de Prévention des Risques Technologiques;31DREAL20150001;PPRT - ESSO modifié;Direction régionale de l'environnement, de l'aménagement et du logement;TOULOUSE;;;76;OCCITANIE;31;HAUTE-GARONNE;31555;Toulouse;20;Risque technologique;21;Risque industriel;211;Effet thermique;FAUX;;FAUX;;2024-04-04;;;;;2024-10-10;;;Opposable;2020-01-01;Approuvé;2020-01-01;2025-04-09
PPRT;Plan de Prévention des Risques Technologiques;57DDT20140007;Plate-forme Saint-Avold Nord;Direction départementale des territoires;Plate-forme Saint-Avold Nord;;;44;GRAND EST;57;MOSELLE;57550;Porcelette;20;Risque technologique;21;Risque industriel;213;Effet toxique;FAUX;;FAUX;;2009-03-26;2013-05-16;2013-06-17;;;2013-10-22;;;Opposable;2020-01-01;Approuvé;2020-01-01;2025-04-10
PPRT;Plan de Prévention des Risques Technologiques;64DREAL20130258;PPRT LBC;Direction régionale de l'environnement, de l'aménagement et du logement;;;;75;NOUVELLE-AQUITAINE;64;PYRENEES-ATLANTIQUES;64024;Anglet;20;Risque technologique;21;Risque industriel;213;Effet toxique;FAUX;;FAUX;;2008-12-30;;;;;2013-04-05;;;Opposable;2020-01-01;Approuvé;2020-01-01;2025-06-11
PPRT;Plan de Prévention des Risques Technologiques;83DREAL20140146;PPRT - Site militaire [ Tourris ] 2014;Direction régionale de l'environnement, de l'aménagement et du logement;;;;93;PROVENCE-ALPES-COTE D'AZUR;83;VAR;83131;Solliès-Toucas;20;Risque technologique;21;Risque industriel;211;Effet thermique;FAUX;;FAUX;;2012-03-22;;;;;2014-03-06;;;Opposable;2020-01-01;Approuvé;2020-01-01;2025-04-15
PPRT;Plan de Prévention des Risques Technologiques;27DDTM20150003;SYNGENTA;Direction départementale des territoires et de la mer;;;;28;NORMANDIE;27;EURE;27599;Saint-Pierre-la-Garenne;20;Risque technologique;21;Risque industriel;213;Effet toxique;FAUX;;FAUX;;2009-12-29;2012-06-04;2012-07-04;2014-08-01;;2012-12-12;;;Opposable;2020-01-01;Approuvé;2020-01-01;2025-04-04
PPRT;Plan de Prévention des Risques Technologiques;51DDT20160006;PPRT C4 Suippes;Direction départementale des territoires;;;;44;GRAND EST;51;MARNE;51491;Saint-Jean-sur-Tourbe;20;Risque technologique;21;Risque industriel;212;Effet de surpression;FAUX;;FAUX;;2016-11-15;2018-01-05;2018-02-09;;;2018-05-09;;;Opposable;2020-01-01;Approuvé;2020-01-01;2025-04-09
PPRT;Plan de Prévention des Risques Technologiques;38DDT20140009;ADISSEO TOURMALINE-St-Clair-Rhôn;Direction départementale des territoires;38 et 69;;;84;AUVERGNE-RHONE-ALPES;38;ISERE;38340;Les Roches-de-Condrieu;20;Risque technologique;21;Risque industriel;211;Effet thermique;FAUX;;FAUX;;2012-02-09;2018-04-24;2018-05-24;;;2018-07-18;;;Opposable;2020-01-01;Approuvé;2020-01-01;2025-04-10
PPRT;Plan de Prévention des Risques Technologiques;59DREAL20090004;PPRT EPV - ANTARGAZ;Direction régionale de l'environnement, de l'aménagement et du logement;;;;32;HAUTS-DE-FRANCE;59;NORD;59288;Haulchin;20;Risque technologique;21;Risque industriel;212;Effet de surpression;FAUX;;FAUX;;2008-12-02;2011-05-16;2011-06-18;2012-05-10;;2011-08-23;;;Opposable;2020-01-01;Approuvé;2020-01-01;2025-04-10
PPRT;Plan de Prévention des Risques Technologiques;57DDT20140007;Plate-forme Saint-Avold Nord;Direction départementale des territoires;Plate-forme Saint-Avold Nord;;;44;GRAND EST;57;MOSELLE;57606;Saint-Avold;20;Risque technologique;21;Risque industriel;212;Effet de surpression;FAUX;;FAUX;;2009-03-26;2013-05-16;2013-06-17;;;2013-10-22;;;Opposable;2020-01-01;Approuvé;2020-01-01;2025-04-10
PPRT;Plan de Prévention des Risques Technologiques;76DREAL20140008;Port Jérôme;Direction régionale de l'environnement, de l'aménagement et du logement;;;;28;NORMANDIE;76;SEINE-MARITIME;76476;Port-Jérôme-sur-Seine;20;Risque technologique;21;Risque industriel;211;Effet thermique;FAUX;;FAUX;;2009-05-29;2014-04-14;2014-05-21;;;2014-08-07;;;Opposable;2020-01-01;Approuvé;2020-01-01;2025-04-04
PPRT;Plan de Prévention des Risques Technologiques;77DDT20130006;PPRT TOTAL GPN;Direction départementale des territoires;PPRT TOTAL GPN;;;11;ILE-DE-FRANCE;77;SEINE-ET-MARNE;77211;Grandpuits-Bailly-Carrois;20;Risque technologique;21;Risque industriel;213;Effet toxique;FAUX;;FAUX;;2009-12-21;2013-05-14;2013-06-13;;;2013-09-05;;;Opposable;2020-01-01;Approuvé;2020-01-01;2025-04-09
PPRT;Plan de Prévention des Risques Technologiques;38DDT20180005;TOTAL / ESSO / SPMR / SDSP;Direction départementale des territoires;;;;84;AUVERGNE-RHONE-ALPES;38;ISERE;38215;Luzinay;20;Risque technologique;21;Risque industriel;211;Effet thermique;FAUX;;FAUX;;2012-12-12;2018-09-17;2018-10-18;;;2018-12-11;;;Opposable;2020-01-01;Approuvé;2020-01-01;2025-08-11
PPRT;Plan de Prévention des Risques Technologiques;38DDT20140002;ARKEMA AREVA-CEZUS - Jarrie;Direction départementale des territoires;;;;84;AUVERGNE-RHONE-ALPES;38;ISERE;38388;Saint-Georges-de-Commiers;20;Risque technologique;21;Risque industriel;211;Effet thermique;FAUX;;VRAI;38DDT20140007;2010-06-14;2010-10-15;2010-11-15;;;2010-12-20;;2015-05-22;Caduque;2020-01-01;Abrogé;2020-01-01;2020-12-04
PPRT;Plan de Prévention des Risques Technologiques;13DREAL20140005;PPRT - Fos Ouest 2023;Direction régionale de l'environnement, de l'aménagement et du logement;;;;93;PROVENCE-ALPES-COTE D'AZUR;13;BOUCHES-DU-RHONE;13039;Fos-sur-Mer;20;Risque technologique;21;Risque industriel;212;Effet de surpression;FAUX;;FAUX;;2012-12-03;;;;;2023-04-06;;;Opposable;2020-01-01;Approuvé;2020-01-01;2025-04-09
PPRT;Plan de Prévention des Risques Technologiques;38DDT20140007;Rév. ARKEMA AREVA-CEZUS-Jarrie;Direction départementale des territoires;;;;84;AUVERGNE-RHONE-ALPES;38;ISERE;38252;Montchaboud;20;Risque technologique;21;Risque industriel;213;Effet toxique;VRAI;38DDT20140002;FAUX;;2011-12-21;2014-09-08;2014-10-09;;;2015-05-22;;;Opposable;2020-01-01;Approuvé;2020-01-01;2025-11-21
PPRT;Plan de Prévention des Risques Technologiques;38DDT20140005;ROUSSILLON-SALAISE SUR SANNE;Direction départementale des territoires;;;;84;AUVERGNE-RHONE-ALPES;38;ISERE;38344;Roussillon;20;Risque technologique;21;Risque industriel;213;Effet toxique;FAUX;;FAUX;;2009-04-06;2014-01-27;2014-02-28;;;2014-07-09;;;Opposable;2020-01-01;Approuvé;2020-01-01;2017-06-09
PPRT;Plan de Prévention des Risques Technologiques;14DDTM20160001;PPRT EPC France (Boulon);Direction départementale des territoires et de la mer;calvados;;;28;NORMANDIE;14;CALVADOS;14100;Bretteville-sur-Laize;20;Risque technologique;21;Risque industriel;212;Effet de surpression;FAUX;;FAUX;;2011-02-01;;;;;2013-04-03;;;Opposable;2020-01-01;Approuvé;2020-01-01;2025-04-10
PPRT;Plan de Prévention des Risques Technologiques;77DDT20130004;PPRT SOGIF;Direction départementale des territoires;PPRT SOGIF;;;11;ILE-DE-FRANCE;77;SEINE-ET-MARNE;77251;Lieusaint;20;Risque technologique;21;Risque industriel;213;Effet toxique;FAUX;;FAUX;;2009-11-23;2010-09-22;2010-10-23;;;2010-12-14;;;Opposable;2020-01-01;Approuvé;2020-01-01;2025-04-09
PPRT;Plan de Prévention des Risques Technologiques;22DDTM20080005;PPR TOTALGAZ;Direction départementale des territoires et de la mer;;;;53;BRETAGNE;22;COTES-D'ARMOR;22300;Saint-Hervé;20;Risque technologique;21;Risque industriel;211;Effet thermique;FAUX;;FAUX;;2008-05-29;;;;;2014-03-27;;2023-10-13;Caduque;2020-01-01;Abrogé;2020-01-01;2024-06-27
PPRT;Plan de Prévention des Risques Technologiques;55DDT20210005;PPRT ROZELIER;Direction départementale des territoires;PPRT ROZELIER;;;44;GRAND EST;55;MEUSE;55361;Moulainville;20;Risque technologique;21;Risque industriel;214;Effet de projection;FAUX;;FAUX;;2017-11-15;;;;;2023-07-06;;;Opposable;2020-01-01;Approuvé;2020-01-01;2025-04-10
PPRT;Plan de Prévention des Risques Technologiques;40DREAL20130238;PPRT  DRT Vielle Saint Girons;Direction régionale de l'environnement, de l'aménagement et du logement;;;;75;NOUVELLE-AQUITAINE;40;LANDES;40326;Vielle-Saint-Girons;20;Risque technologique;21;Risque industriel;213;Effet toxique;FAUX;;FAUX;;2008-05-30;2009-12-08;2010-01-08;;;2010-04-28;;;Opposable;2020-01-01;Approuvé;2020-01-01;2025-04-09
PPRT;Plan de Prévention des Risques Technologiques;38DDT20140007;Rév. ARKEMA AREVA-CEZUS-Jarrie;Direction départementale des territoires;;;;84;AUVERGNE-RHONE-ALPES;38;ISERE;38252;Montchaboud;20;Risque technologique;21;Risque industriel;211;Effet thermique;VRAI;38DDT20140002;FAUX;;2011-12-21;2014-09-08;2014-10-09;;;2015-05-22;;;Opposable;2020-01-01;Approuvé;2020-01-01;2025-11-21
PPRT;Plan de Prévention des Risques Technologiques;37DREAL20140003;SOCAGRA (St Antoine du Rocher);Direction régionale de l'environnement, de l'aménagement et du logement;;;;24;CENTRE-VAL DE LOIRE;37;INDRE-ET-LOIRE;37206;Saint-Antoine-du-Rocher;20;Risque technologique;21;Risque industriel;211;Effet thermique;FAUX;;FAUX;;2010-01-21;2012-10-15;2012-11-16;;;2013-01-18;;;Opposable;2020-01-01;Approuvé;2020-01-01;2025-04-16
PPRT;Plan de Prévention des Risques Technologiques;60DREAL20140001;STORENGY;Direction régionale de l'environnement, de l'aménagement et du logement;;;;32;HAUTS-DE-FRANCE;60;OISE;60061;Belloy;20;Risque technologique;21;Risque industriel;212;Effet de surpression;FAUX;;FAUX;;2012-12-19;2014-10-06;2014-11-06;;;2014-12-30;;;Opposable;2020-01-01;Approuvé;2020-01-01;2025-03-27
PPRT;Plan de Prévention des Risques Technologiques;68DREAL20140001;68 PPRT PPC CRISTAL;Direction régionale de l'environnement, de l'aménagement et du logement;68 PPRT PPC CRISTAL;;;44;GRAND EST;68;HAUT-RHIN;68348;Vieux-Thann;20;Risque technologique;21;Risque industriel;212;Effet de surpression;FAUX;;FAUX;;2010-12-31;2014-01-13;2014-02-14;;;2014-05-16;;;Opposable;2020-01-01;Approuvé;2020-01-01;2012-01-23
PPRT;Plan de Prévention des Risques Technologiques;PPRT_2022_0003;PPRT - Etablissement DGATT Bourges;Direction départementale des territoires;;;;;;18;CHER;18033;Bourges;20;Risque technologique;21;Risque industriel;211;Effet thermique;FAUX;;FAUX;;2020-11-06;;;;;2023-08-03;;;Opposable;2020-01-01;Approuvé;2020-01-01;2025-04-02
PPRT;Plan de Prévention des Risques Technologiques;64DREAL20150001;PPRT - MOURENX/PARDIES (Modification);Direction régionale de l'environnement, de l'aménagement et du logement;MOURENX/PARDIES;;;75;NOUVELLE-AQUITAINE;64;PYRENEES-ATLANTIQUES;64443;Pardies;20;Risque technologique;21;Risque industriel;213;Effet toxique;FAUX;;FAUX;;2011-02-08;;;;;2015-04-15;;;Opposable;2020-01-01;Approuvé;2020-01-01;2024-06-28
PPRT;Plan de Prévention des Risques Technologiques;67DREAL20090002;67 PPRT RHONE GAZ;Direction régionale de l'environnement, de l'aménagement et du logement;67 PPRT RHONE GAZ;;;44;GRAND EST;67;BAS-RHIN;67194;Herrlisheim;20;Risque technologique;21;Risque industriel;211;Effet thermique;FAUX;;FAUX;;2009-03-11;2012-02-22;2012-03-22;;;2012-09-04;;;Opposable;2020-01-01;Approuvé;2020-01-01;2025-04-09
PPRT;Plan de Prévention des Risques Technologiques;91DDT20130012;SEA parc C;Direction départementale des territoires;;;;11;ILE-DE-FRANCE;91;ESSONNE;91100;Bouville;20;Risque technologique;21;Risque industriel;212;Effet de surpression;FAUX;;FAUX;;2013-01-28;;;;;2015-07-03;;;Opposable;2020-01-01;Approuvé;2020-01-01;2025-04-09
PPRT;Plan de Prévention des Risques Technologiques;67DREAL20140042;67 PPRT LANXESS;Direction régionale de l'environnement, de l'aménagement et du logement;67 PPRT LANXESS;;;44;GRAND EST;67;BAS-RHIN;67506;Vendenheim;20;Risque technologique;21;Risque industriel;211;Effet thermique;FAUX;;FAUX;;2012-11-20;2014-04-14;2014-05-14;;;2014-07-21;;;Opposable;2020-01-01;Approuvé;2020-01-01;2025-04-09
PPRT;Plan de Prévention des Risques Technologiques;PPRT_2022_0003;PPRT - Etablissement DGATT Bourges;Direction départementale des territoires;;;;;;18;CHER;18095;Flavigny;20;Risque technologique;21;Risque industriel;214;Effet de projection;FAUX;;FAUX;;2020-11-06;;;;;2023-08-03;;;Opposable;2020-01-01;Approuvé;2020-01-01;2025-04-02
PPRT;Plan de Prévention des Risques Technologiques;60DREAL20140008;PPRT Addivant - Catenoy;Direction régionale de l'environnement, de l'aménagement et du logement;;;;32;HAUTS-DE-FRANCE;60;OISE;60130;Catenoy;20;Risque technologique;21;Risque industriel;212;Effet de surpression;FAUX;;FAUX;;2009-12-16;2013-08-23;2013-10-01;;;2013-11-27;;;Opposable;2020-01-01;Approuvé;2020-01-01;2025-03-27
PPRT;Plan de Prévention des Risques Technologiques;72DDT20100021;PPRT-Alsétex;Direction départementale des territoires;;;;52;PAYS DE LA LOIRE;72;SARTHE;72061;La Chapelle-d'Aligné;20;Risque technologique;21;Risque industriel;213;Effet toxique;FAUX;;FAUX;;2009-12-16;2012-09-17;2012-10-17;;;2013-07-12;;;Opposable;2020-01-01;Approuvé;2020-01-01;2025-04-04
PPRT;Plan de Prévention des Risques Technologiques;43PREF20100003;PPRT RECTICEL Mazeyrat d'Allier;Préfecture;;;;84;AUVERGNE-RHONE-ALPES;43;HAUTE-LOIRE;43112;Langeac;20;Risque technologique;21;Risque industriel;213;Effet toxique;FAUX;;FAUX;;2009-12-28;2011-10-10;2011-11-10;;;2011-12-20;;;Opposable;2020-01-01;Approuvé;2020-01-01;2025-04-09
PPRT;Plan de Prévention des Risques Technologiques;59DREAL20090002;PPRT CALAIRE CHIMIE;Direction régionale de l'environnement, de l'aménagement et du logement;;;;32;HAUTS-DE-FRANCE;62;PAS-DE-CALAIS;62244;Coulogne;20;Risque technologique;21;Risque industriel;212;Effet de surpression;FAUX;;FAUX;;2008-02-29;2011-09-27;2011-10-26;;;2011-12-23;;;Opposable;2020-01-01;Approuvé;2020-01-01;2025-04-04
PPRT;Plan de Prévention des Risques Technologiques;13DREAL20110046;PPRT - Eurenco [ Sorgues ] 2013 ;Direction départementale des territoires;;;;93;PROVENCE-ALPES-COTE D'AZUR;84;VAUCLUSE;30351;Villeneuve-lès-Avignon;20;Risque technologique;21;Risque industriel;212;Effet de surpression;FAUX;;FAUX;;2009-07-06;2013-06-10;2013-07-10;;;2013-12-13;;;Opposable;2020-01-01;Approuvé;2020-01-01;2025-04-09
PPRT;Plan de Prévention des Risques Technologiques;59DDTM20170004;PPRT dépôt pétrolier CAMBRAI D;Direction départementale des territoires et de la mer;;;;32;HAUTS-DE-FRANCE;59;NORD;59377;Marcoing;20;Risque technologique;21;Risque industriel;212;Effet de surpression;FAUX;;FAUX;;2017-05-16;2020-09-01;2020-10-02;;;2020-11-14;;;Opposable;2020-01-01;Approuvé;2020-01-01;2025-04-10
PPRT;Plan de Prévention des Risques Technologiques;91DDT20140001;SFDM parc D;Direction départementale des territoires;;;;11;ILE-DE-FRANCE;91;ESSONNE;91129;Cerny;20;Risque technologique;21;Risque industriel;212;Effet de surpression;FAUX;;FAUX;;2013-11-18;;;;;2016-07-22;;;Opposable;2020-01-01;Approuvé;2020-01-01;2025-04-09
PPRT;Plan de Prévention des Risques Technologiques;75DRIEE_IF20090004;PPRT KERAGLASS;Direction Régionale et Interdépartementale de l'Environnement et de l'Énergie d'Ile-de-France;PPRT KERAGLASS;;;11;ILE-DE-FRANCE;77;SEINE-ET-MARNE;77016;Bagneaux-sur-Loing;20;Risque technologique;21;Risque industriel;211;Effet thermique;FAUX;;FAUX;;2008-10-06;2010-03-22;2010-04-23;;;2010-08-10;;;Opposable;2020-01-01;Approuvé;2020-01-01;2025-04-09
PPRT;Plan de Prévention des Risques Technologiques;24DREAL20130011;PPRT POLYREY;Direction régionale de l'environnement, de l'aménagement et du logement;;;;75;NOUVELLE-AQUITAINE;24;DORDOGNE;24143;Couze-et-Saint-Front;20;Risque technologique;21;Risque industriel;213;Effet toxique;FAUX;;FAUX;;2007-09-29;2009-05-12;;;;2009-09-14;;;Opposable;2020-01-01;Approuvé;2020-01-01;2025-04-09
PPRT;Plan de Prévention des Risques Technologiques;67DREAL20090003;67 PPRT PORT AUX PETROLES DE STRASBOURG;Direction régionale de l'environnement, de l'aménagement et du logement;67 PPRT SES1, SES2, RUBIS STOCKAGE, PRR Port, PRODAIR, BOLLORE;;;44;GRAND EST;67;BAS-RHIN;67482;Strasbourg;20;Risque technologique;21;Risque industriel;211;Effet thermique;FAUX;;FAUX;;2009-03-02;2013-02-25;2013-04-11;;;2013-11-28;;;Opposable;2020-01-01;Approuvé;2020-01-01;2025-04-09
PPRT;Plan de Prévention des Risques Technologiques;PPRT_2022_0003;PPRT - Etablissement DGATT Bourges;Direction départementale des territoires;;;;;;18;CHER;18018;Avord;20;Risque technologique;21;Risque industriel;211;Effet thermique;FAUX;;FAUX;;2020-11-06;;;;;2023-08-03;;;Opposable;2020-01-01;Approuvé;2020-01-01;2025-04-02
PPRT;Plan de Prévention des Risques Technologiques;60DREAL20140003;MOMENTIVE, INEOS et SECO;Direction régionale de l'environnement, de l'aménagement et du logement;;;;32;HAUTS-DE-FRANCE;60;OISE;60119;Cambronne-lès-Ribécourt;20;Risque technologique;21;Risque industriel;211;Effet thermique;FAUX;;FAUX;;2009-09-24;2014-08-18;2014-09-18;;;2014-12-18;;;Opposable;2020-01-01;Approuvé;2020-01-01;2025-03-27
PPRT;Plan de Prévention des Risques Technologiques;69DREAL20170001;69 PPRT de Chaponnay;Direction régionale de l'environnement, de l'aménagement et du logement;Chaponnay;;;84;AUVERGNE-RHONE-ALPES;69;RHONE;69273;Corbas;20;Risque technologique;21;Risque industriel;211;Effet thermique;FAUX;;FAUX;;2010-12-23;2012-09-14;2012-10-14;;;2013-06-10;;;Opposable;2020-01-01;Approuvé;2020-01-01;2025-04-04
PPRT;Plan de Prévention des Risques Technologiques;52DDT20130003;PPRT HEUILLEY LE GRAND;Direction départementale des territoires;Partie du territoire communal;;;44;GRAND EST;52;HAUTE-MARNE;52240;Heuilley-le-Grand;20;Risque technologique;21;Risque industriel;212;Effet de surpression;FAUX;;FAUX;;2011-12-13;2014-08-18;2014-09-18;;;2014-12-13;;;Opposable;2020-01-01;Approuvé;2020-01-01;2025-04-10
PPRT;Plan de Prévention des Risques Technologiques;38DDT20140009;ADISSEO TOURMALINE-St-Clair-Rhôn;Direction départementale des territoires;38 et 69;;;84;AUVERGNE-RHONE-ALPES;38;ISERE;38353;Saint-Alban-du-Rhône;20;Risque technologique;21;Risque industriel;211;Effet thermique;FAUX;;FAUX;;2012-02-09;2018-04-24;2018-05-24;;;2018-07-18;;;Opposable;2020-01-01;Approuvé;2020-01-01;2025-04-10
PPRT;Plan de Prévention des Risques Technologiques;2BDREAL20160001;PPRT Corse Expansif;Direction régionale de l'environnement, de l'aménagement et du logement;;;;94;CORSE;2B;HAUTE-CORSE;2B169;Morosaglia;20;Risque technologique;21;Risque industriel;211;Effet thermique;FAUX;;FAUX;;2011-11-25;;;;;2015-12-29;;;Opposable;2020-01-01;Approuvé;2020-01-01;2025-03-25
PPRT;Plan de Prévention des Risques Technologiques;64DREAL20130259;PPRT LACQ MONT;Direction régionale de l'environnement, de l'aménagement et du logement;;;;75;NOUVELLE-AQUITAINE;64;PYRENEES-ATLANTIQUES;64301;Lagor;20;Risque technologique;21;Risque industriel;211;Effet thermique;FAUX;;FAUX;;2010-10-19;;;;;2014-05-06;;;Opposable;2020-01-01;Approuvé;2020-01-01;2025-06-11
PPRT;Plan de Prévention des Risques Technologiques;13DREAL20090004;PPRT - TOTAL Raffinage France 2014;Direction régionale de l'environnement, de l'aménagement et du logement;PPRT - TOTAL Raffinage Marketing - Raffinerie de Provence;;;93;PROVENCE-ALPES-COTE D'AZUR;13;BOUCHES-DU-RHONE;13026;Châteauneuf-les-Martigues;20;Risque technologique;21;Risque industriel;212;Effet de surpression;FAUX;;VRAI;13DDTM20210001;2009-04-10;2013-11-18;2013-12-20;;;2014-05-02;;2023-12-11;Caduque;2020-01-01;Abrogé;2020-01-01;2025-04-08
PPRT;Plan de Prévention des Risques Technologiques;64DREAL20130260;PPRT MOURENX;Direction régionale de l'environnement, de l'aménagement et du logement;;;;75;NOUVELLE-AQUITAINE;64;PYRENEES-ATLANTIQUES;64418;Noguères;20;Risque technologique;21;Risque industriel;212;Effet de surpression;FAUX;;FAUX;;2008-11-08;;;;;2012-06-14;;;Opposable;2020-01-01;Approuvé;2020-01-01;2025-06-11
PPRT;Plan de Prévention des Risques Technologiques;51DDT20140004;PPRT SFDM - Parc B;Direction départementale des territoires;Cheniers;;;44;GRAND EST;51;MARNE;51146;Cheniers;20;Risque technologique;21;Risque industriel;211;Effet thermique;FAUX;;FAUX;;2013-05-02;;;;;2014-09-17;;;Opposable;2020-01-01;Approuvé;2020-01-01;2025-04-09
PPRT;Plan de Prévention des Risques Technologiques;87DREAL20140001;PPRT Titanobel (révision);Direction régionale de l'environnement, de l'aménagement et du logement;;;;75;NOUVELLE-AQUITAINE;87;HAUTE-VIENNE;87076;Jabreilles-les-Bordes;20;Risque technologique;21;Risque industriel;212;Effet de surpression;VRAI;87DREAL20090004;FAUX;;2010-09-30;2012-03-19;;;;2012-08-28;;;Opposable;2020-01-01;Approuvé;2020-01-01;2025-04-04
PPRT;Plan de Prévention des Risques Technologiques;82DDT20110003;PPRT - LOGITIA;Direction départementale des territoires;Commune de Montbartier;;;76;OCCITANIE;82;TARN-ET-GARONNE;82123;Montbartier;20;Risque technologique;21;Risque industriel;211;Effet thermique;FAUX;;FAUX;;2009-12-11;2011-10-24;2011-11-24;2012-08-16;;2012-01-20;;;Opposable;2020-01-01;Approuvé;2020-01-01;2025-04-09
PPRT;Plan de Prévention des Risques Technologiques;PPRT_2025_0006;PPRT - BAIE-MAHAULT;Direction de l'environnement, de l'aménagement et du logement;;;;;;971;GUADELOUPE;97103;Baie-Mahault;20;Risque technologique;21;Risque industriel;211;Effet thermique;FAUX;;FAUX;;;;;;;2011-09-05;;;Opposable;2020-01-01;Approuvé;2020-01-01;2025-04-10
PPRT;Plan de Prévention des Risques Technologiques;37DREAL20140001;ARCHWATER (amboise);Direction régionale de l'environnement, de l'aménagement et du logement;;;;24;CENTRE-VAL DE LOIRE;37;INDRE-ET-LOIRE;37236;Saint-Règle;20;Risque technologique;21;Risque industriel;211;Effet thermique;FAUX;;FAUX;;2009-07-30;2013-01-21;2013-02-22;;;2013-06-12;;2021-12-01;Caduque;2020-01-01;Abrogé;2020-01-01;2022-06-21
PPRT;Plan de Prévention des Risques Technologiques;75DRIEE_IF20090005;PPRT KUEHNE et NAGEL;Direction Régionale et Interdépartementale de l'Environnement et de l'Énergie d'Ile-de-France;PPRT KUEHNE et NAGEL;;;11;ILE-DE-FRANCE;77;SEINE-ET-MARNE;77067;Cesson;20;Risque technologique;21;Risque industriel;211;Effet thermique;FAUX;;FAUX;;2009-04-09;2011-06-01;2011-07-02;;;2011-11-10;;;Opposable;2020-01-01;Approuvé;2020-01-01;2025-04-09
PPRT;Plan de Prévention des Risques Technologiques;59DREAL20090004;PPRT EPV - ANTARGAZ;Direction régionale de l'environnement, de l'aménagement et du logement;;;;32;HAUTS-DE-FRANCE;59;NORD;59288;Haulchin;20;Risque technologique;21;Risque industriel;211;Effet thermique;FAUX;;FAUX;;2008-12-02;2011-05-16;2011-06-18;;;2011-08-23;;;Opposable;2020-01-01;Approuvé;2020-01-01;2025-04-10
PPRT;Plan de Prévention des Risques Technologiques;24DREAL20130011;PPRT POLYREY;Direction régionale de l'environnement, de l'aménagement et du logement;;;;75;NOUVELLE-AQUITAINE;24;DORDOGNE;24023;Baneuil;20;Risque technologique;21;Risque industriel;211;Effet thermique;FAUX;;FAUX;;2007-09-29;2009-05-12;;;;2009-09-14;;;Opposable;2020-01-01;Approuvé;2020-01-01;2025-04-09
PPRT;Plan de Prévention des Risques Technologiques;38DDT20140007;Rév. ARKEMA AREVA-CEZUS-Jarrie;Direction départementale des territoires;;;;84;AUVERGNE-RHONE-ALPES;38;ISERE;38317;Le Pont-de-Claix;20;Risque technologique;21;Risque industriel;213;Effet toxique;VRAI;38DDT20140002;FAUX;;2011-12-21;2014-09-08;2014-10-09;;;2015-05-22;;;Opposable;2020-01-01;Approuvé;2020-01-01;2025-11-21
PPRT;Plan de Prévention des Risques Technologiques;59DREAL20090006;PPRT INTEROR - SYNTHEXIM;Direction régionale de l'environnement, de l'aménagement et du logement;;;;32;HAUTS-DE-FRANCE;62;PAS-DE-CALAIS;62193;Calais;20;Risque technologique;21;Risque industriel;213;Effet toxique;FAUX;;FAUX;;2008-02-29;2012-02-27;2012-03-28;2012-10-24;;2012-08-24;;;Opposable;2020-01-01;Approuvé;2020-01-01;2025-04-04
PPRT;Plan de Prévention des Risques Technologiques;42DDT20130001;42 PPRT Andrézieux Bouthéon SNF;Direction départementale des territoires;;;;84;AUVERGNE-RHONE-ALPES;42;LOIRE;42206;Saint-Bonnet-les-Oules;20;Risque technologique;21;Risque industriel;211;Effet thermique;FAUX;;FAUX;;2010-06-30;2012-10-15;2012-11-16;;;2012-12-20;;;Opposable;2020-01-01;Approuvé;2020-01-01;2025-04-09
PPRT;Plan de Prévention des Risques Technologiques;37DREAL20140002;DE SANGOSSE (Mettray);Direction régionale de l'environnement, de l'aménagement et du logement;;;;24;CENTRE-VAL DE LOIRE;37;INDRE-ET-LOIRE;37054;Chanceaux-sur-Choisille;20;Risque technologique;21;Risque industriel;213;Effet toxique;FAUX;;FAUX;;2011-04-19;2016-06-20;2016-07-22;;;2016-10-24;;;Opposable;2020-01-01;Approuvé;2020-01-01;2025-04-16
PPRT;Plan de Prévention des Risques Technologiques;44DDTM20110005;PPRT TOTAL -ANTARGAZ - Donges;Direction départementale des territoires et de la mer;PPRT Donges;;;52;PAYS DE LA LOIRE;44;LOIRE-ATLANTIQUE;44103;Montoir-de-Bretagne;20;Risque technologique;21;Risque industriel;213;Effet toxique;FAUX;;FAUX;;2010-01-12;;;;;2014-02-21;;;Opposable;2020-01-01;Approuvé;2020-01-01;2025-04-04
PPRT;Plan de Prévention des Risques Technologiques;13DREAL20110046;PPRT - Eurenco [ Sorgues ] 2013 ;Direction départementale des territoires;;;;93;PROVENCE-ALPES-COTE D'AZUR;84;VAUCLUSE;84129;Sorgues;20;Risque technologique;21;Risque industriel;213;Effet toxique;FAUX;;FAUX;;2009-07-06;2013-06-10;2013-07-10;;;2013-12-13;;;Opposable;2020-01-01;Approuvé;2020-01-01;2025-04-09
PPRT;Plan de Prévention des Risques Technologiques;91DDT20130013;SFDM parc B;Direction départementale des territoires;;;;11;ILE-DE-FRANCE;91;ESSONNE;91198;D'Huison-Longueville;20;Risque technologique;21;Risque industriel;211;Effet thermique;FAUX;;FAUX;;2013-01-28;;;;;2016-05-31;;;Opposable;2020-01-01;Approuvé;2020-01-01;2025-04-09
PPRT;Plan de Prévention des Risques Technologiques;33DREAL20140001;PPRT ST-JEAN-D'ILLAC;Direction régionale de l'environnement, de l'aménagement et du logement;;;;75;NOUVELLE-AQUITAINE;33;GIRONDE;33422;Saint-Jean-d'Illac;20;Risque technologique;21;Risque industriel;211;Effet thermique;FAUX;;FAUX;;2011-12-30;;;;;2013-05-13;;;Opposable;2020-01-01;Approuvé;2020-01-01;2025-04-09
PPRT;Plan de Prévention des Risques Technologiques;59DREAL20090012;PPRT TITANOBEL ETH;Direction régionale de l'environnement, de l'aménagement et du logement;;;;32;HAUTS-DE-FRANCE;59;NORD;59639;Wargnies-le-Grand;20;Risque technologique;21;Risque industriel;212;Effet de surpression;FAUX;;FAUX;;2008-12-28;2008-12-19;2009-02-19;2011-05-18;;2009-06-02;;2012-07-06;Caduque;2020-01-01;Abrogé;2020-01-01;2024-07-24
PPRT;Plan de Prévention des Risques Technologiques;80DREAL20140002;Ajinomoto Foods Europe;Direction régionale de l'environnement, de l'aménagement et du logement;;;;32;HAUTS-DE-FRANCE;80;SOMME;80542;Mesnil-Saint-Nicaise;20;Risque technologique;21;Risque industriel;212;Effet de surpression;FAUX;;FAUX;;2012-04-13;2013-09-18;2013-10-18;;;2013-12-31;;;Opposable;2020-01-01;Approuvé;2020-01-01;2025-04-04
PPRT;Plan de Prévention des Risques Technologiques;78DDT20130002;PPRT RM Coignières;Direction départementale des territoires;Coignières, Lévis-St-Nom;;;11;ILE-DE-FRANCE;78;YVELINES;78334;Lévis-Saint-Nom;20;Risque technologique;21;Risque industriel;212;Effet de surpression;FAUX;;FAUX;;2009-05-19;2015-09-16;2015-10-16;;;2016-01-18;;;Opposable;2020-01-01;Approuvé;2020-01-01;2025-04-10
PPRT;Plan de Prévention des Risques Technologiques;60DREAL20140002;WEYLCHEM LAMOTTE;Direction régionale de l'environnement, de l'aménagement et du logement;;;;32;HAUTS-DE-FRANCE;60;OISE;60188;Cuise-la-Motte;20;Risque technologique;21;Risque industriel;213;Effet toxique;FAUX;;FAUX;;2010-10-12;2014-09-30;2014-11-05;;;2014-12-19;;;Opposable;2020-01-01;Approuvé;2020-01-01;2025-03-27
PPRT;Plan de Prévention des Risques Technologiques;73PREF20160029;PPRT-Mssa;Préfecture;St Marcel;;;84;AUVERGNE-RHONE-ALPES;73;SAVOIE;73131;Hautecour;20;Risque technologique;21;Risque industriel;211;Effet thermique;FAUX;;FAUX;;2010-03-18;2013-09-17;2013-10-17;;;2014-02-06;;;Opposable;2020-01-01;Approuvé;2020-01-01;2025-04-04
PPRT;Plan de Prévention des Risques Technologiques;67DREAL20140041;67 PPRT MESSIER BUGATTI DOWTY;Direction régionale de l'environnement, de l'aménagement et du logement;67 PPRT MESSIER BUGATTI DOWTY;;;44;GRAND EST;67;BAS-RHIN;67300;Molsheim;20;Risque technologique;21;Risque industriel;213;Effet toxique;FAUX;;FAUX;;2012-12-11;2013-10-28;2013-11-29;;;2014-05-12;;;Opposable;2020-01-01;Approuvé;2020-01-01;2025-04-09
PPRT;Plan de Prévention des Risques Technologiques;27DDTM20150002;TRAMICO;Direction départementale des territoires et de la mer;;;;28;NORMANDIE;27;EURE;27116;Brionne;20;Risque technologique;21;Risque industriel;211;Effet thermique;FAUX;;FAUX;;2009-06-11;2010-04-19;2010-05-19;2011-08-01;;2010-11-26;;;Opposable;2020-01-01;Approuvé;2020-01-01;2025-04-04
PPRT;Plan de Prévention des Risques Technologiques;44DDTM20170003;PPRT SFDM - Donges Nord;Direction départementale des territoires et de la mer;PPRT Donges Nord;;;52;PAYS DE LA LOIRE;44;LOIRE-ATLANTIQUE;44052;Donges;20;Risque technologique;21;Risque industriel;212;Effet de surpression;FAUX;;FAUX;;2017-03-06;;;;;2019-02-25;;;Opposable;2020-01-01;Approuvé;2020-01-01;2025-04-04
PPRT;Plan de Prévention des Risques Technologiques;60DREAL20140004;Hüttenes Albertus;Direction régionale de l'environnement, de l'aménagement et du logement;;;;32;HAUTS-DE-FRANCE;60;OISE;60006;Les Ageux;20;Risque technologique;21;Risque industriel;213;Effet toxique;FAUX;;FAUX;;2009-10-26;2013-06-03;2013-07-03;;;2013-10-14;;;Opposable;2020-01-01;Approuvé;2020-01-01;2025-03-27
PPRT;Plan de Prévention des Risques Technologiques;33DREAL20130134;PPRT SME SAINT HELENE;Direction régionale de l'environnement, de l'aménagement et du logement;;;;75;NOUVELLE-AQUITAINE;33;GIRONDE;33297;Moulis-en-Médoc;20;Risque technologique;21;Risque industriel;212;Effet de surpression;FAUX;;FAUX;;2009-03-31;2010-10-18;;;;2010-12-21;;;Opposable;2020-01-01;Approuvé;2020-01-01;2025-04-09
PPRT;Plan de Prévention des Risques Technologiques;11DDTM20120031;PPRT - EDN;Direction départementale des territoires et de la mer;Sallèles d'Aude;;;76;OCCITANIE;11;AUDE;11369;Sallèles-d'Aude;20;Risque technologique;21;Risque industriel;213;Effet toxique;FAUX;;FAUX;;2010-07-12;2012-02-11;2012-03-12;;;2012-08-13;;;Opposable;2020-01-01;Approuvé;2020-01-01;2025-04-09
PPRT;Plan de Prévention des Risques Technologiques;PPRT_2025_0007;PPRT - ;Direction départementale des territoires;Saint-Genis-Laval et Chaponost;;;;;69;RHONE;69043;Chaponost;20;Risque technologique;21;Risque industriel;211;Effet thermique;FAUX;;FAUX;;2023-10-25;;;;;2025-09-05;;;Opposable;2020-01-01;Approuvé;2020-01-01;2025-09-23
PPRT;Plan de Prévention des Risques Technologiques;67DDT20140003;67 PPRT DEPOT DE MUNITIONS DE NEUBOURG;Direction départementale des territoires;;;;44;GRAND EST;67;BAS-RHIN;67180;Haguenau;20;Risque technologique;21;Risque industriel;212;Effet de surpression;FAUX;;FAUX;;2013-02-01;2015-08-17;2015-09-17;;;2015-12-18;;;Opposable;2020-01-01;Approuvé;2020-01-01;2025-04-09
PPRT;Plan de Prévention des Risques Technologiques;83DREAL20140006;PPRT - STOGAZ [ La Motte ] 2013;Direction régionale de l'environnement, de l'aménagement et du logement;;;;93;PROVENCE-ALPES-COTE D'AZUR;83;VAR;83085;La Motte;20;Risque technologique;21;Risque industriel;211;Effet thermique;FAUX;;FAUX;;2010-10-13;2013-03-04;2013-04-05;;;2013-04-26;;;Opposable;2020-01-01;Approuvé;2020-01-01;2025-04-15
PPRT;Plan de Prévention des Risques Technologiques;63DREAL20140001;PPRT TITANOBEL Moissat;Direction régionale de l'environnement, de l'aménagement et du logement;Moissat;;;84;AUVERGNE-RHONE-ALPES;63;PUY-DE-DOME;63229;Moissat;20;Risque technologique;21;Risque industriel;212;Effet de surpression;FAUX;;FAUX;;2009-10-29;2011-09-19;2009-10-19;;;2011-12-08;;;Opposable;2020-01-01;Approuvé;2020-01-01;2025-04-09
PPRT;Plan de Prévention des Risques Technologiques;73PREF20160026;PPRT-TRIMET;Préfecture;St Jean de Maurienne;;;84;AUVERGNE-RHONE-ALPES;73;SAVOIE;73250;Saint-Julien-Mont-Denis;20;Risque technologique;21;Risque industriel;211;Effet thermique;FAUX;;FAUX;;2009-12-31;2012-01-04;2012-02-04;;;2012-04-11;;;Opposable;2020-01-01;Approuvé;2020-01-01;2025-04-04
PPRT;Plan de Prévention des Risques Technologiques;71DDT20090041;Aperam ;Direction départementale des territoires;Aperam (71);;;27;BOURGOGNE-FRANCHE-COMTE;71;SAONE-ET-LOIRE;71230;Gueugnon;20;Risque technologique;21;Risque industriel;213;Effet toxique;FAUX;;FAUX;;2009-07-17;;;;;2011-06-21;;;Opposable;2020-01-01;Approuvé;2020-01-01;2025-03-27
PPRT;Plan de Prévention des Risques Technologiques;26DDT20090057;26 PPRT - CHEDDITE France;Direction départementale des territoires;;;;84;AUVERGNE-RHONE-ALPES;26;DROME;26379;Granges-les-Beaumont;20;Risque technologique;21;Risque industriel;212;Effet de surpression;FAUX;;FAUX;;2009-06-29;2011-09-05;2011-10-05;;;2011-12-22;;;Opposable;2020-01-01;Approuvé;2020-01-01;2025-04-14
PPRT;Plan de Prévention des Risques Technologiques;10DDT20140207;PPRT-Soufflet;Direction départementale des territoires;;;;44;GRAND EST;10;AUBE;10153;Fontaine-Mâcon;20;Risque technologique;21;Risque industriel;213;Effet toxique;FAUX;;FAUX;;2008-12-28;;;;;2009-12-02;;;Opposable;2020-01-01;Approuvé;2020-01-01;2025-04-09
PPRT;Plan de Prévention des Risques Technologiques;83DREAL20140007;PPRT - Titanobel [ Mazaugues ] 2011;Direction régionale de l'environnement, de l'aménagement et du logement;;;;93;PROVENCE-ALPES-COTE D'AZUR;83;VAR;83076;Mazaugues;20;Risque technologique;21;Risque industriel;212;Effet de surpression;FAUX;;FAUX;;2009-07-01;;;;;2011-07-01;;;Opposable;2020-01-01;Approuvé;2020-01-01;2025-04-15
PPRT;Plan de Prévention des Risques Technologiques;68DREAL20140005;68 PPRT PECRHIN RHODIA BUTACHIMI;Direction régionale de l'environnement, de l'aménagement et du logement;68 PPRT PECRHIN RHODIA BUTACHIMI;;;44;GRAND EST;68;HAUT-RHIN;68253;Ottmarsheim;20;Risque technologique;21;Risque industriel;213;Effet toxique;FAUX;;FAUX;;2010-12-31;2013-11-12;2013-12-16;;;2014-04-09;;;Opposable;2020-01-01;Approuvé;2020-01-01;2011-04-15
PPRT;Plan de Prévention des Risques Technologiques;69DREAL20170004;69 PPRT de Genay;Direction départementale des territoires;Genay;;;84;AUVERGNE-RHONE-ALPES;69;RHONE;69278;Genay;20;Risque technologique;21;Risque industriel;212;Effet de surpression;FAUX;;FAUX;;2011-10-11;2011-06-23;2011-06-23;;;2014-11-10;;;Opposable;2020-01-01;Approuvé;2020-01-01;2014-11-10
PPRT;Plan de Prévention des Risques Technologiques;34DDTM20120161;PPRT - Minguez;Direction départementale des territoires et de la mer;;;;76;OCCITANIE;34;HERAULT;34336;Villeneuve-lès-Béziers;20;Risque technologique;21;Risque industriel;211;Effet thermique;FAUX;;FAUX;;2010-04-13;2012-11-05;2012-12-07;2013-05-30;;2013-03-06;;;Opposable;2020-01-01;Approuvé;2020-01-01;2025-04-09
PPRT;Plan de Prévention des Risques Technologiques;51DREAL20090006;PPRT de SEVEAL LUDRES;Direction régionale de l'environnement, de l'aménagement et du logement;PPRT de SEVEAL LUDRES;;;44;GRAND EST;54;MEURTHE-ET-MOSELLE;54328;Ludres;20;Risque technologique;21;Risque industriel;212;Effet de surpression;FAUX;;FAUX;;2008-11-18;;;;;2010-09-13;;;Opposable;2020-01-01;Approuvé;2020-01-01;2025-04-09
PPRT;Plan de Prévention des Risques Technologiques;38DDT20140002;ARKEMA AREVA-CEZUS - Jarrie;Direction départementale des territoires;;;;84;AUVERGNE-RHONE-ALPES;38;ISERE;38252;Montchaboud;20;Risque technologique;21;Risque industriel;213;Effet toxique;FAUX;;VRAI;38DDT20140007;2010-06-14;2010-10-15;2010-11-15;;;2010-12-20;;2015-05-22;Caduque;2020-01-01;Abrogé;2020-01-01;2020-12-04
PPRT;Plan de Prévention des Risques Technologiques;60DREAL20140004;Hüttenes Albertus;Direction régionale de l'environnement, de l'aménagement et du logement;;;;32;HAUTS-DE-FRANCE;60;OISE;60006;Les Ageux;20;Risque technologique;21;Risque industriel;212;Effet de surpression;FAUX;;FAUX;;2009-10-26;2013-06-03;2013-07-03;;;2013-10-14;;;Opposable;2020-01-01;Approuvé;2020-01-01;2025-03-27
PPRT;Plan de Prévention des Risques Technologiques;13DDTM20210001;PPRT - TOTAL Raffinage France 2023;Direction départementale des territoires et de la mer;;;;93;PROVENCE-ALPES-COTE D'AZUR;13;BOUCHES-DU-RHONE;13056;Martigues;20;Risque technologique;21;Risque industriel;212;Effet de surpression;VRAI;13DREAL20090004;FAUX;;2019-10-21;;;;;2023-12-11;;;Opposable;2020-01-01;Approuvé;2020-01-01;2025-04-09
PPRT;Plan de Prévention des Risques Technologiques;973DEAL20150005;PPRT SARA Dégrad-des-Cannes;Direction de l'environnement, de l'aménagement et du logement;;;;03;GUYANE;973;GUYANE;97309;Remire-Montjoly;20;Risque technologique;21;Risque industriel;212;Effet de surpression;FAUX;;FAUX;;2010-11-18;;;;;2016-11-23;;;Opposable;2020-01-01;Approuvé;2020-01-01;2025-06-19
;;69DDT20200003;Vallée de la chimie 2;;;;;;;;;69199;Saint-Fons;20;Risque technologique;21;Risque industriel;211;Effet thermique;FAUX;;FAUX;;2019-12-27;;;;2021-02-04;;;;;;;;2021-02-05
PPRT;Plan de Prévention des Risques Technologiques;73PREF20160026;PPRT-TRIMET;Préfecture;St Jean de Maurienne;;;84;AUVERGNE-RHONE-ALPES;73;SAVOIE;73250;Saint-Julien-Mont-Denis;20;Risque technologique;24;Transport de marchandises dangereuses;;;FAUX;;FAUX;;2009-12-31;2012-01-04;2012-02-04;;;2012-04-11;;;Opposable;2020-01-01;Approuvé;2020-01-01;2025-04-04
PPRT;Plan de Prévention des Risques Technologiques;69DDT20200002;Vallée de la chimie;Direction départementale des territoires;;;;84;AUVERGNE-RHONE-ALPES;69;RHONE;69260;Vernaison;20;Risque technologique;21;Risque industriel;212;Effet de surpression;FAUX;;FAUX;;2015-04-21;;;;;2016-10-19;;;Opposable;2020-01-01;Approuvé;2020-01-01;2025-04-10
PPRT;Plan de Prévention des Risques Technologiques;21DDT20130001;TITANOBEL;Direction départementale des territoires;Titanobel (21);;;27;BOURGOGNE-FRANCHE-COMTE;21;COTE-D'OR;21496;Pontailler-sur-Saône;20;Risque technologique;21;Risque industriel;213;Effet toxique;FAUX;;FAUX;;2009-08-07;2011-11-08;2011-12-09;;;2012-06-29;;;Opposable;2020-01-01;Approuvé;2020-01-01;2025-04-02
PPRT;Plan de Prévention des Risques Technologiques;51DDT20140001;PPRT SFDM - Parc C;Direction départementale des territoires;Togny-aux-Boeufs;;;44;GRAND EST;51;MARNE;51574;Togny-aux-Bœufs;20;Risque technologique;21;Risque industriel;212;Effet de surpression;FAUX;;FAUX;;2011-11-30;;;;;2013-04-16;;;Opposable;2020-01-01;Approuvé;2020-01-01;2025-04-09
PPRT;Plan de Prévention des Risques Technologiques;50DDTM20110001;Société OMG Ultra Pure Chemicals;Direction départementale des territoires et de la mer;;;;28;NORMANDIE;50;MANCHE;50004;Airel;20;Risque technologique;21;Risque industriel;213;Effet toxique;FAUX;;FAUX;;2011-09-26;;;;;2014-04-01;;;Opposable;2020-01-01;Approuvé;2020-01-01;2025-04-08
PPRT;Plan de Prévention des Risques Technologiques;10DDT20130014;PPRT-Cristal Union ;Direction départementale des territoires;;;;44;GRAND EST;10;AUBE;10429;Villette-sur-Aube;20;Risque technologique;21;Risque industriel;213;Effet toxique;FAUX;;FAUX;;2007-12-13;;;;;2009-11-10;;;Opposable;2020-01-01;Approuvé;2020-01-01;2025-04-09
PPRT;Plan de Prévention des Risques Technologiques;44DREAL20090008;PPRT PLANETE ARTIFICES - Chaill;Direction régionale de l'environnement, de l'aménagement et du logement;PPRT PLANETE ARTIFICES - Chaill sous les Ormeaux - 85;;;52;PAYS DE LA LOIRE;85;VENDEE;85213;Rives de l'Yon;20;Risque technologique;21;Risque industriel;213;Effet toxique;FAUX;;FAUX;;2007-07-19;;;;;2010-08-10;;;Opposable;2020-01-01;Approuvé;2020-01-01;2025-03-28
PPRT;Plan de Prévention des Risques Technologiques;91DDT20130002;PPRT SMCA;Direction départementale des territoires;;;;11;ILE-DE-FRANCE;91;ESSONNE;94077;Villeneuve-le-Roi;20;Risque technologique;21;Risque industriel;212;Effet de surpression;FAUX;;FAUX;;2008-09-19;;;;;2011-06-22;;;Opposable;2020-01-01;Approuvé;2020-01-01;2025-04-10
PPRT;Plan de Prévention des Risques Technologiques;61DDT20150003;PPR-T - Le Merlerault;Direction départementale des territoires;Risle;;;28;NORMANDIE;61;ORNE;61275;Le Merlerault;20;Risque technologique;21;Risque industriel;211;Effet thermique;FAUX;;FAUX;;2011-04-21;2013-12-16;2014-01-24;;;2014-05-12;;;Opposable;2020-01-01;Approuvé;2020-01-01;2025-04-10
PPRT;Plan de Prévention des Risques Technologiques;59STIIIC20090002;PPRT CCMP (ex DPN);Direction régionale de l'industrie, de la recherche et de l'environnement;Carrières sur-Seine (78);;;11;ILE-DE-FRANCE;78;YVELINES;92050;Nanterre;20;Risque technologique;21;Risque industriel;211;Effet thermique;FAUX;;FAUX;;2009-02-25;;;;;2011-05-30;;;Opposable;2020-01-01;Approuvé;2020-01-01;2025-04-03
PPRT;Plan de Prévention des Risques Technologiques;14DDTM20160002;PPRT Dépôts pétroliers côtiers;Direction départementale des territoires et de la mer;calvados;;;28;NORMANDIE;14;CALVADOS;14327;Hérouville-Saint-Clair;20;Risque technologique;21;Risque industriel;212;Effet de surpression;FAUX;;FAUX;;2011-01-21;2014-11-17;2014-12-17;;;2015-05-14;;;Opposable;2020-01-01;Approuvé;2020-01-01;2025-04-09
PPRT;Plan de Prévention des Risques Technologiques;51DDT20140002;PPRT SFDM - Parc D;Direction départementale des territoires;Faux-Vésigneul;;;44;GRAND EST;51;MARNE;51244;Faux-Vésigneul;20;Risque technologique;21;Risque industriel;211;Effet thermique;FAUX;;FAUX;;2011-04-28;;;;;2013-04-16;;;Opposable;2020-01-01;Approuvé;2020-01-01;2025-04-09
PPRT;Plan de Prévention des Risques Technologiques;77DDT20130005;PPRT STORENGY;Direction départementale des territoires;PPRT STORENGY;;;11;ILE-DE-FRANCE;77;SEINE-ET-MARNE;02465;Marigny-en-Orxois;20;Risque technologique;21;Risque industriel;212;Effet de surpression;FAUX;;FAUX;;2010-10-13;;;;;2013-04-12;;;Opposable;2020-01-01;Approuvé;2020-01-01;2025-04-09
PPRT;Plan de Prévention des Risques Technologiques;83DREAL20140148;PPRT - militaire pyrotechnie [ Toulon ] 2013;Direction régionale de l'environnement, de l'aménagement et du logement;;;;93;PROVENCE-ALPES-COTE D'AZUR;83;VAR;83126;La Seyne-sur-Mer;20;Risque technologique;21;Risque industriel;213;Effet toxique;FAUX;;FAUX;;2013-03-01;;;;;;;;Prescrit;2020-01-01;Prescrit;2020-01-01;2025-04-15
PPRT;Plan de Prévention des Risques Technologiques;13DDTM20210003;PPRT - dépôt pétrolier SNOI 2019;Direction départementale des territoires et de la mer;;;;93;PROVENCE-ALPES-COTE D'AZUR;13;BOUCHES-DU-RHONE;13077;Port-de-Bouc;20;Risque technologique;21;Risque industriel;212;Effet de surpression;FAUX;;FAUX;;2016-12-13;;;;;2019-06-12;;;Opposable;2020-01-01;Approuvé;2020-01-01;2025-04-08
PPRT;Plan de Prévention des Risques Technologiques;38DDT20140006;VENCOREX ISOCHEM - Pont-de-Claix;Direction départementale des territoires;;;;84;AUVERGNE-RHONE-ALPES;38;ISERE;38486;Seyssins;20;Risque technologique;21;Risque industriel;211;Effet thermique;FAUX;;FAUX;;2011-12-21;2018-03-23;2018-04-24;;;;2018-06-27;;Caduque;2020-01-01;Annulé;2020-01-01;2025-04-11
PPRT;Plan de Prévention des Risques Technologiques;38DDT20140007;Rév. ARKEMA AREVA-CEZUS-Jarrie;Direction départementale des territoires;;;;84;AUVERGNE-RHONE-ALPES;38;ISERE;38524;Varces-Allières-et-Risset;20;Risque technologique;21;Risque industriel;212;Effet de surpression;VRAI;38DDT20140002;FAUX;;2011-12-21;2014-09-08;2014-10-09;;;2015-05-22;;;Opposable;2020-01-01;Approuvé;2020-01-01;2025-11-21
PPRT;Plan de Prévention des Risques Technologiques;75DRIEE_IF20090009;PPRT BRENNTAG;Direction Régionale et Interdépartementale de l'Environnement et de l'Énergie d'Ile-de-France;BRENNTAG;;;11;ILE-DE-FRANCE;77;SEINE-ET-MARNE;77470;Tournan-en-Brie;20;Risque technologique;21;Risque industriel;211;Effet thermique;FAUX;;FAUX;;2009-08-25;2011-06-08;2011-07-09;;;2011-10-05;;;Opposable;2020-01-01;Approuvé;2020-01-01;2025-04-09
PPRT;Plan de Prévention des Risques Technologiques;76DREAL20090004;PPRT SNECMA Vernon;Direction régionale de l'environnement, de l'aménagement et du logement;PPRT SNECMA Vernon;;;28;NORMANDIE;27;EURE;27213;Vexin-sur-Epte;20;Risque technologique;21;Risque industriel;212;Effet de surpression;FAUX;;FAUX;;2008-08-01;2011-11-14;2011-12-16;;;2012-08-31;;;Opposable;2020-01-01;Approuvé;2020-01-01;2025-04-04
PPRT;Plan de Prévention des Risques Technologiques;38DDT20140006;VENCOREX ISOCHEM - Pont-de-Claix;Direction départementale des territoires;;;;84;AUVERGNE-RHONE-ALPES;38;ISERE;38057;Bresson;20;Risque technologique;21;Risque industriel;213;Effet toxique;FAUX;;FAUX;;2011-12-21;2018-03-23;2018-04-24;;;;2018-06-27;;Caduque;2020-01-01;Annulé;2020-01-01;2025-04-11
PPRT;Plan de Prévention des Risques Technologiques;2BDREAL20170001;PPRT BUTAGAZ;Direction régionale de l'environnement, de l'aménagement et du logement;;;;94;CORSE;2B;HAUTE-CORSE;2B346;Vescovato;20;Risque technologique;21;Risque industriel;211;Effet thermique;FAUX;;FAUX;;2012-06-13;;;;;2016-06-28;;;Opposable;2020-01-01;Approuvé;2020-01-01;2025-03-25
PPRT;Plan de Prévention des Risques Technologiques;71DDT20150002;Stogaz;Direction départementale des territoires;Stogaz;;;27;BOURGOGNE-FRANCHE-COMTE;71;SAONE-ET-LOIRE;71270;Mâcon;20;Risque technologique;21;Risque industriel;211;Effet thermique;FAUX;;FAUX;;2011-05-18;;;;;2012-05-16;;2018-09-10;Caduque;2020-01-01;Abrogé;2020-01-01;2022-07-05
PPRT;Plan de Prévention des Risques Technologiques;41DREAL20140005;STORENGY (Chémery-Soings);Direction régionale de l'environnement, de l'aménagement et du logement;;;;24;CENTRE-VAL DE LOIRE;41;LOIR-ET-CHER;41059;Le Controis-en-Sologne;20;Risque technologique;21;Risque industriel;212;Effet de surpression;FAUX;;FAUX;;2012-07-17;2015-10-19;2015-11-19;;;2016-02-19;;;Opposable;2020-01-01;Approuvé;2020-01-01;2025-04-09
PPRT;Plan de Prévention des Risques Technologiques;61DDT20130001;PPR-T - des Rives d'Andaine;Direction départementale des territoires;;;;28;NORMANDIE;61;ORNE;53230;Saint-Julien-du-Terroux;20;Risque technologique;21;Risque industriel;211;Effet thermique;FAUX;;FAUX;;2010-12-17;2012-10-08;2012-11-09;;;2013-02-05;;;Opposable;2020-01-01;Approuvé;2020-01-01;2025-04-10
PPRT;Plan de Prévention des Risques Technologiques;80DREAL20090006;PPRT TOTALGAZ;Direction régionale de l'environnement, de l'aménagement et du logement;;;;32;HAUTS-DE-FRANCE;60;OISE;60533;Ressons-sur-Matz;20;Risque technologique;21;Risque industriel;211;Effet thermique;FAUX;;FAUX;;2008-09-15;;;;;2010-04-02;;2013-04-25;Caduque;2020-01-01;Abrogé;2020-01-01;2025-03-27
PPRT;Plan de Prévention des Risques Technologiques;33DREAL20130134;PPRT SME SAINT HELENE;Direction régionale de l'environnement, de l'aménagement et du logement;;;;75;NOUVELLE-AQUITAINE;33;GIRONDE;33417;Sainte-Hélène;20;Risque technologique;21;Risque industriel;211;Effet thermique;FAUX;;FAUX;;2009-03-31;2010-10-18;;;;2010-12-21;;;Opposable;2020-01-01;Approuvé;2020-01-01;2025-04-09
PPRT;Plan de Prévention des Risques Technologiques;22DDTM20110003;PPRT SPD;Direction départementale des territoires et de la mer;;;;53;BRETAGNE;22;COTES-D'ARMOR;22360;Trégueux;20;Risque technologique;21;Risque industriel;211;Effet thermique;FAUX;;FAUX;;2008-12-11;;;;;2010-11-10;;2021-03-17;Caduque;2020-01-01;Abrogé;2020-01-01;2024-06-27
PPRT;Plan de Prévention des Risques Technologiques;13DREAL20110045;PPRT - CAPL [ Sorgues ] 2012;Direction départementale des territoires;;;;93;PROVENCE-ALPES-COTE D'AZUR;84;VAUCLUSE;84129;Sorgues;20;Risque technologique;21;Risque industriel;211;Effet thermique;FAUX;;FAUX;;2009-06-15;2012-02-20;2012-03-21;;;2012-06-07;;;Opposable;2020-01-01;Approuvé;2020-01-01;2025-04-09
PPRT;Plan de Prévention des Risques Technologiques;13DDTM20210002;PPRT - Fontvieille 2020;Direction départementale des territoires et de la mer;;;;93;PROVENCE-ALPES-COTE D'AZUR;13;BOUCHES-DU-RHONE;13038;Fontvieille;20;Risque technologique;21;Risque industriel;212;Effet de surpression;FAUX;;FAUX;;2012-04-18;;;;;2020-09-29;;;Opposable;2020-01-01;Approuvé;2020-01-01;2025-04-09
PPRT;Plan de Prévention des Risques Technologiques;51DREAL20090007;PPRT de TOTALGAZ  GOLBEY;Direction régionale de l'environnement, de l'aménagement et du logement;PPRT de TOTALGAZ  GOLBEY;;;44;GRAND EST;88;VOSGES;88209;Golbey;20;Risque technologique;21;Risque industriel;212;Effet de surpression;FAUX;;FAUX;;2007-10-30;2011-08-19;2011-09-19;;;2011-12-17;;;Opposable;2020-01-01;Approuvé;2020-01-01;2025-04-09
PPRT;Plan de Prévention des Risques Technologiques;38DDT20140009;ADISSEO TOURMALINE-St-Clair-Rhôn;Direction départementale des territoires;38 et 69;;;84;AUVERGNE-RHONE-ALPES;38;ISERE;38378;Saint-Clair-du-Rhône;20;Risque technologique;21;Risque industriel;212;Effet de surpression;FAUX;;FAUX;;2012-02-09;2018-04-24;2018-05-24;;;2018-07-18;;;Opposable;2020-01-01;Approuvé;2020-01-01;2025-04-10
PPRT;Plan de Prévention des Risques Technologiques;31DREAL20090008;PPRT - TITANOBEL (St Maur);Direction régionale de l'environnement, de l'aménagement et du logement;SAINT MAUR;;;76;OCCITANIE;32;GERS;32393;Saint-Maur;20;Risque technologique;21;Risque industriel;212;Effet de surpression;FAUX;;FAUX;;2007-10-04;2010-06-21;;;;2010-12-09;;;Opposable;2020-01-01;Approuvé;2020-01-01;2025-04-09
PPRT;Plan de Prévention des Risques Technologiques;60DREAL20140006;Arkema - Villers-Saint-Paul;Direction régionale de l'environnement, de l'aménagement et du logement;;;;32;HAUTS-DE-FRANCE;60;OISE;60670;Verneuil-en-Halatte;20;Risque technologique;21;Risque industriel;213;Effet toxique;FAUX;;FAUX;;2009-04-07;2012-06-18;2012-07-18;;;2012-10-29;;;Opposable;2020-01-01;Approuvé;2020-01-01;2025-03-27
PPRT;Plan de Prévention des Risques Technologiques;60DREAL20140006;Arkema - Villers-Saint-Paul;Direction régionale de l'environnement, de l'aménagement et du logement;;;;32;HAUTS-DE-FRANCE;60;OISE;60670;Verneuil-en-Halatte;20;Risque technologique;21;Risque industriel;211;Effet thermique;FAUX;;FAUX;;2009-04-07;2012-06-18;2012-07-18;;;2012-10-29;;;Opposable;2020-01-01;Approuvé;2020-01-01;2025-03-27
PPRT;Plan de Prévention des Risques Technologiques;69DREAL20090009;51-PPRT TEREOS  Morains le Peti;Direction régionale de l'environnement, de l'aménagement et du logement;51-PPRT TEREOS  Morains le Petit;;;44;GRAND EST;51;MARNE;51158;Val-des-Marais;20;Risque technologique;21;Risque industriel;211;Effet thermique;FAUX;;FAUX;;2008-08-07;;;;;2009-09-24;;;Opposable;2020-01-01;Approuvé;2020-01-01;2025-04-09
PPRT;Plan de Prévention des Risques Technologiques;51DDT20140007;51-PPRT ECOLAB ;Direction départementale des territoires;Saint-Martin-sur-le-Pré;;;44;GRAND EST;51;MARNE;51504;Saint-Martin-sur-le-Pré;20;Risque technologique;21;Risque industriel;212;Effet de surpression;FAUX;;FAUX;;2009-09-30;;;;;2010-12-14;;;Opposable;2020-01-01;Approuvé;2020-01-01;2025-04-09
PPRT;Plan de Prévention des Risques Technologiques;64DDTM20170001;PPRt - SEDZERE;Direction départementale des territoires et de la mer;;;;75;NOUVELLE-AQUITAINE;64;PYRENEES-ATLANTIQUES;64212;Espéchède;20;Risque technologique;21;Risque industriel;212;Effet de surpression;FAUX;;FAUX;;2017-01-20;;;;;2018-12-21;;;Opposable;2020-01-01;Approuvé;2020-01-01;2025-06-11
PPRT;Plan de Prévention des Risques Technologiques;83DREAL20140148;PPRT - militaire pyrotechnie [ Toulon ] 2013;Direction régionale de l'environnement, de l'aménagement et du logement;;;;93;PROVENCE-ALPES-COTE D'AZUR;83;VAR;83137;Toulon;20;Risque technologique;21;Risque industriel;212;Effet de surpression;FAUX;;FAUX;;2013-03-01;;;;;;;;Prescrit;2020-01-01;Prescrit;2020-01-01;2025-04-15
PPRT;Plan de Prévention des Risques Technologiques;77DDT20130001;PPRT COGNIS-BASF;Direction départementale des territoires;PPRT COGNIS-BASF;;;11;ILE-DE-FRANCE;77;SEINE-ET-MARNE;77284;Meaux;20;Risque technologique;21;Risque industriel;211;Effet thermique;FAUX;;FAUX;;2009-11-12;2012-10-15;2012-11-17;;;2013-02-12;;;Opposable;2020-01-01;Approuvé;2020-01-01;2025-04-09
PPRT;Plan de Prévention des Risques Technologiques;38DDT20140007;Rév. ARKEMA AREVA-CEZUS-Jarrie;Direction départementale des territoires;;;;84;AUVERGNE-RHONE-ALPES;38;ISERE;38524;Varces-Allières-et-Risset;20;Risque technologique;21;Risque industriel;213;Effet toxique;VRAI;38DDT20140002;FAUX;;2011-12-21;2014-09-08;2014-10-09;;;2015-05-22;;;Opposable;2020-01-01;Approuvé;2020-01-01;2025-11-21
PPRT;Plan de Prévention des Risques Technologiques;33DREAL20130132;PPRT AMBES SUD;Direction régionale de l'environnement, de l'aménagement et du logement;;;;75;NOUVELLE-AQUITAINE;33;GIRONDE;33004;Ambès;20;Risque technologique;21;Risque industriel;213;Effet toxique;FAUX;;FAUX;;2010-11-10;;;;;2015-07-06;;;Opposable;2020-01-01;Approuvé;2020-01-01;2025-04-09
PPRT;Plan de Prévention des Risques Technologiques;24DREAL20130012;PPRT BERGERAC ;Direction régionale de l'environnement, de l'aménagement et du logement;;;;75;NOUVELLE-AQUITAINE;24;DORDOGNE;24140;Cours-de-Pile;20;Risque technologique;21;Risque industriel;212;Effet de surpression;FAUX;;FAUX;;2009-07-21;;;;;2011-06-30;;;Opposable;2020-01-01;Approuvé;2020-01-01;2025-04-09
PPRT;Plan de Prévention des Risques Technologiques;75DRIEE_IF20090005;PPRT KUEHNE et NAGEL;Direction Régionale et Interdépartementale de l'Environnement et de l'Énergie d'Ile-de-France;PPRT KUEHNE et NAGEL;;;11;ILE-DE-FRANCE;77;SEINE-ET-MARNE;77445;Savigny-le-Temple;20;Risque technologique;21;Risque industriel;211;Effet thermique;FAUX;;FAUX;;2009-04-09;2011-06-01;2011-07-02;;;2011-11-10;;;Opposable;2020-01-01;Approuvé;2020-01-01;2025-04-09
PPRT;Plan de Prévention des Risques Technologiques;51DREAL20090002;PPRT de BRENNTAG LORRAINE;Direction régionale de l'environnement, de l'aménagement et du logement;PPRT de BRENNTAG LORRAINE;;;44;GRAND EST;54;MEURTHE-ET-MOSELLE;54584;Villey-Saint-Étienne;20;Risque technologique;21;Risque industriel;212;Effet de surpression;FAUX;;FAUX;;2009-03-18;;;;;2011-12-21;;;Opposable;2020-01-01;Approuvé;2020-01-01;2025-04-09
PPRT;Plan de Prévention des Risques Technologiques;78DDT20130011;PPRT STORENGY Saint-Illiers-la-V;Direction départementale des territoires;;;;11;ILE-DE-FRANCE;78;YVELINES;78344;Lommoye;20;Risque technologique;21;Risque industriel;211;Effet thermique;FAUX;;FAUX;;2009-06-15;;;;;2010-12-29;;;Opposable;2020-01-01;Approuvé;2020-01-01;2025-04-10
PPRT;Plan de Prévention des Risques Technologiques;69DREAL20170010;69 PPRT de St Genis Laval;Direction départementale des territoires;St Genis Laval;;;84;AUVERGNE-RHONE-ALPES;69;RHONE;69204;Saint-Genis-Laval;20;Risque technologique;21;Risque industriel;212;Effet de surpression;FAUX;;FAUX;;2009-08-31;2014-01-22;;;;2014-12-12;2017-05-11;;Caduque;2020-01-01;Annulé;2020-01-01;2024-05-31
PPRT;Plan de Prévention des Risques Technologiques;43PREF20100003;PPRT RECTICEL Mazeyrat d'Allier;Préfecture;;;;84;AUVERGNE-RHONE-ALPES;43;HAUTE-LOIRE;43132;Mazeyrat-d'Allier;20;Risque technologique;21;Risque industriel;211;Effet thermique;FAUX;;FAUX;;2009-12-28;2011-10-10;2011-11-10;;;2011-12-20;;;Opposable;2020-01-01;Approuvé;2020-01-01;2025-04-09
PPRT;Plan de Prévention des Risques Technologiques;68DREAL20140002;68 PPRT DSM RUBIS;Direction régionale de l'environnement, de l'aménagement et du logement;68 PPRT DSM RUBIS;;;44;GRAND EST;68;HAUT-RHIN;68149;Huningue;20;Risque technologique;21;Risque industriel;211;Effet thermique;FAUX;;FAUX;;2009-04-20;;;;;2014-09-24;;;Opposable;2020-01-01;Approuvé;2020-01-01;2018-07-17
PPRT;Plan de Prévention des Risques Technologiques;PPRT_2024_0001;PPRT - dépôt de munitions de Canjuers 2015;Direction départementale des territoires et de la mer;;;;;;83;VAR;83082;Montferrat;20;Risque technologique;21;Risque industriel;211;Effet thermique;FAUX;;FAUX;;2013-12-19;;;;;2015-08-12;;;Opposable;2020-01-01;Approuvé;2020-01-01;2025-04-15
PPRT;Plan de Prévention des Risques Technologiques;60DREAL20140004;Hüttenes Albertus;Direction régionale de l'environnement, de l'aménagement et du logement;;;;32;HAUTS-DE-FRANCE;60;OISE;60102;Brenouille;20;Risque technologique;21;Risque industriel;213;Effet toxique;FAUX;;FAUX;;2009-10-26;2013-06-03;2013-07-03;;;2013-10-14;;;Opposable;2020-01-01;Approuvé;2020-01-01;2025-03-27
PPRT;Plan de Prévention des Risques Technologiques;59DREAL20090002;PPRT CALAIRE CHIMIE;Direction régionale de l'environnement, de l'aménagement et du logement;;;;32;HAUTS-DE-FRANCE;62;PAS-DE-CALAIS;62193;Calais;20;Risque technologique;21;Risque industriel;212;Effet de surpression;FAUX;;FAUX;;2008-02-29;2011-09-27;2011-10-26;;;2011-12-23;;;Opposable;2020-01-01;Approuvé;2020-01-01;2025-04-04
PPRT;Plan de Prévention des Risques Technologiques;57DDT20140005;PPRT INEOS;Direction départementale des territoires;;;;44;GRAND EST;57;MOSELLE;57628;Sarralbe;20;Risque technologique;21;Risque industriel;213;Effet toxique;FAUX;;FAUX;;2009-11-16;;;;;2017-07-06;;;Opposable;2020-01-01;Approuvé;2020-01-01;2025-04-10
PPRT;Plan de Prévention des Risques Technologiques;45DREAL20090002;NEXTER Munitions - MBDA;Direction régionale de l'environnement, de l'aménagement et du logement;;;;24;CENTRE-VAL DE LOIRE;18;CHER;18157;Morthomiers;20;Risque technologique;21;Risque industriel;211;Effet thermique;FAUX;;FAUX;;2007-11-15;2010-02-08;2010-03-11;;;2010-10-11;;;Opposable;2020-01-01;Approuvé;2020-01-01;2025-04-10
PPRT;Plan de Prévention des Risques Technologiques;95DDT20130001;95 PPRT NCS;Direction départementale des territoires;;;;11;ILE-DE-FRANCE;95;VAL-D'OISE;95580;Saint-Witz;20;Risque technologique;21;Risque industriel;212;Effet de surpression;FAUX;;FAUX;;2009-12-23;2010-11-23;2010-12-03;;;2011-06-17;;;Opposable;2020-01-01;Approuvé;2020-01-01;2025-04-04
PPRT;Plan de Prévention des Risques Technologiques;PPRT_2023_0002;PPRT - ADISSEO - Commentry - Malicorne;Direction départementale des territoires;Commentry - Malicorne;;;;;03;ALLIER;03082;Commentry;20;Risque technologique;21;Risque industriel;211;Effet thermique;FAUX;;FAUX;;2011-05-13;;;;;2016-06-28;;;Opposable;2020-01-01;Approuvé;2020-01-01;2016-06-16
PPRT;Plan de Prévention des Risques Technologiques;38DDT20140007;Rév. ARKEMA AREVA-CEZUS-Jarrie;Direction départementale des territoires;;;;84;AUVERGNE-RHONE-ALPES;38;ISERE;38279;Notre-Dame-de-Mésage;20;Risque technologique;21;Risque industriel;212;Effet de surpression;VRAI;38DDT20140002;FAUX;;2011-12-21;2014-09-08;2014-10-09;;;2015-05-22;;;Opposable;2020-01-01;Approuvé;2020-01-01;2025-11-21
PPRT;Plan de Prévention des Risques Technologiques;27DDTM20150001;NUFARM;Direction départementale des territoires et de la mer;;;;28;NORMANDIE;27;EURE;27599;Saint-Pierre-la-Garenne;20;Risque technologique;21;Risque industriel;213;Effet toxique;FAUX;;FAUX;;2009-12-29;2012-06-11;2012-07-12;2013-04-08;;2012-12-12;;;Opposable;2020-01-01;Approuvé;2020-01-01;2025-04-10
PPRT;Plan de Prévention des Risques Technologiques;68DREAL20140001;68 PPRT PPC CRISTAL;Direction régionale de l'environnement, de l'aménagement et du logement;68 PPRT PPC CRISTAL;;;44;GRAND EST;68;HAUT-RHIN;68334;Thann;20;Risque technologique;21;Risque industriel;213;Effet toxique;FAUX;;FAUX;;2010-12-31;2014-01-13;2014-02-14;;;2014-05-16;;;Opposable;2020-01-01;Approuvé;2020-01-01;2012-01-23
PPRT;Plan de Prévention des Risques Technologiques;16DDT20120005;PPRT Jas Hennessy;Direction départementale des territoires;;;;75;NOUVELLE-AQUITAINE;16;CHARENTE;16097;Cherves-Richemont;20;Risque technologique;21;Risque industriel;211;Effet thermique;FAUX;;FAUX;;2009-12-31;2011-04-18;2011-05-20;;;2011-07-28;;;Opposable;2020-01-01;Approuvé;2020-01-01;2025-04-09
PPRT;Plan de Prévention des Risques Technologiques;50DDTM20110001;Société OMG Ultra Pure Chemicals;Direction départementale des territoires et de la mer;;;;28;NORMANDIE;50;MANCHE;50468;Saint-Fromond;20;Risque technologique;21;Risque industriel;211;Effet thermique;FAUX;;FAUX;;2011-09-26;;;;;2014-04-01;;;Opposable;2020-01-01;Approuvé;2020-01-01;2025-04-08
PPRT;Plan de Prévention des Risques Technologiques;69DREAL20090013;69 PPRT de Limas;Direction régionale de l'environnement, de l'aménagement et du logement;Limas;;;84;AUVERGNE-RHONE-ALPES;69;RHONE;69115;Limas;20;Risque technologique;21;Risque industriel;211;Effet thermique;FAUX;;FAUX;;2009-01-29;;;;;2011-10-17;;;Opposable;2020-01-01;Approuvé;2020-01-01;2025-04-04
PPRT;Plan de Prévention des Risques Technologiques;76DDTM20150005;ZIP Le Havre;Direction départementale des territoires et de la mer;;;;28;NORMANDIE;76;SEINE-MARITIME;76489;Oudalle;20;Risque technologique;21;Risque industriel;213;Effet toxique;FAUX;;FAUX;;2010-02-17;2016-05-26;2016-07-12;;;2016-10-17;;;Opposable;2020-01-01;Approuvé;2020-01-01;2019-09-09
PPRT;Plan de Prévention des Risques Technologiques;44DDTM20110006;PPRT Montoir YARA-ELENGY-IDEA;Direction départementale des territoires et de la mer;PPRT de Montoir-de-Bretange;;;52;PAYS DE LA LOIRE;44;LOIRE-ATLANTIQUE;44103;Montoir-de-Bretagne;20;Risque technologique;21;Risque industriel;212;Effet de surpression;FAUX;;FAUX;;2010-12-30;;;;;2015-09-30;;;Opposable;2020-01-01;Approuvé;2020-01-01;2025-04-04
PPRT;Plan de Prévention des Risques Technologiques;13DREAL20140010;PPRT - Butagaz [ Rognac ] 2016;Direction régionale de l'environnement, de l'aménagement et du logement;;;;93;PROVENCE-ALPES-COTE D'AZUR;13;BOUCHES-DU-RHONE;13117;Vitrolles;20;Risque technologique;21;Risque industriel;212;Effet de surpression;FAUX;;FAUX;;2009-11-10;2016-03-07;2016-04-11;;;2016-06-28;;;Opposable;2020-01-01;Approuvé;2020-01-01;2025-04-09
PPRT;Plan de Prévention des Risques Technologiques;59DREAL20090003;PPRT CRODA UNIQEMA;Direction régionale de l'environnement, de l'aménagement et du logement;;;;32;HAUTS-DE-FRANCE;62;PAS-DE-CALAIS;62489;Lapugnoy;20;Risque technologique;21;Risque industriel;212;Effet de surpression;FAUX;;FAUX;;2007-05-23;;;;;2023-05-10;;;Opposable;2020-01-01;Approuvé;2020-01-01;2025-04-04
PPRT;Plan de Prévention des Risques Technologiques;68DREAL20140002;68 PPRT DSM RUBIS;Direction régionale de l'environnement, de l'aménagement et du logement;68 PPRT DSM RUBIS;;;44;GRAND EST;68;HAUT-RHIN;68349;Village-Neuf;20;Risque technologique;21;Risque industriel;211;Effet thermique;FAUX;;FAUX;;2009-04-20;;;;;2014-09-24;;;Opposable;2020-01-01;Approuvé;2020-01-01;2018-07-17
PPRT;Plan de Prévention des Risques Technologiques;45DREAL20140005;DPO (Saint-Jean-de-Braye);Direction régionale de l'environnement, de l'aménagement et du logement;;;;24;CENTRE-VAL DE LOIRE;45;LOIRET;45308;Semoy;20;Risque technologique;21;Risque industriel;212;Effet de surpression;FAUX;;FAUX;;2010-03-01;;;;;2017-09-25;;;Opposable;2020-01-01;Approuvé;2020-01-01;2025-04-03
PPRT;Plan de Prévention des Risques Technologiques;44DDTM20110006;PPRT Montoir YARA-ELENGY-IDEA;Direction départementale des territoires et de la mer;PPRT de Montoir-de-Bretange;;;52;PAYS DE LA LOIRE;44;LOIRE-ATLANTIQUE;44052;Donges;20;Risque technologique;21;Risque industriel;212;Effet de surpression;FAUX;;FAUX;;2010-12-30;;;;;2015-09-30;;;Opposable;2020-01-01;Approuvé;2020-01-01;2025-04-04
PPRT;Plan de Prévention des Risques Technologiques;51DREAL20090010;PPRT HUNTSMAN;Direction régionale de l'environnement, de l'aménagement et du logement;PPRT HUNTSMAN;;;44;GRAND EST;55;MEUSE;55463;Saint-Mihiel;20;Risque technologique;21;Risque industriel;213;Effet toxique;FAUX;;FAUX;;2008-12-10;;;;;2011-03-28;;;Opposable;2020-01-01;Approuvé;2020-01-01;2025-04-10
PPRT;Plan de Prévention des Risques Technologiques;51DREAL20090002;PPRT de BRENNTAG LORRAINE;Direction régionale de l'environnement, de l'aménagement et du logement;PPRT de BRENNTAG LORRAINE;;;44;GRAND EST;54;MEURTHE-ET-MOSELLE;54528;Toul;20;Risque technologique;21;Risque industriel;212;Effet de surpression;FAUX;;FAUX;;2009-03-18;;;;;2011-12-21;;;Opposable;2020-01-01;Approuvé;2020-01-01;2025-04-09
PPRT;Plan de Prévention des Risques Technologiques;76DDTM20150005;ZIP Le Havre;Direction départementale des territoires et de la mer;;;;28;NORMANDIE;76;SEINE-MARITIME;76660;Sandouville;20;Risque technologique;21;Risque industriel;211;Effet thermique;FAUX;;FAUX;;2010-02-17;2016-05-26;2016-07-12;;;2016-10-17;;;Opposable;2020-01-01;Approuvé;2020-01-01;2019-09-09
PPRT;Plan de Prévention des Risques Technologiques;11DDTM20120027;PPRT - Orano;Direction régionale de l'environnement, de l'aménagement et du logement;Usine Orano Malvesi;;;76;OCCITANIE;11;AUDE;11258;Moussan;20;Risque technologique;21;Risque industriel;211;Effet thermique;FAUX;;FAUX;;2009-04-17;2012-06-18;2012-07-20;;;2013-01-23;;;Opposable;2020-01-01;Approuvé;2020-01-01;2025-04-09
PPRT;Plan de Prévention des Risques Technologiques;02DDT20190002;Dépôt de Crépy de la DGSCGC;Direction départementale des territoires;;;;32;HAUTS-DE-FRANCE;02;AISNE;02238;Crépy;20;Risque technologique;21;Risque industriel;212;Effet de surpression;FAUX;;FAUX;;2018-07-30;;;;;2021-08-11;;;Opposable;2020-01-01;Approuvé;2020-01-01;2025-04-09
PPRT;Plan de Prévention des Risques Technologiques;26DDT20120010;PPRT - STORENGY;Direction départementale des territoires;;;;84;AUVERGNE-RHONE-ALPES;26;DROME;26349;Tersanne;20;Risque technologique;21;Risque industriel;212;Effet de surpression;FAUX;;FAUX;;2012-03-26;2015-06-08;;;;2015-10-22;;;Opposable;2020-01-01;Approuvé;2020-01-01;2025-04-09
PPRT;Plan de Prévention des Risques Technologiques;PPRT_2023_0007;PPRT - AREVA NC - Usine W - Comurhex;Direction régionale de l'environnement, de l'aménagement et du logement;;;;;;26;DROME;26235;Pierrelatte;20;Risque technologique;21;Risque industriel;212;Effet de surpression;FAUX;;FAUX;;2012-12-28;;;;;2014-09-11;;;Opposable;2020-01-01;Approuvé;2020-01-01;2025-04-14
PPRT;Plan de Prévention des Risques Technologiques;PPRT_2023_0003;PPRT - dépôt de munitions Ventiseri ;Direction départementale des territoires;;;;;;2B;HAUTE-CORSE;2B283;Solaro;20;Risque technologique;21;Risque industriel;214;Effet de projection;FAUX;;FAUX;;2013-07-05;;;;;2017-01-24;;;Opposable;2020-01-01;Approuvé;2020-01-01;2023-01-23
PPRT;Plan de Prévention des Risques Technologiques;33DREAL20090003;BASSENS AMBARES;Direction régionale de l'environnement, de l'aménagement et du logement;BASSENS AMBARES;;;75;NOUVELLE-AQUITAINE;33;GIRONDE;33434;Saint-Louis-de-Montferrand;20;Risque technologique;21;Risque industriel;213;Effet toxique;FAUX;;FAUX;;2008-12-22;;;;;2010-12-21;;;Opposable;2020-01-01;Approuvé;2020-01-01;2025-04-09
PPRT;Plan de Prévention des Risques Technologiques;95DDT20130002;95-60-27 PPRT STORENGY;Direction départementale des territoires;;;;11;ILE-DE-FRANCE;95;VAL-D'OISE;95119;Buhy;20;Risque technologique;21;Risque industriel;211;Effet thermique;FAUX;;FAUX;;2010-10-08;2013-05-30;2013-06-29;;;2013-12-13;;;Opposable;2020-01-01;Approuvé;2020-01-01;2025-04-04
PPRT;Plan de Prévention des Risques Technologiques;76DDTM20150003;ZIP Petit et Grand Quevilly;Direction départementale des territoires et de la mer;;;;28;NORMANDIE;76;SEINE-MARITIME;76614;Saint-Martin-de-Boscherville;20;Risque technologique;21;Risque industriel;212;Effet de surpression;FAUX;;FAUX;;2012-12-13;2017-09-20;2017-11-09;;;2018-01-25;;;Opposable;2020-01-01;Approuvé;2020-01-01;2025-04-09
PPRT;Plan de Prévention des Risques Technologiques;91DDT20130012;SEA parc C;Direction départementale des territoires;;;;11;ILE-DE-FRANCE;91;ESSONNE;91100;Bouville;20;Risque technologique;21;Risque industriel;211;Effet thermique;FAUX;;FAUX;;2013-01-28;;;;;2015-07-03;;;Opposable;2020-01-01;Approuvé;2020-01-01;2025-04-09
PPRT;Plan de Prévention des Risques Technologiques;2ADREAL20140001;PPRT ANTARGAZ;Direction régionale de l'environnement, de l'aménagement et du logement;AJACCIO;;;94;CORSE;2A;CORSE-DU-SUD;2A004;Ajaccio;20;Risque technologique;21;Risque industriel;212;Effet de surpression;FAUX;;FAUX;;2011-12-28;;;;;2023-10-24;;;Opposable;2020-01-01;Approuvé;2020-01-01;2025-04-09
PPRT;Plan de Prévention des Risques Technologiques;69DREAL20170005;69 PPRT de Givors;Direction régionale de l'environnement, de l'aménagement et du logement;Givors;;;84;AUVERGNE-RHONE-ALPES;69;RHONE;69096;Grigny;20;Risque technologique;21;Risque industriel;212;Effet de surpression;FAUX;;FAUX;;2009-03-31;2012-09-24;2012-10-24;;;2013-10-24;;;Opposable;2020-01-01;Approuvé;2020-01-01;2025-04-04
PPRT;Plan de Prévention des Risques Technologiques;13DREAL20140008;PPRT - Arkema [ Marseille - St Menet ] 2013;Direction régionale de l'environnement, de l'aménagement et du logement;;;;93;PROVENCE-ALPES-COTE D'AZUR;13;BOUCHES-DU-RHONE;13070;La Penne-sur-Huveaune;20;Risque technologique;21;Risque industriel;212;Effet de surpression;FAUX;;FAUX;;2009-05-22;2013-06-17;2013-07-18;2014-02-24;;2013-11-04;;;Opposable;2020-01-01;Approuvé;2020-01-01;2025-04-09
PPRT;Plan de Prévention des Risques Technologiques;82DDT20110001;PPRT - BUTAGAZ;Direction départementale des territoires;Commune de Castelsarrasin;;;76;OCCITANIE;82;TARN-ET-GARONNE;82033;Castelsarrasin;20;Risque technologique;21;Risque industriel;212;Effet de surpression;FAUX;;FAUX;;2009-07-08;2011-04-27;2011-05-27;2012-04-30;;2011-11-28;;;Opposable;2020-01-01;Approuvé;2020-01-01;2025-04-09
PPRT;Plan de Prévention des Risques Technologiques;68DREAL20140006;68 PPRT EPM;Direction régionale de l'environnement, de l'aménagement et du logement;68 PPRT EPM;;;44;GRAND EST;68;HAUT-RHIN;68300;Sausheim;20;Risque technologique;21;Risque industriel;211;Effet thermique;FAUX;;FAUX;;2009-07-20;2013-11-12;2013-12-13;;;2014-04-11;;;Opposable;2020-01-01;Approuvé;2020-01-01;2018-04-06
PPRT;Plan de Prévention des Risques Technologiques;59DDTM20130006;PPRT ALCAN ALU DUNKERQUE;Direction départementale des territoires et de la mer;;;;32;HAUTS-DE-FRANCE;59;NORD;59359;Loon-Plage;20;Risque technologique;21;Risque industriel;211;Effet thermique;FAUX;;FAUX;;2010-03-05;2011-11-02;2011-12-05;;;2012-04-12;;;Opposable;2020-01-01;Approuvé;2020-01-01;2020-12-24
PPRT;Plan de Prévention des Risques Technologiques;13DREAL20140011;PPRT - CDH [ Rognac ] 2016;Direction régionale de l'environnement, de l'aménagement et du logement;;;;93;PROVENCE-ALPES-COTE D'AZUR;13;BOUCHES-DU-RHONE;13081;Rognac;20;Risque technologique;21;Risque industriel;212;Effet de surpression;FAUX;;FAUX;;2009-11-10;;;;;;;;Prescrit;2020-01-01;Prescrit;2020-01-01;2025-04-09
PPRT;Plan de Prévention des Risques Technologiques;59DREAL20090014;PPRT TOTALGAZ;Direction régionale de l'environnement, de l'aménagement et du logement;;;;32;HAUTS-DE-FRANCE;59;NORD;59015;Arleux;20;Risque technologique;21;Risque industriel;212;Effet de surpression;FAUX;;FAUX;;2007-09-10;2010-09-01;2010-10-01;;;2010-12-27;;;Opposable;2020-01-01;Approuvé;2020-01-01;2025-04-10
PPRT;Plan de Prévention des Risques Technologiques;62DREAL20140002;PPRT SI GROUP;Direction régionale de l'environnement, de l'aménagement et du logement;;;;32;HAUTS-DE-FRANCE;62;PAS-DE-CALAIS;62310;Essars;20;Risque technologique;21;Risque industriel;213;Effet toxique;FAUX;;FAUX;;2009-12-07;2011-12-26;2012-01-27;;;2012-05-22;;;Opposable;2020-01-01;Approuvé;2020-01-01;2025-04-04
PPRT;Plan de Prévention des Risques Technologiques;44DREAL20060003;PPRT TITANOBEL Lignières Orgères;Direction régionale de l'environnement, de l'aménagement et du logement;PPRT TITANOBEL EXPLOSIFS France ;;;52;PAYS DE LA LOIRE;53;MAYENNE;53185;Pré-en-Pail-Saint-Samson;20;Risque technologique;21;Risque industriel;212;Effet de surpression;FAUX;;FAUX;;2006-08-10;;;;;2008-02-07;;;Opposable;2020-01-01;Approuvé;2020-01-01;2025-04-04
PPRT;Plan de Prévention des Risques Technologiques;06DREAL20140007;PPRT - Primagaz [ Carros ] 2015;Direction régionale de l'environnement, de l'aménagement et du logement;;;;93;PROVENCE-ALPES-COTE D'AZUR;06;ALPES-MARITIMES;06033;Carros;20;Risque technologique;21;Risque industriel;212;Effet de surpression;FAUX;;FAUX;;2009-10-16;;;;;2015-09-21;;2021-05-04;Caduque;2020-01-01;Abrogé;2020-01-01;2025-04-09
PPRT;Plan de Prévention des Risques Technologiques;45DREAL20140002;ND Logistics (Ormes);Direction régionale de l'environnement, de l'aménagement et du logement;;;;24;CENTRE-VAL DE LOIRE;45;LOIRET;45235;Ormes;20;Risque technologique;21;Risque industriel;213;Effet toxique;FAUX;;FAUX;;2010-10-11;2013-04-29;2013-05-29;;;2013-09-30;;;Opposable;2020-01-01;Approuvé;2020-01-01;2014-03-18
PPRT;Plan de Prévention des Risques Technologiques;13DREAL20140005;PPRT - Fos Ouest 2023;Direction régionale de l'environnement, de l'aménagement et du logement;;;;93;PROVENCE-ALPES-COTE D'AZUR;13;BOUCHES-DU-RHONE;13078;Port-Saint-Louis-du-Rhône;20;Risque technologique;21;Risque industriel;212;Effet de surpression;FAUX;;FAUX;;2012-12-03;;;;;2023-04-06;;;Opposable;2020-01-01;Approuvé;2020-01-01;2025-04-09
PPRT;Plan de Prévention des Risques Technologiques;60DREAL20140003;MOMENTIVE, INEOS et SECO;Direction régionale de l'environnement, de l'aménagement et du logement;;;;32;HAUTS-DE-FRANCE;60;OISE;60119;Cambronne-lès-Ribécourt;20;Risque technologique;21;Risque industriel;212;Effet de surpression;FAUX;;FAUX;;2009-09-24;2014-08-18;2014-09-18;;;2014-12-18;;;Opposable;2020-01-01;Approuvé;2020-01-01;2025-03-27
PPRT;Plan de Prévention des Risques Technologiques;13DREAL20110046;PPRT - Eurenco [ Sorgues ] 2013 ;Direction départementale des territoires;;;;93;PROVENCE-ALPES-COTE D'AZUR;84;VAUCLUSE;30312;Sauveterre;20;Risque technologique;21;Risque industriel;213;Effet toxique;FAUX;;FAUX;;2009-07-06;2013-06-10;2013-07-10;;;2013-12-13;;;Opposable;2020-01-01;Approuvé;2020-01-01;2025-04-09
PPRT;Plan de Prévention des Risques Technologiques;51DDT20140005;PPRT SNOI - Dampierre-au-Temple;Direction départementale des territoires;Dampierre-au-Templs;;;44;GRAND EST;51;MARNE;51205;Dampierre-au-Temple;20;Risque technologique;21;Risque industriel;212;Effet de surpression;FAUX;;FAUX;;2012-01-31;;;;;2014-12-11;;;Opposable;2020-01-01;Approuvé;2020-01-01;2025-04-09
PPRT;Plan de Prévention des Risques Technologiques;91DDT20130003;PPRT OM-Group;Direction départementale des territoires;;;;11;ILE-DE-FRANCE;91;ESSONNE;91540;Saint-Chéron;20;Risque technologique;21;Risque industriel;213;Effet toxique;FAUX;;FAUX;;2009-09-22;;;;;2012-07-12;;;Opposable;2020-01-01;Approuvé;2020-01-01;2025-04-09
PPRT;Plan de Prévention des Risques Technologiques;51DREAL20090002;PPRT de BRENNTAG LORRAINE;Direction régionale de l'environnement, de l'aménagement et du logement;PPRT de BRENNTAG LORRAINE;;;44;GRAND EST;54;MEURTHE-ET-MOSELLE;54584;Villey-Saint-Étienne;20;Risque technologique;21;Risque industriel;213;Effet toxique;FAUX;;FAUX;;2009-03-18;;;;;2011-12-21;;;Opposable;2020-01-01;Approuvé;2020-01-01;2025-04-09
PPRT;Plan de Prévention des Risques Technologiques;68DREAL20140002;68 PPRT DSM RUBIS;Direction régionale de l'environnement, de l'aménagement et du logement;68 PPRT DSM RUBIS;;;44;GRAND EST;68;HAUT-RHIN;68349;Village-Neuf;20;Risque technologique;21;Risque industriel;212;Effet de surpression;FAUX;;FAUX;;2009-04-20;;;;;2014-09-24;;;Opposable;2020-01-01;Approuvé;2020-01-01;2018-07-17
PPRT;Plan de Prévention des Risques Technologiques;40DREAL20140001;PPRT DE BISCARROSSE;Direction régionale de l'environnement, de l'aménagement et du logement;;;;75;NOUVELLE-AQUITAINE;40;LANDES;40257;Sainte-Eulalie-en-Born;20;Risque technologique;21;Risque industriel;212;Effet de surpression;FAUX;;FAUX;;2012-05-29;;;;;2013-10-08;;;Opposable;2020-01-01;Approuvé;2020-01-01;2025-04-09
PPRT;Plan de Prévention des Risques Technologiques;38DDT20140009;ADISSEO TOURMALINE-St-Clair-Rhôn;Direction départementale des territoires;38 et 69;;;84;AUVERGNE-RHONE-ALPES;38;ISERE;42327;Vérin;20;Risque technologique;21;Risque industriel;213;Effet toxique;FAUX;;FAUX;;2012-02-09;2018-04-24;2018-05-24;;;2018-07-18;;;Opposable;2020-01-01;Approuvé;2020-01-01;2025-04-10
PPRT;Plan de Prévention des Risques Technologiques;59DREAL20090011;PPRT SOGIF - WAZIERS;Direction régionale de l'environnement, de l'aménagement et du logement;;;;32;HAUTS-DE-FRANCE;59;NORD;59178;Douai;20;Risque technologique;21;Risque industriel;213;Effet toxique;FAUX;;FAUX;;2008-11-20;2010-09-01;2010-10-01;2011-04-05;;2010-11-23;;;Opposable;2020-01-01;Approuvé;2020-01-01;2025-04-10
PPRT;Plan de Prévention des Risques Technologiques;38DDT20140002;ARKEMA AREVA-CEZUS - Jarrie;Direction départementale des territoires;;;;84;AUVERGNE-RHONE-ALPES;38;ISERE;38279;Notre-Dame-de-Mésage;20;Risque technologique;21;Risque industriel;213;Effet toxique;FAUX;;VRAI;38DDT20140007;2010-06-14;2010-10-15;2010-11-15;;;2010-12-20;;2015-05-22;Caduque;2020-01-01;Abrogé;2020-01-01;2020-12-04
PPRT;Plan de Prévention des Risques Technologiques;972DEAL20200002;PPRT SARA-Antilles Gaz;Direction de l'environnement, de l'aménagement et du logement;;;;02;MARTINIQUE;972;MARTINIQUE;97213;Le Lamentin;20;Risque technologique;21;Risque industriel;212;Effet de surpression;FAUX;;FAUX;;2009-06-08;;;;;2013-11-18;;;Opposable;2020-01-01;Approuvé;2020-01-01;2025-04-09
PPRT;Plan de Prévention des Risques Technologiques;PPRT_2022_0002;PPRT - Innovative Water Care (IWC);Direction départementale des territoires;Amboise;;;;;37;INDRE-ET-LOIRE;;;;;;;;;FAUX;;FAUX;;;;;;;;;;;;;;
PPRT;Plan de Prévention des Risques Technologiques;77DDT20130005;PPRT STORENGY;Direction départementale des territoires;PPRT STORENGY;;;11;ILE-DE-FRANCE;77;SEINE-ET-MARNE;77204;Germigny-sous-Coulombs;20;Risque technologique;21;Risque industriel;212;Effet de surpression;FAUX;;FAUX;;2010-10-13;;;;;2013-04-12;;;Opposable;2020-01-01;Approuvé;2020-01-01;2025-04-09
PPRT;Plan de Prévention des Risques Technologiques;57DDT20140007;Plate-forme Saint-Avold Nord;Direction départementale des territoires;Plate-forme Saint-Avold Nord;;;44;GRAND EST;57;MOSELLE;57123;Carling;20;Risque technologique;21;Risque industriel;213;Effet toxique;FAUX;;FAUX;;2009-03-26;2013-05-16;2013-06-17;;;2013-10-22;;;Opposable;2020-01-01;Approuvé;2020-01-01;2025-04-10
PPRT;Plan de Prévention des Risques Technologiques;59DDTM20130005;PPRT NYRSTAR AUBY;Direction départementale des territoires et de la mer;;;;32;HAUTS-DE-FRANCE;59;NORD;59028;Auby;20;Risque technologique;21;Risque industriel;213;Effet toxique;FAUX;;FAUX;;2010-01-06;2012-02-06;2012-03-07;;;2012-05-03;;;Opposable;2020-01-01;Approuvé;2020-01-01;2025-04-10
PPRT;Plan de Prévention des Risques Technologiques;59DREAL20090011;PPRT SOGIF - WAZIERS;Direction régionale de l'environnement, de l'aménagement et du logement;;;;32;HAUTS-DE-FRANCE;59;NORD;59654;Waziers;20;Risque technologique;21;Risque industriel;212;Effet de surpression;FAUX;;FAUX;;2008-11-20;2010-09-01;2010-10-01;;;2010-11-23;;;Opposable;2020-01-01;Approuvé;2020-01-01;2025-04-10
PPRT;Plan de Prévention des Risques Technologiques;71DDT20090041;Aperam ;Direction départementale des territoires;Aperam (71);;;27;BOURGOGNE-FRANCHE-COMTE;71;SAONE-ET-LOIRE;71230;Gueugnon;20;Risque technologique;21;Risque industriel;212;Effet de surpression;FAUX;;FAUX;;2009-07-17;;;;;2011-06-21;;;Opposable;2020-01-01;Approuvé;2020-01-01;2025-03-27
PPRT;Plan de Prévention des Risques Technologiques;91DDT20130003;PPRT OM-Group;Direction départementale des territoires;;;;11;ILE-DE-FRANCE;91;ESSONNE;91593;Sermaise;20;Risque technologique;21;Risque industriel;212;Effet de surpression;FAUX;;FAUX;;2009-09-22;;;;;2012-07-12;;;Opposable;2020-01-01;Approuvé;2020-01-01;2025-04-09
PPRT;Plan de Prévention des Risques Technologiques;38DDT20140005;ROUSSILLON-SALAISE SUR SANNE;Direction départementale des territoires;;;;84;AUVERGNE-RHONE-ALPES;38;ISERE;38349;Sablons;20;Risque technologique;21;Risque industriel;211;Effet thermique;FAUX;;FAUX;;2009-04-06;2014-01-27;2014-02-28;;;2014-07-09;;;Opposable;2020-01-01;Approuvé;2020-01-01;2017-06-09
PPRT;Plan de Prévention des Risques Technologiques;89DREAL20140002;Davey Bickford;Direction régionale de l'environnement, de l'aménagement et du logement;Davey Bickford (89);;;27;BOURGOGNE-FRANCHE-COMTE;89;YONNE;89382;Seignelay;20;Risque technologique;21;Risque industriel;212;Effet de surpression;FAUX;;FAUX;;2010-01-18;;;;;2012-02-17;;;Opposable;2020-01-01;Approuvé;2020-01-01;2025-03-27
PPRT;Plan de Prévention des Risques Technologiques;69DREAL20090016;73 PPRT de Chignin;Direction régionale de l'environnement, de l'aménagement et du logement;73 PPRT de Chignin;;;84;AUVERGNE-RHONE-ALPES;73;SAVOIE;73084;Chignin;20;Risque technologique;21;Risque industriel;211;Effet thermique;FAUX;;FAUX;;2008-10-10;2011-09-09;2011-10-09;;;2011-12-15;;2014-05-21;Caduque;2020-01-01;Abrogé;2020-01-01;2017-05-10
PPRT;Plan de Prévention des Risques Technologiques;67DREAL20140044;67 PPRT WAGRAM ;Direction régionale de l'environnement, de l'aménagement et du logement;67PPRT WAGRAM;;;44;GRAND EST;67;BAS-RHIN;67506;Vendenheim;20;Risque technologique;21;Risque industriel;211;Effet thermique;FAUX;;FAUX;;2012-11-20;2014-08-25;2014-09-25;;;2014-12-31;;;Opposable;2020-01-01;Approuvé;2020-01-01;2025-04-09
PPRT;Plan de Prévention des Risques Technologiques;30DDTM20060002;PPRT -  AXENS et RHODIA ;Direction départementale des territoires et de la mer;;;;76;OCCITANIE;30;GARD;30223;Rousson;20;Risque technologique;21;Risque industriel;212;Effet de surpression;FAUX;;FAUX;;2010-11-15;2014-05-19;2014-06-20;;;2014-08-18;;;Opposable;2020-01-01;Approuvé;2020-01-01;2025-04-09
PPRT;Plan de Prévention des Risques Technologiques;45DREAL20090010;TDA (La-Ferté-Saint-Aubin);Direction régionale de l'environnement, de l'aménagement et du logement;;;;24;CENTRE-VAL DE LOIRE;45;LOIRET;45006;Ardon;20;Risque technologique;21;Risque industriel;211;Effet thermique;FAUX;;FAUX;;2008-09-23;2009-11-27;2009-12-31;;;2010-06-15;;;Opposable;2020-01-01;Approuvé;2020-01-01;2025-04-03
PPRT;Plan de Prévention des Risques Technologiques;PPRT_2023_0003;PPRT - dépôt de munitions Ventiseri ;Direction départementale des territoires;;;;;;2B;HAUTE-CORSE;2B283;Solaro;20;Risque technologique;21;Risque industriel;211;Effet thermique;FAUX;;FAUX;;2013-07-05;;;;;2017-01-24;;;Opposable;2020-01-01;Approuvé;2020-01-01;2023-01-23
PPRT;Plan de Prévention des Risques Technologiques;60DREAL20140006;Arkema - Villers-Saint-Paul;Direction régionale de l'environnement, de l'aménagement et du logement;;;;32;HAUTS-DE-FRANCE;60;OISE;60684;Villers-Saint-Paul;20;Risque technologique;21;Risque industriel;213;Effet toxique;FAUX;;FAUX;;2009-04-07;2012-06-18;2012-07-18;;;2012-10-29;;;Opposable;2020-01-01;Approuvé;2020-01-01;2025-03-27
PPRT;Plan de Prévention des Risques Technologiques;64DDTM20170001;PPRt - SEDZERE;Direction départementale des territoires et de la mer;;;;75;NOUVELLE-AQUITAINE;64;PYRENEES-ATLANTIQUES;64227;Gabaston;20;Risque technologique;21;Risque industriel;211;Effet thermique;FAUX;;FAUX;;2017-01-20;;;;;2018-12-21;;;Opposable;2020-01-01;Approuvé;2020-01-01;2025-06-11
PPRT;Plan de Prévention des Risques Technologiques;57DDT20140006;ARCELORMITTAL ATLANTIQUE LORR;Direction départementale des territoires;ARCELORMITTAL ATLANTIQUE LORR;;;44;GRAND EST;57;MOSELLE;57221;Florange;20;Risque technologique;21;Risque industriel;213;Effet toxique;FAUX;;FAUX;;2010-12-31;2014-05-13;2014-06-12;;;2014-08-22;;2025-09-26;Caduque;2020-01-01;Abrogé;2020-01-01;2025-10-02
PPRT;Plan de Prévention des Risques Technologiques;PPRT_2022_0003;PPRT - Etablissement DGATT Bourges;Direction départementale des territoires;;;;;;18;CHER;18072;Cornusse;20;Risque technologique;21;Risque industriel;214;Effet de projection;FAUX;;FAUX;;2020-11-06;;;;;2023-08-03;;;Opposable;2020-01-01;Approuvé;2020-01-01;2025-04-02
PPRT;Plan de Prévention des Risques Technologiques;60DREAL20140007;BASF Coatigns SAS Breuil le Sec;Direction régionale de l'environnement, de l'aménagement et du logement;;;;32;HAUTS-DE-FRANCE;60;OISE;60464;Nointel;20;Risque technologique;21;Risque industriel;212;Effet de surpression;FAUX;;FAUX;;2009-12-29;2013-08-22;2013-09-23;;;2013-11-27;;;Opposable;2020-01-01;Approuvé;2020-01-01;2025-03-27
PPRT;Plan de Prévention des Risques Technologiques;21DDT20130002;ENTREPOTS PETROLIERS DIJONNAIS;Direction départementale des territoires;Entrepôt pétrolier dijonnais (21;;;27;BOURGOGNE-FRANCHE-COMTE;21;COTE-D'OR;21355;Longvic;20;Risque technologique;21;Risque industriel;211;Effet thermique;FAUX;;FAUX;;2010-06-21;;;;;2014-02-06;;;Opposable;2020-01-01;Approuvé;2020-01-01;2025-03-27
PPRT;Plan de Prévention des Risques Technologiques;64DREAL20130260;PPRT MOURENX;Direction régionale de l'environnement, de l'aménagement et du logement;;;;75;NOUVELLE-AQUITAINE;64;PYRENEES-ATLANTIQUES;64443;Pardies;20;Risque technologique;21;Risque industriel;211;Effet thermique;FAUX;;FAUX;;2008-11-08;;;;;2012-06-14;;;Opposable;2020-01-01;Approuvé;2020-01-01;2025-06-11
PPRT;Plan de Prévention des Risques Technologiques;76DREAL20140005;Montville;Direction régionale de l'environnement, de l'aménagement et du logement;;;;28;NORMANDIE;76;SEINE-MARITIME;76402;Malaunay;20;Risque technologique;21;Risque industriel;213;Effet toxique;FAUX;;FAUX;;2009-12-22;2013-04-02;2013-05-02;;;2013-07-25;;;Opposable;2020-01-01;Approuvé;2020-01-01;2025-04-09
PPRT;Plan de Prévention des Risques Technologiques;94DRIEE_IF20190003;SPVM;Direction Régionale et Interdépartementale de l'Environnement et de l'Énergie d'Ile-de-France;;;;11;ILE-DE-FRANCE;94;VAL-DE-MARNE;94077;Villeneuve-le-Roi;20;Risque technologique;21;Risque industriel;211;Effet thermique;FAUX;;FAUX;;2011-08-04;;;;;2016-07-20;;;Opposable;2020-01-01;Approuvé;2020-01-01;2025-04-03
;;PPRT_2025_0001;PPRT - SNF - Andrézieux-Bouthéon;;;;;;;;;42005;Andrézieux-Bouthéon;20;Risque technologique;21;Risque industriel;211;Effet thermique;FAUX;;FAUX;;2010-06-30;;;;;2012-12-20;;;;;;;2025-02-03
PPRT;Plan de Prévention des Risques Technologiques;68DREAL20140004;67 PPRT BASF;Direction régionale de l'environnement, de l'aménagement et du logement;67 PPRT BASF;;;44;GRAND EST;68;HAUT-RHIN;68297;Saint-Louis;20;Risque technologique;21;Risque industriel;212;Effet de surpression;FAUX;;FAUX;;2009-10-26;2011-10-21;2011-11-21;;;2011-12-19;;;Opposable;2020-01-01;Approuvé;2020-01-01;2025-04-09
PPRT;Plan de Prévention des Risques Technologiques;62DREAL20140010;PPRT CECA;Direction régionale de l'environnement, de l'aménagement et du logement;;;;32;HAUTS-DE-FRANCE;62;PAS-DE-CALAIS;62817;Tilloy-lès-Mofflaines;20;Risque technologique;21;Risque industriel;212;Effet de surpression;FAUX;;FAUX;;2009-08-11;2014-06-02;2014-07-04;;;2014-12-15;;;Opposable;2020-01-01;Approuvé;2020-01-01;2025-04-04
PPRT;Plan de Prévention des Risques Technologiques;26DDT20120001;PPRT - NOVAPEX;Direction départementale des territoires;;;;84;AUVERGNE-RHONE-ALPES;26;DROME;26143;Le Grand-Serre;20;Risque technologique;21;Risque industriel;212;Effet de surpression;FAUX;;FAUX;;2011-12-08;2013-12-13;2014-01-13;;;2014-04-02;;;Opposable;2020-01-01;Approuvé;2020-01-01;2025-04-09
PPRT;Plan de Prévention des Risques Technologiques;974DEAL20140002;PPRT dépôt de munitions SIMu  ;Direction de l'environnement, de l'aménagement et du logement;;;;04;LA REUNION;974;LA REUNION;97422;Le Tampon;20;Risque technologique;21;Risque industriel;212;Effet de surpression;FAUX;;FAUX;;2013-05-02;2016-06-13;2016-07-13;;;2016-10-31;;;Opposable;2020-01-01;Approuvé;2020-01-01;2025-04-09
PPRT;Plan de Prévention des Risques Technologiques;69DREAL20170004;69 PPRT de Genay;Direction départementale des territoires;Genay;;;84;AUVERGNE-RHONE-ALPES;69;RHONE;69071;Curis-au-Mont-d'Or;20;Risque technologique;21;Risque industriel;212;Effet de surpression;FAUX;;FAUX;;2011-10-11;2011-06-23;2011-06-23;;;2014-11-10;;;Opposable;2020-01-01;Approuvé;2020-01-01;2014-11-10
PPRT;Plan de Prévention des Risques Technologiques;83DREAL20140148;PPRT - militaire pyrotechnie [ Toulon ] 2013;Direction régionale de l'environnement, de l'aménagement et du logement;;;;93;PROVENCE-ALPES-COTE D'AZUR;83;VAR;83090;Ollioules;20;Risque technologique;21;Risque industriel;214;Effet de projection;FAUX;;FAUX;;2013-03-01;;;;;;;;Prescrit;2020-01-01;Prescrit;2020-01-01;2025-04-15
PPRT;Plan de Prévention des Risques Technologiques;69DDT20200002;Vallée de la chimie;Direction départementale des territoires;;;;84;AUVERGNE-RHONE-ALPES;69;RHONE;69149;Oullins;20;Risque technologique;21;Risque industriel;213;Effet toxique;FAUX;;FAUX;;2015-04-21;;;;;2016-10-19;;;Opposable;2020-01-01;Approuvé;2020-01-01;2025-04-10
PPRT;Plan de Prévention des Risques Technologiques;77DDT20130006;PPRT TOTAL GPN;Direction départementale des territoires;PPRT TOTAL GPN;;;11;ILE-DE-FRANCE;77;SEINE-ET-MARNE;77381;Quiers;20;Risque technologique;21;Risque industriel;211;Effet thermique;FAUX;;FAUX;;2009-12-21;2013-05-14;2013-06-13;;;2013-09-05;;;Opposable;2020-01-01;Approuvé;2020-01-01;2025-04-09
PPRT;Plan de Prévention des Risques Technologiques;62DREAL20140003;PPRT NORTANKING;Direction régionale de l'environnement, de l'aménagement et du logement;;;;32;HAUTS-DE-FRANCE;62;PAS-DE-CALAIS;62033;Annay;20;Risque technologique;21;Risque industriel;212;Effet de surpression;FAUX;;FAUX;;2010-03-10;2012-12-17;2013-01-18;;;2013-04-05;;;Opposable;2020-01-01;Approuvé;2020-01-01;2025-04-04
PPRT;Plan de Prévention des Risques Technologiques;13DREAL20110046;PPRT - Eurenco [ Sorgues ] 2013 ;Direction départementale des territoires;;;;93;PROVENCE-ALPES-COTE D'AZUR;84;VAUCLUSE;30351;Villeneuve-lès-Avignon;20;Risque technologique;21;Risque industriel;214;Effet de projection;FAUX;;FAUX;;2009-07-06;2013-06-10;2013-07-10;;;2013-12-13;;;Opposable;2020-01-01;Approuvé;2020-01-01;2025-04-09
PPRT;Plan de Prévention des Risques Technologiques;17DDTM20140002;PPRT GRATECAP;Direction départementale des territoires et de la mer;PPRT Gratecap;;;75;NOUVELLE-AQUITAINE;17;CHARENTE-MARITIME;17300;La Rochelle;20;Risque technologique;21;Risque industriel;213;Effet toxique;FAUX;;FAUX;;2009-04-15;2010-11-22;2010-12-24;2011-11-17;;2011-03-29;;;Opposable;2020-01-01;Approuvé;2020-01-01;2025-04-09
PPRT;Plan de Prévention des Risques Technologiques;90DDT20160001;PPRT ANTARGAZ-FINAGAZ;Direction départementale des territoires;ANTARGAZ;;;27;BOURGOGNE-FRANCHE-COMTE;90;TERRITOIRE DE BELFORT;90017;Bourogne;20;Risque technologique;21;Risque industriel;212;Effet de surpression;FAUX;;FAUX;;2008-04-24;2011-05-16;2011-06-18;;;2011-09-29;;2022-07-26;Caduque;2020-01-01;Abrogé;2020-01-01;2023-03-02
PPRT;Plan de Prévention des Risques Technologiques;34DREAL20090004;PPRT - TITANOBEL;Direction régionale de l'environnement, de l'aménagement et du logement;PPRT NOBEL;;;76;OCCITANIE;66;PYRENEES-ORIENTALES;66127;Opoul-Périllos;20;Risque technologique;21;Risque industriel;212;Effet de surpression;FAUX;;FAUX;;2008-01-28;;;;;2012-10-11;;;Opposable;2020-01-01;Approuvé;2020-01-01;2025-04-09
PPRT;Plan de Prévention des Risques Technologiques;75DRIEE_IF20090007;95 PPRT AMPERE INDUSTRIE;Direction Régionale et Interdépartementale de l'Environnement et de l'Énergie d'Ile-de-France;;;;11;ILE-DE-FRANCE;95;VAL-D'OISE;95572;Saint-Ouen-l'Aumône;20;Risque technologique;21;Risque industriel;211;Effet thermique;FAUX;;FAUX;;2009-01-15;2010-03-22;2010-03-22;;;2010-07-12;;;Opposable;2020-01-01;Approuvé;2020-01-01;2025-04-10
PPRT;Plan de Prévention des Risques Technologiques;02DDT20140002;GIE SICALOG;Direction départementale des territoires;;;;32;HAUTS-DE-FRANCE;02;AISNE;02549;Neuville-Saint-Amand;20;Risque technologique;21;Risque industriel;212;Effet de surpression;FAUX;;FAUX;;2009-10-02;2010-05-31;2010-07-02;2011-01-18;;2010-07-26;;;Opposable;2020-01-01;Approuvé;2020-01-01;2025-04-09
PPRT;Plan de Prévention des Risques Technologiques;56DDTM20140001;PPRT militaire de Coëtquidan;Direction départementale des territoires et de la mer;;;;53;BRETAGNE;56;MORBIHAN;56032;Campénéac;20;Risque technologique;21;Risque industriel;212;Effet de surpression;FAUX;;FAUX;;2012-04-18;2014-01-08;2014-02-12;;;2014-07-16;;;Opposable;2020-01-01;Approuvé;2020-01-01;2025-03-31
PPRT;Plan de Prévention des Risques Technologiques;02DDT20130001;TEREOS;Direction départementale des territoires;;;;32;HAUTS-DE-FRANCE;02;AISNE;02552;Neuvillette;20;Risque technologique;21;Risque industriel;211;Effet thermique;FAUX;;FAUX;;2011-06-23;;;;;2012-10-15;;;Opposable;2020-01-01;Approuvé;2020-01-01;2025-04-09
PPRT;Plan de Prévention des Risques Technologiques;91DDT20130004;PPRT SME et ISOCHEM;Direction départementale des territoires;;;;11;ILE-DE-FRANCE;91;ESSONNE;91579;Saint-Vrain;20;Risque technologique;21;Risque industriel;211;Effet thermique;FAUX;;FAUX;;2010-01-19;;;;;2014-09-19;;;Opposable;2020-01-01;Approuvé;2020-01-01;2025-04-09
PPRT;Plan de Prévention des Risques Technologiques;83DREAL20140146;PPRT - Site militaire [ Tourris ] 2014;Direction régionale de l'environnement, de l'aménagement et du logement;;;;93;PROVENCE-ALPES-COTE D'AZUR;83;VAR;83144;La Valette-du-Var;20;Risque technologique;21;Risque industriel;214;Effet de projection;FAUX;;FAUX;;2012-03-22;;;;;2014-03-06;;;Opposable;2020-01-01;Approuvé;2020-01-01;2025-04-15
PPRT;Plan de Prévention des Risques Technologiques;55DDT20210005;PPRT ROZELIER;Direction départementale des territoires;PPRT ROZELIER;;;44;GRAND EST;55;MEUSE;55237;Haudiomont;20;Risque technologique;21;Risque industriel;213;Effet toxique;FAUX;;FAUX;;2017-11-15;;;;;2023-07-06;;;Opposable;2020-01-01;Approuvé;2020-01-01;2025-04-10
PPRT;Plan de Prévention des Risques Technologiques;04DREAL20140005;PPRT - Sanofi [ Sisteron ] 2011;Direction régionale de l'environnement, de l'aménagement et du logement;;;;93;PROVENCE-ALPES-COTE D'AZUR;04;ALPES-DE-HAUTE-PROVENCE;04209;Sisteron;20;Risque technologique;21;Risque industriel;211;Effet thermique;FAUX;;FAUX;;2009-08-28;2011-09-28;2011-10-28;2012-03-26;;2011-12-28;;;Opposable;2020-01-01;Approuvé;2020-01-01;2025-11-18
PPRT;Plan de Prévention des Risques Technologiques;67DREAL20140041;67 PPRT MESSIER BUGATTI DOWTY;Direction régionale de l'environnement, de l'aménagement et du logement;67 PPRT MESSIER BUGATTI DOWTY;;;44;GRAND EST;67;BAS-RHIN;67101;Dorlisheim;20;Risque technologique;21;Risque industriel;213;Effet toxique;FAUX;;FAUX;;2012-12-11;2013-10-28;2013-11-29;;;2014-05-12;;;Opposable;2020-01-01;Approuvé;2020-01-01;2025-04-09
PPRT;Plan de Prévention des Risques Technologiques;80DREAL20090002;PPRT révisé AMIENS NORD;Direction régionale de l'environnement, de l'aménagement et du logement;PPRT AMIENS NORD;;;32;HAUTS-DE-FRANCE;80;SOMME;80024;Argœuves;20;Risque technologique;21;Risque industriel;213;Effet toxique;FAUX;;VRAI;80DREAL20140001;2008-09-03;;;;;2012-11-16;;2015-01-07;Caduque;2020-01-01;Abrogé;2020-01-01;2021-11-10
PPRT;Plan de Prévention des Risques Technologiques;38DDT20140006;VENCOREX ISOCHEM - Pont-de-Claix;Direction départementale des territoires;;;;84;AUVERGNE-RHONE-ALPES;38;ISERE;38317;Le Pont-de-Claix;20;Risque technologique;21;Risque industriel;212;Effet de surpression;FAUX;;FAUX;;2011-12-21;2018-03-23;2018-04-24;;;2018-06-27;;;Opposable;2020-01-01;Approuvé;2020-01-01;2025-04-11
;;69DDT20200003;Vallée de la chimie 2;;;;;;;;;69296;Solaize;20;Risque technologique;21;Risque industriel;211;Effet thermique;FAUX;;FAUX;;2019-12-27;;;;2021-02-04;;;;;;;;2021-02-05
PPRT;Plan de Prévention des Risques Technologiques;42DDT20130001;42 PPRT Andrézieux Bouthéon SNF;Direction départementale des territoires;;;;84;AUVERGNE-RHONE-ALPES;42;LOIRE;42206;Saint-Bonnet-les-Oules;20;Risque technologique;21;Risque industriel;212;Effet de surpression;FAUX;;FAUX;;2010-06-30;2012-10-15;2012-11-16;;;2012-12-20;;;Opposable;2020-01-01;Approuvé;2020-01-01;2025-04-09
PPRT;Plan de Prévention des Risques Technologiques;PPRT_2022_0003;PPRT - Etablissement DGATT Bourges;Direction départementale des territoires;;;;;;18;CHER;18027;Bengy-sur-Craon;20;Risque technologique;21;Risque industriel;211;Effet thermique;FAUX;;FAUX;;2020-11-06;;;;;2023-08-03;;;Opposable;2020-01-01;Approuvé;2020-01-01;2025-04-02
PPRT;Plan de Prévention des Risques Technologiques;68DREAL20140005;68 PPRT PECRHIN RHODIA BUTACHIMI;Direction régionale de l'environnement, de l'aménagement et du logement;68 PPRT PECRHIN RHODIA BUTACHIMI;;;44;GRAND EST;68;HAUT-RHIN;68253;Ottmarsheim;20;Risque technologique;21;Risque industriel;211;Effet thermique;FAUX;;FAUX;;2010-12-31;2013-11-12;2013-12-16;;;2014-04-09;;;Opposable;2020-01-01;Approuvé;2020-01-01;2011-04-15
PPRT;Plan de Prévention des Risques Technologiques;30DDTM20110001;PPRT - EPC (ex NITROBICKFORD);Direction départementale des territoires et de la mer;;;;76;OCCITANIE;30;GARD;30270;Saint-Jean-du-Pin;20;Risque technologique;21;Risque industriel;212;Effet de surpression;FAUX;;FAUX;;2009-07-17;;;;;2012-04-18;;;Opposable;2020-01-01;Approuvé;2020-01-01;2025-04-09
PPRT;Plan de Prévention des Risques Technologiques;28DREAL20140002;PRIMAGAZ (Coltainville);Direction régionale de l'environnement, de l'aménagement et du logement;;;;24;CENTRE-VAL DE LOIRE;28;EURE-ET-LOIR;28104;Coltainville;20;Risque technologique;21;Risque industriel;211;Effet thermique;FAUX;;FAUX;;2010-02-23;2012-12-12;2013-01-11;;;2013-04-04;;;Opposable;2020-01-01;Approuvé;2020-01-01;2014-03-18
PPRT;Plan de Prévention des Risques Technologiques;73PREF20160026;PPRT-TRIMET;Préfecture;St Jean de Maurienne;;;84;AUVERGNE-RHONE-ALPES;73;SAVOIE;73320;Villargondran;20;Risque technologique;21;Risque industriel;212;Effet de surpression;FAUX;;FAUX;;2009-12-31;2012-01-04;2012-02-04;;;2012-04-11;;;Opposable;2020-01-01;Approuvé;2020-01-01;2025-04-04
PPRT;Plan de Prévention des Risques Technologiques;49DDT20130001;PPRT EPC France St Crespin/Moine;Direction départementale des territoires;;;;52;PAYS DE LA LOIRE;49;MAINE-ET-LOIRE;44108;Mouzillon;20;Risque technologique;21;Risque industriel;213;Effet toxique;FAUX;;FAUX;;2007-09-25;2013-06-18;2013-07-19;;;2013-10-28;;;Opposable;2020-01-01;Approuvé;2020-01-01;2025-04-04
PPRT;Plan de Prévention des Risques Technologiques;04DREAL20140004;PPRT - Géosel - Géoméhane [ Manosque ] 2019;Direction régionale de l'environnement, de l'aménagement et du logement;;;;93;PROVENCE-ALPES-COTE D'AZUR;04;ALPES-DE-HAUTE-PROVENCE;04112;Manosque;20;Risque technologique;21;Risque industriel;211;Effet thermique;FAUX;;FAUX;;2012-07-30;;;;;2019-11-05;;;Opposable;2020-01-01;Approuvé;2020-01-01;2025-11-13
PPRT;Plan de Prévention des Risques Technologiques;973DEAL20160001;PPRT Montagne des serpents;Direction de l'environnement, de l'aménagement et du logement;;;;03;GUYANE;973;GUYANE;97310;Roura;20;Risque technologique;21;Risque industriel;212;Effet de surpression;FAUX;;FAUX;;2013-01-14;;;;;2024-06-05;;;Opposable;2020-01-01;Approuvé;2020-01-01;2025-06-24
PPRT;Plan de Prévention des Risques Technologiques;49DDT20110020;PPRT Zach System Avrillé;Direction départementale des territoires;;;;52;PAYS DE LA LOIRE;49;MAINE-ET-LOIRE;49214;Montreuil-Juigné;20;Risque technologique;21;Risque industriel;211;Effet thermique;FAUX;;FAUX;;2010-12-22;2014-05-12;2014-06-13;;;2014-10-06;;;Opposable;2020-01-01;Approuvé;2020-01-01;2025-04-04
PPRT;Plan de Prévention des Risques Technologiques;91DDT20130005;PPRT CIM et ANTARGAZ;Direction départementale des territoires;;;;11;ILE-DE-FRANCE;91;ESSONNE;91286;Grigny;20;Risque technologique;21;Risque industriel;212;Effet de surpression;FAUX;;FAUX;;2010-03-17;;;;;2018-04-04;;;Opposable;2020-01-01;Approuvé;2020-01-01;2025-04-09
PPRT;Plan de Prévention des Risques Technologiques;62DREAL20140010;PPRT CECA;Direction régionale de l'environnement, de l'aménagement et du logement;;;;32;HAUTS-DE-FRANCE;62;PAS-DE-CALAIS;62331;Feuchy;20;Risque technologique;21;Risque industriel;212;Effet de surpression;FAUX;;FAUX;;2009-08-11;2014-06-02;2014-07-04;;;2014-12-15;;;Opposable;2020-01-01;Approuvé;2020-01-01;2025-04-04
PPRT;Plan de Prévention des Risques Technologiques;69DREAL20090006;51-PPRT CRISTANOL  Bazancourt;Direction régionale de l'environnement, de l'aménagement et du logement;51-PPRT CRISTANOL  Bazancourt;;;44;GRAND EST;51;MARNE;51439;Pomacle;20;Risque technologique;21;Risque industriel;211;Effet thermique;FAUX;;FAUX;;2009-03-09;;;;;2018-05-18;;;Opposable;2020-01-01;Approuvé;2020-01-01;2025-04-09
PPRT;Plan de Prévention des Risques Technologiques;33DREAL20130131;PPRT CCMP PAUILLAC;Direction régionale de l'environnement, de l'aménagement et du logement;;;;75;NOUVELLE-AQUITAINE;33;GIRONDE;33395;Saint-Estèphe;20;Risque technologique;21;Risque industriel;212;Effet de surpression;FAUX;;FAUX;;2010-12-10;2012-07-24;;;;2012-12-21;;;Opposable;2020-01-01;Approuvé;2020-01-01;2025-04-09
PPRT;Plan de Prévention des Risques Technologiques;16DDT20120003;PPRT Antargaz;Direction départementale des territoires;;;;75;NOUVELLE-AQUITAINE;16;CHARENTE;16217;Merpins;20;Risque technologique;21;Risque industriel;211;Effet thermique;FAUX;;FAUX;;2009-12-18;;;;;2012-12-10;;;Opposable;2020-01-01;Approuvé;2020-01-01;2025-04-09
PPRT;Plan de Prévention des Risques Technologiques;76DDTM20150003;ZIP Petit et Grand Quevilly;Direction départementale des territoires et de la mer;;;;28;NORMANDIE;76;SEINE-MARITIME;76322;Le Grand-Quevilly;20;Risque technologique;21;Risque industriel;211;Effet thermique;FAUX;;FAUX;;2012-12-13;2017-09-20;2017-11-09;;;2018-01-25;;;Opposable;2020-01-01;Approuvé;2020-01-01;2025-04-09
PPRT;Plan de Prévention des Risques Technologiques;52DDT20130002;PPRT VIOLOT;Direction départementale des territoires;Partie du territoire communal;;;44;GRAND EST;52;HAUTE-MARNE;52539;Violot;20;Risque technologique;21;Risque industriel;211;Effet thermique;FAUX;;FAUX;;2011-10-17;2014-08-18;2014-09-18;;;2014-12-17;;;Opposable;2020-01-01;Approuvé;2020-01-01;2025-04-10
PPRT;Plan de Prévention des Risques Technologiques;91DDT20130005;PPRT CIM et ANTARGAZ;Direction départementale des territoires;;;;11;ILE-DE-FRANCE;91;ESSONNE;91687;Viry-Châtillon;20;Risque technologique;21;Risque industriel;212;Effet de surpression;FAUX;;FAUX;;2010-03-17;;;;;2018-04-04;;;Opposable;2020-01-01;Approuvé;2020-01-01;2025-04-09
PPRT;Plan de Prévention des Risques Technologiques;45DREAL20140003;TEREOS (Artenay);Direction régionale de l'environnement, de l'aménagement et du logement;;;;24;CENTRE-VAL DE LOIRE;45;LOIRET;45008;Artenay;20;Risque technologique;21;Risque industriel;213;Effet toxique;FAUX;;FAUX;;2009-10-12;2013-09-30;2013-10-30;;;2013-12-17;;;Opposable;2020-01-01;Approuvé;2020-01-01;2025-04-03
PPRT;Plan de Prévention des Risques Technologiques;59DDTM20170004;PPRT dépôt pétrolier CAMBRAI D;Direction départementale des territoires et de la mer;;;;32;HAUTS-DE-FRANCE;59;NORD;59500;Ribécourt-la-Tour;20;Risque technologique;21;Risque industriel;212;Effet de surpression;FAUX;;FAUX;;2017-05-16;2020-09-01;2020-10-02;;;2020-11-14;;;Opposable;2020-01-01;Approuvé;2020-01-01;2025-04-10
PPRT;Plan de Prévention des Risques Technologiques;24DREAL20130012;PPRT BERGERAC ;Direction régionale de l'environnement, de l'aménagement et du logement;;;;75;NOUVELLE-AQUITAINE;24;DORDOGNE;24037;Bergerac;20;Risque technologique;21;Risque industriel;213;Effet toxique;FAUX;;FAUX;;2009-07-21;;;;;2011-06-30;;;Opposable;2020-01-01;Approuvé;2020-01-01;2025-04-09
PPRT;Plan de Prévention des Risques Technologiques;36DDT20130018;AXEREAL (Saint-Maur);Direction départementale des territoires;;;;24;CENTRE-VAL DE LOIRE;36;INDRE;36202;Saint-Maur;20;Risque technologique;21;Risque industriel;213;Effet toxique;FAUX;;FAUX;;2009-12-21;2011-12-10;2012-01-21;2012-07-10;;2012-04-26;;;Opposable;2020-01-01;Approuvé;2020-01-01;2025-04-10
PPRT;Plan de Prévention des Risques Technologiques;60DREAL20140004;Hüttenes Albertus;Direction régionale de l'environnement, de l'aménagement et du logement;;;;32;HAUTS-DE-FRANCE;60;OISE;60056;Beaurepaire;20;Risque technologique;21;Risque industriel;213;Effet toxique;FAUX;;FAUX;;2009-10-26;2013-06-03;2013-07-03;;;2013-10-14;;;Opposable;2020-01-01;Approuvé;2020-01-01;2025-03-27
PPRT;Plan de Prévention des Risques Technologiques;PPRT_2025_0005;PPRT - ;Direction départementale des territoires;Saint-Genis-Laval;;;;;69;RHONE;69043;Chaponost;20;Risque technologique;21;Risque industriel;212;Effet de surpression;FAUX;;FAUX;;2023-10-25;;;;;;;;Prescrit;2020-01-01;Prescrit;2020-01-01;2025-02-24
PPRT;Plan de Prévention des Risques Technologiques;77DDT20130006;PPRT TOTAL GPN;Direction départementale des territoires;PPRT TOTAL GPN;;;11;ILE-DE-FRANCE;77;SEINE-ET-MARNE;77381;Quiers;20;Risque technologique;21;Risque industriel;212;Effet de surpression;FAUX;;FAUX;;2009-12-21;2013-05-14;2013-06-13;;;2013-09-05;;;Opposable;2020-01-01;Approuvé;2020-01-01;2025-04-09
PPRT;Plan de Prévention des Risques Technologiques;57DDT20140007;Plate-forme Saint-Avold Nord;Direction départementale des territoires;Plate-forme Saint-Avold Nord;;;44;GRAND EST;57;MOSELLE;57336;L'Hôpital;20;Risque technologique;21;Risque industriel;212;Effet de surpression;FAUX;;FAUX;;2009-03-26;2013-05-16;2013-06-17;;;2013-10-22;;;Opposable;2020-01-01;Approuvé;2020-01-01;2025-04-10
PPRT;Plan de Prévention des Risques Technologiques;62DREAL20140001;PPRT DE SANGOSSE;Direction régionale de l'environnement, de l'aménagement et du logement;;;;32;HAUTS-DE-FRANCE;62;PAS-DE-CALAIS;62559;Marquion;20;Risque technologique;21;Risque industriel;213;Effet toxique;FAUX;;FAUX;;2009-06-09;2010-06-14;2010-07-15;;;2010-10-21;;;Opposable;2020-01-01;Approuvé;2020-01-01;2025-04-04
PPRT;Plan de Prévention des Risques Technologiques;57DDT20140007;Plate-forme Saint-Avold Nord;Direction départementale des territoires;Plate-forme Saint-Avold Nord;;;44;GRAND EST;57;MOSELLE;57606;Saint-Avold;20;Risque technologique;21;Risque industriel;213;Effet toxique;FAUX;;FAUX;;2009-03-26;2013-05-16;2013-06-17;;;2013-10-22;;;Opposable;2020-01-01;Approuvé;2020-01-01;2025-04-10
PPRT;Plan de Prévention des Risques Technologiques;22DDTM20080005;PPR TOTALGAZ;Direction départementale des territoires et de la mer;;;;53;BRETAGNE;22;COTES-D'ARMOR;22300;Saint-Hervé;20;Risque technologique;21;Risque industriel;212;Effet de surpression;FAUX;;FAUX;;2008-05-29;;;;;2014-03-27;;2023-10-13;Caduque;2020-01-01;Abrogé;2020-01-01;2024-06-27
PPRT;Plan de Prévention des Risques Technologiques;95DDT20130002;95-60-27 PPRT STORENGY;Direction départementale des territoires;;;;11;ILE-DE-FRANCE;95;VAL-D'OISE;27304;Guerny;20;Risque technologique;21;Risque industriel;212;Effet de surpression;FAUX;;FAUX;;2010-10-08;2013-05-30;2013-06-29;;;2013-12-13;;;Opposable;2020-01-01;Approuvé;2020-01-01;2025-04-04
PPRT;Plan de Prévention des Risques Technologiques;60DREAL20140002;WEYLCHEM LAMOTTE;Direction régionale de l'environnement, de l'aménagement et du logement;;;;32;HAUTS-DE-FRANCE;60;OISE;60569;Saint-Crépin-aux-Bois;20;Risque technologique;21;Risque industriel;211;Effet thermique;FAUX;;FAUX;;2010-10-12;2014-09-30;2014-11-05;;;2014-12-19;;;Opposable;2020-01-01;Approuvé;2020-01-01;2025-03-27
PPRT;Plan de Prévention des Risques Technologiques;69DREAL20170005;69 PPRT de Givors;Direction régionale de l'environnement, de l'aménagement et du logement;Givors;;;84;AUVERGNE-RHONE-ALPES;69;RHONE;69096;Grigny;20;Risque technologique;21;Risque industriel;211;Effet thermique;FAUX;;FAUX;;2009-03-31;2012-09-24;2012-10-24;;;2013-10-24;;;Opposable;2020-01-01;Approuvé;2020-01-01;2025-04-04
PPRT;Plan de Prévention des Risques Technologiques;38DDT20140006;VENCOREX ISOCHEM - Pont-de-Claix;Direction départementale des territoires;;;;84;AUVERGNE-RHONE-ALPES;38;ISERE;38111;Claix;20;Risque technologique;21;Risque industriel;211;Effet thermique;FAUX;;FAUX;;2011-12-21;2018-03-23;2018-04-24;;;2018-06-27;;;Opposable;2020-01-01;Approuvé;2020-01-01;2025-04-11
PPRT;Plan de Prévention des Risques Technologiques;971DEAL20090002;PPRT Pointe Jarry;Direction de l'environnement, de l'aménagement et du logement;PPRT Pointe Jarry;;;01;GUADELOUPE;971;GUADELOUPE;97103;Baie-Mahault;20;Risque technologique;21;Risque industriel;211;Effet thermique;FAUX;;FAUX;;2008-03-27;2011-05-17;2011-06-20;2012-11-15;;2011-09-05;;;Opposable;2020-01-01;Approuvé;2020-01-01;2013-07-11
PPRT;Plan de Prévention des Risques Technologiques;PPRT_2025_0006;PPRT - BAIE-MAHAULT;Direction de l'environnement, de l'aménagement et du logement;;;;;;971;GUADELOUPE;97103;Baie-Mahault;20;Risque technologique;21;Risque industriel;214;Effet de projection;FAUX;;FAUX;;;;;;;2011-09-05;;;Opposable;2020-01-01;Approuvé;2020-01-01;2025-04-10
PPRT;Plan de Prévention des Risques Technologiques;76DREAL20150001;Saint-Pierre-lès-Elbeuf;Direction régionale de l'environnement, de l'aménagement et du logement;;;;28;NORMANDIE;76;SEINE-MARITIME;27534;Saint-Didier-des-Bois;20;Risque technologique;21;Risque industriel;212;Effet de surpression;FAUX;;FAUX;;2010-05-06;2014-02-24;2014-03-26;;;2014-06-03;;;Opposable;2020-01-01;Approuvé;2020-01-01;2025-04-09
PPRT;Plan de Prévention des Risques Technologiques;PPRT_2022_0003;PPRT - Etablissement DGATT Bourges;Direction départementale des territoires;;;;;;18;CHER;18191;Raymond;20;Risque technologique;21;Risque industriel;214;Effet de projection;FAUX;;FAUX;;2020-11-06;;;;;2023-08-03;;;Opposable;2020-01-01;Approuvé;2020-01-01;2025-04-02
PPRT;Plan de Prévention des Risques Technologiques;77DDT20130005;PPRT STORENGY;Direction départementale des territoires;PPRT STORENGY;;;11;ILE-DE-FRANCE;77;SEINE-ET-MARNE;77148;Crouy-sur-Ourcq;20;Risque technologique;21;Risque industriel;211;Effet thermique;FAUX;;FAUX;;2010-10-13;;;;;2013-04-12;;;Opposable;2020-01-01;Approuvé;2020-01-01;2025-04-09
PPRT;Plan de Prévention des Risques Technologiques;59DREAL20140001;PPRT Zone Industrialo-Portuaire;Direction régionale de l'environnement, de l'aménagement et du logement;;;;32;HAUTS-DE-FRANCE;59;NORD;59183;Dunkerque;20;Risque technologique;21;Risque industriel;213;Effet toxique;FAUX;;FAUX;;2009-02-20;2015-10-06;2015-11-06;;;2015-12-28;;;Opposable;2020-01-01;Approuvé;2020-01-01;2025-04-10
PPRT;Plan de Prévention des Risques Technologiques;45DREAL20090005;SYNTHRON (Auzouer-en-Touraine);Direction régionale de l'environnement, de l'aménagement et du logement;;;;24;CENTRE-VAL DE LOIRE;37;INDRE-ET-LOIRE;37276;Villedômer;20;Risque technologique;21;Risque industriel;213;Effet toxique;FAUX;;FAUX;;2008-03-06;2009-11-03;2009-12-04;;;2010-04-07;;;Opposable;2020-01-01;Approuvé;2020-01-01;2025-04-16
PPRT;Plan de Prévention des Risques Technologiques;PPRT_2022_0003;PPRT - Etablissement DGATT Bourges;Direction départementale des territoires;;;;;;18;CHER;18254;Soye-en-Septaine;20;Risque technologique;21;Risque industriel;214;Effet de projection;FAUX;;FAUX;;2020-11-06;;;;;2023-08-03;;;Opposable;2020-01-01;Approuvé;2020-01-01;2025-04-02
PPRT;Plan de Prévention des Risques Technologiques;95DDT20130002;95-60-27 PPRT STORENGY;Direction départementale des territoires;;;;11;ILE-DE-FRANCE;95;VAL-D'OISE;95139;La Chapelle-en-Vexin;20;Risque technologique;21;Risque industriel;212;Effet de surpression;FAUX;;FAUX;;2010-10-08;2013-05-30;2013-06-29;;;2013-12-13;;;Opposable;2020-01-01;Approuvé;2020-01-01;2025-04-04
PPRT;Plan de Prévention des Risques Technologiques;33DREAL20130132;PPRT AMBES SUD;Direction régionale de l'environnement, de l'aménagement et du logement;;;;75;NOUVELLE-AQUITAINE;33;GIRONDE;33004;Ambès;20;Risque technologique;21;Risque industriel;212;Effet de surpression;FAUX;;FAUX;;2010-11-10;;;;;2015-07-06;;;Opposable;2020-01-01;Approuvé;2020-01-01;2025-04-09
PPRT;Plan de Prévention des Risques Technologiques;69DDT20200002;Vallée de la chimie;Direction départementale des territoires;;;;84;AUVERGNE-RHONE-ALPES;69;RHONE;69152;Pierre-Bénite;20;Risque technologique;21;Risque industriel;211;Effet thermique;FAUX;;FAUX;;2015-04-21;;;;;2016-10-19;;;Opposable;2020-01-01;Approuvé;2020-01-01;2025-04-10
PPRT;Plan de Prévention des Risques Technologiques;47DREAL20130325;PPR ARCHIMICA Bon Encontre;Direction régionale de l'environnement, de l'aménagement et du logement;;;;75;NOUVELLE-AQUITAINE;47;LOT-ET-GARONNE;47032;Bon-Encontre;20;Risque technologique;21;Risque industriel;211;Effet thermique;FAUX;;FAUX;;2009-12-24;2010-09-23;2010-10-22;;;2010-12-17;;;Opposable;2020-01-01;Approuvé;2020-01-01;2017-04-04
PPRT;Plan de Prévention des Risques Technologiques;44DREAL20090008;PPRT PLANETE ARTIFICES - Chaill;Direction régionale de l'environnement, de l'aménagement et du logement;PPRT PLANETE ARTIFICES - Chaill sous les Ormeaux - 85;;;52;PAYS DE LA LOIRE;85;VENDEE;85050;Le Champ-Saint-Père;20;Risque technologique;21;Risque industriel;213;Effet toxique;FAUX;;FAUX;;2007-07-19;;;;;2010-08-10;;;Opposable;2020-01-01;Approuvé;2020-01-01;2025-03-28
PPRT;Plan de Prévention des Risques Technologiques;91DDT20130005;PPRT CIM et ANTARGAZ;Direction départementale des territoires;;;;11;ILE-DE-FRANCE;91;ESSONNE;91521;Ris-Orangis;20;Risque technologique;21;Risque industriel;211;Effet thermique;FAUX;;FAUX;;2010-03-17;;;;;2018-04-04;;;Opposable;2020-01-01;Approuvé;2020-01-01;2025-04-09
;;69DDT20200003;Vallée de la chimie 2;;;;;;;;;69276;Feyzin;20;Risque technologique;21;Risque industriel;213;Effet toxique;FAUX;;FAUX;;2019-12-27;;;;2021-02-04;;;;;;;;2021-02-05
PPRT;Plan de Prévention des Risques Technologiques;59DREAL20140001;PPRT Zone Industrialo-Portuaire;Direction régionale de l'environnement, de l'aménagement et du logement;;;;32;HAUTS-DE-FRANCE;59;NORD;59271;Grande-Synthe;20;Risque technologique;21;Risque industriel;211;Effet thermique;FAUX;;FAUX;;2009-02-20;2015-10-06;2015-11-06;;;2015-12-28;;;Opposable;2020-01-01;Approuvé;2020-01-01;2025-04-10
PPRT;Plan de Prévention des Risques Technologiques;62DREAL20140006;PPRT STYROLUTION;Direction régionale de l'environnement, de l'aménagement et du logement;;;;32;HAUTS-DE-FRANCE;62;PAS-DE-CALAIS;62895;Wingles;20;Risque technologique;21;Risque industriel;213;Effet toxique;FAUX;;FAUX;;2009-12-24;2011-11-28;2011-12-28;;;2012-04-17;;;Opposable;2020-01-01;Approuvé;2020-01-01;2025-04-04
PPRT;Plan de Prévention des Risques Technologiques;69DREAL20090008;51-PPRT SEVEAL  La Veuve;Direction régionale de l'environnement, de l'aménagement et du logement;51-PPRT SEVEAL  La Veuve;;;44;GRAND EST;51;MARNE;51617;La Veuve;20;Risque technologique;21;Risque industriel;213;Effet toxique;FAUX;;FAUX;;2008-04-07;;;;;2009-06-12;;;Opposable;2020-01-01;Approuvé;2020-01-01;2025-04-09
PPRT;Plan de Prévention des Risques Technologiques;41DREAL20140003;NEXTER Munitions (Ferté-Imbault);Direction régionale de l'environnement, de l'aménagement et du logement;;;;24;CENTRE-VAL DE LOIRE;41;LOIR-ET-CHER;41231;Saint-Viâtre;20;Risque technologique;21;Risque industriel;212;Effet de surpression;FAUX;;FAUX;;2009-11-19;2013-01-07;2013-02-08;;;2013-05-16;;;Opposable;2020-01-01;Approuvé;2020-01-01;2025-04-09
PPRT;Plan de Prévention des Risques Technologiques;38DDT20140006;VENCOREX ISOCHEM - Pont-de-Claix;Direction départementale des territoires;;;;84;AUVERGNE-RHONE-ALPES;38;ISERE;38486;Seyssins;20;Risque technologique;21;Risque industriel;213;Effet toxique;FAUX;;FAUX;;2011-12-21;2018-03-23;2018-04-24;;;;2018-06-27;;Caduque;2020-01-01;Annulé;2020-01-01;2025-04-11
PPRT;Plan de Prévention des Risques Technologiques;69DREAL20090018;PPRT-Ugine;Direction régionale de l'environnement, de l'aménagement et du logement;Ugine;;;84;AUVERGNE-RHONE-ALPES;73;SAVOIE;73303;Ugine;20;Risque technologique;21;Risque industriel;211;Effet thermique;FAUX;;FAUX;;2009-03-13;2011-09-20;2011-10-20;;;2011-12-11;;;Opposable;2020-01-01;Approuvé;2020-01-01;2025-04-04
PPRT;Plan de Prévention des Risques Technologiques;47DREAL20130329;PPRT GRUEL FAYER;Direction régionale de l'environnement, de l'aménagement et du logement;;;;75;NOUVELLE-AQUITAINE;47;LOT-ET-GARONNE;47091;Estillac;20;Risque technologique;21;Risque industriel;213;Effet toxique;FAUX;;FAUX;;2008-12-30;2009-10-07;2009-11-06;2010-03-02;;2009-12-15;;2015-03-19;Caduque;2020-01-01;Abrogé;2020-01-01;2015-07-01
PPRT;Plan de Prévention des Risques Technologiques;29DDTM20120005;PPRT Guenvenez;Direction départementale des territoires et de la mer;Pyrotechnie militaire;;;53;BRETAGNE;29;FINISTERE;29042;Crozon;20;Risque technologique;21;Risque industriel;211;Effet thermique;FAUX;;FAUX;;2011-12-21;;;2016-07-21;;2016-03-31;;;Opposable;2020-01-01;Approuvé;2020-01-01;2025-03-26
PPRT;Plan de Prévention des Risques Technologiques;60DREAL20140003;MOMENTIVE, INEOS et SECO;Direction régionale de l'environnement, de l'aménagement et du logement;;;;32;HAUTS-DE-FRANCE;60;OISE;60537;Ribécourt-Dreslincourt;20;Risque technologique;21;Risque industriel;211;Effet thermique;FAUX;;FAUX;;2009-09-24;2014-08-18;2014-09-18;;;2014-12-18;;;Opposable;2020-01-01;Approuvé;2020-01-01;2025-03-27
PPRT;Plan de Prévention des Risques Technologiques;60DREAL20140004;Hüttenes Albertus;Direction régionale de l'environnement, de l'aménagement et du logement;;;;32;HAUTS-DE-FRANCE;60;OISE;60006;Les Ageux;20;Risque technologique;21;Risque industriel;211;Effet thermique;FAUX;;FAUX;;2009-10-26;2013-06-03;2013-07-03;;;2013-10-14;;;Opposable;2020-01-01;Approuvé;2020-01-01;2025-03-27
PPRT;Plan de Prévention des Risques Technologiques;47DREAL20130327;PPRT ATPM;Direction régionale de l'environnement, de l'aménagement et du logement;;;;75;NOUVELLE-AQUITAINE;47;LOT-ET-GARONNE;47105;Frespech;20;Risque technologique;21;Risque industriel;211;Effet thermique;FAUX;;FAUX;;2009-06-29;2010-03-29;2010-04-30;2011-02-15;;2010-06-21;;;Opposable;2020-01-01;Approuvé;2020-01-01;2025-04-09
PPRT;Plan de Prévention des Risques Technologiques;04DREAL20140004;PPRT - Géosel - Géoméhane [ Manosque ] 2019;Direction régionale de l'environnement, de l'aménagement et du logement;;;;93;PROVENCE-ALPES-COTE D'AZUR;04;ALPES-DE-HAUTE-PROVENCE;04245;Volx;20;Risque technologique;21;Risque industriel;211;Effet thermique;FAUX;;FAUX;;2012-07-30;;;;;2019-11-05;;;Opposable;2020-01-01;Approuvé;2020-01-01;2025-11-13
PPRT;Plan de Prévention des Risques Technologiques;02DDT20150003;ROHM AND HAAS;Direction départementale des territoires;;;;32;HAUTS-DE-FRANCE;02;AISNE;02719;Sinceny;20;Risque technologique;21;Risque industriel;211;Effet thermique;FAUX;;FAUX;;2012-12-21;;;;;2014-12-22;;;Opposable;2020-01-01;Approuvé;2020-01-01;2025-04-09
PPRT;Plan de Prévention des Risques Technologiques;13DREAL20110046;PPRT - Eurenco [ Sorgues ] 2013 ;Direction départementale des territoires;;;;93;PROVENCE-ALPES-COTE D'AZUR;84;VAUCLUSE;84129;Sorgues;20;Risque technologique;21;Risque industriel;211;Effet thermique;FAUX;;FAUX;;2009-07-06;2013-06-10;2013-07-10;;;2013-12-13;;;Opposable;2020-01-01;Approuvé;2020-01-01;2025-04-09
PPRT;Plan de Prévention des Risques Technologiques;83DREAL20140006;PPRT - STOGAZ [ La Motte ] 2013;Direction régionale de l'environnement, de l'aménagement et du logement;;;;93;PROVENCE-ALPES-COTE D'AZUR;83;VAR;83004;Les Arcs;20;Risque technologique;21;Risque industriel;211;Effet thermique;FAUX;;FAUX;;2010-10-13;2013-03-04;2013-04-05;;;2013-04-26;;;Opposable;2020-01-01;Approuvé;2020-01-01;2025-04-15
PPRT;Plan de Prévention des Risques Technologiques;30DDTM20110001;PPRT - EPC (ex NITROBICKFORD);Direction départementale des territoires et de la mer;;;;76;OCCITANIE;30;GARD;30243;Saint-Christol-lez-Alès;20;Risque technologique;21;Risque industriel;213;Effet toxique;FAUX;;FAUX;;2009-07-17;;;;;2012-04-18;;;Opposable;2020-01-01;Approuvé;2020-01-01;2025-04-09
PPRT;Plan de Prévention des Risques Technologiques;51DREAL20090013;PPRT SODETAL;Direction régionale de l'environnement, de l'aménagement et du logement;REDAELLI SODETAL TRONVILLE EN BARROIS;;;44;GRAND EST;55;MEUSE;55519;Tronville-en-Barrois;20;Risque technologique;21;Risque industriel;213;Effet toxique;FAUX;;FAUX;;2008-05-20;;;;;2010-06-30;;2018-12-20;Caduque;2020-01-01;Abrogé;2020-01-01;2025-03-03
PPRT;Plan de Prévention des Risques Technologiques;18DDT20140002;PPRT du site militaire d'Avord;Direction départementale des territoires;;;;24;CENTRE-VAL DE LOIRE;18;CHER;18018;Avord;20;Risque technologique;21;Risque industriel;214;Effet de projection;FAUX;;FAUX;;2012-12-21;2014-11-03;2014-12-02;;;2015-03-09;;;Opposable;2020-01-01;Approuvé;2020-01-01;2025-04-02
PPRT;Plan de Prévention des Risques Technologiques;45DREAL20140007;ARGOS (Beaune-la-Rolande);Direction régionale de l'environnement, de l'aménagement et du logement;;;;24;CENTRE-VAL DE LOIRE;45;LOIRET;45030;Beaune-la-Rolande;20;Risque technologique;21;Risque industriel;211;Effet thermique;FAUX;;FAUX;;2009-06-30;2011-04-26;2011-05-31;;;2011-09-13;;;Opposable;2020-01-01;Approuvé;2020-01-01;2025-04-03
PPRT;Plan de Prévention des Risques Technologiques;26DREAL20170002;26 PPRT de La Roche de Glun;Direction régionale de l'environnement, de l'aménagement et du logement;La Roche de Glun;;;84;AUVERGNE-RHONE-ALPES;26;DROME;26271;La Roche-de-Glun;20;Risque technologique;21;Risque industriel;213;Effet toxique;FAUX;;FAUX;;2009-06-30;;;;2012-07-05;;;;Caduque;2020-01-01;Déprescrit;2020-01-01;2025-03-28
PPRT;Plan de Prévention des Risques Technologiques;62DREAL20140005; PPRT ARCELOR MITTAL STAINLESS ;Direction régionale de l'environnement, de l'aménagement et du logement;;;;32;HAUTS-DE-FRANCE;62;PAS-DE-CALAIS;62473;Isbergues;20;Risque technologique;21;Risque industriel;213;Effet toxique;FAUX;;FAUX;;2010-03-10;2014-04-22;2014-05-23;;;2014-09-08;;;Opposable;2020-01-01;Approuvé;2020-01-01;2025-04-04
PPRT;Plan de Prévention des Risques Technologiques;31DREAL20090007;PPRT - NEXTER Munitions;Direction régionale de l'environnement, de l'aménagement et du logement;PPRT NEXTER Munitions;;;76;OCCITANIE;65;HAUTES-PYRENEES;65440;Tarbes;20;Risque technologique;21;Risque industriel;212;Effet de surpression;FAUX;;FAUX;;2008-08-12;2012-02-08;2012-03-16;2012-10-23;;2012-07-10;;;Opposable;2020-01-01;Approuvé;2020-01-01;2025-04-17
PPRT;Plan de Prévention des Risques Technologiques;82DDT20110016;PPRT - PPMP;Direction départementale des territoires;Commune de Grisolles;;;76;OCCITANIE;82;TARN-ET-GARONNE;82075;Grisolles;20;Risque technologique;21;Risque industriel;211;Effet thermique;FAUX;;FAUX;;2009-12-11;2010-11-16;2010-12-16;;;2011-02-11;;;Opposable;2020-01-01;Approuvé;2020-01-01;2025-04-09
PPRT;Plan de Prévention des Risques Technologiques;64DREAL20130258;PPRT LBC;Direction régionale de l'environnement, de l'aménagement et du logement;;;;75;NOUVELLE-AQUITAINE;64;PYRENEES-ATLANTIQUES;64140;Boucau;20;Risque technologique;21;Risque industriel;212;Effet de surpression;FAUX;;FAUX;;2008-12-30;;;;;2013-04-05;;;Opposable;2020-01-01;Approuvé;2020-01-01;2025-06-11
PPRT;Plan de Prévention des Risques Technologiques;38DDT20140007;Rév. ARKEMA AREVA-CEZUS-Jarrie;Direction départementale des territoires;;;;84;AUVERGNE-RHONE-ALPES;38;ISERE;38528;Vaulnaveys-le-Bas;20;Risque technologique;21;Risque industriel;212;Effet de surpression;VRAI;38DDT20140002;FAUX;;2011-12-21;2014-09-08;2014-10-09;;;2015-05-22;;;Opposable;2020-01-01;Approuvé;2020-01-01;2025-11-21
PPRT;Plan de Prévention des Risques Technologiques;68DREAL20140005;68 PPRT PECRHIN RHODIA BUTACHIMI;Direction régionale de l'environnement, de l'aménagement et du logement;68 PPRT PECRHIN RHODIA BUTACHIMI;;;44;GRAND EST;68;HAUT-RHIN;68020;Bantzenheim;20;Risque technologique;21;Risque industriel;213;Effet toxique;FAUX;;FAUX;;2010-12-31;2013-11-12;2013-12-16;;;2014-04-09;;;Opposable;2020-01-01;Approuvé;2020-01-01;2011-04-15
PPRT;Plan de Prévention des Risques Technologiques;38DDT20140009;ADISSEO TOURMALINE-St-Clair-Rhôn;Direction départementale des territoires;38 et 69;;;84;AUVERGNE-RHONE-ALPES;38;ISERE;38340;Les Roches-de-Condrieu;20;Risque technologique;21;Risque industriel;212;Effet de surpression;FAUX;;FAUX;;2012-02-09;2018-04-24;2018-05-24;;;2018-07-18;;;Opposable;2020-01-01;Approuvé;2020-01-01;2025-04-10
PPRT;Plan de Prévention des Risques Technologiques;21DDT20130001;TITANOBEL;Direction départementale des territoires;Titanobel (21);;;27;BOURGOGNE-FRANCHE-COMTE;21;COTE-D'OR;21337;Lamarche-sur-Saône;20;Risque technologique;21;Risque industriel;212;Effet de surpression;FAUX;;FAUX;;2009-08-07;2011-11-08;2011-12-09;;;2012-06-29;;;Opposable;2020-01-01;Approuvé;2020-01-01;2025-04-02
PPRT;Plan de Prévention des Risques Technologiques;95DDT20130002;95-60-27 PPRT STORENGY;Direction départementale des territoires;;;;11;ILE-DE-FRANCE;95;VAL-D'OISE;95554;Saint-Gervais;20;Risque technologique;21;Risque industriel;212;Effet de surpression;FAUX;;FAUX;;2010-10-08;2013-05-30;2013-06-29;;;2013-12-13;;;Opposable;2020-01-01;Approuvé;2020-01-01;2025-04-04
PPRT;Plan de Prévention des Risques Technologiques;77DDT20130005;PPRT STORENGY;Direction départementale des territoires;PPRT STORENGY;;;11;ILE-DE-FRANCE;77;SEINE-ET-MARNE;77157;Dhuisy;20;Risque technologique;21;Risque industriel;212;Effet de surpression;FAUX;;FAUX;;2010-10-13;;;;;2013-04-12;;;Opposable;2020-01-01;Approuvé;2020-01-01;2025-04-09
PPRT;Plan de Prévention des Risques Technologiques;38DDT20130012;NOVASEP-FINORGA - Chasse/Rhône;Direction départementale des territoires;;;;84;AUVERGNE-RHONE-ALPES;38;ISERE;69091;Givors;20;Risque technologique;21;Risque industriel;212;Effet de surpression;FAUX;;FAUX;;2010-08-02;2013-06-10;2013-07-12;2013-12-13;;2013-10-15;;;Opposable;2020-01-01;Approuvé;2020-01-01;2025-04-04
PPRT;Plan de Prévention des Risques Technologiques;64DREAL20130260;PPRT MOURENX;Direction régionale de l'environnement, de l'aménagement et du logement;;;;75;NOUVELLE-AQUITAINE;64;PYRENEES-ATLANTIQUES;64443;Pardies;20;Risque technologique;21;Risque industriel;212;Effet de surpression;FAUX;;FAUX;;2008-11-08;;;;;2012-06-14;;;Opposable;2020-01-01;Approuvé;2020-01-01;2025-06-11
PPRT;Plan de Prévention des Risques Technologiques;57DDT20140007;Plate-forme Saint-Avold Nord;Direction départementale des territoires;Plate-forme Saint-Avold Nord;;;44;GRAND EST;57;MOSELLE;57123;Carling;20;Risque technologique;21;Risque industriel;212;Effet de surpression;FAUX;;FAUX;;2009-03-26;2013-05-16;2013-06-17;;;2013-10-22;;;Opposable;2020-01-01;Approuvé;2020-01-01;2025-04-10
PPRT;Plan de Prévention des Risques Technologiques;40DREAL20130243;PPRT TIGF;Direction régionale de l'environnement, de l'aménagement et du logement;;;;75;NOUVELLE-AQUITAINE;40;LANDES;40127;Hontanx;20;Risque technologique;21;Risque industriel;212;Effet de surpression;FAUX;;FAUX;;2011-06-23;2012-11-05;2012-12-06;;;2013-04-08;;;Opposable;2020-01-01;Approuvé;2020-01-01;2025-04-09
PPRT;Plan de Prévention des Risques Technologiques;54DDT20140018;PPRT STORENGY CERVILLE;Direction départementale des territoires;Industriel;;;44;GRAND EST;54;MEURTHE-ET-MOSELLE;54558;Velaine-sous-Amance;20;Risque technologique;21;Risque industriel;212;Effet de surpression;FAUX;;FAUX;;2011-04-19;;;;;2014-09-30;;;Opposable;2020-01-01;Approuvé;2020-01-01;2025-04-09
PPRT;Plan de Prévention des Risques Technologiques;10DDT20130014;PPRT-Cristal Union ;Direction départementale des territoires;;;;44;GRAND EST;10;AUBE;10006;Arcis-sur-Aube;20;Risque technologique;21;Risque industriel;211;Effet thermique;FAUX;;FAUX;;2007-12-13;;;;;2009-11-10;;;Opposable;2020-01-01;Approuvé;2020-01-01;2025-04-09
;;69DDT20200003;Vallée de la chimie 2;;;;;;;;;69149;Oullins;20;Risque technologique;21;Risque industriel;212;Effet de surpression;FAUX;;FAUX;;2019-12-27;;;;2021-02-04;;;;;;;;2021-02-05
PPRT;Plan de Prévention des Risques Technologiques;31DREAL20090007;PPRT - NEXTER Munitions;Direction régionale de l'environnement, de l'aménagement et du logement;PPRT NEXTER Munitions;;;76;OCCITANIE;65;HAUTES-PYRENEES;65047;Aureilhan;20;Risque technologique;21;Risque industriel;212;Effet de surpression;FAUX;;FAUX;;2008-08-12;2012-02-08;2012-03-16;2012-10-23;;2012-07-10;;;Opposable;2020-01-01;Approuvé;2020-01-01;2025-04-17
PPRT;Plan de Prévention des Risques Technologiques;76DDTM20150004;ZIP Petit-Couronne;Direction départementale des territoires et de la mer;;;;28;NORMANDIE;76;SEINE-MARITIME;76497;Petit-Couronne;20;Risque technologique;21;Risque industriel;211;Effet thermique;FAUX;;FAUX;;2012-12-13;2018-10-08;2018-11-29;;;2019-01-29;;;Opposable;2020-01-01;Approuvé;2020-01-01;2025-04-09
PPRT;Plan de Prévention des Risques Technologiques;38DDT20140008;TOTAL / ESSO / SPMR / SDSP;Direction départementale des territoires;;;;84;AUVERGNE-RHONE-ALPES;38;ISERE;38215;Luzinay;20;Risque technologique;21;Risque industriel;211;Effet thermique;FAUX;;FAUX;;2012-12-12;;;;2018-01-15;;;;Caduque;2020-01-01;Déprescrit;2020-01-01;2024-04-16
PPRT;Plan de Prévention des Risques Technologiques;76DDTM20150003;ZIP Petit et Grand Quevilly;Direction départementale des territoires et de la mer;;;;28;NORMANDIE;76;SEINE-MARITIME;76614;Saint-Martin-de-Boscherville;20;Risque technologique;21;Risque industriel;213;Effet toxique;FAUX;;FAUX;;2012-12-13;2017-09-20;2017-11-09;;;2018-01-25;;;Opposable;2020-01-01;Approuvé;2020-01-01;2025-04-09
PPRT;Plan de Prévention des Risques Technologiques;91DDT20130004;PPRT SME et ISOCHEM;Direction départementale des territoires;;;;11;ILE-DE-FRANCE;91;ESSONNE;91649;Vert-le-Petit;20;Risque technologique;21;Risque industriel;212;Effet de surpression;FAUX;;FAUX;;2010-01-19;;;;;2014-09-19;;;Opposable;2020-01-01;Approuvé;2020-01-01;2025-04-09
PPRT;Plan de Prévention des Risques Technologiques;80DREAL20140002;Ajinomoto Foods Europe;Direction régionale de l'environnement, de l'aménagement et du logement;;;;32;HAUTS-DE-FRANCE;80;SOMME;80585;Nesle;20;Risque technologique;21;Risque industriel;212;Effet de surpression;FAUX;;FAUX;;2012-04-13;2013-09-18;2013-10-18;;;2013-12-31;;;Opposable;2020-01-01;Approuvé;2020-01-01;2025-04-04
PPRT;Plan de Prévention des Risques Technologiques;69DDT20200002;Vallée de la chimie;Direction départementale des territoires;;;;84;AUVERGNE-RHONE-ALPES;69;RHONE;69296;Solaize;20;Risque technologique;21;Risque industriel;211;Effet thermique;FAUX;;FAUX;;2015-04-21;;;;;2016-10-19;;;Opposable;2020-01-01;Approuvé;2020-01-01;2025-04-10
PPRT;Plan de Prévention des Risques Technologiques;77DDT20130004;PPRT SOGIF;Direction départementale des territoires;PPRT SOGIF;;;11;ILE-DE-FRANCE;77;SEINE-ET-MARNE;77296;Moissy-Cramayel;20;Risque technologique;21;Risque industriel;211;Effet thermique;FAUX;;FAUX;;2009-11-23;2010-09-22;2010-10-23;;;2010-12-14;;;Opposable;2020-01-01;Approuvé;2020-01-01;2025-04-09
PPRT;Plan de Prévention des Risques Technologiques;73PREF20160029;PPRT-Mssa;Préfecture;St Marcel;;;84;AUVERGNE-RHONE-ALPES;73;SAVOIE;73253;Saint-Marcel;20;Risque technologique;21;Risque industriel;212;Effet de surpression;FAUX;;FAUX;;2010-03-18;2013-09-17;2013-10-17;;;2014-02-06;;;Opposable;2020-01-01;Approuvé;2020-01-01;2025-04-04
PPRT;Plan de Prévention des Risques Technologiques;69DDT20200002;Vallée de la chimie;Direction départementale des territoires;;;;84;AUVERGNE-RHONE-ALPES;69;RHONE;69199;Saint-Fons;20;Risque technologique;21;Risque industriel;213;Effet toxique;FAUX;;FAUX;;2015-04-21;;;;;2016-10-19;;;Opposable;2020-01-01;Approuvé;2020-01-01;2025-04-10
PPRT;Plan de Prévention des Risques Technologiques;17DDTM20140001;PPRT SIMAFEX;Direction départementale des territoires et de la mer;PPRT Simafex;;;75;NOUVELLE-AQUITAINE;17;CHARENTE-MARITIME;17218;Marans;20;Risque technologique;21;Risque industriel;212;Effet de surpression;FAUX;;FAUX;;2009-12-29;2012-10-22;2012-11-21;2013-07-11;;2012-12-21;;;Opposable;2020-01-01;Approuvé;2020-01-01;2025-04-09
;;PPRT_2025_0001;PPRT - SNF - Andrézieux-Bouthéon;;;;;;;;;42206;Saint-Bonnet-les-Oules;20;Risque technologique;21;Risque industriel;213;Effet toxique;FAUX;;FAUX;;2010-06-30;;;;;2012-12-20;;;;;;;2025-02-03
PPRT;Plan de Prévention des Risques Technologiques;18DDT20140001;AXEREAL (Moulins-sur-Yèvre);Direction départementale des territoires;;;;24;CENTRE-VAL DE LOIRE;18;CHER;18158;Moulins-sur-Yèvre;20;Risque technologique;21;Risque industriel;212;Effet de surpression;FAUX;;FAUX;;2009-06-25;2013-10-15;2013-11-14;;;2013-12-18;;;Opposable;2020-01-01;Approuvé;2020-01-01;2025-04-10
PPRT;Plan de Prévention des Risques Technologiques;31DREAL20090007;PPRT - NEXTER Munitions;Direction régionale de l'environnement, de l'aménagement et du logement;PPRT NEXTER Munitions;;;76;OCCITANIE;65;HAUTES-PYRENEES;65440;Tarbes;20;Risque technologique;21;Risque industriel;211;Effet thermique;FAUX;;FAUX;;2008-08-12;2012-02-08;2012-03-16;2012-10-23;;2012-07-10;;;Opposable;2020-01-01;Approuvé;2020-01-01;2025-04-17
PPRT;Plan de Prévention des Risques Technologiques;40DREAL20130243;PPRT TIGF;Direction régionale de l'environnement, de l'aménagement et du logement;;;;75;NOUVELLE-AQUITAINE;40;LANDES;40127;Hontanx;20;Risque technologique;21;Risque industriel;211;Effet thermique;FAUX;;FAUX;;2011-06-23;2012-11-05;2012-12-06;;;2013-04-08;;;Opposable;2020-01-01;Approuvé;2020-01-01;2025-04-09
PPRT;Plan de Prévention des Risques Technologiques;38DDT20140008;TOTAL / ESSO / SPMR / SDSP;Direction départementale des territoires;;;;84;AUVERGNE-RHONE-ALPES;38;ISERE;38484;Serpaize;20;Risque technologique;21;Risque industriel;211;Effet thermique;FAUX;;FAUX;;2012-12-12;;;;2018-01-15;;;;Caduque;2020-01-01;Déprescrit;2020-01-01;2024-04-16
PPRT;Plan de Prévention des Risques Technologiques;75DRIEE_IF20090010;PPRT EFR France;Direction Régionale et Interdépartementale de l'Environnement et de l'Énergie d'Ile-de-France;PPRT EFR France;;;11;ILE-DE-FRANCE;94;VAL-DE-MARNE;94081;Vitry-sur-Seine;20;Risque technologique;21;Risque industriel;211;Effet thermique;FAUX;;FAUX;;2009-04-06;;;;;2015-04-30;;;Opposable;2020-01-01;Approuvé;2020-01-01;2025-04-03
PPRT;Plan de Prévention des Risques Technologiques;972DEAL20200002;PPRT SARA-Antilles Gaz;Direction de l'environnement, de l'aménagement et du logement;;;;02;MARTINIQUE;972;MARTINIQUE;97209;Fort-de-France;20;Risque technologique;21;Risque industriel;213;Effet toxique;FAUX;;FAUX;;2009-06-08;;;;;2013-11-18;;;Opposable;2020-01-01;Approuvé;2020-01-01;2025-04-09
PPRT;Plan de Prévention des Risques Technologiques;47DREAL20130328;PPRT SANGOSSE;Direction régionale de l'environnement, de l'aménagement et du logement;;;;75;NOUVELLE-AQUITAINE;47;LOT-ET-GARONNE;47209;Pont-du-Casse;20;Risque technologique;21;Risque industriel;211;Effet thermique;FAUX;;FAUX;;2009-12-14;2010-10-11;2010-11-10;2010-12-09;;2010-12-24;;;Opposable;2020-01-01;Approuvé;2020-01-01;2025-04-09
PPRT;Plan de Prévention des Risques Technologiques;59DDTM20130005;PPRT NYRSTAR AUBY;Direction départementale des territoires et de la mer;;;;32;HAUTS-DE-FRANCE;59;NORD;59028;Auby;20;Risque technologique;21;Risque industriel;212;Effet de surpression;FAUX;;FAUX;;2010-01-06;2012-02-06;2012-03-07;;;2012-05-03;;;Opposable;2020-01-01;Approuvé;2020-01-01;2025-04-10
PPRT;Plan de Prévention des Risques Technologiques;64DREAL20150001;PPRT - MOURENX/PARDIES (Modification);Direction régionale de l'environnement, de l'aménagement et du logement;MOURENX/PARDIES;;;75;NOUVELLE-AQUITAINE;64;PYRENEES-ATLANTIQUES;64410;Mourenx;20;Risque technologique;21;Risque industriel;211;Effet thermique;FAUX;;FAUX;;2011-02-08;;;;;2015-04-15;;;Opposable;2020-01-01;Approuvé;2020-01-01;2025-11-20
PPRT;Plan de Prévention des Risques Technologiques;73PREF20160030;PPRT-Lanxess;Préfecture;;;;84;AUVERGNE-RHONE-ALPES;73;SAVOIE;73109;Épierre;20;Risque technologique;24;Transport de marchandises dangereuses;;;FAUX;;FAUX;;2010-03-18;2012-01-30;2012-03-01;;;2012-06-05;;;Opposable;2020-01-01;Approuvé;2020-01-01;2025-04-04
PPRT;Plan de Prévention des Risques Technologiques;83DREAL20140147;PPRT - Site militaire du Lazaret 2011;Direction régionale de l'environnement, de l'aménagement et du logement;;;;93;PROVENCE-ALPES-COTE D'AZUR;83;VAR;83153;Saint-Mandrier-sur-Mer;20;Risque technologique;21;Risque industriel;212;Effet de surpression;FAUX;;FAUX;;2011-12-21;;;;;;;;Prescrit;2020-01-01;Prescrit;2020-01-01;2025-04-15
PPRT;Plan de Prévention des Risques Technologiques;64DREAL20130258;PPRT LBC;Direction régionale de l'environnement, de l'aménagement et du logement;;;;75;NOUVELLE-AQUITAINE;64;PYRENEES-ATLANTIQUES;64140;Boucau;20;Risque technologique;21;Risque industriel;211;Effet thermique;FAUX;;FAUX;;2008-12-30;;;;;2013-04-05;;;Opposable;2020-01-01;Approuvé;2020-01-01;2025-06-11
PPRT;Plan de Prévention des Risques Technologiques;64DDTM20170001;PPRt - SEDZERE;Direction départementale des territoires et de la mer;;;;75;NOUVELLE-AQUITAINE;64;PYRENEES-ATLANTIQUES;64212;Espéchède;20;Risque technologique;21;Risque industriel;213;Effet toxique;FAUX;;FAUX;;2017-01-20;;;;;2018-12-21;;;Opposable;2020-01-01;Approuvé;2020-01-01;2025-06-11
PPRT;Plan de Prévention des Risques Technologiques;22DDTM20110003;PPRT SPD;Direction départementale des territoires et de la mer;;;;53;BRETAGNE;22;COTES-D'ARMOR;22360;Trégueux;20;Risque technologique;21;Risque industriel;212;Effet de surpression;FAUX;;FAUX;;2008-12-11;;;;;2010-11-10;;2021-03-17;Caduque;2020-01-01;Abrogé;2020-01-01;2024-06-27
PPRT;Plan de Prévention des Risques Technologiques;24DREAL20130011;PPRT POLYREY;Direction régionale de l'environnement, de l'aménagement et du logement;;;;75;NOUVELLE-AQUITAINE;24;DORDOGNE;24023;Baneuil;20;Risque technologique;21;Risque industriel;213;Effet toxique;FAUX;;FAUX;;2007-09-29;2009-05-12;;;;2009-09-14;;;Opposable;2020-01-01;Approuvé;2020-01-01;2025-04-09
PPRT;Plan de Prévention des Risques Technologiques;14DDTM20160001;PPRT EPC France (Boulon);Direction départementale des territoires et de la mer;calvados;;;28;NORMANDIE;14;CALVADOS;14290;Fresney-le-Puceux;20;Risque technologique;21;Risque industriel;212;Effet de surpression;FAUX;;FAUX;;2011-02-01;;;;;2013-04-03;;;Opposable;2020-01-01;Approuvé;2020-01-01;2025-04-10
PPRT;Plan de Prévention des Risques Technologiques;76DREAL20090004;PPRT SNECMA Vernon;Direction régionale de l'environnement, de l'aménagement et du logement;PPRT SNECMA Vernon;;;28;NORMANDIE;27;EURE;27477;Pressagny-l'Orgueilleux;20;Risque technologique;21;Risque industriel;212;Effet de surpression;FAUX;;FAUX;;2008-08-01;2011-11-14;2011-12-16;;;2012-08-31;;;Opposable;2020-01-01;Approuvé;2020-01-01;2025-04-04
PPRT;Plan de Prévention des Risques Technologiques;73PREF20160031;PPRT-Totalgaz;Préfecture;;;;84;AUVERGNE-RHONE-ALPES;73;SAVOIE;73283;Saint-Vital;20;Risque technologique;21;Risque industriel;211;Effet thermique;FAUX;;FAUX;;2009-01-29;2013-11-06;2013-12-06;;;2014-04-22;;;Opposable;2020-01-01;Approuvé;2020-01-01;2025-04-04
PPRT;Plan de Prévention des Risques Technologiques;91DDT20130004;PPRT SME et ISOCHEM;Direction départementale des territoires;;;;11;ILE-DE-FRANCE;91;ESSONNE;91315;Itteville;20;Risque technologique;21;Risque industriel;213;Effet toxique;FAUX;;FAUX;;2010-01-19;;;;;2014-09-19;;;Opposable;2020-01-01;Approuvé;2020-01-01;2025-04-09
PPRT;Plan de Prévention des Risques Technologiques;83DREAL20140146;PPRT - Site militaire [ Tourris ] 2014;Direction régionale de l'environnement, de l'aménagement et du logement;;;;93;PROVENCE-ALPES-COTE D'AZUR;83;VAR;83132;Solliès-Ville;20;Risque technologique;21;Risque industriel;211;Effet thermique;FAUX;;FAUX;;2012-03-22;;;;;2014-03-06;;;Opposable;2020-01-01;Approuvé;2020-01-01;2025-04-15
PPRT;Plan de Prévention des Risques Technologiques;27DDTM20150003;SYNGENTA;Direction départementale des territoires et de la mer;;;;28;NORMANDIE;27;EURE;27599;Saint-Pierre-la-Garenne;20;Risque technologique;21;Risque industriel;212;Effet de surpression;FAUX;;FAUX;;2009-12-29;2012-06-04;2012-07-04;2014-08-01;;2012-12-12;;;Opposable;2020-01-01;Approuvé;2020-01-01;2025-04-04
PPRT;Plan de Prévention des Risques Technologiques;49DDT20110018;PPRT CCMP Bouchemaine;Direction départementale des territoires;;;;52;PAYS DE LA LOIRE;49;MAINE-ET-LOIRE;49035;Bouchemaine;20;Risque technologique;21;Risque industriel;211;Effet thermique;FAUX;;FAUX;;2009-12-23;2011-10-17;2011-11-19;2012-12-10;;2012-03-08;;2021-02-09;Caduque;2020-01-01;Abrogé;2020-01-01;2021-10-05
PPRT;Plan de Prévention des Risques Technologiques;60DREAL20140003;MOMENTIVE, INEOS et SECO;Direction régionale de l'environnement, de l'aménagement et du logement;;;;32;HAUTS-DE-FRANCE;60;OISE;60537;Ribécourt-Dreslincourt;20;Risque technologique;21;Risque industriel;213;Effet toxique;FAUX;;FAUX;;2009-09-24;2014-08-18;2014-09-18;;;2014-12-18;;;Opposable;2020-01-01;Approuvé;2020-01-01;2025-03-27
PPRT;Plan de Prévention des Risques Technologiques;51DREAL20090012;PPRT TITANITE MOUTIERS;Direction régionale de l'environnement, de l'aménagement et du logement;PPRT TITANITE MOUTIERS;;;44;GRAND EST;54;MEURTHE-ET-MOSELLE;54542;Valleroy;20;Risque technologique;21;Risque industriel;212;Effet de surpression;FAUX;;FAUX;;2007-10-08;;;;;2010-09-24;;;Opposable;2020-01-01;Approuvé;2020-01-01;2025-04-09
PPRT;Plan de Prévention des Risques Technologiques;68DREAL20140005;68 PPRT PECRHIN RHODIA BUTACHIMI;Direction régionale de l'environnement, de l'aménagement et du logement;68 PPRT PECRHIN RHODIA BUTACHIMI;;;44;GRAND EST;68;HAUT-RHIN;68291;Rumersheim-le-Haut;20;Risque technologique;21;Risque industriel;213;Effet toxique;FAUX;;FAUX;;2010-12-31;2013-11-12;2013-12-16;;;2014-04-09;;;Opposable;2020-01-01;Approuvé;2020-01-01;2011-04-15
PPRT;Plan de Prévention des Risques Technologiques;39DREAL20140001;PPRt Solvay;Direction régionale de l'environnement, de l'aménagement et du logement;Solvay;;;27;BOURGOGNE-FRANCHE-COMTE;39;JURA;39001;Abergement-la-Ronce;20;Risque technologique;21;Risque industriel;211;Effet thermique;FAUX;;FAUX;;2008-07-01;2009-09-17;;;;2010-02-24;;;Opposable;2020-01-01;Approuvé;2020-01-01;2025-04-04
PPRT;Plan de Prévention des Risques Technologiques;35DDTM20130002;PPRT de ST JACQUES DE LA LANDE;Direction départementale des territoires et de la mer;PPRT de ST JACQUES DE LA LANDE;;;53;BRETAGNE;35;ILLE-ET-VILAINE;35281;Saint-Jacques-de-la-Lande;20;Risque technologique;21;Risque industriel;212;Effet de surpression;FAUX;;FAUX;;2009-06-21;2010-10-04;2010-11-03;;;2010-12-20;;;Opposable;2020-01-01;Approuvé;2020-01-01;2025-04-11
PPRT;Plan de Prévention des Risques Technologiques;PPRT_2024_0003;PPRT - dépôt de munitions [ Miramas, Istres ];Direction départementale des territoires et de la mer;;;;;;13;BOUCHES-DU-RHONE;13047;Istres;20;Risque technologique;21;Risque industriel;212;Effet de surpression;FAUX;;FAUX;;2024-07-11;;;;;;;;Prescrit;2020-01-01;Prescrit;2020-01-01;2025-05-07
PPRT;Plan de Prévention des Risques Technologiques;972DEAL20200002;PPRT SARA-Antilles Gaz;Direction de l'environnement, de l'aménagement et du logement;;;;02;MARTINIQUE;972;MARTINIQUE;97209;Fort-de-France;20;Risque technologique;21;Risque industriel;212;Effet de surpression;FAUX;;FAUX;;2009-06-08;;;;;2013-11-18;;;Opposable;2020-01-01;Approuvé;2020-01-01;2025-04-09
PPRT;Plan de Prévention des Risques Technologiques;80DREAL20090002;PPRT révisé AMIENS NORD;Direction régionale de l'environnement, de l'aménagement et du logement;PPRT AMIENS NORD;;;32;HAUTS-DE-FRANCE;80;SOMME;80021;Amiens;20;Risque technologique;21;Risque industriel;211;Effet thermique;FAUX;;VRAI;80DREAL20140001;2008-09-03;;;;;2012-11-16;;2015-01-07;Caduque;2020-01-01;Abrogé;2020-01-01;2021-11-10
PPRT;Plan de Prévention des Risques Technologiques;PPRT_2024_0001;PPRT - dépôt de munitions de Canjuers 2015;Direction départementale des territoires et de la mer;;;;;;83;VAR;83038;Châteaudouble;20;Risque technologique;21;Risque industriel;212;Effet de surpression;FAUX;;FAUX;;2013-12-19;;;;;2015-08-12;;;Opposable;2020-01-01;Approuvé;2020-01-01;2025-04-15
PPRT;Plan de Prévention des Risques Technologiques;59DREAL20090013;PPRT TITANOBEL OSTRICOURT;Direction régionale de l'environnement, de l'aménagement et du logement;;;;32;HAUTS-DE-FRANCE;59;NORD;59452;Ostricourt;20;Risque technologique;21;Risque industriel;212;Effet de surpression;FAUX;;FAUX;;2008-05-23;2010-10-19;2010-11-19;2011-11-23;;2011-04-27;;;Opposable;2020-01-01;Approuvé;2020-01-01;2025-04-04
PPRT;Plan de Prévention des Risques Technologiques;54DDT20140018;PPRT STORENGY CERVILLE;Direction départementale des territoires;Industriel;;;44;GRAND EST;54;MEURTHE-ET-MOSELLE;54498;Seichamps;20;Risque technologique;21;Risque industriel;212;Effet de surpression;FAUX;;FAUX;;2011-04-19;;;;;2014-09-30;;;Opposable;2020-01-01;Approuvé;2020-01-01;2025-04-09
PPRT;Plan de Prévention des Risques Technologiques;62DREAL20140009;PPRT ARC INTERNATIONAL;Direction régionale de l'environnement, de l'aménagement et du logement;;;;32;HAUTS-DE-FRANCE;62;PAS-DE-CALAIS;62139;Blendecques;20;Risque technologique;21;Risque industriel;212;Effet de surpression;FAUX;;FAUX;;2016-06-29;;;;;;;;Prescrit;2020-01-01;Prescrit;2020-01-01;2016-06-29
PPRT;Plan de Prévention des Risques Technologiques;PPRT_2022_0003;PPRT - Etablissement DGATT Bourges;Direction départementale des territoires;;;;;;18;CHER;18254;Soye-en-Septaine;20;Risque technologique;21;Risque industriel;212;Effet de surpression;FAUX;;FAUX;;2020-11-06;;;;;2023-08-03;;;Opposable;2020-01-01;Approuvé;2020-01-01;2025-04-02
PPRT;Plan de Prévention des Risques Technologiques;76DDTM20150003;ZIP Petit et Grand Quevilly;Direction départementale des territoires et de la mer;;;;28;NORMANDIE;76;SEINE-MARITIME;76157;Canteleu;20;Risque technologique;21;Risque industriel;211;Effet thermique;FAUX;;FAUX;;2012-12-13;2017-09-20;2017-11-09;;;2018-01-25;;;Opposable;2020-01-01;Approuvé;2020-01-01;2025-04-09
PPRT;Plan de Prévention des Risques Technologiques;67DDT20140003;67 PPRT DEPOT DE MUNITIONS DE NEUBOURG;Direction départementale des territoires;;;;44;GRAND EST;67;BAS-RHIN;67372;Val-de-Moder;20;Risque technologique;21;Risque industriel;211;Effet thermique;FAUX;;FAUX;;2013-02-01;2015-08-17;2015-09-17;;;2015-12-18;;;Opposable;2020-01-01;Approuvé;2020-01-01;2025-04-09
PPRT;Plan de Prévention des Risques Technologiques;2BDREAL20160001;PPRT Corse Expansif;Direction régionale de l'environnement, de l'aménagement et du logement;;;;94;CORSE;2B;HAUTE-CORSE;2B162;Moltifao;20;Risque technologique;21;Risque industriel;212;Effet de surpression;FAUX;;FAUX;;2011-11-25;;;;;2015-12-29;;;Opposable;2020-01-01;Approuvé;2020-01-01;2025-03-25
PPRT;Plan de Prévention des Risques Technologiques;78DDT20130011;PPRT STORENGY Saint-Illiers-la-V;Direction départementale des territoires;;;;11;ILE-DE-FRANCE;78;YVELINES;78558;Saint-Illiers-la-Ville;20;Risque technologique;21;Risque industriel;212;Effet de surpression;FAUX;;FAUX;;2009-06-15;;;;;2010-12-29;;;Opposable;2020-01-01;Approuvé;2020-01-01;2025-04-10
PPRT;Plan de Prévention des Risques Technologiques;04DREAL20140003;PPRT - Arkema [ Saint-Auban ] 2017;Direction régionale de l'environnement, de l'aménagement et du logement;;;;93;PROVENCE-ALPES-COTE D'AZUR;04;ALPES-DE-HAUTE-PROVENCE;04116;Les Mées;20;Risque technologique;21;Risque industriel;212;Effet de surpression;FAUX;;FAUX;;2011-02-07;;;;;2017-03-15;;;Opposable;2020-01-01;Approuvé;2020-01-01;2025-10-16
PPRT;Plan de Prévention des Risques Technologiques;76DREAL20140007;Saint Aubin les Elbeuf;Direction régionale de l'environnement, de l'aménagement et du logement;;;;28;NORMANDIE;76;SEINE-MARITIME;76561;Saint-Aubin-lès-Elbeuf;20;Risque technologique;21;Risque industriel;211;Effet thermique;FAUX;;FAUX;;2010-04-22;2013-09-16;2013-10-18;;;2013-12-02;;;Opposable;2020-01-01;Approuvé;2020-01-01;2025-04-09
PPRT;Plan de Prévention des Risques Technologiques;39DREAL20140001;PPRt Solvay;Direction régionale de l'environnement, de l'aménagement et du logement;Solvay;;;27;BOURGOGNE-FRANCHE-COMTE;39;JURA;39101;Champvans;20;Risque technologique;21;Risque industriel;212;Effet de surpression;FAUX;;FAUX;;2008-07-01;2009-09-17;;;;2010-02-24;;;Opposable;2020-01-01;Approuvé;2020-01-01;2025-04-04
PPRT;Plan de Prévention des Risques Technologiques;31DREAL20090011;PPRT - TOTAL (Lespinasse);Direction régionale de l'environnement, de l'aménagement et du logement;LESPINASSE;;;76;OCCITANIE;31;HAUTE-GARONNE;31490;Saint-Jory;20;Risque technologique;21;Risque industriel;212;Effet de surpression;FAUX;;FAUX;;2007-02-28;2011-09-15;2011-10-19;;;2012-04-03;;;Opposable;2020-01-01;Approuvé;2020-01-01;2025-04-09
PPRT;Plan de Prévention des Risques Technologiques;64DREAL20150001;PPRT - MOURENX/PARDIES (Modification);Direction régionale de l'environnement, de l'aménagement et du logement;MOURENX/PARDIES;;;75;NOUVELLE-AQUITAINE;64;PYRENEES-ATLANTIQUES;64431;Os-Marsillon;20;Risque technologique;21;Risque industriel;211;Effet thermique;FAUX;;FAUX;;2011-02-08;;;;;2015-04-15;;;Opposable;2020-01-01;Approuvé;2020-01-01;2025-11-20
PPRT;Plan de Prévention des Risques Technologiques;73PREF20160030;PPRT-Lanxess;Préfecture;;;;84;AUVERGNE-RHONE-ALPES;73;SAVOIE;73019;Argentine;20;Risque technologique;21;Risque industriel;213;Effet toxique;FAUX;;FAUX;;2010-03-18;2012-01-30;2012-03-01;;;2012-06-05;;;Opposable;2020-01-01;Approuvé;2020-01-01;2025-04-04
PPRT;Plan de Prévention des Risques Technologiques;18DREAL20140001;NEXTER Munitions (Bourges);Direction régionale de l'environnement, de l'aménagement et du logement;;;;24;CENTRE-VAL DE LOIRE;18;CHER;18033;Bourges;20;Risque technologique;21;Risque industriel;212;Effet de surpression;FAUX;;FAUX;;2009-10-30;2012-10-01;2012-11-02;;;2012-12-21;;;Opposable;2020-01-01;Approuvé;2020-01-01;2025-04-02
PPRT;Plan de Prévention des Risques Technologiques;45DREAL20090005;SYNTHRON (Auzouer-en-Touraine);Direction régionale de l'environnement, de l'aménagement et du logement;;;;24;CENTRE-VAL DE LOIRE;37;INDRE-ET-LOIRE;37010;Auzouer-en-Touraine;20;Risque technologique;21;Risque industriel;211;Effet thermique;FAUX;;FAUX;;2008-03-06;2009-11-03;2009-12-04;;;2010-04-07;;;Opposable;2020-01-01;Approuvé;2020-01-01;2025-04-16
PPRT;Plan de Prévention des Risques Technologiques;40DDTM20140001;PPRT LBC;Direction départementale des territoires et de la mer;;;;75;NOUVELLE-AQUITAINE;40;LANDES;40312;Tarnos;20;Risque technologique;21;Risque industriel;212;Effet de surpression;FAUX;;FAUX;;2008-12-30;2012-11-12;2012-12-12;2013-10-03;;2013-04-05;;;Opposable;2020-01-01;Approuvé;2020-01-01;2025-01-16
PPRT;Plan de Prévention des Risques Technologiques;25DREAL20110020;PPRt Butagaz;Direction régionale de l'environnement, de l'aménagement et du logement;Butagaz;;;27;BOURGOGNE-FRANCHE-COMTE;25;DOUBS;25197;Deluz;20;Risque technologique;21;Risque industriel;212;Effet de surpression;FAUX;;FAUX;;2008-03-04;2009-05-05;;;;2009-11-04;;;Opposable;2020-01-01;Approuvé;2020-01-01;2025-03-27
PPRT;Plan de Prévention des Risques Technologiques;73PREF20160029;PPRT-Mssa;Préfecture;St Marcel;;;84;AUVERGNE-RHONE-ALPES;73;SAVOIE;73253;Saint-Marcel;20;Risque technologique;21;Risque industriel;213;Effet toxique;FAUX;;FAUX;;2010-03-18;2013-09-17;2013-10-17;;;2014-02-06;;;Opposable;2020-01-01;Approuvé;2020-01-01;2025-04-04
PPRT;Plan de Prévention des Risques Technologiques;45DREAL20090002;NEXTER Munitions - MBDA;Direction régionale de l'environnement, de l'aménagement et du logement;;;;24;CENTRE-VAL DE LOIRE;18;CHER;18050;La Chapelle-Saint-Ursin;20;Risque technologique;21;Risque industriel;212;Effet de surpression;FAUX;;FAUX;;2007-11-15;2010-02-08;2010-03-11;;;2010-10-11;;;Opposable;2020-01-01;Approuvé;2020-01-01;2025-04-10
PPRT;Plan de Prévention des Risques Technologiques;62DREAL20140010;PPRT CECA;Direction régionale de l'environnement, de l'aménagement et du logement;;;;32;HAUTS-DE-FRANCE;62;PAS-DE-CALAIS;62042;Athies;20;Risque technologique;21;Risque industriel;211;Effet thermique;FAUX;;FAUX;;2009-08-11;2014-06-02;2014-07-04;;;2014-12-15;;;Opposable;2020-01-01;Approuvé;2020-01-01;2025-04-04
PPRT;Plan de Prévention des Risques Technologiques;973DEAL20160001;PPRT Montagne des serpents;Direction de l'environnement, de l'aménagement et du logement;;;;03;GUYANE;973;GUYANE;97310;Roura;20;Risque technologique;21;Risque industriel;214;Effet de projection;FAUX;;FAUX;;2013-01-14;;;;;2024-06-05;;;Opposable;2020-01-01;Approuvé;2020-01-01;2025-06-24
PPRT;Plan de Prévention des Risques Technologiques;77DDT20130005;PPRT STORENGY;Direction départementale des territoires;PPRT STORENGY;;;11;ILE-DE-FRANCE;77;SEINE-ET-MARNE;02512;Montigny-l'Allier;20;Risque technologique;21;Risque industriel;211;Effet thermique;FAUX;;FAUX;;2010-10-13;;;;;2013-04-12;;;Opposable;2020-01-01;Approuvé;2020-01-01;2025-04-09
PPRT;Plan de Prévention des Risques Technologiques;76DREAL20090002;PPRT BUTAGAZ Aumale;Direction régionale de l'environnement, de l'aménagement et du logement;PPRT BUTAGAZ Aumale;;;28;NORMANDIE;76;SEINE-MARITIME;76035;Aumale;20;Risque technologique;21;Risque industriel;211;Effet thermique;FAUX;;FAUX;;2007-08-31;;;;2012-10-29;;;;Caduque;2020-01-01;Déprescrit;2020-01-01;2025-08-28
PPRT;Plan de Prévention des Risques Technologiques;91DDT20130012;SEA parc C;Direction départementale des territoires;;;;11;ILE-DE-FRANCE;91;ESSONNE;91473;Orveau;20;Risque technologique;21;Risque industriel;212;Effet de surpression;FAUX;;FAUX;;2013-01-28;;;;;2015-07-03;;;Opposable;2020-01-01;Approuvé;2020-01-01;2025-04-09
PPRT;Plan de Prévention des Risques Technologiques;49DDT20110019;PPRT Phyteurop Montreuil-Bellay;Direction départementale des territoires;;;;52;PAYS DE LA LOIRE;49;MAINE-ET-LOIRE;49215;Montreuil-Bellay;20;Risque technologique;21;Risque industriel;212;Effet de surpression;FAUX;;FAUX;;2009-12-23;2012-01-23;2012-02-23;2012-07-10;;2012-06-19;;;Opposable;2020-01-01;Approuvé;2020-01-01;2025-04-04
PPRT;Plan de Prévention des Risques Technologiques;91DDT20130004;PPRT SME et ISOCHEM;Direction départementale des territoires;;;;11;ILE-DE-FRANCE;91;ESSONNE;91045;Ballancourt-sur-Essonne;20;Risque technologique;21;Risque industriel;212;Effet de surpression;FAUX;;FAUX;;2010-01-19;;;;;2014-09-19;;;Opposable;2020-01-01;Approuvé;2020-01-01;2025-04-09
PPRT;Plan de Prévention des Risques Technologiques;31DREAL20090006;PPRT - LACROIX (St Foy de Peyrolières);Direction régionale de l'environnement, de l'aménagement et du logement;SAINTE-FOY-DE-PEROLIERES;;;76;OCCITANIE;31;HAUTE-GARONNE;31481;Sainte-Foy-de-Peyrolières;20;Risque technologique;21;Risque industriel;212;Effet de surpression;FAUX;;FAUX;;2008-10-07;2010-06-07;2010-07-07;;;2010-12-13;;;Opposable;2020-01-01;Approuvé;2020-01-01;2025-04-09
PPRT;Plan de Prévention des Risques Technologiques;87DDT20080002;PPRT EPC France (Nitro-Bickford);Direction départementale des territoires;;;;75;NOUVELLE-AQUITAINE;87;HAUTE-VIENNE;87183;Saint-Sylvestre;20;Risque technologique;21;Risque industriel;212;Effet de surpression;FAUX;;FAUX;;2007-11-26;2009-09-07;;;;2009-12-09;;;Opposable;2020-01-01;Approuvé;2020-01-01;2025-04-04
PPRT;Plan de Prévention des Risques Technologiques;31DREAL20140004;PPRT - BASF;Direction régionale de l'environnement, de l'aménagement et du logement;BOUSSENS;;;76;OCCITANIE;31;HAUTE-GARONNE;31084;Boussens;20;Risque technologique;21;Risque industriel;211;Effet thermique;FAUX;;FAUX;;2010-01-14;2016-06-13;2016-07-13;;;2016-10-17;;;Opposable;2020-01-01;Approuvé;2020-01-01;2025-04-09
PPRT;Plan de Prévention des Risques Technologiques;78DDT20130002;PPRT RM Coignières;Direction départementale des territoires;Coignières, Lévis-St-Nom;;;11;ILE-DE-FRANCE;78;YVELINES;78334;Lévis-Saint-Nom;20;Risque technologique;21;Risque industriel;211;Effet thermique;FAUX;;FAUX;;2009-05-19;2015-09-16;2015-10-16;;;2016-01-18;;;Opposable;2020-01-01;Approuvé;2020-01-01;2025-04-10
PPRT;Plan de Prévention des Risques Technologiques;68DREAL20140001;68 PPRT PPC CRISTAL;Direction régionale de l'environnement, de l'aménagement et du logement;68 PPRT PPC CRISTAL;;;44;GRAND EST;68;HAUT-RHIN;68334;Thann;20;Risque technologique;21;Risque industriel;212;Effet de surpression;FAUX;;FAUX;;2010-12-31;2014-01-13;2014-02-14;;;2014-05-16;;;Opposable;2020-01-01;Approuvé;2020-01-01;2012-01-23
PPRT;Plan de Prévention des Risques Technologiques;21DDT20120001;Dijon Céréales;Direction départementale des territoires;Dijon Céréales (21);;;27;BOURGOGNE-FRANCHE-COMTE;21;COTE-D'OR;21355;Longvic;20;Risque technologique;21;Risque industriel;213;Effet toxique;FAUX;;FAUX;;2009-09-30;2010-10-18;2010-11-20;;;2010-12-20;;;Opposable;2020-01-01;Approuvé;2020-01-01;2025-03-27
PPRT;Plan de Prévention des Risques Technologiques;33DDTM20200002;PPRT de CAZEAUX;Direction départementale des territoires et de la mer;;;;75;NOUVELLE-AQUITAINE;33;GIRONDE;33529;La Teste-de-Buch;20;Risque technologique;21;Risque industriel;214;Effet de projection;FAUX;;FAUX;;2012-11-27;;;;;2016-10-14;;;Opposable;2020-01-01;Approuvé;2020-01-01;2025-04-09
PPRT;Plan de Prévention des Risques Technologiques;24DREAL20130011;PPRT POLYREY;Direction régionale de l'environnement, de l'aménagement et du logement;;;;75;NOUVELLE-AQUITAINE;24;DORDOGNE;24223;Lalinde;20;Risque technologique;21;Risque industriel;213;Effet toxique;FAUX;;FAUX;;2007-09-29;2009-05-12;;;;2009-09-14;;;Opposable;2020-01-01;Approuvé;2020-01-01;2025-04-09
PPRT;Plan de Prévention des Risques Technologiques;33DREAL20140001;PPRT ST-JEAN-D'ILLAC;Direction régionale de l'environnement, de l'aménagement et du logement;;;;75;NOUVELLE-AQUITAINE;33;GIRONDE;33528;Le Temple;20;Risque technologique;21;Risque industriel;211;Effet thermique;FAUX;;FAUX;;2011-12-30;;;;;2013-05-13;;;Opposable;2020-01-01;Approuvé;2020-01-01;2025-04-09
PPRT;Plan de Prévention des Risques Technologiques;42DDT20130001;42 PPRT Andrézieux Bouthéon SNF;Direction départementale des territoires;;;;84;AUVERGNE-RHONE-ALPES;42;LOIRE;42005;Andrézieux-Bouthéon;20;Risque technologique;21;Risque industriel;211;Effet thermique;FAUX;;FAUX;;2010-06-30;2012-10-15;2012-11-16;;;2012-12-20;;;Opposable;2020-01-01;Approuvé;2020-01-01;2025-04-09
PPRT;Plan de Prévention des Risques Technologiques;38DDT20140007;Rév. ARKEMA AREVA-CEZUS-Jarrie;Direction départementale des territoires;;;;84;AUVERGNE-RHONE-ALPES;38;ISERE;38071;Champ-sur-Drac;20;Risque technologique;21;Risque industriel;211;Effet thermique;VRAI;38DDT20140002;FAUX;;2011-12-21;2014-09-08;2014-10-09;;;2015-05-22;;;Opposable;2020-01-01;Approuvé;2020-01-01;2025-11-21
PPRT;Plan de Prévention des Risques Technologiques;86DREAL20090002;PPRT BUTAGAZ;Direction régionale de l'environnement, de l'aménagement et du logement;PPRT Butagaz;;;75;NOUVELLE-AQUITAINE;17;CHARENTE-MARITIME;17143;Le Douhet;20;Risque technologique;21;Risque industriel;212;Effet de surpression;FAUX;;FAUX;;2008-12-31;2011-10-18;2011-11-19;2012-07-25;;2011-12-23;;;Opposable;2020-01-01;Approuvé;2020-01-01;2025-04-09
PPRT;Plan de Prévention des Risques Technologiques;02DDT20100002;CLOE;Direction départementale des territoires;;;;32;HAUTS-DE-FRANCE;02;AISNE;02756;Urvillers;20;Risque technologique;21;Risque industriel;212;Effet de surpression;FAUX;;FAUX;;2008-07-18;;;;;2009-12-02;;;Opposable;2020-01-01;Approuvé;2020-01-01;2025-04-09
PPRT;Plan de Prévention des Risques Technologiques;60DREAL20140004;Hüttenes Albertus;Direction régionale de l'environnement, de l'aménagement et du logement;;;;32;HAUTS-DE-FRANCE;60;OISE;60102;Brenouille;20;Risque technologique;21;Risque industriel;212;Effet de surpression;FAUX;;FAUX;;2009-10-26;2013-06-03;2013-07-03;;;2013-10-14;;;Opposable;2020-01-01;Approuvé;2020-01-01;2025-03-27
PPRT;Plan de Prévention des Risques Technologiques;62DREAL20140002;PPRT SI GROUP;Direction régionale de l'environnement, de l'aménagement et du logement;;;;32;HAUTS-DE-FRANCE;62;PAS-DE-CALAIS;62119;Béthune;20;Risque technologique;21;Risque industriel;212;Effet de surpression;FAUX;;FAUX;;2009-12-07;2011-12-26;2012-01-27;;;2012-05-22;;;Opposable;2020-01-01;Approuvé;2020-01-01;2025-04-04
PPRT;Plan de Prévention des Risques Technologiques;75DRIEE_IF20090003;PPRT SICA;Direction Régionale et Interdépartementale de l'Environnement et de l'Énergie d'Ile-de-France;PPRT SICA;;;11;ILE-DE-FRANCE;77;SEINE-ET-MARNE;77208;Gouaix;20;Risque technologique;21;Risque industriel;213;Effet toxique;FAUX;;FAUX;;2009-05-18;2010-09-22;2010-10-23;;;2010-12-06;;2022-12-20;Caduque;2020-01-01;Abrogé;2020-01-01;2023-01-02
PPRT;Plan de Prévention des Risques Technologiques;38DDT20140002;ARKEMA AREVA-CEZUS - Jarrie;Direction départementale des territoires;;;;84;AUVERGNE-RHONE-ALPES;38;ISERE;38068;Champagnier;20;Risque technologique;21;Risque industriel;213;Effet toxique;FAUX;;VRAI;38DDT20140007;2010-06-14;2010-10-15;2010-11-15;;;2010-12-20;;2015-05-22;Caduque;2020-01-01;Abrogé;2020-01-01;2020-12-04
PPRT;Plan de Prévention des Risques Technologiques;13DREAL20140006;PPRT - Lavéra 2023;Direction régionale de l'environnement, de l'aménagement et du logement;;;;93;PROVENCE-ALPES-COTE D'AZUR;13;BOUCHES-DU-RHONE;13056;Martigues;20;Risque technologique;21;Risque industriel;211;Effet thermique;FAUX;;FAUX;;2013-08-01;;;;;2023-05-15;;;Opposable;2020-01-01;Approuvé;2020-01-01;2025-04-09
PPRT;Plan de Prévention des Risques Technologiques;62DREAL20140003;PPRT NORTANKING;Direction régionale de l'environnement, de l'aménagement et du logement;;;;32;HAUTS-DE-FRANCE;62;PAS-DE-CALAIS;62311;Estevelles;20;Risque technologique;21;Risque industriel;211;Effet thermique;FAUX;;FAUX;;2010-03-10;2012-12-17;2013-01-18;;;2013-04-05;;;Opposable;2020-01-01;Approuvé;2020-01-01;2025-04-04
PPRT;Plan de Prévention des Risques Technologiques;62DREAL20140010;PPRT CECA;Direction régionale de l'environnement, de l'aménagement et du logement;;;;32;HAUTS-DE-FRANCE;62;PAS-DE-CALAIS;62042;Athies;20;Risque technologique;21;Risque industriel;213;Effet toxique;FAUX;;FAUX;;2009-08-11;2014-06-02;2014-07-04;;;2014-12-15;;;Opposable;2020-01-01;Approuvé;2020-01-01;2025-04-04
PPRT;Plan de Prévention des Risques Technologiques;31DREAL20140003;PPRT - ANTARGAZ;Direction régionale de l'environnement, de l'aménagement et du logement;BOUSSENS;;;76;OCCITANIE;31;HAUTE-GARONNE;31314;Mancioux;20;Risque technologique;21;Risque industriel;212;Effet de surpression;FAUX;;FAUX;;2009-12-09;2014-12-17;2015-01-26;;;2015-05-22;;;Opposable;2020-01-01;Approuvé;2020-01-01;2025-04-09
PPRT;Plan de Prévention des Risques Technologiques;78DDT20130013;PPRT STORENGY Beynes;Direction départementale des territoires;;;;11;ILE-DE-FRANCE;78;YVELINES;78616;Thoiry;20;Risque technologique;21;Risque industriel;211;Effet thermique;FAUX;;FAUX;;2010-11-08;2012-02-13;2012-03-21;;;2012-05-07;;;Opposable;2020-01-01;Approuvé;2020-01-01;2025-04-10
PPRT;Plan de Prévention des Risques Technologiques;34DREAL20090002;PPRT - SYNGENTA;Direction régionale de l'environnement, de l'aménagement et du logement;PPRT SYNGENTA;;;76;OCCITANIE;30;GARD;30123;Gallargues-le-Montueux;20;Risque technologique;21;Risque industriel;212;Effet de surpression;FAUX;;FAUX;;2008-12-17;;;;;2012-06-01;;;Opposable;2020-01-01;Approuvé;2020-01-01;2025-04-09
PPRT;Plan de Prévention des Risques Technologiques;40DREAL20130243;PPRT TIGF;Direction régionale de l'environnement, de l'aménagement et du logement;;;;75;NOUVELLE-AQUITAINE;40;LANDES;40166;Lussagnet;20;Risque technologique;21;Risque industriel;212;Effet de surpression;FAUX;;FAUX;;2011-06-23;2012-11-05;2012-12-06;;;2013-04-08;;;Opposable;2020-01-01;Approuvé;2020-01-01;2025-04-09
PPRT;Plan de Prévention des Risques Technologiques;02DDT20130001;TEREOS;Direction départementale des territoires;;;;32;HAUTS-DE-FRANCE;02;AISNE;02741;Thenelles;20;Risque technologique;21;Risque industriel;211;Effet thermique;FAUX;;FAUX;;2011-06-23;;;;;2012-10-15;;;Opposable;2020-01-01;Approuvé;2020-01-01;2025-04-09
PPRT;Plan de Prévention des Risques Technologiques;51DDT20140003;PPRT SFDM - Parc A;Direction départementale des territoires;Nuisement-sur-Coole;;;44;GRAND EST;51;MARNE;51087;Breuvery-sur-Coole;20;Risque technologique;21;Risque industriel;212;Effet de surpression;FAUX;;FAUX;;2011-12-12;;;;;2014-01-14;;;Opposable;2020-01-01;Approuvé;2020-01-01;2025-04-09
PPRT;Plan de Prévention des Risques Technologiques;51DREAL20090011;PPRT AIR LIQUIDE Richemont;Direction régionale de l'environnement, de l'aménagement et du logement;PPRT AIR LIQUIDE Richemont;;;44;GRAND EST;57;MOSELLE;57683;Uckange;20;Risque technologique;21;Risque industriel;212;Effet de surpression;FAUX;;FAUX;;2008-05-06;2011-06-17;2011-07-17;;;2011-12-19;;;Opposable;2020-01-01;Approuvé;2020-01-01;2025-04-10
PPRT;Plan de Prévention des Risques Technologiques;29DDTM20120004;PPRT Maison Blanche;Direction départementale des territoires et de la mer;Dépôt hydrocarbure militaire;;;53;BRETAGNE;29;FINISTERE;29019;Brest;20;Risque technologique;21;Risque industriel;212;Effet de surpression;FAUX;;FAUX;;2010-01-28;2016-03-29;2016-04-29;2016-09-27;;2016-07-20;;;Opposable;2020-01-01;Approuvé;2020-01-01;2025-03-26
PPRT;Plan de Prévention des Risques Technologiques;63DREAL20090004;PPRT ROCKWOOL ISOLATION ST ELOY;Direction régionale de l'environnement, de l'aménagement et du logement;St Eloy les Mines;;;84;AUVERGNE-RHONE-ALPES;63;PUY-DE-DOME;63338;Saint-Éloy-les-Mines;20;Risque technologique;21;Risque industriel;211;Effet thermique;FAUX;;FAUX;;2008-12-19;2010-04-19;2010-05-19;;;2010-06-14;;;Opposable;2020-01-01;Approuvé;2020-01-01;2025-04-09
PPRT;Plan de Prévention des Risques Technologiques;59DREAL20090011;PPRT SOGIF - WAZIERS;Direction régionale de l'environnement, de l'aménagement et du logement;;;;32;HAUTS-DE-FRANCE;59;NORD;59654;Waziers;20;Risque technologique;21;Risque industriel;213;Effet toxique;FAUX;;FAUX;;2008-11-20;2010-09-01;2010-10-01;2011-11-17;;2010-11-23;;;Opposable;2020-01-01;Approuvé;2020-01-01;2025-04-10
PPRT;Plan de Prévention des Risques Technologiques;35DREAL20090013;PPRT GUERBET;Direction régionale de l'environnement, de l'aménagement et du logement;Imagerie médicale;;;53;BRETAGNE;56;MORBIHAN;56036;Caudan;20;Risque technologique;21;Risque industriel;213;Effet toxique;FAUX;;FAUX;;2009-03-04;2012-09-17;2012-10-19;;;2012-12-21;;;Opposable;2020-01-01;Approuvé;2020-01-01;2025-04-10
PPRT;Plan de Prévention des Risques Technologiques;38DDT20140008;TOTAL / ESSO / SPMR / SDSP;Direction départementale des territoires;;;;84;AUVERGNE-RHONE-ALPES;38;ISERE;38484;Serpaize;20;Risque technologique;21;Risque industriel;212;Effet de surpression;FAUX;;FAUX;;2012-12-12;;;;2018-01-15;;;;Caduque;2020-01-01;Déprescrit;2020-01-01;2024-04-16
PPRT;Plan de Prévention des Risques Technologiques;35DREAL20090003;PPRT de CHATEAUBOURG;Direction régionale de l'environnement, de l'aménagement et du logement;PPRT de CHATEAUBOURG;;;53;BRETAGNE;35;ILLE-ET-VILAINE;35068;Châteaubourg;20;Risque technologique;21;Risque industriel;213;Effet toxique;FAUX;;FAUX;;2007-12-26;2009-01-05;2009-03-06;;;2009-05-30;;;Opposable;2020-01-01;Approuvé;2020-01-01;2025-04-11
PPRT;Plan de Prévention des Risques Technologiques;52DDT20120001;PPRT Autreville sur la  Renne;Direction départementale des territoires;Partie du territoire  communal;;;44;GRAND EST;52;HAUTE-MARNE;52031;Autreville-sur-la-Renne;20;Risque technologique;21;Risque industriel;212;Effet de surpression;FAUX;;FAUX;;2010-11-29;2013-05-06;2013-06-06;;;2013-09-09;;;Opposable;2020-01-01;Approuvé;2020-01-01;2025-04-10
PPRT;Plan de Prévention des Risques Technologiques;973DEAL20150004;PPRT Centre spatial guyanais;Direction de l'environnement, de l'aménagement et du logement;;;;03;GUYANE;973;GUYANE;97312;Sinnamary;20;Risque technologique;21;Risque industriel;213;Effet toxique;FAUX;;FAUX;;2010-06-28;2013-07-15;2013-08-14;;;2013-11-18;;;Opposable;2020-01-01;Approuvé;2020-01-01;2025-06-18
PPRT;Plan de Prévention des Risques Technologiques;30DDTM20110001;PPRT - EPC (ex NITROBICKFORD);Direction départementale des territoires et de la mer;;;;76;OCCITANIE;30;GARD;30270;Saint-Jean-du-Pin;20;Risque technologique;21;Risque industriel;211;Effet thermique;FAUX;;FAUX;;2009-07-17;;;;;2012-04-18;;;Opposable;2020-01-01;Approuvé;2020-01-01;2025-04-09
PPRT;Plan de Prévention des Risques Technologiques;26DDT20090057;26 PPRT - CHEDDITE France;Direction départementale des territoires;;;;84;AUVERGNE-RHONE-ALPES;26;DROME;26071;Chanos-Curson;20;Risque technologique;21;Risque industriel;212;Effet de surpression;FAUX;;FAUX;;2009-06-29;2011-09-05;2011-10-05;;;2011-12-22;;;Opposable;2020-01-01;Approuvé;2020-01-01;2025-04-14
PPRT;Plan de Prévention des Risques Technologiques;25DREAL20110021;PPRt SFPLJ;Direction régionale de l'environnement, de l'aménagement et du logement;SFPLJ;;;27;BOURGOGNE-FRANCHE-COMTE;25;DOUBS;25418;Nancray;20;Risque technologique;21;Risque industriel;211;Effet thermique;FAUX;;FAUX;;2007-12-20;2009-04-17;;;;2009-10-23;;;Opposable;2020-01-01;Approuvé;2020-01-01;2025-03-27
PPRT;Plan de Prévention des Risques Technologiques;60DREAL20140010;"Kuene ; Nagel - Bresle";Direction régionale de l'environnement, de l'aménagement et du logement;;;;32;HAUTS-DE-FRANCE;60;OISE;60103;Bresles;20;Risque technologique;21;Risque industriel;211;Effet thermique;FAUX;;FAUX;;2009-12-15;2010-09-14;2010-10-14;;;2011-01-10;;;Opposable;2020-01-01;Approuvé;2020-01-01;2025-03-27
PPRT;Plan de Prévention des Risques Technologiques;39DREAL20140001;PPRt Solvay;Direction régionale de l'environnement, de l'aménagement et du logement;Solvay;;;27;BOURGOGNE-FRANCHE-COMTE;39;JURA;39476;Saint-Aubin;20;Risque technologique;21;Risque industriel;211;Effet thermique;FAUX;;FAUX;;2008-07-01;2009-09-17;;;;2010-02-24;;;Opposable;2020-01-01;Approuvé;2020-01-01;2025-04-04
PPRT;Plan de Prévention des Risques Technologiques;77DDT20130001;PPRT COGNIS-BASF;Direction départementale des territoires;PPRT COGNIS-BASF;;;11;ILE-DE-FRANCE;77;SEINE-ET-MARNE;77475;Trilport;20;Risque technologique;21;Risque industriel;212;Effet de surpression;FAUX;;FAUX;;2009-11-12;2012-10-15;2012-11-17;;;2013-02-12;;;Opposable;2020-01-01;Approuvé;2020-01-01;2025-04-09
PPRT;Plan de Prévention des Risques Technologiques;51DDT20140006;PPRT SNOI - L'Epine;Direction départementale des territoires;L'Epine;;;44;GRAND EST;51;MARNE;51476;Saint-Étienne-au-Temple;20;Risque technologique;21;Risque industriel;212;Effet de surpression;FAUX;;FAUX;;2013-10-28;;;;;2015-02-19;;;Opposable;2020-01-01;Approuvé;2020-01-01;2025-04-09
PPRT;Plan de Prévention des Risques Technologiques;69DREAL20090013;69 PPRT de Limas;Direction régionale de l'environnement, de l'aménagement et du logement;Limas;;;84;AUVERGNE-RHONE-ALPES;69;RHONE;69115;Limas;20;Risque technologique;21;Risque industriel;213;Effet toxique;FAUX;;FAUX;;2009-01-29;;;;;2011-10-17;;;Opposable;2020-01-01;Approuvé;2020-01-01;2025-04-04
PPRT;Plan de Prévention des Risques Technologiques;60DREAL20140003;MOMENTIVE, INEOS et SECO;Direction régionale de l'environnement, de l'aménagement et du logement;;;;32;HAUTS-DE-FRANCE;60;OISE;60537;Ribécourt-Dreslincourt;20;Risque technologique;21;Risque industriel;212;Effet de surpression;FAUX;;FAUX;;2009-09-24;2014-08-18;2014-09-18;;;2014-12-18;;;Opposable;2020-01-01;Approuvé;2020-01-01;2025-03-27
PPRT;Plan de Prévention des Risques Technologiques;31DREAL20140003;PPRT - ANTARGAZ;Direction régionale de l'environnement, de l'aménagement et du logement;BOUSSENS;;;76;OCCITANIE;31;HAUTE-GARONNE;31457;Roquefort-sur-Garonne;20;Risque technologique;21;Risque industriel;212;Effet de surpression;FAUX;;FAUX;;2009-12-09;2014-12-17;2015-01-26;;;2015-05-22;;;Opposable;2020-01-01;Approuvé;2020-01-01;2025-04-09
PPRT;Plan de Prévention des Risques Technologiques;45DREAL20140003;TEREOS (Artenay);Direction régionale de l'environnement, de l'aménagement et du logement;;;;24;CENTRE-VAL DE LOIRE;45;LOIRET;45008;Artenay;20;Risque technologique;21;Risque industriel;211;Effet thermique;FAUX;;FAUX;;2009-10-12;2013-09-30;2013-10-30;;;2013-12-17;;;Opposable;2020-01-01;Approuvé;2020-01-01;2025-04-03
PPRT;Plan de Prévention des Risques Technologiques;54DDT20140018;PPRT STORENGY CERVILLE;Direction départementale des territoires;Industriel;;;44;GRAND EST;54;MEURTHE-ET-MOSELLE;54296;Laneuvelotte;20;Risque technologique;21;Risque industriel;212;Effet de surpression;FAUX;;FAUX;;2011-04-19;;;;;2014-09-30;;;Opposable;2020-01-01;Approuvé;2020-01-01;2025-04-09
PPRT;Plan de Prévention des Risques Technologiques;68DREAL20140005;68 PPRT PECRHIN RHODIA BUTACHIMI;Direction régionale de l'environnement, de l'aménagement et du logement;68 PPRT PECRHIN RHODIA BUTACHIMI;;;44;GRAND EST;68;HAUT-RHIN;68064;Chalampé;20;Risque technologique;21;Risque industriel;212;Effet de surpression;FAUX;;FAUX;;2010-12-31;2013-11-12;2013-12-16;;;2014-04-09;;;Opposable;2020-01-01;Approuvé;2020-01-01;2011-04-15
PPRT;Plan de Prévention des Risques Technologiques;73PREF20160026;PPRT-TRIMET;Préfecture;St Jean de Maurienne;;;84;AUVERGNE-RHONE-ALPES;73;SAVOIE;73250;Saint-Julien-Mont-Denis;20;Risque technologique;21;Risque industriel;212;Effet de surpression;FAUX;;FAUX;;2009-12-31;2012-01-04;2012-02-04;;;2012-04-11;;;Opposable;2020-01-01;Approuvé;2020-01-01;2025-04-04
PPRT;Plan de Prévention des Risques Technologiques;60DREAL20140004;Hüttenes Albertus;Direction régionale de l'environnement, de l'aménagement et du logement;;;;32;HAUTS-DE-FRANCE;60;OISE;60509;Pont-Sainte-Maxence;20;Risque technologique;21;Risque industriel;212;Effet de surpression;FAUX;;FAUX;;2009-10-26;2013-06-03;2013-07-03;;;2013-10-14;;;Opposable;2020-01-01;Approuvé;2020-01-01;2025-03-27
PPRT;Plan de Prévention des Risques Technologiques;77DDT20130005;PPRT STORENGY;Direction départementale des territoires;PPRT STORENGY;;;11;ILE-DE-FRANCE;77;SEINE-ET-MARNE;02339;Gandelu;20;Risque technologique;21;Risque industriel;212;Effet de surpression;FAUX;;FAUX;;2010-10-13;;;;;2013-04-12;;;Opposable;2020-01-01;Approuvé;2020-01-01;2025-04-09
;;69DDT20200003;Vallée de la chimie 2;;;;;;;;;69260;Vernaison;20;Risque technologique;21;Risque industriel;211;Effet thermique;FAUX;;FAUX;;2019-12-27;;;;2021-02-04;;;;;;;;2021-02-05
PPRT;Plan de Prévention des Risques Technologiques;49DDT20110019;PPRT Phyteurop Montreuil-Bellay;Direction départementale des territoires;;;;52;PAYS DE LA LOIRE;49;MAINE-ET-LOIRE;49215;Montreuil-Bellay;20;Risque technologique;21;Risque industriel;211;Effet thermique;FAUX;;FAUX;;2009-12-23;2012-01-23;2012-02-23;2012-07-10;;2012-06-19;;;Opposable;2020-01-01;Approuvé;2020-01-01;2025-04-04
PPRT;Plan de Prévention des Risques Technologiques;57DDT20140005;PPRT INEOS;Direction départementale des territoires;;;;44;GRAND EST;57;MOSELLE;57628;Sarralbe;20;Risque technologique;21;Risque industriel;212;Effet de surpression;FAUX;;FAUX;;2009-11-16;;;;;2017-07-06;;;Opposable;2020-01-01;Approuvé;2020-01-01;2025-04-10
PPRT;Plan de Prévention des Risques Technologiques;38DDT20140004;TOTAL RAFFINAGE FRANCE-St-Quenti;Direction départementale des territoires;;;;84;AUVERGNE-RHONE-ALPES;38;ISERE;38048;Bonnefamille;20;Risque technologique;21;Risque industriel;212;Effet de surpression;FAUX;;FAUX;;2009-07-07;2017-10-13;2017-11-13;;;2017-12-19;;;Opposable;2020-01-01;Approuvé;2020-01-01;2025-04-11
PPRT;Plan de Prévention des Risques Technologiques;18DDT20140002;PPRT du site militaire d'Avord;Direction départementale des territoires;;;;24;CENTRE-VAL DE LOIRE;18;CHER;18092;Farges-en-Septaine;20;Risque technologique;21;Risque industriel;213;Effet toxique;FAUX;;FAUX;;2012-12-21;2014-11-03;2014-12-02;;;2015-03-09;;;Opposable;2020-01-01;Approuvé;2020-01-01;2025-04-02
PPRT;Plan de Prévention des Risques Technologiques;73PREF20200036;PPRT-Ugitech;Préfecture;;;;84;AUVERGNE-RHONE-ALPES;73;SAVOIE;73303;Ugine;20;Risque technologique;21;Risque industriel;213;Effet toxique;FAUX;;FAUX;;2009-03-13;;;;;2011-12-11;;;Opposable;2020-01-01;Approuvé;2020-01-01;2025-04-04
PPRT;Plan de Prévention des Risques Technologiques;76DDTM20150005;ZIP Le Havre;Direction départementale des territoires et de la mer;;;;28;NORMANDIE;76;SEINE-MARITIME;76341;Harfleur;20;Risque technologique;21;Risque industriel;212;Effet de surpression;FAUX;;FAUX;;2010-02-17;2016-05-26;2016-07-12;;;2016-10-17;;;Opposable;2020-01-01;Approuvé;2020-01-01;2019-09-09
PPRT;Plan de Prévention des Risques Technologiques;38DDT20140006;VENCOREX ISOCHEM - Pont-de-Claix;Direction départementale des territoires;;;;84;AUVERGNE-RHONE-ALPES;38;ISERE;38158;Eybens;20;Risque technologique;21;Risque industriel;213;Effet toxique;FAUX;;FAUX;;2011-12-21;2018-03-23;2018-04-24;;;;2018-06-27;;Caduque;2020-01-01;Annulé;2020-01-01;2025-04-11
PPRT;Plan de Prévention des Risques Technologiques;75DRIEE_IF20090007;95 PPRT AMPERE INDUSTRIE;Direction Régionale et Interdépartementale de l'Environnement et de l'Énergie d'Ile-de-France;;;;11;ILE-DE-FRANCE;95;VAL-D'OISE;95572;Saint-Ouen-l'Aumône;20;Risque technologique;21;Risque industriel;213;Effet toxique;FAUX;;FAUX;;2009-01-15;2010-03-22;2010-03-22;;;2010-07-12;;;Opposable;2020-01-01;Approuvé;2020-01-01;2025-04-10
PPRT;Plan de Prévention des Risques Technologiques;89DREAL20140004;Titanobel;Direction régionale de l'environnement, de l'aménagement et du logement;T itanobel (89) ;;;27;BOURGOGNE-FRANCHE-COMTE;89;YONNE;89255;Michery;20;Risque technologique;21;Risque industriel;212;Effet de surpression;FAUX;;FAUX;;2010-07-09;;;;;2012-06-20;;;Opposable;2020-01-01;Approuvé;2020-01-01;2025-03-27
PPRT;Plan de Prévention des Risques Technologiques;79DDT20110047;PPRT SIGAP OUEST;Direction départementale des territoires;;;;75;NOUVELLE-AQUITAINE;79;DEUX-SEVRES;79191;Niort;20;Risque technologique;21;Risque industriel;211;Effet thermique;FAUX;;FAUX;;2009-03-05;2015-01-19;2015-02-20;;;2015-04-30;;;Opposable;2020-01-01;Approuvé;2020-01-01;2025-04-09
PPRT;Plan de Prévention des Risques Technologiques;95DDT20130001;95 PPRT NCS;Direction départementale des territoires;;;;11;ILE-DE-FRANCE;95;VAL-D'OISE;95604;Survilliers;20;Risque technologique;21;Risque industriel;212;Effet de surpression;FAUX;;FAUX;;2009-12-23;2010-11-23;2010-12-03;;;2011-06-17;;;Opposable;2020-01-01;Approuvé;2020-01-01;2025-04-04
PPRT;Plan de Prévention des Risques Technologiques;69DDT20200002;Vallée de la chimie;Direction départementale des territoires;;;;84;AUVERGNE-RHONE-ALPES;69;RHONE;69291;Saint-Symphorien-d'Ozon;20;Risque technologique;21;Risque industriel;213;Effet toxique;FAUX;;FAUX;;2015-04-21;;;;;2016-10-19;;;Opposable;2020-01-01;Approuvé;2020-01-01;2025-04-10
PPRT;Plan de Prévention des Risques Technologiques;73PREF20160031;PPRT-Totalgaz;Préfecture;;;;84;AUVERGNE-RHONE-ALPES;73;SAVOIE;73121;Frontenex;20;Risque technologique;21;Risque industriel;211;Effet thermique;FAUX;;FAUX;;2009-01-29;2013-11-06;2013-12-06;;;2014-04-22;;;Opposable;2020-01-01;Approuvé;2020-01-01;2025-04-04
PPRT;Plan de Prévention des Risques Technologiques;27DDTM20150001;NUFARM;Direction départementale des territoires et de la mer;;;;28;NORMANDIE;27;EURE;27275;Gaillon;20;Risque technologique;21;Risque industriel;211;Effet thermique;FAUX;;FAUX;;2009-12-29;2012-06-11;2012-07-12;2013-04-08;;2012-12-12;;;Opposable;2020-01-01;Approuvé;2020-01-01;2025-04-10
PPRT;Plan de Prévention des Risques Technologiques;24DREAL20130012;PPRT BERGERAC ;Direction régionale de l'environnement, de l'aménagement et du logement;;;;75;NOUVELLE-AQUITAINE;24;DORDOGNE;24140;Cours-de-Pile;20;Risque technologique;21;Risque industriel;211;Effet thermique;FAUX;;FAUX;;2009-07-21;;;;;2011-06-30;;;Opposable;2020-01-01;Approuvé;2020-01-01;2025-04-09
PPRT;Plan de Prévention des Risques Technologiques;11DDTM20120027;PPRT - Orano;Direction régionale de l'environnement, de l'aménagement et du logement;Usine Orano Malvesi;;;76;OCCITANIE;11;AUDE;11262;Narbonne;20;Risque technologique;21;Risque industriel;213;Effet toxique;FAUX;;FAUX;;2009-04-17;2012-06-18;2012-07-20;;;2013-01-23;;;Opposable;2020-01-01;Approuvé;2020-01-01;2025-04-09
PPRT;Plan de Prévention des Risques Technologiques;77DDT20130003;PPRT GAZECHIM CCMP GEREP;Direction départementale des territoires;PPRT GAZECHIM CCMP GEREP;;;11;ILE-DE-FRANCE;77;SEINE-ET-MARNE;77294;Mitry-Mory;20;Risque technologique;21;Risque industriel;211;Effet thermique;FAUX;;FAUX;;2014-02-06;;;;;2015-08-19;;;Opposable;2020-01-01;Approuvé;2020-01-01;2025-06-16
PPRT;Plan de Prévention des Risques Technologiques;38DDT20140009;ADISSEO TOURMALINE-St-Clair-Rhôn;Direction départementale des territoires;38 et 69;;;84;AUVERGNE-RHONE-ALPES;38;ISERE;42265;Saint-Michel-sur-Rhône;20;Risque technologique;21;Risque industriel;212;Effet de surpression;FAUX;;FAUX;;2012-02-09;2018-04-24;2018-05-24;;;2018-07-18;;;Opposable;2020-01-01;Approuvé;2020-01-01;2025-04-10
PPRT;Plan de Prévention des Risques Technologiques;59DREAL20090010;PPRT SOGIF - DOUAI;Direction régionale de l'environnement, de l'aménagement et du logement;;;;32;HAUTS-DE-FRANCE;59;NORD;59178;Douai;20;Risque technologique;21;Risque industriel;213;Effet toxique;FAUX;;FAUX;;2007-11-16;2009-03-30;2009-04-30;2011-09-22;;2009-06-11;;;Opposable;2020-01-01;Approuvé;2020-01-01;2025-04-10
PPRT;Plan de Prévention des Risques Technologiques;77DDT20130006;PPRT TOTAL GPN;Direction départementale des territoires;PPRT TOTAL GPN;;;11;ILE-DE-FRANCE;77;SEINE-ET-MARNE;77010;Aubepierre-Ozouer-le-Repos;20;Risque technologique;21;Risque industriel;212;Effet de surpression;FAUX;;FAUX;;2009-12-21;2013-05-14;2013-06-13;;;2013-09-05;;;Opposable;2020-01-01;Approuvé;2020-01-01;2025-04-09
PPRT;Plan de Prévention des Risques Technologiques;64DREAL20130260;PPRT MOURENX;Direction régionale de l'environnement, de l'aménagement et du logement;;;;75;NOUVELLE-AQUITAINE;64;PYRENEES-ATLANTIQUES;64431;Os-Marsillon;20;Risque technologique;21;Risque industriel;211;Effet thermique;FAUX;;FAUX;;2008-11-08;;;;;2012-06-14;;;Opposable;2020-01-01;Approuvé;2020-01-01;2025-06-11
PPRT;Plan de Prévention des Risques Technologiques;45DREAL20090005;SYNTHRON (Auzouer-en-Touraine);Direction régionale de l'environnement, de l'aménagement et du logement;;;;24;CENTRE-VAL DE LOIRE;37;INDRE-ET-LOIRE;37063;Château-Renault;20;Risque technologique;21;Risque industriel;213;Effet toxique;FAUX;;FAUX;;2008-03-06;2009-11-03;2009-12-04;;;2010-04-07;;;Opposable;2020-01-01;Approuvé;2020-01-01;2025-04-16
PPRT;Plan de Prévention des Risques Technologiques;29DDTM20200001;Pyrotechnie Saint Nicolas;Direction départementale des territoires et de la mer;Pyrotechnie militaire;;;53;BRETAGNE;29;FINISTERE;29075;Guipavas;20;Risque technologique;21;Risque industriel;214;Effet de projection;FAUX;;FAUX;;2019-11-15;;;;;2025-06-06;;;Opposable;2020-01-01;Approuvé;2020-01-01;2025-07-15
PPRT;Plan de Prévention des Risques Technologiques;59DDTM20130004;PPRT PPG SAULTAIN;Direction départementale des territoires et de la mer;;;;32;HAUTS-DE-FRANCE;59;NORD;59166;Curgies;20;Risque technologique;21;Risque industriel;212;Effet de surpression;FAUX;;FAUX;;2010-03-23;2011-09-26;2011-10-27;;;2011-12-13;;;Opposable;2020-01-01;Approuvé;2020-01-01;2025-04-10
PPRT;Plan de Prévention des Risques Technologiques;38DDT20140002;ARKEMA AREVA-CEZUS - Jarrie;Direction départementale des territoires;;;;84;AUVERGNE-RHONE-ALPES;38;ISERE;38059;Brié-et-Angonnes;20;Risque technologique;21;Risque industriel;211;Effet thermique;FAUX;;VRAI;38DDT20140007;2010-06-14;2010-10-15;2010-11-15;;;2010-12-20;;2015-05-22;Caduque;2020-01-01;Abrogé;2020-01-01;2020-12-04
PPRT;Plan de Prévention des Risques Technologiques;59DDTM20130003;PPRT BASF AGRI PRODUCTION;Direction départementale des territoires et de la mer;;;;32;HAUTS-DE-FRANCE;59;NORD;59273;Gravelines;20;Risque technologique;21;Risque industriel;213;Effet toxique;FAUX;;FAUX;;2009-10-13;2010-11-02;2010-12-02;2012-02-09;;2010-12-17;;;Opposable;2020-01-01;Approuvé;2020-01-01;2025-04-10
PPRT;Plan de Prévention des Risques Technologiques;64DREAL20130259;PPRT LACQ MONT;Direction régionale de l'environnement, de l'aménagement et du logement;;;;75;NOUVELLE-AQUITAINE;64;PYRENEES-ATLANTIQUES;64431;Os-Marsillon;20;Risque technologique;21;Risque industriel;212;Effet de surpression;FAUX;;FAUX;;2010-10-19;;;;;2014-05-06;;;Opposable;2020-01-01;Approuvé;2020-01-01;2025-06-11
PPRT;Plan de Prévention des Risques Technologiques;13DREAL20140012;PPRT - LBSF [ Port de la Pointe ] 2015;Direction régionale de l'environnement, de l'aménagement et du logement;;;;93;PROVENCE-ALPES-COTE D'AZUR;13;BOUCHES-DU-RHONE;13014;Berre-l'Étang;20;Risque technologique;21;Risque industriel;211;Effet thermique;FAUX;;FAUX;;2011-06-14;2014-11-03;2014-12-05;;;2015-04-28;;;Opposable;2020-01-01;Approuvé;2020-01-01;2025-04-09
PPRT;Plan de Prévention des Risques Technologiques;03DREAL20140001;PPRT - ALL'CHEM - Montluçon;Direction régionale de l'environnement, de l'aménagement et du logement;Montluçon;;;84;AUVERGNE-RHONE-ALPES;03;ALLIER;03098;Désertines;20;Risque technologique;21;Risque industriel;211;Effet thermique;FAUX;;FAUX;;2010-03-09;2013-05-27;2013-06-27;;;2014-01-10;;;Opposable;2020-01-01;Approuvé;2020-01-01;2025-04-09
PPRT;Plan de Prévention des Risques Technologiques;68DREAL20140005;68 PPRT PECRHIN RHODIA BUTACHIMI;Direction régionale de l'environnement, de l'aménagement et du logement;68 PPRT PECRHIN RHODIA BUTACHIMI;;;44;GRAND EST;68;HAUT-RHIN;68291;Rumersheim-le-Haut;20;Risque technologique;21;Risque industriel;211;Effet thermique;FAUX;;FAUX;;2010-12-31;2013-11-12;2013-12-16;;;2014-04-09;;;Opposable;2020-01-01;Approuvé;2020-01-01;2011-04-15
PPRT;Plan de Prévention des Risques Technologiques;29DDTM20200001;Pyrotechnie Saint Nicolas;Direction départementale des territoires et de la mer;Pyrotechnie militaire;;;53;BRETAGNE;29;FINISTERE;29075;Guipavas;20;Risque technologique;21;Risque industriel;213;Effet toxique;FAUX;;FAUX;;2019-11-15;;;;;2025-06-06;;;Opposable;2020-01-01;Approuvé;2020-01-01;2025-07-15
PPRT;Plan de Prévention des Risques Technologiques;2BDREAL20160002;PPRT ENGIE;Direction régionale de l'environnement, de l'aménagement et du logement;;;;94;CORSE;2B;HAUTE-CORSE;2B120;Furiani;20;Risque technologique;21;Risque industriel;211;Effet thermique;FAUX;;FAUX;;2011-11-25;;;;;2016-01-25;;;Opposable;2020-01-01;Approuvé;2020-01-01;2025-04-10
PPRT;Plan de Prévention des Risques Technologiques;19DREAL20140001;PPRT Total;Direction régionale de l'environnement, de l'aménagement et du logement;;;;75;NOUVELLE-AQUITAINE;19;CORREZE;19031;Brive-la-Gaillarde;20;Risque technologique;21;Risque industriel;212;Effet de surpression;FAUX;;FAUX;;2009-05-11;2011-01-04;2011-02-04;;;2011-05-12;;2012-06-05;Caduque;2020-01-01;Abrogé;2020-01-01;2020-02-20
PPRT;Plan de Prévention des Risques Technologiques;67DREAL20140044;67 PPRT WAGRAM ;Direction régionale de l'environnement, de l'aménagement et du logement;67PPRT WAGRAM;;;44;GRAND EST;67;BAS-RHIN;67389;Reichstett;20;Risque technologique;21;Risque industriel;211;Effet thermique;FAUX;;FAUX;;2012-11-20;2014-08-25;2014-09-25;;;2014-12-31;;;Opposable;2020-01-01;Approuvé;2020-01-01;2025-04-09
PPRT;Plan de Prévention des Risques Technologiques;64DREAL20130260;PPRT MOURENX;Direction régionale de l'environnement, de l'aménagement et du logement;;;;75;NOUVELLE-AQUITAINE;64;PYRENEES-ATLANTIQUES;64410;Mourenx;20;Risque technologique;21;Risque industriel;211;Effet thermique;FAUX;;FAUX;;2008-11-08;;;;;2012-06-14;;;Opposable;2020-01-01;Approuvé;2020-01-01;2025-06-11
PPRT;Plan de Prévention des Risques Technologiques;39DREAL20140001;PPRt Solvay;Direction régionale de l'environnement, de l'aménagement et du logement;Solvay;;;27;BOURGOGNE-FRANCHE-COMTE;39;JURA;39101;Champvans;20;Risque technologique;21;Risque industriel;211;Effet thermique;FAUX;;FAUX;;2008-07-01;2009-09-17;;;;2010-02-24;;;Opposable;2020-01-01;Approuvé;2020-01-01;2025-04-04
PPRT;Plan de Prévention des Risques Technologiques;33DREAL20130134;PPRT SME SAINT HELENE;Direction régionale de l'environnement, de l'aménagement et du logement;;;;75;NOUVELLE-AQUITAINE;33;GIRONDE;33104;Castelnau-de-Médoc;20;Risque technologique;21;Risque industriel;211;Effet thermique;FAUX;;FAUX;;2009-03-31;2010-10-18;;;;2010-12-21;;;Opposable;2020-01-01;Approuvé;2020-01-01;2025-04-09
PPRT;Plan de Prévention des Risques Technologiques;34DDTM20120162;PPRT - SBM et Gazechim;Direction départementale des territoires et de la mer;;;;76;OCCITANIE;34;HERAULT;34336;Villeneuve-lès-Béziers;20;Risque technologique;21;Risque industriel;212;Effet de surpression;FAUX;;FAUX;;2010-04-13;2015-04-20;2015-05-22;;;2015-08-03;;;Opposable;2020-01-01;Approuvé;2020-01-01;2025-05-01
PPRT;Plan de Prévention des Risques Technologiques;02DDT20110001;FM Logistic;Direction départementale des territoires;;;;32;HAUTS-DE-FRANCE;02;AISNE;02279;Épaux-Bézu;20;Risque technologique;21;Risque industriel;211;Effet thermique;FAUX;;FAUX;;2009-09-10;;;;;2010-12-28;;;Opposable;2020-01-01;Approuvé;2020-01-01;2025-04-09
PPRT;Plan de Prévention des Risques Technologiques;12DDT20120001;PPRT - SOBEGAL;Direction départementale des territoires;;;;76;OCCITANIE;12;AVEYRON;12137;Manhac;20;Risque technologique;21;Risque industriel;211;Effet thermique;FAUX;;FAUX;;2009-06-10;;;;;2015-12-29;;;Opposable;2020-01-01;Approuvé;2020-01-01;2025-04-09
PPRT;Plan de Prévention des Risques Technologiques;19DREAL20140001;PPRT Total;Direction régionale de l'environnement, de l'aménagement et du logement;;;;75;NOUVELLE-AQUITAINE;19;CORREZE;19031;Brive-la-Gaillarde;20;Risque technologique;21;Risque industriel;211;Effet thermique;FAUX;;FAUX;;2009-05-11;2011-01-04;2011-02-04;;;2011-05-12;;2012-06-05;Caduque;2020-01-01;Abrogé;2020-01-01;2020-02-20
PPRT;Plan de Prévention des Risques Technologiques;12DDT20120001;PPRT - SOBEGAL;Direction départementale des territoires;;;;76;OCCITANIE;12;AVEYRON;12043;Calmont;20;Risque technologique;21;Risque industriel;212;Effet de surpression;FAUX;;FAUX;;2009-06-10;;;;;2015-12-29;;;Opposable;2020-01-01;Approuvé;2020-01-01;2025-04-09
PPRT;Plan de Prévention des Risques Technologiques;57DDT20140005;PPRT INEOS;Direction départementale des territoires;;;;44;GRAND EST;57;MOSELLE;57628;Sarralbe;20;Risque technologique;21;Risque industriel;211;Effet thermique;FAUX;;FAUX;;2009-11-16;;;;;2017-07-06;;;Opposable;2020-01-01;Approuvé;2020-01-01;2025-04-10
PPRT;Plan de Prévention des Risques Technologiques;60DREAL20140004;Hüttenes Albertus;Direction régionale de l'environnement, de l'aménagement et du logement;;;;32;HAUTS-DE-FRANCE;60;OISE;60509;Pont-Sainte-Maxence;20;Risque technologique;21;Risque industriel;213;Effet toxique;FAUX;;FAUX;;2009-10-26;2013-06-03;2013-07-03;;;2013-10-14;;;Opposable;2020-01-01;Approuvé;2020-01-01;2025-03-27
PPRT;Plan de Prévention des Risques Technologiques;69DREAL20170004;69 PPRT de Genay;Direction départementale des territoires;Genay;;;84;AUVERGNE-RHONE-ALPES;69;RHONE;69143;Neuville-sur-Saône;20;Risque technologique;21;Risque industriel;213;Effet toxique;FAUX;;FAUX;;2011-10-11;2011-06-23;2011-06-23;;;2014-11-10;;;Opposable;2020-01-01;Approuvé;2020-01-01;2014-11-10
PPRT;Plan de Prévention des Risques Technologiques;59DREAL20090003;PPRT CRODA UNIQEMA;Direction régionale de l'environnement, de l'aménagement et du logement;;;;32;HAUTS-DE-FRANCE;62;PAS-DE-CALAIS;62479;Labeuvrière;20;Risque technologique;21;Risque industriel;212;Effet de surpression;FAUX;;FAUX;;2007-05-23;;;;;2023-05-10;;;Opposable;2020-01-01;Approuvé;2020-01-01;2025-04-04
PPRT;Plan de Prévention des Risques Technologiques;33DDTM20160001;PPRT AMBES NORD;Direction départementale des territoires et de la mer;;;;75;NOUVELLE-AQUITAINE;33;GIRONDE;33004;Ambès;20;Risque technologique;21;Risque industriel;211;Effet thermique;FAUX;;FAUX;;2016-12-28;;;;;2018-08-30;;;Opposable;2020-01-01;Approuvé;2020-01-01;2025-04-09
PPRT;Plan de Prévention des Risques Technologiques;44DDTM20110006;PPRT Montoir YARA-ELENGY-IDEA;Direction départementale des territoires et de la mer;PPRT de Montoir-de-Bretange;;;52;PAYS DE LA LOIRE;44;LOIRE-ATLANTIQUE;44052;Donges;20;Risque technologique;21;Risque industriel;213;Effet toxique;FAUX;;FAUX;;2010-12-30;;;;;2015-09-30;;;Opposable;2020-01-01;Approuvé;2020-01-01;2025-04-04
PPRT;Plan de Prévention des Risques Technologiques;38DDT20140007;Rév. ARKEMA AREVA-CEZUS-Jarrie;Direction départementale des territoires;;;;84;AUVERGNE-RHONE-ALPES;38;ISERE;38059;Brié-et-Angonnes;20;Risque technologique;21;Risque industriel;212;Effet de surpression;VRAI;38DDT20140002;FAUX;;2011-12-21;2014-09-08;2014-10-09;;;2015-05-22;;;Opposable;2020-01-01;Approuvé;2020-01-01;2025-11-21
PPRT;Plan de Prévention des Risques Technologiques;PPRT_2025_0004;PPRT - BUTAGAZ - HEBERGEMENT;Direction régionale de l'environnement, de l'aménagement et du logement;Loire-Bretagne;;;;;85;VENDEE;85108;L'Herbergement;20;Risque technologique;21;Risque industriel;212;Effet de surpression;FAUX;;FAUX;;2010-08-04;;;;2018-10-04;;;;Caduque;2020-01-01;Déprescrit;2020-01-01;2025-02-14
PPRT;Plan de Prévention des Risques Technologiques;89DREAL20140006;Chemetall;Direction régionale de l'environnement, de l'aménagement et du logement;;;;27;BOURGOGNE-FRANCHE-COMTE;89;YONNE;89338;Saint-Clément;20;Risque technologique;21;Risque industriel;213;Effet toxique;FAUX;;FAUX;;2008-05-28;;;;;2011-09-05;;;Opposable;2020-01-01;Approuvé;2020-01-01;2025-03-28
PPRT;Plan de Prévention des Risques Technologiques;PPRT_2022_0003;PPRT - Etablissement DGATT Bourges;Direction départementale des territoires;;;;;;18;CHER;18191;Raymond;20;Risque technologique;21;Risque industriel;213;Effet toxique;FAUX;;FAUX;;2020-11-06;;;;;2023-08-03;;;Opposable;2020-01-01;Approuvé;2020-01-01;2025-04-02
PPRT;Plan de Prévention des Risques Technologiques;60DREAL20140004;Hüttenes Albertus;Direction régionale de l'environnement, de l'aménagement et du logement;;;;32;HAUTS-DE-FRANCE;60;OISE;60102;Brenouille;20;Risque technologique;21;Risque industriel;211;Effet thermique;FAUX;;FAUX;;2009-10-26;2013-06-03;2013-07-03;;;2013-10-14;;;Opposable;2020-01-01;Approuvé;2020-01-01;2025-03-27
PPRT;Plan de Prévention des Risques Technologiques;40DDTM20140001;PPRT LBC;Direction départementale des territoires et de la mer;;;;75;NOUVELLE-AQUITAINE;40;LANDES;40312;Tarnos;20;Risque technologique;21;Risque industriel;213;Effet toxique;FAUX;;FAUX;;2008-12-30;2012-11-12;2012-12-12;2013-10-03;;2013-04-05;;;Opposable;2020-01-01;Approuvé;2020-01-01;2025-01-16
PPRT;Plan de Prévention des Risques Technologiques;02DDT20150003;ROHM AND HAAS;Direction départementale des territoires;;;;32;HAUTS-DE-FRANCE;02;AISNE;02173;Chauny;20;Risque technologique;21;Risque industriel;212;Effet de surpression;FAUX;;FAUX;;2012-12-21;;;;;2014-12-22;;;Opposable;2020-01-01;Approuvé;2020-01-01;2025-04-09
PPRT;Plan de Prévention des Risques Technologiques;79DDT20110047;PPRT SIGAP OUEST;Direction départementale des territoires;;;;75;NOUVELLE-AQUITAINE;79;DEUX-SEVRES;79191;Niort;20;Risque technologique;21;Risque industriel;212;Effet de surpression;FAUX;;FAUX;;2009-03-05;2015-01-19;2015-02-20;;;2015-04-30;;;Opposable;2020-01-01;Approuvé;2020-01-01;2025-04-09
PPRT;Plan de Prévention des Risques Technologiques;11DDTM20120027;PPRT - Orano;Direction régionale de l'environnement, de l'aménagement et du logement;Usine Orano Malvesi;;;76;OCCITANIE;11;AUDE;11262;Narbonne;20;Risque technologique;21;Risque industriel;212;Effet de surpression;FAUX;;FAUX;;2009-04-17;2012-06-18;2012-07-20;;;2013-01-23;;;Opposable;2020-01-01;Approuvé;2020-01-01;2025-04-09
PPRT;Plan de Prévention des Risques Technologiques;04DREAL20140003;PPRT - Arkema [ Saint-Auban ] 2017;Direction régionale de l'environnement, de l'aménagement et du logement;;;;93;PROVENCE-ALPES-COTE D'AZUR;04;ALPES-DE-HAUTE-PROVENCE;04116;Les Mées;20;Risque technologique;21;Risque industriel;211;Effet thermique;FAUX;;FAUX;;2011-02-07;;;;;2017-03-15;;;Opposable;2020-01-01;Approuvé;2020-01-01;2025-10-16
PPRT;Plan de Prévention des Risques Technologiques;64DREAL20150001;PPRT - MOURENX/PARDIES (Modification);Direction régionale de l'environnement, de l'aménagement et du logement;MOURENX/PARDIES;;;75;NOUVELLE-AQUITAINE;64;PYRENEES-ATLANTIQUES;64418;Noguères;20;Risque technologique;21;Risque industriel;211;Effet thermique;FAUX;;FAUX;;2011-02-08;;;;;2015-04-15;;;Opposable;2020-01-01;Approuvé;2020-01-01;2025-11-20
PPRT;Plan de Prévention des Risques Technologiques;69DREAL20170001;69 PPRT de Chaponnay;Direction régionale de l'environnement, de l'aménagement et du logement;Chaponnay;;;84;AUVERGNE-RHONE-ALPES;69;RHONE;69283;Mions;20;Risque technologique;21;Risque industriel;211;Effet thermique;FAUX;;FAUX;;2010-12-23;2012-09-14;2012-10-14;;;2013-06-10;;;Opposable;2020-01-01;Approuvé;2020-01-01;2025-04-04
PPRT;Plan de Prévention des Risques Technologiques;58DREAL20140004;Antargaz;Direction régionale de l'environnement, de l'aménagement et du logement;Antargaz (58);;;27;BOURGOGNE-FRANCHE-COMTE;58;NIEVRE;58126;Gimouille;20;Risque technologique;21;Risque industriel;211;Effet thermique;FAUX;;FAUX;;2010-03-10;;;;;2017-06-29;;;Opposable;2020-01-01;Approuvé;2020-01-01;2025-03-27
PPRT;Plan de Prévention des Risques Technologiques;89DREAL20140006;Chemetall;Direction régionale de l'environnement, de l'aménagement et du logement;;;;27;BOURGOGNE-FRANCHE-COMTE;89;YONNE;89342;Saint-Denis-lès-Sens;20;Risque technologique;21;Risque industriel;211;Effet thermique;FAUX;;FAUX;;2008-05-28;;;;;2011-09-05;;;Opposable;2020-01-01;Approuvé;2020-01-01;2025-03-28
PPRT;Plan de Prévention des Risques Technologiques;13DREAL20140016;PPRT - EPC [ Cabriès ] 2015;Direction régionale de l'environnement, de l'aménagement et du logement;;;;93;PROVENCE-ALPES-COTE D'AZUR;13;BOUCHES-DU-RHONE;13019;Cabriès;20;Risque technologique;21;Risque industriel;212;Effet de surpression;FAUX;;FAUX;;2010-04-28;2015-06-15;2015-07-20;;;2015-10-22;;;Opposable;2020-01-01;Approuvé;2020-01-01;2025-04-09
PPRT;Plan de Prévention des Risques Technologiques;69DREAL20170001;69 PPRT de Chaponnay;Direction régionale de l'environnement, de l'aménagement et du logement;Chaponnay;;;84;AUVERGNE-RHONE-ALPES;69;RHONE;69273;Corbas;20;Risque technologique;21;Risque industriel;213;Effet toxique;FAUX;;FAUX;;2010-12-23;2012-09-14;2012-10-14;;;2013-06-10;;;Opposable;2020-01-01;Approuvé;2020-01-01;2025-04-04
PPRT;Plan de Prévention des Risques Technologiques;55DDT20210005;PPRT ROZELIER;Direction départementale des territoires;PPRT ROZELIER;;;44;GRAND EST;55;MEUSE;55105;Châtillon-sous-les-Côtes;20;Risque technologique;21;Risque industriel;212;Effet de surpression;FAUX;;FAUX;;2017-11-15;;;;;2023-07-06;;;Opposable;2020-01-01;Approuvé;2020-01-01;2025-04-10
PPRT;Plan de Prévention des Risques Technologiques;31DREAL20090002; PPRT - ARKEMA;Direction régionale de l'environnement, de l'aménagement et du logement;PPRT ARKEMA;;;76;OCCITANIE;65;HAUTES-PYRENEES;65054;Avezac-Prat-Lahitte;20;Risque technologique;21;Risque industriel;212;Effet de surpression;FAUX;;FAUX;;2006-08-04;2008-06-16;2008-07-15;;;2008-10-29;;;Opposable;2020-01-01;Approuvé;2020-01-01;2025-04-09
PPRT;Plan de Prévention des Risques Technologiques;68DREAL20140001;68 PPRT PPC CRISTAL;Direction régionale de l'environnement, de l'aménagement et du logement;68 PPRT PPC CRISTAL;;;44;GRAND EST;68;HAUT-RHIN;68348;Vieux-Thann;20;Risque technologique;21;Risque industriel;213;Effet toxique;FAUX;;FAUX;;2010-12-31;2014-01-13;2014-02-14;;;2014-05-16;;;Opposable;2020-01-01;Approuvé;2020-01-01;2012-01-23
PPRT;Plan de Prévention des Risques Technologiques;60DREAL20140007;BASF Coatigns SAS Breuil le Sec;Direction régionale de l'environnement, de l'aménagement et du logement;;;;32;HAUTS-DE-FRANCE;60;OISE;60106;Breuil-le-Sec;20;Risque technologique;21;Risque industriel;212;Effet de surpression;FAUX;;FAUX;;2009-12-29;2013-08-22;2013-09-23;;;2013-11-27;;;Opposable;2020-01-01;Approuvé;2020-01-01;2025-03-27
PPRT;Plan de Prévention des Risques Technologiques;38DDT20140002;ARKEMA AREVA-CEZUS - Jarrie;Direction départementale des territoires;;;;84;AUVERGNE-RHONE-ALPES;38;ISERE;38200;Jarrie;20;Risque technologique;21;Risque industriel;212;Effet de surpression;FAUX;;VRAI;38DDT20140007;2010-06-14;2010-10-15;2010-11-15;;;2010-12-20;;2015-05-22;Caduque;2020-01-01;Abrogé;2020-01-01;2020-12-04
PPRT;Plan de Prévention des Risques Technologiques;21DDT20130001;TITANOBEL;Direction départementale des territoires;Titanobel (21);;;27;BOURGOGNE-FRANCHE-COMTE;21;COTE-D'OR;21496;Pontailler-sur-Saône;20;Risque technologique;21;Risque industriel;212;Effet de surpression;FAUX;;FAUX;;2009-08-07;2011-11-08;2011-12-09;;;2012-06-29;;;Opposable;2020-01-01;Approuvé;2020-01-01;2025-04-02
PPRT;Plan de Prévention des Risques Technologiques;38DDT20140010;TITANOBEL - Saint-Quentin/Isère;Direction départementale des territoires;;;;84;AUVERGNE-RHONE-ALPES;38;ISERE;38239;Moirans;20;Risque technologique;21;Risque industriel;212;Effet de surpression;FAUX;;FAUX;;2012-03-27;2018-10-01;2018-11-02;;;2018-12-20;;;Opposable;2020-01-01;Approuvé;2020-01-01;2025-04-11
PPRT;Plan de Prévention des Risques Technologiques;51DDT20160006;PPRT C4 Suippes;Direction départementale des territoires;;;;44;GRAND EST;51;MARNE;51317;Laval-sur-Tourbe;20;Risque technologique;21;Risque industriel;212;Effet de surpression;FAUX;;FAUX;;2016-11-15;2018-01-05;2018-02-09;;;2018-05-09;;;Opposable;2020-01-01;Approuvé;2020-01-01;2025-04-09
PPRT;Plan de Prévention des Risques Technologiques;45DREAL20140004;ISOCHEM (Pithiviers);Direction régionale de l'environnement, de l'aménagement et du logement;;;;24;CENTRE-VAL DE LOIRE;45;LOIRET;45252;Pithiviers;20;Risque technologique;21;Risque industriel;212;Effet de surpression;FAUX;;FAUX;;2011-06-16;2014-09-20;2014-10-20;;;2014-12-08;;;Opposable;2020-01-01;Approuvé;2020-01-01;2025-04-03
PPRT;Plan de Prévention des Risques Technologiques;55DDT20210005;PPRT ROZELIER;Direction départementale des territoires;PPRT ROZELIER;;;44;GRAND EST;55;MEUSE;55105;Châtillon-sous-les-Côtes;20;Risque technologique;21;Risque industriel;213;Effet toxique;FAUX;;FAUX;;2017-11-15;;;;;2023-07-06;;;Opposable;2020-01-01;Approuvé;2020-01-01;2025-04-10
PPRT;Plan de Prévention des Risques Technologiques;33DREAL20130133;PPRT SAINT MEDARD;Direction régionale de l'environnement, de l'aménagement et du logement;;;;75;NOUVELLE-AQUITAINE;33;GIRONDE;33449;Saint-Médard-en-Jalles;20;Risque technologique;21;Risque industriel;211;Effet thermique;FAUX;;FAUX;;2009-12-15;;;;;2011-08-02;;;Opposable;2020-01-01;Approuvé;2020-01-01;2025-04-09
PPRT;Plan de Prévention des Risques Technologiques;76DREAL20140007;Saint Aubin les Elbeuf;Direction régionale de l'environnement, de l'aménagement et du logement;;;;28;NORMANDIE;76;SEINE-MARITIME;76486;Orival;20;Risque technologique;21;Risque industriel;212;Effet de surpression;FAUX;;FAUX;;2010-04-22;2013-09-16;2013-10-18;;;2013-12-02;;;Opposable;2020-01-01;Approuvé;2020-01-01;2025-04-09
PPRT;Plan de Prévention des Risques Technologiques;25DREAL20110021;PPRt SFPLJ;Direction régionale de l'environnement, de l'aménagement et du logement;SFPLJ;;;27;BOURGOGNE-FRANCHE-COMTE;25;DOUBS;25152;La Chevillotte;20;Risque technologique;21;Risque industriel;212;Effet de surpression;FAUX;;FAUX;;2007-12-20;2009-04-17;;;;2009-10-23;;;Opposable;2020-01-01;Approuvé;2020-01-01;2025-03-27
PPRT;Plan de Prévention des Risques Technologiques;13DDTM20210003;PPRT - dépôt pétrolier SNOI 2019;Direction départementale des territoires et de la mer;;;;93;PROVENCE-ALPES-COTE D'AZUR;13;BOUCHES-DU-RHONE;13039;Fos-sur-Mer;20;Risque technologique;21;Risque industriel;211;Effet thermique;FAUX;;FAUX;;2016-12-13;;;;;2019-06-12;;;Opposable;2020-01-01;Approuvé;2020-01-01;2025-04-08
PPRT;Plan de Prévention des Risques Technologiques;12DDT20120001;PPRT - SOBEGAL;Direction départementale des territoires;;;;76;OCCITANIE;12;AVEYRON;12137;Manhac;20;Risque technologique;21;Risque industriel;212;Effet de surpression;FAUX;;FAUX;;2009-06-10;;;;;2015-12-29;;;Opposable;2020-01-01;Approuvé;2020-01-01;2025-04-09
PPRT;Plan de Prévention des Risques Technologiques;44DDTM20110006;PPRT Montoir YARA-ELENGY-IDEA;Direction départementale des territoires et de la mer;PPRT de Montoir-de-Bretange;;;52;PAYS DE LA LOIRE;44;LOIRE-ATLANTIQUE;44103;Montoir-de-Bretagne;20;Risque technologique;21;Risque industriel;213;Effet toxique;FAUX;;FAUX;;2010-12-30;;;;;2015-09-30;;;Opposable;2020-01-01;Approuvé;2020-01-01;2025-04-04
PPRT;Plan de Prévention des Risques Technologiques;69DREAL20090002;01 PPRT de St Jean de Thurigneu;Direction régionale de l'environnement, de l'aménagement et du logement;St Jean de Thurigneux;;;84;AUVERGNE-RHONE-ALPES;01;AIN;01362;Saint-Jean-de-Thurigneux;20;Risque technologique;21;Risque industriel;212;Effet de surpression;FAUX;;FAUX;;2009-03-13;2010-09-08;2010-10-08;;;2011-01-21;;;Opposable;2020-01-01;Approuvé;2020-01-01;2017-05-10
PPRT;Plan de Prévention des Risques Technologiques;60DREAL20140001;STORENGY;Direction régionale de l'environnement, de l'aménagement et du logement;;;;32;HAUTS-DE-FRANCE;60;OISE;60351;Lataule;20;Risque technologique;21;Risque industriel;212;Effet de surpression;FAUX;;FAUX;;2012-12-19;2014-10-06;2014-11-06;;;2014-12-30;;;Opposable;2020-01-01;Approuvé;2020-01-01;2025-03-27
PPRT;Plan de Prévention des Risques Technologiques;40DREAL20130237;PPRT DRT Castets;Direction régionale de l'environnement, de l'aménagement et du logement;;;;75;NOUVELLE-AQUITAINE;40;LANDES;40075;Castets;20;Risque technologique;21;Risque industriel;213;Effet toxique;FAUX;;FAUX;;2010-02-10;2012-06-11;2012-07-26;;;2012-11-20;;;Opposable;2020-01-01;Approuvé;2020-01-01;2025-04-09
PPRT;Plan de Prévention des Risques Technologiques;69DREAL20170004;69 PPRT de Genay;Direction départementale des territoires;Genay;;;84;AUVERGNE-RHONE-ALPES;69;RHONE;69207;Saint-Germain-au-Mont-d'Or;20;Risque technologique;21;Risque industriel;212;Effet de surpression;FAUX;;FAUX;;2011-10-11;2011-06-23;2011-06-23;;;2014-11-10;;;Opposable;2020-01-01;Approuvé;2020-01-01;2014-11-10
PPRT;Plan de Prévention des Risques Technologiques;35DDTM20130001;PPRT de REDON;Direction départementale des territoires et de la mer;PPRT de REDON;;;53;BRETAGNE;35;ILLE-ET-VILAINE;35236;Redon;20;Risque technologique;21;Risque industriel;212;Effet de surpression;FAUX;;FAUX;;2008-12-02;2010-10-04;2010-11-03;;;2011-02-25;2013-06-28;;Caduque;2020-01-01;Annulé;2020-01-01;2025-02-06
PPRT;Plan de Prévention des Risques Technologiques;27DDTM20150001;NUFARM;Direction départementale des territoires et de la mer;;;;28;NORMANDIE;27;EURE;27599;Saint-Pierre-la-Garenne;20;Risque technologique;21;Risque industriel;212;Effet de surpression;FAUX;;FAUX;;2009-12-29;2012-06-11;2012-07-12;2013-04-08;;2012-12-12;;;Opposable;2020-01-01;Approuvé;2020-01-01;2025-04-10
PPRT;Plan de Prévention des Risques Technologiques;14DDTM20160002;PPRT Dépôts pétroliers côtiers;Direction départementale des territoires et de la mer;calvados;;;28;NORMANDIE;14;CALVADOS;14437;Mondeville;20;Risque technologique;21;Risque industriel;211;Effet thermique;FAUX;;FAUX;;2011-01-21;2014-11-17;2014-12-17;;;2015-05-14;;;Opposable;2020-01-01;Approuvé;2020-01-01;2025-04-09
PPRT;Plan de Prévention des Risques Technologiques;44DREAL20060002;PPRT TITANOBEL FRANCE - Riaillé;Direction régionale de l'environnement, de l'aménagement et du logement; PPRT Riaillé;;;52;PAYS DE LA LOIRE;44;LOIRE-ATLANTIQUE;44095;La Meilleraye-de-Bretagne;20;Risque technologique;21;Risque industriel;212;Effet de surpression;FAUX;;FAUX;;2006-05-18;;;;;2007-05-30;;;Opposable;2020-01-01;Approuvé;2020-01-01;2025-04-04
PPRT;Plan de Prévention des Risques Technologiques;76DREAL20150001;Saint-Pierre-lès-Elbeuf;Direction régionale de l'environnement, de l'aménagement et du logement;;;;28;NORMANDIE;76;SEINE-MARITIME;76640;Saint-Pierre-lès-Elbeuf;20;Risque technologique;21;Risque industriel;213;Effet toxique;FAUX;;FAUX;;2010-05-06;2014-02-24;2014-03-26;;;2014-06-03;;;Opposable;2020-01-01;Approuvé;2020-01-01;2025-04-09
PPRT;Plan de Prévention des Risques Technologiques;55DDT20210005;PPRT ROZELIER;Direction départementale des territoires;PPRT ROZELIER;;;44;GRAND EST;55;MEUSE;55045;Belrupt-en-Verdunois;20;Risque technologique;21;Risque industriel;213;Effet toxique;FAUX;;FAUX;;2017-11-15;;;;;2023-07-06;;;Opposable;2020-01-01;Approuvé;2020-01-01;2025-04-10
PPRT;Plan de Prévention des Risques Technologiques;PPRT_2022_0003;PPRT - Etablissement DGATT Bourges;Direction départementale des territoires;;;;;;18;CHER;18175;Ourouer-les-Bourdelins;20;Risque technologique;21;Risque industriel;214;Effet de projection;FAUX;;FAUX;;2020-11-06;;;;;2023-08-03;;;Opposable;2020-01-01;Approuvé;2020-01-01;2025-04-02
PPRT;Plan de Prévention des Risques Technologiques;40DREAL20130243;PPRT TIGF;Direction régionale de l'environnement, de l'aménagement et du logement;;;;75;NOUVELLE-AQUITAINE;40;LANDES;40080;Cazères-sur-l'Adour;20;Risque technologique;21;Risque industriel;212;Effet de surpression;FAUX;;FAUX;;2011-06-23;2012-11-05;2012-12-06;;;2013-04-08;;;Opposable;2020-01-01;Approuvé;2020-01-01;2025-04-09
PPRT;Plan de Prévention des Risques Technologiques;PPRT_2023_0007;PPRT - AREVA NC - Usine W - Comurhex;Direction régionale de l'environnement, de l'aménagement et du logement;;;;;;26;DROME;26235;Pierrelatte;20;Risque technologique;21;Risque industriel;211;Effet thermique;FAUX;;FAUX;;2012-12-28;;;;;2014-09-11;;;Opposable;2020-01-01;Approuvé;2020-01-01;2025-04-14
PPRT;Plan de Prévention des Risques Technologiques;01DREAL20170004;01 PPRT de Viriat;Direction régionale de l'environnement, de l'aménagement et du logement;Viriat;;;84;AUVERGNE-RHONE-ALPES;01;AIN;01451;Viriat;20;Risque technologique;21;Risque industriel;211;Effet thermique;FAUX;;FAUX;;2011-06-30;2013-12-16;2014-01-16;;;2014-05-20;;;Opposable;2020-01-01;Approuvé;2020-01-01;2020-02-14
PPRT;Plan de Prévention des Risques Technologiques;35DREAL20090007;PPRT TITANOBEL;Direction régionale de l'environnement, de l'aménagement et du logement;PPRT de PLEVIN;;;53;BRETAGNE;22;COTES-D'ARMOR;22373;Tréogan;20;Risque technologique;21;Risque industriel;212;Effet de surpression;FAUX;;FAUX;;2008-02-19;2009-09-16;2009-12-14;;;2009-12-28;;;Opposable;2020-01-01;Approuvé;2020-01-01;2025-04-10
PPRT;Plan de Prévention des Risques Technologiques;62DREAL20140006;PPRT STYROLUTION;Direction régionale de l'environnement, de l'aménagement et du logement;;;;32;HAUTS-DE-FRANCE;62;PAS-DE-CALAIS;62895;Wingles;20;Risque technologique;21;Risque industriel;212;Effet de surpression;FAUX;;FAUX;;2009-12-24;2011-11-28;2011-12-28;;;2012-04-17;;;Opposable;2020-01-01;Approuvé;2020-01-01;2025-04-04
PPRT;Plan de Prévention des Risques Technologiques;31DREAL20090007;PPRT - NEXTER Munitions;Direction régionale de l'environnement, de l'aménagement et du logement;PPRT NEXTER Munitions;;;76;OCCITANIE;65;HAUTES-PYRENEES;65100;Bordères-sur-l'Échez;20;Risque technologique;21;Risque industriel;212;Effet de surpression;FAUX;;FAUX;;2008-08-12;2012-02-08;2012-03-16;2012-10-23;;2012-07-10;;;Opposable;2020-01-01;Approuvé;2020-01-01;2025-04-17
;;69DDT20200003;Vallée de la chimie 2;;;;;;;;;69260;Vernaison;20;Risque technologique;21;Risque industriel;212;Effet de surpression;FAUX;;FAUX;;2019-12-27;;;;2021-02-04;;;;;;;;2021-02-05
PPRT;Plan de Prévention des Risques Technologiques;69DREAL20170001;69 PPRT de Chaponnay;Direction régionale de l'environnement, de l'aménagement et du logement;Chaponnay;;;84;AUVERGNE-RHONE-ALPES;69;RHONE;69283;Mions;20;Risque technologique;21;Risque industriel;213;Effet toxique;FAUX;;FAUX;;2010-12-23;2012-09-14;2012-10-14;;;2013-06-10;;;Opposable;2020-01-01;Approuvé;2020-01-01;2025-04-04
PPRT;Plan de Prévention des Risques Technologiques;38DDT20130012;NOVASEP-FINORGA - Chasse/Rhône;Direction départementale des territoires;;;;84;AUVERGNE-RHONE-ALPES;38;ISERE;69091;Givors;20;Risque technologique;21;Risque industriel;211;Effet thermique;FAUX;;FAUX;;2010-08-02;2013-06-10;2013-07-12;2013-12-13;;2013-10-15;;;Opposable;2020-01-01;Approuvé;2020-01-01;2025-04-04
PPRT;Plan de Prévention des Risques Technologiques;06DREAL20140007;PPRT - Primagaz [ Carros ] 2015;Direction régionale de l'environnement, de l'aménagement et du logement;;;;93;PROVENCE-ALPES-COTE D'AZUR;06;ALPES-MARITIMES;06033;Carros;20;Risque technologique;21;Risque industriel;211;Effet thermique;FAUX;;FAUX;;2009-10-16;;;;;2015-09-21;;2021-05-04;Caduque;2020-01-01;Abrogé;2020-01-01;2025-04-09
PPRT;Plan de Prévention des Risques Technologiques;76DREAL20150001;Saint-Pierre-lès-Elbeuf;Direction régionale de l'environnement, de l'aménagement et du logement;;;;28;NORMANDIE;76;SEINE-MARITIME;76231;Elbeuf;20;Risque technologique;21;Risque industriel;212;Effet de surpression;FAUX;;FAUX;;2010-05-06;2014-02-24;2014-03-26;;;2014-06-03;;;Opposable;2020-01-01;Approuvé;2020-01-01;2025-04-09
PPRT;Plan de Prévention des Risques Technologiques;60DREAL20140003;MOMENTIVE, INEOS et SECO;Direction régionale de l'environnement, de l'aménagement et du logement;;;;32;HAUTS-DE-FRANCE;60;OISE;60492;Pimprez;20;Risque technologique;21;Risque industriel;212;Effet de surpression;FAUX;;FAUX;;2009-09-24;2014-08-18;2014-09-18;;;2014-12-18;;;Opposable;2020-01-01;Approuvé;2020-01-01;2025-03-27
PPRT;Plan de Prévention des Risques Technologiques;13DREAL20140012;PPRT - LBSF [ Port de la Pointe ] 2015;Direction régionale de l'environnement, de l'aménagement et du logement;;;;93;PROVENCE-ALPES-COTE D'AZUR;13;BOUCHES-DU-RHONE;13014;Berre-l'Étang;20;Risque technologique;21;Risque industriel;212;Effet de surpression;FAUX;;FAUX;;2011-06-14;2014-11-03;2014-12-05;;;2015-04-28;;;Opposable;2020-01-01;Approuvé;2020-01-01;2025-04-09
PPRT;Plan de Prévention des Risques Technologiques;26DDT20120004;PPRT - TRICASTIN;Direction départementale des territoires;;;;84;AUVERGNE-RHONE-ALPES;26;DROME;26235;Pierrelatte;20;Risque technologique;21;Risque industriel;212;Effet de surpression;FAUX;;FAUX;;2011-03-04;;;;2012-12-28;;;;Caduque;2020-01-01;Déprescrit;2020-01-01;2025-03-28
PPRT;Plan de Prévention des Risques Technologiques;22DDTM20080005;PPR TOTALGAZ;Direction départementale des territoires et de la mer;;;;53;BRETAGNE;22;COTES-D'ARMOR;22203;Plœuc-L'Hermitage;20;Risque technologique;21;Risque industriel;212;Effet de surpression;FAUX;;FAUX;;2008-05-29;;;;;2014-03-27;;2023-10-13;Caduque;2020-01-01;Abrogé;2020-01-01;2024-06-27
PPRT;Plan de Prévention des Risques Technologiques;PPRT_2022_0003;PPRT - Etablissement DGATT Bourges;Direction départementale des territoires;;;;;;18;CHER;18027;Bengy-sur-Craon;20;Risque technologique;21;Risque industriel;214;Effet de projection;FAUX;;FAUX;;2020-11-06;;;;;2023-08-03;;;Opposable;2020-01-01;Approuvé;2020-01-01;2025-04-02
PPRT;Plan de Prévention des Risques Technologiques;38DDT20140007;Rév. ARKEMA AREVA-CEZUS-Jarrie;Direction départementale des territoires;;;;84;AUVERGNE-RHONE-ALPES;38;ISERE;38445;Saint-Pierre-de-Mésage;20;Risque technologique;21;Risque industriel;211;Effet thermique;VRAI;38DDT20140002;FAUX;;2011-12-21;2014-09-08;2014-10-09;;;2015-05-22;;;Opposable;2020-01-01;Approuvé;2020-01-01;2025-11-21
PPRT;Plan de Prévention des Risques Technologiques;76DDTM20150003;ZIP Petit et Grand Quevilly;Direction départementale des territoires et de la mer;;;;28;NORMANDIE;76;SEINE-MARITIME;76540;Rouen;20;Risque technologique;21;Risque industriel;212;Effet de surpression;FAUX;;FAUX;;2012-12-13;2017-09-20;2017-11-09;;;2018-01-25;;;Opposable;2020-01-01;Approuvé;2020-01-01;2025-04-09
PPRT;Plan de Prévention des Risques Technologiques;76DREAL20140008;Port Jérôme;Direction régionale de l'environnement, de l'aménagement et du logement;;;;28;NORMANDIE;76;SEINE-MARITIME;27485;Quillebeuf-sur-Seine;20;Risque technologique;21;Risque industriel;213;Effet toxique;FAUX;;FAUX;;2009-05-29;2014-04-14;2014-05-21;;;2014-08-07;;;Opposable;2020-01-01;Approuvé;2020-01-01;2025-04-04
PPRT;Plan de Prévention des Risques Technologiques;62DREAL20140002;PPRT SI GROUP;Direction régionale de l'environnement, de l'aménagement et du logement;;;;32;HAUTS-DE-FRANCE;62;PAS-DE-CALAIS;62310;Essars;20;Risque technologique;21;Risque industriel;211;Effet thermique;FAUX;;FAUX;;2009-12-07;2011-12-26;2012-01-27;;;2012-05-22;;;Opposable;2020-01-01;Approuvé;2020-01-01;2025-04-04
PPRT;Plan de Prévention des Risques Technologiques;60DREAL20140002;WEYLCHEM LAMOTTE;Direction régionale de l'environnement, de l'aménagement et du logement;;;;32;HAUTS-DE-FRANCE;60;OISE;60188;Cuise-la-Motte;20;Risque technologique;21;Risque industriel;211;Effet thermique;FAUX;;FAUX;;2010-10-12;2014-09-30;2014-11-05;;;2014-12-19;;;Opposable;2020-01-01;Approuvé;2020-01-01;2025-03-27
PPRT;Plan de Prévention des Risques Technologiques;59DREAL20090012;PPRT TITANOBEL ETH;Direction régionale de l'environnement, de l'aménagement et du logement;;;;32;HAUTS-DE-FRANCE;59;NORD;59559;Sebourg;20;Risque technologique;21;Risque industriel;212;Effet de surpression;FAUX;;FAUX;;2008-12-28;2008-12-19;2009-02-19;2010-11-24;;2009-06-02;;2012-07-06;Caduque;2020-01-01;Abrogé;2020-01-01;2024-07-24
PPRT;Plan de Prévention des Risques Technologiques;69DDT20200002;Vallée de la chimie;Direction départementale des territoires;;;;84;AUVERGNE-RHONE-ALPES;69;RHONE;69100;Irigny;20;Risque technologique;21;Risque industriel;211;Effet thermique;FAUX;;FAUX;;2015-04-21;;;;;2016-10-19;;;Opposable;2020-01-01;Approuvé;2020-01-01;2025-04-10
PPRT;Plan de Prévention des Risques Technologiques;62DREAL20140003;PPRT NORTANKING;Direction régionale de l'environnement, de l'aménagement et du logement;;;;32;HAUTS-DE-FRANCE;62;PAS-DE-CALAIS;62666;Pont-à-Vendin;20;Risque technologique;21;Risque industriel;212;Effet de surpression;FAUX;;FAUX;;2010-03-10;2012-12-17;2013-01-18;;;2013-04-05;;;Opposable;2020-01-01;Approuvé;2020-01-01;2025-04-04
PPRT;Plan de Prévention des Risques Technologiques;69DDT20200002;Vallée de la chimie;Direction départementale des territoires;;;;84;AUVERGNE-RHONE-ALPES;69;RHONE;69259;Vénissieux;20;Risque technologique;21;Risque industriel;212;Effet de surpression;FAUX;;FAUX;;2015-04-21;;;;;2016-10-19;;;Opposable;2020-01-01;Approuvé;2020-01-01;2025-04-10
PPRT;Plan de Prévention des Risques Technologiques;29DDTM20200001;Pyrotechnie Saint Nicolas;Direction départementale des territoires et de la mer;Pyrotechnie militaire;;;53;BRETAGNE;29;FINISTERE;29189;Plougastel-Daoulas;20;Risque technologique;21;Risque industriel;213;Effet toxique;FAUX;;FAUX;;2019-11-15;;;;;2025-06-06;;;Opposable;2020-01-01;Approuvé;2020-01-01;2025-07-15
PPRT;Plan de Prévention des Risques Technologiques;24DREAL20130011;PPRT POLYREY;Direction régionale de l'environnement, de l'aménagement et du logement;;;;75;NOUVELLE-AQUITAINE;24;DORDOGNE;24223;Lalinde;20;Risque technologique;21;Risque industriel;211;Effet thermique;FAUX;;FAUX;;2007-09-29;2009-05-12;;;;2009-09-14;;;Opposable;2020-01-01;Approuvé;2020-01-01;2025-04-09
PPRT;Plan de Prévention des Risques Technologiques;13DREAL20140004;PPRT - Fos Est 2018;Direction régionale de l'environnement, de l'aménagement et du logement;;;;93;PROVENCE-ALPES-COTE D'AZUR;13;BOUCHES-DU-RHONE;13039;Fos-sur-Mer;20;Risque technologique;21;Risque industriel;211;Effet thermique;FAUX;;FAUX;;2011-01-26;2017-11-06;2017-12-08;;;2018-03-30;;;Opposable;2020-01-01;Approuvé;2020-01-01;2025-04-09
PPRT;Plan de Prévention des Risques Technologiques;67DDT20140003;67 PPRT DEPOT DE MUNITIONS DE NEUBOURG;Direction départementale des territoires;;;;44;GRAND EST;67;BAS-RHIN;67292;Mietesheim;20;Risque technologique;21;Risque industriel;211;Effet thermique;FAUX;;FAUX;;2013-02-01;2015-08-17;2015-09-17;;;2015-12-18;;;Opposable;2020-01-01;Approuvé;2020-01-01;2025-04-09
PPRT;Plan de Prévention des Risques Technologiques;40DREAL20130240;PPRT MLPC Lesgor;Direction régionale de l'environnement, de l'aménagement et du logement;;;;75;NOUVELLE-AQUITAINE;40;LANDES;40151;Lesgor;20;Risque technologique;21;Risque industriel;212;Effet de surpression;FAUX;;FAUX;;2010-12-08;2011-11-14;2011-12-15;;;2012-04-05;;;Opposable;2020-01-01;Approuvé;2020-01-01;2025-04-09
PPRT;Plan de Prévention des Risques Technologiques;43PREF20100003;PPRT RECTICEL Mazeyrat d'Allier;Préfecture;;;;84;AUVERGNE-RHONE-ALPES;43;HAUTE-LOIRE;43112;Langeac;20;Risque technologique;21;Risque industriel;211;Effet thermique;FAUX;;FAUX;;2009-12-28;2011-10-10;2011-11-10;;;2011-12-20;;;Opposable;2020-01-01;Approuvé;2020-01-01;2025-04-09
PPRT;Plan de Prévention des Risques Technologiques;55DDT20210005;PPRT ROZELIER;Direction départementale des territoires;PPRT ROZELIER;;;44;GRAND EST;55;MEUSE;55045;Belrupt-en-Verdunois;20;Risque technologique;21;Risque industriel;211;Effet thermique;FAUX;;FAUX;;2017-11-15;;;;;2023-07-06;;;Opposable;2020-01-01;Approuvé;2020-01-01;2025-04-10
PPRT;Plan de Prévention des Risques Technologiques;71PREF20130065;Butagaz;Préfecture;Butagaz (71);;;27;BOURGOGNE-FRANCHE-COMTE;71;SAONE-ET-LOIRE;71512;Sennecey-le-Grand;20;Risque technologique;21;Risque industriel;211;Effet thermique;FAUX;;FAUX;;2010-12-08;2011-10-17;;;;2012-04-17;;;Opposable;2020-01-01;Approuvé;2020-01-01;2025-03-27
PPRT;Plan de Prévention des Risques Technologiques;45DREAL20140002;ND Logistics (Ormes);Direction régionale de l'environnement, de l'aménagement et du logement;;;;24;CENTRE-VAL DE LOIRE;45;LOIRET;45235;Ormes;20;Risque technologique;21;Risque industriel;212;Effet de surpression;FAUX;;FAUX;;2010-10-11;2013-04-29;2013-05-29;;;2013-09-30;;;Opposable;2020-01-01;Approuvé;2020-01-01;2014-03-18
PPRT;Plan de Prévention des Risques Technologiques;33DREAL20130132;PPRT AMBES SUD;Direction régionale de l'environnement, de l'aménagement et du logement;;;;75;NOUVELLE-AQUITAINE;33;GIRONDE;33434;Saint-Louis-de-Montferrand;20;Risque technologique;21;Risque industriel;213;Effet toxique;FAUX;;FAUX;;2010-11-10;;;;;2015-07-06;;;Opposable;2020-01-01;Approuvé;2020-01-01;2025-04-09
PPRT;Plan de Prévention des Risques Technologiques;69DREAL20170001;69 PPRT de Chaponnay;Direction régionale de l'environnement, de l'aménagement et du logement;Chaponnay;;;84;AUVERGNE-RHONE-ALPES;69;RHONE;69270;Chaponnay;20;Risque technologique;21;Risque industriel;211;Effet thermique;FAUX;;FAUX;;2010-12-23;2012-09-14;2012-10-14;;;2013-06-10;;;Opposable;2020-01-01;Approuvé;2020-01-01;2025-04-04
PPRT;Plan de Prévention des Risques Technologiques;13DREAL20140004;PPRT - Fos Est 2018;Direction régionale de l'environnement, de l'aménagement et du logement;;;;93;PROVENCE-ALPES-COTE D'AZUR;13;BOUCHES-DU-RHONE;13039;Fos-sur-Mer;20;Risque technologique;21;Risque industriel;212;Effet de surpression;FAUX;;FAUX;;2011-01-26;2017-11-06;2017-12-08;;;2018-03-30;;;Opposable;2020-01-01;Approuvé;2020-01-01;2025-04-09
PPRT;Plan de Prévention des Risques Technologiques;13DREAL20110046;PPRT - Eurenco [ Sorgues ] 2013 ;Direction départementale des territoires;;;;93;PROVENCE-ALPES-COTE D'AZUR;84;VAUCLUSE;84129;Sorgues;20;Risque technologique;21;Risque industriel;214;Effet de projection;FAUX;;FAUX;;2009-07-06;2013-06-10;2013-07-10;;;2013-12-13;;;Opposable;2020-01-01;Approuvé;2020-01-01;2025-04-09
PPRT;Plan de Prévention des Risques Technologiques;67DREAL20090005;68 PPRT DU PONT DE NEMOURS;Direction régionale de l'environnement, de l'aménagement et du logement;68 PPRT DU PONT DE NEMOURS;;;44;GRAND EST;68;HAUT-RHIN;68063;Cernay;20;Risque technologique;21;Risque industriel;213;Effet toxique;FAUX;;FAUX;;2008-12-22;2010-04-12;2010-05-17;;;2010-08-06;;;Opposable;2020-01-01;Approuvé;2020-01-01;2025-04-09
PPRT;Plan de Prévention des Risques Technologiques;44DDTM20140039;PPRT SFDM - La Chapelle-Launay;Direction départementale des territoires et de la mer;PPRT La Chapelle-Launay;;;52;PAYS DE LA LOIRE;44;LOIRE-ATLANTIQUE;44033;La Chapelle-Launay;20;Risque technologique;21;Risque industriel;212;Effet de surpression;FAUX;;FAUX;;2014-10-03;;;;;2017-02-02;;;Opposable;2020-01-01;Approuvé;2020-01-01;2025-04-04
PPRT;Plan de Prévention des Risques Technologiques;02DDT20150003;ROHM AND HAAS;Direction départementale des territoires;;;;32;HAUTS-DE-FRANCE;02;AISNE;02041;Autreville;20;Risque technologique;21;Risque industriel;211;Effet thermique;FAUX;;FAUX;;2012-12-21;;;;;2014-12-22;;;Opposable;2020-01-01;Approuvé;2020-01-01;2025-04-09
PPRT;Plan de Prévention des Risques Technologiques;38DDT20140007;Rév. ARKEMA AREVA-CEZUS-Jarrie;Direction départementale des territoires;;;;84;AUVERGNE-RHONE-ALPES;38;ISERE;38068;Champagnier;20;Risque technologique;21;Risque industriel;213;Effet toxique;VRAI;38DDT20140002;FAUX;;2011-12-21;2014-09-08;2014-10-09;;;2015-05-22;;;Opposable;2020-01-01;Approuvé;2020-01-01;2025-11-21
PPRT;Plan de Prévention des Risques Technologiques;69DREAL20170005;69 PPRT de Givors;Direction régionale de l'environnement, de l'aménagement et du logement;Givors;;;84;AUVERGNE-RHONE-ALPES;69;RHONE;69091;Givors;20;Risque technologique;21;Risque industriel;211;Effet thermique;FAUX;;FAUX;;2009-03-31;2012-09-24;2012-10-24;;;2013-10-24;;;Opposable;2020-01-01;Approuvé;2020-01-01;2025-04-04
;;69DDT20200003;Vallée de la chimie 2;;;;;;;;;69152;Pierre-Bénite;20;Risque technologique;21;Risque industriel;211;Effet thermique;FAUX;;FAUX;;2019-12-27;;;;2021-02-04;;;;;;;;2021-02-05
PPRT;Plan de Prévention des Risques Technologiques;38DDT20140007;Rév. ARKEMA AREVA-CEZUS-Jarrie;Direction départementale des territoires;;;;84;AUVERGNE-RHONE-ALPES;38;ISERE;38071;Champ-sur-Drac;20;Risque technologique;21;Risque industriel;212;Effet de surpression;VRAI;38DDT20140002;FAUX;;2011-12-21;2014-09-08;2014-10-09;;;2015-05-22;;;Opposable;2020-01-01;Approuvé;2020-01-01;2025-11-21
PPRT;Plan de Prévention des Risques Technologiques;40DREAL20130241;PPRT MLPC Rion des Landes;Direction régionale de l'environnement, de l'aménagement et du logement;;;;75;NOUVELLE-AQUITAINE;40;LANDES;40243;Rion-des-Landes;20;Risque technologique;21;Risque industriel;213;Effet toxique;FAUX;;FAUX;;2009-06-10;2011-07-11;2011-08-12;;;2011-11-28;;;Opposable;2020-01-01;Approuvé;2020-01-01;2025-04-09
;;PPRT_2025_0001;PPRT - SNF - Andrézieux-Bouthéon;;;;;;;;;42005;Andrézieux-Bouthéon;20;Risque technologique;21;Risque industriel;213;Effet toxique;FAUX;;FAUX;;2010-06-30;;;;;2012-12-20;;;;;;;2025-02-03
PPRT;Plan de Prévention des Risques Technologiques;38DDT20140002;ARKEMA AREVA-CEZUS - Jarrie;Direction départementale des territoires;;;;84;AUVERGNE-RHONE-ALPES;38;ISERE;38562;Vizille;20;Risque technologique;21;Risque industriel;212;Effet de surpression;FAUX;;VRAI;38DDT20140007;2010-06-14;2010-10-15;2010-11-15;;;2010-12-20;;2015-05-22;Caduque;2020-01-01;Abrogé;2020-01-01;2020-12-04
PPRT;Plan de Prévention des Risques Technologiques;68DREAL20140006;68 PPRT EPM;Direction régionale de l'environnement, de l'aménagement et du logement;68 PPRT EPM;;;44;GRAND EST;68;HAUT-RHIN;68154;Illzach;20;Risque technologique;21;Risque industriel;212;Effet de surpression;FAUX;;FAUX;;2009-07-20;2013-11-12;2013-12-13;;;2014-04-11;;;Opposable;2020-01-01;Approuvé;2020-01-01;2018-04-06
PPRT;Plan de Prévention des Risques Technologiques;38DDT20140002;ARKEMA AREVA-CEZUS - Jarrie;Direction départementale des territoires;;;;84;AUVERGNE-RHONE-ALPES;38;ISERE;38071;Champ-sur-Drac;20;Risque technologique;21;Risque industriel;212;Effet de surpression;FAUX;;VRAI;38DDT20140007;2010-06-14;2010-10-15;2010-11-15;;;2010-12-20;;2015-05-22;Caduque;2020-01-01;Abrogé;2020-01-01;2020-12-04
PPRT;Plan de Prévention des Risques Technologiques;38DDT20140004;TOTAL RAFFINAGE FRANCE-St-Quenti;Direction départementale des territoires;;;;84;AUVERGNE-RHONE-ALPES;38;ISERE;38553;Villefontaine;20;Risque technologique;21;Risque industriel;212;Effet de surpression;FAUX;;FAUX;;2009-07-07;2017-10-13;2017-11-13;;;2017-12-19;;;Opposable;2020-01-01;Approuvé;2020-01-01;2025-04-11
PPRT;Plan de Prévention des Risques Technologiques;59DREAL20090002;PPRT CALAIRE CHIMIE;Direction régionale de l'environnement, de l'aménagement et du logement;;;;32;HAUTS-DE-FRANCE;62;PAS-DE-CALAIS;62193;Calais;20;Risque technologique;21;Risque industriel;213;Effet toxique;FAUX;;FAUX;;2008-02-29;2011-09-27;2011-10-26;;;2011-12-23;;;Opposable;2020-01-01;Approuvé;2020-01-01;2025-04-04
PPRT;Plan de Prévention des Risques Technologiques;77DDT20130006;PPRT TOTAL GPN;Direction départementale des territoires;PPRT TOTAL GPN;;;11;ILE-DE-FRANCE;77;SEINE-ET-MARNE;77010;Aubepierre-Ozouer-le-Repos;20;Risque technologique;21;Risque industriel;211;Effet thermique;FAUX;;FAUX;;2009-12-21;2013-05-14;2013-06-13;;;2013-09-05;;;Opposable;2020-01-01;Approuvé;2020-01-01;2025-04-09
PPRT;Plan de Prévention des Risques Technologiques;30DDTM20060003;PPRT_DEULEP;Direction départementale des territoires et de la mer;;;;76;OCCITANIE;30;GARD;30258;Saint-Gilles;20;Risque technologique;21;Risque industriel;211;Effet thermique;FAUX;;FAUX;;2010-02-25;;;;;2012-12-06;;2022-09-26;Caduque;2020-01-01;Abrogé;2020-01-01;2024-08-27
PPRT;Plan de Prévention des Risques Technologiques;67DDT20140003;67 PPRT DEPOT DE MUNITIONS DE NEUBOURG;Direction départementale des territoires;;;;44;GRAND EST;67;BAS-RHIN;67087;Dauendorf;20;Risque technologique;21;Risque industriel;212;Effet de surpression;FAUX;;FAUX;;2013-02-01;2015-08-17;2015-09-17;;;2015-12-18;;;Opposable;2020-01-01;Approuvé;2020-01-01;2025-04-09
PPRT;Plan de Prévention des Risques Technologiques;37DREAL20140002;DE SANGOSSE (Mettray);Direction régionale de l'environnement, de l'aménagement et du logement;;;;24;CENTRE-VAL DE LOIRE;37;INDRE-ET-LOIRE;37152;Mettray;20;Risque technologique;21;Risque industriel;211;Effet thermique;FAUX;;FAUX;;2011-04-19;2016-06-20;2016-07-22;;;2016-10-24;;;Opposable;2020-01-01;Approuvé;2020-01-01;2025-04-16
PPRT;Plan de Prévention des Risques Technologiques;13DREAL20140005;PPRT - Fos Ouest 2023;Direction régionale de l'environnement, de l'aménagement et du logement;;;;93;PROVENCE-ALPES-COTE D'AZUR;13;BOUCHES-DU-RHONE;13078;Port-Saint-Louis-du-Rhône;20;Risque technologique;21;Risque industriel;213;Effet toxique;FAUX;;FAUX;;2012-12-03;;;;;2023-04-06;;;Opposable;2020-01-01;Approuvé;2020-01-01;2025-04-09
PPRT;Plan de Prévention des Risques Technologiques;13DREAL20140006;PPRT - Lavéra 2023;Direction régionale de l'environnement, de l'aménagement et du logement;;;;93;PROVENCE-ALPES-COTE D'AZUR;13;BOUCHES-DU-RHONE;13056;Martigues;20;Risque technologique;21;Risque industriel;212;Effet de surpression;FAUX;;FAUX;;2013-08-01;;;;;2023-05-15;;;Opposable;2020-01-01;Approuvé;2020-01-01;2025-04-09
PPRT;Plan de Prévention des Risques Technologiques;83DREAL20140146;PPRT - Site militaire [ Tourris ] 2014;Direction régionale de l'environnement, de l'aménagement et du logement;;;;93;PROVENCE-ALPES-COTE D'AZUR;83;VAR;83132;Solliès-Ville;20;Risque technologique;21;Risque industriel;212;Effet de surpression;FAUX;;FAUX;;2012-03-22;;;;;2014-03-06;;;Opposable;2020-01-01;Approuvé;2020-01-01;2025-04-15
PPRT;Plan de Prévention des Risques Technologiques;67DREAL20090004;67 PPRT TOTAL PETROCHEMICALS;Direction régionale de l'environnement, de l'aménagement et du logement;67 PPRT TOTAL PETROCHEMICALS;;;44;GRAND EST;67;BAS-RHIN;67345;Oberhoffen-sur-Moder;20;Risque technologique;21;Risque industriel;211;Effet thermique;FAUX;;FAUX;;2007-06-13;2008-10-13;2008-11-13;;;2009-06-12;;2018-04-20;Caduque;2020-01-01;Abrogé;2020-01-01;2018-08-31
PPRT;Plan de Prévention des Risques Technologiques;77DDT20130003;PPRT GAZECHIM CCMP GEREP;Direction départementale des territoires;PPRT GAZECHIM CCMP GEREP;;;11;ILE-DE-FRANCE;77;SEINE-ET-MARNE;77123;Compans;20;Risque technologique;21;Risque industriel;212;Effet de surpression;FAUX;;FAUX;;2014-02-06;;;;;2015-08-19;;;Opposable;2020-01-01;Approuvé;2020-01-01;2025-06-16
PPRT;Plan de Prévention des Risques Technologiques;51DDT20140004;PPRT SFDM - Parc B;Direction départementale des territoires;Cheniers;;;44;GRAND EST;51;MARNE;51268;Germinon;20;Risque technologique;21;Risque industriel;212;Effet de surpression;FAUX;;FAUX;;2013-05-02;;;;;2014-09-17;;;Opposable;2020-01-01;Approuvé;2020-01-01;2025-04-09
PPRT;Plan de Prévention des Risques Technologiques;77DDT20130006;PPRT TOTAL GPN;Direction départementale des territoires;PPRT TOTAL GPN;;;11;ILE-DE-FRANCE;77;SEINE-ET-MARNE;77211;Grandpuits-Bailly-Carrois;20;Risque technologique;21;Risque industriel;212;Effet de surpression;FAUX;;FAUX;;2009-12-21;2013-05-14;2013-06-13;;;2013-09-05;;;Opposable;2020-01-01;Approuvé;2020-01-01;2025-04-09
PPRT;Plan de Prévention des Risques Technologiques;35DREAL20090007;PPRT TITANOBEL;Direction régionale de l'environnement, de l'aménagement et du logement;PPRT de PLEVIN;;;53;BRETAGNE;22;COTES-D'ARMOR;22202;Plévin;20;Risque technologique;21;Risque industriel;212;Effet de surpression;FAUX;;FAUX;;2008-02-19;2009-09-16;2009-12-14;;;2009-12-28;;;Opposable;2020-01-01;Approuvé;2020-01-01;2025-04-10
PPRT;Plan de Prévention des Risques Technologiques;38DDT20140006;VENCOREX ISOCHEM - Pont-de-Claix;Direction départementale des territoires;;;;84;AUVERGNE-RHONE-ALPES;38;ISERE;38068;Champagnier;20;Risque technologique;21;Risque industriel;213;Effet toxique;FAUX;;FAUX;;2011-12-21;2018-03-23;2018-04-24;;;2018-06-27;;;Opposable;2020-01-01;Approuvé;2020-01-01;2025-04-11
PPRT;Plan de Prévention des Risques Technologiques;90DDT20160001;PPRT ANTARGAZ-FINAGAZ;Direction départementale des territoires;ANTARGAZ;;;27;BOURGOGNE-FRANCHE-COMTE;90;TERRITOIRE DE BELFORT;90072;Morvillars;20;Risque technologique;21;Risque industriel;211;Effet thermique;FAUX;;FAUX;;2008-04-24;2011-05-16;2011-06-18;;;2011-09-29;;2022-07-26;Caduque;2020-01-01;Abrogé;2020-01-01;2023-03-02
PPRT;Plan de Prévention des Risques Technologiques;86DREAL20090002;PPRT BUTAGAZ;Direction régionale de l'environnement, de l'aménagement et du logement;PPRT Butagaz;;;75;NOUVELLE-AQUITAINE;17;CHARENTE-MARITIME;17147;Écoyeux;20;Risque technologique;21;Risque industriel;211;Effet thermique;FAUX;;FAUX;;2008-12-31;2011-10-18;2011-11-19;2012-07-25;;2011-12-23;;;Opposable;2020-01-01;Approuvé;2020-01-01;2025-04-09
PPRT;Plan de Prévention des Risques Technologiques;51DREAL20090011;PPRT AIR LIQUIDE Richemont;Direction régionale de l'environnement, de l'aménagement et du logement;PPRT AIR LIQUIDE Richemont;;;44;GRAND EST;57;MOSELLE;57582;Richemont;20;Risque technologique;21;Risque industriel;211;Effet thermique;FAUX;;FAUX;;2008-05-06;2011-06-17;2011-07-17;;;2011-12-19;;;Opposable;2020-01-01;Approuvé;2020-01-01;2025-04-10
PPRT;Plan de Prévention des Risques Technologiques;73PREF20200036;PPRT-Ugitech;Préfecture;;;;84;AUVERGNE-RHONE-ALPES;73;SAVOIE;73303;Ugine;20;Risque technologique;24;Transport de marchandises dangereuses;;;FAUX;;FAUX;;2009-03-13;;;;;2011-12-11;;;Opposable;2020-01-01;Approuvé;2020-01-01;2025-04-04
PPRT;Plan de Prévention des Risques Technologiques;13DREAL20090005;PPRT - BUTAGAZ - Bollène 2008;Direction régionale de l'environnement, de l'aménagement et du logement;PPRT BUTAGAZ;;;93;PROVENCE-ALPES-COTE D'AZUR;84;VAUCLUSE;84019;Bollène;20;Risque technologique;21;Risque industriel;212;Effet de surpression;FAUX;;FAUX;;2007-01-24;2007-11-15;2007-11-15;;;2008-02-12;;2017-06-22;Caduque;2020-01-01;Abrogé;2020-01-01;2025-04-09
PPRT;Plan de Prévention des Risques Technologiques;76DDTM20150004;ZIP Petit-Couronne;Direction départementale des territoires et de la mer;;;;28;NORMANDIE;76;SEINE-MARITIME;76319;Grand-Couronne;20;Risque technologique;21;Risque industriel;211;Effet thermique;FAUX;;FAUX;;2012-12-13;2018-10-08;2018-11-29;;;2019-01-29;;;Opposable;2020-01-01;Approuvé;2020-01-01;2025-04-09
PPRT;Plan de Prévention des Risques Technologiques;44DREAL20090007;PPRt ODALIS - Mésanger;Direction régionale de l'environnement, de l'aménagement et du logement;PPRT  Mésanger;;;52;PAYS DE LA LOIRE;44;LOIRE-ATLANTIQUE;44096;Mésanger;20;Risque technologique;21;Risque industriel;211;Effet thermique;FAUX;;FAUX;;2008-05-13;;;;;2009-11-04;;;Opposable;2020-01-01;Approuvé;2020-01-01;2025-04-04
PPRT;Plan de Prévention des Risques Technologiques;39DREAL20140001;PPRt Solvay;Direction régionale de l'environnement, de l'aménagement et du logement;Solvay;;;27;BOURGOGNE-FRANCHE-COMTE;39;JURA;39101;Champvans;20;Risque technologique;21;Risque industriel;213;Effet toxique;FAUX;;FAUX;;2008-07-01;2009-09-17;;;;2010-02-24;;;Opposable;2020-01-01;Approuvé;2020-01-01;2025-04-04
PPRT;Plan de Prévention des Risques Technologiques;38DDT20140009;ADISSEO TOURMALINE-St-Clair-Rhôn;Direction départementale des territoires;38 et 69;;;84;AUVERGNE-RHONE-ALPES;38;ISERE;69064;Condrieu;20;Risque technologique;21;Risque industriel;213;Effet toxique;FAUX;;FAUX;;2012-02-09;2018-04-24;2018-05-24;;;2018-07-18;;;Opposable;2020-01-01;Approuvé;2020-01-01;2025-04-10
PPRT;Plan de Prévention des Risques Technologiques;38DDT20140007;Rév. ARKEMA AREVA-CEZUS-Jarrie;Direction départementale des territoires;;;;84;AUVERGNE-RHONE-ALPES;38;ISERE;38200;Jarrie;20;Risque technologique;21;Risque industriel;213;Effet toxique;VRAI;38DDT20140002;FAUX;;2011-12-21;2014-09-08;2014-10-09;;;2015-05-22;;;Opposable;2020-01-01;Approuvé;2020-01-01;2025-11-21
PPRT;Plan de Prévention des Risques Technologiques;76DREAL20150001;Saint-Pierre-lès-Elbeuf;Direction régionale de l'environnement, de l'aménagement et du logement;;;;28;NORMANDIE;76;SEINE-MARITIME;76165;Caudebec-lès-Elbeuf;20;Risque technologique;21;Risque industriel;213;Effet toxique;FAUX;;FAUX;;2010-05-06;2014-02-24;2014-03-26;;;2014-06-03;;;Opposable;2020-01-01;Approuvé;2020-01-01;2025-04-09
PPRT;Plan de Prévention des Risques Technologiques;72DDT20100021;PPRT-Alsétex;Direction départementale des territoires;;;;52;PAYS DE LA LOIRE;72;SARTHE;72167;Louailles;20;Risque technologique;21;Risque industriel;213;Effet toxique;FAUX;;FAUX;;2009-12-16;2012-09-17;2012-10-17;;;2013-07-12;;;Opposable;2020-01-01;Approuvé;2020-01-01;2025-04-04
PPRT;Plan de Prévention des Risques Technologiques;69DREAL20090007;51-PPRT FRANGAZ  Sillery;Direction régionale de l'environnement, de l'aménagement et du logement;51-PPRT FRANGAZ  Sillery;;;44;GRAND EST;51;MARNE;51536;Sillery;20;Risque technologique;21;Risque industriel;212;Effet de surpression;FAUX;;FAUX;;2009-03-16;;;;;2012-12-31;;2017-04-03;Caduque;2020-01-01;Abrogé;2020-01-01;2020-08-03
PPRT;Plan de Prévention des Risques Technologiques;41DREAL20140001;STORENGY (Céré-la-Ronde);Direction régionale de l'environnement, de l'aménagement et du logement;;;;24;CENTRE-VAL DE LOIRE;37;INDRE-ET-LOIRE;41217;Saint-Julien-de-Chédon;20;Risque technologique;21;Risque industriel;212;Effet de surpression;FAUX;;FAUX;;2012-08-06;2013-09-30;2013-10-31;;;2013-12-24;;;Opposable;2020-01-01;Approuvé;2020-01-01;2025-04-16
PPRT;Plan de Prévention des Risques Technologiques;45DREAL20140002;ND Logistics (Ormes);Direction régionale de l'environnement, de l'aménagement et du logement;;;;24;CENTRE-VAL DE LOIRE;45;LOIRET;45235;Ormes;20;Risque technologique;21;Risque industriel;211;Effet thermique;FAUX;;FAUX;;2010-10-11;2013-04-29;2013-05-29;;;2013-09-30;;;Opposable;2020-01-01;Approuvé;2020-01-01;2014-03-18
PPRT;Plan de Prévention des Risques Technologiques;73PREF20160027;PPRT-Thermphos;Préfecture;;;;84;AUVERGNE-RHONE-ALPES;73;SAVOIE;73231;Saint-Étienne-de-Cuines;20;Risque technologique;21;Risque industriel;211;Effet thermique;FAUX;;FAUX;;2009-12-31;;;;;2014-06-10;;;Opposable;2020-01-01;Approuvé;2020-01-01;2025-04-04
PPRT;Plan de Prévention des Risques Technologiques;PPRT_2024_0001;PPRT - dépôt de munitions de Canjuers 2015;Direction départementale des territoires et de la mer;;;;;;83;VAR;83082;Montferrat;20;Risque technologique;21;Risque industriel;214;Effet de projection;FAUX;;FAUX;;2013-12-19;;;;;2015-08-12;;;Opposable;2020-01-01;Approuvé;2020-01-01;2025-04-15
PPRT;Plan de Prévention des Risques Technologiques;60DREAL20140004;Hüttenes Albertus;Direction régionale de l'environnement, de l'aménagement et du logement;;;;32;HAUTS-DE-FRANCE;60;OISE;60056;Beaurepaire;20;Risque technologique;21;Risque industriel;211;Effet thermique;FAUX;;FAUX;;2009-10-26;2013-06-03;2013-07-03;;;2013-10-14;;;Opposable;2020-01-01;Approuvé;2020-01-01;2025-03-27
PPRT;Plan de Prévention des Risques Technologiques;45DREAL20090005;SYNTHRON (Auzouer-en-Touraine);Direction régionale de l'environnement, de l'aménagement et du logement;;;;24;CENTRE-VAL DE LOIRE;37;INDRE-ET-LOIRE;37010;Auzouer-en-Touraine;20;Risque technologique;21;Risque industriel;212;Effet de surpression;FAUX;;FAUX;;2008-03-06;2009-11-03;2009-12-04;;;2010-04-07;;;Opposable;2020-01-01;Approuvé;2020-01-01;2025-04-16
PPRT;Plan de Prévention des Risques Technologiques;57DDT20140007;Plate-forme Saint-Avold Nord;Direction départementale des territoires;Plate-forme Saint-Avold Nord;;;44;GRAND EST;57;MOSELLE;57765;Diesen;20;Risque technologique;21;Risque industriel;212;Effet de surpression;FAUX;;FAUX;;2009-03-26;2013-05-16;2013-06-17;;;2013-10-22;;;Opposable;2020-01-01;Approuvé;2020-01-01;2025-04-10
PPRT;Plan de Prévention des Risques Technologiques;51DDT20160006;PPRT C4 Suippes;Direction départementale des territoires;;;;44;GRAND EST;51;MARNE;51317;Laval-sur-Tourbe;20;Risque technologique;21;Risque industriel;214;Effet de projection;FAUX;;FAUX;;2016-11-15;2018-01-05;2018-02-09;;;2018-05-09;;;Opposable;2020-01-01;Approuvé;2020-01-01;2025-04-09
PPRT;Plan de Prévention des Risques Technologiques;45DREAL20090006;APPROSERVICE (Fossé);Direction régionale de l'environnement, de l'aménagement et du logement;;;;24;CENTRE-VAL DE LOIRE;41;LOIR-ET-CHER;41128;Marolles;20;Risque technologique;21;Risque industriel;211;Effet thermique;FAUX;;FAUX;;2007-10-05;2010-01-04;2010-02-05;;;2010-04-02;;;Opposable;2020-01-01;Approuvé;2020-01-01;2025-04-09
PPRT;Plan de Prévention des Risques Technologiques;11DDTM20120029;PPRT Port La Nouvelle Zone urbaine;Direction départementale des territoires et de la mer;Village;;;76;OCCITANIE;11;AUDE;11266;Port-la-Nouvelle;20;Risque technologique;21;Risque industriel;212;Effet de surpression;FAUX;;FAUX;;2010-06-23;;;;2014-08-29;;;;Caduque;2020-01-01;Déprescrit;2020-01-01;2025-02-13
PPRT;Plan de Prévention des Risques Technologiques;11DDTM20120030;PPRT - Titanobel;Direction régionale de l'environnement, de l'aménagement et du logement;Cuxac Cabardes;;;76;OCCITANIE;11;AUDE;11115;Cuxac-Cabardès;20;Risque technologique;21;Risque industriel;212;Effet de surpression;FAUX;;FAUX;;2009-09-23;2012-02-09;2012-03-12;;;2012-07-24;;;Opposable;2020-01-01;Approuvé;2020-01-01;2025-04-09
PPRT;Plan de Prévention des Risques Technologiques;45DREAL20090007;AXEREAL (ex-LIGEA) (Blois);Direction régionale de l'environnement, de l'aménagement et du logement;;;;24;CENTRE-VAL DE LOIRE;41;LOIR-ET-CHER;41018;Blois;20;Risque technologique;21;Risque industriel;213;Effet toxique;FAUX;;FAUX;;2007-07-16;2009-11-16;2009-12-17;;;2010-03-30;;;Opposable;2020-01-01;Approuvé;2020-01-01;2025-04-09
PPRT;Plan de Prévention des Risques Technologiques;76DREAL20090004;PPRT SNECMA Vernon;Direction régionale de l'environnement, de l'aménagement et du logement;PPRT SNECMA Vernon;;;28;NORMANDIE;27;EURE;27681;Vernon;20;Risque technologique;21;Risque industriel;212;Effet de surpression;FAUX;;FAUX;;2008-08-01;2011-11-14;2011-12-16;;;2012-08-31;;;Opposable;2020-01-01;Approuvé;2020-01-01;2025-04-04
PPRT;Plan de Prévention des Risques Technologiques;38DDT20140002;ARKEMA AREVA-CEZUS - Jarrie;Direction départementale des territoires;;;;84;AUVERGNE-RHONE-ALPES;38;ISERE;38059;Brié-et-Angonnes;20;Risque technologique;21;Risque industriel;212;Effet de surpression;FAUX;;VRAI;38DDT20140007;2010-06-14;2010-10-15;2010-11-15;;;2010-12-20;;2015-05-22;Caduque;2020-01-01;Abrogé;2020-01-01;2020-12-04
PPRT;Plan de Prévention des Risques Technologiques;62DREAL20140006;PPRT STYROLUTION;Direction régionale de l'environnement, de l'aménagement et du logement;;;;32;HAUTS-DE-FRANCE;62;PAS-DE-CALAIS;62573;Meurchin;20;Risque technologique;21;Risque industriel;213;Effet toxique;FAUX;;FAUX;;2009-12-24;2011-11-28;2011-12-28;;;2012-04-17;;;Opposable;2020-01-01;Approuvé;2020-01-01;2025-04-04
PPRT;Plan de Prévention des Risques Technologiques;26DDT20120004;PPRT - TRICASTIN;Direction départementale des territoires;;;;84;AUVERGNE-RHONE-ALPES;26;DROME;26235;Pierrelatte;20;Risque technologique;21;Risque industriel;211;Effet thermique;FAUX;;FAUX;;2011-03-04;;;;2012-12-28;;;;Caduque;2020-01-01;Déprescrit;2020-01-01;2025-03-28
PPRT;Plan de Prévention des Risques Technologiques;51DDT20140007;51-PPRT ECOLAB ;Direction départementale des territoires;Saint-Martin-sur-le-Pré;;;44;GRAND EST;51;MARNE;51108;Châlons-en-Champagne;20;Risque technologique;21;Risque industriel;211;Effet thermique;FAUX;;FAUX;;2009-09-30;;;;;2010-12-14;;;Opposable;2020-01-01;Approuvé;2020-01-01;2025-04-09
PPRT;Plan de Prévention des Risques Technologiques;55DDT20210005;PPRT ROZELIER;Direction départementale des territoires;PPRT ROZELIER;;;44;GRAND EST;55;MEUSE;55361;Moulainville;20;Risque technologique;21;Risque industriel;212;Effet de surpression;FAUX;;FAUX;;2017-11-15;;;;;2023-07-06;;;Opposable;2020-01-01;Approuvé;2020-01-01;2025-04-10
PPRT;Plan de Prévention des Risques Technologiques;31DREAL20140002;PPRT ARIANEGROUP (ex HERAKLES);Direction régionale de l'environnement, de l'aménagement et du logement;TOULOUSE;;;76;OCCITANIE;31;HAUTE-GARONNE;31555;Toulouse;20;Risque technologique;21;Risque industriel;213;Effet toxique;FAUX;;FAUX;;2011-11-08;2013-10-14;2013-11-29;;;2014-04-03;;;Opposable;2020-01-01;Approuvé;2020-01-01;2025-04-09
PPRT;Plan de Prévention des Risques Technologiques;51DREAL20090010;PPRT HUNTSMAN;Direction régionale de l'environnement, de l'aménagement et du logement;PPRT HUNTSMAN;;;44;GRAND EST;55;MEUSE;55054;Bislée;20;Risque technologique;21;Risque industriel;211;Effet thermique;FAUX;;FAUX;;2008-12-10;;;;;2011-03-28;;;Opposable;2020-01-01;Approuvé;2020-01-01;2025-04-10
PPRT;Plan de Prévention des Risques Technologiques;26DDT20120010;PPRT - STORENGY;Direction départementale des territoires;;;;84;AUVERGNE-RHONE-ALPES;26;DROME;26349;Tersanne;20;Risque technologique;21;Risque industriel;211;Effet thermique;FAUX;;FAUX;;2012-03-26;2015-06-08;;;;2015-10-22;;;Opposable;2020-01-01;Approuvé;2020-01-01;2025-04-09
PPRT;Plan de Prévention des Risques Technologiques;25DREAL20110021;PPRt SFPLJ;Direction régionale de l'environnement, de l'aménagement et du logement;SFPLJ;;;27;BOURGOGNE-FRANCHE-COMTE;25;DOUBS;25267;Gennes;20;Risque technologique;21;Risque industriel;212;Effet de surpression;FAUX;;FAUX;;2007-12-20;2009-04-17;;;;2009-10-23;;;Opposable;2020-01-01;Approuvé;2020-01-01;2025-03-27
PPRT;Plan de Prévention des Risques Technologiques;01DREAL20070001;01 PPRT de St Vulbas;Direction régionale de l'environnement, de l'aménagement et du logement;St Vulbas;;;84;AUVERGNE-RHONE-ALPES;01;AIN;01047;Blyes;20;Risque technologique;21;Risque industriel;211;Effet thermique;FAUX;;FAUX;;2017-12-01;;;;;2019-05-13;;;Opposable;2020-01-01;Approuvé;2020-01-01;2021-03-03
PPRT;Plan de Prévention des Risques Technologiques;83DREAL20140146;PPRT - Site militaire [ Tourris ] 2014;Direction régionale de l'environnement, de l'aménagement et du logement;;;;93;PROVENCE-ALPES-COTE D'AZUR;83;VAR;83131;Solliès-Toucas;20;Risque technologique;21;Risque industriel;212;Effet de surpression;FAUX;;FAUX;;2012-03-22;;;;;2014-03-06;;;Opposable;2020-01-01;Approuvé;2020-01-01;2025-04-15
PPRT;Plan de Prévention des Risques Technologiques;76DREAL20150001;Saint-Pierre-lès-Elbeuf;Direction régionale de l'environnement, de l'aménagement et du logement;;;;28;NORMANDIE;76;SEINE-MARITIME;27322;La Haye-Malherbe;20;Risque technologique;21;Risque industriel;213;Effet toxique;FAUX;;FAUX;;2010-05-06;2014-02-24;2014-03-26;;;2014-06-03;;;Opposable;2020-01-01;Approuvé;2020-01-01;2025-04-09
PPRT;Plan de Prévention des Risques Technologiques;44DREAL20060002;PPRT TITANOBEL FRANCE - Riaillé;Direction régionale de l'environnement, de l'aménagement et du logement; PPRT Riaillé;;;52;PAYS DE LA LOIRE;44;LOIRE-ATLANTIQUE;44144;Riaillé;20;Risque technologique;21;Risque industriel;212;Effet de surpression;FAUX;;FAUX;;2006-05-18;;;;;2007-05-30;;;Opposable;2020-01-01;Approuvé;2020-01-01;2025-04-04
PPRT;Plan de Prévention des Risques Technologiques;41DREAL20140005;STORENGY (Chémery-Soings);Direction régionale de l'environnement, de l'aménagement et du logement;;;;24;CENTRE-VAL DE LOIRE;41;LOIR-ET-CHER;41247;Soings-en-Sologne;20;Risque technologique;21;Risque industriel;212;Effet de surpression;FAUX;;FAUX;;2012-07-17;2015-10-19;2015-11-19;;;2016-02-19;;;Opposable;2020-01-01;Approuvé;2020-01-01;2025-04-09
PPRT;Plan de Prévention des Risques Technologiques;13DREAL20140005;PPRT - Fos Ouest 2023;Direction régionale de l'environnement, de l'aménagement et du logement;;;;93;PROVENCE-ALPES-COTE D'AZUR;13;BOUCHES-DU-RHONE;13004;Arles;20;Risque technologique;21;Risque industriel;213;Effet toxique;FAUX;;FAUX;;2012-12-03;;;;;2023-04-06;;;Opposable;2020-01-01;Approuvé;2020-01-01;2025-04-09
PPRT;Plan de Prévention des Risques Technologiques;38DDT20140002;ARKEMA AREVA-CEZUS - Jarrie;Direction départementale des territoires;;;;84;AUVERGNE-RHONE-ALPES;38;ISERE;38059;Brié-et-Angonnes;20;Risque technologique;21;Risque industriel;213;Effet toxique;FAUX;;VRAI;38DDT20140007;2010-06-14;2010-10-15;2010-11-15;;;2010-12-20;;2015-05-22;Caduque;2020-01-01;Abrogé;2020-01-01;2020-12-04
PPRT;Plan de Prévention des Risques Technologiques;16DDT20120005;PPRT Jas Hennessy;Direction départementale des territoires;;;;75;NOUVELLE-AQUITAINE;16;CHARENTE;16102;Cognac;20;Risque technologique;21;Risque industriel;212;Effet de surpression;FAUX;;FAUX;;2009-12-31;2011-04-18;2011-05-20;;;2011-07-28;;;Opposable;2020-01-01;Approuvé;2020-01-01;2025-04-09
PPRT;Plan de Prévention des Risques Technologiques;89DREAL20140004;Titanobel;Direction régionale de l'environnement, de l'aménagement et du logement;T itanobel (89) ;;;27;BOURGOGNE-FRANCHE-COMTE;89;YONNE;89255;Michery;20;Risque technologique;21;Risque industriel;213;Effet toxique;FAUX;;FAUX;;2010-07-09;;;;;2012-06-20;;;Opposable;2020-01-01;Approuvé;2020-01-01;2025-03-27
PPRT;Plan de Prévention des Risques Technologiques;21DDT20130001;TITANOBEL;Direction départementale des territoires;Titanobel (21);;;27;BOURGOGNE-FRANCHE-COMTE;21;COTE-D'OR;21398;Maxilly-sur-Saône;20;Risque technologique;21;Risque industriel;213;Effet toxique;FAUX;;FAUX;;2009-08-07;2011-11-08;2011-12-09;;;2012-06-29;;;Opposable;2020-01-01;Approuvé;2020-01-01;2025-04-02
PPRT;Plan de Prévention des Risques Technologiques;13DREAL20140013;PPRT - DAHER [ Arles ] 2014;Direction régionale de l'environnement, de l'aménagement et du logement;;;;93;PROVENCE-ALPES-COTE D'AZUR;13;BOUCHES-DU-RHONE;13004;Arles;20;Risque technologique;21;Risque industriel;211;Effet thermique;FAUX;;FAUX;;2010-09-06;2013-11-12;2013-12-13;;;2014-05-26;;;Opposable;2020-01-01;Approuvé;2020-01-01;2025-04-09
PPRT;Plan de Prévention des Risques Technologiques;2BDREAL20160001;PPRT Corse Expansif;Direction régionale de l'environnement, de l'aménagement et du logement;;;;94;CORSE;2B;HAUTE-CORSE;2B162;Moltifao;20;Risque technologique;21;Risque industriel;211;Effet thermique;FAUX;;FAUX;;2011-11-25;;;;;2015-12-29;;;Opposable;2020-01-01;Approuvé;2020-01-01;2025-03-25
PPRT;Plan de Prévention des Risques Technologiques;10DDT20140206;PPRT-Dislaub;Direction départementale des territoires;;;;44;GRAND EST;10;AUBE;10363;Saint-Thibault;20;Risque technologique;21;Risque industriel;211;Effet thermique;FAUX;;FAUX;;2009-05-13;;;;;2010-12-09;;;Opposable;2020-01-01;Approuvé;2020-01-01;2025-04-09
PPRT;Plan de Prévention des Risques Technologiques;2BDREAL20160001;PPRT Corse Expansif;Direction régionale de l'environnement, de l'aménagement et du logement;;;;94;CORSE;2B;HAUTE-CORSE;2B169;Morosaglia;20;Risque technologique;21;Risque industriel;212;Effet de surpression;FAUX;;FAUX;;2011-11-25;;;;;2015-12-29;;;Opposable;2020-01-01;Approuvé;2020-01-01;2025-03-25
PPRT;Plan de Prévention des Risques Technologiques;87DREAL20140001;PPRT Titanobel (révision);Direction régionale de l'environnement, de l'aménagement et du logement;;;;75;NOUVELLE-AQUITAINE;87;HAUTE-VIENNE;87016;Les Billanges;20;Risque technologique;21;Risque industriel;212;Effet de surpression;VRAI;87DREAL20090004;FAUX;;2010-09-30;2012-03-19;;;;2012-08-28;;;Opposable;2020-01-01;Approuvé;2020-01-01;2025-04-04
PPRT;Plan de Prévention des Risques Technologiques;69DDT20200002;Vallée de la chimie;Direction départementale des territoires;;;;84;AUVERGNE-RHONE-ALPES;69;RHONE;69260;Vernaison;20;Risque technologique;21;Risque industriel;213;Effet toxique;FAUX;;FAUX;;2015-04-21;;;;;2016-10-19;;;Opposable;2020-01-01;Approuvé;2020-01-01;2025-04-10
PPRT;Plan de Prévention des Risques Technologiques;51DDT20140004;PPRT SFDM - Parc B;Direction départementale des territoires;Cheniers;;;44;GRAND EST;51;MARNE;51146;Cheniers;20;Risque technologique;21;Risque industriel;212;Effet de surpression;FAUX;;FAUX;;2013-05-02;;;;;2014-09-17;;;Opposable;2020-01-01;Approuvé;2020-01-01;2025-04-09
PPRT;Plan de Prévention des Risques Technologiques;95DDT20130002;95-60-27 PPRT STORENGY;Direction départementale des territoires;;;;11;ILE-DE-FRANCE;95;VAL-D'OISE;95139;La Chapelle-en-Vexin;20;Risque technologique;21;Risque industriel;211;Effet thermique;FAUX;;FAUX;;2010-10-08;2013-05-30;2013-06-29;;;2013-12-13;;;Opposable;2020-01-01;Approuvé;2020-01-01;2025-04-04
PPRT;Plan de Prévention des Risques Technologiques;29DDTM20200001;Pyrotechnie Saint Nicolas;Direction départementale des territoires et de la mer;Pyrotechnie militaire;;;53;BRETAGNE;29;FINISTERE;29075;Guipavas;20;Risque technologique;21;Risque industriel;212;Effet de surpression;FAUX;;FAUX;;2019-11-15;;;;;2025-06-06;;;Opposable;2020-01-01;Approuvé;2020-01-01;2025-07-15
PPRT;Plan de Prévention des Risques Technologiques;59DDTM20130008;PPRT CAPELLE PIGMENTS;Direction départementale des territoires et de la mer;;;;32;HAUTS-DE-FRANCE;59;NORD;59279;Halluin;20;Risque technologique;21;Risque industriel;211;Effet thermique;FAUX;;FAUX;;2009-05-11;;;;2012-09-19;;;;Caduque;2020-01-01;Déprescrit;2020-01-01;2021-03-04
PPRT;Plan de Prévention des Risques Technologiques;13DREAL20140010;PPRT - Butagaz [ Rognac ] 2016;Direction régionale de l'environnement, de l'aménagement et du logement;;;;93;PROVENCE-ALPES-COTE D'AZUR;13;BOUCHES-DU-RHONE;13117;Vitrolles;20;Risque technologique;21;Risque industriel;211;Effet thermique;FAUX;;FAUX;;2009-11-10;2016-03-07;2016-04-11;;;2016-06-28;;;Opposable;2020-01-01;Approuvé;2020-01-01;2025-04-09
PPRT;Plan de Prévention des Risques Technologiques;40DREAL20140001;PPRT DE BISCARROSSE;Direction régionale de l'environnement, de l'aménagement et du logement;;;;75;NOUVELLE-AQUITAINE;40;LANDES;40108;Gastes;20;Risque technologique;21;Risque industriel;211;Effet thermique;FAUX;;FAUX;;2012-05-29;;;;;2013-10-08;;;Opposable;2020-01-01;Approuvé;2020-01-01;2025-04-09
PPRT;Plan de Prévention des Risques Technologiques;31DREAL20090012;PPRT FINAGAZ (Fenouillet);Direction régionale de l'environnement, de l'aménagement et du logement;FENOUILLET;;;76;OCCITANIE;31;HAUTE-GARONNE;31467;Saint-Alban;20;Risque technologique;21;Risque industriel;211;Effet thermique;FAUX;;FAUX;;2008-03-10;2017-01-31;2017-03-03;;;2017-06-26;;2018-10-19;Caduque;2020-01-01;Abrogé;2020-01-01;2020-01-15
PPRT;Plan de Prévention des Risques Technologiques;78DDT20130013;PPRT STORENGY Beynes;Direction départementale des territoires;;;;11;ILE-DE-FRANCE;78;YVELINES;78364;Marcq;20;Risque technologique;21;Risque industriel;211;Effet thermique;FAUX;;FAUX;;2010-11-08;2012-02-13;2012-03-21;;;2012-05-07;;;Opposable;2020-01-01;Approuvé;2020-01-01;2025-04-10
PPRT;Plan de Prévention des Risques Technologiques;13DREAL20140009;PPRT -  Brenntag [ Vitrolles ] 2013;Direction régionale de l'environnement, de l'aménagement et du logement;;;;93;PROVENCE-ALPES-COTE D'AZUR;13;BOUCHES-DU-RHONE;13117;Vitrolles;20;Risque technologique;21;Risque industriel;211;Effet thermique;FAUX;;FAUX;;2009-11-10;2013-05-13;2013-06-14;;;2013-11-04;;;Opposable;2020-01-01;Approuvé;2020-01-01;2025-04-09
PPRT;Plan de Prévention des Risques Technologiques;76DREAL20140008;Port Jérôme;Direction régionale de l'environnement, de l'aménagement et du logement;;;;28;NORMANDIE;76;SEINE-MARITIME;76499;Petiville;20;Risque technologique;21;Risque industriel;212;Effet de surpression;FAUX;;FAUX;;2009-05-29;2014-04-14;2014-05-21;;;2014-08-07;;;Opposable;2020-01-01;Approuvé;2020-01-01;2025-04-04
PPRT;Plan de Prévention des Risques Technologiques;62DREAL20140010;PPRT CECA;Direction régionale de l'environnement, de l'aménagement et du logement;;;;32;HAUTS-DE-FRANCE;62;PAS-DE-CALAIS;62817;Tilloy-lès-Mofflaines;20;Risque technologique;21;Risque industriel;213;Effet toxique;FAUX;;FAUX;;2009-08-11;2014-06-02;2014-07-04;;;2014-12-15;;;Opposable;2020-01-01;Approuvé;2020-01-01;2025-04-04
PPRT;Plan de Prévention des Risques Technologiques;77DDT20130005;PPRT STORENGY;Direction départementale des territoires;PPRT STORENGY;;;11;ILE-DE-FRANCE;77;SEINE-ET-MARNE;02339;Gandelu;20;Risque technologique;21;Risque industriel;211;Effet thermique;FAUX;;FAUX;;2010-10-13;;;;;2013-04-12;;;Opposable;2020-01-01;Approuvé;2020-01-01;2025-04-09
PPRT;Plan de Prévention des Risques Technologiques;972DEAL20200002;PPRT SARA-Antilles Gaz;Direction de l'environnement, de l'aménagement et du logement;;;;02;MARTINIQUE;972;MARTINIQUE;97213;Le Lamentin;20;Risque technologique;21;Risque industriel;213;Effet toxique;FAUX;;FAUX;;2009-06-08;;;;;2013-11-18;;;Opposable;2020-01-01;Approuvé;2020-01-01;2025-04-09
PPRT;Plan de Prévention des Risques Technologiques;50DDTM20110001;Société OMG Ultra Pure Chemicals;Direction départementale des territoires et de la mer;;;;28;NORMANDIE;50;MANCHE;50468;Saint-Fromond;20;Risque technologique;21;Risque industriel;213;Effet toxique;FAUX;;FAUX;;2011-09-26;;;;;2014-04-01;;;Opposable;2020-01-01;Approuvé;2020-01-01;2025-04-08
PPRT;Plan de Prévention des Risques Technologiques;31DREAL20090007;PPRT - NEXTER Munitions;Direction régionale de l'environnement, de l'aménagement et du logement;PPRT NEXTER Munitions;;;76;OCCITANIE;65;HAUTES-PYRENEES;65047;Aureilhan;20;Risque technologique;21;Risque industriel;211;Effet thermique;FAUX;;FAUX;;2008-08-12;2012-02-08;2012-03-16;2012-10-23;;2012-07-10;;;Opposable;2020-01-01;Approuvé;2020-01-01;2025-04-17
PPRT;Plan de Prévention des Risques Technologiques;80DREAL20140001;PPRt révisiant Amiens nord;Direction régionale de l'environnement, de l'aménagement et du logement;;;;32;HAUTS-DE-FRANCE;80;SOMME;80021;Amiens;20;Risque technologique;21;Risque industriel;212;Effet de surpression;VRAI;80DREAL20090002;FAUX;;2015-01-07;2016-02-01;2016-03-02;;;2016-07-08;;;Opposable;2020-01-01;Approuvé;2020-01-01;2025-04-04
PPRT;Plan de Prévention des Risques Technologiques;25DREAL20110020;PPRt Butagaz;Direction régionale de l'environnement, de l'aménagement et du logement;Butagaz;;;27;BOURGOGNE-FRANCHE-COMTE;25;DOUBS;25197;Deluz;20;Risque technologique;21;Risque industriel;211;Effet thermique;FAUX;;FAUX;;2008-03-04;2009-05-05;;;;2009-11-04;;;Opposable;2020-01-01;Approuvé;2020-01-01;2025-03-27
PPRT;Plan de Prévention des Risques Technologiques;80DREAL20090006;PPRT TOTALGAZ;Direction régionale de l'environnement, de l'aménagement et du logement;;;;32;HAUTS-DE-FRANCE;60;OISE;60533;Ressons-sur-Matz;20;Risque technologique;21;Risque industriel;212;Effet de surpression;FAUX;;FAUX;;2008-09-15;;;;;2010-04-02;;2013-04-25;Caduque;2020-01-01;Abrogé;2020-01-01;2025-03-27
PPRT;Plan de Prévention des Risques Technologiques;59DDTM20170004;PPRT dépôt pétrolier CAMBRAI D;Direction départementale des territoires et de la mer;;;;32;HAUTS-DE-FRANCE;59;NORD;59377;Marcoing;20;Risque technologique;21;Risque industriel;211;Effet thermique;FAUX;;FAUX;;2017-05-16;2020-09-01;2020-10-02;;;2020-11-14;;;Opposable;2020-01-01;Approuvé;2020-01-01;2025-04-10
PPRT;Plan de Prévention des Risques Technologiques;26DDT20100007;PPRT - CDH;Direction départementale des territoires;;;;84;AUVERGNE-RHONE-ALPES;26;DROME;26362;Valence;20;Risque technologique;21;Risque industriel;211;Effet thermique;FAUX;;FAUX;;2010-01-15;;;;2016-01-12;;;;Caduque;2020-01-01;Déprescrit;2020-01-01;2025-03-27
PPRT;Plan de Prévention des Risques Technologiques;38DDT20140007;Rév. ARKEMA AREVA-CEZUS-Jarrie;Direction départementale des territoires;;;;84;AUVERGNE-RHONE-ALPES;38;ISERE;38388;Saint-Georges-de-Commiers;20;Risque technologique;21;Risque industriel;211;Effet thermique;VRAI;38DDT20140002;FAUX;;2011-12-21;2014-09-08;2014-10-09;;;2015-05-22;;;Opposable;2020-01-01;Approuvé;2020-01-01;2025-11-21
PPRT;Plan de Prévention des Risques Technologiques;91DDT20130003;PPRT OM-Group;Direction départementale des territoires;;;;11;ILE-DE-FRANCE;91;ESSONNE;91540;Saint-Chéron;20;Risque technologique;21;Risque industriel;211;Effet thermique;FAUX;;FAUX;;2009-09-22;;;;;2012-07-12;;;Opposable;2020-01-01;Approuvé;2020-01-01;2025-04-09
PPRT;Plan de Prévention des Risques Technologiques;64DREAL20150001;PPRT - MOURENX/PARDIES (Modification);Direction régionale de l'environnement, de l'aménagement et du logement;MOURENX/PARDIES;;;75;NOUVELLE-AQUITAINE;64;PYRENEES-ATLANTIQUES;64418;Noguères;20;Risque technologique;21;Risque industriel;212;Effet de surpression;FAUX;;FAUX;;2011-02-08;;;;;2015-04-15;;;Opposable;2020-01-01;Approuvé;2020-01-01;2025-11-20
PPRT;Plan de Prévention des Risques Technologiques;64DDTM20170001;PPRt - SEDZERE;Direction départementale des territoires et de la mer;;;;75;NOUVELLE-AQUITAINE;64;PYRENEES-ATLANTIQUES;64212;Espéchède;20;Risque technologique;21;Risque industriel;211;Effet thermique;FAUX;;FAUX;;2017-01-20;;;;;2018-12-21;;;Opposable;2020-01-01;Approuvé;2020-01-01;2025-06-11
PPRT;Plan de Prévention des Risques Technologiques;51DREAL20090011;PPRT AIR LIQUIDE Richemont;Direction régionale de l'environnement, de l'aménagement et du logement;PPRT AIR LIQUIDE Richemont;;;44;GRAND EST;57;MOSELLE;57683;Uckange;20;Risque technologique;21;Risque industriel;213;Effet toxique;FAUX;;FAUX;;2008-05-06;2011-06-17;2011-07-17;;;2011-12-19;;;Opposable;2020-01-01;Approuvé;2020-01-01;2025-04-10
PPRT;Plan de Prévention des Risques Technologiques;45DREAL20140004;ISOCHEM (Pithiviers);Direction régionale de l'environnement, de l'aménagement et du logement;;;;24;CENTRE-VAL DE LOIRE;45;LOIRET;45252;Pithiviers;20;Risque technologique;21;Risque industriel;211;Effet thermique;FAUX;;FAUX;;2011-06-16;2014-09-20;2014-10-20;;;2014-12-08;;;Opposable;2020-01-01;Approuvé;2020-01-01;2025-04-03
PPRT;Plan de Prévention des Risques Technologiques;27DDTM20150001;NUFARM;Direction départementale des territoires et de la mer;;;;28;NORMANDIE;27;EURE;27473;Port-Mort;20;Risque technologique;21;Risque industriel;211;Effet thermique;FAUX;;FAUX;;2009-12-29;2012-06-11;2012-07-12;2013-04-08;;2012-12-12;;;Opposable;2020-01-01;Approuvé;2020-01-01;2025-04-10
PPRT;Plan de Prévention des Risques Technologiques;02DDT20150003;ROHM AND HAAS;Direction départementale des territoires;;;;32;HAUTS-DE-FRANCE;02;AISNE;02820;Viry-Noureuil;20;Risque technologique;21;Risque industriel;213;Effet toxique;FAUX;;FAUX;;2012-12-21;;;;;2014-12-22;;;Opposable;2020-01-01;Approuvé;2020-01-01;2025-04-09
PPRT;Plan de Prévention des Risques Technologiques;78DDT20130012;PPRT TOTAL Gargenville;Direction départementale des territoires;;;;11;ILE-DE-FRANCE;78;YVELINES;78314;Issou;20;Risque technologique;21;Risque industriel;211;Effet thermique;FAUX;;FAUX;;2009-06-15;;;;;2012-12-26;;;Opposable;2020-01-01;Approuvé;2020-01-01;2025-04-10
PPRT;Plan de Prévention des Risques Technologiques;13DREAL20110046;PPRT - Eurenco [ Sorgues ] 2013 ;Direction départementale des territoires;;;;93;PROVENCE-ALPES-COTE D'AZUR;84;VAUCLUSE;84092;Le Pontet;20;Risque technologique;21;Risque industriel;211;Effet thermique;FAUX;;FAUX;;2009-07-06;2013-06-10;2013-07-10;;;2013-12-13;;;Opposable;2020-01-01;Approuvé;2020-01-01;2025-04-09
PPRT;Plan de Prévention des Risques Technologiques;69DDT20200002;Vallée de la chimie;Direction départementale des territoires;;;;84;AUVERGNE-RHONE-ALPES;69;RHONE;69276;Feyzin;20;Risque technologique;21;Risque industriel;211;Effet thermique;FAUX;;FAUX;;2015-04-21;;;;;2016-10-19;;;Opposable;2020-01-01;Approuvé;2020-01-01;2025-04-10
PPRT;Plan de Prévention des Risques Technologiques;31DREAL20090006;PPRT - LACROIX (St Foy de Peyrolières);Direction régionale de l'environnement, de l'aménagement et du logement;SAINTE-FOY-DE-PEROLIERES;;;76;OCCITANIE;31;HAUTE-GARONNE;31101;Cambernard;20;Risque technologique;21;Risque industriel;211;Effet thermique;FAUX;;FAUX;;2008-10-07;2010-06-07;2010-07-07;;;2010-12-13;;;Opposable;2020-01-01;Approuvé;2020-01-01;2025-04-09
PPRT;Plan de Prévention des Risques Technologiques;77DDT20130003;PPRT GAZECHIM CCMP GEREP;Direction départementale des territoires;PPRT GAZECHIM CCMP GEREP;;;11;ILE-DE-FRANCE;77;SEINE-ET-MARNE;77123;Compans;20;Risque technologique;21;Risque industriel;211;Effet thermique;FAUX;;FAUX;;2014-02-06;;;;;2015-08-19;;;Opposable;2020-01-01;Approuvé;2020-01-01;2025-06-16
PPRT;Plan de Prévention des Risques Technologiques;73PREF20160026;PPRT-TRIMET;Préfecture;St Jean de Maurienne;;;84;AUVERGNE-RHONE-ALPES;73;SAVOIE;73135;La Tour-en-Maurienne;20;Risque technologique;21;Risque industriel;211;Effet thermique;FAUX;;FAUX;;2009-12-31;2012-01-04;2012-02-04;;;2012-04-11;;;Opposable;2020-01-01;Approuvé;2020-01-01;2025-04-04
PPRT;Plan de Prévention des Risques Technologiques;71DDT20150002;Stogaz;Direction départementale des territoires;Stogaz;;;27;BOURGOGNE-FRANCHE-COMTE;71;SAONE-ET-LOIRE;71270;Mâcon;20;Risque technologique;21;Risque industriel;212;Effet de surpression;FAUX;;FAUX;;2011-05-18;;;;;2012-05-16;;2018-09-10;Caduque;2020-01-01;Abrogé;2020-01-01;2022-07-05
PPRT;Plan de Prévention des Risques Technologiques;38DDT20140002;ARKEMA AREVA-CEZUS - Jarrie;Direction départementale des territoires;;;;84;AUVERGNE-RHONE-ALPES;38;ISERE;38528;Vaulnaveys-le-Bas;20;Risque technologique;21;Risque industriel;211;Effet thermique;FAUX;;VRAI;38DDT20140007;2010-06-14;2010-10-15;2010-11-15;;;2010-12-20;;2015-05-22;Caduque;2020-01-01;Abrogé;2020-01-01;2020-12-04
PPRT;Plan de Prévention des Risques Technologiques;79DDT20110046;PPRT EXPLOSIFS SEVRE ATLANTIQUE;Direction départementale des territoires;;;;75;NOUVELLE-AQUITAINE;79;DEUX-SEVRES;79120;La Ferrière-en-Parthenay;20;Risque technologique;21;Risque industriel;212;Effet de surpression;FAUX;;FAUX;;2009-10-20;2011-05-02;2011-06-03;;;2011-08-05;;;Opposable;2020-01-01;Approuvé;2020-01-01;2025-04-09
PPRT;Plan de Prévention des Risques Technologiques;75DRIEE_IF20090004;PPRT KERAGLASS;Direction Régionale et Interdépartementale de l'Environnement et de l'Énergie d'Ile-de-France;PPRT KERAGLASS;;;11;ILE-DE-FRANCE;77;SEINE-ET-MARNE;77016;Bagneaux-sur-Loing;20;Risque technologique;21;Risque industriel;212;Effet de surpression;FAUX;;FAUX;;2008-10-06;2010-03-22;2010-04-23;;;2010-08-10;;;Opposable;2020-01-01;Approuvé;2020-01-01;2025-04-09
PPRT;Plan de Prévention des Risques Technologiques;04DREAL20140003;PPRT - Arkema [ Saint-Auban ] 2017;Direction régionale de l'environnement, de l'aménagement et du logement;;;;93;PROVENCE-ALPES-COTE D'AZUR;04;ALPES-DE-HAUTE-PROVENCE;04079;L'Escale;20;Risque technologique;21;Risque industriel;212;Effet de surpression;FAUX;;FAUX;;2011-02-07;;;;;2017-03-15;;;Opposable;2020-01-01;Approuvé;2020-01-01;2025-10-16
PPRT;Plan de Prévention des Risques Technologiques;71PREF20130065;Butagaz;Préfecture;Butagaz (71);;;27;BOURGOGNE-FRANCHE-COMTE;71;SAONE-ET-LOIRE;71512;Sennecey-le-Grand;20;Risque technologique;21;Risque industriel;212;Effet de surpression;FAUX;;FAUX;;2010-12-08;2011-10-17;;;;2012-04-17;;;Opposable;2020-01-01;Approuvé;2020-01-01;2025-03-27
PPRT;Plan de Prévention des Risques Technologiques;49DDT20130001;PPRT EPC France St Crespin/Moine;Direction départementale des territoires;;;;52;PAYS DE LA LOIRE;49;MAINE-ET-LOIRE;44108;Mouzillon;20;Risque technologique;21;Risque industriel;212;Effet de surpression;FAUX;;FAUX;;2007-09-25;2013-06-18;2013-07-19;;;2013-10-28;;;Opposable;2020-01-01;Approuvé;2020-01-01;2025-04-04
PPRT;Plan de Prévention des Risques Technologiques;51DREAL20090004;PPRT de EPC FRANCE  ;Direction régionale de l'environnement, de l'aménagement et du logement;PPRT de EPC FRANCE  STE BARBE;;;44;GRAND EST;57;MOSELLE;57607;Sainte-Barbe;20;Risque technologique;21;Risque industriel;212;Effet de surpression;FAUX;;VRAI;57DDT20200003;2007-11-27;2009-12-09;2010-01-11;;;2010-05-10;;2014-08-11;Caduque;2020-01-01;Abrogé;2020-01-01;2025-01-27
PPRT;Plan de Prévention des Risques Technologiques;40DDTM20140001;PPRT LBC;Direction départementale des territoires et de la mer;;;;75;NOUVELLE-AQUITAINE;40;LANDES;40312;Tarnos;20;Risque technologique;21;Risque industriel;211;Effet thermique;FAUX;;FAUX;;2008-12-30;2012-11-12;2012-12-12;2013-10-03;;2013-04-05;;;Opposable;2020-01-01;Approuvé;2020-01-01;2025-01-16
PPRT;Plan de Prévention des Risques Technologiques;40DREAL20130239;PPRT GRANEL;Direction régionale de l'environnement, de l'aménagement et du logement;;;;75;NOUVELLE-AQUITAINE;40;LANDES;40152;Lesperon;20;Risque technologique;21;Risque industriel;212;Effet de surpression;FAUX;;FAUX;;2010-03-09;2011-09-12;2011-10-12;;;2011-12-23;;;Opposable;2020-01-01;Approuvé;2020-01-01;2025-04-09
PPRT;Plan de Prévention des Risques Technologiques;38DDT20140005;ROUSSILLON-SALAISE SUR SANNE;Direction départementale des territoires;;;;84;AUVERGNE-RHONE-ALPES;38;ISERE;38349;Sablons;20;Risque technologique;21;Risque industriel;212;Effet de surpression;FAUX;;FAUX;;2009-04-06;2014-01-27;2014-02-28;;;2014-07-09;;;Opposable;2020-01-01;Approuvé;2020-01-01;2017-06-09
PPRT;Plan de Prévention des Risques Technologiques;60DREAL20140001;STORENGY;Direction régionale de l'environnement, de l'aménagement et du logement;;;;32;HAUTS-DE-FRANCE;60;OISE;60191;Cuvilly;20;Risque technologique;21;Risque industriel;211;Effet thermique;FAUX;;FAUX;;2012-12-19;2014-10-06;2014-11-06;;;2014-12-30;;;Opposable;2020-01-01;Approuvé;2020-01-01;2025-03-27
PPRT;Plan de Prévention des Risques Technologiques;24DREAL20130012;PPRT BERGERAC ;Direction régionale de l'environnement, de l'aménagement et du logement;;;;75;NOUVELLE-AQUITAINE;24;DORDOGNE;24140;Cours-de-Pile;20;Risque technologique;21;Risque industriel;213;Effet toxique;FAUX;;FAUX;;2009-07-21;;;;;2011-06-30;;;Opposable;2020-01-01;Approuvé;2020-01-01;2025-04-09
PPRT;Plan de Prévention des Risques Technologiques;83DREAL20140006;PPRT - STOGAZ [ La Motte ] 2013;Direction régionale de l'environnement, de l'aménagement et du logement;;;;93;PROVENCE-ALPES-COTE D'AZUR;83;VAR;83085;La Motte;20;Risque technologique;21;Risque industriel;212;Effet de surpression;FAUX;;FAUX;;2010-10-13;2013-03-04;2013-04-05;;;2013-04-26;;;Opposable;2020-01-01;Approuvé;2020-01-01;2025-04-15
PPRT;Plan de Prévention des Risques Technologiques;33DDTM20200001;PPRTDGA-Airbus Safran;Direction départementale des territoires et de la mer;;;;75;NOUVELLE-AQUITAINE;33;GIRONDE;33273;Martignas-sur-Jalle;20;Risque technologique;21;Risque industriel;214;Effet de projection;FAUX;;FAUX;;2014-06-11;;;;;2017-06-09;;;Opposable;2020-01-01;Approuvé;2020-01-01;2025-04-09
PPRT;Plan de Prévention des Risques Technologiques;PPRT_2024_0001;PPRT - dépôt de munitions de Canjuers 2015;Direction départementale des territoires et de la mer;;;;;;83;VAR;83082;Montferrat;20;Risque technologique;21;Risque industriel;212;Effet de surpression;FAUX;;FAUX;;2013-12-19;;;;;2015-08-12;;;Opposable;2020-01-01;Approuvé;2020-01-01;2025-04-15
PPRT;Plan de Prévention des Risques Technologiques;14DDTM20160001;PPRT EPC France (Boulon);Direction départementale des territoires et de la mer;calvados;;;28;NORMANDIE;14;CALVADOS;14603;Saint-Laurent-de-Condel;20;Risque technologique;21;Risque industriel;212;Effet de surpression;FAUX;;FAUX;;2011-02-01;;;;;2013-04-03;;;Opposable;2020-01-01;Approuvé;2020-01-01;2025-04-10
PPRT;Plan de Prévention des Risques Technologiques;33DDTM20200002;PPRT de CAZEAUX;Direction départementale des territoires et de la mer;;;;75;NOUVELLE-AQUITAINE;33;GIRONDE;33529;La Teste-de-Buch;20;Risque technologique;21;Risque industriel;212;Effet de surpression;FAUX;;FAUX;;2012-11-27;;;;;2016-10-14;;;Opposable;2020-01-01;Approuvé;2020-01-01;2025-04-09
PPRT;Plan de Prévention des Risques Technologiques;67DREAL20140044;67 PPRT WAGRAM ;Direction régionale de l'environnement, de l'aménagement et du logement;67PPRT WAGRAM;;;44;GRAND EST;67;BAS-RHIN;67506;Vendenheim;20;Risque technologique;21;Risque industriel;212;Effet de surpression;FAUX;;FAUX;;2012-11-20;2014-08-25;2014-09-25;;;2014-12-31;;;Opposable;2020-01-01;Approuvé;2020-01-01;2025-04-09
PPRT;Plan de Prévention des Risques Technologiques;31DREAL20090010;PPRT TOTAL (Escalquens);Direction régionale de l'environnement, de l'aménagement et du logement;ESCALQUENS;;;76;OCCITANIE;31;HAUTE-GARONNE;31057;Belberaud;20;Risque technologique;21;Risque industriel;212;Effet de surpression;FAUX;;FAUX;;2009-04-09;2010-04-06;2010-05-07;;;2010-11-26;;2015-03-24;Caduque;2020-01-01;Abrogé;2020-01-01;2020-01-15
PPRT;Plan de Prévention des Risques Technologiques;64DREAL20150001;PPRT - MOURENX/PARDIES (Modification);Direction régionale de l'environnement, de l'aménagement et du logement;MOURENX/PARDIES;;;75;NOUVELLE-AQUITAINE;64;PYRENEES-ATLANTIQUES;64410;Mourenx;20;Risque technologique;21;Risque industriel;213;Effet toxique;FAUX;;FAUX;;2011-02-08;;;;;2015-04-15;;;Opposable;2020-01-01;Approuvé;2020-01-01;2025-11-20
PPRT;Plan de Prévention des Risques Technologiques;45DREAL20090005;SYNTHRON (Auzouer-en-Touraine);Direction régionale de l'environnement, de l'aménagement et du logement;;;;24;CENTRE-VAL DE LOIRE;37;INDRE-ET-LOIRE;37276;Villedômer;20;Risque technologique;21;Risque industriel;212;Effet de surpression;FAUX;;FAUX;;2008-03-06;2009-11-03;2009-12-04;;;2010-04-07;;;Opposable;2020-01-01;Approuvé;2020-01-01;2025-04-16
PPRT;Plan de Prévention des Risques Technologiques;47DREAL20130327;PPRT ATPM;Direction régionale de l'environnement, de l'aménagement et du logement;;;;75;NOUVELLE-AQUITAINE;47;LOT-ET-GARONNE;47117;Hautefage-la-Tour;20;Risque technologique;21;Risque industriel;212;Effet de surpression;FAUX;;FAUX;;2009-06-29;2010-03-29;2010-04-30;2011-02-15;;2010-06-21;;;Opposable;2020-01-01;Approuvé;2020-01-01;2025-04-09
;;PPRT_2025_0001;PPRT - SNF - Andrézieux-Bouthéon;;;;;;;;;42005;Andrézieux-Bouthéon;20;Risque technologique;21;Risque industriel;212;Effet de surpression;FAUX;;FAUX;;2010-06-30;;;;;2012-12-20;;;;;;;2025-02-03
PPRT;Plan de Prévention des Risques Technologiques;973DEAL20090003;PPRT SARA Kourou;Direction de l'environnement, de l'aménagement et du logement;PPRT SARA Kourou;;;03;GUYANE;973;GUYANE;97304;Kourou;20;Risque technologique;21;Risque industriel;211;Effet thermique;FAUX;;FAUX;;2008-03-10;2014-01-31;2014-03-07;;;2014-07-08;;;Opposable;2020-01-01;Approuvé;2020-01-01;2025-06-25
PPRT;Plan de Prévention des Risques Technologiques;26DDT20120006;PPRT - COVESTRO ELASTOMERS-EXSTO;Direction départementale des territoires;;;;84;AUVERGNE-RHONE-ALPES;26;DROME;26281;Romans-sur-Isère;20;Risque technologique;21;Risque industriel;211;Effet thermique;FAUX;;FAUX;;2011-01-20;2012-12-28;2013-01-28;;;2013-06-14;;;Opposable;2020-01-01;Approuvé;2020-01-01;2025-04-09
PPRT;Plan de Prévention des Risques Technologiques;83DREAL20140146;PPRT - Site militaire [ Tourris ] 2014;Direction régionale de l'environnement, de l'aménagement et du logement;;;;93;PROVENCE-ALPES-COTE D'AZUR;83;VAR;83103;Le Revest-les-Eaux;20;Risque technologique;21;Risque industriel;211;Effet thermique;FAUX;;FAUX;;2012-03-22;;;;;2014-03-06;;;Opposable;2020-01-01;Approuvé;2020-01-01;2025-04-15
PPRT;Plan de Prévention des Risques Technologiques;PPRT_2022_0003;PPRT - Etablissement DGATT Bourges;Direction départementale des territoires;;;;;;18;CHER;18175;Ourouer-les-Bourdelins;20;Risque technologique;21;Risque industriel;213;Effet toxique;FAUX;;FAUX;;2020-11-06;;;;;2023-08-03;;;Opposable;2020-01-01;Approuvé;2020-01-01;2025-04-02
PPRT;Plan de Prévention des Risques Technologiques;30DDTM20110001;PPRT - EPC (ex NITROBICKFORD);Direction départementale des territoires et de la mer;;;;76;OCCITANIE;30;GARD;30027;Bagard;20;Risque technologique;21;Risque industriel;213;Effet toxique;FAUX;;FAUX;;2009-07-17;;;;;2012-04-18;;;Opposable;2020-01-01;Approuvé;2020-01-01;2025-04-09
PPRT;Plan de Prévention des Risques Technologiques;59DREAL20090013;PPRT TITANOBEL OSTRICOURT;Direction régionale de l'environnement, de l'aménagement et du logement;;;;32;HAUTS-DE-FRANCE;59;NORD;59630;Wahagnies;20;Risque technologique;21;Risque industriel;212;Effet de surpression;FAUX;;FAUX;;2008-05-23;2010-10-19;2010-11-19;2012-01-23;;2011-04-27;;;Opposable;2020-01-01;Approuvé;2020-01-01;2025-04-04
PPRT;Plan de Prévention des Risques Technologiques;95DDT20130002;95-60-27 PPRT STORENGY;Direction départementale des territoires;;;;11;ILE-DE-FRANCE;95;VAL-D'OISE;95541;Saint-Clair-sur-Epte;20;Risque technologique;21;Risque industriel;211;Effet thermique;FAUX;;FAUX;;2010-10-08;2013-05-30;2013-06-29;;;2013-12-13;;;Opposable;2020-01-01;Approuvé;2020-01-01;2025-04-04
PPRT;Plan de Prévention des Risques Technologiques;13DREAL20110046;PPRT - Eurenco [ Sorgues ] 2013 ;Direction départementale des territoires;;;;93;PROVENCE-ALPES-COTE D'AZUR;84;VAUCLUSE;30351;Villeneuve-lès-Avignon;20;Risque technologique;21;Risque industriel;213;Effet toxique;FAUX;;FAUX;;2009-07-06;2013-06-10;2013-07-10;;;2013-12-13;;;Opposable;2020-01-01;Approuvé;2020-01-01;2025-04-09
PPRT;Plan de Prévention des Risques Technologiques;78DDT20130012;PPRT TOTAL Gargenville;Direction départementale des territoires;;;;11;ILE-DE-FRANCE;78;YVELINES;78402;Mézières-sur-Seine;20;Risque technologique;21;Risque industriel;211;Effet thermique;FAUX;;FAUX;;2009-06-15;;;;;2012-12-26;;;Opposable;2020-01-01;Approuvé;2020-01-01;2025-04-10
PPRT;Plan de Prévention des Risques Technologiques;95DDT20130001;95 PPRT NCS;Direction départementale des territoires;;;;11;ILE-DE-FRANCE;95;VAL-D'OISE;95604;Survilliers;20;Risque technologique;21;Risque industriel;213;Effet toxique;FAUX;;FAUX;;2009-12-23;2010-11-23;2010-12-03;;;2011-06-17;;;Opposable;2020-01-01;Approuvé;2020-01-01;2025-04-04
PPRT;Plan de Prévention des Risques Technologiques;67DREAL20090003;67 PPRT PORT AUX PETROLES DE STRASBOURG;Direction régionale de l'environnement, de l'aménagement et du logement;67 PPRT SES1, SES2, RUBIS STOCKAGE, PRR Port, PRODAIR, BOLLORE;;;44;GRAND EST;67;BAS-RHIN;67482;Strasbourg;20;Risque technologique;21;Risque industriel;212;Effet de surpression;FAUX;;FAUX;;2009-03-02;2013-02-25;2013-04-11;;;2013-11-28;;;Opposable;2020-01-01;Approuvé;2020-01-01;2025-04-09
PPRT;Plan de Prévention des Risques Technologiques;38DDT20140004;TOTAL RAFFINAGE FRANCE-St-Quenti;Direction départementale des territoires;;;;84;AUVERGNE-RHONE-ALPES;38;ISERE;38449;Saint-Quentin-Fallavier;20;Risque technologique;21;Risque industriel;211;Effet thermique;FAUX;;FAUX;;2009-07-07;2017-10-13;2017-11-13;;;2017-12-19;;;Opposable;2020-01-01;Approuvé;2020-01-01;2025-04-11
PPRT;Plan de Prévention des Risques Technologiques;01DREAL20070001;01 PPRT de St Vulbas;Direction régionale de l'environnement, de l'aménagement et du logement;St Vulbas;;;84;AUVERGNE-RHONE-ALPES;01;AIN;01047;Blyes;20;Risque technologique;21;Risque industriel;212;Effet de surpression;FAUX;;FAUX;;2017-12-01;;;;;2019-05-13;;;Opposable;2020-01-01;Approuvé;2020-01-01;2021-03-03
PPRT;Plan de Prévention des Risques Technologiques;31DREAL20090005;PPRT - LACROIX (Mazères);Direction régionale de l'environnement, de l'aménagement et du logement;Mazères;;;76;OCCITANIE;09;ARIEGE;09185;Mazères;20;Risque technologique;21;Risque industriel;212;Effet de surpression;FAUX;;FAUX;;2006-10-23;2010-01-04;;;;2010-07-09;;;Opposable;2020-01-01;Approuvé;2020-01-01;2025-04-09
PPRT;Plan de Prévention des Risques Technologiques;51DDT20160006;PPRT C4 Suippes;Direction départementale des territoires;;;;44;GRAND EST;51;MARNE;51491;Saint-Jean-sur-Tourbe;20;Risque technologique;21;Risque industriel;213;Effet toxique;FAUX;;FAUX;;2016-11-15;2018-01-05;2018-02-09;;;2018-05-09;;;Opposable;2020-01-01;Approuvé;2020-01-01;2025-04-09
PPRT;Plan de Prévention des Risques Technologiques;73PREF20160031;PPRT-Totalgaz;Préfecture;;;;84;AUVERGNE-RHONE-ALPES;73;SAVOIE;73121;Frontenex;20;Risque technologique;21;Risque industriel;212;Effet de surpression;FAUX;;FAUX;;2009-01-29;2013-11-06;2013-12-06;;;2014-04-22;;;Opposable;2020-01-01;Approuvé;2020-01-01;2025-04-04
PPRT;Plan de Prévention des Risques Technologiques;78DDT20130012;PPRT TOTAL Gargenville;Direction départementale des territoires;;;;11;ILE-DE-FRANCE;78;YVELINES;78402;Mézières-sur-Seine;20;Risque technologique;21;Risque industriel;212;Effet de surpression;FAUX;;FAUX;;2009-06-15;;;;;2012-12-26;;;Opposable;2020-01-01;Approuvé;2020-01-01;2025-04-10
PPRT;Plan de Prévention des Risques Technologiques;90DDT20160001;PPRT ANTARGAZ-FINAGAZ;Direction départementale des territoires;ANTARGAZ;;;27;BOURGOGNE-FRANCHE-COMTE;90;TERRITOIRE DE BELFORT;90017;Bourogne;20;Risque technologique;21;Risque industriel;211;Effet thermique;FAUX;;FAUX;;2008-04-24;2011-05-16;2011-06-18;;;2011-09-29;;2022-07-26;Caduque;2020-01-01;Abrogé;2020-01-01;2023-03-02
PPRT;Plan de Prévention des Risques Technologiques;31DREAL20090011;PPRT - TOTAL (Lespinasse);Direction régionale de l'environnement, de l'aménagement et du logement;LESPINASSE;;;76;OCCITANIE;31;HAUTE-GARONNE;31091;Bruguières;20;Risque technologique;21;Risque industriel;211;Effet thermique;FAUX;;FAUX;;2007-02-28;2011-09-15;2011-10-19;;;2012-04-03;;;Opposable;2020-01-01;Approuvé;2020-01-01;2025-04-09
PPRT;Plan de Prévention des Risques Technologiques;59DREAL20090011;PPRT SOGIF - WAZIERS;Direction régionale de l'environnement, de l'aménagement et du logement;;;;32;HAUTS-DE-FRANCE;59;NORD;59569;Sin-le-Noble;20;Risque technologique;21;Risque industriel;211;Effet thermique;FAUX;;FAUX;;2008-11-20;2010-09-01;2010-10-01;;;2010-11-23;;;Opposable;2020-01-01;Approuvé;2020-01-01;2025-04-10
PPRT;Plan de Prévention des Risques Technologiques;30DDTM20060004;PPRT - Distagri (ex De Sangosse);Direction départementale des territoires et de la mer;;;;76;OCCITANIE;30;GARD;30258;Saint-Gilles;20;Risque technologique;21;Risque industriel;213;Effet toxique;FAUX;;FAUX;;2010-02-25;;;;;2012-04-11;;;Opposable;2020-01-01;Approuvé;2020-01-01;2025-04-09
PPRT;Plan de Prévention des Risques Technologiques;17DDTM20140003;PPRT RHODIA;Direction départementale des territoires et de la mer;PPRT Rhodia;;;75;NOUVELLE-AQUITAINE;17;CHARENTE-MARITIME;17300;La Rochelle;20;Risque technologique;21;Risque industriel;213;Effet toxique;FAUX;;FAUX;;2009-12-29;2013-01-28;2013-03-04;2013-07-05;;2013-04-10;;;Opposable;2020-01-01;Approuvé;2020-01-01;2025-04-09
PPRT;Plan de Prévention des Risques Technologiques;77DDT20130006;PPRT TOTAL GPN;Direction départementale des territoires;PPRT TOTAL GPN;;;11;ILE-DE-FRANCE;77;SEINE-ET-MARNE;77211;Grandpuits-Bailly-Carrois;20;Risque technologique;21;Risque industriel;211;Effet thermique;FAUX;;FAUX;;2009-12-21;2013-05-14;2013-06-13;;;2013-09-05;;;Opposable;2020-01-01;Approuvé;2020-01-01;2025-04-09
PPRT;Plan de Prévention des Risques Technologiques;59DREAL20140001;PPRT Zone Industrialo-Portuaire;Direction régionale de l'environnement, de l'aménagement et du logement;;;;32;HAUTS-DE-FRANCE;59;NORD;59183;Dunkerque;20;Risque technologique;21;Risque industriel;211;Effet thermique;FAUX;;FAUX;;2009-02-20;2015-10-06;2015-11-06;;;2015-12-28;;;Opposable;2020-01-01;Approuvé;2020-01-01;2025-04-10
PPRT;Plan de Prévention des Risques Technologiques;76DDTM20150005;ZIP Le Havre;Direction départementale des territoires et de la mer;;;;28;NORMANDIE;76;SEINE-MARITIME;76305;Gonfreville-l'Orcher;20;Risque technologique;21;Risque industriel;213;Effet toxique;FAUX;;FAUX;;2010-02-17;2016-05-26;2016-07-12;;;2016-10-17;;;Opposable;2020-01-01;Approuvé;2020-01-01;2019-09-09
PPRT;Plan de Prévention des Risques Technologiques;38DDT20130012;NOVASEP-FINORGA - Chasse/Rhône;Direction départementale des territoires;;;;84;AUVERGNE-RHONE-ALPES;38;ISERE;38087;Chasse-sur-Rhône;20;Risque technologique;21;Risque industriel;213;Effet toxique;FAUX;;FAUX;;2010-08-02;2013-06-10;2013-07-12;2013-12-13;;2013-10-15;;;Opposable;2020-01-01;Approuvé;2020-01-01;2025-04-04
PPRT;Plan de Prévention des Risques Technologiques;04DREAL20140003;PPRT - Arkema [ Saint-Auban ] 2017;Direction régionale de l'environnement, de l'aménagement et du logement;;;;93;PROVENCE-ALPES-COTE D'AZUR;04;ALPES-DE-HAUTE-PROVENCE;04049;Château-Arnoux-Saint-Auban;20;Risque technologique;21;Risque industriel;212;Effet de surpression;FAUX;;FAUX;;2011-02-07;;;;;2017-03-15;;;Opposable;2020-01-01;Approuvé;2020-01-01;2025-10-16
PPRT;Plan de Prévention des Risques Technologiques;80DREAL20140001;PPRt révisiant Amiens nord;Direction régionale de l'environnement, de l'aménagement et du logement;;;;32;HAUTS-DE-FRANCE;80;SOMME;80024;Argœuves;20;Risque technologique;21;Risque industriel;211;Effet thermique;VRAI;80DREAL20090002;FAUX;;2015-01-07;2016-02-01;2016-03-02;;;2016-07-08;;;Opposable;2020-01-01;Approuvé;2020-01-01;2025-04-04
PPRT;Plan de Prévention des Risques Technologiques;77DDT20130003;PPRT GAZECHIM CCMP GEREP;Direction départementale des territoires;PPRT GAZECHIM CCMP GEREP;;;11;ILE-DE-FRANCE;77;SEINE-ET-MARNE;77123;Compans;20;Risque technologique;21;Risque industriel;213;Effet toxique;FAUX;;FAUX;;2014-02-06;;;;;2015-08-19;;;Opposable;2020-01-01;Approuvé;2020-01-01;2025-06-16
PPRT;Plan de Prévention des Risques Technologiques;63DREAL20090004;PPRT ROCKWOOL ISOLATION ST ELOY;Direction régionale de l'environnement, de l'aménagement et du logement;St Eloy les Mines;;;84;AUVERGNE-RHONE-ALPES;63;PUY-DE-DOME;63338;Saint-Éloy-les-Mines;20;Risque technologique;21;Risque industriel;213;Effet toxique;FAUX;;FAUX;;2008-12-19;2010-04-19;2010-05-19;;;2010-06-14;;;Opposable;2020-01-01;Approuvé;2020-01-01;2025-04-09
PPRT;Plan de Prévention des Risques Technologiques;973DEAL20160001;PPRT Montagne des serpents;Direction de l'environnement, de l'aménagement et du logement;;;;03;GUYANE;973;GUYANE;97310;Roura;20;Risque technologique;21;Risque industriel;211;Effet thermique;FAUX;;FAUX;;2013-01-14;;;;;2024-06-05;;;Opposable;2020-01-01;Approuvé;2020-01-01;2025-06-24
PPRT;Plan de Prévention des Risques Technologiques;61DDT20130001;PPR-T - des Rives d'Andaine;Direction départementale des territoires;;;;28;NORMANDIE;61;ORNE;61482;Tessé-Froulay;20;Risque technologique;21;Risque industriel;213;Effet toxique;FAUX;;FAUX;;2010-12-17;2012-10-08;2012-11-09;;;2013-02-05;;;Opposable;2020-01-01;Approuvé;2020-01-01;2025-04-10
PPRT;Plan de Prévention des Risques Technologiques;59DREAL20090008;PPRT NITROBICKFORD;Direction régionale de l'environnement, de l'aménagement et du logement;;;;32;HAUTS-DE-FRANCE;59;NORD;59239;Flines-lez-Raches;20;Risque technologique;21;Risque industriel;212;Effet de surpression;FAUX;;FAUX;;2008-05-19;2010-01-25;2010-02-26;2010-07-12;;2010-07-12;;;Opposable;2020-01-01;Approuvé;2020-01-01;2025-04-10
PPRT;Plan de Prévention des Risques Technologiques;04DREAL20140005;PPRT - Sanofi [ Sisteron ] 2011;Direction régionale de l'environnement, de l'aménagement et du logement;;;;93;PROVENCE-ALPES-COTE D'AZUR;04;ALPES-DE-HAUTE-PROVENCE;04209;Sisteron;20;Risque technologique;21;Risque industriel;212;Effet de surpression;FAUX;;FAUX;;2009-08-28;2011-09-28;2011-10-28;2012-03-26;;2011-12-28;;;Opposable;2020-01-01;Approuvé;2020-01-01;2025-11-18
PPRT;Plan de Prévention des Risques Technologiques;57DDT20140007;Plate-forme Saint-Avold Nord;Direction départementale des territoires;Plate-forme Saint-Avold Nord;;;44;GRAND EST;57;MOSELLE;57765;Diesen;20;Risque technologique;21;Risque industriel;213;Effet toxique;FAUX;;FAUX;;2009-03-26;2013-05-16;2013-06-17;;;2013-10-22;;;Opposable;2020-01-01;Approuvé;2020-01-01;2025-04-10
PPRT;Plan de Prévention des Risques Technologiques;72DDT20100021;PPRT-Alsétex;Direction départementale des territoires;;;;52;PAYS DE LA LOIRE;72;SARTHE;72244;Précigné;20;Risque technologique;21;Risque industriel;213;Effet toxique;FAUX;;FAUX;;2009-12-16;2012-09-17;2012-10-17;;;2013-07-12;;;Opposable;2020-01-01;Approuvé;2020-01-01;2025-04-04
PPRT;Plan de Prévention des Risques Technologiques;38DDT20140007;Rév. ARKEMA AREVA-CEZUS-Jarrie;Direction départementale des territoires;;;;84;AUVERGNE-RHONE-ALPES;38;ISERE;38317;Le Pont-de-Claix;20;Risque technologique;21;Risque industriel;211;Effet thermique;VRAI;38DDT20140002;FAUX;;2011-12-21;2014-09-08;2014-10-09;;;2015-05-22;;;Opposable;2020-01-01;Approuvé;2020-01-01;2025-11-21
PPRT;Plan de Prévention des Risques Technologiques;60DREAL20140010;"Kuene ; Nagel - Bresle";Direction régionale de l'environnement, de l'aménagement et du logement;;;;32;HAUTS-DE-FRANCE;60;OISE;60103;Bresles;20;Risque technologique;21;Risque industriel;213;Effet toxique;FAUX;;FAUX;;2009-12-15;2010-09-14;2010-10-14;;;2011-01-10;;;Opposable;2020-01-01;Approuvé;2020-01-01;2025-03-27
PPRT;Plan de Prévention des Risques Technologiques;67DREAL20140037;67 PPRT ROHM AND HAAS;Direction régionale de l'environnement, de l'aménagement et du logement;67 PPRT ROHM AND HAAS;;;44;GRAND EST;67;BAS-RHIN;67261;Lauterbourg;20;Risque technologique;21;Risque industriel;212;Effet de surpression;FAUX;;FAUX;;2010-03-17;2013-09-12;2013-10-11;;;2014-01-21;;;Opposable;2020-01-01;Approuvé;2020-01-01;2025-04-09
PPRT;Plan de Prévention des Risques Technologiques;73PREF20160027;PPRT-Thermphos;Préfecture;;;;84;AUVERGNE-RHONE-ALPES;73;SAVOIE;73231;Saint-Étienne-de-Cuines;20;Risque technologique;21;Risque industriel;212;Effet de surpression;FAUX;;FAUX;;2009-12-31;;;;;2014-06-10;;;Opposable;2020-01-01;Approuvé;2020-01-01;2025-04-04
PPRT;Plan de Prévention des Risques Technologiques;31DREAL20090010;PPRT TOTAL (Escalquens);Direction régionale de l'environnement, de l'aménagement et du logement;ESCALQUENS;;;76;OCCITANIE;31;HAUTE-GARONNE;31169;Escalquens;20;Risque technologique;21;Risque industriel;211;Effet thermique;FAUX;;FAUX;;2009-04-09;2010-04-06;2010-05-07;;;2010-11-26;;2015-03-24;Caduque;2020-01-01;Abrogé;2020-01-01;2020-01-15
PPRT;Plan de Prévention des Risques Technologiques;04DREAL20140003;PPRT - Arkema [ Saint-Auban ] 2017;Direction régionale de l'environnement, de l'aménagement et du logement;;;;93;PROVENCE-ALPES-COTE D'AZUR;04;ALPES-DE-HAUTE-PROVENCE;04116;Les Mées;20;Risque technologique;21;Risque industriel;213;Effet toxique;FAUX;;FAUX;;2011-02-07;;;;;2017-03-15;;;Opposable;2020-01-01;Approuvé;2020-01-01;2025-10-16
PPRT;Plan de Prévention des Risques Technologiques;91DDT20130011;SFDM parc A;Direction départementale des territoires;;;;11;ILE-DE-FRANCE;91;ESSONNE;91293;Guigneville-sur-Essonne;20;Risque technologique;21;Risque industriel;211;Effet thermique;FAUX;;FAUX;;2012-12-21;;;;;2015-03-06;;;Opposable;2020-01-01;Approuvé;2020-01-01;2025-04-09
PPRT;Plan de Prévention des Risques Technologiques;67DREAL20140034;67 PPRT DOW AGROSCIENCES;Direction régionale de l'environnement, de l'aménagement et du logement;67 PPRT DOW AGROSCIENCES;;;44;GRAND EST;67;BAS-RHIN;67106;Drusenheim;20;Risque technologique;21;Risque industriel;211;Effet thermique;FAUX;;FAUX;;2009-10-30;2011-03-28;2011-04-28;;;2011-10-04;;;Opposable;2020-01-01;Approuvé;2020-01-01;2025-04-09
PPRT;Plan de Prévention des Risques Technologiques;63DREAL20140002;PPRT SANOFI Vertolaye;Direction régionale de l'environnement, de l'aménagement et du logement;Vertolaye;;;84;AUVERGNE-RHONE-ALPES;63;PUY-DE-DOME;63207;Marat;20;Risque technologique;21;Risque industriel;213;Effet toxique;FAUX;;FAUX;;2010-06-14;2014-01-13;;;;2014-04-04;;;Opposable;2020-01-01;Approuvé;2020-01-01;2025-04-09
PPRT;Plan de Prévention des Risques Technologiques;38DDT20140006;VENCOREX ISOCHEM - Pont-de-Claix;Direction départementale des territoires;;;;84;AUVERGNE-RHONE-ALPES;38;ISERE;38151;Échirolles;20;Risque technologique;21;Risque industriel;212;Effet de surpression;FAUX;;FAUX;;2011-12-21;2018-03-23;2018-04-24;;;;2018-06-27;;Caduque;2020-01-01;Annulé;2020-01-01;2025-04-11
PPRT;Plan de Prévention des Risques Technologiques;60DREAL20140002;WEYLCHEM LAMOTTE;Direction régionale de l'environnement, de l'aménagement et du logement;;;;32;HAUTS-DE-FRANCE;60;OISE;60025;Attichy;20;Risque technologique;21;Risque industriel;212;Effet de surpression;FAUX;;FAUX;;2010-10-12;2014-09-30;2014-11-05;;;2014-12-19;;;Opposable;2020-01-01;Approuvé;2020-01-01;2025-03-27
PPRT;Plan de Prévention des Risques Technologiques;72DDT20100021;PPRT-Alsétex;Direction départementale des territoires;;;;52;PAYS DE LA LOIRE;72;SARTHE;72167;Louailles;20;Risque technologique;21;Risque industriel;211;Effet thermique;FAUX;;FAUX;;2009-12-16;2012-09-17;2012-10-17;;;2013-07-12;;;Opposable;2020-01-01;Approuvé;2020-01-01;2025-04-04
PPRT;Plan de Prévention des Risques Technologiques;42DDT20130001;42 PPRT Andrézieux Bouthéon SNF;Direction départementale des territoires;;;;84;AUVERGNE-RHONE-ALPES;42;LOIRE;42005;Andrézieux-Bouthéon;20;Risque technologique;21;Risque industriel;212;Effet de surpression;FAUX;;FAUX;;2010-06-30;2012-10-15;2012-11-16;;;2012-12-20;;;Opposable;2020-01-01;Approuvé;2020-01-01;2025-04-09
PPRT;Plan de Prévention des Risques Technologiques;68DREAL20140005;68 PPRT PECRHIN RHODIA BUTACHIMI;Direction régionale de l'environnement, de l'aménagement et du logement;68 PPRT PECRHIN RHODIA BUTACHIMI;;;44;GRAND EST;68;HAUT-RHIN;68064;Chalampé;20;Risque technologique;21;Risque industriel;211;Effet thermique;FAUX;;FAUX;;2010-12-31;2013-11-12;2013-12-16;;;2014-04-09;;;Opposable;2020-01-01;Approuvé;2020-01-01;2011-04-15
PPRT;Plan de Prévention des Risques Technologiques;62DREAL20140002;PPRT SI GROUP;Direction régionale de l'environnement, de l'aménagement et du logement;;;;32;HAUTS-DE-FRANCE;62;PAS-DE-CALAIS;62119;Béthune;20;Risque technologique;21;Risque industriel;211;Effet thermique;FAUX;;FAUX;;2009-12-07;2011-12-26;2012-01-27;;;2012-05-22;;;Opposable;2020-01-01;Approuvé;2020-01-01;2025-04-04
PPRT;Plan de Prévention des Risques Technologiques;38DDT20140002;ARKEMA AREVA-CEZUS - Jarrie;Direction départementale des territoires;;;;84;AUVERGNE-RHONE-ALPES;38;ISERE;38252;Montchaboud;20;Risque technologique;21;Risque industriel;212;Effet de surpression;FAUX;;VRAI;38DDT20140007;2010-06-14;2010-10-15;2010-11-15;;;2010-12-20;;2015-05-22;Caduque;2020-01-01;Abrogé;2020-01-01;2020-12-04
PPRT;Plan de Prévention des Risques Technologiques;972DEAL20200003;PPRT GIE Croix-Rivail;Direction de l'environnement, de l'aménagement et du logement;;;;02;MARTINIQUE;972;MARTINIQUE;97221;Rivière-Salée;20;Risque technologique;21;Risque industriel;212;Effet de surpression;FAUX;;FAUX;;2009-05-27;;;;;2011-11-24;;;Opposable;2020-01-01;Approuvé;2020-01-01;2025-04-09
PPRT;Plan de Prévention des Risques Technologiques;76DREAL20150001;Saint-Pierre-lès-Elbeuf;Direction régionale de l'environnement, de l'aménagement et du logement;;;;28;NORMANDIE;76;SEINE-MARITIME;27529;Saint-Cyr-la-Campagne;20;Risque technologique;21;Risque industriel;212;Effet de surpression;FAUX;;FAUX;;2010-05-06;2014-02-24;2014-03-26;;;2014-06-03;;;Opposable;2020-01-01;Approuvé;2020-01-01;2025-04-09
PPRT;Plan de Prévention des Risques Technologiques;63DREAL20140001;PPRT TITANOBEL Moissat;Direction régionale de l'environnement, de l'aménagement et du logement;Moissat;;;84;AUVERGNE-RHONE-ALPES;63;PUY-DE-DOME;63296;Ravel;20;Risque technologique;21;Risque industriel;212;Effet de surpression;FAUX;;FAUX;;2009-10-29;2011-09-19;2009-10-19;;;2011-12-08;;;Opposable;2020-01-01;Approuvé;2020-01-01;2025-04-09
;;69DDT20200003;Vallée de la chimie 2;;;;;;;;;69199;Saint-Fons;20;Risque technologique;21;Risque industriel;212;Effet de surpression;FAUX;;FAUX;;2019-12-27;;;;2021-02-04;;;;;;;;2021-02-05
PPRT;Plan de Prévention des Risques Technologiques;59DREAL20140001;PPRT Zone Industrialo-Portuaire;Direction régionale de l'environnement, de l'aménagement et du logement;;;;32;HAUTS-DE-FRANCE;59;NORD;59271;Grande-Synthe;20;Risque technologique;21;Risque industriel;212;Effet de surpression;FAUX;;FAUX;;2009-02-20;2015-10-06;2015-11-06;;;2015-12-28;;;Opposable;2020-01-01;Approuvé;2020-01-01;2025-04-10
PPRT;Plan de Prévention des Risques Technologiques;67DREAL20090004;67 PPRT TOTAL PETROCHEMICALS;Direction régionale de l'environnement, de l'aménagement et du logement;67 PPRT TOTAL PETROCHEMICALS;;;44;GRAND EST;67;BAS-RHIN;67345;Oberhoffen-sur-Moder;20;Risque technologique;21;Risque industriel;212;Effet de surpression;FAUX;;FAUX;;2007-06-13;2008-10-13;2008-11-13;;;2009-06-12;;2018-04-20;Caduque;2020-01-01;Abrogé;2020-01-01;2018-08-31
PPRT;Plan de Prévention des Risques Technologiques;37DREAL20140003;SOCAGRA (St Antoine du Rocher);Direction régionale de l'environnement, de l'aménagement et du logement;;;;24;CENTRE-VAL DE LOIRE;37;INDRE-ET-LOIRE;37206;Saint-Antoine-du-Rocher;20;Risque technologique;21;Risque industriel;212;Effet de surpression;FAUX;;FAUX;;2010-01-21;2012-10-15;2012-11-16;;;2013-01-18;;;Opposable;2020-01-01;Approuvé;2020-01-01;2025-04-16
PPRT;Plan de Prévention des Risques Technologiques;38DDT20140001;PCAS - Bourgoin Jallieu;Direction départementale des territoires;Bourgoin Jallieu;;;84;AUVERGNE-RHONE-ALPES;38;ISERE;38053;Bourgoin-Jallieu;20;Risque technologique;21;Risque industriel;212;Effet de surpression;FAUX;;FAUX;;2009-04-27;2012-10-10;2012-11-09;2013-05-16;;2012-12-18;;;Opposable;2020-01-01;Approuvé;2020-01-01;2025-04-11
PPRT;Plan de Prévention des Risques Technologiques;PPRT_2022_0003;PPRT - Etablissement DGATT Bourges;Direction départementale des territoires;;;;;;18;CHER;18119;Jussy-Champagne;20;Risque technologique;21;Risque industriel;214;Effet de projection;FAUX;;FAUX;;2020-11-06;;;;;2023-08-03;;;Opposable;2020-01-01;Approuvé;2020-01-01;2025-04-02
PPRT;Plan de Prévention des Risques Technologiques;67DREAL20090002;67 PPRT RHONE GAZ;Direction régionale de l'environnement, de l'aménagement et du logement;67 PPRT RHONE GAZ;;;44;GRAND EST;67;BAS-RHIN;67194;Herrlisheim;20;Risque technologique;21;Risque industriel;212;Effet de surpression;FAUX;;FAUX;;2009-03-11;2012-02-22;2012-03-22;;;2012-09-04;;;Opposable;2020-01-01;Approuvé;2020-01-01;2025-04-09
PPRT;Plan de Prévention des Risques Technologiques;64DREAL20130258;PPRT LBC;Direction régionale de l'environnement, de l'aménagement et du logement;;;;75;NOUVELLE-AQUITAINE;64;PYRENEES-ATLANTIQUES;64140;Boucau;20;Risque technologique;21;Risque industriel;213;Effet toxique;FAUX;;FAUX;;2008-12-30;;;;;2013-04-05;;;Opposable;2020-01-01;Approuvé;2020-01-01;2025-06-11
PPRT;Plan de Prévention des Risques Technologiques;PPRT_2023_0005;PPRT - TESSTEY;CYPRES;;;;;;11;AUDE;;;;;;;;;FAUX;;FAUX;;;;;;;;;;;;;;
PPRT;Plan de Prévention des Risques Technologiques;38DDT20180005;TOTAL / ESSO / SPMR / SDSP;Direction départementale des territoires;;;;84;AUVERGNE-RHONE-ALPES;38;ISERE;38558;Villette-de-Vienne;20;Risque technologique;21;Risque industriel;211;Effet thermique;FAUX;;FAUX;;2012-12-12;2018-09-17;2018-10-18;;;2018-12-11;;;Opposable;2020-01-01;Approuvé;2020-01-01;2025-08-11
PPRT;Plan de Prévention des Risques Technologiques;38DDT20140005;ROUSSILLON-SALAISE SUR SANNE;Direction départementale des territoires;;;;84;AUVERGNE-RHONE-ALPES;38;ISERE;38468;Salaise-sur-Sanne;20;Risque technologique;21;Risque industriel;213;Effet toxique;FAUX;;FAUX;;2009-04-06;2014-01-27;2014-02-28;;;2014-07-09;;;Opposable;2020-01-01;Approuvé;2020-01-01;2017-06-09
PPRT;Plan de Prévention des Risques Technologiques;51DDT20140005;PPRT SNOI - Dampierre-au-Temple;Direction départementale des territoires;Dampierre-au-Templs;;;44;GRAND EST;51;MARNE;51476;Saint-Étienne-au-Temple;20;Risque technologique;21;Risque industriel;212;Effet de surpression;FAUX;;FAUX;;2012-01-31;;;;;2014-12-11;;;Opposable;2020-01-01;Approuvé;2020-01-01;2025-04-09
PPRT;Plan de Prévention des Risques Technologiques;62DREAL20140004;PPRT ACT'APPRO;Direction régionale de l'environnement, de l'aménagement et du logement;;;;32;HAUTS-DE-FRANCE;62;PAS-DE-CALAIS;62809;Ternas;20;Risque technologique;21;Risque industriel;213;Effet toxique;FAUX;;FAUX;;2009-09-09;2010-09-01;2010-10-01;;;2010-12-03;;;Opposable;2020-01-01;Approuvé;2020-01-01;2025-04-04
PPRT;Plan de Prévention des Risques Technologiques;51DDT20140005;PPRT SNOI - Dampierre-au-Temple;Direction départementale des territoires;Dampierre-au-Templs;;;44;GRAND EST;51;MARNE;51617;La Veuve;20;Risque technologique;21;Risque industriel;211;Effet thermique;FAUX;;FAUX;;2012-01-31;;;;;2014-12-11;;;Opposable;2020-01-01;Approuvé;2020-01-01;2025-04-09
PPRT;Plan de Prévention des Risques Technologiques;31DREAL20140001;PPRT - LINDE FRANCE;Direction régionale de l'environnement, de l'aménagement et du logement;PORTET SUR GARONNE;;;76;OCCITANIE;31;HAUTE-GARONNE;31433;Portet-sur-Garonne;20;Risque technologique;21;Risque industriel;213;Effet toxique;FAUX;;FAUX;;2010-01-29;2015-01-07;2015-02-11;;;2015-06-04;;;Opposable;2020-01-01;Approuvé;2020-01-01;2025-04-09
PPRT;Plan de Prévention des Risques Technologiques;64DDTM20170001;PPRt - SEDZERE;Direction départementale des territoires et de la mer;;;;75;NOUVELLE-AQUITAINE;64;PYRENEES-ATLANTIQUES;64516;Sedzère;20;Risque technologique;21;Risque industriel;213;Effet toxique;FAUX;;FAUX;;2017-01-20;;;;;2018-12-21;;;Opposable;2020-01-01;Approuvé;2020-01-01;2025-06-11
PPRT;Plan de Prévention des Risques Technologiques;13DREAL20110046;PPRT - Eurenco [ Sorgues ] 2013 ;Direction départementale des territoires;;;;93;PROVENCE-ALPES-COTE D'AZUR;84;VAUCLUSE;84092;Le Pontet;20;Risque technologique;21;Risque industriel;212;Effet de surpression;FAUX;;FAUX;;2009-07-06;2013-06-10;2013-07-10;;;2013-12-13;;;Opposable;2020-01-01;Approuvé;2020-01-01;2025-04-09
PPRT;Plan de Prévention des Risques Technologiques;76DREAL20140008;Port Jérôme;Direction régionale de l'environnement, de l'aménagement et du logement;;;;28;NORMANDIE;76;SEINE-MARITIME;27485;Quillebeuf-sur-Seine;20;Risque technologique;21;Risque industriel;211;Effet thermique;FAUX;;FAUX;;2009-05-29;2014-04-14;2014-05-21;;;2014-08-07;;;Opposable;2020-01-01;Approuvé;2020-01-01;2025-04-04
PPRT;Plan de Prévention des Risques Technologiques;76DREAL20140008;Port Jérôme;Direction régionale de l'environnement, de l'aménagement et du logement;;;;28;NORMANDIE;76;SEINE-MARITIME;76499;Petiville;20;Risque technologique;21;Risque industriel;211;Effet thermique;FAUX;;FAUX;;2009-05-29;2014-04-14;2014-05-21;;;2014-08-07;;;Opposable;2020-01-01;Approuvé;2020-01-01;2025-04-04
PPRT;Plan de Prévention des Risques Technologiques;31DREAL20140003;PPRT - ANTARGAZ;Direction régionale de l'environnement, de l'aménagement et du logement;BOUSSENS;;;76;OCCITANIE;31;HAUTE-GARONNE;31314;Mancioux;20;Risque technologique;21;Risque industriel;211;Effet thermique;FAUX;;FAUX;;2009-12-09;2014-12-17;2015-01-26;;;2015-05-22;;;Opposable;2020-01-01;Approuvé;2020-01-01;2025-04-09
PPRT;Plan de Prévention des Risques Technologiques;47DREAL20130326;PPRT ARCHIMICA Tonneins;Direction régionale de l'environnement, de l'aménagement et du logement;;;;75;NOUVELLE-AQUITAINE;47;LOT-ET-GARONNE;47310;Tonneins;20;Risque technologique;21;Risque industriel;213;Effet toxique;FAUX;;FAUX;;2007-12-21;2009-05-11;2009-06-11;2009-11-26;;2009-06-26;;;Opposable;2020-01-01;Approuvé;2020-01-01;2025-04-09
PPRT;Plan de Prévention des Risques Technologiques;87DREAL20090003;PPRT Butagaz;Direction régionale de l'environnement, de l'aménagement et du logement;PPRT Butagaz;;;75;NOUVELLE-AQUITAINE;19;CORREZE;19031;Brive-la-Gaillarde;20;Risque technologique;21;Risque industriel;212;Effet de surpression;FAUX;;FAUX;;2008-12-24;2011-03-24;2011-04-22;2018-12-11;;2012-10-23;;;Opposable;2020-01-01;Approuvé;2020-01-01;2018-10-26
PPRT;Plan de Prévention des Risques Technologiques;PPRT_2024_0003;PPRT - dépôt de munitions [ Miramas, Istres ];Direction départementale des territoires et de la mer;;;;;;13;BOUCHES-DU-RHONE;13047;Istres;20;Risque technologique;21;Risque industriel;214;Effet de projection;FAUX;;FAUX;;2024-07-11;;;;;;;;Prescrit;2020-01-01;Prescrit;2020-01-01;2025-05-07
PPRT;Plan de Prévention des Risques Technologiques;89DREAL20140006;Chemetall;Direction régionale de l'environnement, de l'aménagement et du logement;;;;27;BOURGOGNE-FRANCHE-COMTE;89;YONNE;89342;Saint-Denis-lès-Sens;20;Risque technologique;21;Risque industriel;212;Effet de surpression;FAUX;;FAUX;;2008-05-28;;;;;2011-09-05;;;Opposable;2020-01-01;Approuvé;2020-01-01;2025-03-28
PPRT;Plan de Prévention des Risques Technologiques;47DREAL20130330;PPRT SOBEGAL Nérac;Direction régionale de l'environnement, de l'aménagement et du logement;;;;75;NOUVELLE-AQUITAINE;47;LOT-ET-GARONNE;47195;Nérac;20;Risque technologique;21;Risque industriel;212;Effet de surpression;FAUX;;FAUX;;2008-06-23;2014-10-14;2014-11-15;;;2014-12-19;;2021-02-17;Caduque;2020-01-01;Abrogé;2020-01-01;2021-07-09
PPRT;Plan de Prévention des Risques Technologiques;76DREAL20150001;Saint-Pierre-lès-Elbeuf;Direction régionale de l'environnement, de l'aménagement et du logement;;;;28;NORMANDIE;76;SEINE-MARITIME;76640;Saint-Pierre-lès-Elbeuf;20;Risque technologique;21;Risque industriel;212;Effet de surpression;FAUX;;FAUX;;2010-05-06;2014-02-24;2014-03-26;;;2014-06-03;;;Opposable;2020-01-01;Approuvé;2020-01-01;2025-04-09
PPRT;Plan de Prévention des Risques Technologiques;62DREAL20140002;PPRT SI GROUP;Direction régionale de l'environnement, de l'aménagement et du logement;;;;32;HAUTS-DE-FRANCE;62;PAS-DE-CALAIS;62126;Beuvry;20;Risque technologique;21;Risque industriel;213;Effet toxique;FAUX;;FAUX;;2009-12-07;2011-12-26;2012-01-27;;;2012-05-22;;;Opposable;2020-01-01;Approuvé;2020-01-01;2025-04-04
PPRT;Plan de Prévention des Risques Technologiques;80DREAL20140002;Ajinomoto Foods Europe;Direction régionale de l'environnement, de l'aménagement et du logement;;;;32;HAUTS-DE-FRANCE;80;SOMME;80542;Mesnil-Saint-Nicaise;20;Risque technologique;21;Risque industriel;213;Effet toxique;FAUX;;FAUX;;2012-04-13;2013-09-18;2013-10-18;;;2013-12-31;;;Opposable;2020-01-01;Approuvé;2020-01-01;2025-04-04
PPRT;Plan de Prévention des Risques Technologiques;17DDTM20150001;PPRT SDLP;Direction départementale des territoires et de la mer;PPRT SDLP;;;75;NOUVELLE-AQUITAINE;17;CHARENTE-MARITIME;17300;La Rochelle;20;Risque technologique;21;Risque industriel;211;Effet thermique;FAUX;;FAUX;;2014-12-19;2015-09-23;2015-10-23;;;2015-12-23;;;Opposable;2020-01-01;Approuvé;2020-01-01;2025-04-09
PPRT;Plan de Prévention des Risques Technologiques;91DDT20130004;PPRT SME et ISOCHEM;Direction départementale des territoires;;;;11;ILE-DE-FRANCE;91;ESSONNE;91649;Vert-le-Petit;20;Risque technologique;21;Risque industriel;213;Effet toxique;FAUX;;FAUX;;2010-01-19;;;;;2014-09-19;;;Opposable;2020-01-01;Approuvé;2020-01-01;2025-04-09
PPRT;Plan de Prévention des Risques Technologiques;68DREAL20140005;68 PPRT PECRHIN RHODIA BUTACHIMI;Direction régionale de l'environnement, de l'aménagement et du logement;68 PPRT PECRHIN RHODIA BUTACHIMI;;;44;GRAND EST;68;HAUT-RHIN;68064;Chalampé;20;Risque technologique;21;Risque industriel;213;Effet toxique;FAUX;;FAUX;;2010-12-31;2013-11-12;2013-12-16;;;2014-04-09;;;Opposable;2020-01-01;Approuvé;2020-01-01;2011-04-15
PPRT;Plan de Prévention des Risques Technologiques;60DREAL20140004;Hüttenes Albertus;Direction régionale de l'environnement, de l'aménagement et du logement;;;;32;HAUTS-DE-FRANCE;60;OISE;60056;Beaurepaire;20;Risque technologique;21;Risque industriel;212;Effet de surpression;FAUX;;FAUX;;2009-10-26;2013-06-03;2013-07-03;;;2013-10-14;;;Opposable;2020-01-01;Approuvé;2020-01-01;2025-03-27
PPRT;Plan de Prévention des Risques Technologiques;69DREAL20170003;69 PPRT de Genas;Direction régionale de l'environnement, de l'aménagement et du logement;Genas;;;84;AUVERGNE-RHONE-ALPES;69;RHONE;69277;Genas;20;Risque technologique;21;Risque industriel;211;Effet thermique;FAUX;;FAUX;;2011-06-09;2013-09-16;2013-10-16;;;2013-12-06;;;Opposable;2020-01-01;Approuvé;2020-01-01;2025-04-04
PPRT;Plan de Prévention des Risques Technologiques;28DREAL20140001;LEGENDRE-DELPIERRE (Auneau);Direction régionale de l'environnement, de l'aménagement et du logement;;;;24;CENTRE-VAL DE LOIRE;28;EURE-ET-LOIR;28015;Auneau-Bleury-Saint-Symphorien;20;Risque technologique;21;Risque industriel;211;Effet thermique;FAUX;;FAUX;;2010-11-29;2014-01-07;2014-02-08;;;2014-04-23;;;Opposable;2020-01-01;Approuvé;2020-01-01;2014-05-05
PPRT;Plan de Prévention des Risques Technologiques;60DREAL20140003;MOMENTIVE, INEOS et SECO;Direction régionale de l'environnement, de l'aménagement et du logement;;;;32;HAUTS-DE-FRANCE;60;OISE;60492;Pimprez;20;Risque technologique;21;Risque industriel;211;Effet thermique;FAUX;;FAUX;;2009-09-24;2014-08-18;2014-09-18;;;2014-12-18;;;Opposable;2020-01-01;Approuvé;2020-01-01;2025-03-27
PPRT;Plan de Prévention des Risques Technologiques;PPRT_2022_0003;PPRT - Etablissement DGATT Bourges;Direction départementale des territoires;;;;;;18;CHER;18119;Jussy-Champagne;20;Risque technologique;21;Risque industriel;211;Effet thermique;FAUX;;FAUX;;2020-11-06;;;;;2023-08-03;;;Opposable;2020-01-01;Approuvé;2020-01-01;2025-04-02
PPRT;Plan de Prévention des Risques Technologiques;01DREAL20170003;01 PPRT de Etrez;Direction régionale de l'environnement, de l'aménagement et du logement;Etrez;;;84;AUVERGNE-RHONE-ALPES;01;AIN;01232;Marboz;20;Risque technologique;21;Risque industriel;211;Effet thermique;FAUX;;FAUX;;2012-02-20;2015-04-14;2015-05-14;;;2015-07-28;;;Opposable;2020-01-01;Approuvé;2020-01-01;2021-03-03
PPRT;Plan de Prévention des Risques Technologiques;80DREAL20140001;PPRt révisiant Amiens nord;Direction régionale de l'environnement, de l'aménagement et du logement;;;;32;HAUTS-DE-FRANCE;80;SOMME;80021;Amiens;20;Risque technologique;21;Risque industriel;211;Effet thermique;VRAI;80DREAL20090002;FAUX;;2015-01-07;2016-02-01;2016-03-02;;;2016-07-08;;;Opposable;2020-01-01;Approuvé;2020-01-01;2025-04-04
PPRT;Plan de Prévention des Risques Technologiques;59STIIIC20090002;PPRT CCMP (ex DPN);Direction régionale de l'industrie, de la recherche et de l'environnement;Carrières sur-Seine (78);;;11;ILE-DE-FRANCE;78;YVELINES;78124;Carrières-sur-Seine;20;Risque technologique;21;Risque industriel;211;Effet thermique;FAUX;;FAUX;;2009-02-25;;;;;2011-05-30;;;Opposable;2020-01-01;Approuvé;2020-01-01;2025-04-03
PPRT;Plan de Prévention des Risques Technologiques;2BDREAL20170001;PPRT BUTAGAZ;Direction régionale de l'environnement, de l'aménagement et du logement;;;;94;CORSE;2B;HAUTE-CORSE;2B346;Vescovato;20;Risque technologique;21;Risque industriel;212;Effet de surpression;FAUX;;FAUX;;2012-06-13;;;;;2016-06-28;;;Opposable;2020-01-01;Approuvé;2020-01-01;2025-03-25
PPRT;Plan de Prévention des Risques Technologiques;PPRT_2022_0003;PPRT - Etablissement DGATT Bourges;Direction départementale des territoires;;;;;;18;CHER;18072;Cornusse;20;Risque technologique;21;Risque industriel;212;Effet de surpression;FAUX;;FAUX;;2020-11-06;;;;;2023-08-03;;;Opposable;2020-01-01;Approuvé;2020-01-01;2025-04-02
PPRT;Plan de Prévention des Risques Technologiques;95DDT20130002;95-60-27 PPRT STORENGY;Direction départementale des territoires;;;;11;ILE-DE-FRANCE;95;VAL-D'OISE;60487;Parnes;20;Risque technologique;21;Risque industriel;211;Effet thermique;FAUX;;FAUX;;2010-10-08;2013-05-30;2013-06-29;;;2013-12-13;;;Opposable;2020-01-01;Approuvé;2020-01-01;2025-04-04
PPRT;Plan de Prévention des Risques Technologiques;68DREAL20140005;68 PPRT PECRHIN RHODIA BUTACHIMI;Direction régionale de l'environnement, de l'aménagement et du logement;68 PPRT PECRHIN RHODIA BUTACHIMI;;;44;GRAND EST;68;HAUT-RHIN;68020;Bantzenheim;20;Risque technologique;21;Risque industriel;211;Effet thermique;FAUX;;FAUX;;2010-12-31;2013-11-12;2013-12-16;;;2014-04-09;;;Opposable;2020-01-01;Approuvé;2020-01-01;2011-04-15
PPRT;Plan de Prévention des Risques Technologiques;63DREAL20140002;PPRT SANOFI Vertolaye;Direction régionale de l'environnement, de l'aménagement et du logement;Vertolaye;;;84;AUVERGNE-RHONE-ALPES;63;PUY-DE-DOME;63454;Vertolaye;20;Risque technologique;21;Risque industriel;212;Effet de surpression;FAUX;;FAUX;;2010-06-14;2014-01-13;;;;2014-04-04;;;Opposable;2020-01-01;Approuvé;2020-01-01;2025-04-09
PPRT;Plan de Prévention des Risques Technologiques;60DREAL20140002;WEYLCHEM LAMOTTE;Direction régionale de l'environnement, de l'aménagement et du logement;;;;32;HAUTS-DE-FRANCE;60;OISE;60647;Trosly-Breuil;20;Risque technologique;21;Risque industriel;211;Effet thermique;FAUX;;FAUX;;2010-10-12;2014-09-30;2014-11-05;;;2014-12-19;;;Opposable;2020-01-01;Approuvé;2020-01-01;2025-03-27
PPRT;Plan de Prévention des Risques Technologiques;38DDT20140010;TITANOBEL - Saint-Quentin/Isère;Direction départementale des territoires;;;;84;AUVERGNE-RHONE-ALPES;38;ISERE;38565;Voreppe;20;Risque technologique;21;Risque industriel;212;Effet de surpression;FAUX;;FAUX;;2012-03-27;2018-10-01;2018-11-02;;;2018-12-20;;;Opposable;2020-01-01;Approuvé;2020-01-01;2025-04-11
PPRT;Plan de Prévention des Risques Technologiques;41DREAL20140003;NEXTER Munitions (Ferté-Imbault);Direction régionale de l'environnement, de l'aménagement et du logement;;;;24;CENTRE-VAL DE LOIRE;41;LOIR-ET-CHER;41232;Salbris;20;Risque technologique;21;Risque industriel;212;Effet de surpression;FAUX;;FAUX;;2009-11-19;2013-01-07;2013-02-08;;;2013-05-16;;;Opposable;2020-01-01;Approuvé;2020-01-01;2025-04-09
PPRT;Plan de Prévention des Risques Technologiques;78DDT20130013;PPRT STORENGY Beynes;Direction départementale des territoires;;;;11;ILE-DE-FRANCE;78;YVELINES;78588;Saulx-Marchais;20;Risque technologique;21;Risque industriel;211;Effet thermique;FAUX;;FAUX;;2010-11-08;2012-02-13;2012-03-21;;;2012-05-07;;;Opposable;2020-01-01;Approuvé;2020-01-01;2025-04-10
PPRT;Plan de Prévention des Risques Technologiques;49DDT20110020;PPRT Zach System Avrillé;Direction départementale des territoires;;;;52;PAYS DE LA LOIRE;49;MAINE-ET-LOIRE;49015;Avrillé;20;Risque technologique;21;Risque industriel;212;Effet de surpression;FAUX;;FAUX;;2010-12-22;2014-05-12;2014-06-13;;;2014-10-06;;;Opposable;2020-01-01;Approuvé;2020-01-01;2025-04-04
PPRT;Plan de Prévention des Risques Technologiques;76DDTM20150003;ZIP Petit et Grand Quevilly;Direction départementale des territoires et de la mer;;;;28;NORMANDIE;76;SEINE-MARITIME;76513;Quevillon;20;Risque technologique;21;Risque industriel;213;Effet toxique;FAUX;;FAUX;;2012-12-13;2017-09-20;2017-11-09;;;2018-01-25;;;Opposable;2020-01-01;Approuvé;2020-01-01;2025-04-09
PPRT;Plan de Prévention des Risques Technologiques;51DREAL20090010;PPRT HUNTSMAN;Direction régionale de l'environnement, de l'aménagement et du logement;PPRT HUNTSMAN;;;44;GRAND EST;55;MEUSE;55054;Bislée;20;Risque technologique;21;Risque industriel;213;Effet toxique;FAUX;;FAUX;;2008-12-10;;;;;2011-03-28;;;Opposable;2020-01-01;Approuvé;2020-01-01;2025-04-10
PPRT;Plan de Prévention des Risques Technologiques;47DREAL20130327;PPRT ATPM;Direction régionale de l'environnement, de l'aménagement et du logement;;;;75;NOUVELLE-AQUITAINE;47;LOT-ET-GARONNE;47117;Hautefage-la-Tour;20;Risque technologique;21;Risque industriel;211;Effet thermique;FAUX;;FAUX;;2009-06-29;2010-03-29;2010-04-30;2011-02-15;;2010-06-21;;;Opposable;2020-01-01;Approuvé;2020-01-01;2025-04-09
PPRT;Plan de Prévention des Risques Technologiques;11DDTM20120028;PPRT - Port La Nouvelle Zone portuaire;Direction départementale des territoires et de la mer;Zone portuaire Port La Nouvelle;;;76;OCCITANIE;11;AUDE;11266;Port-la-Nouvelle;20;Risque technologique;21;Risque industriel;212;Effet de surpression;FAUX;;FAUX;;2010-06-23;2014-09-01;2014-09-30;;;2014-11-19;;;Opposable;2020-01-01;Approuvé;2020-01-01;2025-04-09
PPRT;Plan de Prévention des Risques Technologiques;59DREAL20090005;PPRT GP SAV MAZINGARBE;Direction régionale de l'environnement, de l'aménagement et du logement;;;;32;HAUTS-DE-FRANCE;62;PAS-DE-CALAIS;62563;Mazingarbe;20;Risque technologique;21;Risque industriel;211;Effet thermique;FAUX;;FAUX;;2006-06-07;2006-10-19;2006-11-20;;;2007-03-20;;;Opposable;2020-01-01;Approuvé;2020-01-01;2025-04-04
PPRT;Plan de Prévention des Risques Technologiques;43DREAL20140001;PPRT MSD St Germain Laprade;Direction régionale de l'environnement, de l'aménagement et du logement;St Germain Laprade;;;84;AUVERGNE-RHONE-ALPES;43;HAUTE-LOIRE;43190;Saint-Germain-Laprade;20;Risque technologique;21;Risque industriel;213;Effet toxique;FAUX;;FAUX;;2010-05-28;2012-10-10;2012-10-10;;;2012-12-18;;;Opposable;2020-01-01;Approuvé;2020-01-01;2025-04-09
PPRT;Plan de Prévention des Risques Technologiques;69DREAL20170008;69 PPRT de St Priest;Direction régionale de l'environnement, de l'aménagement et du logement;St Priest;;;84;AUVERGNE-RHONE-ALPES;69;RHONE;69273;Corbas;20;Risque technologique;21;Risque industriel;212;Effet de surpression;FAUX;;FAUX;;2009-12-11;2014-12-15;2015-01-15;;;2015-07-24;;;Opposable;2020-01-01;Approuvé;2020-01-01;2025-04-04
PPRT;Plan de Prévention des Risques Technologiques;PPRT_2022_0003;PPRT - Etablissement DGATT Bourges;Direction départementale des territoires;;;;;;18;CHER;18175;Ourouer-les-Bourdelins;20;Risque technologique;21;Risque industriel;211;Effet thermique;FAUX;;FAUX;;2020-11-06;;;;;2023-08-03;;;Opposable;2020-01-01;Approuvé;2020-01-01;2025-04-02
PPRT;Plan de Prévention des Risques Technologiques;78DDT20130011;PPRT STORENGY Saint-Illiers-la-V;Direction départementale des territoires;;;;11;ILE-DE-FRANCE;78;YVELINES;78344;Lommoye;20;Risque technologique;21;Risque industriel;212;Effet de surpression;FAUX;;FAUX;;2009-06-15;;;;;2010-12-29;;;Opposable;2020-01-01;Approuvé;2020-01-01;2025-04-10
PPRT;Plan de Prévention des Risques Technologiques;69DDT20200002;Vallée de la chimie;Direction départementale des territoires;;;;84;AUVERGNE-RHONE-ALPES;69;RHONE;69291;Saint-Symphorien-d'Ozon;20;Risque technologique;21;Risque industriel;211;Effet thermique;FAUX;;FAUX;;2015-04-21;;;;;2016-10-19;;;Opposable;2020-01-01;Approuvé;2020-01-01;2025-04-10
PPRT;Plan de Prévention des Risques Technologiques;56DDTM20140001;PPRT militaire de Coëtquidan;Direction départementale des territoires et de la mer;;;;53;BRETAGNE;56;MORBIHAN;56032;Campénéac;20;Risque technologique;21;Risque industriel;211;Effet thermique;FAUX;;FAUX;;2012-04-18;2014-01-08;2014-02-12;;;2014-07-16;;;Opposable;2020-01-01;Approuvé;2020-01-01;2025-03-31
PPRT;Plan de Prévention des Risques Technologiques;78DDT20130013;PPRT STORENGY Beynes;Direction départementale des territoires;;;;11;ILE-DE-FRANCE;78;YVELINES;78616;Thoiry;20;Risque technologique;21;Risque industriel;212;Effet de surpression;FAUX;;FAUX;;2010-11-08;2012-02-13;2012-03-21;;;2012-05-07;;;Opposable;2020-01-01;Approuvé;2020-01-01;2025-04-10
PPRT;Plan de Prévention des Risques Technologiques;02DDT20100002;CLOE;Direction départementale des territoires;;;;32;HAUTS-DE-FRANCE;02;AISNE;02287;Essigny-le-Grand;20;Risque technologique;21;Risque industriel;212;Effet de surpression;FAUX;;FAUX;;2008-07-18;;;;;2009-12-02;;;Opposable;2020-01-01;Approuvé;2020-01-01;2025-04-09
PPRT;Plan de Prévention des Risques Technologiques;80DREAL20090002;PPRT révisé AMIENS NORD;Direction régionale de l'environnement, de l'aménagement et du logement;PPRT AMIENS NORD;;;32;HAUTS-DE-FRANCE;80;SOMME;80021;Amiens;20;Risque technologique;21;Risque industriel;212;Effet de surpression;FAUX;;VRAI;80DREAL20140001;2008-09-03;;;;;2012-11-16;;2015-01-07;Caduque;2020-01-01;Abrogé;2020-01-01;2021-11-10
PPRT;Plan de Prévention des Risques Technologiques;76DREAL20140008;Port Jérôme;Direction régionale de l'environnement, de l'aménagement et du logement;;;;28;NORMANDIE;76;SEINE-MARITIME;76592;Saint-Jean-de-Folleville;20;Risque technologique;21;Risque industriel;213;Effet toxique;FAUX;;FAUX;;2009-05-29;2014-04-14;2014-05-21;;;2014-08-07;;;Opposable;2020-01-01;Approuvé;2020-01-01;2025-04-04
PPRT;Plan de Prévention des Risques Technologiques;76DREAL20090004;PPRT SNECMA Vernon;Direction régionale de l'environnement, de l'aménagement et du logement;PPRT SNECMA Vernon;;;28;NORMANDIE;27;EURE;27562;Saint-Marcel;20;Risque technologique;21;Risque industriel;212;Effet de surpression;FAUX;;FAUX;;2008-08-01;2011-11-14;2011-12-16;;;2012-08-31;;;Opposable;2020-01-01;Approuvé;2020-01-01;2025-04-04
PPRT;Plan de Prévention des Risques Technologiques;94DRIEE_IF20190003;SPVM;Direction Régionale et Interdépartementale de l'Environnement et de l'Énergie d'Ile-de-France;;;;11;ILE-DE-FRANCE;94;VAL-DE-MARNE;94077;Villeneuve-le-Roi;20;Risque technologique;21;Risque industriel;212;Effet de surpression;FAUX;;FAUX;;2011-08-04;;;;;2016-07-20;;;Opposable;2020-01-01;Approuvé;2020-01-01;2025-04-03
PPRT;Plan de Prévention des Risques Technologiques;77DDT20130005;PPRT STORENGY;Direction départementale des territoires;PPRT STORENGY;;;11;ILE-DE-FRANCE;77;SEINE-ET-MARNE;77129;Coulombs-en-Valois;20;Risque technologique;21;Risque industriel;211;Effet thermique;FAUX;;FAUX;;2010-10-13;;;;;2013-04-12;;;Opposable;2020-01-01;Approuvé;2020-01-01;2025-04-09
PPRT;Plan de Prévention des Risques Technologiques;54DDT20140018;PPRT STORENGY CERVILLE;Direction départementale des territoires;Industriel;;;44;GRAND EST;54;MEURTHE-ET-MOSELLE;54110;Cerville;20;Risque technologique;21;Risque industriel;212;Effet de surpression;FAUX;;FAUX;;2011-04-19;;;;;2014-09-30;;;Opposable;2020-01-01;Approuvé;2020-01-01;2025-04-09
PPRT;Plan de Prévention des Risques Technologiques;33DREAL20130130;PPR CEREXAGRI;Direction régionale de l'environnement, de l'aménagement et du logement;;;;75;NOUVELLE-AQUITAINE;33;GIRONDE;33032;Bassens;20;Risque technologique;21;Risque industriel;212;Effet de surpression;FAUX;;FAUX;;2011-02-09;2012-10-11;;;;2012-12-21;;;Opposable;2020-01-01;Approuvé;2020-01-01;2025-04-09
PPRT;Plan de Prévention des Risques Technologiques;49DDT20130001;PPRT EPC France St Crespin/Moine;Direction départementale des territoires;;;;52;PAYS DE LA LOIRE;49;MAINE-ET-LOIRE;49301;Sèvremoine;20;Risque technologique;21;Risque industriel;212;Effet de surpression;FAUX;;FAUX;;2007-09-25;2013-06-18;2013-07-19;;;2013-10-28;;;Opposable;2020-01-01;Approuvé;2020-01-01;2025-04-04
PPRT;Plan de Prévention des Risques Technologiques;973DEAL20150004;PPRT Centre spatial guyanais;Direction de l'environnement, de l'aménagement et du logement;;;;03;GUYANE;973;GUYANE;97304;Kourou;20;Risque technologique;21;Risque industriel;214;Effet de projection;FAUX;;FAUX;;2010-06-28;2013-07-15;2013-08-14;;;2013-11-18;;;Opposable;2020-01-01;Approuvé;2020-01-01;2025-06-18
PPRT;Plan de Prévention des Risques Technologiques;73PREF20160030;PPRT-Lanxess;Préfecture;;;;84;AUVERGNE-RHONE-ALPES;73;SAVOIE;73252;Saint-Léger;20;Risque technologique;24;Transport de marchandises dangereuses;;;FAUX;;FAUX;;2010-03-18;2012-01-30;2012-03-01;;;2012-06-05;;;Opposable;2020-01-01;Approuvé;2020-01-01;2025-04-04
PPRT;Plan de Prévention des Risques Technologiques;39DREAL20140001;PPRt Solvay;Direction régionale de l'environnement, de l'aménagement et du logement;Solvay;;;27;BOURGOGNE-FRANCHE-COMTE;39;JURA;39476;Saint-Aubin;20;Risque technologique;21;Risque industriel;213;Effet toxique;FAUX;;FAUX;;2008-07-01;2009-09-17;;;;2010-02-24;;;Opposable;2020-01-01;Approuvé;2020-01-01;2025-04-04
PPRT;Plan de Prévention des Risques Technologiques;79DDT20110048;PPRT RHODIA / SOLVAY;Direction départementale des territoires;;;;75;NOUVELLE-AQUITAINE;79;DEUX-SEVRES;79174;Melle;20;Risque technologique;21;Risque industriel;213;Effet toxique;FAUX;;FAUX;;2010-12-28;2012-11-12;2012-12-14;;;2013-02-25;;;Opposable;2020-01-01;Approuvé;2020-01-01;2025-04-09
PPRT;Plan de Prévention des Risques Technologiques;76DREAL20140005;Montville;Direction régionale de l'environnement, de l'aménagement et du logement;;;;28;NORMANDIE;76;SEINE-MARITIME;76452;Montville;20;Risque technologique;21;Risque industriel;211;Effet thermique;FAUX;;FAUX;;2009-12-22;2013-04-02;2013-05-02;;;2013-07-25;;;Opposable;2020-01-01;Approuvé;2020-01-01;2025-04-09
PPRT;Plan de Prévention des Risques Technologiques;38DDT20140002;ARKEMA AREVA-CEZUS - Jarrie;Direction départementale des territoires;;;;84;AUVERGNE-RHONE-ALPES;38;ISERE;38252;Montchaboud;20;Risque technologique;21;Risque industriel;211;Effet thermique;FAUX;;VRAI;38DDT20140007;2010-06-14;2010-10-15;2010-11-15;;;2010-12-20;;2015-05-22;Caduque;2020-01-01;Abrogé;2020-01-01;2020-12-04
PPRT;Plan de Prévention des Risques Technologiques;03DREAL20140001;PPRT - ALL'CHEM - Montluçon;Direction régionale de l'environnement, de l'aménagement et du logement;Montluçon;;;84;AUVERGNE-RHONE-ALPES;03;ALLIER;03185;Montluçon;20;Risque technologique;21;Risque industriel;213;Effet toxique;FAUX;;FAUX;;2010-03-09;2013-05-27;2013-06-27;;;2014-01-10;;;Opposable;2020-01-01;Approuvé;2020-01-01;2025-04-09
PPRT;Plan de Prévention des Risques Technologiques;10DDT20140206;PPRT-Dislaub;Direction départementale des territoires;;;;44;GRAND EST;10;AUBE;10067;Buchères;20;Risque technologique;21;Risque industriel;212;Effet de surpression;FAUX;;FAUX;;2009-05-13;;;;;2010-12-09;;;Opposable;2020-01-01;Approuvé;2020-01-01;2025-04-09
PPRT;Plan de Prévention des Risques Technologiques;64DREAL20130259;PPRT LACQ MONT;Direction régionale de l'environnement, de l'aménagement et du logement;;;;75;NOUVELLE-AQUITAINE;64;PYRENEES-ATLANTIQUES;64396;Mont;20;Risque technologique;21;Risque industriel;211;Effet thermique;FAUX;;FAUX;;2010-10-19;;;;;2014-05-06;;;Opposable;2020-01-01;Approuvé;2020-01-01;2025-06-11
PPRT;Plan de Prévention des Risques Technologiques;51DREAL20090013;PPRT SODETAL;Direction régionale de l'environnement, de l'aménagement et du logement;REDAELLI SODETAL TRONVILLE EN BARROIS;;;44;GRAND EST;55;MEUSE;55519;Tronville-en-Barrois;20;Risque technologique;21;Risque industriel;211;Effet thermique;FAUX;;FAUX;;2008-05-20;;;;;2010-06-30;;2018-12-20;Caduque;2020-01-01;Abrogé;2020-01-01;2025-03-03
PPRT;Plan de Prévention des Risques Technologiques;78DDT20130011;PPRT STORENGY Saint-Illiers-la-V;Direction départementale des territoires;;;;11;ILE-DE-FRANCE;78;YVELINES;78531;Rosny-sur-Seine;20;Risque technologique;21;Risque industriel;212;Effet de surpression;FAUX;;FAUX;;2009-06-15;;;;;2010-12-29;;;Opposable;2020-01-01;Approuvé;2020-01-01;2025-04-10
PPRT;Plan de Prévention des Risques Technologiques;38DDT20180005;TOTAL / ESSO / SPMR / SDSP;Direction départementale des territoires;;;;84;AUVERGNE-RHONE-ALPES;38;ISERE;38484;Serpaize;20;Risque technologique;21;Risque industriel;211;Effet thermique;FAUX;;FAUX;;2012-12-12;2018-09-17;2018-10-18;;;2018-12-11;;;Opposable;2020-01-01;Approuvé;2020-01-01;2025-08-11
PPRT;Plan de Prévention des Risques Technologiques;38DDT20130012;NOVASEP-FINORGA - Chasse/Rhône;Direction départementale des territoires;;;;84;AUVERGNE-RHONE-ALPES;38;ISERE;69297;Ternay;20;Risque technologique;21;Risque industriel;213;Effet toxique;FAUX;;FAUX;;2010-08-02;2013-06-10;2013-07-12;2013-12-13;;2013-10-15;;;Opposable;2020-01-01;Approuvé;2020-01-01;2025-04-04
PPRT;Plan de Prévention des Risques Technologiques;60DREAL20140001;STORENGY;Direction régionale de l'environnement, de l'aménagement et du logement;;;;32;HAUTS-DE-FRANCE;60;OISE;60533;Ressons-sur-Matz;20;Risque technologique;21;Risque industriel;212;Effet de surpression;FAUX;;FAUX;;2012-12-19;2014-10-06;2014-11-06;;;2014-12-30;;;Opposable;2020-01-01;Approuvé;2020-01-01;2025-03-27
PPRT;Plan de Prévention des Risques Technologiques;13DREAL20110046;PPRT - Eurenco [ Sorgues ] 2013 ;Direction départementale des territoires;;;;93;PROVENCE-ALPES-COTE D'AZUR;84;VAUCLUSE;84007;Avignon;20;Risque technologique;21;Risque industriel;214;Effet de projection;FAUX;;FAUX;;2009-07-06;2013-06-10;2013-07-10;;;2013-12-13;;;Opposable;2020-01-01;Approuvé;2020-01-01;2025-04-09
PPRT;Plan de Prévention des Risques Technologiques;72DDT20100021;PPRT-Alsétex;Direction départementale des territoires;;;;52;PAYS DE LA LOIRE;72;SARTHE;72061;La Chapelle-d'Aligné;20;Risque technologique;21;Risque industriel;212;Effet de surpression;FAUX;;FAUX;;2009-12-16;2012-09-17;2012-10-17;;;2013-07-12;;;Opposable;2020-01-01;Approuvé;2020-01-01;2025-04-04
PPRT;Plan de Prévention des Risques Technologiques;75DRIEE_IF20090009;PPRT BRENNTAG;Direction Régionale et Interdépartementale de l'Environnement et de l'Énergie d'Ile-de-France;BRENNTAG;;;11;ILE-DE-FRANCE;77;SEINE-ET-MARNE;77470;Tournan-en-Brie;20;Risque technologique;21;Risque industriel;213;Effet toxique;FAUX;;FAUX;;2009-08-25;2011-06-08;2011-07-09;;;2011-10-05;;;Opposable;2020-01-01;Approuvé;2020-01-01;2025-04-09
PPRT;Plan de Prévention des Risques Technologiques;13DREAL20140005;PPRT - Fos Ouest 2023;Direction régionale de l'environnement, de l'aménagement et du logement;;;;93;PROVENCE-ALPES-COTE D'AZUR;13;BOUCHES-DU-RHONE;13039;Fos-sur-Mer;20;Risque technologique;21;Risque industriel;211;Effet thermique;FAUX;;FAUX;;2012-12-03;;;;;2023-04-06;;;Opposable;2020-01-01;Approuvé;2020-01-01;2025-04-09
PPRT;Plan de Prévention des Risques Technologiques;76DREAL20140008;Port Jérôme;Direction régionale de l'environnement, de l'aménagement et du logement;;;;28;NORMANDIE;76;SEINE-MARITIME;76384;Lillebonne;20;Risque technologique;21;Risque industriel;213;Effet toxique;FAUX;;FAUX;;2009-05-29;2014-04-14;2014-05-21;;;2014-08-07;;;Opposable;2020-01-01;Approuvé;2020-01-01;2025-04-04
PPRT;Plan de Prévention des Risques Technologiques;76DREAL20090004;PPRT SNECMA Vernon;Direction régionale de l'environnement, de l'aménagement et du logement;PPRT SNECMA Vernon;;;28;NORMANDIE;27;EURE;27331;Heubécourt-Haricourt;20;Risque technologique;21;Risque industriel;212;Effet de surpression;FAUX;;FAUX;;2008-08-01;2011-11-14;2011-12-16;;;2012-08-31;;;Opposable;2020-01-01;Approuvé;2020-01-01;2025-04-04
PPRT;Plan de Prévention des Risques Technologiques;PPRT_2023_0004;PPRT - TESTEY;TEST EY;;;;;;01;AIN;;;;;;;;;FAUX;;FAUX;;;;;;;;;;;;;;
PPRT;Plan de Prévention des Risques Technologiques;22DDTM20080005;PPR TOTALGAZ;Direction départementale des territoires et de la mer;;;;53;BRETAGNE;22;COTES-D'ARMOR;22203;Plœuc-L'Hermitage;20;Risque technologique;21;Risque industriel;211;Effet thermique;FAUX;;FAUX;;2008-05-29;;;;;2014-03-27;;2023-10-13;Caduque;2020-01-01;Abrogé;2020-01-01;2024-06-27
PPRT;Plan de Prévention des Risques Technologiques;33DREAL20140001;PPRT ST-JEAN-D'ILLAC;Direction régionale de l'environnement, de l'aménagement et du logement;;;;75;NOUVELLE-AQUITAINE;33;GIRONDE;33229;Lanton;20;Risque technologique;21;Risque industriel;211;Effet thermique;FAUX;;FAUX;;2011-12-30;;;;;2013-05-13;;;Opposable;2020-01-01;Approuvé;2020-01-01;2025-04-09
PPRT;Plan de Prévention des Risques Technologiques;31DREAL20090010;PPRT TOTAL (Escalquens);Direction régionale de l'environnement, de l'aménagement et du logement;ESCALQUENS;;;76;OCCITANIE;31;HAUTE-GARONNE;31057;Belberaud;20;Risque technologique;21;Risque industriel;211;Effet thermique;FAUX;;FAUX;;2009-04-09;2010-04-06;2010-05-07;;;2010-11-26;;2015-03-24;Caduque;2020-01-01;Abrogé;2020-01-01;2020-01-15
PPRT;Plan de Prévention des Risques Technologiques;41DREAL20140003;NEXTER Munitions (Ferté-Imbault);Direction régionale de l'environnement, de l'aménagement et du logement;;;;24;CENTRE-VAL DE LOIRE;41;LOIR-ET-CHER;41084;La Ferté-Imbault;20;Risque technologique;21;Risque industriel;211;Effet thermique;FAUX;;FAUX;;2009-11-19;2013-01-07;2013-02-08;;;2013-05-16;;;Opposable;2020-01-01;Approuvé;2020-01-01;2025-04-09
PPRT;Plan de Prévention des Risques Technologiques;45DREAL20140004;ISOCHEM (Pithiviers);Direction régionale de l'environnement, de l'aménagement et du logement;;;;24;CENTRE-VAL DE LOIRE;45;LOIRET;45252;Pithiviers;20;Risque technologique;21;Risque industriel;213;Effet toxique;FAUX;;FAUX;;2011-06-16;2014-09-20;2014-10-20;;;2014-12-08;;;Opposable;2020-01-01;Approuvé;2020-01-01;2025-04-03
PPRT;Plan de Prévention des Risques Technologiques;35DREAL20090012;PPRT de VERN SUR SEICHE;Direction régionale de l'environnement, de l'aménagement et du logement;PPRT de VERN SUR SEICHE;;;53;BRETAGNE;35;ILLE-ET-VILAINE;35352;Vern-sur-Seiche;20;Risque technologique;21;Risque industriel;212;Effet de surpression;FAUX;;FAUX;;2008-12-02;2013-06-10;2013-07-26;;;2013-11-22;;;Opposable;2020-01-01;Approuvé;2020-01-01;2018-06-29
PPRT;Plan de Prévention des Risques Technologiques;PPRT_2023_0001;PPRT - ;Direction départementale des territoires;Commentry - Malicorne;;;;;03;ALLIER;;;;;;;;;FAUX;;FAUX;;;;;;;;;;;;;;
PPRT;Plan de Prévention des Risques Technologiques;18DDT20140002;PPRT du site militaire d'Avord;Direction départementale des territoires;;;;24;CENTRE-VAL DE LOIRE;18;CHER;18092;Farges-en-Septaine;20;Risque technologique;21;Risque industriel;212;Effet de surpression;FAUX;;FAUX;;2012-12-21;2014-11-03;2014-12-02;;;2015-03-09;;;Opposable;2020-01-01;Approuvé;2020-01-01;2025-04-02
PPRT;Plan de Prévention des Risques Technologiques;83DREAL20140006;PPRT - STOGAZ [ La Motte ] 2013;Direction régionale de l'environnement, de l'aménagement et du logement;;;;93;PROVENCE-ALPES-COTE D'AZUR;83;VAR;83004;Les Arcs;20;Risque technologique;21;Risque industriel;212;Effet de surpression;FAUX;;FAUX;;2010-10-13;2013-03-04;2013-04-05;;;2013-04-26;;;Opposable;2020-01-01;Approuvé;2020-01-01;2025-04-15
PPRT;Plan de Prévention des Risques Technologiques;83DREAL20140007;PPRT - Titanobel [ Mazaugues ] 2011;Direction régionale de l'environnement, de l'aménagement et du logement;;;;93;PROVENCE-ALPES-COTE D'AZUR;83;VAR;83037;La Celle;20;Risque technologique;21;Risque industriel;212;Effet de surpression;FAUX;;FAUX;;2009-07-01;;;;;2011-07-01;;;Opposable;2020-01-01;Approuvé;2020-01-01;2025-04-15
PPRT;Plan de Prévention des Risques Technologiques;13DREAL20140007;PPRT - Arcelor Mittal 2013;Direction régionale de l'environnement, de l'aménagement et du logement;;;;93;PROVENCE-ALPES-COTE D'AZUR;13;BOUCHES-DU-RHONE;13039;Fos-sur-Mer;20;Risque technologique;21;Risque industriel;213;Effet toxique;FAUX;;FAUX;;2009-11-10;2013-04-08;2013-05-14;;;2013-08-01;;;Opposable;2020-01-01;Approuvé;2020-01-01;2025-04-09
PPRT;Plan de Prévention des Risques Technologiques;62DREAL20140003;PPRT NORTANKING;Direction régionale de l'environnement, de l'aménagement et du logement;;;;32;HAUTS-DE-FRANCE;62;PAS-DE-CALAIS;62033;Annay;20;Risque technologique;21;Risque industriel;211;Effet thermique;FAUX;;FAUX;;2010-03-10;2012-12-17;2013-01-18;;;2013-04-05;;;Opposable;2020-01-01;Approuvé;2020-01-01;2025-04-04
PPRT;Plan de Prévention des Risques Technologiques;28DREAL20140001;LEGENDRE-DELPIERRE (Auneau);Direction régionale de l'environnement, de l'aménagement et du logement;;;;24;CENTRE-VAL DE LOIRE;28;EURE-ET-LOIR;28015;Auneau-Bleury-Saint-Symphorien;20;Risque technologique;21;Risque industriel;213;Effet toxique;FAUX;;FAUX;;2010-11-29;2014-01-07;2014-02-08;;;2014-04-23;;;Opposable;2020-01-01;Approuvé;2020-01-01;2014-05-05
PPRT;Plan de Prévention des Risques Technologiques;31DREAL20090002; PPRT - ARKEMA;Direction régionale de l'environnement, de l'aménagement et du logement;PPRT ARKEMA;;;76;OCCITANIE;65;HAUTES-PYRENEES;65258;Lannemezan;20;Risque technologique;21;Risque industriel;211;Effet thermique;FAUX;;FAUX;;2006-08-04;2008-06-16;2008-07-15;;;2008-10-29;;;Opposable;2020-01-01;Approuvé;2020-01-01;2025-04-09
PPRT;Plan de Prévention des Risques Technologiques;69DREAL20090010;51-PPRT YARA FRANCE  Vitry le F;Direction régionale de l'environnement, de l'aménagement et du logement;51-PPRT YARA FRANCE  Vitry le Franois;;;44;GRAND EST;51;MARNE;51649;Vitry-le-François;20;Risque technologique;21;Risque industriel;213;Effet toxique;FAUX;;FAUX;;2008-10-06;;;;;2009-11-20;;;Opposable;2020-01-01;Approuvé;2020-01-01;2025-04-09
PPRT;Plan de Prévention des Risques Technologiques;38DDT20140006;VENCOREX ISOCHEM - Pont-de-Claix;Direction départementale des territoires;;;;84;AUVERGNE-RHONE-ALPES;38;ISERE;38185;Grenoble;20;Risque technologique;21;Risque industriel;212;Effet de surpression;FAUX;;FAUX;;2011-12-21;2018-03-23;2018-04-24;;;;2018-06-27;;Caduque;2020-01-01;Annulé;2020-01-01;2025-04-11
PPRT;Plan de Prévention des Risques Technologiques;78DDT20130011;PPRT STORENGY Saint-Illiers-la-V;Direction départementale des territoires;;;;11;ILE-DE-FRANCE;78;YVELINES;78089;Bonnières-sur-Seine;20;Risque technologique;21;Risque industriel;212;Effet de surpression;FAUX;;FAUX;;2009-06-15;;;;;2010-12-29;;;Opposable;2020-01-01;Approuvé;2020-01-01;2025-04-10
PPRT;Plan de Prévention des Risques Technologiques;91DDT20130011;SFDM parc A;Direction départementale des territoires;;;;11;ILE-DE-FRANCE;91;ESSONNE;91293;Guigneville-sur-Essonne;20;Risque technologique;21;Risque industriel;212;Effet de surpression;FAUX;;FAUX;;2012-12-21;;;;;2015-03-06;;;Opposable;2020-01-01;Approuvé;2020-01-01;2025-04-09
PPRT;Plan de Prévention des Risques Technologiques;68DREAL20140003; 68 PPRT BIMA;Direction régionale de l'environnement, de l'aménagement et du logement; 68 PPRT BIMA;;;44;GRAND EST;68;HAUT-RHIN;68375;Wittelsheim;20;Risque technologique;21;Risque industriel;213;Effet toxique;FAUX;;FAUX;;2010-12-20;;;;;2015-03-30;;;Opposable;2020-01-01;Approuvé;2020-01-01;2025-04-09
PPRT;Plan de Prévention des Risques Technologiques;29DREAL20140001;PPRT Mc BRIDE ;Direction régionale de l'environnement, de l'aménagement et du logement;DLI;;;53;BRETAGNE;29;FINISTERE;29049;Elliant;20;Risque technologique;21;Risque industriel;211;Effet thermique;FAUX;;FAUX;;2009-10-05;;;;;2011-12-28;;;Opposable;2020-01-01;Approuvé;2020-01-01;2025-03-26
PPRT;Plan de Prévention des Risques Technologiques;01DREAL20170004;01 PPRT de Viriat;Direction régionale de l'environnement, de l'aménagement et du logement;Viriat;;;84;AUVERGNE-RHONE-ALPES;01;AIN;01024;Attignat;20;Risque technologique;21;Risque industriel;211;Effet thermique;FAUX;;FAUX;;2011-06-30;2013-12-16;2014-01-16;;;2014-05-20;;;Opposable;2020-01-01;Approuvé;2020-01-01;2020-02-14
PPRT;Plan de Prévention des Risques Technologiques;34DDTM20120162;PPRT - SBM et Gazechim;Direction départementale des territoires et de la mer;;;;76;OCCITANIE;34;HERAULT;34032;Béziers;20;Risque technologique;21;Risque industriel;211;Effet thermique;FAUX;;FAUX;;2010-04-13;2015-04-20;2015-05-22;;;2015-08-03;;;Opposable;2020-01-01;Approuvé;2020-01-01;2025-05-01
PPRT;Plan de Prévention des Risques Technologiques;89DREAL20140002;Davey Bickford;Direction régionale de l'environnement, de l'aménagement et du logement;Davey Bickford (89);;;27;BOURGOGNE-FRANCHE-COMTE;89;YONNE;89200;Hauterive;20;Risque technologique;21;Risque industriel;211;Effet thermique;FAUX;;FAUX;;2010-01-18;;;;;2012-02-17;;;Opposable;2020-01-01;Approuvé;2020-01-01;2025-03-27
PPRT;Plan de Prévention des Risques Technologiques;31DREAL20090002; PPRT - ARKEMA;Direction régionale de l'environnement, de l'aménagement et du logement;PPRT ARKEMA;;;76;OCCITANIE;65;HAUTES-PYRENEES;65258;Lannemezan;20;Risque technologique;21;Risque industriel;213;Effet toxique;FAUX;;FAUX;;2006-08-04;2008-06-16;2008-07-15;;;2008-10-29;;;Opposable;2020-01-01;Approuvé;2020-01-01;2025-04-09
PPRT;Plan de Prévention des Risques Technologiques;44DDTM20150002;PPRT SFDM - Piriac-sur-Mer;Direction départementale des territoires et de la mer;PPRT Piriac-sur-Mer;;;52;PAYS DE LA LOIRE;44;LOIRE-ATLANTIQUE;44125;Piriac-sur-Mer;20;Risque technologique;21;Risque industriel;211;Effet thermique;FAUX;;FAUX;;2015-04-30;;;;;2017-10-27;;;Opposable;2020-01-01;Approuvé;2020-01-01;2025-04-04
PPRT;Plan de Prévention des Risques Technologiques;68DREAL20140003; 68 PPRT BIMA;Direction régionale de l'environnement, de l'aménagement et du logement; 68 PPRT BIMA;;;44;GRAND EST;68;HAUT-RHIN;68063;Cernay;20;Risque technologique;21;Risque industriel;212;Effet de surpression;FAUX;;FAUX;;2010-12-20;;;;;2015-03-30;;;Opposable;2020-01-01;Approuvé;2020-01-01;2025-04-09
PPRT;Plan de Prévention des Risques Technologiques;PPRT_2025_0007;PPRT - ;Direction départementale des territoires;Saint-Genis-Laval et Chaponost;;;;;69;RHONE;69204;Saint-Genis-Laval;20;Risque technologique;21;Risque industriel;211;Effet thermique;FAUX;;FAUX;;2023-10-25;;;;;2025-09-05;;;Opposable;2020-01-01;Approuvé;2020-01-01;2025-09-23
PPRT;Plan de Prévention des Risques Technologiques;91DDT20130005;PPRT CIM et ANTARGAZ;Direction départementale des territoires;;;;11;ILE-DE-FRANCE;91;ESSONNE;91521;Ris-Orangis;20;Risque technologique;21;Risque industriel;212;Effet de surpression;FAUX;;FAUX;;2010-03-17;;;;;2018-04-04;;;Opposable;2020-01-01;Approuvé;2020-01-01;2025-04-09
PPRT;Plan de Prévention des Risques Technologiques;45DREAL20140007;ARGOS (Beaune-la-Rolande);Direction régionale de l'environnement, de l'aménagement et du logement;;;;24;CENTRE-VAL DE LOIRE;45;LOIRET;45030;Beaune-la-Rolande;20;Risque technologique;21;Risque industriel;213;Effet toxique;FAUX;;FAUX;;2009-06-30;2011-04-26;2011-05-31;;;2011-09-13;;;Opposable;2020-01-01;Approuvé;2020-01-01;2025-04-03
PPRT;Plan de Prévention des Risques Technologiques;40DREAL20130239;PPRT GRANEL;Direction régionale de l'environnement, de l'aménagement et du logement;;;;75;NOUVELLE-AQUITAINE;40;LANDES;40152;Lesperon;20;Risque technologique;21;Risque industriel;211;Effet thermique;FAUX;;FAUX;;2010-03-09;2011-09-12;2011-10-12;;;2011-12-23;;;Opposable;2020-01-01;Approuvé;2020-01-01;2025-04-09
PPRT;Plan de Prévention des Risques Technologiques;02DDT20130001;TEREOS;Direction départementale des territoires;;;;32;HAUTS-DE-FRANCE;02;AISNE;02741;Thenelles;20;Risque technologique;21;Risque industriel;212;Effet de surpression;FAUX;;FAUX;;2011-06-23;;;;;2012-10-15;;;Opposable;2020-01-01;Approuvé;2020-01-01;2025-04-09
PPRT;Plan de Prévention des Risques Technologiques;73PREF20160029;PPRT-Mssa;Préfecture;St Marcel;;;84;AUVERGNE-RHONE-ALPES;73;SAVOIE;73131;Hautecour;20;Risque technologique;21;Risque industriel;212;Effet de surpression;FAUX;;FAUX;;2010-03-18;2013-09-17;2013-10-17;;;2014-02-06;;;Opposable;2020-01-01;Approuvé;2020-01-01;2025-04-04
PPRT;Plan de Prévention des Risques Technologiques;34DDTM20120162;PPRT - SBM et Gazechim;Direction départementale des territoires et de la mer;;;;76;OCCITANIE;34;HERAULT;34336;Villeneuve-lès-Béziers;20;Risque technologique;21;Risque industriel;213;Effet toxique;FAUX;;FAUX;;2010-04-13;2015-04-20;2015-05-22;;;2015-08-03;;;Opposable;2020-01-01;Approuvé;2020-01-01;2025-05-01
PPRT;Plan de Prévention des Risques Technologiques;76DDTM20150004;ZIP Petit-Couronne;Direction départementale des territoires et de la mer;;;;28;NORMANDIE;76;SEINE-MARITIME;76717;Val-de-la-Haye;20;Risque technologique;21;Risque industriel;211;Effet thermique;FAUX;;FAUX;;2012-12-13;2018-10-08;2018-11-29;;;2019-01-29;;;Opposable;2020-01-01;Approuvé;2020-01-01;2025-04-09
PPRT;Plan de Prévention des Risques Technologiques;PPRT_2025_0002;PPRT - ADISSEO TOURMALINE-St-Clair-Rhôn;Direction départementale des territoires;38 et 69;;;;;42;LOIRE;;;;;;;;;FAUX;;FAUX;;;;;;;;;;;;;;
PPRT;Plan de Prévention des Risques Technologiques;31DDT20150043;PPRT ESSO;Direction départementale des territoires;TOULOUSE;;;76;OCCITANIE;31;HAUTE-GARONNE;31555;Toulouse;20;Risque technologique;21;Risque industriel;211;Effet thermique;FAUX;;FAUX;;2007-01-31;2009-09-22;2009-10-22;;;2010-01-27;2014-05-06;;Caduque;2020-01-01;Annulé;2020-01-01;2020-01-15
PPRT;Plan de Prévention des Risques Technologiques;89DREAL20140005;Primagaz;Direction régionale de l'environnement, de l'aménagement et du logement;;;;27;BOURGOGNE-FRANCHE-COMTE;89;YONNE;89345;Saint-Florentin;20;Risque technologique;21;Risque industriel;211;Effet thermique;FAUX;;FAUX;;2016-05-20;;;;;2017-12-29;;;Opposable;2020-01-01;Approuvé;2020-01-01;2025-03-27
PPRT;Plan de Prévention des Risques Technologiques;33DDTM20160001;PPRT AMBES NORD;Direction départementale des territoires et de la mer;;;;75;NOUVELLE-AQUITAINE;33;GIRONDE;33035;Bayon-sur-Gironde;20;Risque technologique;21;Risque industriel;211;Effet thermique;FAUX;;FAUX;;2016-12-28;;;;;2018-08-30;;;Opposable;2020-01-01;Approuvé;2020-01-01;2025-04-09
PPRT;Plan de Prévention des Risques Technologiques;38DDT20140002;ARKEMA AREVA-CEZUS - Jarrie;Direction départementale des territoires;;;;84;AUVERGNE-RHONE-ALPES;38;ISERE;38445;Saint-Pierre-de-Mésage;20;Risque technologique;21;Risque industriel;212;Effet de surpression;FAUX;;VRAI;38DDT20140007;2010-06-14;2010-10-15;2010-11-15;;;2010-12-20;;2015-05-22;Caduque;2020-01-01;Abrogé;2020-01-01;2020-12-04
PPRT;Plan de Prévention des Risques Technologiques;68DREAL20140003; 68 PPRT BIMA;Direction régionale de l'environnement, de l'aménagement et du logement; 68 PPRT BIMA;;;44;GRAND EST;68;HAUT-RHIN;68063;Cernay;20;Risque technologique;21;Risque industriel;213;Effet toxique;FAUX;;FAUX;;2010-12-20;;;;;2015-03-30;;;Opposable;2020-01-01;Approuvé;2020-01-01;2025-04-09
PPRT;Plan de Prévention des Risques Technologiques;64DREAL20130259;PPRT LACQ MONT;Direction régionale de l'environnement, de l'aménagement et du logement;;;;75;NOUVELLE-AQUITAINE;64;PYRENEES-ATLANTIQUES;64301;Lagor;20;Risque technologique;21;Risque industriel;213;Effet toxique;FAUX;;FAUX;;2010-10-19;;;;;2014-05-06;;;Opposable;2020-01-01;Approuvé;2020-01-01;2025-06-11
PPRT;Plan de Prévention des Risques Technologiques;38DDT20140007;Rév. ARKEMA AREVA-CEZUS-Jarrie;Direction départementale des territoires;;;;84;AUVERGNE-RHONE-ALPES;38;ISERE;38279;Notre-Dame-de-Mésage;20;Risque technologique;21;Risque industriel;211;Effet thermique;VRAI;38DDT20140002;FAUX;;2011-12-21;2014-09-08;2014-10-09;;;2015-05-22;;;Opposable;2020-01-01;Approuvé;2020-01-01;2025-11-21
PPRT;Plan de Prévention des Risques Technologiques;64DREAL20130259;PPRT LACQ MONT;Direction régionale de l'environnement, de l'aménagement et du logement;;;;75;NOUVELLE-AQUITAINE;64;PYRENEES-ATLANTIQUES;64396;Mont;20;Risque technologique;21;Risque industriel;213;Effet toxique;FAUX;;FAUX;;2010-10-19;;;;;2014-05-06;;;Opposable;2020-01-01;Approuvé;2020-01-01;2025-06-11
PPRT;Plan de Prévention des Risques Technologiques;45DREAL20090004;YARA (Aunay-sous-Crécy);Direction régionale de l'environnement, de l'aménagement et du logement;;;;24;CENTRE-VAL DE LOIRE;28;EURE-ET-LOIR;28014;Aunay-sous-Crécy;20;Risque technologique;21;Risque industriel;212;Effet de surpression;FAUX;;FAUX;;2007-10-03;2010-03-12;2010-04-12;;;2010-08-06;2012-11-19;;Caduque;2020-01-01;Annulé;2020-01-01;2014-03-10
PPRT;Plan de Prévention des Risques Technologiques;87DREAL20090004;PPRT Titanobel;Direction régionale de l'environnement, de l'aménagement et du logement;PPRT Titanobel;;;75;NOUVELLE-AQUITAINE;87;HAUTE-VIENNE;87079;La Jonchère-Saint-Maurice;20;Risque technologique;21;Risque industriel;212;Effet de surpression;FAUX;;VRAI;87DREAL20140001;2007-11-26;2009-02-23;2009-03-25;;;2009-05-13;2012-08-28;;Caduque;2020-01-01;Annulé;2020-01-01;2014-06-17
PPRT;Plan de Prévention des Risques Technologiques;67DREAL20090004;67 PPRT TOTAL PETROCHEMICALS;Direction régionale de l'environnement, de l'aménagement et du logement;67 PPRT TOTAL PETROCHEMICALS;;;44;GRAND EST;67;BAS-RHIN;67407;Rohrwiller;20;Risque technologique;21;Risque industriel;211;Effet thermique;FAUX;;FAUX;;2007-06-13;2008-10-13;2008-11-13;;;2009-06-12;;2018-04-20;Caduque;2020-01-01;Abrogé;2020-01-01;2018-08-31
PPRT;Plan de Prévention des Risques Technologiques;26DREAL20170001;26 PPRT SODEREC;Direction régionale de l'environnement, de l'aménagement et du logement;;;;84;AUVERGNE-RHONE-ALPES;26;DROME;26235;Pierrelatte;20;Risque technologique;21;Risque industriel;213;Effet toxique;FAUX;;FAUX;;2012-12-28;2013-12-09;2014-01-09;;;2014-03-11;;;Opposable;2020-01-01;Approuvé;2020-01-01;2025-04-14
;;69DDT20200003;Vallée de la chimie 2;;;;;;;;;69291;Saint-Symphorien-d'Ozon;20;Risque technologique;21;Risque industriel;211;Effet thermique;FAUX;;FAUX;;2019-12-27;;;;2021-02-04;;;;;;;;2021-02-05
PPRT;Plan de Prévention des Risques Technologiques;13DREAL20140006;PPRT - Lavéra 2023;Direction régionale de l'environnement, de l'aménagement et du logement;;;;93;PROVENCE-ALPES-COTE D'AZUR;13;BOUCHES-DU-RHONE;13077;Port-de-Bouc;20;Risque technologique;21;Risque industriel;213;Effet toxique;FAUX;;FAUX;;2013-08-01;;;;;2023-05-15;;;Opposable;2020-01-01;Approuvé;2020-01-01;2025-04-09
PPRT;Plan de Prévention des Risques Technologiques;PPRT_2022_0003;PPRT - Etablissement DGATT Bourges;Direction départementale des territoires;;;;;;18;CHER;18254;Soye-en-Septaine;20;Risque technologique;21;Risque industriel;211;Effet thermique;FAUX;;FAUX;;2020-11-06;;;;;2023-08-03;;;Opposable;2020-01-01;Approuvé;2020-01-01;2025-04-02
PPRT;Plan de Prévention des Risques Technologiques;17DDTM20140003;PPRT RHODIA;Direction départementale des territoires et de la mer;PPRT Rhodia;;;75;NOUVELLE-AQUITAINE;17;CHARENTE-MARITIME;17300;La Rochelle;20;Risque technologique;21;Risque industriel;212;Effet de surpression;FAUX;;FAUX;;2009-12-29;2013-01-28;2013-03-04;2013-07-05;;2013-04-10;;;Opposable;2020-01-01;Approuvé;2020-01-01;2025-04-09
PPRT;Plan de Prévention des Risques Technologiques;76DDTM20150002;Rouen Lubrizol;Direction départementale des territoires et de la mer;;;;28;NORMANDIE;76;SEINE-MARITIME;76540;Rouen;20;Risque technologique;21;Risque industriel;212;Effet de surpression;FAUX;;FAUX;;2010-05-06;2013-11-22;2014-01-18;;;2014-03-31;;;Opposable;2020-01-01;Approuvé;2020-01-01;2025-04-09
PPRT;Plan de Prévention des Risques Technologiques;44DDTM20110005;PPRT TOTAL -ANTARGAZ - Donges;Direction départementale des territoires et de la mer;PPRT Donges;;;52;PAYS DE LA LOIRE;44;LOIRE-ATLANTIQUE;44103;Montoir-de-Bretagne;20;Risque technologique;21;Risque industriel;211;Effet thermique;FAUX;;FAUX;;2010-01-12;;;;;2014-02-21;;;Opposable;2020-01-01;Approuvé;2020-01-01;2025-04-04
PPRT;Plan de Prévention des Risques Technologiques;45DREAL20090005;SYNTHRON (Auzouer-en-Touraine);Direction régionale de l'environnement, de l'aménagement et du logement;;;;24;CENTRE-VAL DE LOIRE;37;INDRE-ET-LOIRE;37010;Auzouer-en-Touraine;20;Risque technologique;21;Risque industriel;213;Effet toxique;FAUX;;FAUX;;2008-03-06;2009-11-03;2009-12-04;;;2010-04-07;;;Opposable;2020-01-01;Approuvé;2020-01-01;2025-04-16
PPRT;Plan de Prévention des Risques Technologiques;64DREAL20130260;PPRT MOURENX;Direction régionale de l'environnement, de l'aménagement et du logement;;;;75;NOUVELLE-AQUITAINE;64;PYRENEES-ATLANTIQUES;64443;Pardies;20;Risque technologique;21;Risque industriel;213;Effet toxique;FAUX;;FAUX;;2008-11-08;;;;;2012-06-14;;;Opposable;2020-01-01;Approuvé;2020-01-01;2025-06-11
PPRT;Plan de Prévention des Risques Technologiques;61DDT20130001;PPR-T - des Rives d'Andaine;Direction départementale des territoires;;;;28;NORMANDIE;61;ORNE;53230;Saint-Julien-du-Terroux;20;Risque technologique;21;Risque industriel;212;Effet de surpression;FAUX;;FAUX;;2010-12-17;2012-10-08;2012-11-09;;;2013-02-05;;;Opposable;2020-01-01;Approuvé;2020-01-01;2025-04-10
PPRT;Plan de Prévention des Risques Technologiques;39DREAL20140001;PPRt Solvay;Direction régionale de l'environnement, de l'aménagement et du logement;Solvay;;;27;BOURGOGNE-FRANCHE-COMTE;39;JURA;39189;Damparis;20;Risque technologique;21;Risque industriel;211;Effet thermique;FAUX;;FAUX;;2008-07-01;2009-09-17;;;;2010-02-24;;;Opposable;2020-01-01;Approuvé;2020-01-01;2025-04-04
PPRT;Plan de Prévention des Risques Technologiques;02DDT20160003;STORENGY;Direction départementale des territoires;;;;32;HAUTS-DE-FRANCE;02;AISNE;02339;Gandelu;20;Risque technologique;21;Risque industriel;211;Effet thermique;FAUX;;FAUX;;2010-10-13;2012-12-17;2013-01-29;;;2013-04-12;;;Opposable;2020-01-01;Approuvé;2020-01-01;2012-04-13
PPRT;Plan de Prévention des Risques Technologiques;58DREAL20140002;Rhodia;Direction régionale de l'environnement, de l'aménagement et du logement;Rhodia (58);;;27;BOURGOGNE-FRANCHE-COMTE;58;NIEVRE;58079;Clamecy;20;Risque technologique;21;Risque industriel;212;Effet de surpression;FAUX;;FAUX;;2009-03-26;;;;;2011-09-19;;;Opposable;2020-01-01;Approuvé;2020-01-01;2025-03-27
PPRT;Plan de Prévention des Risques Technologiques;38DDT20140006;VENCOREX ISOCHEM - Pont-de-Claix;Direction départementale des territoires;;;;84;AUVERGNE-RHONE-ALPES;38;ISERE;38317;Le Pont-de-Claix;20;Risque technologique;21;Risque industriel;211;Effet thermique;FAUX;;FAUX;;2011-12-21;2018-03-23;2018-04-24;;;2018-06-27;;;Opposable;2020-01-01;Approuvé;2020-01-01;2025-04-11
PPRT;Plan de Prévention des Risques Technologiques;04DREAL20140003;PPRT - Arkema [ Saint-Auban ] 2017;Direction régionale de l'environnement, de l'aménagement et du logement;;;;93;PROVENCE-ALPES-COTE D'AZUR;04;ALPES-DE-HAUTE-PROVENCE;04049;Château-Arnoux-Saint-Auban;20;Risque technologique;21;Risque industriel;213;Effet toxique;FAUX;;FAUX;;2011-02-07;;;;;2017-03-15;;;Opposable;2020-01-01;Approuvé;2020-01-01;2025-10-16
PPRT;Plan de Prévention des Risques Technologiques;51DREAL20090013;PPRT SODETAL;Direction régionale de l'environnement, de l'aménagement et du logement;REDAELLI SODETAL TRONVILLE EN BARROIS;;;44;GRAND EST;55;MEUSE;55372;Nançois-sur-Ornain;20;Risque technologique;21;Risque industriel;212;Effet de surpression;FAUX;;FAUX;;2008-05-20;;;;;2010-06-30;;2018-12-20;Caduque;2020-01-01;Abrogé;2020-01-01;2025-03-03
PPRT;Plan de Prévention des Risques Technologiques;31DREAL20090009;PPRT - FIBRE EXCELLENCE;Direction régionale de l'environnement, de l'aménagement et du logement;SAINT-GAUDENS;;;76;OCCITANIE;31;HAUTE-GARONNE;31565;Valentine;20;Risque technologique;21;Risque industriel;213;Effet toxique;FAUX;;FAUX;;2012-12-17;2015-09-21;2015-10-21;;;2015-12-30;;;Opposable;2020-01-01;Approuvé;2020-01-01;2025-04-09
PPRT;Plan de Prévention des Risques Technologiques;13DREAL20140005;PPRT - Fos Ouest 2023;Direction régionale de l'environnement, de l'aménagement et du logement;;;;93;PROVENCE-ALPES-COTE D'AZUR;13;BOUCHES-DU-RHONE;13078;Port-Saint-Louis-du-Rhône;20;Risque technologique;21;Risque industriel;211;Effet thermique;FAUX;;FAUX;;2012-12-03;;;;;2023-04-06;;;Opposable;2020-01-01;Approuvé;2020-01-01;2025-04-09
PPRT;Plan de Prévention des Risques Technologiques;76DDTM20150003;ZIP Petit et Grand Quevilly;Direction départementale des territoires et de la mer;;;;28;NORMANDIE;76;SEINE-MARITIME;76157;Canteleu;20;Risque technologique;21;Risque industriel;213;Effet toxique;FAUX;;FAUX;;2012-12-13;2017-09-20;2017-11-09;;;2018-01-25;;;Opposable;2020-01-01;Approuvé;2020-01-01;2025-04-09
PPRT;Plan de Prévention des Risques Technologiques;51DDT20140006;PPRT SNOI - L'Epine;Direction départementale des territoires;L'Epine;;;44;GRAND EST;51;MARNE;51231;L'Épine;20;Risque technologique;21;Risque industriel;211;Effet thermique;FAUX;;FAUX;;2013-10-28;;;;;2015-02-19;;;Opposable;2020-01-01;Approuvé;2020-01-01;2025-04-09
PPRT;Plan de Prévention des Risques Technologiques;60DREAL20140001;STORENGY;Direction régionale de l'environnement, de l'aménagement et du logement;;;;32;HAUTS-DE-FRANCE;60;OISE;60351;Lataule;20;Risque technologique;21;Risque industriel;211;Effet thermique;FAUX;;FAUX;;2012-12-19;2014-10-06;2014-11-06;;;2014-12-30;;;Opposable;2020-01-01;Approuvé;2020-01-01;2025-03-27
PPRT;Plan de Prévention des Risques Technologiques;PPRT_2022_0003;PPRT - Etablissement DGATT Bourges;Direction départementale des territoires;;;;;;18;CHER;18174;Osmoy;20;Risque technologique;21;Risque industriel;212;Effet de surpression;FAUX;;FAUX;;2020-11-06;;;;;2023-08-03;;;Opposable;2020-01-01;Approuvé;2020-01-01;2025-04-02
PPRT;Plan de Prévention des Risques Technologiques;80DREAL20090002;PPRT révisé AMIENS NORD;Direction régionale de l'environnement, de l'aménagement et du logement;PPRT AMIENS NORD;;;32;HAUTS-DE-FRANCE;80;SOMME;80021;Amiens;20;Risque technologique;21;Risque industriel;213;Effet toxique;FAUX;;VRAI;80DREAL20140001;2008-09-03;;;;;2012-11-16;;2015-01-07;Caduque;2020-01-01;Abrogé;2020-01-01;2021-11-10
PPRT;Plan de Prévention des Risques Technologiques;02DDT20190002;Dépôt de Crépy de la DGSCGC;Direction départementale des territoires;;;;32;HAUTS-DE-FRANCE;02;AISNE;02329;Fourdrain;20;Risque technologique;21;Risque industriel;212;Effet de surpression;FAUX;;FAUX;;2018-07-30;;;;;2021-08-11;;;Opposable;2020-01-01;Approuvé;2020-01-01;2025-04-09
PPRT;Plan de Prévention des Risques Technologiques;37DREAL20140001;ARCHWATER (amboise);Direction régionale de l'environnement, de l'aménagement et du logement;;;;24;CENTRE-VAL DE LOIRE;37;INDRE-ET-LOIRE;37003;Amboise;20;Risque technologique;21;Risque industriel;211;Effet thermique;FAUX;;FAUX;;2009-07-30;2013-01-21;2013-02-22;;;2013-06-12;;2021-12-01;Caduque;2020-01-01;Abrogé;2020-01-01;2022-06-21
PPRT;Plan de Prévention des Risques Technologiques;2BDREAL20160002;PPRT ENGIE;Direction régionale de l'environnement, de l'aménagement et du logement;;;;94;CORSE;2B;HAUTE-CORSE;2B033;Bastia;20;Risque technologique;21;Risque industriel;211;Effet thermique;FAUX;;FAUX;;2011-11-25;;;;;2016-01-25;;;Opposable;2020-01-01;Approuvé;2020-01-01;2025-04-10
PPRT;Plan de Prévention des Risques Technologiques;63DREAL20090004;PPRT ROCKWOOL ISOLATION ST ELOY;Direction régionale de l'environnement, de l'aménagement et du logement;St Eloy les Mines;;;84;AUVERGNE-RHONE-ALPES;63;PUY-DE-DOME;63338;Saint-Éloy-les-Mines;20;Risque technologique;21;Risque industriel;212;Effet de surpression;FAUX;;FAUX;;2008-12-19;2010-04-19;2010-05-19;;;2010-06-14;;;Opposable;2020-01-01;Approuvé;2020-01-01;2025-04-09
PPRT;Plan de Prévention des Risques Technologiques;89DREAL20140005;Primagaz;Direction régionale de l'environnement, de l'aménagement et du logement;;;;27;BOURGOGNE-FRANCHE-COMTE;89;YONNE;89101;Chéu;20;Risque technologique;21;Risque industriel;212;Effet de surpression;FAUX;;FAUX;;2016-05-20;;;;;2017-12-29;;;Opposable;2020-01-01;Approuvé;2020-01-01;2025-03-27
PPRT;Plan de Prévention des Risques Technologiques;38DDT20140007;Rév. ARKEMA AREVA-CEZUS-Jarrie;Direction départementale des territoires;;;;84;AUVERGNE-RHONE-ALPES;38;ISERE;38111;Claix;20;Risque technologique;21;Risque industriel;212;Effet de surpression;VRAI;38DDT20140002;FAUX;;2011-12-21;2014-09-08;2014-10-09;;;2015-05-22;;;Opposable;2020-01-01;Approuvé;2020-01-01;2025-11-21
PPRT;Plan de Prévention des Risques Technologiques;38DDT20140007;Rév. ARKEMA AREVA-CEZUS-Jarrie;Direction départementale des territoires;;;;84;AUVERGNE-RHONE-ALPES;38;ISERE;38111;Claix;20;Risque technologique;21;Risque industriel;213;Effet toxique;VRAI;38DDT20140002;FAUX;;2011-12-21;2014-09-08;2014-10-09;;;2015-05-22;;;Opposable;2020-01-01;Approuvé;2020-01-01;2025-11-21
PPRT;Plan de Prévention des Risques Technologiques;83DREAL20140148;PPRT - militaire pyrotechnie [ Toulon ] 2013;Direction régionale de l'environnement, de l'aménagement et du logement;;;;93;PROVENCE-ALPES-COTE D'AZUR;83;VAR;83137;Toulon;20;Risque technologique;21;Risque industriel;211;Effet thermique;FAUX;;FAUX;;2013-03-01;;;;;;;;Prescrit;2020-01-01;Prescrit;2020-01-01;2025-04-15
PPRT;Plan de Prévention des Risques Technologiques;38DDT20140007;Rév. ARKEMA AREVA-CEZUS-Jarrie;Direction départementale des territoires;;;;84;AUVERGNE-RHONE-ALPES;38;ISERE;38562;Vizille;20;Risque technologique;21;Risque industriel;211;Effet thermique;VRAI;38DDT20140002;FAUX;;2011-12-21;2014-09-08;2014-10-09;;;2015-05-22;;;Opposable;2020-01-01;Approuvé;2020-01-01;2025-11-21
PPRT;Plan de Prévention des Risques Technologiques;73PREF20160031;PPRT-Totalgaz;Préfecture;;;;84;AUVERGNE-RHONE-ALPES;73;SAVOIE;73283;Saint-Vital;20;Risque technologique;21;Risque industriel;212;Effet de surpression;FAUX;;FAUX;;2009-01-29;2013-11-06;2013-12-06;;;2014-04-22;;;Opposable;2020-01-01;Approuvé;2020-01-01;2025-04-04
PPRT;Plan de Prévention des Risques Technologiques;73PREF20160027;PPRT-Thermphos;Préfecture;;;;84;AUVERGNE-RHONE-ALPES;73;SAVOIE;73067;La Chambre;20;Risque technologique;21;Risque industriel;211;Effet thermique;FAUX;;FAUX;;2009-12-31;;;;;2014-06-10;;;Opposable;2020-01-01;Approuvé;2020-01-01;2025-04-04
PPRT;Plan de Prévention des Risques Technologiques;58DREAL20140004;Antargaz;Direction régionale de l'environnement, de l'aménagement et du logement;Antargaz (58);;;27;BOURGOGNE-FRANCHE-COMTE;58;NIEVRE;58051;Challuy;20;Risque technologique;21;Risque industriel;211;Effet thermique;FAUX;;FAUX;;2010-03-10;;;;;2017-06-29;;;Opposable;2020-01-01;Approuvé;2020-01-01;2025-03-27
PPRT;Plan de Prévention des Risques Technologiques;38DDT20140002;ARKEMA AREVA-CEZUS - Jarrie;Direction départementale des territoires;;;;84;AUVERGNE-RHONE-ALPES;38;ISERE;38562;Vizille;20;Risque technologique;21;Risque industriel;213;Effet toxique;FAUX;;VRAI;38DDT20140007;2010-06-14;2010-10-15;2010-11-15;;;2010-12-20;;2015-05-22;Caduque;2020-01-01;Abrogé;2020-01-01;2020-12-04
PPRT;Plan de Prévention des Risques Technologiques;91DDT20130005;PPRT CIM et ANTARGAZ;Direction départementale des territoires;;;;11;ILE-DE-FRANCE;91;ESSONNE;91201;Draveil;20;Risque technologique;21;Risque industriel;211;Effet thermique;FAUX;;FAUX;;2010-03-17;;;;;2018-04-04;;;Opposable;2020-01-01;Approuvé;2020-01-01;2025-04-09
PPRT;Plan de Prévention des Risques Technologiques;59DREAL20090012;PPRT TITANOBEL ETH;Direction régionale de l'environnement, de l'aménagement et du logement;;;;32;HAUTS-DE-FRANCE;59;NORD;59217;Eth;20;Risque technologique;21;Risque industriel;212;Effet de surpression;FAUX;;FAUX;;2008-12-28;2008-12-19;2009-02-19;2011-05-16;;2009-06-02;;2012-07-06;Caduque;2020-01-01;Abrogé;2020-01-01;2024-07-24
PPRT;Plan de Prévention des Risques Technologiques;59DREAL20090008;PPRT NITROBICKFORD;Direction régionale de l'environnement, de l'aménagement et du logement;;;;32;HAUTS-DE-FRANCE;59;NORD;59007;Anhiers;20;Risque technologique;21;Risque industriel;212;Effet de surpression;FAUX;;FAUX;;2008-05-19;2010-01-25;2010-02-26;2010-11-19;;2010-07-12;;;Opposable;2020-01-01;Approuvé;2020-01-01;2025-04-10
PPRT;Plan de Prévention des Risques Technologiques;2BDREAL20170001;PPRT BUTAGAZ;Direction régionale de l'environnement, de l'aménagement et du logement;;;;94;CORSE;2B;HAUTE-CORSE;2B148;Lucciana;20;Risque technologique;21;Risque industriel;212;Effet de surpression;FAUX;;FAUX;;2012-06-13;;;;;2016-06-28;;;Opposable;2020-01-01;Approuvé;2020-01-01;2025-03-25
PPRT;Plan de Prévention des Risques Technologiques;76DDTM20150005;ZIP Le Havre;Direction départementale des territoires et de la mer;;;;28;NORMANDIE;76;SEINE-MARITIME;76660;Sandouville;20;Risque technologique;21;Risque industriel;213;Effet toxique;FAUX;;FAUX;;2010-02-17;2016-05-26;2016-07-12;;;2016-10-17;;;Opposable;2020-01-01;Approuvé;2020-01-01;2019-09-09
PPRT;Plan de Prévention des Risques Technologiques;13DREAL20140009;PPRT -  Brenntag [ Vitrolles ] 2013;Direction régionale de l'environnement, de l'aménagement et du logement;;;;93;PROVENCE-ALPES-COTE D'AZUR;13;BOUCHES-DU-RHONE;13117;Vitrolles;20;Risque technologique;21;Risque industriel;212;Effet de surpression;FAUX;;FAUX;;2009-11-10;2013-05-13;2013-06-14;;;2013-11-04;;;Opposable;2020-01-01;Approuvé;2020-01-01;2025-04-09
PPRT;Plan de Prévention des Risques Technologiques;02DDT20110001;FM Logistic;Direction départementale des territoires;;;;32;HAUTS-DE-FRANCE;02;AISNE;02168;Château-Thierry;20;Risque technologique;21;Risque industriel;211;Effet thermique;FAUX;;FAUX;;2009-09-10;;;;;2010-12-28;;;Opposable;2020-01-01;Approuvé;2020-01-01;2025-04-09
PPRT;Plan de Prévention des Risques Technologiques;26DDT20120010;PPRT - STORENGY;Direction départementale des territoires;;;;84;AUVERGNE-RHONE-ALPES;26;DROME;26314;Saint-Martin-d'Août;20;Risque technologique;21;Risque industriel;212;Effet de surpression;FAUX;;FAUX;;2012-03-26;2015-06-08;;;;2015-10-22;;;Opposable;2020-01-01;Approuvé;2020-01-01;2025-04-09
PPRT;Plan de Prévention des Risques Technologiques;56DREAL20140001;PPRT DPL LORIENT;Direction régionale de l'environnement, de l'aménagement et du logement;;;;53;BRETAGNE;56;MORBIHAN;56121;Lorient;20;Risque technologique;21;Risque industriel;212;Effet de surpression;FAUX;;FAUX;;2009-12-30;2017-09-25;2017-10-30;;;2017-12-27;;;Opposable;2020-01-01;Approuvé;2020-01-01;2025-04-10
PPRT;Plan de Prévention des Risques Technologiques;91DDT20130002;PPRT SMCA;Direction départementale des territoires;;;;11;ILE-DE-FRANCE;91;ESSONNE;91027;Athis-Mons;20;Risque technologique;21;Risque industriel;211;Effet thermique;FAUX;;FAUX;;2008-09-19;;;;;2011-06-22;;;Opposable;2020-01-01;Approuvé;2020-01-01;2025-04-10
PPRT;Plan de Prévention des Risques Technologiques;26DDT20090057;26 PPRT - CHEDDITE France;Direction départementale des territoires;;;;84;AUVERGNE-RHONE-ALPES;26;DROME;26096;Clérieux;20;Risque technologique;21;Risque industriel;212;Effet de surpression;FAUX;;FAUX;;2009-06-29;2011-09-05;2011-10-05;;;2011-12-22;;;Opposable;2020-01-01;Approuvé;2020-01-01;2025-04-14
PPRT;Plan de Prévention des Risques Technologiques;51DDT20140005;PPRT SNOI - Dampierre-au-Temple;Direction départementale des territoires;Dampierre-au-Templs;;;44;GRAND EST;51;MARNE;51617;La Veuve;20;Risque technologique;21;Risque industriel;212;Effet de surpression;FAUX;;FAUX;;2012-01-31;;;;;2014-12-11;;;Opposable;2020-01-01;Approuvé;2020-01-01;2025-04-09
PPRT;Plan de Prévention des Risques Technologiques;39DREAL20140001;PPRt Solvay;Direction régionale de l'environnement, de l'aménagement et du logement;Solvay;;;27;BOURGOGNE-FRANCHE-COMTE;39;JURA;39476;Saint-Aubin;20;Risque technologique;21;Risque industriel;212;Effet de surpression;FAUX;;FAUX;;2008-07-01;2009-09-17;;;;2010-02-24;;;Opposable;2020-01-01;Approuvé;2020-01-01;2025-04-04
PPRT;Plan de Prévention des Risques Technologiques;45DREAL20140005;DPO (Saint-Jean-de-Braye);Direction régionale de l'environnement, de l'aménagement et du logement;;;;24;CENTRE-VAL DE LOIRE;45;LOIRET;45284;Saint-Jean-de-Braye;20;Risque technologique;21;Risque industriel;212;Effet de surpression;FAUX;;FAUX;;2010-03-01;;;;;2017-09-25;;;Opposable;2020-01-01;Approuvé;2020-01-01;2025-04-03
PPRT;Plan de Prévention des Risques Technologiques;39DREAL20140001;PPRt Solvay;Direction régionale de l'environnement, de l'aménagement et du logement;Solvay;;;27;BOURGOGNE-FRANCHE-COMTE;39;JURA;39526;Tavaux;20;Risque technologique;21;Risque industriel;211;Effet thermique;FAUX;;FAUX;;2008-07-01;2009-09-17;;;;2010-02-24;;;Opposable;2020-01-01;Approuvé;2020-01-01;2025-04-04
PPRT;Plan de Prévention des Risques Technologiques;87DDT20080002;PPRT EPC France (Nitro-Bickford);Direction départementale des territoires;;;;75;NOUVELLE-AQUITAINE;87;HAUTE-VIENNE;87159;Saint-Léger-la-Montagne;20;Risque technologique;21;Risque industriel;212;Effet de surpression;FAUX;;FAUX;;2007-11-26;2009-09-07;;;;2009-12-09;;;Opposable;2020-01-01;Approuvé;2020-01-01;2025-04-04
PPRT;Plan de Prévention des Risques Technologiques;38DDT20140006;VENCOREX ISOCHEM - Pont-de-Claix;Direction départementale des territoires;;;;84;AUVERGNE-RHONE-ALPES;38;ISERE;38068;Champagnier;20;Risque technologique;21;Risque industriel;211;Effet thermique;FAUX;;FAUX;;2011-12-21;2018-03-23;2018-04-24;;;2018-06-27;;;Opposable;2020-01-01;Approuvé;2020-01-01;2025-04-11
PPRT;Plan de Prévention des Risques Technologiques;PPRT_2022_0003;PPRT - Etablissement DGATT Bourges;Direction départementale des territoires;;;;;;18;CHER;18018;Avord;20;Risque technologique;21;Risque industriel;213;Effet toxique;FAUX;;FAUX;;2020-11-06;;;;;2023-08-03;;;Opposable;2020-01-01;Approuvé;2020-01-01;2025-04-02
PPRT;Plan de Prévention des Risques Technologiques;45DREAL20090003;VOUZELAUD (Brou);Direction régionale de l'environnement, de l'aménagement et du logement;;;;24;CENTRE-VAL DE LOIRE;28;EURE-ET-LOIR;28061;Brou;20;Risque technologique;21;Risque industriel;212;Effet de surpression;FAUX;;FAUX;;2008-07-21;2009-11-28;2009-12-29;;;2010-03-31;;;Opposable;2020-01-01;Approuvé;2020-01-01;2014-03-18
PPRT;Plan de Prévention des Risques Technologiques;86DREAL20090005;PPRT PICOTY/SDLP;Direction régionale de l'environnement, de l'aménagement et du logement;PPRT Picoty Sdlp;;;75;NOUVELLE-AQUITAINE;17;CHARENTE-MARITIME;17300;La Rochelle;20;Risque technologique;21;Risque industriel;211;Effet thermique;FAUX;;FAUX;;2008-09-10;2013-09-30;2013-10-31;2014-02-27;;2013-12-26;;;Opposable;2020-01-01;Approuvé;2020-01-01;2025-04-09
PPRT;Plan de Prévention des Risques Technologiques;59DREAL20090007;PPRT MINAKEM;Direction régionale de l'environnement, de l'aménagement et du logement;;;;32;HAUTS-DE-FRANCE;59;NORD;59080;Beuvry-la-Forêt;20;Risque technologique;21;Risque industriel;213;Effet toxique;FAUX;;FAUX;;2008-12-05;2010-09-01;2010-10-01;2011-11-04;;2010-12-27;;;Opposable;2020-01-01;Approuvé;2020-01-01;2025-04-10
PPRT;Plan de Prévention des Risques Technologiques;58DREAL20140003;Ardi;Direction régionale de l'environnement, de l'aménagement et du logement;Ardi (58);;;27;BOURGOGNE-FRANCHE-COMTE;58;NIEVRE;58122;Garchy;20;Risque technologique;21;Risque industriel;213;Effet toxique;FAUX;;FAUX;;2009-09-28;;;;;2010-12-28;;;Opposable;2020-01-01;Approuvé;2020-01-01;2025-03-27
PPRT;Plan de Prévention des Risques Technologiques;33DDTM20200001;PPRTDGA-Airbus Safran;Direction départementale des territoires et de la mer;;;;75;NOUVELLE-AQUITAINE;33;GIRONDE;33273;Martignas-sur-Jalle;20;Risque technologique;21;Risque industriel;212;Effet de surpression;FAUX;;FAUX;;2014-06-11;;;;;2017-06-09;;;Opposable;2020-01-01;Approuvé;2020-01-01;2025-04-09
;;69DDT20200003;Vallée de la chimie 2;;;;;;;;;69152;Pierre-Bénite;20;Risque technologique;21;Risque industriel;212;Effet de surpression;FAUX;;FAUX;;2019-12-27;;;;2021-02-04;;;;;;;;2021-02-05
PPRT;Plan de Prévention des Risques Technologiques;41DREAL20140001;STORENGY (Céré-la-Ronde);Direction régionale de l'environnement, de l'aménagement et du logement;;;;24;CENTRE-VAL DE LOIRE;37;INDRE-ET-LOIRE;41002;Angé;20;Risque technologique;21;Risque industriel;212;Effet de surpression;FAUX;;FAUX;;2012-08-06;2013-09-30;2013-10-31;;;2013-12-24;;;Opposable;2020-01-01;Approuvé;2020-01-01;2025-04-16
PPRT;Plan de Prévention des Risques Technologiques;42DDT20130001;42 PPRT Andrézieux Bouthéon SNF;Direction départementale des territoires;;;;84;AUVERGNE-RHONE-ALPES;42;LOIRE;42206;Saint-Bonnet-les-Oules;20;Risque technologique;21;Risque industriel;213;Effet toxique;FAUX;;FAUX;;2010-06-30;2012-10-15;2012-11-16;;;2012-12-20;;;Opposable;2020-01-01;Approuvé;2020-01-01;2025-04-09
PPRT;Plan de Prévention des Risques Technologiques;64DREAL20130259;PPRT LACQ MONT;Direction régionale de l'environnement, de l'aménagement et du logement;;;;75;NOUVELLE-AQUITAINE;64;PYRENEES-ATLANTIQUES;64300;Lacq;20;Risque technologique;21;Risque industriel;211;Effet thermique;FAUX;;FAUX;;2010-10-19;;;;;2014-05-06;;;Opposable;2020-01-01;Approuvé;2020-01-01;2025-06-11
PPRT;Plan de Prévention des Risques Technologiques;39DREAL20140001;PPRt Solvay;Direction régionale de l'environnement, de l'aménagement et du logement;Solvay;;;27;BOURGOGNE-FRANCHE-COMTE;39;JURA;39001;Abergement-la-Ronce;20;Risque technologique;21;Risque industriel;212;Effet de surpression;FAUX;;FAUX;;2008-07-01;2009-09-17;;;;2010-02-24;;;Opposable;2020-01-01;Approuvé;2020-01-01;2025-04-04
PPRT;Plan de Prévention des Risques Technologiques;27DDTM20150001;NUFARM;Direction départementale des territoires et de la mer;;;;28;NORMANDIE;27;EURE;27275;Gaillon;20;Risque technologique;21;Risque industriel;212;Effet de surpression;FAUX;;FAUX;;2009-12-29;2012-06-11;2012-07-12;2013-04-08;;2012-12-12;;;Opposable;2020-01-01;Approuvé;2020-01-01;2025-04-10
PPRT;Plan de Prévention des Risques Technologiques;45DREAL20140001;ND LOGISTICS (Artenay);Direction régionale de l'environnement, de l'aménagement et du logement;;;;24;CENTRE-VAL DE LOIRE;45;LOIRET;45008;Artenay;20;Risque technologique;21;Risque industriel;211;Effet thermique;FAUX;;FAUX;;2012-05-03;2013-04-02;2013-05-03;;;2013-07-02;;;Opposable;2020-01-01;Approuvé;2020-01-01;2025-06-05
PPRT;Plan de Prévention des Risques Technologiques;PPRT_2022_0003;PPRT - Etablissement DGATT Bourges;Direction départementale des territoires;;;;;;18;CHER;18247;Savigny-en-Septaine;20;Risque technologique;21;Risque industriel;211;Effet thermique;FAUX;;FAUX;;2020-11-06;;;;;2023-08-03;;;Opposable;2020-01-01;Approuvé;2020-01-01;2025-04-02
PPRT;Plan de Prévention des Risques Technologiques;60DREAL20140001;STORENGY;Direction régionale de l'environnement, de l'aménagement et du logement;;;;32;HAUTS-DE-FRANCE;60;OISE;60396;Méry-la-Bataille;20;Risque technologique;21;Risque industriel;211;Effet thermique;FAUX;;FAUX;;2012-12-19;2014-10-06;2014-11-06;;;2014-12-30;;;Opposable;2020-01-01;Approuvé;2020-01-01;2025-03-27
PPRT;Plan de Prévention des Risques Technologiques;55DDT20210005;PPRT ROZELIER;Direction départementale des territoires;PPRT ROZELIER;;;44;GRAND EST;55;MEUSE;55237;Haudiomont;20;Risque technologique;21;Risque industriel;214;Effet de projection;FAUX;;FAUX;;2017-11-15;;;;;2023-07-06;;;Opposable;2020-01-01;Approuvé;2020-01-01;2025-04-10
PPRT;Plan de Prévention des Risques Technologiques;95DDT20130002;95-60-27 PPRT STORENGY;Direction départementale des territoires;;;;11;ILE-DE-FRANCE;95;VAL-D'OISE;95541;Saint-Clair-sur-Epte;20;Risque technologique;21;Risque industriel;212;Effet de surpression;FAUX;;FAUX;;2010-10-08;2013-05-30;2013-06-29;;;2013-12-13;;;Opposable;2020-01-01;Approuvé;2020-01-01;2025-04-04
PPRT;Plan de Prévention des Risques Technologiques;04DREAL20140003;PPRT - Arkema [ Saint-Auban ] 2017;Direction régionale de l'environnement, de l'aménagement et du logement;;;;93;PROVENCE-ALPES-COTE D'AZUR;04;ALPES-DE-HAUTE-PROVENCE;04079;L'Escale;20;Risque technologique;21;Risque industriel;213;Effet toxique;FAUX;;FAUX;;2011-02-07;;;;;2017-03-15;;;Opposable;2020-01-01;Approuvé;2020-01-01;2025-10-16
PPRT;Plan de Prévention des Risques Technologiques;18DDT20140002;PPRT du site militaire d'Avord;Direction départementale des territoires;;;;24;CENTRE-VAL DE LOIRE;18;CHER;18018;Avord;20;Risque technologique;21;Risque industriel;213;Effet toxique;FAUX;;FAUX;;2012-12-21;2014-11-03;2014-12-02;;;2015-03-09;;;Opposable;2020-01-01;Approuvé;2020-01-01;2025-04-02
PPRT;Plan de Prévention des Risques Technologiques;62DREAL20140010;PPRT CECA;Direction régionale de l'environnement, de l'aménagement et du logement;;;;32;HAUTS-DE-FRANCE;62;PAS-DE-CALAIS;62042;Athies;20;Risque technologique;21;Risque industriel;212;Effet de surpression;FAUX;;FAUX;;2009-08-11;2014-06-02;2014-07-04;;;2014-12-15;;;Opposable;2020-01-01;Approuvé;2020-01-01;2025-04-04
PPRT;Plan de Prévention des Risques Technologiques;72DDT20100020;PPRT-SDPS St-Gervais -en-Belin;Direction départementale des territoires;;;;52;PAYS DE LA LOIRE;72;SARTHE;72287;Saint-Gervais-en-Belin;20;Risque technologique;21;Risque industriel;212;Effet de surpression;FAUX;;FAUX;;2009-12-07;2011-10-10;2011-11-10;;;2012-03-20;;;Opposable;2020-01-01;Approuvé;2020-01-01;2025-04-04
PPRT;Plan de Prévention des Risques Technologiques;14DDTM20160002;PPRT Dépôts pétroliers côtiers;Direction départementale des territoires et de la mer;calvados;;;28;NORMANDIE;14;CALVADOS;14327;Hérouville-Saint-Clair;20;Risque technologique;21;Risque industriel;211;Effet thermique;FAUX;;FAUX;;2011-01-21;2014-11-17;2014-12-17;;;2015-05-14;;;Opposable;2020-01-01;Approuvé;2020-01-01;2025-04-09
PPRT;Plan de Prévention des Risques Technologiques;18DDT20140002;PPRT du site militaire d'Avord;Direction départementale des territoires;;;;24;CENTRE-VAL DE LOIRE;18;CHER;18166;Nohant-en-Goût;20;Risque technologique;21;Risque industriel;211;Effet thermique;FAUX;;FAUX;;2012-12-21;2014-11-03;2014-12-02;;;2015-03-09;;;Opposable;2020-01-01;Approuvé;2020-01-01;2025-04-02
PPRT;Plan de Prévention des Risques Technologiques;21DDT20130001;TITANOBEL;Direction départementale des territoires;Titanobel (21);;;27;BOURGOGNE-FRANCHE-COMTE;21;COTE-D'OR;21713;Vonges;20;Risque technologique;21;Risque industriel;213;Effet toxique;FAUX;;FAUX;;2009-08-07;2011-11-08;2011-12-09;;;2012-06-29;;;Opposable;2020-01-01;Approuvé;2020-01-01;2025-04-02
PPRT;Plan de Prévention des Risques Technologiques;83DREAL20140005;PPRT - DPCA [ Puget sur Argens ] 2012;Direction régionale de l'environnement, de l'aménagement et du logement;;;;93;PROVENCE-ALPES-COTE D'AZUR;83;VAR;83099;Puget-sur-Argens;20;Risque technologique;21;Risque industriel;212;Effet de surpression;FAUX;;FAUX;;2009-11-30;2012-02-20;2012-03-23;;;2012-09-19;;;Opposable;2020-01-01;Approuvé;2020-01-01;2025-04-15
PPRT;Plan de Prévention des Risques Technologiques;30DDTM20110001;PPRT - EPC (ex NITROBICKFORD);Direction départementale des territoires et de la mer;;;;76;OCCITANIE;30;GARD;30243;Saint-Christol-lez-Alès;20;Risque technologique;21;Risque industriel;211;Effet thermique;FAUX;;FAUX;;2009-07-17;;;;;2012-04-18;;;Opposable;2020-01-01;Approuvé;2020-01-01;2025-04-09
;;69DDT20200003;Vallée de la chimie 2;;;;;;;;;69100;Irigny;20;Risque technologique;21;Risque industriel;213;Effet toxique;FAUX;;FAUX;;2019-12-27;;;;2021-02-04;;;;;;;;2021-02-05
PPRT;Plan de Prévention des Risques Technologiques;38DDT20140006;VENCOREX ISOCHEM - Pont-de-Claix;Direction départementale des territoires;;;;84;AUVERGNE-RHONE-ALPES;38;ISERE;38486;Seyssins;20;Risque technologique;21;Risque industriel;212;Effet de surpression;FAUX;;FAUX;;2011-12-21;2018-03-23;2018-04-24;;;;2018-06-27;;Caduque;2020-01-01;Annulé;2020-01-01;2025-04-11
PPRT;Plan de Prévention des Risques Technologiques;69DREAL20170004;69 PPRT de Genay;Direction départementale des territoires;Genay;;;84;AUVERGNE-RHONE-ALPES;69;RHONE;69143;Neuville-sur-Saône;20;Risque technologique;21;Risque industriel;211;Effet thermique;FAUX;;FAUX;;2011-10-11;2011-06-23;2011-06-23;;;2014-11-10;;;Opposable;2020-01-01;Approuvé;2020-01-01;2014-11-10
PPRT;Plan de Prévention des Risques Technologiques;59DREAL20090003;PPRT CRODA UNIQEMA;Direction régionale de l'environnement, de l'aménagement et du logement;;;;32;HAUTS-DE-FRANCE;62;PAS-DE-CALAIS;62224;Chocques;20;Risque technologique;21;Risque industriel;211;Effet thermique;FAUX;;FAUX;;2007-05-23;;;;;2023-05-10;;;Opposable;2020-01-01;Approuvé;2020-01-01;2025-04-04
PPRT;Plan de Prévention des Risques Technologiques;76DDTM20150003;ZIP Petit et Grand Quevilly;Direction départementale des territoires et de la mer;;;;28;NORMANDIE;76;SEINE-MARITIME;76614;Saint-Martin-de-Boscherville;20;Risque technologique;21;Risque industriel;211;Effet thermique;FAUX;;FAUX;;2012-12-13;2017-09-20;2017-11-09;;;2018-01-25;;;Opposable;2020-01-01;Approuvé;2020-01-01;2025-04-09
PPRT;Plan de Prévention des Risques Technologiques;57DDT20140007;Plate-forme Saint-Avold Nord;Direction départementale des territoires;Plate-forme Saint-Avold Nord;;;44;GRAND EST;57;MOSELLE;57123;Carling;20;Risque technologique;21;Risque industriel;211;Effet thermique;FAUX;;FAUX;;2009-03-26;2013-05-16;2013-06-17;;;2013-10-22;;;Opposable;2020-01-01;Approuvé;2020-01-01;2025-04-10
PPRT;Plan de Prévention des Risques Technologiques;45DREAL20090003;VOUZELAUD (Brou);Direction régionale de l'environnement, de l'aménagement et du logement;;;;24;CENTRE-VAL DE LOIRE;28;EURE-ET-LOIR;28061;Brou;20;Risque technologique;21;Risque industriel;211;Effet thermique;FAUX;;FAUX;;2008-07-21;2009-11-28;2009-12-29;;;2010-03-31;;;Opposable;2020-01-01;Approuvé;2020-01-01;2014-03-18
PPRT;Plan de Prévention des Risques Technologiques;29DREAL20140001;PPRT Mc BRIDE ;Direction régionale de l'environnement, de l'aménagement et du logement;DLI;;;53;BRETAGNE;29;FINISTERE;29241;Rosporden;20;Risque technologique;21;Risque industriel;212;Effet de surpression;FAUX;;FAUX;;2009-10-05;;;2012-03-08;;2011-12-28;;;Opposable;2020-01-01;Approuvé;2020-01-01;2025-03-26
;;90DDT20180001;REVISION PPRT ANTARGAZ-FINAGAZ;;ANTARGAZ-FINAGAZ;;;;;;;;;;;;;;;FAUX;;FAUX;;;;;;;;;;;;;;
PPRT;Plan de Prévention des Risques Technologiques;78DDT20130013;PPRT STORENGY Beynes;Direction départementale des territoires;;;;11;ILE-DE-FRANCE;78;YVELINES;78364;Marcq;20;Risque technologique;21;Risque industriel;212;Effet de surpression;FAUX;;FAUX;;2010-11-08;2012-02-13;2012-03-21;;;2012-05-07;;;Opposable;2020-01-01;Approuvé;2020-01-01;2025-04-10
PPRT;Plan de Prévention des Risques Technologiques;37DREAL20140004;EPC (Cigogné);Direction régionale de l'environnement, de l'aménagement et du logement;;;;24;CENTRE-VAL DE LOIRE;37;INDRE-ET-LOIRE;37075;Cigogné;20;Risque technologique;21;Risque industriel;212;Effet de surpression;FAUX;;FAUX;;2009-10-12;2012-06-18;2012-07-18;;;2012-11-12;;;Opposable;2020-01-01;Approuvé;2020-01-01;2025-04-16
PPRT;Plan de Prévention des Risques Technologiques;22DDTM20080004;PPR DISTRIVERT;Direction départementale des territoires et de la mer;;;;53;BRETAGNE;22;COTES-D'ARMOR;22061;Glomel;20;Risque technologique;21;Risque industriel;211;Effet thermique;FAUX;;FAUX;;2008-02-01;;;;;2010-01-21;;;Opposable;2020-01-01;Approuvé;2020-01-01;2025-02-19
PPRT;Plan de Prévention des Risques Technologiques;13DREAL20140008;PPRT - Arkema [ Marseille - St Menet ] 2013;Direction régionale de l'environnement, de l'aménagement et du logement;;;;93;PROVENCE-ALPES-COTE D'AZUR;13;BOUCHES-DU-RHONE;13055;Marseille;20;Risque technologique;21;Risque industriel;213;Effet toxique;FAUX;;FAUX;;2009-05-22;2013-06-17;2013-07-18;2014-02-24;;2013-11-04;;;Opposable;2020-01-01;Approuvé;2020-01-01;2025-04-09
PPRT;Plan de Prévention des Risques Technologiques;91DDT20130005;PPRT CIM et ANTARGAZ;Direction départementale des territoires;;;;11;ILE-DE-FRANCE;91;ESSONNE;91687;Viry-Châtillon;20;Risque technologique;21;Risque industriel;211;Effet thermique;FAUX;;FAUX;;2010-03-17;;;;;2018-04-04;;;Opposable;2020-01-01;Approuvé;2020-01-01;2025-04-09
PPRT;Plan de Prévention des Risques Technologiques;67DDT20140003;67 PPRT DEPOT DE MUNITIONS DE NEUBOURG;Direction départementale des territoires;;;;44;GRAND EST;67;BAS-RHIN;67328;Niedermodern;20;Risque technologique;21;Risque industriel;211;Effet thermique;FAUX;;FAUX;;2013-02-01;2015-08-17;2015-09-17;;;2015-12-18;;;Opposable;2020-01-01;Approuvé;2020-01-01;2025-04-09
PPRT;Plan de Prévention des Risques Technologiques;02DDT20160003;STORENGY;Direction départementale des territoires;;;;32;HAUTS-DE-FRANCE;02;AISNE;02512;Montigny-l'Allier;20;Risque technologique;21;Risque industriel;211;Effet thermique;FAUX;;FAUX;;2010-10-13;2012-12-17;2013-01-29;;;2013-04-12;;;Opposable;2020-01-01;Approuvé;2020-01-01;2012-04-13
PPRT;Plan de Prévention des Risques Technologiques;PPRT_2022_0003;PPRT - Etablissement DGATT Bourges;Direction départementale des territoires;;;;;;18;CHER;18095;Flavigny;20;Risque technologique;21;Risque industriel;212;Effet de surpression;FAUX;;FAUX;;2020-11-06;;;;;2023-08-03;;;Opposable;2020-01-01;Approuvé;2020-01-01;2025-04-02
PPRT;Plan de Prévention des Risques Technologiques;60DREAL20140006;Arkema - Villers-Saint-Paul;Direction régionale de l'environnement, de l'aménagement et du logement;;;;32;HAUTS-DE-FRANCE;60;OISE;60670;Verneuil-en-Halatte;20;Risque technologique;21;Risque industriel;212;Effet de surpression;FAUX;;FAUX;;2009-04-07;2012-06-18;2012-07-18;;;2012-10-29;;;Opposable;2020-01-01;Approuvé;2020-01-01;2025-03-27
PPRT;Plan de Prévention des Risques Technologiques;52DDT20120001;PPRT Autreville sur la  Renne;Direction départementale des territoires;Partie du territoire  communal;;;44;GRAND EST;52;HAUTE-MARNE;52031;Autreville-sur-la-Renne;20;Risque technologique;21;Risque industriel;211;Effet thermique;FAUX;;FAUX;;2010-11-29;2013-05-06;2013-06-06;;;2013-09-09;;;Opposable;2020-01-01;Approuvé;2020-01-01;2025-04-10
PPRT;Plan de Prévention des Risques Technologiques;PPRT_2025_0004;PPRT - BUTAGAZ - HEBERGEMENT;Direction régionale de l'environnement, de l'aménagement et du logement;Loire-Bretagne;;;;;85;VENDEE;85108;L'Herbergement;20;Risque technologique;21;Risque industriel;211;Effet thermique;FAUX;;FAUX;;2010-08-04;;;;2018-10-04;;;;Caduque;2020-01-01;Déprescrit;2020-01-01;2025-02-14
PPRT;Plan de Prévention des Risques Technologiques;51DREAL20090012;PPRT TITANITE MOUTIERS;Direction régionale de l'environnement, de l'aménagement et du logement;PPRT TITANITE MOUTIERS;;;44;GRAND EST;54;MEURTHE-ET-MOSELLE;54371;Moineville;20;Risque technologique;21;Risque industriel;212;Effet de surpression;FAUX;;FAUX;;2007-10-08;;;;;2010-09-24;;;Opposable;2020-01-01;Approuvé;2020-01-01;2025-04-09
PPRT;Plan de Prévention des Risques Technologiques;33DDTM20160001;PPRT AMBES NORD;Direction départementale des territoires et de la mer;;;;75;NOUVELLE-AQUITAINE;33;GIRONDE;33262;Macau;20;Risque technologique;21;Risque industriel;213;Effet toxique;FAUX;;FAUX;;2016-12-28;;;;;2018-08-30;;;Opposable;2020-01-01;Approuvé;2020-01-01;2025-04-09
PPRT;Plan de Prévention des Risques Technologiques;41DREAL20140005;STORENGY (Chémery-Soings);Direction régionale de l'environnement, de l'aménagement et du logement;;;;24;CENTRE-VAL DE LOIRE;41;LOIR-ET-CHER;41247;Soings-en-Sologne;20;Risque technologique;21;Risque industriel;211;Effet thermique;FAUX;;FAUX;;2012-07-17;2015-10-19;2015-11-19;;;2016-02-19;;;Opposable;2020-01-01;Approuvé;2020-01-01;2025-04-09
PPRT;Plan de Prévention des Risques Technologiques;30DDTM20060002;PPRT -  AXENS et RHODIA ;Direction départementale des territoires et de la mer;;;;76;OCCITANIE;30;GARD;30305;Salindres;20;Risque technologique;21;Risque industriel;213;Effet toxique;FAUX;;FAUX;;2010-11-15;2014-05-19;2014-06-20;;;2014-08-18;;;Opposable;2020-01-01;Approuvé;2020-01-01;2025-04-09
PPRT;Plan de Prévention des Risques Technologiques;21DDT20130001;TITANOBEL;Direction départementale des territoires;Titanobel (21);;;27;BOURGOGNE-FRANCHE-COMTE;21;COTE-D'OR;21337;Lamarche-sur-Saône;20;Risque technologique;21;Risque industriel;213;Effet toxique;FAUX;;FAUX;;2009-08-07;2011-11-08;2011-12-09;;;2012-06-29;;;Opposable;2020-01-01;Approuvé;2020-01-01;2025-04-02
PPRT;Plan de Prévention des Risques Technologiques;13DREAL20110046;PPRT - Eurenco [ Sorgues ] 2013 ;Direction départementale des territoires;;;;93;PROVENCE-ALPES-COTE D'AZUR;84;VAUCLUSE;30312;Sauveterre;20;Risque technologique;21;Risque industriel;214;Effet de projection;FAUX;;FAUX;;2009-07-06;2013-06-10;2013-07-10;;;2013-12-13;;;Opposable;2020-01-01;Approuvé;2020-01-01;2025-04-09
PPRT;Plan de Prévention des Risques Technologiques;62DREAL20140002;PPRT SI GROUP;Direction régionale de l'environnement, de l'aménagement et du logement;;;;32;HAUTS-DE-FRANCE;62;PAS-DE-CALAIS;62119;Béthune;20;Risque technologique;21;Risque industriel;213;Effet toxique;FAUX;;FAUX;;2009-12-07;2011-12-26;2012-01-27;;;2012-05-22;;;Opposable;2020-01-01;Approuvé;2020-01-01;2025-04-04
PPRT;Plan de Prévention des Risques Technologiques;33DDTM20200001;PPRTDGA-Airbus Safran;Direction départementale des territoires et de la mer;;;;75;NOUVELLE-AQUITAINE;33;GIRONDE;33449;Saint-Médard-en-Jalles;20;Risque technologique;21;Risque industriel;212;Effet de surpression;FAUX;;FAUX;;2014-06-11;;;;;2017-06-09;;;Opposable;2020-01-01;Approuvé;2020-01-01;2025-04-09
PPRT;Plan de Prévention des Risques Technologiques;38DDT20140004;TOTAL RAFFINAGE FRANCE-St-Quenti;Direction départementale des territoires;;;;84;AUVERGNE-RHONE-ALPES;38;ISERE;38553;Villefontaine;20;Risque technologique;21;Risque industriel;211;Effet thermique;FAUX;;FAUX;;2009-07-07;2017-10-13;2017-11-13;;;2017-12-19;;;Opposable;2020-01-01;Approuvé;2020-01-01;2025-04-11
PPRT;Plan de Prévention des Risques Technologiques;PPRT_2022_0003;PPRT - Etablissement DGATT Bourges;Direction départementale des territoires;;;;;;18;CHER;18174;Osmoy;20;Risque technologique;21;Risque industriel;213;Effet toxique;FAUX;;FAUX;;2020-11-06;;;;;2023-08-03;;;Opposable;2020-01-01;Approuvé;2020-01-01;2025-04-02
PPRT;Plan de Prévention des Risques Technologiques;04DREAL20140004;PPRT - Géosel - Géoméhane [ Manosque ] 2019;Direction régionale de l'environnement, de l'aménagement et du logement;;;;93;PROVENCE-ALPES-COTE D'AZUR;04;ALPES-DE-HAUTE-PROVENCE;04241;Villemus;20;Risque technologique;21;Risque industriel;211;Effet thermique;FAUX;;FAUX;;2012-07-30;;;;;2019-11-05;;;Opposable;2020-01-01;Approuvé;2020-01-01;2025-11-13
PPRT;Plan de Prévention des Risques Technologiques;21DDT20130001;TITANOBEL;Direction départementale des territoires;Titanobel (21);;;27;BOURGOGNE-FRANCHE-COMTE;21;COTE-D'OR;21233;Drambon;20;Risque technologique;21;Risque industriel;213;Effet toxique;FAUX;;FAUX;;2009-08-07;2011-11-08;2011-12-09;;;2012-06-29;;;Opposable;2020-01-01;Approuvé;2020-01-01;2025-04-02
PPRT;Plan de Prévention des Risques Technologiques;33DREAL20130132;PPRT AMBES SUD;Direction régionale de l'environnement, de l'aménagement et du logement;;;;75;NOUVELLE-AQUITAINE;33;GIRONDE;33004;Ambès;20;Risque technologique;21;Risque industriel;211;Effet thermique;FAUX;;FAUX;;2010-11-10;;;;;2015-07-06;;;Opposable;2020-01-01;Approuvé;2020-01-01;2025-04-09
PPRT;Plan de Prévention des Risques Technologiques;73PREF20160026;PPRT-TRIMET;Préfecture;St Jean de Maurienne;;;84;AUVERGNE-RHONE-ALPES;73;SAVOIE;73248;Saint-Jean-de-Maurienne;20;Risque technologique;21;Risque industriel;212;Effet de surpression;FAUX;;FAUX;;2009-12-31;2012-01-04;2012-02-04;;;2012-04-11;;;Opposable;2020-01-01;Approuvé;2020-01-01;2025-04-04
PPRT;Plan de Prévention des Risques Technologiques;04DREAL20140003;PPRT - Arkema [ Saint-Auban ] 2017;Direction régionale de l'environnement, de l'aménagement et du logement;;;;93;PROVENCE-ALPES-COTE D'AZUR;04;ALPES-DE-HAUTE-PROVENCE;04049;Château-Arnoux-Saint-Auban;20;Risque technologique;21;Risque industriel;211;Effet thermique;FAUX;;FAUX;;2011-02-07;;;;;2017-03-15;;;Opposable;2020-01-01;Approuvé;2020-01-01;2025-10-16
PPRT;Plan de Prévention des Risques Technologiques;39DREAL20140001;PPRt Solvay;Direction régionale de l'environnement, de l'aménagement et du logement;Solvay;;;27;BOURGOGNE-FRANCHE-COMTE;39;JURA;39526;Tavaux;20;Risque technologique;21;Risque industriel;212;Effet de surpression;FAUX;;FAUX;;2008-07-01;2009-09-17;;;;2010-02-24;;;Opposable;2020-01-01;Approuvé;2020-01-01;2025-04-04
PPRT;Plan de Prévention des Risques Technologiques;33DREAL20130134;PPRT SME SAINT HELENE;Direction régionale de l'environnement, de l'aménagement et du logement;;;;75;NOUVELLE-AQUITAINE;33;GIRONDE;33104;Castelnau-de-Médoc;20;Risque technologique;21;Risque industriel;212;Effet de surpression;FAUX;;FAUX;;2009-03-31;2010-10-18;;;;2010-12-21;;;Opposable;2020-01-01;Approuvé;2020-01-01;2025-04-09
PPRT;Plan de Prévention des Risques Technologiques;73PREF20200037;73 PPRT PARK SYSTEME MAURIENN;Préfecture;;;;84;AUVERGNE-RHONE-ALPES;73;SAVOIE;;;;;;;;;FAUX;;FAUX;;;;;;;;;;;;;;
PPRT;Plan de Prévention des Risques Technologiques;69DREAL20090007;51-PPRT FRANGAZ  Sillery;Direction régionale de l'environnement, de l'aménagement et du logement;51-PPRT FRANGAZ  Sillery;;;44;GRAND EST;51;MARNE;51536;Sillery;20;Risque technologique;21;Risque industriel;211;Effet thermique;FAUX;;FAUX;;2009-03-16;;;;;2012-12-31;;2017-04-03;Caduque;2020-01-01;Abrogé;2020-01-01;2020-08-03
PPRT;Plan de Prévention des Risques Technologiques;973DEAL20150004;PPRT Centre spatial guyanais;Direction de l'environnement, de l'aménagement et du logement;;;;03;GUYANE;973;GUYANE;97312;Sinnamary;20;Risque technologique;21;Risque industriel;212;Effet de surpression;FAUX;;FAUX;;2010-06-28;2013-07-15;2013-08-14;;;2013-11-18;;;Opposable;2020-01-01;Approuvé;2020-01-01;2025-06-18
PPRT;Plan de Prévention des Risques Technologiques;71DDT20150001;Bioxal et Azelis Peroxides;Direction départementale des territoires;Bioxal et Azelis Peroxides;;;27;BOURGOGNE-FRANCHE-COMTE;71;SAONE-ET-LOIRE;71076;Chalon-sur-Saône;20;Risque technologique;21;Risque industriel;212;Effet de surpression;FAUX;;FAUX;;2009-04-15;2011-01-24;2011-02-25;;;2011-06-21;;;Opposable;2020-01-01;Approuvé;2020-01-01;2025-03-27
PPRT;Plan de Prévention des Risques Technologiques;55DDT20210005;PPRT ROZELIER;Direction départementale des territoires;PPRT ROZELIER;;;44;GRAND EST;55;MEUSE;55105;Châtillon-sous-les-Côtes;20;Risque technologique;21;Risque industriel;214;Effet de projection;FAUX;;FAUX;;2017-11-15;;;;;2023-07-06;;;Opposable;2020-01-01;Approuvé;2020-01-01;2025-04-10
PPRT;Plan de Prévention des Risques Technologiques;PPRT_2022_0003;PPRT - Etablissement DGATT Bourges;Direction départementale des territoires;;;;;;18;CHER;18081;Crosses;20;Risque technologique;21;Risque industriel;213;Effet toxique;FAUX;;FAUX;;2020-11-06;;;;;2023-08-03;;;Opposable;2020-01-01;Approuvé;2020-01-01;2025-04-02
PPRT;Plan de Prévention des Risques Technologiques;PPRT_2025_0003;PPRT -  VALTRIS;Direction départementale des territoires;Verdun;;;;;55;MEUSE;55200;Fromeréville-les-Vallons;20;Risque technologique;21;Risque industriel;213;Effet toxique;FAUX;;FAUX;;2023-01-10;;;;;2024-06-17;;;Opposable;2020-01-01;Approuvé;2020-01-01;2025-04-10
PPRT;Plan de Prévention des Risques Technologiques;76DREAL20140005;Montville;Direction régionale de l'environnement, de l'aménagement et du logement;;;;28;NORMANDIE;76;SEINE-MARITIME;76245;Eslettes;20;Risque technologique;21;Risque industriel;213;Effet toxique;FAUX;;FAUX;;2009-12-22;2013-04-02;2013-05-02;;;2013-07-25;;;Opposable;2020-01-01;Approuvé;2020-01-01;2025-04-09
PPRT;Plan de Prévention des Risques Technologiques;62DREAL20140006;PPRT STYROLUTION;Direction régionale de l'environnement, de l'aménagement et du logement;;;;32;HAUTS-DE-FRANCE;62;PAS-DE-CALAIS;62895;Wingles;20;Risque technologique;21;Risque industriel;211;Effet thermique;FAUX;;FAUX;;2009-12-24;2011-11-28;2011-12-28;;;2012-04-17;;;Opposable;2020-01-01;Approuvé;2020-01-01;2025-04-04
PPRT;Plan de Prévention des Risques Technologiques;04DREAL20140005;PPRT - Sanofi [ Sisteron ] 2011;Direction régionale de l'environnement, de l'aménagement et du logement;;;;93;PROVENCE-ALPES-COTE D'AZUR;04;ALPES-DE-HAUTE-PROVENCE;04209;Sisteron;20;Risque technologique;21;Risque industriel;213;Effet toxique;FAUX;;FAUX;;2009-08-28;2011-09-28;2011-10-28;2012-03-26;;2011-12-28;;;Opposable;2020-01-01;Approuvé;2020-01-01;2025-11-18
PPRT;Plan de Prévention des Risques Technologiques;45DREAL20090006;APPROSERVICE (Fossé);Direction régionale de l'environnement, de l'aménagement et du logement;;;;24;CENTRE-VAL DE LOIRE;41;LOIR-ET-CHER;41128;Marolles;20;Risque technologique;21;Risque industriel;213;Effet toxique;FAUX;;FAUX;;2007-10-05;2010-01-04;2010-02-05;;;2010-04-02;;;Opposable;2020-01-01;Approuvé;2020-01-01;2025-04-09
PPRT;Plan de Prévention des Risques Technologiques;51DREAL20090011;PPRT AIR LIQUIDE Richemont;Direction régionale de l'environnement, de l'aménagement et du logement;PPRT AIR LIQUIDE Richemont;;;44;GRAND EST;57;MOSELLE;57582;Richemont;20;Risque technologique;21;Risque industriel;213;Effet toxique;FAUX;;FAUX;;2008-05-06;2011-06-17;2011-07-17;;;2011-12-19;;;Opposable;2020-01-01;Approuvé;2020-01-01;2025-04-10
PPRT;Plan de Prévention des Risques Technologiques;11DDTM20120028;PPRT - Port La Nouvelle Zone portuaire;Direction départementale des territoires et de la mer;Zone portuaire Port La Nouvelle;;;76;OCCITANIE;11;AUDE;11266;Port-la-Nouvelle;20;Risque technologique;21;Risque industriel;211;Effet thermique;FAUX;;FAUX;;2010-06-23;2014-09-01;2014-09-30;;;2014-11-19;;;Opposable;2020-01-01;Approuvé;2020-01-01;2025-04-09
PPRT;Plan de Prévention des Risques Technologiques;64DREAL20130259;PPRT LACQ MONT;Direction régionale de l'environnement, de l'aménagement et du logement;;;;75;NOUVELLE-AQUITAINE;64;PYRENEES-ATLANTIQUES;64301;Lagor;20;Risque technologique;21;Risque industriel;212;Effet de surpression;FAUX;;FAUX;;2010-10-19;;;;;2014-05-06;;;Opposable;2020-01-01;Approuvé;2020-01-01;2025-06-11
PPRT;Plan de Prévention des Risques Technologiques;30DDTM20060004;PPRT - Distagri (ex De Sangosse);Direction départementale des territoires et de la mer;;;;76;OCCITANIE;30;GARD;30258;Saint-Gilles;20;Risque technologique;21;Risque industriel;211;Effet thermique;FAUX;;FAUX;;2010-02-25;;;;;2012-04-11;;;Opposable;2020-01-01;Approuvé;2020-01-01;2025-04-09
PPRT;Plan de Prévention des Risques Technologiques;79DDT20110048;PPRT RHODIA / SOLVAY;Direction départementale des territoires;;;;75;NOUVELLE-AQUITAINE;79;DEUX-SEVRES;79174;Melle;20;Risque technologique;21;Risque industriel;212;Effet de surpression;FAUX;;FAUX;;2010-12-28;2012-11-12;2012-12-14;;;2013-02-25;;;Opposable;2020-01-01;Approuvé;2020-01-01;2025-04-09
PPRT;Plan de Prévention des Risques Technologiques;34DDTM20120162;PPRT - SBM et Gazechim;Direction départementale des territoires et de la mer;;;;76;OCCITANIE;34;HERAULT;34032;Béziers;20;Risque technologique;21;Risque industriel;212;Effet de surpression;FAUX;;FAUX;;2010-04-13;2015-04-20;2015-05-22;;;2015-08-03;;;Opposable;2020-01-01;Approuvé;2020-01-01;2025-05-01
PPRT;Plan de Prévention des Risques Technologiques;04DREAL20140004;PPRT - Géosel - Géoméhane [ Manosque ] 2019;Direction régionale de l'environnement, de l'aménagement et du logement;;;;93;PROVENCE-ALPES-COTE D'AZUR;04;ALPES-DE-HAUTE-PROVENCE;04112;Manosque;20;Risque technologique;21;Risque industriel;212;Effet de surpression;FAUX;;FAUX;;2012-07-30;;;;;2019-11-05;;;Opposable;2020-01-01;Approuvé;2020-01-01;2025-11-13
PPRT;Plan de Prévention des Risques Technologiques;33DREAL20090003;BASSENS AMBARES;Direction régionale de l'environnement, de l'aménagement et du logement;BASSENS AMBARES;;;75;NOUVELLE-AQUITAINE;33;GIRONDE;33003;Ambarès-et-Lagrave;20;Risque technologique;21;Risque industriel;212;Effet de surpression;FAUX;;FAUX;;2008-12-22;;;;;2010-12-21;;;Opposable;2020-01-01;Approuvé;2020-01-01;2025-04-09
PPRT;Plan de Prévention des Risques Technologiques;64DREAL20130260;PPRT MOURENX;Direction régionale de l'environnement, de l'aménagement et du logement;;;;75;NOUVELLE-AQUITAINE;64;PYRENEES-ATLANTIQUES;64418;Noguères;20;Risque technologique;21;Risque industriel;211;Effet thermique;FAUX;;FAUX;;2008-11-08;;;;;2012-06-14;;;Opposable;2020-01-01;Approuvé;2020-01-01;2025-06-11
PPRT;Plan de Prévention des Risques Technologiques;38DDT20140002;ARKEMA AREVA-CEZUS - Jarrie;Direction départementale des territoires;;;;84;AUVERGNE-RHONE-ALPES;38;ISERE;38545;Vif;20;Risque technologique;21;Risque industriel;211;Effet thermique;FAUX;;VRAI;38DDT20140007;2010-06-14;2010-10-15;2010-11-15;;;2010-12-20;;2015-05-22;Caduque;2020-01-01;Abrogé;2020-01-01;2020-12-04
PPRT;Plan de Prévention des Risques Technologiques;49DDT20110018;PPRT CCMP Bouchemaine;Direction départementale des territoires;;;;52;PAYS DE LA LOIRE;49;MAINE-ET-LOIRE;49035;Bouchemaine;20;Risque technologique;21;Risque industriel;212;Effet de surpression;FAUX;;FAUX;;2009-12-23;2011-10-17;2011-11-19;2012-12-10;;2012-03-08;;2021-02-09;Caduque;2020-01-01;Abrogé;2020-01-01;2021-10-05
PPRT;Plan de Prévention des Risques Technologiques;38DDT20140001;PCAS - Bourgoin Jallieu;Direction départementale des territoires;Bourgoin Jallieu;;;84;AUVERGNE-RHONE-ALPES;38;ISERE;38053;Bourgoin-Jallieu;20;Risque technologique;21;Risque industriel;211;Effet thermique;FAUX;;FAUX;;2009-04-27;2012-10-10;2012-11-09;2013-05-16;;2012-12-18;;;Opposable;2020-01-01;Approuvé;2020-01-01;2025-04-11
PPRT;Plan de Prévention des Risques Technologiques;77DDT20130003;PPRT GAZECHIM CCMP GEREP;Direction départementale des territoires;PPRT GAZECHIM CCMP GEREP;;;11;ILE-DE-FRANCE;77;SEINE-ET-MARNE;77294;Mitry-Mory;20;Risque technologique;21;Risque industriel;212;Effet de surpression;FAUX;;FAUX;;2014-02-06;;;;;2015-08-19;;;Opposable;2020-01-01;Approuvé;2020-01-01;2025-06-16
PPRT;Plan de Prévention des Risques Technologiques;13DREAL20140007;PPRT - Arcelor Mittal 2013;Direction régionale de l'environnement, de l'aménagement et du logement;;;;93;PROVENCE-ALPES-COTE D'AZUR;13;BOUCHES-DU-RHONE;13039;Fos-sur-Mer;20;Risque technologique;21;Risque industriel;212;Effet de surpression;FAUX;;FAUX;;2009-11-10;2013-04-08;2013-05-14;;;2013-08-01;;;Opposable;2020-01-01;Approuvé;2020-01-01;2025-04-09
PPRT;Plan de Prévention des Risques Technologiques;59DREAL20140001;PPRT Zone Industrialo-Portuaire;Direction régionale de l'environnement, de l'aménagement et du logement;;;;32;HAUTS-DE-FRANCE;59;NORD;59271;Grande-Synthe;20;Risque technologique;21;Risque industriel;213;Effet toxique;FAUX;;FAUX;;2009-02-20;2015-10-06;2015-11-06;;;2015-12-28;;;Opposable;2020-01-01;Approuvé;2020-01-01;2025-04-10
PPRT;Plan de Prévention des Risques Technologiques;89DREAL20140004;Titanobel;Direction régionale de l'environnement, de l'aménagement et du logement;T itanobel (89) ;;;27;BOURGOGNE-FRANCHE-COMTE;89;YONNE;89189;Gisy-les-Nobles;20;Risque technologique;21;Risque industriel;213;Effet toxique;FAUX;;FAUX;;2010-07-09;;;;;2012-06-20;;;Opposable;2020-01-01;Approuvé;2020-01-01;2025-03-27
PPRT;Plan de Prévention des Risques Technologiques;33DDTM20200001;PPRTDGA-Airbus Safran;Direction départementale des territoires et de la mer;;;;75;NOUVELLE-AQUITAINE;33;GIRONDE;33449;Saint-Médard-en-Jalles;20;Risque technologique;21;Risque industriel;214;Effet de projection;FAUX;;FAUX;;2014-06-11;;;;;2017-06-09;;;Opposable;2020-01-01;Approuvé;2020-01-01;2025-04-09
PPRT;Plan de Prévention des Risques Technologiques;33DDTM20160001;PPRT AMBES NORD;Direction départementale des territoires et de la mer;;;;75;NOUVELLE-AQUITAINE;33;GIRONDE;33475;Saint-Seurin-de-Bourg;20;Risque technologique;21;Risque industriel;212;Effet de surpression;FAUX;;FAUX;;2016-12-28;;;;;2018-08-30;;;Opposable;2020-01-01;Approuvé;2020-01-01;2025-04-09
PPRT;Plan de Prévention des Risques Technologiques;86DDT20130011;BOLORE ENERGY SA (ex PICOTY);Direction départementale des territoires;;;;75;NOUVELLE-AQUITAINE;86;VIENNE;86062;Chasseneuil-du-Poitou;20;Risque technologique;21;Risque industriel;211;Effet thermique;FAUX;;FAUX;;2009-04-21;2011-01-24;2011-02-23;2011-04-01;;2011-03-23;;;Opposable;2020-01-01;Approuvé;2020-01-01;2025-04-10
PPRT;Plan de Prévention des Risques Technologiques;PPRT_2023_0003;PPRT - dépôt de munitions Ventiseri ;Direction départementale des territoires;;;;;;2B;HAUTE-CORSE;2B342;Ventiseri;20;Risque technologique;21;Risque industriel;214;Effet de projection;FAUX;;FAUX;;2013-07-05;;;;;2017-01-24;;;Opposable;2020-01-01;Approuvé;2020-01-01;2023-01-23
PPRT;Plan de Prévention des Risques Technologiques;18DDT20140002;PPRT du site militaire d'Avord;Direction départementale des territoires;;;;24;CENTRE-VAL DE LOIRE;18;CHER;18247;Savigny-en-Septaine;20;Risque technologique;21;Risque industriel;213;Effet toxique;FAUX;;FAUX;;2012-12-21;2014-11-03;2014-12-02;;;2015-03-09;;;Opposable;2020-01-01;Approuvé;2020-01-01;2025-04-02
PPRT;Plan de Prévention des Risques Technologiques;18DDT20140002;PPRT du site militaire d'Avord;Direction départementale des territoires;;;;24;CENTRE-VAL DE LOIRE;18;CHER;18166;Nohant-en-Goût;20;Risque technologique;21;Risque industriel;212;Effet de surpression;FAUX;;FAUX;;2012-12-21;2014-11-03;2014-12-02;;;2015-03-09;;;Opposable;2020-01-01;Approuvé;2020-01-01;2025-04-02
PPRT;Plan de Prévention des Risques Technologiques;77DDT20130004;PPRT SOGIF;Direction départementale des territoires;PPRT SOGIF;;;11;ILE-DE-FRANCE;77;SEINE-ET-MARNE;77251;Lieusaint;20;Risque technologique;21;Risque industriel;211;Effet thermique;FAUX;;FAUX;;2009-11-23;2010-09-22;2010-10-23;;;2010-12-14;;;Opposable;2020-01-01;Approuvé;2020-01-01;2025-04-09
PPRT;Plan de Prévention des Risques Technologiques;60DREAL20140001;STORENGY;Direction régionale de l'environnement, de l'aménagement et du logement;;;;32;HAUTS-DE-FRANCE;60;OISE;60191;Cuvilly;20;Risque technologique;21;Risque industriel;212;Effet de surpression;FAUX;;FAUX;;2012-12-19;2014-10-06;2014-11-06;;;2014-12-30;;;Opposable;2020-01-01;Approuvé;2020-01-01;2025-03-27
;;69DDT20200003;Vallée de la chimie 2;;;;;;;;;69259;Vénissieux;20;Risque technologique;21;Risque industriel;211;Effet thermique;FAUX;;FAUX;;2019-12-27;;;;2021-02-04;;;;;;;;2021-02-05
PPRT;Plan de Prévention des Risques Technologiques;67DDT20140003;67 PPRT DEPOT DE MUNITIONS DE NEUBOURG;Direction départementale des territoires;;;;44;GRAND EST;67;BAS-RHIN;67328;Niedermodern;20;Risque technologique;21;Risque industriel;212;Effet de surpression;FAUX;;FAUX;;2013-02-01;2015-08-17;2015-09-17;;;2015-12-18;;;Opposable;2020-01-01;Approuvé;2020-01-01;2025-04-09
PPRT;Plan de Prévention des Risques Technologiques;79DDT20110046;PPRT EXPLOSIFS SEVRE ATLANTIQUE;Direction départementale des territoires;;;;75;NOUVELLE-AQUITAINE;79;DEUX-SEVRES;79326;Thénezay;20;Risque technologique;21;Risque industriel;212;Effet de surpression;FAUX;;FAUX;;2009-10-20;2011-05-02;2011-06-03;;;2011-08-05;;;Opposable;2020-01-01;Approuvé;2020-01-01;2025-04-09
PPRT;Plan de Prévention des Risques Technologiques;76DDTM20150004;ZIP Petit-Couronne;Direction départementale des territoires et de la mer;;;;28;NORMANDIE;76;SEINE-MARITIME;76497;Petit-Couronne;20;Risque technologique;21;Risque industriel;212;Effet de surpression;FAUX;;FAUX;;2012-12-13;2018-10-08;2018-11-29;;;2019-01-29;;;Opposable;2020-01-01;Approuvé;2020-01-01;2025-04-09
PPRT;Plan de Prévention des Risques Technologiques;87DREAL20090004;PPRT Titanobel;Direction régionale de l'environnement, de l'aménagement et du logement;PPRT Titanobel;;;75;NOUVELLE-AQUITAINE;87;HAUTE-VIENNE;87016;Les Billanges;20;Risque technologique;21;Risque industriel;212;Effet de surpression;FAUX;;VRAI;87DREAL20140001;2007-11-26;2009-02-23;2009-03-25;;;2009-05-13;2012-08-28;;Caduque;2020-01-01;Annulé;2020-01-01;2014-06-17
PPRT;Plan de Prévention des Risques Technologiques;83DREAL20140005;PPRT - DPCA [ Puget sur Argens ] 2012;Direction régionale de l'environnement, de l'aménagement et du logement;;;;93;PROVENCE-ALPES-COTE D'AZUR;83;VAR;83099;Puget-sur-Argens;20;Risque technologique;21;Risque industriel;211;Effet thermique;FAUX;;FAUX;;2009-11-30;2012-02-20;2012-03-23;;;2012-09-19;;;Opposable;2020-01-01;Approuvé;2020-01-01;2025-04-15
PPRT;Plan de Prévention des Risques Technologiques;76DDTM20150003;ZIP Petit et Grand Quevilly;Direction départementale des territoires et de la mer;;;;28;NORMANDIE;76;SEINE-MARITIME;76498;Le Petit-Quevilly;20;Risque technologique;21;Risque industriel;211;Effet thermique;FAUX;;FAUX;;2012-12-13;2017-09-20;2017-11-09;;;2018-01-25;;;Opposable;2020-01-01;Approuvé;2020-01-01;2025-04-09
PPRT;Plan de Prévention des Risques Technologiques;54DDT20150011;PPRT SAINT BAUSSANT;Direction départementale des territoires;Industriel;;;44;GRAND EST;54;MEURTHE-ET-MOSELLE;55270;Lahayville;20;Risque technologique;21;Risque industriel;212;Effet de surpression;FAUX;;FAUX;;2015-05-11;;;;;2016-10-06;;;Opposable;2020-01-01;Approuvé;2020-01-01;2025-04-10
PPRT;Plan de Prévention des Risques Technologiques;76DREAL20150001;Saint-Pierre-lès-Elbeuf;Direction régionale de l'environnement, de l'aménagement et du logement;;;;28;NORMANDIE;76;SEINE-MARITIME;27322;La Haye-Malherbe;20;Risque technologique;21;Risque industriel;212;Effet de surpression;FAUX;;FAUX;;2010-05-06;2014-02-24;2014-03-26;;;2014-06-03;;;Opposable;2020-01-01;Approuvé;2020-01-01;2025-04-09
PPRT;Plan de Prévention des Risques Technologiques;41DREAL20140004;MBDA (Selles-Saint-Denis);Direction régionale de l'environnement, de l'aménagement et du logement;;;;24;CENTRE-VAL DE LOIRE;41;LOIR-ET-CHER;41241;Selles-Saint-Denis;20;Risque technologique;21;Risque industriel;211;Effet thermique;FAUX;;FAUX;;2010-03-16;2011-11-02;2011-12-02;;;2011-12-27;;;Opposable;2020-01-01;Approuvé;2020-01-01;2025-04-09
PPRT;Plan de Prévention des Risques Technologiques;04DREAL20140003;PPRT - Arkema [ Saint-Auban ] 2017;Direction régionale de l'environnement, de l'aménagement et du logement;;;;93;PROVENCE-ALPES-COTE D'AZUR;04;ALPES-DE-HAUTE-PROVENCE;04079;L'Escale;20;Risque technologique;21;Risque industriel;211;Effet thermique;FAUX;;FAUX;;2011-02-07;;;;;2017-03-15;;;Opposable;2020-01-01;Approuvé;2020-01-01;2025-10-16
PPRT;Plan de Prévention des Risques Technologiques;76DDTM20150003;ZIP Petit et Grand Quevilly;Direction départementale des territoires et de la mer;;;;28;NORMANDIE;76;SEINE-MARITIME;76540;Rouen;20;Risque technologique;21;Risque industriel;211;Effet thermique;FAUX;;FAUX;;2012-12-13;2017-09-20;2017-11-09;;;2018-01-25;;;Opposable;2020-01-01;Approuvé;2020-01-01;2025-04-09
PPRT;Plan de Prévention des Risques Technologiques;68DREAL20140003; 68 PPRT BIMA;Direction régionale de l'environnement, de l'aménagement et du logement; 68 PPRT BIMA;;;44;GRAND EST;68;HAUT-RHIN;68342;Uffholtz;20;Risque technologique;21;Risque industriel;212;Effet de surpression;FAUX;;FAUX;;2010-12-20;;;;;2015-03-30;;;Opposable;2020-01-01;Approuvé;2020-01-01;2025-04-09
PPRT;Plan de Prévention des Risques Technologiques;38DDT20140009;ADISSEO TOURMALINE-St-Clair-Rhôn;Direction départementale des territoires;38 et 69;;;84;AUVERGNE-RHONE-ALPES;38;ISERE;42056;Chavanay;20;Risque technologique;21;Risque industriel;211;Effet thermique;FAUX;;FAUX;;2012-02-09;2018-04-24;2018-05-24;;;2018-07-18;;;Opposable;2020-01-01;Approuvé;2020-01-01;2025-04-10
PPRT;Plan de Prévention des Risques Technologiques;76DREAL20140007;Saint Aubin les Elbeuf;Direction régionale de l'environnement, de l'aménagement et du logement;;;;28;NORMANDIE;76;SEINE-MARITIME;76561;Saint-Aubin-lès-Elbeuf;20;Risque technologique;21;Risque industriel;212;Effet de surpression;FAUX;;FAUX;;2010-04-22;2013-09-16;2013-10-18;;;2013-12-02;;;Opposable;2020-01-01;Approuvé;2020-01-01;2025-04-09
PPRT;Plan de Prévention des Risques Technologiques;13DREAL20140006;PPRT - Lavéra 2023;Direction régionale de l'environnement, de l'aménagement et du logement;;;;93;PROVENCE-ALPES-COTE D'AZUR;13;BOUCHES-DU-RHONE;13056;Martigues;20;Risque technologique;21;Risque industriel;213;Effet toxique;FAUX;;FAUX;;2013-08-01;;;;;2023-05-15;;;Opposable;2020-01-01;Approuvé;2020-01-01;2025-04-09
PPRT;Plan de Prévention des Risques Technologiques;62DREAL20140004;PPRT ACT'APPRO;Direction régionale de l'environnement, de l'aménagement et du logement;;;;32;HAUTS-DE-FRANCE;62;PAS-DE-CALAIS;62381;Gouy-en-Ternois;20;Risque technologique;21;Risque industriel;213;Effet toxique;FAUX;;FAUX;;2009-09-09;2010-09-01;2010-10-01;;;2010-12-03;;;Opposable;2020-01-01;Approuvé;2020-01-01;2025-04-04
PPRT;Plan de Prévention des Risques Technologiques;69DREAL20170004;69 PPRT de Genay;Direction départementale des territoires;Genay;;;84;AUVERGNE-RHONE-ALPES;69;RHONE;69278;Genay;20;Risque technologique;21;Risque industriel;213;Effet toxique;FAUX;;FAUX;;2011-10-11;2011-06-23;2011-06-23;;;2014-11-10;;;Opposable;2020-01-01;Approuvé;2020-01-01;2014-11-10
PPRT;Plan de Prévention des Risques Technologiques;69DREAL20170002;69 PPRT de Chassieu;Direction régionale de l'environnement, de l'aménagement et du logement;Chassieu;;;84;AUVERGNE-RHONE-ALPES;69;RHONE;69271;Chassieu;20;Risque technologique;21;Risque industriel;211;Effet thermique;FAUX;;FAUX;;2010-10-11;2011-12-28;2012-01-28;;;2012-08-08;;;Opposable;2020-01-01;Approuvé;2020-01-01;2025-04-04
PPRT;Plan de Prévention des Risques Technologiques;76DDTM20150002;Rouen Lubrizol;Direction départementale des territoires et de la mer;;;;28;NORMANDIE;76;SEINE-MARITIME;76540;Rouen;20;Risque technologique;21;Risque industriel;213;Effet toxique;FAUX;;FAUX;;2010-05-06;2013-11-22;2014-01-18;;;2014-03-31;;;Opposable;2020-01-01;Approuvé;2020-01-01;2025-04-09
PPRT;Plan de Prévention des Risques Technologiques;64DDTM20170001;PPRt - SEDZERE;Direction départementale des territoires et de la mer;;;;75;NOUVELLE-AQUITAINE;64;PYRENEES-ATLANTIQUES;64438;Ouillon;20;Risque technologique;21;Risque industriel;212;Effet de surpression;FAUX;;FAUX;;2017-01-20;;;;;2018-12-21;;;Opposable;2020-01-01;Approuvé;2020-01-01;2025-06-11
PPRT;Plan de Prévention des Risques Technologiques;29DREAL20140002;PPRT NOBELSPORT;Direction régionale de l'environnement, de l'aménagement et du logement;Pyrotechnie;;;53;BRETAGNE;29;FINISTERE;29302;Pont-de-Buis-lès-Quimerch;20;Risque technologique;21;Risque industriel;211;Effet thermique;FAUX;;FAUX;;2009-12-29;;;2011-10-12;;2010-12-30;;;Opposable;2020-01-01;Approuvé;2020-01-01;2025-03-26
PPRT;Plan de Prévention des Risques Technologiques;49DDT20110020;PPRT Zach System Avrillé;Direction départementale des territoires;;;;52;PAYS DE LA LOIRE;49;MAINE-ET-LOIRE;49214;Montreuil-Juigné;20;Risque technologique;21;Risque industriel;213;Effet toxique;FAUX;;FAUX;;2010-12-22;2014-05-12;2014-06-13;;;2014-10-06;;;Opposable;2020-01-01;Approuvé;2020-01-01;2025-04-04
PPRT;Plan de Prévention des Risques Technologiques;59DDTM20130004;PPRT PPG SAULTAIN;Direction départementale des territoires et de la mer;;;;32;HAUTS-DE-FRANCE;59;NORD;59557;Saultain;20;Risque technologique;21;Risque industriel;213;Effet toxique;FAUX;;FAUX;;2010-03-23;2011-09-26;2011-10-27;2012-11-12;;2011-12-13;;;Opposable;2020-01-01;Approuvé;2020-01-01;2025-04-10
PPRT;Plan de Prévention des Risques Technologiques;38DDT20140005;ROUSSILLON-SALAISE SUR SANNE;Direction départementale des territoires;;;;84;AUVERGNE-RHONE-ALPES;38;ISERE;38344;Roussillon;20;Risque technologique;21;Risque industriel;212;Effet de surpression;FAUX;;FAUX;;2009-04-06;2014-01-27;2014-02-28;;;2014-07-09;;;Opposable;2020-01-01;Approuvé;2020-01-01;2017-06-09
PPRT;Plan de Prévention des Risques Technologiques;02DDT20110001;FM Logistic;Direction départementale des territoires;;;;32;HAUTS-DE-FRANCE;02;AISNE;02168;Château-Thierry;20;Risque technologique;21;Risque industriel;213;Effet toxique;FAUX;;FAUX;;2009-09-10;;;;;2010-12-28;;;Opposable;2020-01-01;Approuvé;2020-01-01;2025-04-09
PPRT;Plan de Prévention des Risques Technologiques;38DDT20140002;ARKEMA AREVA-CEZUS - Jarrie;Direction départementale des territoires;;;;84;AUVERGNE-RHONE-ALPES;38;ISERE;38317;Le Pont-de-Claix;20;Risque technologique;21;Risque industriel;211;Effet thermique;FAUX;;VRAI;38DDT20140007;2010-06-14;2010-10-15;2010-11-15;;;2010-12-20;;2015-05-22;Caduque;2020-01-01;Abrogé;2020-01-01;2020-12-04
PPRT;Plan de Prévention des Risques Technologiques;91DDT20130004;PPRT SME et ISOCHEM;Direction départementale des territoires;;;;11;ILE-DE-FRANCE;91;ESSONNE;91045;Ballancourt-sur-Essonne;20;Risque technologique;21;Risque industriel;211;Effet thermique;FAUX;;FAUX;;2010-01-19;;;;;2014-09-19;;;Opposable;2020-01-01;Approuvé;2020-01-01;2025-04-09
PPRT;Plan de Prévention des Risques Technologiques;03DREAL20140001;PPRT - ALL'CHEM - Montluçon;Direction régionale de l'environnement, de l'aménagement et du logement;Montluçon;;;84;AUVERGNE-RHONE-ALPES;03;ALLIER;03098;Désertines;20;Risque technologique;21;Risque industriel;212;Effet de surpression;FAUX;;FAUX;;2010-03-09;2013-05-27;2013-06-27;;;2014-01-10;;;Opposable;2020-01-01;Approuvé;2020-01-01;2025-04-09
PPRT;Plan de Prévention des Risques Technologiques;21DDT20130001;TITANOBEL;Direction départementale des territoires;Titanobel (21);;;27;BOURGOGNE-FRANCHE-COMTE;21;COTE-D'OR;21398;Maxilly-sur-Saône;20;Risque technologique;21;Risque industriel;212;Effet de surpression;FAUX;;FAUX;;2009-08-07;2011-11-08;2011-12-09;;;2012-06-29;;;Opposable;2020-01-01;Approuvé;2020-01-01;2025-04-02
PPRT;Plan de Prévention des Risques Technologiques;02DDT20150003;ROHM AND HAAS;Direction départementale des territoires;;;;32;HAUTS-DE-FRANCE;02;AISNE;02173;Chauny;20;Risque technologique;21;Risque industriel;213;Effet toxique;FAUX;;FAUX;;2012-12-21;;;;;2014-12-22;;;Opposable;2020-01-01;Approuvé;2020-01-01;2025-04-09
PPRT;Plan de Prévention des Risques Technologiques;59DREAL20090013;PPRT TITANOBEL OSTRICOURT;Direction régionale de l'environnement, de l'aménagement et du logement;;;;32;HAUTS-DE-FRANCE;59;NORD;59408;Moncheaux;20;Risque technologique;21;Risque industriel;212;Effet de surpression;FAUX;;FAUX;;2008-05-23;2010-10-19;2010-11-19;2011-12-03;;2011-04-27;;;Opposable;2020-01-01;Approuvé;2020-01-01;2025-04-04
PPRT;Plan de Prévention des Risques Technologiques;91DDT20130004;PPRT SME et ISOCHEM;Direction départementale des territoires;;;;11;ILE-DE-FRANCE;91;ESSONNE;91579;Saint-Vrain;20;Risque technologique;21;Risque industriel;212;Effet de surpression;FAUX;;FAUX;;2010-01-19;;;;;2014-09-19;;;Opposable;2020-01-01;Approuvé;2020-01-01;2025-04-09
PPRT;Plan de Prévention des Risques Technologiques;38DDT20140006;VENCOREX ISOCHEM - Pont-de-Claix;Direction départementale des territoires;;;;84;AUVERGNE-RHONE-ALPES;38;ISERE;38057;Bresson;20;Risque technologique;21;Risque industriel;211;Effet thermique;FAUX;;FAUX;;2011-12-21;2018-03-23;2018-04-24;;;;2018-06-27;;Caduque;2020-01-01;Annulé;2020-01-01;2025-04-11
PPRT;Plan de Prévention des Risques Technologiques;57DDT20140007;Plate-forme Saint-Avold Nord;Direction départementale des territoires;Plate-forme Saint-Avold Nord;;;44;GRAND EST;57;MOSELLE;57336;L'Hôpital;20;Risque technologique;21;Risque industriel;213;Effet toxique;FAUX;;FAUX;;2009-03-26;2013-05-16;2013-06-17;;;2013-10-22;;;Opposable;2020-01-01;Approuvé;2020-01-01;2025-04-10
PPRT;Plan de Prévention des Risques Technologiques;11DDTM20120031;PPRT - EDN;Direction départementale des territoires et de la mer;Sallèles d'Aude;;;76;OCCITANIE;11;AUDE;11369;Sallèles-d'Aude;20;Risque technologique;21;Risque industriel;211;Effet thermique;FAUX;;FAUX;;2010-07-12;2012-02-11;2012-03-12;;;2012-08-13;;;Opposable;2020-01-01;Approuvé;2020-01-01;2025-04-09
PPRT;Plan de Prévention des Risques Technologiques;32DREAL20140001;PPRT - Terega;Direction régionale de l'environnement, de l'aménagement et du logement;;;;76;OCCITANIE;32;GERS;32202;Laujuzan;20;Risque technologique;21;Risque industriel;212;Effet de surpression;FAUX;;FAUX;;2012-05-25;;;;;2014-12-24;;;Opposable;2020-01-01;Approuvé;2020-01-01;2025-04-09
PPRT;Plan de Prévention des Risques Technologiques;26DDT20120006;PPRT - COVESTRO ELASTOMERS-EXSTO;Direction départementale des territoires;;;;84;AUVERGNE-RHONE-ALPES;26;DROME;26281;Romans-sur-Isère;20;Risque technologique;21;Risque industriel;213;Effet toxique;FAUX;;FAUX;;2011-01-20;2012-12-28;2013-01-28;;;2013-06-14;;;Opposable;2020-01-01;Approuvé;2020-01-01;2025-04-09
PPRT;Plan de Prévention des Risques Technologiques;61DDT20130001;PPR-T - des Rives d'Andaine;Direction départementale des territoires;;;;28;NORMANDIE;61;ORNE;53263;Thubœuf;20;Risque technologique;21;Risque industriel;213;Effet toxique;FAUX;;FAUX;;2010-12-17;2012-10-08;2012-11-09;;;2013-02-05;;;Opposable;2020-01-01;Approuvé;2020-01-01;2025-04-10
PPRT;Plan de Prévention des Risques Technologiques;44DREAL20090002;PPRT BUTAGAZ - Arnage - 72;Direction régionale de l'environnement, de l'aménagement et du logement;PPRT BUTAGAZ - Arnage - 72;;;52;PAYS DE LA LOIRE;72;SARTHE;72008;Arnage;20;Risque technologique;21;Risque industriel;212;Effet de surpression;FAUX;;FAUX;;2008-10-27;2010-02-08;2010-02-08;;;2010-11-22;;;Opposable;2020-01-01;Approuvé;2020-01-01;2025-04-04
PPRT;Plan de Prévention des Risques Technologiques;69DREAL20170005;69 PPRT de Givors;Direction régionale de l'environnement, de l'aménagement et du logement;Givors;;;84;AUVERGNE-RHONE-ALPES;69;RHONE;69091;Givors;20;Risque technologique;21;Risque industriel;212;Effet de surpression;FAUX;;FAUX;;2009-03-31;2012-09-24;2012-10-24;;;2013-10-24;;;Opposable;2020-01-01;Approuvé;2020-01-01;2025-04-04
PPRT;Plan de Prévention des Risques Technologiques;62DREAL20140007;PPRT LOGISTINORD;Direction régionale de l'environnement, de l'aménagement et du logement;;;;32;HAUTS-DE-FRANCE;62;PAS-DE-CALAIS;62782;Saudemont;20;Risque technologique;21;Risque industriel;213;Effet toxique;FAUX;;FAUX;;2009-12-09;2010-08-30;2010-10-01;;;2010-12-03;;;Opposable;2020-01-01;Approuvé;2020-01-01;2025-04-04
PPRT;Plan de Prévention des Risques Technologiques;51DREAL20090010;PPRT HUNTSMAN;Direction régionale de l'environnement, de l'aménagement et du logement;PPRT HUNTSMAN;;;44;GRAND EST;55;MEUSE;55264;Kœur-la-Petite;20;Risque technologique;21;Risque industriel;213;Effet toxique;FAUX;;FAUX;;2008-12-10;;;;;2011-03-28;;;Opposable;2020-01-01;Approuvé;2020-01-01;2025-04-10
PPRT;Plan de Prévention des Risques Technologiques;38DDT20140008;TOTAL / ESSO / SPMR / SDSP;Direction départementale des territoires;;;;84;AUVERGNE-RHONE-ALPES;38;ISERE;38558;Villette-de-Vienne;20;Risque technologique;21;Risque industriel;212;Effet de surpression;FAUX;;FAUX;;2012-12-12;;;;2018-01-15;;;;Caduque;2020-01-01;Déprescrit;2020-01-01;2024-04-16
PPRT;Plan de Prévention des Risques Technologiques;24DREAL20130011;PPRT POLYREY;Direction régionale de l'environnement, de l'aménagement et du logement;;;;75;NOUVELLE-AQUITAINE;24;DORDOGNE;24023;Baneuil;20;Risque technologique;21;Risque industriel;212;Effet de surpression;FAUX;;FAUX;;2007-09-29;2009-05-12;;;;2009-09-14;;;Opposable;2020-01-01;Approuvé;2020-01-01;2025-04-09
PPRT;Plan de Prévention des Risques Technologiques;33DREAL20130132;PPRT AMBES SUD;Direction régionale de l'environnement, de l'aménagement et du logement;;;;75;NOUVELLE-AQUITAINE;33;GIRONDE;33262;Macau;20;Risque technologique;21;Risque industriel;213;Effet toxique;FAUX;;FAUX;;2010-11-10;;;;;2015-07-06;;;Opposable;2020-01-01;Approuvé;2020-01-01;2025-04-09
PPRT;Plan de Prévention des Risques Technologiques;79DDT20110045;PPRT DE SANGOSSE;Direction départementale des territoires;;;;75;NOUVELLE-AQUITAINE;79;DEUX-SEVRES;79298;Saint-Symphorien;20;Risque technologique;21;Risque industriel;213;Effet toxique;FAUX;;FAUX;;2008-06-10;2009-09-30;2009-10-30;;;2009-12-07;;;Opposable;2020-01-01;Approuvé;2020-01-01;2025-04-09
PPRT;Plan de Prévention des Risques Technologiques;60DREAL20140002;WEYLCHEM LAMOTTE;Direction régionale de l'environnement, de l'aménagement et du logement;;;;32;HAUTS-DE-FRANCE;60;OISE;60167;Couloisy;20;Risque technologique;21;Risque industriel;211;Effet thermique;FAUX;;FAUX;;2010-10-12;2014-09-30;2014-11-05;;;2014-12-19;;;Opposable;2020-01-01;Approuvé;2020-01-01;2025-03-27
PPRT;Plan de Prévention des Risques Technologiques;31DREAL20090011;PPRT - TOTAL (Lespinasse);Direction régionale de l'environnement, de l'aménagement et du logement;LESPINASSE;;;76;OCCITANIE;31;HAUTE-GARONNE;31293;Lespinasse;20;Risque technologique;21;Risque industriel;211;Effet thermique;FAUX;;FAUX;;2007-02-28;2011-09-15;2011-10-19;;;2012-04-03;;;Opposable;2020-01-01;Approuvé;2020-01-01;2025-04-09
PPRT;Plan de Prévention des Risques Technologiques;59DREAL20090011;PPRT SOGIF - WAZIERS;Direction régionale de l'environnement, de l'aménagement et du logement;;;;32;HAUTS-DE-FRANCE;59;NORD;59178;Douai;20;Risque technologique;21;Risque industriel;212;Effet de surpression;FAUX;;FAUX;;2008-11-20;2010-09-01;2010-10-01;;;2010-11-23;;;Opposable;2020-01-01;Approuvé;2020-01-01;2025-04-10
PPRT;Plan de Prévention des Risques Technologiques;38DDT20140005;ROUSSILLON-SALAISE SUR SANNE;Direction départementale des territoires;;;;84;AUVERGNE-RHONE-ALPES;38;ISERE;38298;Le Péage-de-Roussillon;20;Risque technologique;21;Risque industriel;213;Effet toxique;FAUX;;FAUX;;2009-04-06;2014-01-27;2014-02-28;;;2014-07-09;;;Opposable;2020-01-01;Approuvé;2020-01-01;2017-06-09
PPRT;Plan de Prévention des Risques Technologiques;59DDTM20130009;PPRT TOTAL Raffinage Marketing;Direction départementale des territoires et de la mer;;;;32;HAUTS-DE-FRANCE;59;NORD;59273;Gravelines;20;Risque technologique;21;Risque industriel;211;Effet thermique;FAUX;;FAUX;;2009-06-10;2012-10-05;2012-11-05;;;2013-02-21;;;Opposable;2020-01-01;Approuvé;2020-01-01;2025-04-10
PPRT;Plan de Prévention des Risques Technologiques;67DDT20140003;67 PPRT DEPOT DE MUNITIONS DE NEUBOURG;Direction départementale des territoires;;;;44;GRAND EST;67;BAS-RHIN;67180;Haguenau;20;Risque technologique;21;Risque industriel;211;Effet thermique;FAUX;;FAUX;;2013-02-01;2015-08-17;2015-09-17;;;2015-12-18;;;Opposable;2020-01-01;Approuvé;2020-01-01;2025-04-09
PPRT;Plan de Prévention des Risques Technologiques;78DDT20130002;PPRT RM Coignières;Direction départementale des territoires;Coignières, Lévis-St-Nom;;;11;ILE-DE-FRANCE;78;YVELINES;78168;Coignières;20;Risque technologique;21;Risque industriel;212;Effet de surpression;FAUX;;FAUX;;2009-05-19;2015-09-16;2015-10-16;;;2016-01-18;;;Opposable;2020-01-01;Approuvé;2020-01-01;2025-04-10
PPRT;Plan de Prévention des Risques Technologiques;61DDT20130001;PPR-T - des Rives d'Andaine;Direction départementale des territoires;;;;28;NORMANDIE;61;ORNE;53263;Thubœuf;20;Risque technologique;21;Risque industriel;211;Effet thermique;FAUX;;FAUX;;2010-12-17;2012-10-08;2012-11-09;;;2013-02-05;;;Opposable;2020-01-01;Approuvé;2020-01-01;2025-04-10
PPRT;Plan de Prévention des Risques Technologiques;13DREAL20140014;PPRT - Deulep 2014;Direction régionale de l'environnement, de l'aménagement et du logement;;;;93;PROVENCE-ALPES-COTE D'AZUR;13;BOUCHES-DU-RHONE;13078;Port-Saint-Louis-du-Rhône;20;Risque technologique;21;Risque industriel;211;Effet thermique;FAUX;;FAUX;;2010-02-23;2013-11-04;2013-12-06;;;2014-05-26;;2025-03-07;Caduque;2020-01-01;Abrogé;2020-01-01;2025-04-09
PPRT;Plan de Prévention des Risques Technologiques;01DREAL20070001;01 PPRT de St Vulbas;Direction régionale de l'environnement, de l'aménagement et du logement;St Vulbas;;;84;AUVERGNE-RHONE-ALPES;01;AIN;01390;Saint-Vulbas;20;Risque technologique;21;Risque industriel;211;Effet thermique;FAUX;;FAUX;;2017-12-01;;;;;2019-05-13;;;Opposable;2020-01-01;Approuvé;2020-01-01;2021-03-03
PPRT;Plan de Prévention des Risques Technologiques;02DDT20150003;ROHM AND HAAS;Direction départementale des territoires;;;;32;HAUTS-DE-FRANCE;02;AISNE;02820;Viry-Noureuil;20;Risque technologique;21;Risque industriel;211;Effet thermique;FAUX;;FAUX;;2012-12-21;;;;;2014-12-22;;;Opposable;2020-01-01;Approuvé;2020-01-01;2025-04-09
PPRT;Plan de Prévention des Risques Technologiques;29DDTM20120005;PPRT Guenvenez;Direction départementale des territoires et de la mer;Pyrotechnie militaire;;;53;BRETAGNE;29;FINISTERE;29042;Crozon;20;Risque technologique;21;Risque industriel;213;Effet toxique;FAUX;;FAUX;;2011-12-21;;;2016-07-21;;2016-03-31;;;Opposable;2020-01-01;Approuvé;2020-01-01;2025-03-26
PPRT;Plan de Prévention des Risques Technologiques;35DREAL20090013;PPRT GUERBET;Direction régionale de l'environnement, de l'aménagement et du logement;Imagerie médicale;;;53;BRETAGNE;56;MORBIHAN;56036;Caudan;20;Risque technologique;21;Risque industriel;211;Effet thermique;FAUX;;FAUX;;2009-03-04;2012-09-17;2012-10-19;;;2012-12-21;;;Opposable;2020-01-01;Approuvé;2020-01-01;2025-04-10
PPRT;Plan de Prévention des Risques Technologiques;51DDT20140001;PPRT SFDM - Parc C;Direction départementale des territoires;Togny-aux-Boeufs;;;44;GRAND EST;51;MARNE;51574;Togny-aux-Bœufs;20;Risque technologique;21;Risque industriel;211;Effet thermique;FAUX;;FAUX;;2011-11-30;;;;;2013-04-16;;;Opposable;2020-01-01;Approuvé;2020-01-01;2025-04-09
PPRT;Plan de Prévention des Risques Technologiques;80DREAL20140001;PPRt révisiant Amiens nord;Direction régionale de l'environnement, de l'aménagement et du logement;;;;32;HAUTS-DE-FRANCE;80;SOMME;80024;Argœuves;20;Risque technologique;21;Risque industriel;213;Effet toxique;VRAI;80DREAL20090002;FAUX;;2015-01-07;2016-02-01;2016-03-02;;;2016-07-08;;;Opposable;2020-01-01;Approuvé;2020-01-01;2025-04-04
PPRT;Plan de Prévention des Risques Technologiques;87DREAL20090003;PPRT Butagaz;Direction régionale de l'environnement, de l'aménagement et du logement;PPRT Butagaz;;;75;NOUVELLE-AQUITAINE;19;CORREZE;19031;Brive-la-Gaillarde;20;Risque technologique;21;Risque industriel;211;Effet thermique;FAUX;;FAUX;;2008-12-24;2011-03-24;2011-04-22;2018-12-11;;2012-10-23;;;Opposable;2020-01-01;Approuvé;2020-01-01;2018-10-26
PPRT;Plan de Prévention des Risques Technologiques;21DDT20130003;RAFFINERIE DU MIDI;Direction départementale des territoires;Raffinerie du Midi (21);;;27;BOURGOGNE-FRANCHE-COMTE;21;COTE-D'OR;21355;Longvic;20;Risque technologique;21;Risque industriel;212;Effet de surpression;FAUX;;FAUX;;2010-06-21;;;;;2016-11-28;;;Opposable;2020-01-01;Approuvé;2020-01-01;2025-03-27
PPRT;Plan de Prévention des Risques Technologiques;13DDTM20210003;PPRT - dépôt pétrolier SNOI 2019;Direction départementale des territoires et de la mer;;;;93;PROVENCE-ALPES-COTE D'AZUR;13;BOUCHES-DU-RHONE;13039;Fos-sur-Mer;20;Risque technologique;21;Risque industriel;212;Effet de surpression;FAUX;;FAUX;;2016-12-13;;;;;2019-06-12;;;Opposable;2020-01-01;Approuvé;2020-01-01;2025-04-08
PPRT;Plan de Prévention des Risques Technologiques;18DDT20140002;PPRT du site militaire d'Avord;Direction départementale des territoires;;;;24;CENTRE-VAL DE LOIRE;18;CHER;18018;Avord;20;Risque technologique;21;Risque industriel;211;Effet thermique;FAUX;;FAUX;;2012-12-21;2014-11-03;2014-12-02;;;2015-03-09;;;Opposable;2020-01-01;Approuvé;2020-01-01;2025-04-02
PPRT;Plan de Prévention des Risques Technologiques;76DDTM20150003;ZIP Petit et Grand Quevilly;Direction départementale des territoires et de la mer;;;;28;NORMANDIE;76;SEINE-MARITIME;76540;Rouen;20;Risque technologique;21;Risque industriel;213;Effet toxique;FAUX;;FAUX;;2012-12-13;2017-09-20;2017-11-09;;;2018-01-25;;;Opposable;2020-01-01;Approuvé;2020-01-01;2025-04-09
PPRT;Plan de Prévention des Risques Technologiques;89DREAL20140006;Chemetall;Direction régionale de l'environnement, de l'aménagement et du logement;;;;27;BOURGOGNE-FRANCHE-COMTE;89;YONNE;89387;Sens;20;Risque technologique;21;Risque industriel;213;Effet toxique;FAUX;;FAUX;;2008-05-28;;;;;2011-09-05;;;Opposable;2020-01-01;Approuvé;2020-01-01;2025-03-28
PPRT;Plan de Prévention des Risques Technologiques;41DREAL20140004;MBDA (Selles-Saint-Denis);Direction régionale de l'environnement, de l'aménagement et du logement;;;;24;CENTRE-VAL DE LOIRE;41;LOIR-ET-CHER;41084;La Ferté-Imbault;20;Risque technologique;21;Risque industriel;212;Effet de surpression;FAUX;;FAUX;;2010-03-16;2011-11-02;2011-12-02;;;2011-12-27;;;Opposable;2020-01-01;Approuvé;2020-01-01;2025-04-09
PPRT;Plan de Prévention des Risques Technologiques;76DREAL20140006;Saint Jouin Bruneval;Direction régionale de l'environnement, de l'aménagement et du logement;;;;28;NORMANDIE;76;SEINE-MARITIME;76595;Saint-Jouin-Bruneval;20;Risque technologique;21;Risque industriel;211;Effet thermique;FAUX;;FAUX;;2010-02-09;2012-02-20;2012-03-20;;;2012-07-12;;;Opposable;2020-01-01;Approuvé;2020-01-01;2025-04-09
PPRT;Plan de Prévention des Risques Technologiques;42DDT20130001;42 PPRT Andrézieux Bouthéon SNF;Direction départementale des territoires;;;;84;AUVERGNE-RHONE-ALPES;42;LOIRE;42005;Andrézieux-Bouthéon;20;Risque technologique;21;Risque industriel;213;Effet toxique;FAUX;;FAUX;;2010-06-30;2012-10-15;2012-11-16;;;2012-12-20;;;Opposable;2020-01-01;Approuvé;2020-01-01;2025-04-09
PPRT;Plan de Prévention des Risques Technologiques;57DDT20200003;PPRT-EPC France;Direction départementale des territoires;;;;44;GRAND EST;57;MOSELLE;57736;Vry;20;Risque technologique;21;Risque industriel;212;Effet de surpression;VRAI;51DREAL20090004;FAUX;;2012-10-22;;;;;2014-08-11;;;Opposable;2020-01-01;Approuvé;2020-01-01;2025-04-10
PPRT;Plan de Prévention des Risques Technologiques;32DREAL20140001;PPRT - Terega;Direction régionale de l'environnement, de l'aménagement et du logement;;;;76;OCCITANIE;32;GERS;32202;Laujuzan;20;Risque technologique;21;Risque industriel;211;Effet thermique;FAUX;;FAUX;;2012-05-25;;;;;2014-12-24;;;Opposable;2020-01-01;Approuvé;2020-01-01;2025-04-09
PPRT;Plan de Prévention des Risques Technologiques;80DREAL20140001;PPRt révisiant Amiens nord;Direction régionale de l'environnement, de l'aménagement et du logement;;;;32;HAUTS-DE-FRANCE;80;SOMME;80024;Argœuves;20;Risque technologique;21;Risque industriel;212;Effet de surpression;VRAI;80DREAL20090002;FAUX;;2015-01-07;2016-02-01;2016-03-02;;;2016-07-08;;;Opposable;2020-01-01;Approuvé;2020-01-01;2025-04-04
PPRT;Plan de Prévention des Risques Technologiques;59DREAL20090011;PPRT SOGIF - WAZIERS;Direction régionale de l'environnement, de l'aménagement et du logement;;;;32;HAUTS-DE-FRANCE;59;NORD;59569;Sin-le-Noble;20;Risque technologique;21;Risque industriel;212;Effet de surpression;FAUX;;FAUX;;2008-11-20;2010-09-01;2010-10-01;;;2010-11-23;;;Opposable;2020-01-01;Approuvé;2020-01-01;2025-04-10
PPRT;Plan de Prévention des Risques Technologiques;45DREAL20090008;DPO (Semoy);Direction régionale de l'environnement, de l'aménagement et du logement;;;;24;CENTRE-VAL DE LOIRE;45;LOIRET;45308;Semoy;20;Risque technologique;21;Risque industriel;212;Effet de surpression;FAUX;;FAUX;;2008-12-05;2011-04-26;2011-05-31;;;2011-10-05;;;Opposable;2020-01-01;Approuvé;2020-01-01;2025-06-05
PPRT;Plan de Prévention des Risques Technologiques;44DDTM20110006;PPRT Montoir YARA-ELENGY-IDEA;Direction départementale des territoires et de la mer;PPRT de Montoir-de-Bretange;;;52;PAYS DE LA LOIRE;44;LOIRE-ATLANTIQUE;44103;Montoir-de-Bretagne;20;Risque technologique;21;Risque industriel;211;Effet thermique;FAUX;;FAUX;;2010-12-30;;;;;2015-09-30;;;Opposable;2020-01-01;Approuvé;2020-01-01;2025-04-04
PPRT;Plan de Prévention des Risques Technologiques;24DREAL20130011;PPRT POLYREY;Direction régionale de l'environnement, de l'aménagement et du logement;;;;75;NOUVELLE-AQUITAINE;24;DORDOGNE;24143;Couze-et-Saint-Front;20;Risque technologique;21;Risque industriel;211;Effet thermique;FAUX;;FAUX;;2007-09-29;2009-05-12;;;;2009-09-14;;;Opposable;2020-01-01;Approuvé;2020-01-01;2025-04-09
PPRT;Plan de Prévention des Risques Technologiques;76DDTM20150005;ZIP Le Havre;Direction départementale des territoires et de la mer;;;;28;NORMANDIE;76;SEINE-MARITIME;76351;Le Havre;20;Risque technologique;21;Risque industriel;211;Effet thermique;FAUX;;FAUX;;2010-02-17;2016-05-26;2016-07-12;;;2016-10-17;;;Opposable;2020-01-01;Approuvé;2020-01-01;2019-09-09
PPRT;Plan de Prévention des Risques Technologiques;04DREAL20140004;PPRT - Géosel - Géoméhane [ Manosque ] 2019;Direction régionale de l'environnement, de l'aménagement et du logement;;;;93;PROVENCE-ALPES-COTE D'AZUR;04;ALPES-DE-HAUTE-PROVENCE;04245;Volx;20;Risque technologique;21;Risque industriel;212;Effet de surpression;FAUX;;FAUX;;2012-07-30;;;;;2019-11-05;;;Opposable;2020-01-01;Approuvé;2020-01-01;2025-11-13
PPRT;Plan de Prévention des Risques Technologiques;21DDT20130003;RAFFINERIE DU MIDI;Direction départementale des territoires;Raffinerie du Midi (21);;;27;BOURGOGNE-FRANCHE-COMTE;21;COTE-D'OR;21231;Dijon;20;Risque technologique;21;Risque industriel;212;Effet de surpression;FAUX;;FAUX;;2010-06-21;;;;;2016-11-28;;;Opposable;2020-01-01;Approuvé;2020-01-01;2025-03-27
PPRT;Plan de Prévention des Risques Technologiques;73PREF20160030;PPRT-Lanxess;Préfecture;;;;84;AUVERGNE-RHONE-ALPES;73;SAVOIE;73272;Saint-Pierre-de-Belleville;20;Risque technologique;24;Transport de marchandises dangereuses;;;FAUX;;FAUX;;2010-03-18;2012-01-30;2012-03-01;;;2012-06-05;;;Opposable;2020-01-01;Approuvé;2020-01-01;2025-04-04
PPRT;Plan de Prévention des Risques Technologiques;55DDT20210005;PPRT ROZELIER;Direction départementale des territoires;PPRT ROZELIER;;;44;GRAND EST;55;MEUSE;55361;Moulainville;20;Risque technologique;21;Risque industriel;213;Effet toxique;FAUX;;FAUX;;2017-11-15;;;;;2023-07-06;;;Opposable;2020-01-01;Approuvé;2020-01-01;2025-04-10
PPRT;Plan de Prévention des Risques Technologiques;76DREAL20150001;Saint-Pierre-lès-Elbeuf;Direction régionale de l'environnement, de l'aménagement et du logement;;;;28;NORMANDIE;76;SEINE-MARITIME;76165;Caudebec-lès-Elbeuf;20;Risque technologique;21;Risque industriel;211;Effet thermique;FAUX;;FAUX;;2010-05-06;2014-02-24;2014-03-26;;;2014-06-03;;;Opposable;2020-01-01;Approuvé;2020-01-01;2025-04-09
PPRT;Plan de Prévention des Risques Technologiques;16DDT20120005;PPRT Jas Hennessy;Direction départementale des territoires;;;;75;NOUVELLE-AQUITAINE;16;CHARENTE;16102;Cognac;20;Risque technologique;21;Risque industriel;211;Effet thermique;FAUX;;FAUX;;2009-12-31;2011-04-18;2011-05-20;;;2011-07-28;;;Opposable;2020-01-01;Approuvé;2020-01-01;2025-04-09
PPRT;Plan de Prévention des Risques Technologiques;02DDT20140001;BAYER;Direction départementale des territoires;;;;32;HAUTS-DE-FRANCE;02;AISNE;02468;Marle;20;Risque technologique;21;Risque industriel;212;Effet de surpression;FAUX;;FAUX;;2012-07-31;2013-09-02;2013-10-02;2014-03-14;;2013-12-12;;;Opposable;2020-01-01;Approuvé;2020-01-01;2025-04-09
PPRT;Plan de Prévention des Risques Technologiques;69DREAL20090016;73 PPRT de Chignin;Direction régionale de l'environnement, de l'aménagement et du logement;73 PPRT de Chignin;;;84;AUVERGNE-RHONE-ALPES;73;SAVOIE;73183;Myans;20;Risque technologique;21;Risque industriel;212;Effet de surpression;FAUX;;FAUX;;2008-10-10;2011-09-09;2011-10-09;;;2011-12-15;;2014-05-21;Caduque;2020-01-01;Abrogé;2020-01-01;2017-05-10
PPRT;Plan de Prévention des Risques Technologiques;62DREAL20140010;PPRT CECA;Direction régionale de l'environnement, de l'aménagement et du logement;;;;32;HAUTS-DE-FRANCE;62;PAS-DE-CALAIS;62331;Feuchy;20;Risque technologique;21;Risque industriel;211;Effet thermique;FAUX;;FAUX;;2009-08-11;2014-06-02;2014-07-04;;;2014-12-15;;;Opposable;2020-01-01;Approuvé;2020-01-01;2025-04-04
PPRT;Plan de Prévention des Risques Technologiques;02DDT20140002;GIE SICALOG;Direction départementale des territoires;;;;32;HAUTS-DE-FRANCE;02;AISNE;02549;Neuville-Saint-Amand;20;Risque technologique;21;Risque industriel;211;Effet thermique;FAUX;;FAUX;;2009-10-02;2010-05-31;2010-07-02;2011-01-18;;2010-07-26;;;Opposable;2020-01-01;Approuvé;2020-01-01;2025-04-09
PPRT;Plan de Prévention des Risques Technologiques;31DREAL20090005;PPRT - LACROIX (Mazères);Direction régionale de l'environnement, de l'aménagement et du logement;Mazères;;;76;OCCITANIE;09;ARIEGE;09185;Mazères;20;Risque technologique;21;Risque industriel;211;Effet thermique;FAUX;;FAUX;;2006-10-23;2010-01-04;;;;2010-07-09;;;Opposable;2020-01-01;Approuvé;2020-01-01;2025-04-09
PPRT;Plan de Prévention des Risques Technologiques;38DDT20140007;Rév. ARKEMA AREVA-CEZUS-Jarrie;Direction départementale des territoires;;;;84;AUVERGNE-RHONE-ALPES;38;ISERE;38111;Claix;20;Risque technologique;21;Risque industriel;211;Effet thermique;VRAI;38DDT20140002;FAUX;;2011-12-21;2014-09-08;2014-10-09;;;2015-05-22;;;Opposable;2020-01-01;Approuvé;2020-01-01;2025-11-21
PPRT;Plan de Prévention des Risques Technologiques;41DREAL20140005;STORENGY (Chémery-Soings);Direction régionale de l'environnement, de l'aménagement et du logement;;;;24;CENTRE-VAL DE LOIRE;41;LOIR-ET-CHER;41049;Chémery;20;Risque technologique;21;Risque industriel;211;Effet thermique;FAUX;;FAUX;;2012-07-17;2015-10-19;2015-11-19;;;2016-02-19;;;Opposable;2020-01-01;Approuvé;2020-01-01;2025-04-09
PPRT;Plan de Prévention des Risques Technologiques;13DREAL20140006;PPRT - Lavéra 2023;Direction régionale de l'environnement, de l'aménagement et du logement;;;;93;PROVENCE-ALPES-COTE D'AZUR;13;BOUCHES-DU-RHONE;13077;Port-de-Bouc;20;Risque technologique;21;Risque industriel;212;Effet de surpression;FAUX;;FAUX;;2013-08-01;;;;;2023-05-15;;;Opposable;2020-01-01;Approuvé;2020-01-01;2025-04-09
PPRT;Plan de Prévention des Risques Technologiques;47DREAL20130330;PPRT SOBEGAL Nérac;Direction régionale de l'environnement, de l'aménagement et du logement;;;;75;NOUVELLE-AQUITAINE;47;LOT-ET-GARONNE;47195;Nérac;20;Risque technologique;21;Risque industriel;211;Effet thermique;FAUX;;FAUX;;2008-06-23;2014-10-14;2014-11-15;;;2014-12-19;;2021-02-17;Caduque;2020-01-01;Abrogé;2020-01-01;2021-07-09
PPRT;Plan de Prévention des Risques Technologiques;33DDTM20160001;PPRT AMBES NORD;Direction départementale des territoires et de la mer;;;;75;NOUVELLE-AQUITAINE;33;GIRONDE;33035;Bayon-sur-Gironde;20;Risque technologique;21;Risque industriel;212;Effet de surpression;FAUX;;FAUX;;2016-12-28;;;;;2018-08-30;;;Opposable;2020-01-01;Approuvé;2020-01-01;2025-04-09
PPRT;Plan de Prévention des Risques Technologiques;PPRT_2025_0003;PPRT -  VALTRIS;Direction départementale des territoires;Verdun;;;;;55;MEUSE;55545;Verdun;20;Risque technologique;21;Risque industriel;212;Effet de surpression;FAUX;;FAUX;;2023-01-10;;;;;2024-06-17;;;Opposable;2020-01-01;Approuvé;2020-01-01;2025-04-10
PPRT;Plan de Prévention des Risques Technologiques;38DDT20140002;ARKEMA AREVA-CEZUS - Jarrie;Direction départementale des territoires;;;;84;AUVERGNE-RHONE-ALPES;38;ISERE;38200;Jarrie;20;Risque technologique;21;Risque industriel;213;Effet toxique;FAUX;;VRAI;38DDT20140007;2010-06-14;2010-10-15;2010-11-15;;;2010-12-20;;2015-05-22;Caduque;2020-01-01;Abrogé;2020-01-01;2020-12-04
PPRT;Plan de Prévention des Risques Technologiques;73PREF20160026;PPRT-TRIMET;Préfecture;St Jean de Maurienne;;;84;AUVERGNE-RHONE-ALPES;73;SAVOIE;73248;Saint-Jean-de-Maurienne;20;Risque technologique;24;Transport de marchandises dangereuses;;;FAUX;;FAUX;;2009-12-31;2012-01-04;2012-02-04;;;2012-04-11;;;Opposable;2020-01-01;Approuvé;2020-01-01;2025-04-04
PPRT;Plan de Prévention des Risques Technologiques;38DDT20140002;ARKEMA AREVA-CEZUS - Jarrie;Direction départementale des territoires;;;;84;AUVERGNE-RHONE-ALPES;38;ISERE;38279;Notre-Dame-de-Mésage;20;Risque technologique;21;Risque industriel;211;Effet thermique;FAUX;;VRAI;38DDT20140007;2010-06-14;2010-10-15;2010-11-15;;;2010-12-20;;2015-05-22;Caduque;2020-01-01;Abrogé;2020-01-01;2020-12-04
PPRT;Plan de Prévention des Risques Technologiques;13DREAL20110045;PPRT - CAPL [ Sorgues ] 2012;Direction départementale des territoires;;;;93;PROVENCE-ALPES-COTE D'AZUR;84;VAUCLUSE;84129;Sorgues;20;Risque technologique;21;Risque industriel;213;Effet toxique;FAUX;;FAUX;;2009-06-15;2012-02-20;2012-03-21;;;2012-06-07;;;Opposable;2020-01-01;Approuvé;2020-01-01;2025-04-09
PPRT;Plan de Prévention des Risques Technologiques;33DREAL20090003;BASSENS AMBARES;Direction régionale de l'environnement, de l'aménagement et du logement;BASSENS AMBARES;;;75;NOUVELLE-AQUITAINE;33;GIRONDE;33032;Bassens;20;Risque technologique;21;Risque industriel;211;Effet thermique;FAUX;;FAUX;;2008-12-22;;;;;2010-12-21;;;Opposable;2020-01-01;Approuvé;2020-01-01;2025-04-09
PPRT;Plan de Prévention des Risques Technologiques;55DDT20210005;PPRT ROZELIER;Direction départementale des territoires;PPRT ROZELIER;;;44;GRAND EST;55;MEUSE;55492;Sommedieue;20;Risque technologique;21;Risque industriel;212;Effet de surpression;FAUX;;FAUX;;2017-11-15;;;;;2023-07-06;;;Opposable;2020-01-01;Approuvé;2020-01-01;2025-04-10
PPRT;Plan de Prévention des Risques Technologiques;41DREAL20140001;STORENGY (Céré-la-Ronde);Direction régionale de l'environnement, de l'aménagement et du logement;;;;24;CENTRE-VAL DE LOIRE;37;INDRE-ET-LOIRE;37177;Orbigny;20;Risque technologique;21;Risque industriel;211;Effet thermique;FAUX;;FAUX;;2012-08-06;2013-09-30;2013-10-31;;;2013-12-24;;;Opposable;2020-01-01;Approuvé;2020-01-01;2025-04-16
PPRT;Plan de Prévention des Risques Technologiques;13DDTM20210001;PPRT - TOTAL Raffinage France 2023;Direction départementale des territoires et de la mer;;;;93;PROVENCE-ALPES-COTE D'AZUR;13;BOUCHES-DU-RHONE;13056;Martigues;20;Risque technologique;21;Risque industriel;211;Effet thermique;VRAI;13DREAL20090004;FAUX;;2019-10-21;;;;;2023-12-11;;;Opposable;2020-01-01;Approuvé;2020-01-01;2025-04-09
PPRT;Plan de Prévention des Risques Technologiques;38DDT20140006;VENCOREX ISOCHEM - Pont-de-Claix;Direction départementale des territoires;;;;84;AUVERGNE-RHONE-ALPES;38;ISERE;38151;Échirolles;20;Risque technologique;21;Risque industriel;213;Effet toxique;FAUX;;FAUX;;2011-12-21;2018-03-23;2018-04-24;;;;2018-06-27;;Caduque;2020-01-01;Annulé;2020-01-01;2025-04-11
PPRT;Plan de Prévention des Risques Technologiques;69DREAL20090006;51-PPRT CRISTANOL  Bazancourt;Direction régionale de l'environnement, de l'aménagement et du logement;51-PPRT CRISTANOL  Bazancourt;;;44;GRAND EST;51;MARNE;51439;Pomacle;20;Risque technologique;21;Risque industriel;212;Effet de surpression;FAUX;;FAUX;;2009-03-09;;;;;2018-05-18;;;Opposable;2020-01-01;Approuvé;2020-01-01;2025-04-09
PPRT;Plan de Prévention des Risques Technologiques;79DDT20110045;PPRT DE SANGOSSE;Direction départementale des territoires;;;;75;NOUVELLE-AQUITAINE;79;DEUX-SEVRES;79298;Saint-Symphorien;20;Risque technologique;21;Risque industriel;211;Effet thermique;FAUX;;FAUX;;2008-06-10;2009-09-30;2009-10-30;;;2009-12-07;;;Opposable;2020-01-01;Approuvé;2020-01-01;2025-04-09
PPRT;Plan de Prévention des Risques Technologiques;59DREAL20090013;PPRT TITANOBEL OSTRICOURT;Direction régionale de l'environnement, de l'aménagement et du logement;;;;32;HAUTS-DE-FRANCE;59;NORD;62497;Leforest;20;Risque technologique;21;Risque industriel;212;Effet de surpression;FAUX;;FAUX;;2008-05-23;2010-10-19;2010-11-19;;;2011-04-27;;;Opposable;2020-01-01;Approuvé;2020-01-01;2025-04-04
PPRT;Plan de Prévention des Risques Technologiques;13DREAL20140005;PPRT - Fos Ouest 2023;Direction régionale de l'environnement, de l'aménagement et du logement;;;;93;PROVENCE-ALPES-COTE D'AZUR;13;BOUCHES-DU-RHONE;13004;Arles;20;Risque technologique;21;Risque industriel;211;Effet thermique;FAUX;;FAUX;;2012-12-03;;;;;2023-04-06;;;Opposable;2020-01-01;Approuvé;2020-01-01;2025-04-09
PPRT;Plan de Prévention des Risques Technologiques;62DREAL20140009;PPRT ARC INTERNATIONAL;Direction régionale de l'environnement, de l'aménagement et du logement;;;;32;HAUTS-DE-FRANCE;62;PAS-DE-CALAIS;62139;Blendecques;20;Risque technologique;21;Risque industriel;213;Effet toxique;FAUX;;FAUX;;2016-06-29;;;;;;;;Prescrit;2020-01-01;Prescrit;2020-01-01;2016-06-29
PPRT;Plan de Prévention des Risques Technologiques;41DREAL20140001;STORENGY (Céré-la-Ronde);Direction régionale de l'environnement, de l'aménagement et du logement;;;;24;CENTRE-VAL DE LOIRE;37;INDRE-ET-LOIRE;37177;Orbigny;20;Risque technologique;21;Risque industriel;212;Effet de surpression;FAUX;;FAUX;;2012-08-06;2013-09-30;2013-10-31;;;2013-12-24;;;Opposable;2020-01-01;Approuvé;2020-01-01;2025-04-16
PPRT;Plan de Prévention des Risques Technologiques;59STIIIC20090002;PPRT CCMP (ex DPN);Direction régionale de l'industrie, de la recherche et de l'environnement;Carrières sur-Seine (78);;;11;ILE-DE-FRANCE;78;YVELINES;78124;Carrières-sur-Seine;20;Risque technologique;21;Risque industriel;212;Effet de surpression;FAUX;;FAUX;;2009-02-25;;;;;2011-05-30;;;Opposable;2020-01-01;Approuvé;2020-01-01;2025-04-03
PPRT;Plan de Prévention des Risques Technologiques;59DREAL20090011;PPRT SOGIF - WAZIERS;Direction régionale de l'environnement, de l'aménagement et du logement;;;;32;HAUTS-DE-FRANCE;59;NORD;59569;Sin-le-Noble;20;Risque technologique;21;Risque industriel;213;Effet toxique;FAUX;;FAUX;;2008-11-20;2010-09-01;2010-10-01;;;2010-11-23;;;Opposable;2020-01-01;Approuvé;2020-01-01;2025-04-10
PPRT;Plan de Prévention des Risques Technologiques;38DDT20180005;TOTAL / ESSO / SPMR / SDSP;Direction départementale des territoires;;;;84;AUVERGNE-RHONE-ALPES;38;ISERE;38484;Serpaize;20;Risque technologique;21;Risque industriel;212;Effet de surpression;FAUX;;FAUX;;2012-12-12;2018-09-17;2018-10-18;;;2018-12-11;;;Opposable;2020-01-01;Approuvé;2020-01-01;2025-08-11
PPRT;Plan de Prévention des Risques Technologiques;31DREAL20140001;PPRT - LINDE FRANCE;Direction régionale de l'environnement, de l'aménagement et du logement;PORTET SUR GARONNE;;;76;OCCITANIE;31;HAUTE-GARONNE;31433;Portet-sur-Garonne;20;Risque technologique;21;Risque industriel;212;Effet de surpression;FAUX;;FAUX;;2010-01-29;2015-01-07;2015-02-11;;;2015-06-04;;;Opposable;2020-01-01;Approuvé;2020-01-01;2025-04-09
PPRT;Plan de Prévention des Risques Technologiques;33DREAL20130132;PPRT AMBES SUD;Direction régionale de l'environnement, de l'aménagement et du logement;;;;75;NOUVELLE-AQUITAINE;33;GIRONDE;33262;Macau;20;Risque technologique;21;Risque industriel;212;Effet de surpression;FAUX;;FAUX;;2010-11-10;;;;;2015-07-06;;;Opposable;2020-01-01;Approuvé;2020-01-01;2025-04-09
PPRT;Plan de Prévention des Risques Technologiques;PPRT_2022_0003;PPRT - Etablissement DGATT Bourges;Direction départementale des territoires;;;;;;18;CHER;18095;Flavigny;20;Risque technologique;21;Risque industriel;211;Effet thermique;FAUX;;FAUX;;2020-11-06;;;;;2023-08-03;;;Opposable;2020-01-01;Approuvé;2020-01-01;2025-04-02
PPRT;Plan de Prévention des Risques Technologiques;10DDT20140206;PPRT-Dislaub;Direction départementale des territoires;;;;44;GRAND EST;10;AUBE;10363;Saint-Thibault;20;Risque technologique;21;Risque industriel;212;Effet de surpression;FAUX;;FAUX;;2009-05-13;;;;;2010-12-09;;;Opposable;2020-01-01;Approuvé;2020-01-01;2025-04-09
PPRT;Plan de Prévention des Risques Technologiques;69DREAL20090016;73 PPRT de Chignin;Direction régionale de l'environnement, de l'aménagement et du logement;73 PPRT de Chignin;;;84;AUVERGNE-RHONE-ALPES;73;SAVOIE;73084;Chignin;20;Risque technologique;21;Risque industriel;212;Effet de surpression;FAUX;;FAUX;;2008-10-10;2011-09-09;2011-10-09;;;2011-12-15;;2014-05-21;Caduque;2020-01-01;Abrogé;2020-01-01;2017-05-10
PPRT;Plan de Prévention des Risques Technologiques;02DDT20110001;FM Logistic;Direction départementale des territoires;;;;32;HAUTS-DE-FRANCE;02;AISNE;02279;Épaux-Bézu;20;Risque technologique;21;Risque industriel;213;Effet toxique;FAUX;;FAUX;;2009-09-10;;;;;2010-12-28;;;Opposable;2020-01-01;Approuvé;2020-01-01;2025-04-09
PPRT;Plan de Prévention des Risques Technologiques;76DDTM20150005;ZIP Le Havre;Direction départementale des territoires et de la mer;;;;28;NORMANDIE;76;SEINE-MARITIME;76351;Le Havre;20;Risque technologique;21;Risque industriel;213;Effet toxique;FAUX;;FAUX;;2010-02-17;2016-05-26;2016-07-12;;;2016-10-17;;;Opposable;2020-01-01;Approuvé;2020-01-01;2019-09-09
PPRT;Plan de Prévention des Risques Technologiques;60DREAL20140006;Arkema - Villers-Saint-Paul;Direction régionale de l'environnement, de l'aménagement et du logement;;;;32;HAUTS-DE-FRANCE;60;OISE;60539;Rieux;20;Risque technologique;21;Risque industriel;213;Effet toxique;FAUX;;FAUX;;2009-04-07;2012-06-18;2012-07-18;;;2012-10-29;;;Opposable;2020-01-01;Approuvé;2020-01-01;2025-03-27
PPRT;Plan de Prévention des Risques Technologiques;89DREAL20140006;Chemetall;Direction régionale de l'environnement, de l'aménagement et du logement;;;;27;BOURGOGNE-FRANCHE-COMTE;89;YONNE;89342;Saint-Denis-lès-Sens;20;Risque technologique;21;Risque industriel;213;Effet toxique;FAUX;;FAUX;;2008-05-28;;;;;2011-09-05;;;Opposable;2020-01-01;Approuvé;2020-01-01;2025-03-28
PPRT;Plan de Prévention des Risques Technologiques;63DREAL20090005;PPRT TOTAL COURNON;Direction régionale de l'environnement, de l'aménagement et du logement;Cournon d'Auvergne;;;84;AUVERGNE-RHONE-ALPES;63;PUY-DE-DOME;63124;Cournon-d'Auvergne;20;Risque technologique;21;Risque industriel;211;Effet thermique;FAUX;;FAUX;;2008-01-18;;;;2009-10-05;;2009-10-05;;Caduque;2020-01-01;Déprescrit;2020-01-01;2025-02-20
PPRT;Plan de Prévention des Risques Technologiques;71DREAL20140004;Raffinerie du Midi;Direction régionale de l'environnement, de l'aménagement et du logement;Raffinerie du Midi (71);;;27;BOURGOGNE-FRANCHE-COMTE;71;SAONE-ET-LOIRE;71154;Crissey;20;Risque technologique;21;Risque industriel;212;Effet de surpression;FAUX;;FAUX;;2010-06-10;;;;;;2012-06-05;;Caduque;2020-01-01;Annulé;2020-01-01;2020-07-29
PPRT;Plan de Prévention des Risques Technologiques;95DDT20130002;95-60-27 PPRT STORENGY;Direction départementale des territoires;;;;11;ILE-DE-FRANCE;95;VAL-D'OISE;27445;Noyers;20;Risque technologique;21;Risque industriel;211;Effet thermique;FAUX;;FAUX;;2010-10-08;2013-05-30;2013-06-29;;;2013-12-13;;;Opposable;2020-01-01;Approuvé;2020-01-01;2025-04-04
PPRT;Plan de Prévention des Risques Technologiques;31DREAL20090002; PPRT - ARKEMA;Direction régionale de l'environnement, de l'aménagement et du logement;PPRT ARKEMA;;;76;OCCITANIE;65;HAUTES-PYRENEES;65069;La Barthe-de-Neste;20;Risque technologique;21;Risque industriel;212;Effet de surpression;FAUX;;FAUX;;2006-08-04;2008-06-16;2008-07-15;;;2008-10-29;;;Opposable;2020-01-01;Approuvé;2020-01-01;2025-04-09
PPRT;Plan de Prévention des Risques Technologiques;PPRT_2022_0003;PPRT - Etablissement DGATT Bourges;Direction départementale des territoires;;;;;;18;CHER;18191;Raymond;20;Risque technologique;21;Risque industriel;212;Effet de surpression;FAUX;;FAUX;;2020-11-06;;;;;2023-08-03;;;Opposable;2020-01-01;Approuvé;2020-01-01;2025-04-02
PPRT;Plan de Prévention des Risques Technologiques;60DREAL20140006;Arkema - Villers-Saint-Paul;Direction régionale de l'environnement, de l'aménagement et du logement;;;;32;HAUTS-DE-FRANCE;60;OISE;60684;Villers-Saint-Paul;20;Risque technologique;21;Risque industriel;212;Effet de surpression;FAUX;;FAUX;;2009-04-07;2012-06-18;2012-07-18;;;2012-10-29;;;Opposable;2020-01-01;Approuvé;2020-01-01;2025-03-27
PPRT;Plan de Prévention des Risques Technologiques;55DDT20210005;PPRT ROZELIER;Direction départementale des territoires;PPRT ROZELIER;;;44;GRAND EST;55;MEUSE;55492;Sommedieue;20;Risque technologique;21;Risque industriel;211;Effet thermique;FAUX;;FAUX;;2017-11-15;;;;;2023-07-06;;;Opposable;2020-01-01;Approuvé;2020-01-01;2025-04-10
PPRT;Plan de Prévention des Risques Technologiques;PPRT_2022_0003;PPRT - Etablissement DGATT Bourges;Direction départementale des territoires;;;;;;18;CHER;18033;Bourges;20;Risque technologique;21;Risque industriel;212;Effet de surpression;FAUX;;FAUX;;2020-11-06;;;;;2023-08-03;;;Opposable;2020-01-01;Approuvé;2020-01-01;2025-04-02
PPRT;Plan de Prévention des Risques Technologiques;43DREAL20140001;PPRT MSD St Germain Laprade;Direction régionale de l'environnement, de l'aménagement et du logement;St Germain Laprade;;;84;AUVERGNE-RHONE-ALPES;43;HAUTE-LOIRE;43190;Saint-Germain-Laprade;20;Risque technologique;21;Risque industriel;212;Effet de surpression;FAUX;;FAUX;;2010-05-28;2012-10-10;2012-10-10;;;2012-12-18;;;Opposable;2020-01-01;Approuvé;2020-01-01;2025-04-09
PPRT;Plan de Prévention des Risques Technologiques;38DDT20140006;VENCOREX ISOCHEM - Pont-de-Claix;Direction départementale des territoires;;;;84;AUVERGNE-RHONE-ALPES;38;ISERE;38524;Varces-Allières-et-Risset;20;Risque technologique;21;Risque industriel;213;Effet toxique;FAUX;;FAUX;;2011-12-21;2018-03-23;2018-04-24;;;;2018-06-27;;Caduque;2020-01-01;Annulé;2020-01-01;2025-04-11
PPRT;Plan de Prévention des Risques Technologiques;59DREAL20090009;PPRT RYSSEN ALCOOLS;Direction régionale de l'environnement, de l'aménagement et du logement;;;;32;HAUTS-DE-FRANCE;59;NORD;59359;Loon-Plage;20;Risque technologique;21;Risque industriel;212;Effet de surpression;FAUX;;FAUX;;2009-01-07;2010-11-02;2010-12-02;2012-02-09;;2010-12-27;;;Opposable;2020-01-01;Approuvé;2020-01-01;2025-04-10
PPRT;Plan de Prévention des Risques Technologiques;95DDT20130001;95 PPRT NCS;Direction départementale des territoires;;;;11;ILE-DE-FRANCE;95;VAL-D'OISE;95580;Saint-Witz;20;Risque technologique;21;Risque industriel;211;Effet thermique;FAUX;;FAUX;;2009-12-23;2010-11-23;2010-12-03;;;2011-06-17;;;Opposable;2020-01-01;Approuvé;2020-01-01;2025-04-04
PPRT;Plan de Prévention des Risques Technologiques;51DREAL20090013;PPRT SODETAL;Direction régionale de l'environnement, de l'aménagement et du logement;REDAELLI SODETAL TRONVILLE EN BARROIS;;;44;GRAND EST;55;MEUSE;55372;Nançois-sur-Ornain;20;Risque technologique;21;Risque industriel;213;Effet toxique;FAUX;;FAUX;;2008-05-20;;;;;2010-06-30;;2018-12-20;Caduque;2020-01-01;Abrogé;2020-01-01;2025-03-03
PPRT;Plan de Prévention des Risques Technologiques;38DDT20140006;VENCOREX ISOCHEM - Pont-de-Claix;Direction départementale des territoires;;;;84;AUVERGNE-RHONE-ALPES;38;ISERE;38200;Jarrie;20;Risque technologique;21;Risque industriel;212;Effet de surpression;FAUX;;FAUX;;2011-12-21;2018-03-23;2018-04-24;;;;2018-06-27;;Caduque;2020-01-01;Annulé;2020-01-01;2025-04-11
PPRT;Plan de Prévention des Risques Technologiques;76DREAL20150001;Saint-Pierre-lès-Elbeuf;Direction régionale de l'environnement, de l'aménagement et du logement;;;;28;NORMANDIE;76;SEINE-MARITIME;76640;Saint-Pierre-lès-Elbeuf;20;Risque technologique;21;Risque industriel;211;Effet thermique;FAUX;;FAUX;;2010-05-06;2014-02-24;2014-03-26;;;2014-06-03;;;Opposable;2020-01-01;Approuvé;2020-01-01;2025-04-09
PPRT;Plan de Prévention des Risques Technologiques;973DEAL20090002;PPRT GUYANEXPLO;Direction de l'environnement, de l'aménagement et du logement;PPRT GUYANEXPLO;;;03;GUYANE;973;GUYANE;97304;Kourou;20;Risque technologique;21;Risque industriel;212;Effet de surpression;FAUX;;FAUX;;2008-07-11;2010-07-01;2010-07-31;;;2010-11-29;;;Opposable;2020-01-01;Approuvé;2020-01-01;2025-06-18
PPRT;Plan de Prévention des Risques Technologiques;76DREAL20140007;Saint Aubin les Elbeuf;Direction régionale de l'environnement, de l'aménagement et du logement;;;;28;NORMANDIE;76;SEINE-MARITIME;76561;Saint-Aubin-lès-Elbeuf;20;Risque technologique;21;Risque industriel;213;Effet toxique;FAUX;;FAUX;;2010-04-22;2013-09-16;2013-10-18;;;2013-12-02;;;Opposable;2020-01-01;Approuvé;2020-01-01;2025-04-09
PPRT;Plan de Prévention des Risques Technologiques;30DDTM20110001;PPRT - EPC (ex NITROBICKFORD);Direction départementale des territoires et de la mer;;;;76;OCCITANIE;30;GARD;30129;Générargues;20;Risque technologique;21;Risque industriel;211;Effet thermique;FAUX;;FAUX;;2009-07-17;;;;;2012-04-18;;;Opposable;2020-01-01;Approuvé;2020-01-01;2025-04-09
PPRT;Plan de Prévention des Risques Technologiques;51DREAL20090010;PPRT HUNTSMAN;Direction régionale de l'environnement, de l'aménagement et du logement;PPRT HUNTSMAN;;;44;GRAND EST;55;MEUSE;55229;Han-sur-Meuse;20;Risque technologique;21;Risque industriel;213;Effet toxique;FAUX;;FAUX;;2008-12-10;;;;;2011-03-28;;;Opposable;2020-01-01;Approuvé;2020-01-01;2025-04-10
PPRT;Plan de Prévention des Risques Technologiques;73PREF20160029;PPRT-Mssa;Préfecture;St Marcel;;;84;AUVERGNE-RHONE-ALPES;73;SAVOIE;73190;Notre-Dame-du-Pré;20;Risque technologique;21;Risque industriel;211;Effet thermique;FAUX;;FAUX;;2010-03-18;2013-09-17;2013-10-17;;;2014-02-06;;;Opposable;2020-01-01;Approuvé;2020-01-01;2025-04-04
PPRT;Plan de Prévention des Risques Technologiques;83DREAL20140148;PPRT - militaire pyrotechnie [ Toulon ] 2013;Direction régionale de l'environnement, de l'aménagement et du logement;;;;93;PROVENCE-ALPES-COTE D'AZUR;83;VAR;83137;Toulon;20;Risque technologique;21;Risque industriel;213;Effet toxique;FAUX;;FAUX;;2013-03-01;;;;;;;;Prescrit;2020-01-01;Prescrit;2020-01-01;2025-04-15
PPRT;Plan de Prévention des Risques Technologiques;60DREAL20140001;STORENGY;Direction régionale de l'environnement, de l'aménagement et du logement;;;;32;HAUTS-DE-FRANCE;60;OISE;60533;Ressons-sur-Matz;20;Risque technologique;21;Risque industriel;211;Effet thermique;FAUX;;FAUX;;2012-12-19;2014-10-06;2014-11-06;;;2014-12-30;;;Opposable;2020-01-01;Approuvé;2020-01-01;2025-03-27
PPRT;Plan de Prévention des Risques Technologiques;38DDT20140009;ADISSEO TOURMALINE-St-Clair-Rhôn;Direction départementale des territoires;38 et 69;;;84;AUVERGNE-RHONE-ALPES;38;ISERE;38448;Saint-Prim;20;Risque technologique;21;Risque industriel;212;Effet de surpression;FAUX;;FAUX;;2012-02-09;2018-04-24;2018-05-24;;;2018-07-18;;;Opposable;2020-01-01;Approuvé;2020-01-01;2025-04-10
PPRT;Plan de Prévention des Risques Technologiques;16DDT20120004;PPRT Rémy Martin et Cie;Direction départementale des territoires;;;;75;NOUVELLE-AQUITAINE;16;CHARENTE;16217;Merpins;20;Risque technologique;21;Risque industriel;212;Effet de surpression;FAUX;;FAUX;;2009-12-23;2011-11-03;2011-12-05;;;2012-01-05;;;Opposable;2020-01-01;Approuvé;2020-01-01;2025-04-09
PPRT;Plan de Prévention des Risques Technologiques;68DREAL20140001;68 PPRT PPC CRISTAL;Direction régionale de l'environnement, de l'aménagement et du logement;68 PPRT PPC CRISTAL;;;44;GRAND EST;68;HAUT-RHIN;68348;Vieux-Thann;20;Risque technologique;21;Risque industriel;211;Effet thermique;FAUX;;FAUX;;2010-12-31;2014-01-13;2014-02-14;;;2014-05-16;;;Opposable;2020-01-01;Approuvé;2020-01-01;2012-01-23
PPRT;Plan de Prévention des Risques Technologiques;03DREAL20140001;PPRT - ALL'CHEM - Montluçon;Direction régionale de l'environnement, de l'aménagement et du logement;Montluçon;;;84;AUVERGNE-RHONE-ALPES;03;ALLIER;03098;Désertines;20;Risque technologique;21;Risque industriel;213;Effet toxique;FAUX;;FAUX;;2010-03-09;2013-05-27;2013-06-27;;;2014-01-10;;;Opposable;2020-01-01;Approuvé;2020-01-01;2025-04-09
PPRT;Plan de Prévention des Risques Technologiques;24DREAL20130012;PPRT BERGERAC ;Direction régionale de l'environnement, de l'aménagement et du logement;;;;75;NOUVELLE-AQUITAINE;24;DORDOGNE;24037;Bergerac;20;Risque technologique;21;Risque industriel;211;Effet thermique;FAUX;;FAUX;;2009-07-21;;;;;2011-06-30;;;Opposable;2020-01-01;Approuvé;2020-01-01;2025-04-09
PPRT;Plan de Prévention des Risques Technologiques;38DDT20140006;VENCOREX ISOCHEM - Pont-de-Claix;Direction départementale des territoires;;;;84;AUVERGNE-RHONE-ALPES;38;ISERE;38111;Claix;20;Risque technologique;21;Risque industriel;213;Effet toxique;FAUX;;FAUX;;2011-12-21;2018-03-23;2018-04-24;;;2018-06-27;;;Opposable;2020-01-01;Approuvé;2020-01-01;2025-04-11
PPRT;Plan de Prévention des Risques Technologiques;69DREAL20170002;69 PPRT de Chassieu;Direction régionale de l'environnement, de l'aménagement et du logement;Chassieu;;;84;AUVERGNE-RHONE-ALPES;69;RHONE;69271;Chassieu;20;Risque technologique;21;Risque industriel;212;Effet de surpression;FAUX;;FAUX;;2010-10-11;2011-12-28;2012-01-28;;;2012-08-08;;;Opposable;2020-01-01;Approuvé;2020-01-01;2025-04-04
PPRT;Plan de Prévention des Risques Technologiques;60DREAL20140002;WEYLCHEM LAMOTTE;Direction régionale de l'environnement, de l'aménagement et du logement;;;;32;HAUTS-DE-FRANCE;60;OISE;60647;Trosly-Breuil;20;Risque technologique;21;Risque industriel;213;Effet toxique;FAUX;;FAUX;;2010-10-12;2014-09-30;2014-11-05;;;2014-12-19;;;Opposable;2020-01-01;Approuvé;2020-01-01;2025-03-27
PPRT;Plan de Prévention des Risques Technologiques;33DDTM20160001;PPRT AMBES NORD;Direction départementale des territoires et de la mer;;;;75;NOUVELLE-AQUITAINE;33;GIRONDE;33035;Bayon-sur-Gironde;20;Risque technologique;21;Risque industriel;213;Effet toxique;FAUX;;FAUX;;2016-12-28;;;;;2018-08-30;;;Opposable;2020-01-01;Approuvé;2020-01-01;2025-04-09
PPRT;Plan de Prévention des Risques Technologiques;89DREAL20140006;Chemetall;Direction régionale de l'environnement, de l'aménagement et du logement;;;;27;BOURGOGNE-FRANCHE-COMTE;89;YONNE;89338;Saint-Clément;20;Risque technologique;21;Risque industriel;211;Effet thermique;FAUX;;FAUX;;2008-05-28;;;;;2011-09-05;;;Opposable;2020-01-01;Approuvé;2020-01-01;2025-03-28
PPRT;Plan de Prévention des Risques Technologiques;35DREAL20090007;PPRT TITANOBEL;Direction régionale de l'environnement, de l'aménagement et du logement;PPRT de PLEVIN;;;53;BRETAGNE;22;COTES-D'ARMOR;29152;Motreff;20;Risque technologique;21;Risque industriel;212;Effet de surpression;FAUX;;FAUX;;2008-02-19;2009-09-16;2009-12-14;;;2009-12-28;;;Opposable;2020-01-01;Approuvé;2020-01-01;2025-04-10
PPRT;Plan de Prévention des Risques Technologiques;PPRT_2023_0007;PPRT - AREVA NC - Usine W - Comurhex;Direction régionale de l'environnement, de l'aménagement et du logement;;;;;;26;DROME;26235;Pierrelatte;20;Risque technologique;21;Risque industriel;213;Effet toxique;FAUX;;FAUX;;2012-12-28;;;;;2014-09-11;;;Opposable;2020-01-01;Approuvé;2020-01-01;2025-04-14
PPRT;Plan de Prévention des Risques Technologiques;41DREAL20140005;STORENGY (Chémery-Soings);Direction régionale de l'environnement, de l'aménagement et du logement;;;;24;CENTRE-VAL DE LOIRE;41;LOIR-ET-CHER;41237;Sassay;20;Risque technologique;21;Risque industriel;212;Effet de surpression;FAUX;;FAUX;;2012-07-17;2015-10-19;2015-11-19;;;2016-02-19;;;Opposable;2020-01-01;Approuvé;2020-01-01;2025-04-09
PPRT;Plan de Prévention des Risques Technologiques;51DDT20140005;PPRT SNOI - Dampierre-au-Temple;Direction départementale des territoires;Dampierre-au-Templs;;;44;GRAND EST;51;MARNE;51476;Saint-Étienne-au-Temple;20;Risque technologique;21;Risque industriel;211;Effet thermique;FAUX;;FAUX;;2012-01-31;;;;;2014-12-11;;;Opposable;2020-01-01;Approuvé;2020-01-01;2025-04-09
PPRT;Plan de Prévention des Risques Technologiques;49DDT20130001;PPRT EPC France St Crespin/Moine;Direction départementale des territoires;;;;52;PAYS DE LA LOIRE;49;MAINE-ET-LOIRE;44043;Clisson;20;Risque technologique;21;Risque industriel;213;Effet toxique;FAUX;;FAUX;;2007-09-25;2013-06-18;2013-07-19;;;2013-10-28;;;Opposable;2020-01-01;Approuvé;2020-01-01;2025-04-04
PPRT;Plan de Prévention des Risques Technologiques;76DDTM20150003;ZIP Petit et Grand Quevilly;Direction départementale des territoires et de la mer;;;;28;NORMANDIE;76;SEINE-MARITIME;76498;Le Petit-Quevilly;20;Risque technologique;21;Risque industriel;212;Effet de surpression;FAUX;;FAUX;;2012-12-13;2017-09-20;2017-11-09;;;2018-01-25;;;Opposable;2020-01-01;Approuvé;2020-01-01;2025-04-09
PPRT;Plan de Prévention des Risques Technologiques;64DREAL20130259;PPRT LACQ MONT;Direction régionale de l'environnement, de l'aménagement et du logement;;;;75;NOUVELLE-AQUITAINE;64;PYRENEES-ATLANTIQUES;64003;Abidos;20;Risque technologique;21;Risque industriel;213;Effet toxique;FAUX;;FAUX;;2010-10-19;;;;;2014-05-06;;;Opposable;2020-01-01;Approuvé;2020-01-01;2025-06-11
PPRT;Plan de Prévention des Risques Technologiques;59DDTM20130005;PPRT NYRSTAR AUBY;Direction départementale des territoires et de la mer;;;;32;HAUTS-DE-FRANCE;59;NORD;59028;Auby;20;Risque technologique;21;Risque industriel;211;Effet thermique;FAUX;;FAUX;;2010-01-06;2012-02-06;2012-03-07;;;2012-05-03;;;Opposable;2020-01-01;Approuvé;2020-01-01;2025-04-10
PPRT;Plan de Prévention des Risques Technologiques;31DREAL20090011;PPRT - TOTAL (Lespinasse);Direction régionale de l'environnement, de l'aménagement et du logement;LESPINASSE;;;76;OCCITANIE;31;HAUTE-GARONNE;31293;Lespinasse;20;Risque technologique;21;Risque industriel;212;Effet de surpression;FAUX;;FAUX;;2007-02-28;2011-09-15;2011-10-19;;;2012-04-03;;;Opposable;2020-01-01;Approuvé;2020-01-01;2025-04-09
PPRT;Plan de Prévention des Risques Technologiques;79DDT20110048;PPRT RHODIA / SOLVAY;Direction départementale des territoires;;;;75;NOUVELLE-AQUITAINE;79;DEUX-SEVRES;79174;Melle;20;Risque technologique;21;Risque industriel;211;Effet thermique;FAUX;;FAUX;;2010-12-28;2012-11-12;2012-12-14;;;2013-02-25;;;Opposable;2020-01-01;Approuvé;2020-01-01;2025-04-09
PPRT;Plan de Prévention des Risques Technologiques;26DREAL20170001;26 PPRT SODEREC;Direction régionale de l'environnement, de l'aménagement et du logement;;;;84;AUVERGNE-RHONE-ALPES;26;DROME;26324;Saint-Paul-Trois-Châteaux;20;Risque technologique;21;Risque industriel;212;Effet de surpression;FAUX;;FAUX;;2012-12-28;2013-12-09;2014-01-09;;;2014-03-11;;;Opposable;2020-01-01;Approuvé;2020-01-01;2025-04-14
PPRT;Plan de Prévention des Risques Technologiques;973DEAL20090003;PPRT SARA Kourou;Direction de l'environnement, de l'aménagement et du logement;PPRT SARA Kourou;;;03;GUYANE;973;GUYANE;97304;Kourou;20;Risque technologique;21;Risque industriel;212;Effet de surpression;FAUX;;FAUX;;2008-03-10;2014-01-31;2014-03-07;;;2014-07-08;;;Opposable;2020-01-01;Approuvé;2020-01-01;2025-06-25
PPRT;Plan de Prévention des Risques Technologiques;69DREAL20090005;SOBEGAL - Domène;Direction régionale de l'environnement, de l'aménagement et du logement;38 PPRT de Domène;;;84;AUVERGNE-RHONE-ALPES;38;ISERE;38150;Domène;20;Risque technologique;21;Risque industriel;211;Effet thermique;FAUX;;FAUX;;2007-07-02;2016-09-20;2016-10-21;;;2017-02-08;;;Opposable;2020-01-01;Approuvé;2020-01-01;2025-04-11
PPRT;Plan de Prévention des Risques Technologiques;974DEAL20140002;PPRT dépôt de munitions SIMu  ;Direction de l'environnement, de l'aménagement et du logement;;;;04;LA REUNION;974;LA REUNION;97422;Le Tampon;20;Risque technologique;21;Risque industriel;211;Effet thermique;FAUX;;FAUX;;2013-05-02;2016-06-13;2016-07-13;;;2016-10-31;;;Opposable;2020-01-01;Approuvé;2020-01-01;2025-04-09
PPRT;Plan de Prévention des Risques Technologiques;40DREAL20130241;PPRT MLPC Rion des Landes;Direction régionale de l'environnement, de l'aménagement et du logement;;;;75;NOUVELLE-AQUITAINE;40;LANDES;40243;Rion-des-Landes;20;Risque technologique;21;Risque industriel;212;Effet de surpression;FAUX;;FAUX;;2009-06-10;2011-07-11;2011-08-12;;;2011-11-28;;;Opposable;2020-01-01;Approuvé;2020-01-01;2025-04-09
PPRT;Plan de Prévention des Risques Technologiques;PPRT_2024_0003;PPRT - dépôt de munitions [ Miramas, Istres ];Direction départementale des territoires et de la mer;;;;;;13;BOUCHES-DU-RHONE;13063;Miramas;20;Risque technologique;21;Risque industriel;211;Effet thermique;FAUX;;FAUX;;2024-07-11;;;;;;;;Prescrit;2020-01-01;Prescrit;2020-01-01;2025-05-07
PPRT;Plan de Prévention des Risques Technologiques;77DDT20130005;PPRT STORENGY;Direction départementale des territoires;PPRT STORENGY;;;11;ILE-DE-FRANCE;77;SEINE-ET-MARNE;77129;Coulombs-en-Valois;20;Risque technologique;21;Risque industriel;212;Effet de surpression;FAUX;;FAUX;;2010-10-13;;;;;2013-04-12;;;Opposable;2020-01-01;Approuvé;2020-01-01;2025-04-09
PPRT;Plan de Prévention des Risques Technologiques;75DRIEE_IF20090005;PPRT KUEHNE et NAGEL;Direction Régionale et Interdépartementale de l'Environnement et de l'Énergie d'Ile-de-France;PPRT KUEHNE et NAGEL;;;11;ILE-DE-FRANCE;77;SEINE-ET-MARNE;77445;Savigny-le-Temple;20;Risque technologique;21;Risque industriel;213;Effet toxique;FAUX;;FAUX;;2009-04-09;2011-06-01;2011-07-02;;;2011-11-10;;;Opposable;2020-01-01;Approuvé;2020-01-01;2025-04-09
PPRT;Plan de Prévention des Risques Technologiques;21DDT20130001;TITANOBEL;Direction départementale des territoires;Titanobel (21);;;27;BOURGOGNE-FRANCHE-COMTE;21;COTE-D'OR;21556;Saint-Léger-Triey;20;Risque technologique;21;Risque industriel;213;Effet toxique;FAUX;;FAUX;;2009-08-07;2011-11-08;2011-12-09;;;2012-06-29;;;Opposable;2020-01-01;Approuvé;2020-01-01;2025-04-02
PPRT;Plan de Prévention des Risques Technologiques;91DDT20140001;SFDM parc D;Direction départementale des territoires;;;;11;ILE-DE-FRANCE;91;ESSONNE;91129;Cerny;20;Risque technologique;21;Risque industriel;211;Effet thermique;FAUX;;FAUX;;2013-11-18;;;;;2016-07-22;;;Opposable;2020-01-01;Approuvé;2020-01-01;2025-04-09
PPRT;Plan de Prévention des Risques Technologiques;77DDT20130005;PPRT STORENGY;Direction départementale des territoires;PPRT STORENGY;;;11;ILE-DE-FRANCE;77;SEINE-ET-MARNE;60448;Neufchelles;20;Risque technologique;21;Risque industriel;211;Effet thermique;FAUX;;FAUX;;2010-10-13;;;;;2013-04-12;;;Opposable;2020-01-01;Approuvé;2020-01-01;2025-04-09
PPRT;Plan de Prévention des Risques Technologiques;67DDT20140003;67 PPRT DEPOT DE MUNITIONS DE NEUBOURG;Direction départementale des territoires;;;;44;GRAND EST;67;BAS-RHIN;67087;Dauendorf;20;Risque technologique;21;Risque industriel;211;Effet thermique;FAUX;;FAUX;;2013-02-01;2015-08-17;2015-09-17;;;2015-12-18;;;Opposable;2020-01-01;Approuvé;2020-01-01;2025-04-09
PPRT;Plan de Prévention des Risques Technologiques;45DREAL20090002;NEXTER Munitions - MBDA;Direction régionale de l'environnement, de l'aménagement et du logement;;;;24;CENTRE-VAL DE LOIRE;18;CHER;18050;La Chapelle-Saint-Ursin;20;Risque technologique;21;Risque industriel;211;Effet thermique;FAUX;;FAUX;;2007-11-15;2010-02-08;2010-03-11;;;2010-10-11;;;Opposable;2020-01-01;Approuvé;2020-01-01;2025-04-10
PPRT;Plan de Prévention des Risques Technologiques;76DDTM20150003;ZIP Petit et Grand Quevilly;Direction départementale des territoires et de la mer;;;;28;NORMANDIE;76;SEINE-MARITIME;76498;Le Petit-Quevilly;20;Risque technologique;21;Risque industriel;213;Effet toxique;FAUX;;FAUX;;2012-12-13;2017-09-20;2017-11-09;;;2018-01-25;;;Opposable;2020-01-01;Approuvé;2020-01-01;2025-04-09
PPRT;Plan de Prévention des Risques Technologiques;40DREAL20130238;PPRT  DRT Vielle Saint Girons;Direction régionale de l'environnement, de l'aménagement et du logement;;;;75;NOUVELLE-AQUITAINE;40;LANDES;40326;Vielle-Saint-Girons;20;Risque technologique;21;Risque industriel;212;Effet de surpression;FAUX;;FAUX;;2008-05-30;2009-12-08;2010-01-08;;;2010-04-28;;;Opposable;2020-01-01;Approuvé;2020-01-01;2025-04-09
PPRT;Plan de Prévention des Risques Technologiques;31DREAL20090002; PPRT - ARKEMA;Direction régionale de l'environnement, de l'aménagement et du logement;PPRT ARKEMA;;;76;OCCITANIE;65;HAUTES-PYRENEES;65127;Capvern;20;Risque technologique;21;Risque industriel;213;Effet toxique;FAUX;;FAUX;;2006-08-04;2008-06-16;2008-07-15;;;2008-10-29;;;Opposable;2020-01-01;Approuvé;2020-01-01;2025-04-09
PPRT;Plan de Prévention des Risques Technologiques;95DDT20130002;95-60-27 PPRT STORENGY;Direction départementale des territoires;;;;11;ILE-DE-FRANCE;95;VAL-D'OISE;27304;Guerny;20;Risque technologique;21;Risque industriel;211;Effet thermique;FAUX;;FAUX;;2010-10-08;2013-05-30;2013-06-29;;;2013-12-13;;;Opposable;2020-01-01;Approuvé;2020-01-01;2025-04-04
PPRT;Plan de Prévention des Risques Technologiques;78DDT20130011;PPRT STORENGY Saint-Illiers-la-V;Direction départementale des territoires;;;;11;ILE-DE-FRANCE;78;YVELINES;78484;Perdreauville;20;Risque technologique;21;Risque industriel;212;Effet de surpression;FAUX;;FAUX;;2009-06-15;;;;;2010-12-29;;;Opposable;2020-01-01;Approuvé;2020-01-01;2025-04-10
PPRT;Plan de Prévention des Risques Technologiques;45DREAL20140001;ND LOGISTICS (Artenay);Direction régionale de l'environnement, de l'aménagement et du logement;;;;24;CENTRE-VAL DE LOIRE;45;LOIRET;45008;Artenay;20;Risque technologique;21;Risque industriel;212;Effet de surpression;FAUX;;FAUX;;2012-05-03;2013-04-02;2013-05-03;;;2013-07-02;;;Opposable;2020-01-01;Approuvé;2020-01-01;2025-06-05
PPRT;Plan de Prévention des Risques Technologiques;29DDTM20200001;Pyrotechnie Saint Nicolas;Direction départementale des territoires et de la mer;Pyrotechnie militaire;;;53;BRETAGNE;29;FINISTERE;29189;Plougastel-Daoulas;20;Risque technologique;21;Risque industriel;214;Effet de projection;FAUX;;FAUX;;2019-11-15;;;;;2025-06-06;;;Opposable;2020-01-01;Approuvé;2020-01-01;2025-07-15
PPRT;Plan de Prévention des Risques Technologiques;64DREAL20130258;PPRT LBC;Direction régionale de l'environnement, de l'aménagement et du logement;;;;75;NOUVELLE-AQUITAINE;64;PYRENEES-ATLANTIQUES;40312;Tarnos;20;Risque technologique;21;Risque industriel;212;Effet de surpression;FAUX;;FAUX;;2008-12-30;;;;;2013-04-05;;;Opposable;2020-01-01;Approuvé;2020-01-01;2025-06-11
PPRT;Plan de Prévention des Risques Technologiques;13DREAL20090004;PPRT - TOTAL Raffinage France 2014;Direction régionale de l'environnement, de l'aménagement et du logement;PPRT - TOTAL Raffinage Marketing - Raffinerie de Provence;;;93;PROVENCE-ALPES-COTE D'AZUR;13;BOUCHES-DU-RHONE;13056;Martigues;20;Risque technologique;21;Risque industriel;213;Effet toxique;FAUX;;VRAI;13DDTM20210001;2009-04-10;2013-11-18;2013-12-20;;;2014-05-02;;2023-12-11;Caduque;2020-01-01;Abrogé;2020-01-01;2025-04-08
;;69DDT20200003;Vallée de la chimie 2;;;;;;;;;69296;Solaize;20;Risque technologique;21;Risque industriel;213;Effet toxique;FAUX;;FAUX;;2019-12-27;;;;2021-02-04;;;;;;;;2021-02-05
PPRT;Plan de Prévention des Risques Technologiques;40DREAL20130241;PPRT MLPC Rion des Landes;Direction régionale de l'environnement, de l'aménagement et du logement;;;;75;NOUVELLE-AQUITAINE;40;LANDES;40243;Rion-des-Landes;20;Risque technologique;21;Risque industriel;211;Effet thermique;FAUX;;FAUX;;2009-06-10;2011-07-11;2011-08-12;;;2011-11-28;;;Opposable;2020-01-01;Approuvé;2020-01-01;2025-04-09
PPRT;Plan de Prévention des Risques Technologiques;85DREAL20130002;PPRT EPC France - 85;Direction régionale de l'environnement, de l'aménagement et du logement;;;;52;PAYS DE LA LOIRE;85;VENDEE;85151;Mortagne-sur-Sèvre;20;Risque technologique;21;Risque industriel;212;Effet de surpression;FAUX;;FAUX;;2009-12-23;2012-10-08;2012-11-09;;;2013-02-18;;2021-08-26;Caduque;2020-01-01;Abrogé;2020-01-01;2025-04-04
PPRT;Plan de Prévention des Risques Technologiques;91DDT20130005;PPRT CIM et ANTARGAZ;Direction départementale des territoires;;;;11;ILE-DE-FRANCE;91;ESSONNE;91201;Draveil;20;Risque technologique;21;Risque industriel;212;Effet de surpression;FAUX;;FAUX;;2010-03-17;;;;;2018-04-04;;;Opposable;2020-01-01;Approuvé;2020-01-01;2025-04-09
PPRT;Plan de Prévention des Risques Technologiques;54DDT20140019;PPRT LIMEY;Direction départementale des territoires;Industriel;;;44;GRAND EST;54;MEURTHE-ET-MOSELLE;54316;Limey-Remenauville;20;Risque technologique;21;Risque industriel;211;Effet thermique;FAUX;;FAUX;;2013-07-19;;;;;2014-12-18;;;Opposable;2020-01-01;Approuvé;2020-01-01;2025-04-09
PPRT;Plan de Prévention des Risques Technologiques;35DREAL20090005;PPRT de L'HERMITAGE;Direction régionale de l'environnement, de l'aménagement et du logement;PPRT de L'HERMITAGE;;;53;BRETAGNE;35;ILLE-ET-VILAINE;35196;Mordelles;20;Risque technologique;21;Risque industriel;211;Effet thermique;FAUX;;FAUX;;2008-12-02;2010-10-04;2010-11-03;;;2010-12-20;;;Opposable;2020-01-01;Approuvé;2020-01-01;2025-04-11
PPRT;Plan de Prévention des Risques Technologiques;PPRT_2022_0003;PPRT - Etablissement DGATT Bourges;Direction départementale des territoires;;;;;;18;CHER;18247;Savigny-en-Septaine;20;Risque technologique;21;Risque industriel;212;Effet de surpression;FAUX;;FAUX;;2020-11-06;;;;;2023-08-03;;;Opposable;2020-01-01;Approuvé;2020-01-01;2025-04-02
PPRT;Plan de Prévention des Risques Technologiques;38DDT20140005;ROUSSILLON-SALAISE SUR SANNE;Direction départementale des territoires;;;;84;AUVERGNE-RHONE-ALPES;38;ISERE;38298;Le Péage-de-Roussillon;20;Risque technologique;21;Risque industriel;211;Effet thermique;FAUX;;FAUX;;2009-04-06;2014-01-27;2014-02-28;;;2014-07-09;;;Opposable;2020-01-01;Approuvé;2020-01-01;2017-06-09
PPRT;Plan de Prévention des Risques Technologiques;69DDT20200002;Vallée de la chimie;Direction départementale des territoires;;;;84;AUVERGNE-RHONE-ALPES;69;RHONE;69149;Oullins;20;Risque technologique;21;Risque industriel;211;Effet thermique;FAUX;;FAUX;;2015-04-21;;;;;2016-10-19;;;Opposable;2020-01-01;Approuvé;2020-01-01;2025-04-10
PPRT;Plan de Prévention des Risques Technologiques;68DREAL20140002;68 PPRT DSM RUBIS;Direction régionale de l'environnement, de l'aménagement et du logement;68 PPRT DSM RUBIS;;;44;GRAND EST;68;HAUT-RHIN;68149;Huningue;20;Risque technologique;21;Risque industriel;213;Effet toxique;FAUX;;FAUX;;2009-04-20;;;;;2014-09-24;;;Opposable;2020-01-01;Approuvé;2020-01-01;2018-07-17
PPRT;Plan de Prévention des Risques Technologiques;41DREAL20140002;MAXAM (La ferté Imbault);Direction régionale de l'environnement, de l'aménagement et du logement;;;;24;CENTRE-VAL DE LOIRE;41;LOIR-ET-CHER;41084;La Ferté-Imbault;20;Risque technologique;21;Risque industriel;212;Effet de surpression;FAUX;;FAUX;;2011-04-29;2013-02-27;2013-03-29;;;2013-07-18;;;Opposable;2020-01-01;Approuvé;2020-01-01;2025-04-09
PPRT;Plan de Prévention des Risques Technologiques;78DDT20130011;PPRT STORENGY Saint-Illiers-la-V;Direction départementale des territoires;;;;11;ILE-DE-FRANCE;78;YVELINES;78484;Perdreauville;20;Risque technologique;21;Risque industriel;211;Effet thermique;FAUX;;FAUX;;2009-06-15;;;;;2010-12-29;;;Opposable;2020-01-01;Approuvé;2020-01-01;2025-04-10
PPRT;Plan de Prévention des Risques Technologiques;44DDTM20170003;PPRT SFDM - Donges Nord;Direction départementale des territoires et de la mer;PPRT Donges Nord;;;52;PAYS DE LA LOIRE;44;LOIRE-ATLANTIQUE;44052;Donges;20;Risque technologique;21;Risque industriel;211;Effet thermique;FAUX;;FAUX;;2017-03-06;;;;;2019-02-25;;;Opposable;2020-01-01;Approuvé;2020-01-01;2025-04-04
PPRT;Plan de Prévention des Risques Technologiques;38DDT20140003;SIGMA ALDRICH -St-Quentin-Falla ;Direction départementale des territoires;St Quentin Fallavier;;;84;AUVERGNE-RHONE-ALPES;38;ISERE;38449;Saint-Quentin-Fallavier;20;Risque technologique;21;Risque industriel;211;Effet thermique;FAUX;;FAUX;;2009-07-07;2017-09-20;2017-10-20;;;2017-11-30;;;Opposable;2020-01-01;Approuvé;2020-01-01;2025-04-11
PPRT;Plan de Prévention des Risques Technologiques;71DDT20150001;Bioxal et Azelis Peroxides;Direction départementale des territoires;Bioxal et Azelis Peroxides;;;27;BOURGOGNE-FRANCHE-COMTE;71;SAONE-ET-LOIRE;71076;Chalon-sur-Saône;20;Risque technologique;21;Risque industriel;211;Effet thermique;FAUX;;FAUX;;2009-04-15;2011-01-24;2011-02-25;;;2011-06-21;;;Opposable;2020-01-01;Approuvé;2020-01-01;2025-03-27
PPRT;Plan de Prévention des Risques Technologiques;13DDTM20210001;PPRT - TOTAL Raffinage France 2023;Direction départementale des territoires et de la mer;;;;93;PROVENCE-ALPES-COTE D'AZUR;13;BOUCHES-DU-RHONE;13026;Châteauneuf-les-Martigues;20;Risque technologique;21;Risque industriel;213;Effet toxique;VRAI;13DREAL20090004;FAUX;;2019-10-21;;;;;2023-12-11;;;Opposable;2020-01-01;Approuvé;2020-01-01;2025-04-09
PPRT;Plan de Prévention des Risques Technologiques;60DREAL20140002;WEYLCHEM LAMOTTE;Direction régionale de l'environnement, de l'aménagement et du logement;;;;32;HAUTS-DE-FRANCE;60;OISE;60167;Couloisy;20;Risque technologique;21;Risque industriel;213;Effet toxique;FAUX;;FAUX;;2010-10-12;2014-09-30;2014-11-05;;;2014-12-19;;;Opposable;2020-01-01;Approuvé;2020-01-01;2025-03-27
PPRT;Plan de Prévention des Risques Technologiques;69DDT20200002;Vallée de la chimie;Direction départementale des territoires;;;;84;AUVERGNE-RHONE-ALPES;69;RHONE;69259;Vénissieux;20;Risque technologique;21;Risque industriel;213;Effet toxique;FAUX;;FAUX;;2015-04-21;;;;;2016-10-19;;;Opposable;2020-01-01;Approuvé;2020-01-01;2025-04-10
PPRT;Plan de Prévention des Risques Technologiques;78DDT20130011;PPRT STORENGY Saint-Illiers-la-V;Direction départementale des territoires;;;;11;ILE-DE-FRANCE;78;YVELINES;78558;Saint-Illiers-la-Ville;20;Risque technologique;21;Risque industriel;211;Effet thermique;FAUX;;FAUX;;2009-06-15;;;;;2010-12-29;;;Opposable;2020-01-01;Approuvé;2020-01-01;2025-04-10
PPRT;Plan de Prévention des Risques Technologiques;67DREAL20140043;67 PPRT BUTAGAZ;Direction régionale de l'environnement, de l'aménagement et du logement;67 PPRT BUTAGAZ;;;44;GRAND EST;67;BAS-RHIN;67519;La Wantzenau;20;Risque technologique;21;Risque industriel;211;Effet thermique;FAUX;;FAUX;;2012-11-20;2014-03-31;2014-04-30;;;2014-07-21;;2024-09-26;Caduque;2020-01-01;Abrogé;2020-01-01;2025-01-10
PPRT;Plan de Prévention des Risques Technologiques;76DDTM20150002;Rouen Lubrizol;Direction départementale des territoires et de la mer;;;;28;NORMANDIE;76;SEINE-MARITIME;76498;Le Petit-Quevilly;20;Risque technologique;21;Risque industriel;211;Effet thermique;FAUX;;FAUX;;2010-05-06;2013-11-22;2014-01-18;;;2014-03-31;;;Opposable;2020-01-01;Approuvé;2020-01-01;2025-04-09
PPRT;Plan de Prévention des Risques Technologiques;38DDT20140002;ARKEMA AREVA-CEZUS - Jarrie;Direction départementale des territoires;;;;84;AUVERGNE-RHONE-ALPES;38;ISERE;38524;Varces-Allières-et-Risset;20;Risque technologique;21;Risque industriel;213;Effet toxique;FAUX;;VRAI;38DDT20140007;2010-06-14;2010-10-15;2010-11-15;;;2010-12-20;;2015-05-22;Caduque;2020-01-01;Abrogé;2020-01-01;2020-12-04
PPRT;Plan de Prévention des Risques Technologiques;PPRT_2022_0003;PPRT - Etablissement DGATT Bourges;Direction départementale des territoires;;;;;;18;CHER;18174;Osmoy;20;Risque technologique;21;Risque industriel;211;Effet thermique;FAUX;;FAUX;;2020-11-06;;;;;2023-08-03;;;Opposable;2020-01-01;Approuvé;2020-01-01;2025-04-02
PPRT;Plan de Prévention des Risques Technologiques;30DDTM20110001;PPRT - EPC (ex NITROBICKFORD);Direction départementale des territoires et de la mer;;;;76;OCCITANIE;30;GARD;30027;Bagard;20;Risque technologique;21;Risque industriel;211;Effet thermique;FAUX;;FAUX;;2009-07-17;;;;;2012-04-18;;;Opposable;2020-01-01;Approuvé;2020-01-01;2025-04-09
PPRT;Plan de Prévention des Risques Technologiques;38DDT20140007;Rév. ARKEMA AREVA-CEZUS-Jarrie;Direction départementale des territoires;;;;84;AUVERGNE-RHONE-ALPES;38;ISERE;38562;Vizille;20;Risque technologique;21;Risque industriel;212;Effet de surpression;VRAI;38DDT20140002;FAUX;;2011-12-21;2014-09-08;2014-10-09;;;2015-05-22;;;Opposable;2020-01-01;Approuvé;2020-01-01;2025-11-21
PPRT;Plan de Prévention des Risques Technologiques;91DDT20130004;PPRT SME et ISOCHEM;Direction départementale des territoires;;;;11;ILE-DE-FRANCE;91;ESSONNE;91045;Ballancourt-sur-Essonne;20;Risque technologique;21;Risque industriel;213;Effet toxique;FAUX;;FAUX;;2010-01-19;;;;;2014-09-19;;;Opposable;2020-01-01;Approuvé;2020-01-01;2025-04-09
PPRT;Plan de Prévention des Risques Technologiques;60DREAL20140002;WEYLCHEM LAMOTTE;Direction régionale de l'environnement, de l'aménagement et du logement;;;;32;HAUTS-DE-FRANCE;60;OISE;60025;Attichy;20;Risque technologique;21;Risque industriel;211;Effet thermique;FAUX;;FAUX;;2010-10-12;2014-09-30;2014-11-05;;;2014-12-19;;;Opposable;2020-01-01;Approuvé;2020-01-01;2025-03-27
PPRT;Plan de Prévention des Risques Technologiques;62DREAL20140009;PPRT ARC INTERNATIONAL;Direction régionale de l'environnement, de l'aménagement et du logement;;;;32;HAUTS-DE-FRANCE;62;PAS-DE-CALAIS;62040;Arques;20;Risque technologique;21;Risque industriel;213;Effet toxique;FAUX;;FAUX;;2016-06-29;;;;;;;;Prescrit;2020-01-01;Prescrit;2020-01-01;2016-06-29
PPRT;Plan de Prévention des Risques Technologiques;01DDT20110004;01 PPRt KEM ONE;Direction départementale des territoires;Balan ;;;84;AUVERGNE-RHONE-ALPES;01;AIN;01142;Dagneux;20;Risque technologique;21;Risque industriel;212;Effet de surpression;FAUX;;FAUX;;2010-01-27;2012-03-12;2012-04-12;;;2012-05-30;;;Opposable;2020-01-01;Approuvé;2020-01-01;2017-05-10
PPRT;Plan de Prévention des Risques Technologiques;21DDT20130002;ENTREPOTS PETROLIERS DIJONNAIS;Direction départementale des territoires;Entrepôt pétrolier dijonnais (21;;;27;BOURGOGNE-FRANCHE-COMTE;21;COTE-D'OR;21355;Longvic;20;Risque technologique;21;Risque industriel;212;Effet de surpression;FAUX;;FAUX;;2010-06-21;;;;;2014-02-06;;;Opposable;2020-01-01;Approuvé;2020-01-01;2025-03-27
PPRT;Plan de Prévention des Risques Technologiques;47DREAL20130325;PPR ARCHIMICA Bon Encontre;Direction régionale de l'environnement, de l'aménagement et du logement;;;;75;NOUVELLE-AQUITAINE;47;LOT-ET-GARONNE;47032;Bon-Encontre;20;Risque technologique;21;Risque industriel;213;Effet toxique;FAUX;;FAUX;;2009-12-24;2010-09-23;2010-10-22;;;2010-12-17;;;Opposable;2020-01-01;Approuvé;2020-01-01;2017-04-04
PPRT;Plan de Prévention des Risques Technologiques;PPRT_2023_0007;PPRT - AREVA NC - Usine W - Comurhex;Direction régionale de l'environnement, de l'aménagement et du logement;;;;;;26;DROME;26324;Saint-Paul-Trois-Châteaux;20;Risque technologique;21;Risque industriel;211;Effet thermique;FAUX;;FAUX;;2012-12-28;;;;;2014-09-11;;;Opposable;2020-01-01;Approuvé;2020-01-01;2025-04-14
PPRT;Plan de Prévention des Risques Technologiques;13DREAL20140006;PPRT - Lavéra 2023;Direction régionale de l'environnement, de l'aménagement et du logement;;;;93;PROVENCE-ALPES-COTE D'AZUR;13;BOUCHES-DU-RHONE;13077;Port-de-Bouc;20;Risque technologique;21;Risque industriel;211;Effet thermique;FAUX;;FAUX;;2013-08-01;;;;;2023-05-15;;;Opposable;2020-01-01;Approuvé;2020-01-01;2025-04-09
PPRT;Plan de Prévention des Risques Technologiques;76DREAL20150001;Saint-Pierre-lès-Elbeuf;Direction régionale de l'environnement, de l'aménagement et du logement;;;;28;NORMANDIE;76;SEINE-MARITIME;76165;Caudebec-lès-Elbeuf;20;Risque technologique;21;Risque industriel;212;Effet de surpression;FAUX;;FAUX;;2010-05-06;2014-02-24;2014-03-26;;;2014-06-03;;;Opposable;2020-01-01;Approuvé;2020-01-01;2025-04-09
PPRT;Plan de Prévention des Risques Technologiques;57DDT20140007;Plate-forme Saint-Avold Nord;Direction départementale des territoires;Plate-forme Saint-Avold Nord;;;44;GRAND EST;57;MOSELLE;57765;Diesen;20;Risque technologique;21;Risque industriel;211;Effet thermique;FAUX;;FAUX;;2009-03-26;2013-05-16;2013-06-17;;;2013-10-22;;;Opposable;2020-01-01;Approuvé;2020-01-01;2025-04-10
PPRT;Plan de Prévention des Risques Technologiques;38DDT20140006;VENCOREX ISOCHEM - Pont-de-Claix;Direction départementale des territoires;;;;84;AUVERGNE-RHONE-ALPES;38;ISERE;38185;Grenoble;20;Risque technologique;21;Risque industriel;211;Effet thermique;FAUX;;FAUX;;2011-12-21;2018-03-23;2018-04-24;;;;2018-06-27;;Caduque;2020-01-01;Annulé;2020-01-01;2025-04-11
PPRT;Plan de Prévention des Risques Technologiques;26DDT20110001;PPRT - COURBIS SYNTHESE;Direction départementale des territoires;;;;84;AUVERGNE-RHONE-ALPES;26;DROME;26281;Romans-sur-Isère;20;Risque technologique;21;Risque industriel;213;Effet toxique;FAUX;;FAUX;;2011-05-31;2012-03-26;2012-04-26;;;2012-11-29;;;Opposable;2020-01-01;Approuvé;2020-01-01;2025-04-09
PPRT;Plan de Prévention des Risques Technologiques;38DDT20140005;ROUSSILLON-SALAISE SUR SANNE;Direction départementale des territoires;;;;84;AUVERGNE-RHONE-ALPES;38;ISERE;38468;Salaise-sur-Sanne;20;Risque technologique;21;Risque industriel;211;Effet thermique;FAUX;;FAUX;;2009-04-06;2014-01-27;2014-02-28;;;2014-07-09;;;Opposable;2020-01-01;Approuvé;2020-01-01;2017-06-09
PPRT;Plan de Prévention des Risques Technologiques;PPRT_2022_0003;PPRT - Etablissement DGATT Bourges;Direction départementale des territoires;;;;;;18;CHER;18174;Osmoy;20;Risque technologique;21;Risque industriel;214;Effet de projection;FAUX;;FAUX;;2020-11-06;;;;;2023-08-03;;;Opposable;2020-01-01;Approuvé;2020-01-01;2025-04-02
PPRT;Plan de Prévention des Risques Technologiques;38DDT20140006;VENCOREX ISOCHEM - Pont-de-Claix;Direction départementale des territoires;;;;84;AUVERGNE-RHONE-ALPES;38;ISERE;38158;Eybens;20;Risque technologique;21;Risque industriel;211;Effet thermique;FAUX;;FAUX;;2011-12-21;2018-03-23;2018-04-24;;;;2018-06-27;;Caduque;2020-01-01;Annulé;2020-01-01;2025-04-11
PPRT;Plan de Prévention des Risques Technologiques;38DDT20140006;VENCOREX ISOCHEM - Pont-de-Claix;Direction départementale des territoires;;;;84;AUVERGNE-RHONE-ALPES;38;ISERE;38151;Échirolles;20;Risque technologique;21;Risque industriel;211;Effet thermique;FAUX;;FAUX;;2011-12-21;2018-03-23;2018-04-24;;;;2018-06-27;;Caduque;2020-01-01;Annulé;2020-01-01;2025-04-11
PPRT;Plan de Prévention des Risques Technologiques;35DREAL20090002;PPRT de BREST (55 73);Direction régionale de l'environnement, de l'aménagement et du logement;PPRT de BREST (55 73);;;53;BRETAGNE;29;FINISTERE;29019;Brest;20;Risque technologique;21;Risque industriel;212;Effet de surpression;FAUX;;FAUX;;2008-10-29;2016-09-21;2016-10-22;2017-03-17;;2017-02-08;;;Opposable;2020-01-01;Approuvé;2020-01-01;2025-04-14
PPRT;Plan de Prévention des Risques Technologiques;29DREAL20140002;PPRT NOBELSPORT;Direction régionale de l'environnement, de l'aménagement et du logement;Pyrotechnie;;;53;BRETAGNE;29;FINISTERE;29302;Pont-de-Buis-lès-Quimerch;20;Risque technologique;21;Risque industriel;212;Effet de surpression;FAUX;;FAUX;;2009-12-29;;;2011-10-12;;2010-12-30;;;Opposable;2020-01-01;Approuvé;2020-01-01;2025-03-26
;;69DDT20200003;Vallée de la chimie 2;;;;;;;;;69123;Lyon;20;Risque technologique;21;Risque industriel;212;Effet de surpression;FAUX;;FAUX;;2019-12-27;;;;2021-02-04;;;;;;;;2021-02-05
PPRT;Plan de Prévention des Risques Technologiques;64DREAL20150001;PPRT - MOURENX/PARDIES (Modification);Direction régionale de l'environnement, de l'aménagement et du logement;MOURENX/PARDIES;;;75;NOUVELLE-AQUITAINE;64;PYRENEES-ATLANTIQUES;64410;Mourenx;20;Risque technologique;21;Risque industriel;212;Effet de surpression;FAUX;;FAUX;;2011-02-08;;;;;2015-04-15;;;Opposable;2020-01-01;Approuvé;2020-01-01;2025-11-20
PPRT;Plan de Prévention des Risques Technologiques;69DDT20200002;Vallée de la chimie;Direction départementale des territoires;;;;84;AUVERGNE-RHONE-ALPES;69;RHONE;69276;Feyzin;20;Risque technologique;21;Risque industriel;213;Effet toxique;FAUX;;FAUX;;2015-04-21;;;;;2016-10-19;;;Opposable;2020-01-01;Approuvé;2020-01-01;2025-04-10
PPRT;Plan de Prévention des Risques Technologiques;75DRIEE_IF20090002;PPRT SDPN;Direction Régionale et Interdépartementale de l'Environnement et de l'Énergie d'Ile-de-France;PPRT SDPN;;;11;ILE-DE-FRANCE;92;HAUTS-DE-SEINE;95063;Bezons;20;Risque technologique;21;Risque industriel;212;Effet de surpression;FAUX;;FAUX;;2009-02-25;;;;2014-05-06;;;;Caduque;2020-01-01;Déprescrit;2020-01-01;2022-04-29
PPRT;Plan de Prévention des Risques Technologiques;51DREAL20090010;PPRT HUNTSMAN;Direction régionale de l'environnement, de l'aménagement et du logement;PPRT HUNTSMAN;;;44;GRAND EST;55;MEUSE;55264;Kœur-la-Petite;20;Risque technologique;21;Risque industriel;211;Effet thermique;FAUX;;FAUX;;2008-12-10;;;;;2011-03-28;;;Opposable;2020-01-01;Approuvé;2020-01-01;2025-04-10
PPRT;Plan de Prévention des Risques Technologiques;49DDT20110020;PPRT Zach System Avrillé;Direction départementale des territoires;;;;52;PAYS DE LA LOIRE;49;MAINE-ET-LOIRE;49015;Avrillé;20;Risque technologique;21;Risque industriel;211;Effet thermique;FAUX;;FAUX;;2010-12-22;2014-05-12;2014-06-13;;;2014-10-06;;;Opposable;2020-01-01;Approuvé;2020-01-01;2025-04-04
PPRT;Plan de Prévention des Risques Technologiques;40DREAL20130243;PPRT TIGF;Direction régionale de l'environnement, de l'aménagement et du logement;;;;75;NOUVELLE-AQUITAINE;40;LANDES;40166;Lussagnet;20;Risque technologique;21;Risque industriel;211;Effet thermique;FAUX;;FAUX;;2011-06-23;2012-11-05;2012-12-06;;;2013-04-08;;;Opposable;2020-01-01;Approuvé;2020-01-01;2025-04-09
PPRT;Plan de Prévention des Risques Technologiques;02DDT20140002;GIE SICALOG;Direction départementale des territoires;;;;32;HAUTS-DE-FRANCE;02;AISNE;02549;Neuville-Saint-Amand;20;Risque technologique;21;Risque industriel;213;Effet toxique;FAUX;;FAUX;;2009-10-02;2010-05-31;2010-07-02;2011-01-18;;2010-07-26;;;Opposable;2020-01-01;Approuvé;2020-01-01;2025-04-09
PPRT;Plan de Prévention des Risques Technologiques;91DDT20130003;PPRT OM-Group;Direction départementale des territoires;;;;11;ILE-DE-FRANCE;91;ESSONNE;91593;Sermaise;20;Risque technologique;21;Risque industriel;213;Effet toxique;FAUX;;FAUX;;2009-09-22;;;;;2012-07-12;;;Opposable;2020-01-01;Approuvé;2020-01-01;2025-04-09
PPRT;Plan de Prévention des Risques Technologiques;64DREAL20150001;PPRT - MOURENX/PARDIES (Modification);Direction régionale de l'environnement, de l'aménagement et du logement;MOURENX/PARDIES;;;75;NOUVELLE-AQUITAINE;64;PYRENEES-ATLANTIQUES;64005;Abos;20;Risque technologique;21;Risque industriel;213;Effet toxique;FAUX;;FAUX;;2011-02-08;;;;;2015-04-15;;;Opposable;2020-01-01;Approuvé;2020-01-01;2025-11-20
PPRT;Plan de Prévention des Risques Technologiques;76DREAL20140008;Port Jérôme;Direction régionale de l'environnement, de l'aménagement et du logement;;;;28;NORMANDIE;76;SEINE-MARITIME;76476;Port-Jérôme-sur-Seine;20;Risque technologique;21;Risque industriel;213;Effet toxique;FAUX;;FAUX;;2009-05-29;2014-04-14;2014-05-21;;;2014-08-07;;;Opposable;2020-01-01;Approuvé;2020-01-01;2025-04-04
PPRT;Plan de Prévention des Risques Technologiques;51DREAL20090012;PPRT TITANITE MOUTIERS;Direction régionale de l'environnement, de l'aménagement et du logement;PPRT TITANITE MOUTIERS;;;44;GRAND EST;54;MEURTHE-ET-MOSELLE;54028;Auboué;20;Risque technologique;21;Risque industriel;212;Effet de surpression;FAUX;;FAUX;;2007-10-08;;;;;2010-09-24;;;Opposable;2020-01-01;Approuvé;2020-01-01;2025-04-09
PPRT;Plan de Prévention des Risques Technologiques;01DDT20110004;01 PPRt KEM ONE;Direction départementale des territoires;Balan ;;;84;AUVERGNE-RHONE-ALPES;01;AIN;01027;Balan;20;Risque technologique;21;Risque industriel;211;Effet thermique;FAUX;;FAUX;;2010-01-27;2012-03-12;2012-04-12;;;2012-05-30;;;Opposable;2020-01-01;Approuvé;2020-01-01;2017-05-10
PPRT;Plan de Prévention des Risques Technologiques;95DDT20130001;95 PPRT NCS;Direction départementale des territoires;;;;11;ILE-DE-FRANCE;95;VAL-D'OISE;95580;Saint-Witz;20;Risque technologique;21;Risque industriel;213;Effet toxique;FAUX;;FAUX;;2009-12-23;2010-11-23;2010-12-03;;;2011-06-17;;;Opposable;2020-01-01;Approuvé;2020-01-01;2025-04-04
PPRT;Plan de Prévention des Risques Technologiques;10DDT20130014;PPRT-Cristal Union ;Direction départementale des territoires;;;;44;GRAND EST;10;AUBE;10429;Villette-sur-Aube;20;Risque technologique;21;Risque industriel;211;Effet thermique;FAUX;;FAUX;;2007-12-13;;;;;2009-11-10;;;Opposable;2020-01-01;Approuvé;2020-01-01;2025-04-09
PPRT;Plan de Prévention des Risques Technologiques;83DREAL20140148;PPRT - militaire pyrotechnie [ Toulon ] 2013;Direction régionale de l'environnement, de l'aménagement et du logement;;;;93;PROVENCE-ALPES-COTE D'AZUR;83;VAR;83126;La Seyne-sur-Mer;20;Risque technologique;21;Risque industriel;211;Effet thermique;FAUX;;FAUX;;2013-03-01;;;;;;;;Prescrit;2020-01-01;Prescrit;2020-01-01;2025-04-15
PPRT;Plan de Prévention des Risques Technologiques;77DDT20130005;PPRT STORENGY;Direction départementale des territoires;PPRT STORENGY;;;11;ILE-DE-FRANCE;77;SEINE-ET-MARNE;60656;Varinfroy;20;Risque technologique;21;Risque industriel;211;Effet thermique;FAUX;;FAUX;;2010-10-13;;;;;2013-04-12;;;Opposable;2020-01-01;Approuvé;2020-01-01;2025-04-09
PPRT;Plan de Prévention des Risques Technologiques;51DREAL20090006;PPRT de SEVEAL LUDRES;Direction régionale de l'environnement, de l'aménagement et du logement;PPRT de SEVEAL LUDRES;;;44;GRAND EST;54;MEURTHE-ET-MOSELLE;54328;Ludres;20;Risque technologique;21;Risque industriel;213;Effet toxique;FAUX;;FAUX;;2008-11-18;;;;;2010-09-13;;;Opposable;2020-01-01;Approuvé;2020-01-01;2025-04-09
PPRT;Plan de Prévention des Risques Technologiques;59DDTM20130004;PPRT PPG SAULTAIN;Direction départementale des territoires et de la mer;;;;32;HAUTS-DE-FRANCE;59;NORD;59215;Estreux;20;Risque technologique;21;Risque industriel;212;Effet de surpression;FAUX;;FAUX;;2010-03-23;2011-09-26;2011-10-27;;;2011-12-13;;;Opposable;2020-01-01;Approuvé;2020-01-01;2025-04-10
PPRT;Plan de Prévention des Risques Technologiques;02DDT20130001;TEREOS;Direction départementale des territoires;;;;32;HAUTS-DE-FRANCE;02;AISNE;02575;Origny-Sainte-Benoite;20;Risque technologique;21;Risque industriel;212;Effet de surpression;FAUX;;FAUX;;2011-06-23;;;;;2012-10-15;;;Opposable;2020-01-01;Approuvé;2020-01-01;2025-04-09
PPRT;Plan de Prévention des Risques Technologiques;973DEAL20150004;PPRT Centre spatial guyanais;Direction de l'environnement, de l'aménagement et du logement;;;;03;GUYANE;973;GUYANE;97304;Kourou;20;Risque technologique;21;Risque industriel;212;Effet de surpression;FAUX;;FAUX;;2010-06-28;2013-07-15;2013-08-14;;;2013-11-18;;;Opposable;2020-01-01;Approuvé;2020-01-01;2025-06-18
PPRT;Plan de Prévention des Risques Technologiques;35DREAL20090003;PPRT de CHATEAUBOURG;Direction régionale de l'environnement, de l'aménagement et du logement;PPRT de CHATEAUBOURG;;;53;BRETAGNE;35;ILLE-ET-VILAINE;35068;Châteaubourg;20;Risque technologique;21;Risque industriel;211;Effet thermique;FAUX;;FAUX;;2007-12-26;2009-01-05;2009-03-06;;;2009-05-30;;;Opposable;2020-01-01;Approuvé;2020-01-01;2025-04-11
PPRT;Plan de Prévention des Risques Technologiques;18DDT20140001;AXEREAL (Moulins-sur-Yèvre);Direction départementale des territoires;;;;24;CENTRE-VAL DE LOIRE;18;CHER;18158;Moulins-sur-Yèvre;20;Risque technologique;21;Risque industriel;211;Effet thermique;FAUX;;FAUX;;2009-06-25;2013-10-15;2013-11-14;;;2013-12-18;;;Opposable;2020-01-01;Approuvé;2020-01-01;2025-04-10
;;PPRT_2025_0001;PPRT - SNF - Andrézieux-Bouthéon;;;;;;;;;42206;Saint-Bonnet-les-Oules;20;Risque technologique;21;Risque industriel;212;Effet de surpression;FAUX;;FAUX;;2010-06-30;;;;;2012-12-20;;;;;;;2025-02-03
PPRT;Plan de Prévention des Risques Technologiques;55DDT20210005;PPRT ROZELIER;Direction départementale des territoires;PPRT ROZELIER;;;44;GRAND EST;55;MEUSE;55105;Châtillon-sous-les-Côtes;20;Risque technologique;21;Risque industriel;211;Effet thermique;FAUX;;FAUX;;2017-11-15;;;;;2023-07-06;;;Opposable;2020-01-01;Approuvé;2020-01-01;2025-04-10
PPRT;Plan de Prévention des Risques Technologiques;76DDTM20150005;ZIP Le Havre;Direction départementale des territoires et de la mer;;;;28;NORMANDIE;76;SEINE-MARITIME;76305;Gonfreville-l'Orcher;20;Risque technologique;21;Risque industriel;211;Effet thermique;FAUX;;FAUX;;2010-02-17;2016-05-26;2016-07-12;;;2016-10-17;;;Opposable;2020-01-01;Approuvé;2020-01-01;2019-09-09
PPRT;Plan de Prévention des Risques Technologiques;73PREF20160027;PPRT-Thermphos;Préfecture;;;;84;AUVERGNE-RHONE-ALPES;73;SAVOIE;73231;Saint-Étienne-de-Cuines;20;Risque technologique;24;Transport de marchandises dangereuses;;;FAUX;;FAUX;;2009-12-31;;;;;2014-06-10;;;Opposable;2020-01-01;Approuvé;2020-01-01;2025-04-04
PPRT;Plan de Prévention des Risques Technologiques;33DDTM20160001;PPRT AMBES NORD;Direction départementale des territoires et de la mer;;;;75;NOUVELLE-AQUITAINE;33;GIRONDE;33262;Macau;20;Risque technologique;21;Risque industriel;212;Effet de surpression;FAUX;;FAUX;;2016-12-28;;;;;2018-08-30;;;Opposable;2020-01-01;Approuvé;2020-01-01;2025-04-09
PPRT;Plan de Prévention des Risques Technologiques;60DREAL20140002;WEYLCHEM LAMOTTE;Direction régionale de l'environnement, de l'aménagement et du logement;;;;32;HAUTS-DE-FRANCE;60;OISE;60167;Couloisy;20;Risque technologique;21;Risque industriel;212;Effet de surpression;FAUX;;FAUX;;2010-10-12;2014-09-30;2014-11-05;;;2014-12-19;;;Opposable;2020-01-01;Approuvé;2020-01-01;2025-03-27
PPRT;Plan de Prévention des Risques Technologiques;77DDT20130002;PPRT BUTAGAZ;Direction départementale des territoires;PPRT BUTAGAZ;;;11;ILE-DE-FRANCE;77;SEINE-ET-MARNE;77305;Montereau-Fault-Yonne;20;Risque technologique;21;Risque industriel;211;Effet thermique;FAUX;;FAUX;;2009-12-21;2012-09-27;2012-10-27;;;2012-12-21;;2018-05-24;Caduque;2020-01-01;Abrogé;2020-01-01;2021-02-12
PPRT;Plan de Prévention des Risques Technologiques;61DDT20150002;PPR-T - Argentan;Direction départementale des territoires;Orne Amont;;;28;NORMANDIE;61;ORNE;61006;Argentan;20;Risque technologique;21;Risque industriel;213;Effet toxique;FAUX;;FAUX;;2009-12-31;;;2012-10-30;;2012-10-01;;2015-02-12;Caduque;2020-01-01;Abrogé;2020-01-01;2025-03-10
PPRT;Plan de Prévention des Risques Technologiques;PPRT_2022_0003;PPRT - Etablissement DGATT Bourges;Direction départementale des territoires;;;;;;18;CHER;18033;Bourges;20;Risque technologique;21;Risque industriel;213;Effet toxique;FAUX;;FAUX;;2020-11-06;;;;;2023-08-03;;;Opposable;2020-01-01;Approuvé;2020-01-01;2025-04-02
PPRT;Plan de Prévention des Risques Technologiques;PPRT_2023_0007;PPRT - AREVA NC - Usine W - Comurhex;Direction régionale de l'environnement, de l'aménagement et du logement;;;;;;26;DROME;26324;Saint-Paul-Trois-Châteaux;20;Risque technologique;21;Risque industriel;213;Effet toxique;FAUX;;FAUX;;2012-12-28;;;;;2014-09-11;;;Opposable;2020-01-01;Approuvé;2020-01-01;2025-04-14
PPRT;Plan de Prévention des Risques Technologiques;47DREAL20130327;PPRT ATPM;Direction régionale de l'environnement, de l'aménagement et du logement;;;;75;NOUVELLE-AQUITAINE;47;LOT-ET-GARONNE;47050;Cassignas;20;Risque technologique;21;Risque industriel;211;Effet thermique;FAUX;;FAUX;;2009-06-29;2010-03-29;2010-04-30;2011-02-15;;2010-06-21;;;Opposable;2020-01-01;Approuvé;2020-01-01;2025-04-09
PPRT;Plan de Prévention des Risques Technologiques;87DDT20080002;PPRT EPC France (Nitro-Bickford);Direction départementale des territoires;;;;75;NOUVELLE-AQUITAINE;87;HAUTE-VIENNE;87122;Razès;20;Risque technologique;21;Risque industriel;212;Effet de surpression;FAUX;;FAUX;;2007-11-26;2009-09-07;;;;2009-12-09;;;Opposable;2020-01-01;Approuvé;2020-01-01;2025-04-04
PPRT;Plan de Prévention des Risques Technologiques;38DDT20140009;ADISSEO TOURMALINE-St-Clair-Rhôn;Direction départementale des territoires;38 et 69;;;84;AUVERGNE-RHONE-ALPES;38;ISERE;42056;Chavanay;20;Risque technologique;21;Risque industriel;212;Effet de surpression;FAUX;;FAUX;;2012-02-09;2018-04-24;2018-05-24;;;2018-07-18;;;Opposable;2020-01-01;Approuvé;2020-01-01;2025-04-10
PPRT;Plan de Prévention des Risques Technologiques;24DREAL20130013;PPRT BREZAC Le Fleix;Direction régionale de l'environnement, de l'aménagement et du logement;;;;75;NOUVELLE-AQUITAINE;24;DORDOGNE;24182;Le Fleix;20;Risque technologique;21;Risque industriel;212;Effet de surpression;FAUX;;FAUX;;2010-04-09;2011-09-19;;;;2011-12-05;;;Opposable;2020-01-01;Approuvé;2020-01-01;2025-04-09
PPRT;Plan de Prévention des Risques Technologiques;29DDTM20120004;PPRT Maison Blanche;Direction départementale des territoires et de la mer;Dépôt hydrocarbure militaire;;;53;BRETAGNE;29;FINISTERE;29019;Brest;20;Risque technologique;21;Risque industriel;211;Effet thermique;FAUX;;FAUX;;2010-01-28;2016-03-29;2016-04-29;2016-09-27;;2016-07-20;;;Opposable;2020-01-01;Approuvé;2020-01-01;2025-03-26
PPRT;Plan de Prévention des Risques Technologiques;01DREAL20170003;01 PPRT de Etrez;Direction régionale de l'environnement, de l'aménagement et du logement;Etrez;;;84;AUVERGNE-RHONE-ALPES;01;AIN;01232;Marboz;20;Risque technologique;21;Risque industriel;212;Effet de surpression;FAUX;;FAUX;;2012-02-20;2015-04-14;2015-05-14;;;2015-07-28;;;Opposable;2020-01-01;Approuvé;2020-01-01;2021-03-03
PPRT;Plan de Prévention des Risques Technologiques;PPRT_2025_0003;PPRT -  VALTRIS;Direction départementale des territoires;Verdun;;;;;55;MEUSE;55200;Fromeréville-les-Vallons;20;Risque technologique;21;Risque industriel;211;Effet thermique;FAUX;;FAUX;;2023-01-10;;;;;2024-06-17;;;Opposable;2020-01-01;Approuvé;2020-01-01;2025-04-10
PPRT;Plan de Prévention des Risques Technologiques;51DDT20140007;51-PPRT ECOLAB ;Direction départementale des territoires;Saint-Martin-sur-le-Pré;;;44;GRAND EST;51;MARNE;51504;Saint-Martin-sur-le-Pré;20;Risque technologique;21;Risque industriel;213;Effet toxique;FAUX;;FAUX;;2009-09-30;;;;;2010-12-14;;;Opposable;2020-01-01;Approuvé;2020-01-01;2025-04-09
PPRT;Plan de Prévention des Risques Technologiques;76DDTM20150003;ZIP Petit et Grand Quevilly;Direction départementale des territoires et de la mer;;;;28;NORMANDIE;76;SEINE-MARITIME;76322;Le Grand-Quevilly;20;Risque technologique;21;Risque industriel;213;Effet toxique;FAUX;;FAUX;;2012-12-13;2017-09-20;2017-11-09;;;2018-01-25;;;Opposable;2020-01-01;Approuvé;2020-01-01;2025-04-09
PPRT;Plan de Prévention des Risques Technologiques;45DREAL20090002;NEXTER Munitions - MBDA;Direction régionale de l'environnement, de l'aménagement et du logement;;;;24;CENTRE-VAL DE LOIRE;18;CHER;18157;Morthomiers;20;Risque technologique;21;Risque industriel;212;Effet de surpression;FAUX;;FAUX;;2007-11-15;2010-02-08;2010-03-11;;;2010-10-11;;;Opposable;2020-01-01;Approuvé;2020-01-01;2025-04-10
;;69DDT20200003;Vallée de la chimie 2;;;;;;;;;69152;Pierre-Bénite;20;Risque technologique;21;Risque industriel;213;Effet toxique;FAUX;;FAUX;;2019-12-27;;;;2021-02-04;;;;;;;;2021-02-05
PPRT;Plan de Prévention des Risques Technologiques;60DREAL20140002;WEYLCHEM LAMOTTE;Direction régionale de l'environnement, de l'aménagement et du logement;;;;32;HAUTS-DE-FRANCE;60;OISE;60064;Berneuil-sur-Aisne;20;Risque technologique;21;Risque industriel;211;Effet thermique;FAUX;;FAUX;;2010-10-12;2014-09-30;2014-11-05;;;2014-12-19;;;Opposable;2020-01-01;Approuvé;2020-01-01;2025-03-27
PPRT;Plan de Prévention des Risques Technologiques;60DREAL20140001;STORENGY;Direction régionale de l'environnement, de l'aménagement et du logement;;;;32;HAUTS-DE-FRANCE;60;OISE;60281;Gournay-sur-Aronde;20;Risque technologique;21;Risque industriel;211;Effet thermique;FAUX;;FAUX;;2012-12-19;2014-10-06;2014-11-06;;;2014-12-30;;;Opposable;2020-01-01;Approuvé;2020-01-01;2025-03-27
PPRT;Plan de Prévention des Risques Technologiques;51DREAL20090010;PPRT HUNTSMAN;Direction régionale de l'environnement, de l'aménagement et du logement;PPRT HUNTSMAN;;;44;GRAND EST;55;MEUSE;55463;Saint-Mihiel;20;Risque technologique;21;Risque industriel;212;Effet de surpression;FAUX;;FAUX;;2008-12-10;;;;;2011-03-28;;;Opposable;2020-01-01;Approuvé;2020-01-01;2025-04-10
PPRT;Plan de Prévention des Risques Technologiques;73PREF20160026;PPRT-TRIMET;Préfecture;St Jean de Maurienne;;;84;AUVERGNE-RHONE-ALPES;73;SAVOIE;73250;Saint-Julien-Mont-Denis;20;Risque technologique;21;Risque industriel;213;Effet toxique;FAUX;;FAUX;;2009-12-31;2012-01-04;2012-02-04;;;2012-04-11;;;Opposable;2020-01-01;Approuvé;2020-01-01;2025-04-04
PPRT;Plan de Prévention des Risques Technologiques;26DDT20100006;PPRT - Nobel Sport;Direction départementale des territoires;;;;84;AUVERGNE-RHONE-ALPES;26;DROME;26010;Anneyron;20;Risque technologique;21;Risque industriel;212;Effet de surpression;FAUX;;FAUX;;2009-06-30;2011-02-14;2011-03-14;;;2011-05-31;;;Opposable;2020-01-01;Approuvé;2020-01-01;2025-04-09
PPRT;Plan de Prévention des Risques Technologiques;21DDT20130003;RAFFINERIE DU MIDI;Direction départementale des territoires;Raffinerie du Midi (21);;;27;BOURGOGNE-FRANCHE-COMTE;21;COTE-D'OR;21355;Longvic;20;Risque technologique;21;Risque industriel;211;Effet thermique;FAUX;;FAUX;;2010-06-21;;;;;2016-11-28;;;Opposable;2020-01-01;Approuvé;2020-01-01;2025-03-27
PPRT;Plan de Prévention des Risques Technologiques;27DDTM20150003;SYNGENTA;Direction départementale des territoires et de la mer;;;;28;NORMANDIE;27;EURE;27599;Saint-Pierre-la-Garenne;20;Risque technologique;21;Risque industriel;211;Effet thermique;FAUX;;FAUX;;2009-12-29;2012-06-04;2012-07-04;2014-08-01;;2012-12-12;;;Opposable;2020-01-01;Approuvé;2020-01-01;2025-04-04
PPRT;Plan de Prévention des Risques Technologiques;34DDTM20120162;PPRT - SBM et Gazechim;Direction départementale des territoires et de la mer;;;;76;OCCITANIE;34;HERAULT;34032;Béziers;20;Risque technologique;21;Risque industriel;213;Effet toxique;FAUX;;FAUX;;2010-04-13;2015-04-20;2015-05-22;;;2015-08-03;;;Opposable;2020-01-01;Approuvé;2020-01-01;2025-05-01
PPRT;Plan de Prévention des Risques Technologiques;35DDTM20130002;PPRT de ST JACQUES DE LA LANDE;Direction départementale des territoires et de la mer;PPRT de ST JACQUES DE LA LANDE;;;53;BRETAGNE;35;ILLE-ET-VILAINE;35281;Saint-Jacques-de-la-Lande;20;Risque technologique;21;Risque industriel;211;Effet thermique;FAUX;;FAUX;;2009-06-21;2010-10-04;2010-11-03;;;2010-12-20;;;Opposable;2020-01-01;Approuvé;2020-01-01;2025-04-11
PPRT;Plan de Prévention des Risques Technologiques;31DREAL20090007;PPRT - NEXTER Munitions;Direction régionale de l'environnement, de l'aménagement et du logement;PPRT NEXTER Munitions;;;76;OCCITANIE;65;HAUTES-PYRENEES;65108;Bours;20;Risque technologique;21;Risque industriel;211;Effet thermique;FAUX;;FAUX;;2008-08-12;2012-02-08;2012-03-16;2012-10-23;;2012-07-10;;;Opposable;2020-01-01;Approuvé;2020-01-01;2025-04-17
PPRT;Plan de Prévention des Risques Technologiques;89DREAL20140005;Primagaz;Direction régionale de l'environnement, de l'aménagement et du logement;;;;27;BOURGOGNE-FRANCHE-COMTE;89;YONNE;89439;Vergigny;20;Risque technologique;21;Risque industriel;211;Effet thermique;FAUX;;FAUX;;2016-05-20;;;;;2017-12-29;;;Opposable;2020-01-01;Approuvé;2020-01-01;2025-03-27
PPRT;Plan de Prévention des Risques Technologiques;55DDT20210005;PPRT ROZELIER;Direction départementale des territoires;PPRT ROZELIER;;;44;GRAND EST;55;MEUSE;55361;Moulainville;20;Risque technologique;21;Risque industriel;211;Effet thermique;FAUX;;FAUX;;2017-11-15;;;;;2023-07-06;;;Opposable;2020-01-01;Approuvé;2020-01-01;2025-04-10
PPRT;Plan de Prévention des Risques Technologiques;76DDTM20150003;ZIP Petit et Grand Quevilly;Direction départementale des territoires et de la mer;;;;28;NORMANDIE;76;SEINE-MARITIME;76497;Petit-Couronne;20;Risque technologique;21;Risque industriel;211;Effet thermique;FAUX;;FAUX;;2012-12-13;2017-09-20;2017-11-09;;;2018-01-25;;;Opposable;2020-01-01;Approuvé;2020-01-01;2025-04-09
PPRT;Plan de Prévention des Risques Technologiques;73PREF20160027;PPRT-Thermphos;Préfecture;;;;84;AUVERGNE-RHONE-ALPES;73;SAVOIE;73067;La Chambre;20;Risque technologique;21;Risque industriel;212;Effet de surpression;FAUX;;FAUX;;2009-12-31;;;;;2014-06-10;;;Opposable;2020-01-01;Approuvé;2020-01-01;2025-04-04
PPRT;Plan de Prévention des Risques Technologiques;64DREAL20130260;PPRT MOURENX;Direction régionale de l'environnement, de l'aménagement et du logement;;;;75;NOUVELLE-AQUITAINE;64;PYRENEES-ATLANTIQUES;64410;Mourenx;20;Risque technologique;21;Risque industriel;212;Effet de surpression;FAUX;;FAUX;;2008-11-08;;;;;2012-06-14;;;Opposable;2020-01-01;Approuvé;2020-01-01;2025-06-11
PPRT;Plan de Prévention des Risques Technologiques;51DREAL20090008;PPRT ELYSEE COSMETIQUES (62 62);Direction régionale de l'environnement, de l'aménagement et du logement;PPRT ELYSEE COSMETIQUES (62 62);;;44;GRAND EST;57;MOSELLE;57222;Folkling;20;Risque technologique;21;Risque industriel;212;Effet de surpression;FAUX;;FAUX;;2009-05-04;2012-02-29;2012-03-30;;;2012-06-07;;;Opposable;2020-01-01;Approuvé;2020-01-01;2025-04-10
PPRT;Plan de Prévention des Risques Technologiques;51DDT20140004;PPRT SFDM - Parc B;Direction départementale des territoires;Cheniers;;;44;GRAND EST;51;MARNE;51556;Soudron;20;Risque technologique;21;Risque industriel;212;Effet de surpression;FAUX;;FAUX;;2013-05-02;;;;;2014-09-17;;;Opposable;2020-01-01;Approuvé;2020-01-01;2025-04-09
PPRT;Plan de Prévention des Risques Technologiques;45DREAL20090010;TDA (La-Ferté-Saint-Aubin);Direction régionale de l'environnement, de l'aménagement et du logement;;;;24;CENTRE-VAL DE LOIRE;45;LOIRET;45272;Saint-Cyr-en-Val;20;Risque technologique;21;Risque industriel;212;Effet de surpression;FAUX;;FAUX;;2008-09-23;2009-11-27;2009-12-31;;;2010-06-15;;;Opposable;2020-01-01;Approuvé;2020-01-01;2025-04-03
PPRT;Plan de Prévention des Risques Technologiques;56DREAL20140001;PPRT DPL LORIENT;Direction régionale de l'environnement, de l'aménagement et du logement;;;;53;BRETAGNE;56;MORBIHAN;56121;Lorient;20;Risque technologique;21;Risque industriel;211;Effet thermique;FAUX;;FAUX;;2009-12-30;2017-09-25;2017-10-30;;;2017-12-27;;;Opposable;2020-01-01;Approuvé;2020-01-01;2025-04-10
PPRT;Plan de Prévention des Risques Technologiques;35DREAL20090012;PPRT de VERN SUR SEICHE;Direction régionale de l'environnement, de l'aménagement et du logement;PPRT de VERN SUR SEICHE;;;53;BRETAGNE;35;ILLE-ET-VILAINE;35352;Vern-sur-Seiche;20;Risque technologique;21;Risque industriel;211;Effet thermique;FAUX;;FAUX;;2008-12-02;2013-06-10;2013-07-26;;;2013-11-22;;;Opposable;2020-01-01;Approuvé;2020-01-01;2018-06-29
PPRT;Plan de Prévention des Risques Technologiques;77DDT20130005;PPRT STORENGY;Direction départementale des territoires;PPRT STORENGY;;;11;ILE-DE-FRANCE;77;SEINE-ET-MARNE;77148;Crouy-sur-Ourcq;20;Risque technologique;21;Risque industriel;212;Effet de surpression;FAUX;;FAUX;;2010-10-13;;;;;2013-04-12;;;Opposable;2020-01-01;Approuvé;2020-01-01;2025-04-09
PPRT;Plan de Prévention des Risques Technologiques;78DDT20130011;PPRT STORENGY Saint-Illiers-la-V;Direction départementale des territoires;;;;11;ILE-DE-FRANCE;78;YVELINES;78531;Rosny-sur-Seine;20;Risque technologique;21;Risque industriel;211;Effet thermique;FAUX;;FAUX;;2009-06-15;;;;;2010-12-29;;;Opposable;2020-01-01;Approuvé;2020-01-01;2025-04-10
PPRT;Plan de Prévention des Risques Technologiques;PPRT_2022_0003;PPRT - Etablissement DGATT Bourges;Direction départementale des territoires;;;;;;18;CHER;18027;Bengy-sur-Craon;20;Risque technologique;21;Risque industriel;212;Effet de surpression;FAUX;;FAUX;;2020-11-06;;;;;2023-08-03;;;Opposable;2020-01-01;Approuvé;2020-01-01;2025-04-02
PPRT;Plan de Prévention des Risques Technologiques;24DREAL20130012;PPRT BERGERAC ;Direction régionale de l'environnement, de l'aménagement et du logement;;;;75;NOUVELLE-AQUITAINE;24;DORDOGNE;24037;Bergerac;20;Risque technologique;21;Risque industriel;212;Effet de surpression;FAUX;;FAUX;;2009-07-21;;;;;2011-06-30;;;Opposable;2020-01-01;Approuvé;2020-01-01;2025-04-09
PPRT;Plan de Prévention des Risques Technologiques;13DREAL20140008;PPRT - Arkema [ Marseille - St Menet ] 2013;Direction régionale de l'environnement, de l'aménagement et du logement;;;;93;PROVENCE-ALPES-COTE D'AZUR;13;BOUCHES-DU-RHONE;13055;Marseille;20;Risque technologique;21;Risque industriel;212;Effet de surpression;FAUX;;FAUX;;2009-05-22;2013-06-17;2013-07-18;2014-02-24;;2013-11-04;;;Opposable;2020-01-01;Approuvé;2020-01-01;2025-04-09
PPRT;Plan de Prévention des Risques Technologiques;34DREAL20090004;PPRT - TITANOBEL;Direction régionale de l'environnement, de l'aménagement et du logement;PPRT NOBEL;;;76;OCCITANIE;66;PYRENEES-ORIENTALES;66190;Salses-le-Château;20;Risque technologique;21;Risque industriel;212;Effet de surpression;FAUX;;FAUX;;2008-01-28;;;;;2012-10-11;;;Opposable;2020-01-01;Approuvé;2020-01-01;2025-04-09
PPRT;Plan de Prévention des Risques Technologiques;51DREAL20090002;PPRT de BRENNTAG LORRAINE;Direction régionale de l'environnement, de l'aménagement et du logement;PPRT de BRENNTAG LORRAINE;;;44;GRAND EST;54;MEURTHE-ET-MOSELLE;54528;Toul;20;Risque technologique;21;Risque industriel;213;Effet toxique;FAUX;;FAUX;;2009-03-18;;;;;2011-12-21;;;Opposable;2020-01-01;Approuvé;2020-01-01;2025-04-09
PPRT;Plan de Prévention des Risques Technologiques;27DDTM20150001;NUFARM;Direction départementale des territoires et de la mer;;;;28;NORMANDIE;27;EURE;27473;Port-Mort;20;Risque technologique;21;Risque industriel;212;Effet de surpression;FAUX;;FAUX;;2009-12-29;2012-06-11;2012-07-12;2013-04-08;;2012-12-12;;;Opposable;2020-01-01;Approuvé;2020-01-01;2025-04-10
PPRT;Plan de Prévention des Risques Technologiques;45DREAL20090010;TDA (La-Ferté-Saint-Aubin);Direction régionale de l'environnement, de l'aménagement et du logement;;;;24;CENTRE-VAL DE LOIRE;45;LOIRET;45146;La Ferté-Saint-Aubin;20;Risque technologique;21;Risque industriel;212;Effet de surpression;FAUX;;FAUX;;2008-09-23;2009-11-27;2009-12-31;;;2010-06-15;;;Opposable;2020-01-01;Approuvé;2020-01-01;2025-04-03
PPRT;Plan de Prévention des Risques Technologiques;PPRT_2022_0003;PPRT - Etablissement DGATT Bourges;Direction départementale des territoires;;;;;;18;CHER;18119;Jussy-Champagne;20;Risque technologique;21;Risque industriel;212;Effet de surpression;FAUX;;FAUX;;2020-11-06;;;;;2023-08-03;;;Opposable;2020-01-01;Approuvé;2020-01-01;2025-04-02
PPRT;Plan de Prévention des Risques Technologiques;60DREAL20140006;Arkema - Villers-Saint-Paul;Direction régionale de l'environnement, de l'aménagement et du logement;;;;32;HAUTS-DE-FRANCE;60;OISE;60684;Villers-Saint-Paul;20;Risque technologique;21;Risque industriel;211;Effet thermique;FAUX;;FAUX;;2009-04-07;2012-06-18;2012-07-18;;;2012-10-29;;;Opposable;2020-01-01;Approuvé;2020-01-01;2025-03-27
PPRT;Plan de Prévention des Risques Technologiques;38DDT20130011;STEPAN EUROPE - Voreppe;Direction départementale des territoires;Voreppe;;;84;AUVERGNE-RHONE-ALPES;38;ISERE;38565;Voreppe;20;Risque technologique;21;Risque industriel;213;Effet toxique;FAUX;;FAUX;;2011-05-31;2013-06-03;2013-07-03;2014-02-17;;2013-09-25;;;Opposable;2020-01-01;Approuvé;2020-01-01;2025-04-10
PPRT;Plan de Prévention des Risques Technologiques;13DREAL20110046;PPRT - Eurenco [ Sorgues ] 2013 ;Direction départementale des territoires;;;;93;PROVENCE-ALPES-COTE D'AZUR;84;VAUCLUSE;84007;Avignon;20;Risque technologique;21;Risque industriel;211;Effet thermique;FAUX;;FAUX;;2009-07-06;2013-06-10;2013-07-10;;;2013-12-13;;;Opposable;2020-01-01;Approuvé;2020-01-01;2025-04-09
PPRT;Plan de Prévention des Risques Technologiques;83DREAL20140148;PPRT - militaire pyrotechnie [ Toulon ] 2013;Direction régionale de l'environnement, de l'aménagement et du logement;;;;93;PROVENCE-ALPES-COTE D'AZUR;83;VAR;83137;Toulon;20;Risque technologique;21;Risque industriel;214;Effet de projection;FAUX;;FAUX;;2013-03-01;;;;;;;;Prescrit;2020-01-01;Prescrit;2020-01-01;2025-04-15
PPRT;Plan de Prévention des Risques Technologiques;30DDTM20060003;PPRT_DEULEP;Direction départementale des territoires et de la mer;;;;76;OCCITANIE;30;GARD;30258;Saint-Gilles;20;Risque technologique;21;Risque industriel;212;Effet de surpression;FAUX;;FAUX;;2010-02-25;;;;;2012-12-06;;2022-09-26;Caduque;2020-01-01;Abrogé;2020-01-01;2024-08-27
PPRT;Plan de Prévention des Risques Technologiques;33DREAL20130131;PPRT CCMP PAUILLAC;Direction régionale de l'environnement, de l'aménagement et du logement;;;;75;NOUVELLE-AQUITAINE;33;GIRONDE;33314;Pauillac;20;Risque technologique;21;Risque industriel;211;Effet thermique;FAUX;;FAUX;;2010-12-10;2012-07-24;;;;2012-12-21;;;Opposable;2020-01-01;Approuvé;2020-01-01;2025-04-09
PPRT;Plan de Prévention des Risques Technologiques;60DREAL20140007;BASF Coatigns SAS Breuil le Sec;Direction régionale de l'environnement, de l'aménagement et du logement;;;;32;HAUTS-DE-FRANCE;60;OISE;60106;Breuil-le-Sec;20;Risque technologique;21;Risque industriel;211;Effet thermique;FAUX;;FAUX;;2009-12-29;2013-08-22;2013-09-23;;;2013-11-27;;;Opposable;2020-01-01;Approuvé;2020-01-01;2025-03-27
PPRT;Plan de Prévention des Risques Technologiques;04DREAL20140004;PPRT - Géosel - Géoméhane [ Manosque ] 2019;Direction régionale de l'environnement, de l'aménagement et du logement;;;;93;PROVENCE-ALPES-COTE D'AZUR;04;ALPES-DE-HAUTE-PROVENCE;04190;Saint-Martin-les-Eaux;20;Risque technologique;21;Risque industriel;211;Effet thermique;FAUX;;FAUX;;2012-07-30;;;;;2019-11-05;;;Opposable;2020-01-01;Approuvé;2020-01-01;2025-11-13
PPRT;Plan de Prévention des Risques Technologiques;972DEAL20200002;PPRT SARA-Antilles Gaz;Direction de l'environnement, de l'aménagement et du logement;;;;02;MARTINIQUE;972;MARTINIQUE;97209;Fort-de-France;20;Risque technologique;21;Risque industriel;211;Effet thermique;FAUX;;FAUX;;2009-06-08;;;;;2013-11-18;;;Opposable;2020-01-01;Approuvé;2020-01-01;2025-04-09
PPRT;Plan de Prévention des Risques Technologiques;27DDTM20150001;NUFARM;Direction départementale des territoires et de la mer;;;;28;NORMANDIE;27;EURE;27599;Saint-Pierre-la-Garenne;20;Risque technologique;21;Risque industriel;211;Effet thermique;FAUX;;FAUX;;2009-12-29;2012-06-11;2012-07-12;2013-04-08;;2012-12-12;;;Opposable;2020-01-01;Approuvé;2020-01-01;2025-04-10
PPRT;Plan de Prévention des Risques Technologiques;PPRT_2022_0003;PPRT - Etablissement DGATT Bourges;Direction départementale des territoires;;;;;;18;CHER;18119;Jussy-Champagne;20;Risque technologique;21;Risque industriel;213;Effet toxique;FAUX;;FAUX;;2020-11-06;;;;;2023-08-03;;;Opposable;2020-01-01;Approuvé;2020-01-01;2025-04-02
PPRT;Plan de Prévention des Risques Technologiques;77DDT20130002;PPRT BUTAGAZ;Direction départementale des territoires;PPRT BUTAGAZ;;;11;ILE-DE-FRANCE;77;SEINE-ET-MARNE;77305;Montereau-Fault-Yonne;20;Risque technologique;21;Risque industriel;212;Effet de surpression;FAUX;;FAUX;;2009-12-21;2012-09-27;2012-10-27;;;2012-12-21;;2018-05-24;Caduque;2020-01-01;Abrogé;2020-01-01;2021-02-12
PPRT;Plan de Prévention des Risques Technologiques;38DDT20130012;NOVASEP-FINORGA - Chasse/Rhône;Direction départementale des territoires;;;;84;AUVERGNE-RHONE-ALPES;38;ISERE;38087;Chasse-sur-Rhône;20;Risque technologique;21;Risque industriel;211;Effet thermique;FAUX;;FAUX;;2010-08-02;2013-06-10;2013-07-12;2013-12-13;;2013-10-15;;;Opposable;2020-01-01;Approuvé;2020-01-01;2025-04-04
PPRT;Plan de Prévention des Risques Technologiques;58DREAL20140004;Antargaz;Direction régionale de l'environnement, de l'aménagement et du logement;Antargaz (58);;;27;BOURGOGNE-FRANCHE-COMTE;58;NIEVRE;58126;Gimouille;20;Risque technologique;21;Risque industriel;212;Effet de surpression;FAUX;;FAUX;;2010-03-10;;;;;2017-06-29;;;Opposable;2020-01-01;Approuvé;2020-01-01;2025-03-27
PPRT;Plan de Prévention des Risques Technologiques;13DREAL20110046;PPRT - Eurenco [ Sorgues ] 2013 ;Direction départementale des territoires;;;;93;PROVENCE-ALPES-COTE D'AZUR;84;VAUCLUSE;30312;Sauveterre;20;Risque technologique;21;Risque industriel;211;Effet thermique;FAUX;;FAUX;;2009-07-06;2013-06-10;2013-07-10;;;2013-12-13;;;Opposable;2020-01-01;Approuvé;2020-01-01;2025-04-09
PPRT;Plan de Prévention des Risques Technologiques;60DREAL20140002;WEYLCHEM LAMOTTE;Direction régionale de l'environnement, de l'aménagement et du logement;;;;32;HAUTS-DE-FRANCE;60;OISE;60569;Saint-Crépin-aux-Bois;20;Risque technologique;21;Risque industriel;213;Effet toxique;FAUX;;FAUX;;2010-10-12;2014-09-30;2014-11-05;;;2014-12-19;;;Opposable;2020-01-01;Approuvé;2020-01-01;2025-03-27
PPRT;Plan de Prévention des Risques Technologiques;PPRT_2023_0002;PPRT - ADISSEO - Commentry - Malicorne;Direction départementale des territoires;Commentry - Malicorne;;;;;03;ALLIER;03082;Commentry;20;Risque technologique;21;Risque industriel;212;Effet de surpression;FAUX;;FAUX;;2011-05-13;;;;;2016-06-28;;;Opposable;2020-01-01;Approuvé;2020-01-01;2016-06-16
PPRT;Plan de Prévention des Risques Technologiques;02DDT20130001;TEREOS;Direction départementale des territoires;;;;32;HAUTS-DE-FRANCE;02;AISNE;02575;Origny-Sainte-Benoite;20;Risque technologique;21;Risque industriel;213;Effet toxique;FAUX;;FAUX;;2011-06-23;;;;;2012-10-15;;;Opposable;2020-01-01;Approuvé;2020-01-01;2025-04-09
PPRT;Plan de Prévention des Risques Technologiques;76DREAL20140005;Montville;Direction régionale de l'environnement, de l'aménagement et du logement;;;;28;NORMANDIE;76;SEINE-MARITIME;76245;Eslettes;20;Risque technologique;21;Risque industriel;212;Effet de surpression;FAUX;;FAUX;;2009-12-22;2013-04-02;2013-05-02;;;2013-07-25;;;Opposable;2020-01-01;Approuvé;2020-01-01;2025-04-09
PPRT;Plan de Prévention des Risques Technologiques;59DREAL20090014;PPRT TOTALGAZ;Direction régionale de l'environnement, de l'aménagement et du logement;;;;32;HAUTS-DE-FRANCE;59;NORD;59126;Cantin;20;Risque technologique;21;Risque industriel;212;Effet de surpression;FAUX;;FAUX;;2007-09-10;2010-09-01;2010-10-01;2011-12-15;;2010-12-27;;;Opposable;2020-01-01;Approuvé;2020-01-01;2025-04-10
PPRT;Plan de Prévention des Risques Technologiques;26DDT20120010;PPRT - STORENGY;Direction départementale des territoires;;;;84;AUVERGNE-RHONE-ALPES;26;DROME;26293;Saint-Avit;20;Risque technologique;21;Risque industriel;212;Effet de surpression;FAUX;;FAUX;;2012-03-26;2015-06-08;;;;2015-10-22;;;Opposable;2020-01-01;Approuvé;2020-01-01;2025-04-09
PPRT;Plan de Prévention des Risques Technologiques;01DREAL20170003;01 PPRT de Etrez;Direction régionale de l'environnement, de l'aménagement et du logement;Etrez;;;84;AUVERGNE-RHONE-ALPES;01;AIN;01130;Bresse Vallons;20;Risque technologique;21;Risque industriel;211;Effet thermique;FAUX;;FAUX;;2012-02-20;2015-04-14;2015-05-14;;;2015-07-28;;;Opposable;2020-01-01;Approuvé;2020-01-01;2021-03-03
PPRT;Plan de Prévention des Risques Technologiques;31DREAL20090002; PPRT - ARKEMA;Direction régionale de l'environnement, de l'aménagement et du logement;PPRT ARKEMA;;;76;OCCITANIE;65;HAUTES-PYRENEES;65258;Lannemezan;20;Risque technologique;21;Risque industriel;212;Effet de surpression;FAUX;;FAUX;;2006-08-04;2008-06-16;2008-07-15;;;2008-10-29;;;Opposable;2020-01-01;Approuvé;2020-01-01;2025-04-09
PPRT;Plan de Prévention des Risques Technologiques;35DDTM20130001;PPRT de REDON;Direction départementale des territoires et de la mer;PPRT de REDON;;;53;BRETAGNE;35;ILLE-ET-VILAINE;35236;Redon;20;Risque technologique;21;Risque industriel;211;Effet thermique;FAUX;;FAUX;;2008-12-02;2010-10-04;2010-11-03;;;2011-02-25;2013-06-28;;Caduque;2020-01-01;Annulé;2020-01-01;2025-02-06
PPRT;Plan de Prévention des Risques Technologiques;86DREAL20090005;PPRT PICOTY/SDLP;Direction régionale de l'environnement, de l'aménagement et du logement;PPRT Picoty Sdlp;;;75;NOUVELLE-AQUITAINE;17;CHARENTE-MARITIME;17300;La Rochelle;20;Risque technologique;21;Risque industriel;212;Effet de surpression;FAUX;;FAUX;;2008-09-10;2013-09-30;2013-10-31;2014-02-27;;2013-12-26;;;Opposable;2020-01-01;Approuvé;2020-01-01;2025-04-09
PPRT;Plan de Prévention des Risques Technologiques;67DREAL20140041;67 PPRT MESSIER BUGATTI DOWTY;Direction régionale de l'environnement, de l'aménagement et du logement;67 PPRT MESSIER BUGATTI DOWTY;;;44;GRAND EST;67;BAS-RHIN;67300;Molsheim;20;Risque technologique;21;Risque industriel;211;Effet thermique;FAUX;;FAUX;;2012-12-11;2013-10-28;2013-11-29;;;2014-05-12;;;Opposable;2020-01-01;Approuvé;2020-01-01;2025-04-09
PPRT;Plan de Prévention des Risques Technologiques;PPRT_2022_0003;PPRT - Etablissement DGATT Bourges;Direction départementale des territoires;;;;;;18;CHER;18081;Crosses;20;Risque technologique;21;Risque industriel;212;Effet de surpression;FAUX;;FAUX;;2020-11-06;;;;;2023-08-03;;;Opposable;2020-01-01;Approuvé;2020-01-01;2025-04-02
PPRT;Plan de Prévention des Risques Technologiques;67DREAL20090004;67 PPRT TOTAL PETROCHEMICALS;Direction régionale de l'environnement, de l'aménagement et du logement;67 PPRT TOTAL PETROCHEMICALS;;;44;GRAND EST;67;BAS-RHIN;67106;Drusenheim;20;Risque technologique;21;Risque industriel;212;Effet de surpression;FAUX;;FAUX;;2007-06-13;2008-10-13;2008-11-13;;;2009-06-12;;2018-04-20;Caduque;2020-01-01;Abrogé;2020-01-01;2018-08-31
PPRT;Plan de Prévention des Risques Technologiques;973DEAL20150005;PPRT SARA Dégrad-des-Cannes;Direction de l'environnement, de l'aménagement et du logement;;;;03;GUYANE;973;GUYANE;97309;Remire-Montjoly;20;Risque technologique;21;Risque industriel;211;Effet thermique;FAUX;;FAUX;;2010-11-18;;;;;2016-11-23;;;Opposable;2020-01-01;Approuvé;2020-01-01;2025-06-19
PPRT;Plan de Prévention des Risques Technologiques;73PREF20160027;PPRT-Thermphos;Préfecture;;;;84;AUVERGNE-RHONE-ALPES;73;SAVOIE;73231;Saint-Étienne-de-Cuines;20;Risque technologique;21;Risque industriel;213;Effet toxique;FAUX;;FAUX;;2009-12-31;;;;;2014-06-10;;;Opposable;2020-01-01;Approuvé;2020-01-01;2025-04-04
PPRT;Plan de Prévention des Risques Technologiques;38DDT20140010;TITANOBEL - Saint-Quentin/Isère;Direction départementale des territoires;;;;84;AUVERGNE-RHONE-ALPES;38;ISERE;38450;Saint-Quentin-sur-Isère;20;Risque technologique;21;Risque industriel;212;Effet de surpression;FAUX;;FAUX;;2012-03-27;2018-10-01;2018-11-02;;;2018-12-20;;;Opposable;2020-01-01;Approuvé;2020-01-01;2025-04-11
PPRT;Plan de Prévention des Risques Technologiques;PPRT_2023_0002;PPRT - ADISSEO - Commentry - Malicorne;Direction départementale des territoires;Commentry - Malicorne;;;;;03;ALLIER;03159;Malicorne;20;Risque technologique;21;Risque industriel;213;Effet toxique;FAUX;;FAUX;;2011-05-13;;;;;2016-06-28;;;Opposable;2020-01-01;Approuvé;2020-01-01;2016-06-16
PPRT;Plan de Prévention des Risques Technologiques;76DREAL20140005;Montville;Direction régionale de l'environnement, de l'aménagement et du logement;;;;28;NORMANDIE;76;SEINE-MARITIME;76452;Montville;20;Risque technologique;21;Risque industriel;213;Effet toxique;FAUX;;FAUX;;2009-12-22;2013-04-02;2013-05-02;;;2013-07-25;;;Opposable;2020-01-01;Approuvé;2020-01-01;2025-04-09
PPRT;Plan de Prévention des Risques Technologiques;76DREAL20140005;Montville;Direction régionale de l'environnement, de l'aménagement et du logement;;;;28;NORMANDIE;76;SEINE-MARITIME;76245;Eslettes;20;Risque technologique;21;Risque industriel;211;Effet thermique;FAUX;;FAUX;;2009-12-22;2013-04-02;2013-05-02;;;2013-07-25;;;Opposable;2020-01-01;Approuvé;2020-01-01;2025-04-09
PPRT;Plan de Prévention des Risques Technologiques;91DDT20130004;PPRT SME et ISOCHEM;Direction départementale des territoires;;;;11;ILE-DE-FRANCE;91;ESSONNE;91649;Vert-le-Petit;20;Risque technologique;21;Risque industriel;211;Effet thermique;FAUX;;FAUX;;2010-01-19;;;;;2014-09-19;;;Opposable;2020-01-01;Approuvé;2020-01-01;2025-04-09
