jrc_event_id,gaspar_event_uid,cod_nat_catnat,jrc_start_date,jrc_end_date,gaspar_start_date,gaspar_end_date,matched_departments,exact_date_department_matches,start_end_window_unit_matches,cross_start_end_window_unit_matches,expanded_interval_overlap_unit_matches,mean_abs_start_diff_days,mean_abs_end_diff_days,mean_total_abs_date_diff_days,min_total_abs_date_diff_days,max_interval_overlap_days,jrc_event_start_date,jrc_event_end_date,jrc_total_communes,jrc_total_nuts3,jrc_total_departments,gaspar_event_start_date,gaspar_event_end_date,gaspar_total_communes,gaspar_total_departments,jrc_match_share,gaspar_match_share,jrc_match_rank,reciprocal_best_match
WD_MERGE_2018-01-15---2018-02-05_duration_21_days_cluster_356_A0_001736_A_002252_lat_04804_lon_00395_size_0168,INTE1806551A__20180115__20180205,INTE1806551A,2018-01-15,2018-02-05,2018-01-15,2018-02-05,10,10,10,0,10,0.0,0.0,0.0,0,22,2018-01-15,2018-02-05,3690,60,60,2018-01-15,2018-02-05,120,10,0.16666666666666666,1.0,1,True
WD_MERGE_2018-01-15---2018-02-05_duration_21_days_cluster_356_A0_001736_A_002252_lat_04804_lon_00395_size_0168,INTE1804348A__20180115__20180205,INTE1804348A,2018-01-15,2018-02-05,2018-01-15,2018-02-05,10,10,10,0,10,0.0,0.0,0.0,0,22,2018-01-15,2018-02-05,3690,60,60,2018-01-15,2018-02-05,276,14,0.16666666666666666,0.7142857142857143,2,False
WD_MERGE_2018-06-04---2018-06-18_duration_14_days_cluster_098_A0_000042_A_000061_lat_04818_lon_-0084_size_0084,INTE1820387A__20180611__20180611,INTE1820387A,2018-06-04,2018-06-18,2018-06-11,2018-06-11,8,0,8,8,8,7.0,7.0,14.0,14,1,2018-06-04,2018-06-18,214,14,14,2018-06-11,2018-06-11,122,22,0.5714285714285714,0.36363636363636365,1,True
WD_MERGE_2018-06-04---2018-06-18_duration_14_days_cluster_098_A0_000042_A_000061_lat_04818_lon_-0084_size_0084,INTE1820387A__20180609__20180609,INTE1820387A,2018-06-04,2018-06-18,2018-06-09,2018-06-09,6,0,0,0,6,5.0,9.0,14.0,14,1,2018-06-04,2018-06-18,214,14,14,2018-06-09,2018-06-09,75,11,0.42857142857142855,0.5454545454545454,2,False
WD_MERGE_2018-06-04---2018-06-18_duration_14_days_cluster_098_A0_000042_A_000061_lat_04818_lon_-0084_size_0084,INTE1820387A__20180604__20180604,INTE1820387A,2018-06-04,2018-06-18,2018-06-04,2018-06-04,6,0,0,0,6,0.0,14.0,14.0,14,1,2018-06-04,2018-06-18,214,14,14,2018-06-04,2018-06-04,64,12,0.42857142857142855,0.5,3,False
WD_MERGE_2018-06-04---2018-06-18_duration_14_days_cluster_098_A0_000042_A_000061_lat_04818_lon_-0084_size_0084,INTE1824833A__20180604__20180604,INTE1824833A,2018-06-04,2018-06-18,2018-06-04,2018-06-04,6,0,0,0,6,0.0,14.0,14.0,14,1,2018-06-04,2018-06-18,214,14,14,2018-06-04,2018-06-04,26,14,0.42857142857142855,0.42857142857142855,4,False
WD_MERGE_2018-01-01---2018-01-29_duration_28_days_cluster_351_A0_002080_A_002749_lat_04958_lon_00796_size_0325,INTE1806551A__20180115__20180205,INTE1806551A,2018-01-01,2018-01-29,2018-01-15,2018-02-05,6,0,0,0,6,14.0,7.0,21.0,21,15,2018-01-01,2018-01-29,2327,31,31,2018-01-15,2018-02-05,120,10,0.1935483870967742,0.6,1,False
WD_MERGE_2018-01-01---2018-01-29_duration_28_days_cluster_351_A0_002080_A_002749_lat_04958_lon_00796_size_0325,INTE1804348A__20180115__20180205,INTE1804348A,2018-01-01,2018-01-29,2018-01-15,2018-02-05,6,0,0,0,6,14.0,7.0,21.0,21,15,2018-01-01,2018-01-29,2327,31,31,2018-01-15,2018-02-05,276,14,0.1935483870967742,0.42857142857142855,2,False
WD_MERGE_2018-06-04---2018-06-18_duration_14_days_cluster_098_A0_000042_A_000061_lat_04818_lon_-0084_size_0084,INTE1824833A__20180611__20180612,INTE1824833A,2018-06-04,2018-06-18,2018-06-11,2018-06-12,5,0,5,0,5,7.0,6.0,13.0,13,2,2018-06-04,2018-06-18,214,14,14,2018-06-11,2018-06-12,35,9,0.35714285714285715,0.5555555555555556,5,False
WD_MERGE_2018-06-04---2018-06-18_duration_14_days_cluster_098_A0_000042_A_000061_lat_04818_lon_-0084_size_0084,INTE1820387A__20180528__20180528,INTE1820387A,2018-06-04,2018-06-18,2018-05-28,2018-05-28,5,0,0,0,5,7.0,21.0,28.0,28,0,2018-06-04,2018-06-18,214,14,14,2018-05-28,2018-05-28,29,14,0.35714285714285715,0.35714285714285715,6,False
WD_MERGE_2018-06-04---2018-06-18_duration_14_days_cluster_098_A0_000042_A_000061_lat_04818_lon_-0084_size_0084,INTE1820387A__20180611__20180612,INTE1820387A,2018-06-04,2018-06-18,2018-06-11,2018-06-12,5,0,5,0,5,7.0,6.0,13.0,13,2,2018-06-04,2018-06-18,214,14,14,2018-06-11,2018-06-12,87,15,0.35714285714285715,0.3333333333333333,7,False
WD_MERGE_2021-07-12---2021-08-02_duration_21_days_cluster_159_A0_000619_A_000852_lat_04942_lon_00499_size_0246,INTE2122730A__20210713__20210716,INTE2122730A,2021-07-12,2021-08-02,2021-07-13,2021-07-16,5,0,0,0,5,1.0,17.0,18.0,18,4,2021-07-12,2021-08-02,1282,26,26,2021-07-13,2021-07-16,175,5,0.19230769230769232,1.0,1,True
WD_MERGE_2019-11-04---2020-01-06_duration_56_days_cluster_351_A0_000915_A_001176_lat_04685_lon_00678_size_0668,INTE1935602A__20191201__20191202,INTE1935602A,2019-11-04,2020-01-06,2019-12-01,2019-12-02,5,0,0,0,5,27.0,35.0,62.0,62,2,2019-11-04,2020-01-06,686,33,33,2019-12-01,2019-12-02,73,5,0.15151515151515152,1.0,1,True
WD_MERGE_2018-02-05---2018-03-12_duration_35_days_cluster_362_A0_000772_A_001006_lat_04696_lon_00126_size_0284,INTE1806551A__20180115__20180205,INTE1806551A,2018-02-05,2018-03-12,2018-01-15,2018-02-05,5,0,0,0,5,21.0,35.0,56.0,56,1,2018-02-05,2018-03-12,1647,48,48,2018-01-15,2018-02-05,120,10,0.10416666666666667,0.5,1,False
WD_MERGE_2018-02-05---2018-03-12_duration_35_days_cluster_362_A0_000772_A_001006_lat_04696_lon_00126_size_0284,INTE1804348A__20180115__20180205,INTE1804348A,2018-02-05,2018-03-12,2018-01-15,2018-02-05,5,0,0,0,5,21.0,35.0,56.0,56,1,2018-02-05,2018-03-12,1647,48,48,2018-01-15,2018-02-05,276,14,0.10416666666666667,0.35714285714285715,2,False
WD_MERGE_2018-01-15---2018-02-05_duration_21_days_cluster_356_A0_001736_A_002252_lat_04804_lon_00395_size_0168,INTE1810998A__20180122__20180124,INTE1810998A,2018-01-15,2018-02-05,2018-01-22,2018-01-24,5,0,0,0,5,7.0,12.0,19.0,19,3,2018-01-15,2018-02-05,3690,60,60,2018-01-22,2018-01-24,53,5,0.08333333333333333,1.0,3,False
WD_MERGE_2021-11-29---2022-01-03_duration_35_days_cluster_315_A0_000249_A_000319_lat_04189_lon_-0074_size_0186,INTE2204344A__20220109__20220112,INTE2204344A,2021-11-29,2022-01-03,2022-01-09,2022-01-12,4,0,0,0,4,41.0,9.0,50.0,50,0,2021-11-29,2022-01-03,325,9,9,2022-01-09,2022-01-12,19,4,0.4444444444444444,1.0,1,True
WD_MERGE_2018-06-04---2018-06-18_duration_14_days_cluster_098_A0_000042_A_000061_lat_04818_lon_-0084_size_0084,INTE1831446A__20180612__20180612,INTE1831446A,2018-06-04,2018-06-18,2018-06-12,2018-06-12,4,0,0,0,4,8.0,6.0,14.0,14,1,2018-06-04,2018-06-18,214,14,14,2018-06-12,2018-06-12,5,5,0.2857142857142857,0.8,8,False
WD_MERGE_2018-06-04---2018-06-18_duration_14_days_cluster_098_A0_000042_A_000061_lat_04818_lon_-0084_size_0084,INTE1820387A__20180603__20180603,INTE1820387A,2018-06-04,2018-06-18,2018-06-03,2018-06-03,4,0,0,0,4,1.0,15.0,16.0,16,0,2018-06-04,2018-06-18,214,14,14,2018-06-03,2018-06-03,13,8,0.2857142857142857,0.5,9,False
WD_MERGE_2018-06-04---2018-06-18_duration_14_days_cluster_098_A0_000042_A_000061_lat_04818_lon_-0084_size_0084,INTE1820387A__20180610__20180610,INTE1820387A,2018-06-04,2018-06-18,2018-06-10,2018-06-10,4,0,0,0,4,6.0,8.0,14.0,14,1,2018-06-04,2018-06-18,214,14,14,2018-06-10,2018-06-10,38,12,0.2857142857142857,0.3333333333333333,10,False
WD_MERGE_2018-06-04---2018-06-18_duration_14_days_cluster_098_A0_000042_A_000061_lat_04818_lon_-0084_size_0084,INTE1824833A__20180611__20180611,INTE1824833A,2018-06-04,2018-06-18,2018-06-11,2018-06-11,4,0,4,4,4,7.0,7.0,14.0,14,1,2018-06-04,2018-06-18,214,14,14,2018-06-11,2018-06-11,31,13,0.2857142857142857,0.3076923076923077,11,False
WD_MERGE_2018-06-04---2018-06-18_duration_14_days_cluster_098_A0_000042_A_000061_lat_04818_lon_-0084_size_0084,INTE1820387A__20180612__20180612,INTE1820387A,2018-06-04,2018-06-18,2018-06-12,2018-06-12,4,0,0,0,4,8.0,6.0,14.0,14,1,2018-06-04,2018-06-18,214,14,14,2018-06-12,2018-06-12,116,17,0.2857142857142857,0.23529411764705882,12,False
WD_MERGE_2024-09-23---2024-11-11_duration_35_days_cluster_367_A0_000578_A_000623_lat_04898_lon_00513_size_0555,INTE2428510A__20241015__20241019,INTE2428510A,2024-09-23,2024-11-11,2024-10-15,2024-10-19,4,0,0,0,4,22.0,23.0,45.0,45,5,2024-09-23,2024-11-11,575,25,25,2024-10-15,2024-10-19,360,10,0.16,0.4,1,True
WD_MERGE_2021-07-12---2021-08-02_duration_21_days_cluster_159_A0_000619_A_000852_lat_04942_lon_00499_size_0246,INTE2127287A__20210713__20210716,INTE2127287A,2021-07-12,2021-08-02,2021-07-13,2021-07-16,4,0,0,0,4,1.0,17.0,18.0,18,4,2021-07-12,2021-08-02,1282,26,26,2021-07-13,2021-07-16,28,4,0.15384615384615385,1.0,2,False
WD_MERGE_2021-07-12---2021-08-02_duration_21_days_cluster_159_A0_000619_A_000852_lat_04942_lon_00499_size_0246,INTE2127287A__20210715__20210716,INTE2127287A,2021-07-12,2021-08-02,2021-07-15,2021-07-16,4,0,0,0,4,3.0,17.0,20.0,20,2,2021-07-12,2021-08-02,1282,26,26,2021-07-15,2021-07-16,7,4,0.15384615384615385,1.0,3,False
WD_MERGE_2021-07-12---2021-08-02_duration_21_days_cluster_159_A0_000619_A_000852_lat_04942_lon_00499_size_0246,INTE2127287A__20210724__20210724,INTE2127287A,2021-07-12,2021-08-02,2021-07-24,2021-07-24,4,0,0,0,4,12.0,9.0,21.0,21,1,2021-07-12,2021-08-02,1282,26,26,2021-07-24,2021-07-24,13,5,0.15384615384615385,0.8,4,False
WD_MERGE_2024-03-25---2024-05-27_duration_49_days_cluster_354_A0_002117_A_002338_lat_04497_lon_00089_size_0436,INTE2424582A__20240511__20240511,INTE2424582A,2024-03-25,2024-05-27,2024-05-11,2024-05-11,4,0,0,0,4,47.0,16.0,63.0,63,1,2024-03-25,2024-05-27,3290,69,69,2024-05-11,2024-05-11,14,4,0.057971014492753624,1.0,1,True
WD_MERGE_2024-03-25---2024-05-27_duration_49_days_cluster_354_A0_002117_A_002338_lat_04497_lon_00089_size_0436,IOME2415152A__20240501__20240502,IOME2415152A,2024-03-25,2024-05-27,2024-05-01,2024-05-02,4,0,0,0,4,37.0,25.0,62.0,62,2,2024-03-25,2024-05-27,3290,69,69,2024-05-01,2024-05-02,14,5,0.057971014492753624,0.8,2,False
WD_MERGE_2024-03-25---2024-05-27_duration_49_days_cluster_354_A0_002117_A_002338_lat_04497_lon_00089_size_0436,IOME2420215A__20240511__20240511,IOME2420215A,2024-03-25,2024-05-27,2024-05-11,2024-05-11,4,0,0,0,4,47.0,16.0,63.0,63,1,2024-03-25,2024-05-27,3290,69,69,2024-05-11,2024-05-11,13,7,0.057971014492753624,0.5714285714285714,3,False
WD_MERGE_2016-05-30---2016-06-06_duration_7_days_cluster_110_A0_000048_A_000077_lat_04747_lon_-0062_size_0013,INTE1620877A__20160528__20160528,INTE1620877A,2016-05-30,2016-06-06,2016-05-28,2016-05-28,3,0,0,0,3,2.0,9.0,11.0,11,0,2016-05-30,2016-06-06,50,4,4,2016-05-28,2016-05-28,45,15,0.75,0.2,1,True
WD_MERGE_2021-11-29---2022-01-03_duration_35_days_cluster_315_A0_000249_A_000319_lat_04189_lon_-0074_size_0186,INTE2137424A__20211209__20211212,INTE2137424A,2021-11-29,2022-01-03,2021-12-09,2021-12-12,3,0,0,0,3,10.0,22.0,32.0,32,4,2021-11-29,2022-01-03,325,9,9,2021-12-09,2021-12-12,150,3,0.3333333333333333,1.0,2,False
WD_MERGE_2021-11-29---2022-01-03_duration_35_days_cluster_315_A0_000249_A_000319_lat_04189_lon_-0074_size_0186,INTE2201262A__20211209__20211212,INTE2201262A,2021-11-29,2022-01-03,2021-12-09,2021-12-12,3,0,0,0,3,10.0,22.0,32.0,32,4,2021-11-29,2022-01-03,325,9,9,2021-12-09,2021-12-12,17,3,0.3333333333333333,1.0,3,False
WD_MERGE_2021-11-29---2022-01-03_duration_35_days_cluster_315_A0_000249_A_000319_lat_04189_lon_-0074_size_0186,INTE2202054A__20220109__20220112,INTE2202054A,2021-11-29,2022-01-03,2022-01-09,2022-01-12,3,0,0,0,3,41.0,9.0,50.0,50,0,2021-11-29,2022-01-03,325,9,9,2022-01-09,2022-01-12,122,3,0.3333333333333333,1.0,4,False
WD_MERGE_2021-11-29---2022-01-03_duration_35_days_cluster_315_A0_000249_A_000319_lat_04189_lon_-0074_size_0186,INTE2207961A__20220109__20220112,INTE2207961A,2021-11-29,2022-01-03,2022-01-09,2022-01-12,3,0,0,0,3,41.0,9.0,50.0,50,0,2021-11-29,2022-01-03,325,9,9,2022-01-09,2022-01-12,11,3,0.3333333333333333,1.0,5,False
WD_MERGE_2016-05-30---2016-06-13_duration_14_days_cluster_111_A0_000021_A_000026_lat_04738_lon_00255_size_0147,INTE1620877A__20160528__20160530,INTE1620877A,2016-05-30,2016-06-13,2016-05-28,2016-05-30,3,0,0,0,3,2.0,14.0,16.0,16,1,2016-05-30,2016-06-13,207,13,13,2016-05-28,2016-05-30,21,5,0.23076923076923078,0.6,1,True
WD_MERGE_2016-05-30---2016-06-13_duration_14_days_cluster_111_A0_000021_A_000026_lat_04738_lon_00255_size_0147,INTE1620877A__20160607__20160607,INTE1620877A,2016-05-30,2016-06-13,2016-06-07,2016-06-07,3,0,0,0,3,8.0,6.0,14.0,14,1,2016-05-30,2016-06-13,207,13,13,2016-06-07,2016-06-07,58,10,0.23076923076923078,0.3,2,False
WD_MERGE_2016-05-30---2016-06-13_duration_14_days_cluster_111_A0_000021_A_000026_lat_04738_lon_00255_size_0147,INTE1615488A__20160528__20160605,INTE1615488A,2016-05-30,2016-06-13,2016-05-28,2016-06-05,3,0,0,0,3,2.0,8.0,10.0,10,7,2016-05-30,2016-06-13,207,13,13,2016-05-28,2016-06-05,617,11,0.23076923076923078,0.2727272727272727,3,False
WD_MERGE_2018-06-04---2018-06-18_duration_14_days_cluster_098_A0_000042_A_000061_lat_04818_lon_-0084_size_0084,INTE1820387A__20180608__20180609,INTE1820387A,2018-06-04,2018-06-18,2018-06-08,2018-06-09,3,0,0,0,3,4.0,9.0,13.0,13,2,2018-06-04,2018-06-18,214,14,14,2018-06-08,2018-06-09,4,4,0.21428571428571427,0.75,13,False
WD_MERGE_2018-06-04---2018-06-18_duration_14_days_cluster_098_A0_000042_A_000061_lat_04818_lon_-0084_size_0084,INTE1835008A__20180611__20180611,INTE1835008A,2018-06-04,2018-06-18,2018-06-11,2018-06-11,3,0,3,3,3,7.0,7.0,14.0,14,1,2018-06-04,2018-06-18,214,14,14,2018-06-11,2018-06-11,4,4,0.21428571428571427,0.75,14,False
WD_MERGE_2018-06-04---2018-06-18_duration_14_days_cluster_098_A0_000042_A_000061_lat_04818_lon_-0084_size_0084,INTE1826529A__20180611__20180611,INTE1826529A,2018-06-04,2018-06-18,2018-06-11,2018-06-11,3,0,3,3,3,7.0,7.0,14.0,14,1,2018-06-04,2018-06-18,214,14,14,2018-06-11,2018-06-11,15,7,0.21428571428571427,0.42857142857142855,15,False
WD_MERGE_2018-06-04---2018-06-18_duration_14_days_cluster_098_A0_000042_A_000061_lat_04818_lon_-0084_size_0084,INTE1824833A__20180605__20180605,INTE1824833A,2018-06-04,2018-06-18,2018-06-05,2018-06-05,3,0,0,0,3,1.0,13.0,14.0,14,1,2018-06-04,2018-06-18,214,14,14,2018-06-05,2018-06-05,43,12,0.21428571428571427,0.25,16,False
WD_MERGE_2018-06-04---2018-06-18_duration_14_days_cluster_098_A0_000042_A_000061_lat_04818_lon_-0084_size_0084,INTE1824833A__20180609__20180609,INTE1824833A,2018-06-04,2018-06-18,2018-06-09,2018-06-09,3,0,0,0,3,5.0,9.0,14.0,14,1,2018-06-04,2018-06-18,214,14,14,2018-06-09,2018-06-09,24,13,0.21428571428571427,0.23076923076923078,17,False
WD_MERGE_2018-06-04---2018-06-18_duration_14_days_cluster_098_A0_000042_A_000061_lat_04818_lon_-0084_size_0084,INTE1824833A__20180612__20180612,INTE1824833A,2018-06-04,2018-06-18,2018-06-12,2018-06-12,3,0,0,0,3,8.0,6.0,14.0,14,1,2018-06-04,2018-06-18,214,14,14,2018-06-12,2018-06-12,33,13,0.21428571428571427,0.23076923076923078,18,False
WD_MERGE_2024-03-25---2024-05-27_duration_56_days_cluster_352_A0_004362_A_004851_lat_05011_lon_01451_size_0294,IOME2415152A__20240516__20240521,IOME2415152A,2024-03-25,2024-05-27,2024-05-16,2024-05-21,3,0,0,0,3,52.0,6.0,58.0,58,6,2024-03-25,2024-05-27,383,16,16,2024-05-16,2024-05-21,335,3,0.1875,1.0,1,True
WD_MERGE_2024-05-13---2024-07-01_duration_49_days_cluster_364_A0_002268_A_002512_lat_04864_lon_01385_size_0345,IOME2415152A__20240516__20240521,IOME2415152A,2024-05-13,2024-07-01,2024-05-16,2024-05-21,3,0,0,0,3,3.0,41.0,44.0,44,6,2024-05-13,2024-07-01,165,22,22,2024-05-16,2024-05-21,335,3,0.13636363636363635,1.0,1,False
WD_MERGE_2024-05-13---2024-07-01_duration_49_days_cluster_364_A0_002268_A_002512_lat_04864_lon_01385_size_0345,INTE2424582A__20240628__20240628,INTE2424582A,2024-05-13,2024-07-01,2024-06-28,2024-06-28,3,0,0,0,3,46.0,3.0,49.0,49,1,2024-05-13,2024-07-01,165,22,22,2024-06-28,2024-06-28,10,7,0.13636363636363635,0.42857142857142855,2,False
WD_MERGE_2019-10-07---2019-12-02_duration_42_days_cluster_348_A0_000880_A_001045_lat_04970_lon_-0128_size_0367,INTE1931207A__20191022__20191023,INTE1931207A,2019-10-07,2019-12-02,2019-10-22,2019-10-23,3,0,0,0,3,15.0,40.0,55.0,55,2,2019-10-07,2019-12-02,621,24,24,2019-10-22,2019-10-23,186,6,0.125,0.5,1,True
WD_MERGE_2024-09-23---2024-11-11_duration_35_days_cluster_367_A0_000578_A_000623_lat_04898_lon_00513_size_0555,INTE2433751A__20241007__20241012,INTE2433751A,2024-09-23,2024-11-11,2024-10-07,2024-10-12,3,0,0,0,3,14.0,30.0,44.0,44,6,2024-09-23,2024-11-11,575,25,25,2024-10-07,2024-10-12,6,3,0.12,1.0,2,False
WD_MERGE_2024-09-23---2024-11-11_duration_35_days_cluster_367_A0_000578_A_000623_lat_04898_lon_00513_size_0555,INTE2428510A__20241007__20241012,INTE2428510A,2024-09-23,2024-11-11,2024-10-07,2024-10-12,3,0,0,0,3,14.0,30.0,44.0,44,6,2024-09-23,2024-11-11,575,25,25,2024-10-07,2024-10-12,15,4,0.12,0.75,3,False
WD_MERGE_2024-09-23---2024-11-11_duration_35_days_cluster_367_A0_000578_A_000623_lat_04898_lon_00513_size_0555,INTE2433751A__20241015__20241019,INTE2433751A,2024-09-23,2024-11-11,2024-10-15,2024-10-19,3,0,0,0,3,22.0,23.0,45.0,45,5,2024-09-23,2024-11-11,575,25,25,2024-10-15,2024-10-19,46,5,0.12,0.6,4,False
WD_MERGE_2021-07-12---2021-08-02_duration_21_days_cluster_159_A0_000619_A_000852_lat_04942_lon_00499_size_0246,INTE2127287A__20210713__20210715,INTE2127287A,2021-07-12,2021-08-02,2021-07-13,2021-07-15,3,0,0,0,3,1.0,18.0,19.0,19,3,2021-07-12,2021-08-02,1282,26,26,2021-07-13,2021-07-15,9,3,0.11538461538461539,1.0,5,False
WD_MERGE_2023-12-11---2024-01-01_duration_21_days_cluster_358_A0_001246_A_001597_lat_05134_lon_00222_size_0362,IOME2407754A__20240102__20240104,IOME2407754A,2023-12-11,2024-01-01,2024-01-02,2024-01-04,3,0,0,0,3,22.0,3.0,25.0,25,0,2023-12-11,2024-01-01,803,28,28,2024-01-02,2024-01-04,15,3,0.10714285714285714,1.0,1,True
WD_MERGE_2018-01-01---2018-01-29_duration_28_days_cluster_351_A0_002080_A_002749_lat_04958_lon_00796_size_0325,INTE1810998A__20180122__20180123,INTE1810998A,2018-01-01,2018-01-29,2018-01-22,2018-01-23,3,0,0,0,3,21.0,6.0,27.0,27,2,2018-01-01,2018-01-29,2327,31,31,2018-01-22,2018-01-23,5,3,0.0967741935483871,1.0,3,False
WD_MERGE_2018-01-01---2018-01-29_duration_28_days_cluster_351_A0_002080_A_002749_lat_04958_lon_00796_size_0325,INTE1810998A__20180122__20180124,INTE1810998A,2018-01-01,2018-01-29,2018-01-22,2018-01-24,3,0,0,0,3,21.0,5.0,26.0,26,3,2018-01-01,2018-01-29,2327,31,31,2018-01-22,2018-01-24,53,5,0.0967741935483871,0.6,4,False
WD_MERGE_2018-01-01---2018-01-29_duration_28_days_cluster_349_A0_000442_A_000522_lat_04875_lon_-0083_size_0117,INTE1818802A__20180122__20180122,INTE1818802A,2018-01-01,2018-01-29,2018-01-22,2018-01-22,3,0,0,0,3,21.0,7.0,28.0,28,1,2018-01-01,2018-01-29,822,32,32,2018-01-22,2018-01-22,4,3,0.09375,1.0,1,True
WD_MERGE_2019-11-18---2020-01-06_duration_42_days_cluster_353_A0_000853_A_001110_lat_04494_lon_-0368_size_0472,INTE2005870A__20191213__20191215,INTE2005870A,2019-11-18,2020-01-06,2019-12-13,2019-12-15,3,0,0,0,3,25.0,22.0,47.0,47,3,2019-11-18,2020-01-06,1086,32,32,2019-12-13,2019-12-15,10,3,0.09375,1.0,1,True
WD_MERGE_2019-11-18---2020-01-06_duration_42_days_cluster_353_A0_000853_A_001110_lat_04494_lon_-0368_size_0472,INTE1935602A__20191201__20191202,INTE1935602A,2019-11-18,2020-01-06,2019-12-01,2019-12-02,3,0,0,0,3,13.0,35.0,48.0,48,2,2019-11-18,2020-01-06,1086,32,32,2019-12-01,2019-12-02,73,5,0.09375,0.6,2,False
WD_MERGE_2019-11-04---2020-01-06_duration_56_days_cluster_351_A0_000915_A_001176_lat_04685_lon_00678_size_0668,INTE2000953A__20191122__20191124,INTE2000953A,2019-11-04,2020-01-06,2019-11-22,2019-11-24,3,0,0,0,3,18.0,43.0,61.0,61,3,2019-11-04,2020-01-06,686,33,33,2019-11-22,2019-11-24,9,3,0.09090909090909091,1.0,2,False
WD_MERGE_2019-11-04---2020-01-06_duration_56_days_cluster_351_A0_000915_A_001176_lat_04685_lon_00678_size_0668,INTE2002329A__20191122__20191124,INTE2002329A,2019-11-04,2020-01-06,2019-11-22,2019-11-24,3,0,0,0,3,18.0,43.0,61.0,61,3,2019-11-04,2020-01-06,686,33,33,2019-11-22,2019-11-24,4,3,0.09090909090909091,1.0,3,False
WD_MERGE_2019-11-04---2020-01-06_duration_56_days_cluster_351_A0_000915_A_001176_lat_04685_lon_00678_size_0668,INTE2002329A__20191123__20191124,INTE2002329A,2019-11-04,2020-01-06,2019-11-23,2019-11-24,3,0,0,0,3,19.0,43.0,62.0,62,2,2019-11-04,2020-01-06,686,33,33,2019-11-23,2019-11-24,3,3,0.09090909090909091,1.0,4,False
WD_MERGE_2019-11-04---2020-01-06_duration_56_days_cluster_351_A0_000915_A_001176_lat_04685_lon_00678_size_0668,INTE2005870A__20191220__20191221,INTE2005870A,2019-11-04,2020-01-06,2019-12-20,2019-12-21,3,0,0,0,3,46.0,16.0,62.0,62,2,2019-11-04,2020-01-06,686,33,33,2019-12-20,2019-12-21,6,3,0.09090909090909091,1.0,5,False
WD_MERGE_2019-11-04---2020-01-06_duration_56_days_cluster_351_A0_000915_A_001176_lat_04685_lon_00678_size_0668,INTE2002329A__20191201__20191201,INTE2002329A,2019-11-04,2020-01-06,2019-12-01,2019-12-01,3,0,0,0,3,27.0,36.0,63.0,63,1,2019-11-04,2020-01-06,686,33,33,2019-12-01,2019-12-01,6,3,0.09090909090909091,1.0,6,False
WD_MERGE_2019-11-04---2020-01-06_duration_56_days_cluster_351_A0_000915_A_001176_lat_04685_lon_00678_size_0668,INTE2005870A__20191201__20191201,INTE2005870A,2019-11-04,2020-01-06,2019-12-01,2019-12-01,3,0,0,0,3,27.0,36.0,63.0,63,1,2019-11-04,2020-01-06,686,33,33,2019-12-01,2019-12-01,7,3,0.09090909090909091,1.0,7,False
WD_MERGE_2019-11-04---2020-01-06_duration_56_days_cluster_351_A0_000915_A_001176_lat_04685_lon_00678_size_0668,INTE2005870A__20191220__20191220,INTE2005870A,2019-11-04,2020-01-06,2019-12-20,2019-12-20,3,0,0,0,3,46.0,17.0,63.0,63,1,2019-11-04,2020-01-06,686,33,33,2019-12-20,2019-12-20,13,3,0.09090909090909091,1.0,8,False
WD_MERGE_2019-11-04---2020-01-06_duration_56_days_cluster_351_A0_000915_A_001176_lat_04685_lon_00678_size_0668,INTE2010310A__20191220__20191220,INTE2010310A,2019-11-04,2020-01-06,2019-12-20,2019-12-20,3,0,0,0,3,46.0,17.0,63.0,63,1,2019-11-04,2020-01-06,686,33,33,2019-12-20,2019-12-20,8,3,0.09090909090909091,1.0,9,False
WD_MERGE_2019-11-04---2020-01-06_duration_56_days_cluster_351_A0_000915_A_001176_lat_04685_lon_00678_size_0668,INTE2000953A__20191123__20191124,INTE2000953A,2019-11-04,2020-01-06,2019-11-23,2019-11-24,3,0,0,0,3,19.0,43.0,62.0,62,2,2019-11-04,2020-01-06,686,33,33,2019-11-23,2019-11-24,24,4,0.09090909090909091,0.75,10,False
WD_MERGE_2020-12-28---2021-02-08_duration_42_days_cluster_345_A0_001379_A_001714_lat_05131_lon_-0153_size_0295,INTE2104714A__20210203__20210209,INTE2104714A,2020-12-28,2021-02-08,2021-02-03,2021-02-09,3,0,0,0,3,37.0,1.0,38.0,38,6,2020-12-28,2021-02-08,1267,42,42,2021-02-03,2021-02-09,86,3,0.07142857142857142,1.0,1,True
WD_MERGE_2020-12-28---2021-02-08_duration_42_days_cluster_345_A0_001379_A_001714_lat_05131_lon_-0153_size_0295,INTE2107265A__20210201__20210204,INTE2107265A,2020-12-28,2021-02-08,2021-02-01,2021-02-04,3,0,0,0,3,35.0,4.0,39.0,39,4,2020-12-28,2021-02-08,1267,42,42,2021-02-01,2021-02-04,23,5,0.07142857142857142,0.6,2,False
WD_MERGE_2024-01-01---2024-02-05_duration_35_days_cluster_333_A0_001861_A_002025_lat_04966_lon_00582_size_0555,IOME2407754A__20240102__20240104,IOME2407754A,2024-01-01,2024-02-05,2024-01-02,2024-01-04,3,0,0,0,3,1.0,32.0,33.0,33,3,2024-01-01,2024-02-05,1975,45,45,2024-01-02,2024-01-04,15,3,0.06666666666666667,1.0,1,False
WD_MERGE_2021-01-11---2021-02-15_duration_35_days_cluster_351_A0_002339_A_003019_lat_04904_lon_00226_size_0328,INTE2107265A__20210201__20210204,INTE2107265A,2021-01-11,2021-02-15,2021-02-01,2021-02-04,3,0,0,0,3,21.0,11.0,32.0,32,4,2021-01-11,2021-02-15,3259,56,56,2021-02-01,2021-02-04,23,5,0.05357142857142857,0.6,1,False
WD_MERGE_2018-01-15---2018-02-05_duration_21_days_cluster_356_A0_001736_A_002252_lat_04804_lon_00395_size_0168,INTE1808306A__20180122__20180124,INTE1808306A,2018-01-15,2018-02-05,2018-01-22,2018-01-24,3,0,0,0,3,7.0,12.0,19.0,19,3,2018-01-15,2018-02-05,3690,60,60,2018-01-22,2018-01-24,10,3,0.05,1.0,4,False
WD_MERGE_2018-01-15---2018-02-05_duration_21_days_cluster_356_A0_001736_A_002252_lat_04804_lon_00395_size_0168,INTE1810998A__20180122__20180123,INTE1810998A,2018-01-15,2018-02-05,2018-01-22,2018-01-23,3,0,0,0,3,7.0,13.0,20.0,20,2,2018-01-15,2018-02-05,3690,60,60,2018-01-22,2018-01-23,5,3,0.05,1.0,5,False
WD_MERGE_2018-01-15---2018-02-05_duration_21_days_cluster_356_A0_001736_A_002252_lat_04804_lon_00395_size_0168,INTE1818802A__20180122__20180122,INTE1818802A,2018-01-15,2018-02-05,2018-01-22,2018-01-22,3,0,0,0,3,7.0,14.0,21.0,21,1,2018-01-15,2018-02-05,3690,60,60,2018-01-22,2018-01-22,4,3,0.05,1.0,6,False
WD_MERGE_2024-03-25---2024-05-27_duration_49_days_cluster_354_A0_002117_A_002338_lat_04497_lon_00089_size_0436,IOME2410127A__20240330__20240405,IOME2410127A,2024-03-25,2024-05-27,2024-03-30,2024-04-05,3,0,0,0,3,5.0,52.0,57.0,57,7,2024-03-25,2024-05-27,3290,69,69,2024-03-30,2024-04-05,100,3,0.043478260869565216,1.0,4,False
WD_MERGE_2024-03-25---2024-05-27_duration_49_days_cluster_354_A0_002117_A_002338_lat_04497_lon_00089_size_0436,IOME2411920A__20240329__20240404,IOME2411920A,2024-03-25,2024-05-27,2024-03-29,2024-04-04,3,0,0,0,3,4.0,53.0,57.0,57,7,2024-03-25,2024-05-27,3290,69,69,2024-03-29,2024-04-04,11,3,0.043478260869565216,1.0,5,False
WD_MERGE_2024-03-25---2024-05-27_duration_49_days_cluster_354_A0_002117_A_002338_lat_04497_lon_00089_size_0436,IOME2420215A__20240430__20240501,IOME2420215A,2024-03-25,2024-05-27,2024-04-30,2024-05-01,3,0,0,0,3,36.0,26.0,62.0,62,2,2024-03-25,2024-05-27,3290,69,69,2024-04-30,2024-05-01,3,3,0.043478260869565216,1.0,6,False
WD_MERGE_2024-03-25---2024-05-27_duration_49_days_cluster_354_A0_002117_A_002338_lat_04497_lon_00089_size_0436,INTE2424582A__20240520__20240520,INTE2424582A,2024-03-25,2024-05-27,2024-05-20,2024-05-20,3,0,0,0,3,56.0,7.0,63.0,63,1,2024-03-25,2024-05-27,3290,69,69,2024-05-20,2024-05-20,3,3,0.043478260869565216,1.0,7,False
WD_MERGE_2024-03-25---2024-05-27_duration_49_days_cluster_354_A0_002117_A_002338_lat_04497_lon_00089_size_0436,IOME2415880A__20240521__20240521,IOME2415880A,2024-03-25,2024-05-27,2024-05-21,2024-05-21,3,0,0,0,3,57.0,6.0,63.0,63,1,2024-03-25,2024-05-27,3290,69,69,2024-05-21,2024-05-21,3,3,0.043478260869565216,1.0,8,False
WD_MERGE_2024-03-25---2024-05-27_duration_49_days_cluster_354_A0_002117_A_002338_lat_04497_lon_00089_size_0436,IOME2420215A__20240504__20240504,IOME2420215A,2024-03-25,2024-05-27,2024-05-04,2024-05-04,3,0,0,0,3,40.0,23.0,63.0,63,1,2024-03-25,2024-05-27,3290,69,69,2024-05-04,2024-05-04,11,3,0.043478260869565216,1.0,9,False
WD_MERGE_2024-03-25---2024-05-27_duration_49_days_cluster_354_A0_002117_A_002338_lat_04497_lon_00089_size_0436,IOME2410127A__20240329__20240404,IOME2410127A,2024-03-25,2024-05-27,2024-03-29,2024-04-04,3,0,0,0,3,4.0,53.0,57.0,57,7,2024-03-25,2024-05-27,3290,69,69,2024-03-29,2024-04-04,150,4,0.043478260869565216,0.75,10,False
WD_MERGE_2024-03-25---2024-05-27_duration_49_days_cluster_354_A0_002117_A_002338_lat_04497_lon_00089_size_0436,INTE2424582A__20240522__20240522,INTE2424582A,2024-03-25,2024-05-27,2024-05-22,2024-05-22,3,0,0,0,3,58.0,5.0,63.0,63,1,2024-03-25,2024-05-27,3290,69,69,2024-05-22,2024-05-22,4,4,0.043478260869565216,0.75,11,False
WD_MERGE_2024-03-25---2024-05-27_duration_49_days_cluster_354_A0_002117_A_002338_lat_04497_lon_00089_size_0436,IOME2415880A__20240512__20240512,IOME2415880A,2024-03-25,2024-05-27,2024-05-12,2024-05-12,3,0,0,0,3,48.0,15.0,63.0,63,1,2024-03-25,2024-05-27,3290,69,69,2024-05-12,2024-05-12,10,4,0.043478260869565216,0.75,12,False
WD_MERGE_2024-03-25---2024-05-27_duration_49_days_cluster_354_A0_002117_A_002338_lat_04497_lon_00089_size_0436,IOME2420215A__20240518__20240518,IOME2420215A,2024-03-25,2024-05-27,2024-05-18,2024-05-18,3,0,0,0,3,54.0,9.0,63.0,63,1,2024-03-25,2024-05-27,3290,69,69,2024-05-18,2024-05-18,5,4,0.043478260869565216,0.75,13,False
WD_MERGE_2018-06-11---2018-06-18_duration_7_days_cluster_108_A0_000040_A_000058_lat_04315_lon_-0110_size_0066,INTE1818802A__20180612__20180613,INTE1818802A,2018-06-11,2018-06-18,2018-06-12,2018-06-13,2,0,2,2,2,1.0,5.0,6.0,6,2,2018-06-11,2018-06-18,71,2,2,2018-06-12,2018-06-13,56,2,1.0,1.0,1,True
WD_MERGE_2018-06-11---2018-06-18_duration_7_days_cluster_108_A0_000040_A_000058_lat_04315_lon_-0110_size_0066,INTE1820387A__20180613__20180613,INTE1820387A,2018-06-11,2018-06-18,2018-06-13,2018-06-13,2,0,2,2,2,2.0,5.0,7.0,7,1,2018-06-11,2018-06-18,71,2,2,2018-06-13,2018-06-13,11,4,1.0,0.5,2,False
WD_MERGE_2018-05-28---2018-06-04_duration_7_days_cluster_093_A0_000004_A_000005_lat_04870_lon_-0387_size_0025,INTE1820387A__20180608__20180609,INTE1820387A,2018-05-28,2018-06-04,2018-06-08,2018-06-09,2,0,0,0,2,11.0,5.0,16.0,16,0,2018-05-28,2018-06-04,11,2,2,2018-06-08,2018-06-09,4,4,1.0,0.5,1,False
WD_MERGE_2018-06-11---2018-06-18_duration_7_days_cluster_108_A0_000040_A_000058_lat_04315_lon_-0110_size_0066,INTE1818802A__20180612__20180612,INTE1818802A,2018-06-11,2018-06-18,2018-06-12,2018-06-12,2,0,2,2,2,1.0,6.0,7.0,7,1,2018-06-11,2018-06-18,71,2,2,2018-06-12,2018-06-12,61,6,1.0,0.3333333333333333,3,False
WD_MERGE_2018-06-11---2018-06-18_duration_7_days_cluster_108_A0_000040_A_000058_lat_04315_lon_-0110_size_0066,INTE1820387A__20180612__20180613,INTE1820387A,2018-06-11,2018-06-18,2018-06-12,2018-06-13,2,0,2,2,2,1.0,5.0,6.0,6,2,2018-06-11,2018-06-18,71,2,2,2018-06-12,2018-06-13,60,7,1.0,0.2857142857142857,4,False
WD_MERGE_2018-06-11---2018-06-18_duration_7_days_cluster_108_A0_000040_A_000058_lat_04315_lon_-0110_size_0066,INTE1824833A__20180612__20180612,INTE1824833A,2018-06-11,2018-06-18,2018-06-12,2018-06-12,2,0,2,2,2,1.0,6.0,7.0,7,1,2018-06-11,2018-06-18,71,2,2,2018-06-12,2018-06-12,33,13,1.0,0.15384615384615385,5,False
WD_MERGE_2018-06-11---2018-06-18_duration_7_days_cluster_108_A0_000040_A_000058_lat_04315_lon_-0110_size_0066,INTE1820387A__20180612__20180612,INTE1820387A,2018-06-11,2018-06-18,2018-06-12,2018-06-12,2,0,2,2,2,1.0,6.0,7.0,7,1,2018-06-11,2018-06-18,71,2,2,2018-06-12,2018-06-12,116,17,1.0,0.11764705882352941,6,False
WD_MERGE_2018-08-06---2018-08-13_duration_7_days_cluster_168_A0_000001_A_000001_lat_04356_lon_00459_size_0015,INTE1828404A__20180809__20180809,INTE1828404A,2018-08-06,2018-08-13,2018-08-09,2018-08-09,2,0,2,2,2,3.0,4.0,7.0,7,1,2018-08-06,2018-08-13,6,3,3,2018-08-09,2018-08-09,7,2,0.6666666666666666,1.0,1,True
WD_MERGE_2020-05-11---2020-05-18_duration_7_days_cluster_116_A0_000017_A_000028_lat_04375_lon_-0097_size_0011,INTE2104714A__20200509__20200511,INTE2104714A,2020-05-11,2020-05-18,2020-05-09,2020-05-11,2,0,2,0,2,2.0,7.0,9.0,9,1,2020-05-11,2020-05-18,60,3,3,2020-05-09,2020-05-11,4,2,0.6666666666666666,1.0,1,True
WD_MERGE_2024-05-06---2024-07-22_duration_63_days_cluster_363_A0_000731_A_000802_lat_04047_lon_-0464_size_0340,INTE2424582A__20240607__20240608,INTE2424582A,2024-05-06,2024-07-22,2024-06-07,2024-06-08,2,0,0,0,2,32.0,44.0,76.0,76,2,2024-05-06,2024-07-22,36,3,3,2024-06-07,2024-06-08,13,2,0.6666666666666666,1.0,1,True
WD_MERGE_2018-10-15---2018-10-22_duration_7_days_cluster_251_A0_000047_A_000055_lat_04322_lon_00298_size_0008,INTE1829420A__20181014__20181015,INTE1829420A,2018-10-15,2018-10-22,2018-10-14,2018-10-15,2,0,2,0,2,1.0,7.0,8.0,8,1,2018-10-15,2018-10-22,40,3,3,2018-10-14,2018-10-15,131,3,0.6666666666666666,0.6666666666666666,1,True
WD_MERGE_2018-08-06---2018-08-13_duration_7_days_cluster_168_A0_000001_A_000001_lat_04356_lon_00459_size_0015,INTE1826529A__20180809__20180809,INTE1826529A,2018-08-06,2018-08-13,2018-08-09,2018-08-09,2,0,2,2,2,3.0,4.0,7.0,7,1,2018-08-06,2018-08-13,6,3,3,2018-08-09,2018-08-09,34,4,0.6666666666666666,0.5,2,False
WD_MERGE_2020-05-11---2020-05-18_duration_7_days_cluster_116_A0_000017_A_000028_lat_04375_lon_-0097_size_0011,INTE2023938A__20200509__20200511,INTE2023938A,2020-05-11,2020-05-18,2020-05-09,2020-05-11,2,0,2,0,2,2.0,7.0,9.0,9,1,2020-05-11,2020-05-18,60,3,3,2020-05-09,2020-05-11,16,4,0.6666666666666666,0.5,2,False
WD_MERGE_2020-05-11---2020-05-18_duration_7_days_cluster_116_A0_000017_A_000028_lat_04375_lon_-0097_size_0011,INTE2014521A__20200509__20200511,INTE2014521A,2020-05-11,2020-05-18,2020-05-09,2020-05-11,2,0,2,0,2,2.0,7.0,9.0,9,1,2020-05-11,2020-05-18,60,3,3,2020-05-09,2020-05-11,176,5,0.6666666666666666,0.4,3,False
WD_MERGE_2020-05-11---2020-05-18_duration_7_days_cluster_116_A0_000017_A_000028_lat_04375_lon_-0097_size_0011,INTE2016904A__20200509__20200511,INTE2016904A,2020-05-11,2020-05-18,2020-05-09,2020-05-11,2,0,2,0,2,2.0,7.0,9.0,9,1,2020-05-11,2020-05-18,60,3,3,2020-05-09,2020-05-11,20,5,0.6666666666666666,0.4,4,False
WD_MERGE_2022-10-31---2022-11-07_duration_7_days_cluster_272_A0_000001_A_000001_lat_04370_lon_00453_size_0035,IOME2235873A__20221101__20221101,IOME2235873A,2022-10-31,2022-11-07,2022-11-01,2022-11-01,2,0,2,2,2,1.0,6.0,7.0,7,1,2022-10-31,2022-11-07,11,4,4,2022-11-01,2022-11-01,5,2,0.5,1.0,1,True
WD_MERGE_2022-10-31---2022-11-07_duration_7_days_cluster_272_A0_000001_A_000001_lat_04370_lon_00453_size_0035,IOME2301092A__20221103__20221103,IOME2301092A,2022-10-31,2022-11-07,2022-11-03,2022-11-03,2,0,2,2,2,3.0,4.0,7.0,7,1,2022-10-31,2022-11-07,11,4,4,2022-11-03,2022-11-03,3,2,0.5,1.0,2,False
WD_MERGE_2024-08-19---2024-08-26_duration_7_days_cluster_170_A0_000005_A_000006_lat_04827_lon_-0328_size_0063,INTE2430293A__20240830__20240831,INTE2430293A,2024-08-19,2024-08-26,2024-08-30,2024-08-31,2,0,0,0,2,11.0,5.0,16.0,16,0,2024-08-19,2024-08-26,38,4,4,2024-08-30,2024-08-31,3,2,0.5,1.0,1,True
WD_MERGE_2016-05-30---2016-06-06_duration_7_days_cluster_110_A0_000048_A_000077_lat_04747_lon_-0062_size_0013,INTE1625246A__20160528__20160529,INTE1625246A,2016-05-30,2016-06-06,2016-05-28,2016-05-29,2,0,0,0,2,2.0,8.0,10.0,10,0,2016-05-30,2016-06-06,50,4,4,2016-05-28,2016-05-29,7,4,0.5,0.5,2,False
WD_MERGE_2023-06-19---2023-06-26_duration_7_days_cluster_140_A0_000004_A_000004_lat_04402_lon_00037_size_0043,IOME2320253A__20230620__20230622,IOME2320253A,2023-06-19,2023-06-26,2023-06-20,2023-06-22,2,0,2,2,2,1.0,4.0,5.0,5,3,2023-06-19,2023-06-26,50,5,5,2023-06-20,2023-06-22,96,2,0.4,1.0,1,True
WD_MERGE_2024-07-01---2024-07-08_duration_7_days_cluster_118_A0_000009_A_000009_lat_04830_lon_00554_size_0025,IOME2420215A__20240625__20240625,IOME2420215A,2024-07-01,2024-07-08,2024-06-25,2024-06-25,2,0,0,0,2,6.0,13.0,19.0,19,0,2024-07-01,2024-07-08,62,7,7,2024-06-25,2024-06-25,15,2,0.2857142857142857,1.0,1,True
WD_MERGE_2019-04-29---2019-06-17_duration_35_days_cluster_116_A0_000452_A_000518_lat_04056_lon_00008_size_0153,INTE1922702A__20190615__20190615,INTE1922702A,2019-04-29,2019-06-17,2019-06-15,2019-06-15,2,0,0,0,2,47.0,2.0,49.0,49,1,2019-04-29,2019-06-17,78,9,9,2019-06-15,2019-06-15,6,3,0.2222222222222222,0.6666666666666666,1,True
WD_MERGE_2024-05-27---2024-06-03_duration_7_days_cluster_078_A0_000026_A_000028_lat_04593_lon_-0081_size_0043,INTE2424582A__20240522__20240522,INTE2424582A,2024-05-27,2024-06-03,2024-05-22,2024-05-22,2,0,0,0,2,5.0,12.0,17.0,17,0,2024-05-27,2024-06-03,140,9,9,2024-05-22,2024-05-22,4,4,0.2222222222222222,0.5,1,False
WD_MERGE_2019-04-29---2019-06-17_duration_35_days_cluster_116_A0_000452_A_000518_lat_04056_lon_00008_size_0153,INTE1917689A__20190615__20190615,INTE1917689A,2019-04-29,2019-06-17,2019-06-15,2019-06-15,2,0,0,0,2,47.0,2.0,49.0,49,1,2019-04-29,2019-06-17,78,9,9,2019-06-15,2019-06-15,25,5,0.2222222222222222,0.4,2,False
WD_MERGE_2015-04-27---2015-05-11_duration_14_days_cluster_092_A0_000022_A_000031_lat_04846_lon_-0194_size_0116,INTE1517820A__20150503__20150505,INTE1517820A,2015-04-27,2015-05-11,2015-05-03,2015-05-05,2,0,2,0,2,6.0,6.0,12.0,12,3,2015-04-27,2015-05-11,103,10,10,2015-05-03,2015-05-05,3,2,0.2,1.0,1,True
WD_MERGE_2016-11-14---2016-12-19_duration_35_days_cluster_259_A0_000162_A_000198_lat_05177_lon_-0106_size_0154,INTE1705706A__20161118__20161119,INTE1705706A,2016-11-14,2016-12-19,2016-11-18,2016-11-19,2,0,0,0,2,4.0,30.0,34.0,34,2,2016-11-14,2016-12-19,94,10,10,2016-11-18,2016-11-19,3,2,0.2,1.0,1,True
WD_MERGE_2015-04-27---2015-05-11_duration_14_days_cluster_092_A0_000022_A_000031_lat_04846_lon_-0194_size_0116,INTE1517820A__20150430__20150502,INTE1517820A,2015-04-27,2015-05-11,2015-04-30,2015-05-02,2,0,0,0,2,3.0,9.0,12.0,12,3,2015-04-27,2015-05-11,103,10,10,2015-04-30,2015-05-02,3,3,0.2,0.6666666666666666,2,False
WD_MERGE_2016-05-30---2016-06-13_duration_14_days_cluster_111_A0_000021_A_000026_lat_04738_lon_00255_size_0147,INTE1626972A__20160607__20160607,INTE1626972A,2016-05-30,2016-06-13,2016-06-07,2016-06-07,2,0,0,0,2,8.0,6.0,14.0,14,1,2016-05-30,2016-06-13,207,13,13,2016-06-07,2016-06-07,3,2,0.15384615384615385,1.0,4,False
WD_MERGE_2016-05-30---2016-06-13_duration_14_days_cluster_111_A0_000021_A_000026_lat_04738_lon_00255_size_0147,INTE1633036A__20160607__20160607,INTE1633036A,2016-05-30,2016-06-13,2016-06-07,2016-06-07,2,0,0,0,2,8.0,6.0,14.0,14,1,2016-05-30,2016-06-13,207,13,13,2016-06-07,2016-06-07,2,2,0.15384615384615385,1.0,5,False
WD_MERGE_2016-05-30---2016-06-13_duration_14_days_cluster_111_A0_000021_A_000026_lat_04738_lon_00255_size_0147,INTE1620877A__20160528__20160529,INTE1620877A,2016-05-30,2016-06-13,2016-05-28,2016-05-29,2,0,0,0,2,2.0,15.0,17.0,17,0,2016-05-30,2016-06-13,207,13,13,2016-05-28,2016-05-29,3,2,0.15384615384615385,1.0,6,False
WD_MERGE_2016-05-30---2016-06-13_duration_14_days_cluster_111_A0_000021_A_000026_lat_04738_lon_00255_size_0147,INTE1615488A__20160528__20160604,INTE1615488A,2016-05-30,2016-06-13,2016-05-28,2016-06-04,2,0,0,0,2,2.0,9.0,11.0,11,6,2016-05-30,2016-06-13,207,13,13,2016-05-28,2016-06-04,158,3,0.15384615384615385,0.6666666666666666,7,False
WD_MERGE_2016-05-30---2016-06-13_duration_14_days_cluster_111_A0_000021_A_000026_lat_04738_lon_00255_size_0147,INTE1620877A__20160529__20160601,INTE1620877A,2016-05-30,2016-06-13,2016-05-29,2016-06-01,2,0,0,0,2,1.0,12.0,13.0,13,3,2016-05-30,2016-06-13,207,13,13,2016-05-29,2016-06-01,7,3,0.15384615384615385,0.6666666666666666,8,False
WD_MERGE_2016-05-30---2016-06-13_duration_14_days_cluster_111_A0_000021_A_000026_lat_04738_lon_00255_size_0147,INTE1620877A__20160602__20160603,INTE1620877A,2016-05-30,2016-06-13,2016-06-02,2016-06-03,2,0,0,0,2,3.0,10.0,13.0,13,2,2016-05-30,2016-06-13,207,13,13,2016-06-02,2016-06-03,3,3,0.15384615384615385,0.6666666666666666,9,False
WD_MERGE_2016-05-30---2016-06-13_duration_14_days_cluster_111_A0_000021_A_000026_lat_04738_lon_00255_size_0147,INTE1620877A__20160604__20160604,INTE1620877A,2016-05-30,2016-06-13,2016-06-04,2016-06-04,2,0,0,0,2,5.0,9.0,14.0,14,1,2016-05-30,2016-06-13,207,13,13,2016-06-04,2016-06-04,16,3,0.15384615384615385,0.6666666666666666,10,False
WD_MERGE_2016-05-30---2016-06-13_duration_14_days_cluster_111_A0_000021_A_000026_lat_04738_lon_00255_size_0147,INTE1630434A__20160529__20160531,INTE1630434A,2016-05-30,2016-06-13,2016-05-29,2016-05-31,2,0,0,0,2,1.0,13.0,14.0,14,2,2016-05-30,2016-06-13,207,13,13,2016-05-29,2016-05-31,10,4,0.15384615384615385,0.5,11,False
WD_MERGE_2016-05-30---2016-06-13_duration_14_days_cluster_111_A0_000021_A_000026_lat_04738_lon_00255_size_0147,INTE1620877A__20160530__20160530,INTE1620877A,2016-05-30,2016-06-13,2016-05-30,2016-05-30,2,0,0,0,2,0.0,14.0,14.0,14,1,2016-05-30,2016-06-13,207,13,13,2016-05-30,2016-05-30,9,7,0.15384615384615385,0.2857142857142857,12,False
WD_MERGE_2016-05-30---2016-06-13_duration_14_days_cluster_111_A0_000021_A_000026_lat_04738_lon_00255_size_0147,INTE1625246A__20160607__20160607,INTE1625246A,2016-05-30,2016-06-13,2016-06-07,2016-06-07,2,0,0,0,2,8.0,6.0,14.0,14,1,2016-05-30,2016-06-13,207,13,13,2016-06-07,2016-06-07,48,8,0.15384615384615385,0.25,13,False
WD_MERGE_2016-05-30---2016-06-13_duration_14_days_cluster_111_A0_000021_A_000026_lat_04738_lon_00255_size_0147,INTE1620877A__20160528__20160528,INTE1620877A,2016-05-30,2016-06-13,2016-05-28,2016-05-28,2,0,0,0,2,2.0,16.0,18.0,18,0,2016-05-30,2016-06-13,207,13,13,2016-05-28,2016-05-28,45,15,0.15384615384615385,0.13333333333333333,14,False
WD_MERGE_2018-06-04---2018-06-18_duration_14_days_cluster_098_A0_000042_A_000061_lat_04818_lon_-0084_size_0084,INTE1820387A__20180609__20180610,INTE1820387A,2018-06-04,2018-06-18,2018-06-09,2018-06-10,2,0,0,0,2,5.0,8.0,13.0,13,2,2018-06-04,2018-06-18,214,14,14,2018-06-09,2018-06-10,7,2,0.14285714285714285,1.0,19,False
WD_MERGE_2018-06-04---2018-06-18_duration_14_days_cluster_098_A0_000042_A_000061_lat_04818_lon_-0084_size_0084,INTE1818802A__20180603__20180603,INTE1818802A,2018-06-04,2018-06-18,2018-06-03,2018-06-03,2,0,0,0,2,1.0,15.0,16.0,16,0,2018-06-04,2018-06-18,214,14,14,2018-06-03,2018-06-03,4,2,0.14285714285714285,1.0,20,False
WD_MERGE_2018-06-04---2018-06-18_duration_14_days_cluster_098_A0_000042_A_000061_lat_04818_lon_-0084_size_0084,INTE1820387A__20180609__20180611,INTE1820387A,2018-06-04,2018-06-18,2018-06-09,2018-06-11,2,0,2,0,2,5.0,7.0,12.0,12,3,2018-06-04,2018-06-18,214,14,14,2018-06-09,2018-06-11,41,3,0.14285714285714285,0.6666666666666666,21,False
WD_MERGE_2018-06-04---2018-06-18_duration_14_days_cluster_098_A0_000042_A_000061_lat_04818_lon_-0084_size_0084,INTE1820387A__20180608__20180608,INTE1820387A,2018-06-04,2018-06-18,2018-06-08,2018-06-08,2,0,0,0,2,4.0,10.0,14.0,14,1,2018-06-04,2018-06-18,214,14,14,2018-06-08,2018-06-08,6,3,0.14285714285714285,0.6666666666666666,22,False
WD_MERGE_2018-06-04---2018-06-18_duration_14_days_cluster_098_A0_000042_A_000061_lat_04818_lon_-0084_size_0084,INTE1820387A__20180603__20180604,INTE1820387A,2018-06-04,2018-06-18,2018-06-03,2018-06-04,2,0,0,0,2,1.0,14.0,15.0,15,1,2018-06-04,2018-06-18,214,14,14,2018-06-03,2018-06-04,9,3,0.14285714285714285,0.6666666666666666,23,False
WD_MERGE_2024-05-13---2024-05-20_duration_7_days_cluster_070_A0_000052_A_000061_lat_04719_lon_00110_size_0066,INTE2424582A__20240522__20240522,INTE2424582A,2024-05-13,2024-05-20,2024-05-22,2024-05-22,2,0,0,0,2,9.0,2.0,11.0,11,0,2024-05-13,2024-05-20,212,14,14,2024-05-22,2024-05-22,4,4,0.14285714285714285,0.5,1,False
WD_MERGE_2018-06-04---2018-06-18_duration_14_days_cluster_098_A0_000042_A_000061_lat_04818_lon_-0084_size_0084,INTE1828404A__20180611__20180611,INTE1828404A,2018-06-04,2018-06-18,2018-06-11,2018-06-11,2,0,2,2,2,7.0,7.0,14.0,14,1,2018-06-04,2018-06-18,214,14,14,2018-06-11,2018-06-11,4,4,0.14285714285714285,0.5,24,False
WD_MERGE_2018-06-04---2018-06-18_duration_14_days_cluster_098_A0_000042_A_000061_lat_04818_lon_-0084_size_0084,INTE1820387A__20180610__20180612,INTE1820387A,2018-06-04,2018-06-18,2018-06-10,2018-06-12,2,0,2,0,2,6.0,6.0,12.0,12,3,2018-06-04,2018-06-18,214,14,14,2018-06-10,2018-06-12,9,5,0.14285714285714285,0.4,25,False
WD_MERGE_2018-06-04---2018-06-18_duration_14_days_cluster_098_A0_000042_A_000061_lat_04818_lon_-0084_size_0084,INTE1820387A__20180604__20180605,INTE1820387A,2018-06-04,2018-06-18,2018-06-04,2018-06-05,2,0,0,0,2,0.0,13.0,13.0,13,2,2018-06-04,2018-06-18,214,14,14,2018-06-04,2018-06-05,13,5,0.14285714285714285,0.4,26,False
WD_MERGE_2018-06-04---2018-06-18_duration_14_days_cluster_098_A0_000042_A_000061_lat_04818_lon_-0084_size_0084,INTE1820387A__20180610__20180611,INTE1820387A,2018-06-04,2018-06-18,2018-06-10,2018-06-11,2,0,2,0,2,6.0,7.0,13.0,13,2,2018-06-04,2018-06-18,214,14,14,2018-06-10,2018-06-11,13,5,0.14285714285714285,0.4,27,False
WD_MERGE_2018-06-04---2018-06-18_duration_14_days_cluster_098_A0_000042_A_000061_lat_04818_lon_-0084_size_0084,INTE1826529A__20180611__20180612,INTE1826529A,2018-06-04,2018-06-18,2018-06-11,2018-06-12,2,0,2,0,2,7.0,6.0,13.0,13,2,2018-06-04,2018-06-18,214,14,14,2018-06-11,2018-06-12,6,5,0.14285714285714285,0.4,28,False
WD_MERGE_2018-06-04---2018-06-18_duration_14_days_cluster_098_A0_000042_A_000061_lat_04818_lon_-0084_size_0084,INTE1820387A__20180528__20180529,INTE1820387A,2018-06-04,2018-06-18,2018-05-28,2018-05-29,2,0,0,0,2,7.0,20.0,27.0,27,0,2018-06-04,2018-06-18,214,14,14,2018-05-28,2018-05-29,8,5,0.14285714285714285,0.4,29,False
WD_MERGE_2018-06-04---2018-06-18_duration_14_days_cluster_098_A0_000042_A_000061_lat_04818_lon_-0084_size_0084,INTE1820387A__20180612__20180613,INTE1820387A,2018-06-04,2018-06-18,2018-06-12,2018-06-13,2,0,0,0,2,8.0,5.0,13.0,13,2,2018-06-04,2018-06-18,214,14,14,2018-06-12,2018-06-13,60,7,0.14285714285714285,0.2857142857142857,30,False
WD_MERGE_2018-06-04---2018-06-18_duration_14_days_cluster_098_A0_000042_A_000061_lat_04818_lon_-0084_size_0084,INTE1824833A__20180528__20180528,INTE1824833A,2018-06-04,2018-06-18,2018-05-28,2018-05-28,2,0,0,0,2,7.0,21.0,28.0,28,0,2018-06-04,2018-06-18,214,14,14,2018-05-28,2018-05-28,13,7,0.14285714285714285,0.2857142857142857,31,False
WD_MERGE_2018-06-04---2018-06-18_duration_14_days_cluster_098_A0_000042_A_000061_lat_04818_lon_-0084_size_0084,INTE1824833A__20180603__20180603,INTE1824833A,2018-06-04,2018-06-18,2018-06-03,2018-06-03,2,0,0,0,2,1.0,15.0,16.0,16,0,2018-06-04,2018-06-18,214,14,14,2018-06-03,2018-06-03,18,9,0.14285714285714285,0.2222222222222222,32,False
WD_MERGE_2018-06-04---2018-06-18_duration_14_days_cluster_098_A0_000042_A_000061_lat_04818_lon_-0084_size_0084,INTE1820387A__20180605__20180605,INTE1820387A,2018-06-04,2018-06-18,2018-06-05,2018-06-05,2,0,0,0,2,1.0,13.0,14.0,14,1,2018-06-04,2018-06-18,214,14,14,2018-06-05,2018-06-05,22,10,0.14285714285714285,0.2,33,False
WD_MERGE_2018-06-04---2018-06-18_duration_14_days_cluster_098_A0_000042_A_000061_lat_04818_lon_-0084_size_0084,INTE1824833A__20180610__20180610,INTE1824833A,2018-06-04,2018-06-18,2018-06-10,2018-06-10,2,0,0,0,2,6.0,8.0,14.0,14,1,2018-06-04,2018-06-18,214,14,14,2018-06-10,2018-06-10,46,12,0.14285714285714285,0.16666666666666666,34,False
WD_MERGE_2024-03-25---2024-05-27_duration_56_days_cluster_352_A0_004362_A_004851_lat_05011_lon_01451_size_0294,IOME2420215A__20240601__20240601,IOME2420215A,2024-03-25,2024-05-27,2024-06-01,2024-06-01,2,0,0,0,2,68.0,5.0,73.0,73,0,2024-03-25,2024-05-27,383,16,16,2024-06-01,2024-06-01,13,2,0.125,1.0,2,False
WD_MERGE_2024-03-25---2024-05-27_duration_56_days_cluster_352_A0_004362_A_004851_lat_05011_lon_01451_size_0294,IOME2420215A__20240601__20240602,IOME2420215A,2024-03-25,2024-05-27,2024-06-01,2024-06-02,2,0,0,0,2,68.0,6.0,74.0,74,0,2024-03-25,2024-05-27,383,16,16,2024-06-01,2024-06-02,2,2,0.125,1.0,3,False
WD_MERGE_2023-10-02---2023-11-27_duration_56_days_cluster_343_A0_001031_A_001249_lat_05091_lon_-0185_size_0363,IOME2333648A__20231102__20231124,IOME2333648A,2023-10-02,2023-11-27,2023-11-02,2023-11-24,2,0,0,0,2,31.0,3.0,34.0,34,23,2023-10-02,2023-11-27,665,17,17,2023-11-02,2023-11-24,21,2,0.11764705882352941,1.0,1,True
WD_MERGE_2023-10-02---2023-11-27_duration_56_days_cluster_343_A0_001031_A_001249_lat_05091_lon_-0185_size_0363,IOME2402725A__20231102__20231124,IOME2402725A,2023-10-02,2023-11-27,2023-11-02,2023-11-24,2,0,0,0,2,31.0,3.0,34.0,34,23,2023-10-02,2023-11-27,665,17,17,2023-11-02,2023-11-24,7,2,0.11764705882352941,1.0,2,False
WD_MERGE_2023-10-02---2023-11-27_duration_56_days_cluster_343_A0_001031_A_001249_lat_05091_lon_-0185_size_0363,IOME2407004A__20231102__20231124,IOME2407004A,2023-10-02,2023-11-27,2023-11-02,2023-11-24,2,0,0,0,2,31.0,3.0,34.0,34,23,2023-10-02,2023-11-27,665,17,17,2023-11-02,2023-11-24,3,2,0.11764705882352941,1.0,3,False
WD_MERGE_2023-10-02---2023-11-27_duration_56_days_cluster_343_A0_001031_A_001249_lat_05091_lon_-0185_size_0363,IOME2411920A__20231102__20231124,IOME2411920A,2023-10-02,2023-11-27,2023-11-02,2023-11-24,2,0,0,0,2,31.0,3.0,34.0,34,23,2023-10-02,2023-11-27,665,17,17,2023-11-02,2023-11-24,2,2,0.11764705882352941,1.0,4,False
WD_MERGE_2023-10-02---2023-11-27_duration_56_days_cluster_343_A0_001031_A_001249_lat_05091_lon_-0185_size_0363,IOME2333648A__20231113__20231124,IOME2333648A,2023-10-02,2023-11-27,2023-11-13,2023-11-24,2,0,0,0,2,42.0,3.0,45.0,45,12,2023-10-02,2023-11-27,665,17,17,2023-11-13,2023-11-24,308,2,0.11764705882352941,1.0,5,False
WD_MERGE_2023-10-02---2023-11-27_duration_56_days_cluster_343_A0_001031_A_001249_lat_05091_lon_-0185_size_0363,IOME2330533A__20231102__20231112,IOME2330533A,2023-10-02,2023-11-27,2023-11-02,2023-11-12,2,0,0,0,2,31.0,15.0,46.0,46,11,2023-10-02,2023-11-27,665,17,17,2023-11-02,2023-11-12,205,2,0.11764705882352941,1.0,6,False
WD_MERGE_2023-10-02---2023-11-27_duration_56_days_cluster_343_A0_001031_A_001249_lat_05091_lon_-0185_size_0363,IOME2332866A__20231102__20231112,IOME2332866A,2023-10-02,2023-11-27,2023-11-02,2023-11-12,2,0,0,0,2,31.0,15.0,46.0,46,11,2023-10-02,2023-11-27,665,17,17,2023-11-02,2023-11-12,103,2,0.11764705882352941,1.0,7,False
WD_MERGE_2023-10-02---2023-11-27_duration_56_days_cluster_343_A0_001031_A_001249_lat_05091_lon_-0185_size_0363,IOME2410378A__20231028__20231030,IOME2410378A,2023-10-02,2023-11-27,2023-10-28,2023-10-30,2,0,0,0,2,26.0,28.0,54.0,54,3,2023-10-02,2023-11-27,665,17,17,2023-10-28,2023-10-30,2,2,0.11764705882352941,1.0,8,False
WD_MERGE_2023-10-02---2023-11-27_duration_56_days_cluster_343_A0_001031_A_001249_lat_05091_lon_-0185_size_0363,IOME2403657A__20231028__20231029,IOME2403657A,2023-10-02,2023-11-27,2023-10-28,2023-10-29,2,0,0,0,2,26.0,29.0,55.0,55,2,2023-10-02,2023-11-27,665,17,17,2023-10-28,2023-10-29,6,2,0.11764705882352941,1.0,9,False
WD_MERGE_2023-10-02---2023-11-27_duration_56_days_cluster_343_A0_001031_A_001249_lat_05091_lon_-0185_size_0363,IOME2407754A__20231027__20231028,IOME2407754A,2023-10-02,2023-11-27,2023-10-27,2023-10-28,2,0,0,0,2,25.0,30.0,55.0,55,2,2023-10-02,2023-11-27,665,17,17,2023-10-27,2023-10-28,2,2,0.11764705882352941,1.0,10,False
WD_MERGE_2023-10-02---2023-11-27_duration_56_days_cluster_343_A0_001031_A_001249_lat_05091_lon_-0185_size_0363,IOME2407754A__20231028__20231029,IOME2407754A,2023-10-02,2023-11-27,2023-10-28,2023-10-29,2,0,0,0,2,26.0,29.0,55.0,55,2,2023-10-02,2023-11-27,665,17,17,2023-10-28,2023-10-29,2,2,0.11764705882352941,1.0,11,False
WD_MERGE_2023-10-02---2023-11-27_duration_56_days_cluster_343_A0_001031_A_001249_lat_05091_lon_-0185_size_0363,IOME2420215A__20231027__20231028,IOME2420215A,2023-10-02,2023-11-27,2023-10-27,2023-10-28,2,0,0,0,2,25.0,30.0,55.0,55,2,2023-10-02,2023-11-27,665,17,17,2023-10-27,2023-10-28,2,2,0.11764705882352941,1.0,12,False
WD_MERGE_2021-01-11---2021-03-22_duration_56_days_cluster_352_A0_000478_A_000602_lat_03951_lon_-0626_size_0252,INTE2105706A__20210129__20210204,INTE2105706A,2021-01-11,2021-03-22,2021-01-29,2021-02-04,2,0,0,0,2,18.0,46.0,64.0,64,7,2021-01-11,2021-03-22,346,17,17,2021-01-29,2021-02-04,63,2,0.11764705882352941,1.0,1,True
WD_MERGE_2021-01-11---2021-03-22_duration_56_days_cluster_352_A0_000478_A_000602_lat_03951_lon_-0626_size_0252,INTE2112076A__20210129__20210204,INTE2112076A,2021-01-11,2021-03-22,2021-01-29,2021-02-04,2,0,0,0,2,18.0,46.0,64.0,64,7,2021-01-11,2021-03-22,346,17,17,2021-01-29,2021-02-04,12,2,0.11764705882352941,1.0,2,False
WD_MERGE_2023-10-02---2023-11-27_duration_56_days_cluster_343_A0_001031_A_001249_lat_05091_lon_-0185_size_0363,INTE2427051A__20231031__20240114,INTE2427051A,2023-10-02,2023-11-27,2023-10-31,2024-01-14,2,0,0,0,2,29.0,48.0,77.0,77,28,2023-10-02,2023-11-27,665,17,17,2023-10-31,2024-01-14,8,2,0.11764705882352941,1.0,13,False
WD_MERGE_2023-10-02---2023-11-27_duration_56_days_cluster_343_A0_001031_A_001249_lat_05091_lon_-0185_size_0363,IOME2407004A__20231101__20240115,IOME2407004A,2023-10-02,2023-11-27,2023-11-01,2024-01-15,2,0,0,0,2,30.0,49.0,79.0,79,27,2023-10-02,2023-11-27,665,17,17,2023-11-01,2024-01-15,79,2,0.11764705882352941,1.0,14,False
WD_MERGE_2023-10-02---2023-11-27_duration_56_days_cluster_343_A0_001031_A_001249_lat_05091_lon_-0185_size_0363,IOME2400969A__20231102__20231124,IOME2400969A,2023-10-02,2023-11-27,2023-11-02,2023-11-24,2,0,0,0,2,31.0,3.0,34.0,34,23,2023-10-02,2023-11-27,665,17,17,2023-11-02,2023-11-24,21,3,0.11764705882352941,0.6666666666666666,15,False
WD_MERGE_2021-01-11---2021-03-22_duration_56_days_cluster_352_A0_000478_A_000602_lat_03951_lon_-0626_size_0252,INTE2107265A__20210201__20210204,INTE2107265A,2021-01-11,2021-03-22,2021-02-01,2021-02-04,2,0,0,0,2,21.0,46.0,67.0,67,4,2021-01-11,2021-03-22,346,17,17,2021-02-01,2021-02-04,23,5,0.11764705882352941,0.4,3,False
WD_MERGE_2016-11-21---2016-11-28_duration_7_days_cluster_264_A0_000092_A_000121_lat_04596_lon_00440_size_0115,INTE1711727A__20161121__20161123,INTE1711727A,2016-11-21,2016-11-28,2016-11-21,2016-11-23,2,0,2,2,2,0.0,5.0,5.0,5,3,2016-11-21,2016-11-28,353,20,20,2016-11-21,2016-11-23,2,2,0.1,1.0,1,True
WD_MERGE_2016-11-21---2016-11-28_duration_7_days_cluster_264_A0_000092_A_000121_lat_04596_lon_00440_size_0115,INTE1705706A__20161122__20161122,INTE1705706A,2016-11-21,2016-11-28,2016-11-22,2016-11-22,2,0,2,2,2,1.0,6.0,7.0,7,1,2016-11-21,2016-11-28,353,20,20,2016-11-22,2016-11-22,6,2,0.1,1.0,2,False
WD_MERGE_2024-05-13---2024-07-01_duration_49_days_cluster_364_A0_002268_A_002512_lat_04864_lon_01385_size_0345,INTE2430293A__20240628__20240628,INTE2430293A,2024-05-13,2024-07-01,2024-06-28,2024-06-28,2,0,0,0,2,46.0,3.0,49.0,49,1,2024-05-13,2024-07-01,165,22,22,2024-06-28,2024-06-28,3,2,0.09090909090909091,1.0,3,False
WD_MERGE_2024-05-13---2024-07-01_duration_49_days_cluster_364_A0_002268_A_002512_lat_04864_lon_01385_size_0345,IOME2421328A__20240616__20240620,IOME2421328A,2024-05-13,2024-07-01,2024-06-16,2024-06-20,2,0,0,0,2,34.0,11.0,45.0,45,5,2024-05-13,2024-07-01,165,22,22,2024-06-16,2024-06-20,9,3,0.09090909090909091,0.6666666666666666,4,False
WD_MERGE_2024-05-13---2024-07-01_duration_49_days_cluster_364_A0_002268_A_002512_lat_04864_lon_01385_size_0345,INTE2424582A__20240618__20240619,INTE2424582A,2024-05-13,2024-07-01,2024-06-18,2024-06-19,2,0,0,0,2,36.0,12.0,48.0,48,2,2024-05-13,2024-07-01,165,22,22,2024-06-18,2024-06-19,5,3,0.09090909090909091,0.6666666666666666,5,False
WD_MERGE_2024-05-13---2024-07-01_duration_49_days_cluster_364_A0_002268_A_002512_lat_04864_lon_01385_size_0345,INTE2424582A__20240624__20240624,INTE2424582A,2024-05-13,2024-07-01,2024-06-24,2024-06-24,2,0,0,0,2,42.0,7.0,49.0,49,1,2024-05-13,2024-07-01,165,22,22,2024-06-24,2024-06-24,19,3,0.09090909090909091,0.6666666666666666,6,False
WD_MERGE_2024-05-13---2024-07-01_duration_49_days_cluster_364_A0_002268_A_002512_lat_04864_lon_01385_size_0345,IOME2420215A__20240628__20240628,IOME2420215A,2024-05-13,2024-07-01,2024-06-28,2024-06-28,2,0,0,0,2,46.0,3.0,49.0,49,1,2024-05-13,2024-07-01,165,22,22,2024-06-28,2024-06-28,4,3,0.09090909090909091,0.6666666666666666,7,False
WD_MERGE_2024-05-13---2024-07-01_duration_49_days_cluster_364_A0_002268_A_002512_lat_04864_lon_01385_size_0345,INTE2424582A__20240511__20240511,INTE2424582A,2024-05-13,2024-07-01,2024-05-11,2024-05-11,2,0,0,0,2,2.0,51.0,53.0,53,0,2024-05-13,2024-07-01,165,22,22,2024-05-11,2024-05-11,14,4,0.09090909090909091,0.5,8,False
WD_MERGE_2024-05-13---2024-07-01_duration_49_days_cluster_364_A0_002268_A_002512_lat_04864_lon_01385_size_0345,IOME2420215A__20240511__20240511,IOME2420215A,2024-05-13,2024-07-01,2024-05-11,2024-05-11,2,0,0,0,2,2.0,51.0,53.0,53,0,2024-05-13,2024-07-01,165,22,22,2024-05-11,2024-05-11,13,7,0.09090909090909091,0.2857142857142857,9,False
WD_MERGE_2024-05-13---2024-07-01_duration_49_days_cluster_364_A0_002268_A_002512_lat_04864_lon_01385_size_0345,IOME2418595A__20240617__20240621,IOME2418595A,2024-05-13,2024-07-01,2024-06-17,2024-06-21,2,0,0,0,2,35.0,10.0,45.0,45,5,2024-05-13,2024-07-01,165,22,22,2024-06-17,2024-06-21,290,9,0.09090909090909091,0.2222222222222222,10,False
WD_MERGE_2019-10-07---2019-12-02_duration_42_days_cluster_348_A0_000880_A_001045_lat_04970_lon_-0128_size_0367,INTE1935602A__20191022__20191023,INTE1935602A,2019-10-07,2019-12-02,2019-10-22,2019-10-23,2,0,0,0,2,15.0,40.0,55.0,55,2,2019-10-07,2019-12-02,621,24,24,2019-10-22,2019-10-23,13,3,0.08333333333333333,0.6666666666666666,2,False
WD_MERGE_2024-09-23---2024-11-11_duration_35_days_cluster_367_A0_000578_A_000623_lat_04898_lon_00513_size_0555,INTE2430293A__20240924__20240925,INTE2430293A,2024-09-23,2024-11-11,2024-09-24,2024-09-25,2,0,0,0,2,1.0,47.0,48.0,48,2,2024-09-23,2024-11-11,575,25,25,2024-09-24,2024-09-25,2,2,0.08,1.0,5,False
WD_MERGE_2024-09-23---2024-11-11_duration_35_days_cluster_367_A0_000578_A_000623_lat_04898_lon_00513_size_0555,INTE2430293A__20241006__20241007,INTE2430293A,2024-09-23,2024-11-11,2024-10-06,2024-10-07,2,0,0,0,2,13.0,35.0,48.0,48,2,2024-09-23,2024-11-11,575,25,25,2024-10-06,2024-10-07,10,2,0.08,1.0,6,False
WD_MERGE_2024-09-23---2024-11-11_duration_35_days_cluster_367_A0_000578_A_000623_lat_04898_lon_00513_size_0555,INTE2501371A__20240924__20240925,INTE2501371A,2024-09-23,2024-11-11,2024-09-24,2024-09-25,2,0,0,0,2,1.0,47.0,48.0,48,2,2024-09-23,2024-11-11,575,25,25,2024-09-24,2024-09-25,2,2,0.08,1.0,7,False
WD_MERGE_2024-09-23---2024-11-11_duration_35_days_cluster_367_A0_000578_A_000623_lat_04898_lon_00513_size_0555,INTE2501371A__20241008__20241009,INTE2501371A,2024-09-23,2024-11-11,2024-10-08,2024-10-09,2,0,0,0,2,15.0,33.0,48.0,48,2,2024-09-23,2024-11-11,575,25,25,2024-10-08,2024-10-09,2,2,0.08,1.0,8,False
WD_MERGE_2024-09-23---2024-11-11_duration_35_days_cluster_367_A0_000578_A_000623_lat_04898_lon_00513_size_0555,INTE2511307A__20241008__20241009,INTE2511307A,2024-09-23,2024-11-11,2024-10-08,2024-10-09,2,0,0,0,2,15.0,33.0,48.0,48,2,2024-09-23,2024-11-11,575,25,25,2024-10-08,2024-10-09,2,2,0.08,1.0,9,False
WD_MERGE_2024-09-23---2024-11-11_duration_35_days_cluster_367_A0_000578_A_000623_lat_04898_lon_00513_size_0555,INTE2430293A__20240925__20240925,INTE2430293A,2024-09-23,2024-11-11,2024-09-25,2024-09-25,2,0,0,0,2,2.0,47.0,49.0,49,1,2024-09-23,2024-11-11,575,25,25,2024-09-25,2024-09-25,13,2,0.08,1.0,10,False
WD_MERGE_2024-09-23---2024-11-11_duration_35_days_cluster_367_A0_000578_A_000623_lat_04898_lon_00513_size_0555,INTE2433751A__20240925__20240925,INTE2433751A,2024-09-23,2024-11-11,2024-09-25,2024-09-25,2,0,0,0,2,2.0,47.0,49.0,49,1,2024-09-23,2024-11-11,575,25,25,2024-09-25,2024-09-25,2,2,0.08,1.0,11,False
WD_MERGE_2024-09-23---2024-11-11_duration_35_days_cluster_367_A0_000578_A_000623_lat_04898_lon_00513_size_0555,INTE2501371A__20240925__20240925,INTE2501371A,2024-09-23,2024-11-11,2024-09-25,2024-09-25,2,0,0,0,2,2.0,47.0,49.0,49,1,2024-09-23,2024-11-11,575,25,25,2024-09-25,2024-09-25,10,2,0.08,1.0,12,False
WD_MERGE_2024-09-23---2024-11-11_duration_35_days_cluster_367_A0_000578_A_000623_lat_04898_lon_00513_size_0555,INTE2505371A__20241007__20241007,INTE2505371A,2024-09-23,2024-11-11,2024-10-07,2024-10-07,2,0,0,0,2,14.0,35.0,49.0,49,1,2024-09-23,2024-11-11,575,25,25,2024-10-07,2024-10-07,3,2,0.08,1.0,13,False
WD_MERGE_2024-09-23---2024-11-11_duration_35_days_cluster_367_A0_000578_A_000623_lat_04898_lon_00513_size_0555,INTE2505371A__20241008__20241009,INTE2505371A,2024-09-23,2024-11-11,2024-10-08,2024-10-09,2,0,0,0,2,15.0,33.0,48.0,48,2,2024-09-23,2024-11-11,575,25,25,2024-10-08,2024-10-09,3,3,0.08,0.6666666666666666,14,False
WD_MERGE_2024-09-23---2024-11-11_duration_35_days_cluster_367_A0_000578_A_000623_lat_04898_lon_00513_size_0555,INTE2501371A__20241009__20241009,INTE2501371A,2024-09-23,2024-11-11,2024-10-09,2024-10-09,2,0,0,0,2,16.0,33.0,49.0,49,1,2024-09-23,2024-11-11,575,25,25,2024-10-09,2024-10-09,3,3,0.08,0.6666666666666666,15,False
WD_MERGE_2024-09-23---2024-11-11_duration_35_days_cluster_367_A0_000578_A_000623_lat_04898_lon_00513_size_0555,INTE2430293A__20241008__20241009,INTE2430293A,2024-09-23,2024-11-11,2024-10-08,2024-10-09,2,0,0,0,2,15.0,33.0,48.0,48,2,2024-09-23,2024-11-11,575,25,25,2024-10-08,2024-10-09,5,4,0.08,0.5,16,False
WD_MERGE_2024-09-23---2024-11-11_duration_35_days_cluster_367_A0_000578_A_000623_lat_04898_lon_00513_size_0555,INTE2501371A__20241015__20241019,INTE2501371A,2024-09-23,2024-11-11,2024-10-15,2024-10-19,2,0,0,0,2,22.0,23.0,45.0,45,5,2024-09-23,2024-11-11,575,25,25,2024-10-15,2024-10-19,32,7,0.08,0.2857142857142857,17,False
WD_MERGE_2021-07-12---2021-08-02_duration_21_days_cluster_159_A0_000619_A_000852_lat_04942_lon_00499_size_0246,INTE2124447A__20210713__20210716,INTE2124447A,2021-07-12,2021-08-02,2021-07-13,2021-07-16,2,0,0,0,2,1.0,17.0,18.0,18,4,2021-07-12,2021-08-02,1282,26,26,2021-07-13,2021-07-16,21,2,0.07692307692307693,1.0,6,False
WD_MERGE_2021-07-12---2021-08-02_duration_21_days_cluster_159_A0_000619_A_000852_lat_04942_lon_00499_size_0246,INTE2122730A__20210713__20210715,INTE2122730A,2021-07-12,2021-08-02,2021-07-13,2021-07-15,2,0,0,0,2,1.0,18.0,19.0,19,3,2021-07-12,2021-08-02,1282,26,26,2021-07-13,2021-07-15,15,2,0.07692307692307693,1.0,7,False
WD_MERGE_2021-07-12---2021-08-02_duration_21_days_cluster_159_A0_000619_A_000852_lat_04942_lon_00499_size_0246,INTE2128151A__20210713__20210714,INTE2128151A,2021-07-12,2021-08-02,2021-07-13,2021-07-14,2,0,0,0,2,1.0,19.0,20.0,20,2,2021-07-12,2021-08-02,1282,26,26,2021-07-13,2021-07-14,3,2,0.07692307692307693,1.0,8,False
WD_MERGE_2021-07-12---2021-08-02_duration_21_days_cluster_159_A0_000619_A_000852_lat_04942_lon_00499_size_0246,INTE2124447A__20210715__20210715,INTE2124447A,2021-07-12,2021-08-02,2021-07-15,2021-07-15,2,0,0,0,2,3.0,18.0,21.0,21,1,2021-07-12,2021-08-02,1282,26,26,2021-07-15,2021-07-15,6,2,0.07692307692307693,1.0,9,False
WD_MERGE_2021-07-12---2021-08-02_duration_21_days_cluster_159_A0_000619_A_000852_lat_04942_lon_00499_size_0246,INTE2124447A__20210724__20210724,INTE2124447A,2021-07-12,2021-08-02,2021-07-24,2021-07-24,2,0,0,0,2,12.0,9.0,21.0,21,1,2021-07-12,2021-08-02,1282,26,26,2021-07-24,2021-07-24,2,2,0.07692307692307693,1.0,10,False
WD_MERGE_2021-07-12---2021-08-02_duration_21_days_cluster_159_A0_000619_A_000852_lat_04942_lon_00499_size_0246,INTE2128151A__20210724__20210724,INTE2128151A,2021-07-12,2021-08-02,2021-07-24,2021-07-24,2,0,0,0,2,12.0,9.0,21.0,21,1,2021-07-12,2021-08-02,1282,26,26,2021-07-24,2021-07-24,6,2,0.07692307692307693,1.0,11,False
WD_MERGE_2021-07-12---2021-08-02_duration_21_days_cluster_159_A0_000619_A_000852_lat_04942_lon_00499_size_0246,INTE2127287A__20210713__20210714,INTE2127287A,2021-07-12,2021-08-02,2021-07-13,2021-07-14,2,0,0,0,2,1.0,19.0,20.0,20,2,2021-07-12,2021-08-02,1282,26,26,2021-07-13,2021-07-14,20,3,0.07692307692307693,0.6666666666666666,12,False
WD_MERGE_2023-12-11---2024-01-01_duration_21_days_cluster_358_A0_001246_A_001597_lat_05134_lon_00222_size_0362,IOME2400969A__20231206__20231224,IOME2400969A,2023-12-11,2024-01-01,2023-12-06,2023-12-24,2,0,0,0,2,5.0,8.0,13.0,13,14,2023-12-11,2024-01-01,803,28,28,2023-12-06,2023-12-24,42,2,0.07142857142857142,1.0,2,False
WD_MERGE_2023-12-11---2024-01-01_duration_21_days_cluster_358_A0_001246_A_001597_lat_05134_lon_00222_size_0362,IOME2407754A__20240102__20240102,IOME2407754A,2023-12-11,2024-01-01,2024-01-02,2024-01-02,2,0,0,0,2,22.0,1.0,23.0,23,0,2023-12-11,2024-01-01,803,28,28,2024-01-02,2024-01-02,2,2,0.07142857142857142,1.0,3,False
WD_MERGE_2023-12-11---2024-01-01_duration_21_days_cluster_358_A0_001246_A_001597_lat_05134_lon_00222_size_0362,IOME2407754A__20240102__20240103,IOME2407754A,2023-12-11,2024-01-01,2024-01-02,2024-01-03,2,0,0,0,2,22.0,2.0,24.0,24,0,2023-12-11,2024-01-01,803,28,28,2024-01-02,2024-01-03,5,2,0.07142857142857142,1.0,4,False
WD_MERGE_2023-12-11---2024-01-01_duration_21_days_cluster_358_A0_001246_A_001597_lat_05134_lon_00222_size_0362,IOME2400974A__20231227__20240111,IOME2400974A,2023-12-11,2024-01-01,2023-12-27,2024-01-11,2,0,0,0,2,16.0,10.0,26.0,26,6,2023-12-11,2024-01-01,803,28,28,2023-12-27,2024-01-11,165,2,0.07142857142857142,1.0,5,False
WD_MERGE_2023-12-11---2024-01-01_duration_21_days_cluster_358_A0_001246_A_001597_lat_05134_lon_00222_size_0362,IOME2402725A__20231227__20240111,IOME2402725A,2023-12-11,2024-01-01,2023-12-27,2024-01-11,2,0,0,0,2,16.0,10.0,26.0,26,6,2023-12-11,2024-01-01,803,28,28,2023-12-27,2024-01-11,5,2,0.07142857142857142,1.0,6,False
WD_MERGE_2020-11-30---2021-01-04_duration_35_days_cluster_394_A0_000853_A_001042_lat_04937_lon_-0214_size_0264,INTE2104714A__20201228__20201229,INTE2104714A,2020-11-30,2021-01-04,2020-12-28,2020-12-29,2,0,0,0,2,28.0,6.0,34.0,34,2,2020-11-30,2021-01-04,821,28,28,2020-12-28,2020-12-29,5,2,0.07142857142857142,1.0,1,True
WD_MERGE_2020-11-30---2021-01-04_duration_35_days_cluster_394_A0_000853_A_001042_lat_04937_lon_-0214_size_0264,INTE2114774A__20201228__20201229,INTE2114774A,2020-11-30,2021-01-04,2020-12-28,2020-12-29,2,0,0,0,2,28.0,6.0,34.0,34,2,2020-11-30,2021-01-04,821,28,28,2020-12-28,2020-12-29,3,2,0.07142857142857142,1.0,2,False
WD_MERGE_2023-12-11---2024-01-01_duration_21_days_cluster_358_A0_001246_A_001597_lat_05134_lon_00222_size_0362,INTE2427051A__20231031__20240114,INTE2427051A,2023-12-11,2024-01-01,2023-10-31,2024-01-14,2,0,0,0,2,41.0,13.0,54.0,54,22,2023-12-11,2024-01-01,803,28,28,2023-10-31,2024-01-14,8,2,0.07142857142857142,1.0,7,False
WD_MERGE_2023-12-11---2024-01-01_duration_21_days_cluster_358_A0_001246_A_001597_lat_05134_lon_00222_size_0362,IOME2407004A__20231101__20240115,IOME2407004A,2023-12-11,2024-01-01,2023-11-01,2024-01-15,2,0,0,0,2,40.0,14.0,54.0,54,22,2023-12-11,2024-01-01,803,28,28,2023-11-01,2024-01-15,79,2,0.07142857142857142,1.0,8,False
WD_MERGE_2017-12-04---2018-01-01_duration_28_days_cluster_370_A0_000806_A_001014_lat_05081_lon_00198_size_0323,INTE1808306A__20180103__20180103,INTE1808306A,2017-12-04,2018-01-01,2018-01-03,2018-01-03,2,0,0,0,2,30.0,2.0,32.0,32,0,2017-12-04,2018-01-01,1104,29,29,2018-01-03,2018-01-03,7,2,0.06896551724137931,1.0,1,True
WD_MERGE_2017-12-04---2018-01-01_duration_28_days_cluster_370_A0_000806_A_001014_lat_05081_lon_00198_size_0323,INTE1813670A__20180104__20180105,INTE1813670A,2017-12-04,2018-01-01,2018-01-04,2018-01-05,2,0,0,0,2,31.0,4.0,35.0,35,0,2017-12-04,2018-01-01,1104,29,29,2018-01-04,2018-01-05,3,2,0.06896551724137931,1.0,2,False
WD_MERGE_2017-12-04---2018-01-01_duration_28_days_cluster_370_A0_000806_A_001014_lat_05081_lon_00198_size_0323,INTE1806551A__20180104__20180107,INTE1806551A,2017-12-04,2018-01-01,2018-01-04,2018-01-07,2,0,0,0,2,31.0,6.0,37.0,37,0,2017-12-04,2018-01-01,1104,29,29,2018-01-04,2018-01-07,22,2,0.06896551724137931,1.0,3,False
WD_MERGE_2018-01-01---2018-01-29_duration_28_days_cluster_351_A0_002080_A_002749_lat_04958_lon_00796_size_0325,INTE1806551A__20180104__20180107,INTE1806551A,2018-01-01,2018-01-29,2018-01-04,2018-01-07,2,0,0,0,2,3.0,22.0,25.0,25,4,2018-01-01,2018-01-29,2327,31,31,2018-01-04,2018-01-07,22,2,0.06451612903225806,1.0,5,False
WD_MERGE_2018-01-01---2018-01-29_duration_28_days_cluster_351_A0_002080_A_002749_lat_04958_lon_00796_size_0325,INTE1810998A__20180122__20180125,INTE1810998A,2018-01-01,2018-01-29,2018-01-22,2018-01-25,2,0,0,0,2,21.0,4.0,25.0,25,4,2018-01-01,2018-01-29,2327,31,31,2018-01-22,2018-01-25,2,2,0.06451612903225806,1.0,6,False
WD_MERGE_2018-01-01---2018-01-29_duration_28_days_cluster_351_A0_002080_A_002749_lat_04958_lon_00796_size_0325,INTE1810998A__20180123__20180125,INTE1810998A,2018-01-01,2018-01-29,2018-01-23,2018-01-25,2,0,0,0,2,22.0,4.0,26.0,26,3,2018-01-01,2018-01-29,2327,31,31,2018-01-23,2018-01-25,3,2,0.06451612903225806,1.0,7,False
WD_MERGE_2018-01-01---2018-01-29_duration_28_days_cluster_351_A0_002080_A_002749_lat_04958_lon_00796_size_0325,INTE1810998A__20180124__20180126,INTE1810998A,2018-01-01,2018-01-29,2018-01-24,2018-01-26,2,0,0,0,2,23.0,3.0,26.0,26,3,2018-01-01,2018-01-29,2327,31,31,2018-01-24,2018-01-26,2,2,0.06451612903225806,1.0,8,False
WD_MERGE_2018-01-01---2018-01-29_duration_28_days_cluster_351_A0_002080_A_002749_lat_04958_lon_00796_size_0325,INTE1810998A__20180123__20180124,INTE1810998A,2018-01-01,2018-01-29,2018-01-23,2018-01-24,2,0,0,0,2,22.0,5.0,27.0,27,2,2018-01-01,2018-01-29,2327,31,31,2018-01-23,2018-01-24,6,2,0.06451612903225806,1.0,9,False
WD_MERGE_2018-01-01---2018-01-29_duration_28_days_cluster_351_A0_002080_A_002749_lat_04958_lon_00796_size_0325,INTE1808306A__20180122__20180124,INTE1808306A,2018-01-01,2018-01-29,2018-01-22,2018-01-24,2,0,0,0,2,21.0,5.0,26.0,26,3,2018-01-01,2018-01-29,2327,31,31,2018-01-22,2018-01-24,10,3,0.06451612903225806,0.6666666666666666,10,False
WD_MERGE_2018-01-01---2018-01-29_duration_28_days_cluster_349_A0_000442_A_000522_lat_04875_lon_-0083_size_0117,INTE1813670A__20180104__20180105,INTE1813670A,2018-01-01,2018-01-29,2018-01-04,2018-01-05,2,0,0,0,2,3.0,24.0,27.0,27,2,2018-01-01,2018-01-29,822,32,32,2018-01-04,2018-01-05,3,2,0.0625,1.0,2,False
WD_MERGE_2018-01-01---2018-01-29_duration_28_days_cluster_349_A0_000442_A_000522_lat_04875_lon_-0083_size_0117,INTE1808306A__20180103__20180103,INTE1808306A,2018-01-01,2018-01-29,2018-01-03,2018-01-03,2,0,0,0,2,2.0,26.0,28.0,28,1,2018-01-01,2018-01-29,822,32,32,2018-01-03,2018-01-03,7,2,0.0625,1.0,3,False
WD_MERGE_2019-11-18---2020-01-06_duration_42_days_cluster_353_A0_000853_A_001110_lat_04494_lon_-0368_size_0472,INTE2002329A__20191212__20191214,INTE2002329A,2019-11-18,2020-01-06,2019-12-12,2019-12-14,2,0,0,0,2,24.0,23.0,47.0,47,3,2019-11-18,2020-01-06,1086,32,32,2019-12-12,2019-12-14,3,2,0.0625,1.0,3,False
WD_MERGE_2019-11-18---2020-01-06_duration_42_days_cluster_353_A0_000853_A_001110_lat_04494_lon_-0368_size_0472,INTE2010310A__20191214__20191216,INTE2010310A,2019-11-18,2020-01-06,2019-12-14,2019-12-16,2,0,0,0,2,26.0,21.0,47.0,47,3,2019-11-18,2020-01-06,1086,32,32,2019-12-14,2019-12-16,4,2,0.0625,1.0,4,False
WD_MERGE_2019-11-18---2020-01-06_duration_42_days_cluster_353_A0_000853_A_001110_lat_04494_lon_-0368_size_0472,INTE2005870A__20191201__20191202,INTE2005870A,2019-11-18,2020-01-06,2019-12-01,2019-12-02,2,0,0,0,2,13.0,35.0,48.0,48,2,2019-11-18,2020-01-06,1086,32,32,2019-12-01,2019-12-02,2,2,0.0625,1.0,5,False
WD_MERGE_2019-11-18---2020-01-06_duration_42_days_cluster_353_A0_000853_A_001110_lat_04494_lon_-0368_size_0472,INTE2002329A__20191123__20191124,INTE2002329A,2019-11-18,2020-01-06,2019-11-23,2019-11-24,2,0,0,0,2,5.0,43.0,48.0,48,2,2019-11-18,2020-01-06,1086,32,32,2019-11-23,2019-11-24,3,3,0.0625,0.6666666666666666,6,False
WD_MERGE_2019-11-18---2020-01-06_duration_42_days_cluster_353_A0_000853_A_001110_lat_04494_lon_-0368_size_0472,INTE2005870A__20191220__20191221,INTE2005870A,2019-11-18,2020-01-06,2019-12-20,2019-12-21,2,0,0,0,2,32.0,16.0,48.0,48,2,2019-11-18,2020-01-06,1086,32,32,2019-12-20,2019-12-21,6,3,0.0625,0.6666666666666666,7,False
WD_MERGE_2019-11-18---2020-01-06_duration_42_days_cluster_353_A0_000853_A_001110_lat_04494_lon_-0368_size_0472,INTE2002329A__20191201__20191201,INTE2002329A,2019-11-18,2020-01-06,2019-12-01,2019-12-01,2,0,0,0,2,13.0,36.0,49.0,49,1,2019-11-18,2020-01-06,1086,32,32,2019-12-01,2019-12-01,6,3,0.0625,0.6666666666666666,8,False
WD_MERGE_2019-11-18---2020-01-06_duration_42_days_cluster_353_A0_000853_A_001110_lat_04494_lon_-0368_size_0472,INTE2005870A__20191201__20191201,INTE2005870A,2019-11-18,2020-01-06,2019-12-01,2019-12-01,2,0,0,0,2,13.0,36.0,49.0,49,1,2019-11-18,2020-01-06,1086,32,32,2019-12-01,2019-12-01,7,3,0.0625,0.6666666666666666,9,False
WD_MERGE_2019-11-18---2020-01-06_duration_42_days_cluster_353_A0_000853_A_001110_lat_04494_lon_-0368_size_0472,INTE2005870A__20191213__20191214,INTE2005870A,2019-11-18,2020-01-06,2019-12-13,2019-12-14,2,0,0,0,2,25.0,23.0,48.0,48,2,2019-11-18,2020-01-06,1086,32,32,2019-12-13,2019-12-14,9,4,0.0625,0.5,10,False
WD_MERGE_2020-02-10---2020-04-13_duration_63_days_cluster_376_A0_002105_A_002662_lat_05130_lon_-0049_size_0424,INTE2014521A__20200417__20200417,INTE2014521A,2020-02-10,2020-04-13,2020-04-17,2020-04-17,2,0,0,0,2,67.0,4.0,71.0,71,0,2020-02-10,2020-04-13,1557,32,32,2020-04-17,2020-04-17,29,4,0.0625,0.5,1,True
WD_MERGE_2018-01-01---2018-01-29_duration_28_days_cluster_349_A0_000442_A_000522_lat_04875_lon_-0083_size_0117,INTE1810998A__20180122__20180124,INTE1810998A,2018-01-01,2018-01-29,2018-01-22,2018-01-24,2,0,0,0,2,21.0,5.0,26.0,26,3,2018-01-01,2018-01-29,822,32,32,2018-01-22,2018-01-24,53,5,0.0625,0.4,4,False
WD_MERGE_2018-01-01---2018-01-29_duration_28_days_cluster_349_A0_000442_A_000522_lat_04875_lon_-0083_size_0117,INTE1806551A__20180115__20180205,INTE1806551A,2018-01-01,2018-01-29,2018-01-15,2018-02-05,2,0,0,0,2,14.0,7.0,21.0,21,15,2018-01-01,2018-01-29,822,32,32,2018-01-15,2018-02-05,120,10,0.0625,0.2,5,False
WD_MERGE_2018-01-01---2018-01-29_duration_28_days_cluster_349_A0_000442_A_000522_lat_04875_lon_-0083_size_0117,INTE1804348A__20180115__20180205,INTE1804348A,2018-01-01,2018-01-29,2018-01-15,2018-02-05,2,0,0,0,2,14.0,7.0,21.0,21,15,2018-01-01,2018-01-29,822,32,32,2018-01-15,2018-02-05,276,14,0.0625,0.14285714285714285,6,False
WD_MERGE_2021-11-29---2022-01-03_duration_35_days_cluster_316_A0_000336_A_000413_lat_05065_lon_-0112_size_0274,INTE2137449A__20211127__20211129,INTE2137449A,2021-11-29,2022-01-03,2021-11-27,2021-11-29,2,0,0,0,2,2.0,35.0,37.0,37,1,2021-11-29,2022-01-03,534,33,33,2021-11-27,2021-11-29,21,2,0.06060606060606061,1.0,1,True
WD_MERGE_2021-11-29---2022-01-03_duration_35_days_cluster_316_A0_000336_A_000413_lat_05065_lon_-0112_size_0274,INTE2201262A__20211127__20211129,INTE2201262A,2021-11-29,2022-01-03,2021-11-27,2021-11-29,2,0,0,0,2,2.0,35.0,37.0,37,1,2021-11-29,2022-01-03,534,33,33,2021-11-27,2021-11-29,7,2,0.06060606060606061,1.0,2,False
WD_MERGE_2021-11-29---2022-01-03_duration_35_days_cluster_316_A0_000336_A_000413_lat_05065_lon_-0112_size_0274,INTE2204344A__20211127__20211129,INTE2204344A,2021-11-29,2022-01-03,2021-11-27,2021-11-29,2,0,0,0,2,2.0,35.0,37.0,37,1,2021-11-29,2022-01-03,534,33,33,2021-11-27,2021-11-29,13,2,0.06060606060606061,1.0,3,False
WD_MERGE_2021-11-29---2022-01-03_duration_35_days_cluster_316_A0_000336_A_000413_lat_05065_lon_-0112_size_0274,INTE2207961A__20211127__20211129,INTE2207961A,2021-11-29,2022-01-03,2021-11-27,2021-11-29,2,0,0,0,2,2.0,35.0,37.0,37,1,2021-11-29,2022-01-03,534,33,33,2021-11-27,2021-11-29,5,2,0.06060606060606061,1.0,4,False
WD_MERGE_2019-11-04---2020-01-06_duration_56_days_cluster_351_A0_000915_A_001176_lat_04685_lon_00678_size_0668,INTE2010310A__20191219__20191221,INTE2010310A,2019-11-04,2020-01-06,2019-12-19,2019-12-21,2,0,0,0,2,45.0,16.0,61.0,61,3,2019-11-04,2020-01-06,686,33,33,2019-12-19,2019-12-21,2,2,0.06060606060606061,1.0,11,False
WD_MERGE_2019-11-04---2020-01-06_duration_56_days_cluster_351_A0_000915_A_001176_lat_04685_lon_00678_size_0668,INTE1934128A__20191123__20191124,INTE1934128A,2019-11-04,2020-01-06,2019-11-23,2019-11-24,2,0,0,0,2,19.0,43.0,62.0,62,2,2019-11-04,2020-01-06,686,33,33,2019-11-23,2019-11-24,148,2,0.06060606060606061,1.0,12,False
WD_MERGE_2019-11-04---2020-01-06_duration_56_days_cluster_351_A0_000915_A_001176_lat_04685_lon_00678_size_0668,INTE2000953A__20191201__20191202,INTE2000953A,2019-11-04,2020-01-06,2019-12-01,2019-12-02,2,0,0,0,2,27.0,35.0,62.0,62,2,2019-11-04,2020-01-06,686,33,33,2019-12-01,2019-12-02,8,2,0.06060606060606061,1.0,13,False
WD_MERGE_2019-11-04---2020-01-06_duration_56_days_cluster_351_A0_000915_A_001176_lat_04685_lon_00678_size_0668,INTE2005870A__20191123__20191124,INTE2005870A,2019-11-04,2020-01-06,2019-11-23,2019-11-24,2,0,0,0,2,19.0,43.0,62.0,62,2,2019-11-04,2020-01-06,686,33,33,2019-11-23,2019-11-24,4,2,0.06060606060606061,1.0,14,False
WD_MERGE_2019-11-04---2020-01-06_duration_56_days_cluster_351_A0_000915_A_001176_lat_04685_lon_00678_size_0668,INTE2005870A__20191201__20191202,INTE2005870A,2019-11-04,2020-01-06,2019-12-01,2019-12-02,2,0,0,0,2,27.0,35.0,62.0,62,2,2019-11-04,2020-01-06,686,33,33,2019-12-01,2019-12-02,2,2,0.06060606060606061,1.0,15,False
WD_MERGE_2019-11-04---2020-01-06_duration_56_days_cluster_351_A0_000915_A_001176_lat_04685_lon_00678_size_0668,INTE2010310A__20191201__20191202,INTE2010310A,2019-11-04,2020-01-06,2019-12-01,2019-12-02,2,0,0,0,2,27.0,35.0,62.0,62,2,2019-11-04,2020-01-06,686,33,33,2019-12-01,2019-12-02,3,2,0.06060606060606061,1.0,16,False
WD_MERGE_2019-11-04---2020-01-06_duration_56_days_cluster_351_A0_000915_A_001176_lat_04685_lon_00678_size_0668,INTE2010310A__20191219__20191220,INTE2010310A,2019-11-04,2020-01-06,2019-12-19,2019-12-20,2,0,0,0,2,45.0,17.0,62.0,62,2,2019-11-04,2020-01-06,686,33,33,2019-12-19,2019-12-20,2,2,0.06060606060606061,1.0,17,False
WD_MERGE_2019-11-04---2020-01-06_duration_56_days_cluster_351_A0_000915_A_001176_lat_04685_lon_00678_size_0668,INTE2014521A__20191123__20191124,INTE2014521A,2019-11-04,2020-01-06,2019-11-23,2019-11-24,2,0,0,0,2,19.0,43.0,62.0,62,2,2019-11-04,2020-01-06,686,33,33,2019-11-23,2019-11-24,2,2,0.06060606060606061,1.0,18,False
WD_MERGE_2019-11-04---2020-01-06_duration_56_days_cluster_351_A0_000915_A_001176_lat_04685_lon_00678_size_0668,INTE2023938A__20191220__20191220,INTE2023938A,2019-11-04,2020-01-06,2019-12-20,2019-12-20,2,0,0,0,2,46.0,17.0,63.0,63,1,2019-11-04,2020-01-06,686,33,33,2019-12-20,2019-12-20,3,2,0.06060606060606061,1.0,19,False
WD_MERGE_2019-11-04---2020-01-06_duration_56_days_cluster_351_A0_000915_A_001176_lat_04685_lon_00678_size_0668,INTE2010310A__20191103__20191103,INTE2010310A,2019-11-04,2020-01-06,2019-11-03,2019-11-03,2,0,0,0,2,1.0,64.0,65.0,65,0,2019-11-04,2020-01-06,686,33,33,2019-11-03,2019-11-03,4,2,0.06060606060606061,1.0,20,False
WD_MERGE_2019-11-04---2020-01-06_duration_56_days_cluster_351_A0_000915_A_001176_lat_04685_lon_00678_size_0668,INTE2010310A__20191122__20191124,INTE2010310A,2019-11-04,2020-01-06,2019-11-22,2019-11-24,2,0,0,0,2,18.0,43.0,61.0,61,3,2019-11-04,2020-01-06,686,33,33,2019-11-22,2019-11-24,6,4,0.06060606060606061,0.5,21,False
WD_MERGE_2019-11-04---2020-01-06_duration_56_days_cluster_351_A0_000915_A_001176_lat_04685_lon_00678_size_0668,INTE2010310A__20191123__20191124,INTE2010310A,2019-11-04,2020-01-06,2019-11-23,2019-11-24,2,0,0,0,2,19.0,43.0,62.0,62,2,2019-11-04,2020-01-06,686,33,33,2019-11-23,2019-11-24,6,4,0.06060606060606061,0.5,22,False
WD_MERGE_2021-01-04---2021-03-08_duration_63_days_cluster_350_A0_000854_A_001077_lat_05058_lon_-0039_size_0413,INTE2104714A__20210203__20210209,INTE2104714A,2021-01-04,2021-03-08,2021-02-03,2021-02-09,2,0,0,0,2,30.0,27.0,57.0,57,7,2021-01-04,2021-03-08,852,37,37,2021-02-03,2021-02-09,86,3,0.05405405405405406,0.6666666666666666,1,False
WD_MERGE_2021-01-04---2021-03-08_duration_63_days_cluster_350_A0_000854_A_001077_lat_05058_lon_-0039_size_0413,INTE2107265A__20210201__20210204,INTE2107265A,2021-01-04,2021-03-08,2021-02-01,2021-02-04,2,0,0,0,2,28.0,32.0,60.0,60,4,2021-01-04,2021-03-08,852,37,37,2021-02-01,2021-02-04,23,5,0.05405405405405406,0.4,2,False
WD_MERGE_2020-11-09---2021-01-04_duration_56_days_cluster_393_A0_000699_A_000848_lat_05106_lon_-0049_size_0220,INTE2104714A__20201228__20201229,INTE2104714A,2020-11-09,2021-01-04,2020-12-28,2020-12-29,2,0,0,0,2,49.0,6.0,55.0,55,2,2020-11-09,2021-01-04,766,38,38,2020-12-28,2020-12-29,5,2,0.05263157894736842,1.0,1,False
WD_MERGE_2020-11-09---2021-01-04_duration_56_days_cluster_393_A0_000699_A_000848_lat_05106_lon_-0049_size_0220,INTE2114774A__20201228__20201229,INTE2114774A,2020-11-09,2021-01-04,2020-12-28,2020-12-29,2,0,0,0,2,49.0,6.0,55.0,55,2,2020-11-09,2021-01-04,766,38,38,2020-12-28,2020-12-29,3,2,0.05263157894736842,1.0,2,False
WD_MERGE_2020-12-28---2021-02-08_duration_42_days_cluster_345_A0_001379_A_001714_lat_05131_lon_-0153_size_0295,INTE2105706A__20210129__20210204,INTE2105706A,2020-12-28,2021-02-08,2021-01-29,2021-02-04,2,0,0,0,2,32.0,4.0,36.0,36,7,2020-12-28,2021-02-08,1267,42,42,2021-01-29,2021-02-04,63,2,0.047619047619047616,1.0,3,False
WD_MERGE_2020-12-28---2021-02-08_duration_42_days_cluster_345_A0_001379_A_001714_lat_05131_lon_-0153_size_0295,INTE2112076A__20210129__20210204,INTE2112076A,2020-12-28,2021-02-08,2021-01-29,2021-02-04,2,0,0,0,2,32.0,4.0,36.0,36,7,2020-12-28,2021-02-08,1267,42,42,2021-01-29,2021-02-04,12,2,0.047619047619047616,1.0,4,False
WD_MERGE_2020-12-28---2021-02-08_duration_42_days_cluster_345_A0_001379_A_001714_lat_05131_lon_-0153_size_0295,INTE2107265A__20210201__20210210,INTE2107265A,2020-12-28,2021-02-08,2021-02-01,2021-02-10,2,0,0,0,2,35.0,2.0,37.0,37,8,2020-12-28,2021-02-08,1267,42,42,2021-02-01,2021-02-10,6,2,0.047619047619047616,1.0,5,False
WD_MERGE_2020-12-28---2021-02-08_duration_42_days_cluster_345_A0_001379_A_001714_lat_05131_lon_-0153_size_0295,INTE2104714A__20201228__20201229,INTE2104714A,2020-12-28,2021-02-08,2020-12-28,2020-12-29,2,0,0,0,2,0.0,41.0,41.0,41,2,2020-12-28,2021-02-08,1267,42,42,2020-12-28,2020-12-29,5,2,0.047619047619047616,1.0,6,False
WD_MERGE_2020-12-28---2021-02-08_duration_42_days_cluster_345_A0_001379_A_001714_lat_05131_lon_-0153_size_0295,INTE2112076A__20210128__20210129,INTE2112076A,2020-12-28,2021-02-08,2021-01-28,2021-01-29,2,0,0,0,2,31.0,10.0,41.0,41,2,2020-12-28,2021-02-08,1267,42,42,2021-01-28,2021-01-29,2,2,0.047619047619047616,1.0,7,False
WD_MERGE_2020-12-28---2021-02-08_duration_42_days_cluster_345_A0_001379_A_001714_lat_05131_lon_-0153_size_0295,INTE2114774A__20201228__20201229,INTE2114774A,2020-12-28,2021-02-08,2020-12-28,2020-12-29,2,0,0,0,2,0.0,41.0,41.0,41,2,2020-12-28,2021-02-08,1267,42,42,2020-12-28,2020-12-29,3,2,0.047619047619047616,1.0,8,False
WD_MERGE_2023-11-27---2023-12-25_duration_28_days_cluster_355_A0_001153_A_001442_lat_04922_lon_00020_size_0374,IOME2400969A__20231206__20231224,IOME2400969A,2023-11-27,2023-12-25,2023-12-06,2023-12-24,2,0,0,0,2,9.0,1.0,10.0,10,19,2023-11-27,2023-12-25,1491,44,44,2023-12-06,2023-12-24,42,2,0.045454545454545456,1.0,1,False
WD_MERGE_2023-11-27---2023-12-25_duration_28_days_cluster_355_A0_001153_A_001442_lat_04922_lon_00020_size_0374,IOME2333648A__20231113__20231124,IOME2333648A,2023-11-27,2023-12-25,2023-11-13,2023-11-24,2,0,0,0,2,14.0,31.0,45.0,45,0,2023-11-27,2023-12-25,1491,44,44,2023-11-13,2023-11-24,308,2,0.045454545454545456,1.0,2,False
WD_MERGE_2023-11-27---2023-12-25_duration_28_days_cluster_355_A0_001153_A_001442_lat_04922_lon_00020_size_0374,INTE2427051A__20231031__20240114,INTE2427051A,2023-11-27,2023-12-25,2023-10-31,2024-01-14,2,0,0,0,2,27.0,20.0,47.0,47,29,2023-11-27,2023-12-25,1491,44,44,2023-10-31,2024-01-14,8,2,0.045454545454545456,1.0,3,False
WD_MERGE_2023-11-27---2023-12-25_duration_28_days_cluster_355_A0_001153_A_001442_lat_04922_lon_00020_size_0374,IOME2400974A__20231227__20240111,IOME2400974A,2023-11-27,2023-12-25,2023-12-27,2024-01-11,2,0,0,0,2,30.0,17.0,47.0,47,0,2023-11-27,2023-12-25,1491,44,44,2023-12-27,2024-01-11,165,2,0.045454545454545456,1.0,4,False
WD_MERGE_2023-11-27---2023-12-25_duration_28_days_cluster_355_A0_001153_A_001442_lat_04922_lon_00020_size_0374,IOME2402725A__20231227__20240111,IOME2402725A,2023-11-27,2023-12-25,2023-12-27,2024-01-11,2,0,0,0,2,30.0,17.0,47.0,47,0,2023-11-27,2023-12-25,1491,44,44,2023-12-27,2024-01-11,5,2,0.045454545454545456,1.0,5,False
WD_MERGE_2023-11-27---2023-12-25_duration_28_days_cluster_355_A0_001153_A_001442_lat_04922_lon_00020_size_0374,IOME2407004A__20231101__20240115,IOME2407004A,2023-11-27,2023-12-25,2023-11-01,2024-01-15,2,0,0,0,2,26.0,21.0,47.0,47,29,2023-11-27,2023-12-25,1491,44,44,2023-11-01,2024-01-15,79,2,0.045454545454545456,1.0,6,False
WD_MERGE_2023-11-27---2023-12-25_duration_28_days_cluster_355_A0_001153_A_001442_lat_04922_lon_00020_size_0374,IOME2333648A__20231102__20231124,IOME2333648A,2023-11-27,2023-12-25,2023-11-02,2023-11-24,2,0,0,0,2,25.0,31.0,56.0,56,0,2023-11-27,2023-12-25,1491,44,44,2023-11-02,2023-11-24,21,2,0.045454545454545456,1.0,7,False
WD_MERGE_2023-11-27---2023-12-25_duration_28_days_cluster_355_A0_001153_A_001442_lat_04922_lon_00020_size_0374,IOME2402725A__20231102__20231124,IOME2402725A,2023-11-27,2023-12-25,2023-11-02,2023-11-24,2,0,0,0,2,25.0,31.0,56.0,56,0,2023-11-27,2023-12-25,1491,44,44,2023-11-02,2023-11-24,7,2,0.045454545454545456,1.0,8,False
WD_MERGE_2023-11-27---2023-12-25_duration_28_days_cluster_355_A0_001153_A_001442_lat_04922_lon_00020_size_0374,IOME2407004A__20231102__20231124,IOME2407004A,2023-11-27,2023-12-25,2023-11-02,2023-11-24,2,0,0,0,2,25.0,31.0,56.0,56,0,2023-11-27,2023-12-25,1491,44,44,2023-11-02,2023-11-24,3,2,0.045454545454545456,1.0,9,False
WD_MERGE_2023-11-27---2023-12-25_duration_28_days_cluster_355_A0_001153_A_001442_lat_04922_lon_00020_size_0374,IOME2411920A__20231102__20231124,IOME2411920A,2023-11-27,2023-12-25,2023-11-02,2023-11-24,2,0,0,0,2,25.0,31.0,56.0,56,0,2023-11-27,2023-12-25,1491,44,44,2023-11-02,2023-11-24,2,2,0.045454545454545456,1.0,10,False
WD_MERGE_2023-11-27---2023-12-25_duration_28_days_cluster_355_A0_001153_A_001442_lat_04922_lon_00020_size_0374,IOME2400969A__20231102__20231124,IOME2400969A,2023-11-27,2023-12-25,2023-11-02,2023-11-24,2,0,0,0,2,25.0,31.0,56.0,56,0,2023-11-27,2023-12-25,1491,44,44,2023-11-02,2023-11-24,21,3,0.045454545454545456,0.6666666666666666,11,False
WD_MERGE_2024-01-01---2024-02-05_duration_35_days_cluster_333_A0_001861_A_002025_lat_04966_lon_00582_size_0555,IOME2400974A__20231227__20240111,IOME2400974A,2024-01-01,2024-02-05,2023-12-27,2024-01-11,2,0,0,0,2,5.0,25.0,30.0,30,11,2024-01-01,2024-02-05,1975,45,45,2023-12-27,2024-01-11,165,2,0.044444444444444446,1.0,2,False
WD_MERGE_2024-01-01---2024-02-05_duration_35_days_cluster_333_A0_001861_A_002025_lat_04966_lon_00582_size_0555,IOME2402725A__20231227__20240111,IOME2402725A,2024-01-01,2024-02-05,2023-12-27,2024-01-11,2,0,0,0,2,5.0,25.0,30.0,30,11,2024-01-01,2024-02-05,1975,45,45,2023-12-27,2024-01-11,5,2,0.044444444444444446,1.0,3,False
WD_MERGE_2024-01-01---2024-02-05_duration_35_days_cluster_333_A0_001861_A_002025_lat_04966_lon_00582_size_0555,IOME2407754A__20240102__20240103,IOME2407754A,2024-01-01,2024-02-05,2024-01-02,2024-01-03,2,0,0,0,2,1.0,33.0,34.0,34,2,2024-01-01,2024-02-05,1975,45,45,2024-01-02,2024-01-03,5,2,0.044444444444444446,1.0,4,False
WD_MERGE_2024-01-01---2024-02-05_duration_35_days_cluster_333_A0_001861_A_002025_lat_04966_lon_00582_size_0555,IOME2407754A__20240102__20240102,IOME2407754A,2024-01-01,2024-02-05,2024-01-02,2024-01-02,2,0,0,0,2,1.0,34.0,35.0,35,1,2024-01-01,2024-02-05,1975,45,45,2024-01-02,2024-01-02,2,2,0.044444444444444446,1.0,5,False
WD_MERGE_2024-01-01---2024-02-05_duration_35_days_cluster_333_A0_001861_A_002025_lat_04966_lon_00582_size_0555,IOME2407004A__20231101__20240115,IOME2407004A,2024-01-01,2024-02-05,2023-11-01,2024-01-15,2,0,0,0,2,61.0,21.0,82.0,82,15,2024-01-01,2024-02-05,1975,45,45,2023-11-01,2024-01-15,79,2,0.044444444444444446,1.0,6,False
WD_MERGE_2024-01-01---2024-02-05_duration_35_days_cluster_333_A0_001861_A_002025_lat_04966_lon_00582_size_0555,INTE2427051A__20231031__20240114,INTE2427051A,2024-01-01,2024-02-05,2023-10-31,2024-01-14,2,0,0,0,2,62.0,22.0,84.0,84,14,2024-01-01,2024-02-05,1975,45,45,2023-10-31,2024-01-14,8,2,0.044444444444444446,1.0,7,False
WD_MERGE_2018-03-05---2018-04-09_duration_35_days_cluster_365_A0_000792_A_001016_lat_04859_lon_00099_size_0343,INTE1813670A__20180311__20180311,INTE1813670A,2018-03-05,2018-04-09,2018-03-11,2018-03-11,2,0,0,0,2,6.0,29.0,35.0,35,1,2018-03-05,2018-04-09,1386,46,46,2018-03-11,2018-03-11,8,2,0.043478260869565216,1.0,1,True
WD_MERGE_2018-03-05---2018-04-09_duration_35_days_cluster_365_A0_000792_A_001016_lat_04859_lon_00099_size_0343,INTE1817087A__20180412__20180412,INTE1817087A,2018-03-05,2018-04-09,2018-04-12,2018-04-12,2,0,0,0,2,38.0,3.0,41.0,41,0,2018-03-05,2018-04-09,1386,46,46,2018-04-12,2018-04-12,4,2,0.043478260869565216,1.0,2,False
WD_MERGE_2018-02-05---2018-03-12_duration_35_days_cluster_362_A0_000772_A_001006_lat_04696_lon_00126_size_0284,INTE1813670A__20180311__20180311,INTE1813670A,2018-02-05,2018-03-12,2018-03-11,2018-03-11,2,0,0,0,2,34.0,1.0,35.0,35,1,2018-02-05,2018-03-12,1647,48,48,2018-03-11,2018-03-11,8,2,0.041666666666666664,1.0,3,False
WD_MERGE_2016-02-08---2016-03-21_duration_42_days_cluster_299_A0_000993_A_001287_lat_04880_lon_00221_size_0343,INTE1610580A__20160209__20160209,INTE1610580A,2016-02-08,2016-03-21,2016-02-09,2016-02-09,2,0,0,0,2,1.0,41.0,42.0,42,1,2016-02-08,2016-03-21,1894,52,52,2016-02-09,2016-02-09,3,2,0.038461538461538464,1.0,1,True
WD_MERGE_2023-10-09---2023-11-27_duration_35_days_cluster_346_A0_001489_A_001868_lat_04874_lon_00161_size_0346,IOME2333648A__20231102__20231124,IOME2333648A,2023-10-09,2023-11-27,2023-11-02,2023-11-24,2,0,0,0,2,24.0,3.0,27.0,27,23,2023-10-09,2023-11-27,2204,53,53,2023-11-02,2023-11-24,21,2,0.03773584905660377,1.0,1,False
WD_MERGE_2023-10-09---2023-11-27_duration_35_days_cluster_346_A0_001489_A_001868_lat_04874_lon_00161_size_0346,IOME2402725A__20231102__20231124,IOME2402725A,2023-10-09,2023-11-27,2023-11-02,2023-11-24,2,0,0,0,2,24.0,3.0,27.0,27,23,2023-10-09,2023-11-27,2204,53,53,2023-11-02,2023-11-24,7,2,0.03773584905660377,1.0,2,False
WD_MERGE_2023-10-09---2023-11-27_duration_35_days_cluster_346_A0_001489_A_001868_lat_04874_lon_00161_size_0346,IOME2407004A__20231102__20231124,IOME2407004A,2023-10-09,2023-11-27,2023-11-02,2023-11-24,2,0,0,0,2,24.0,3.0,27.0,27,23,2023-10-09,2023-11-27,2204,53,53,2023-11-02,2023-11-24,3,2,0.03773584905660377,1.0,3,False
WD_MERGE_2023-10-09---2023-11-27_duration_35_days_cluster_346_A0_001489_A_001868_lat_04874_lon_00161_size_0346,IOME2411920A__20231102__20231124,IOME2411920A,2023-10-09,2023-11-27,2023-11-02,2023-11-24,2,0,0,0,2,24.0,3.0,27.0,27,23,2023-10-09,2023-11-27,2204,53,53,2023-11-02,2023-11-24,2,2,0.03773584905660377,1.0,4,False
WD_MERGE_2023-10-09---2023-11-27_duration_35_days_cluster_346_A0_001489_A_001868_lat_04874_lon_00161_size_0346,IOME2333648A__20231113__20231124,IOME2333648A,2023-10-09,2023-11-27,2023-11-13,2023-11-24,2,0,0,0,2,35.0,3.0,38.0,38,12,2023-10-09,2023-11-27,2204,53,53,2023-11-13,2023-11-24,308,2,0.03773584905660377,1.0,5,False
WD_MERGE_2023-10-09---2023-11-27_duration_35_days_cluster_346_A0_001489_A_001868_lat_04874_lon_00161_size_0346,IOME2330533A__20231102__20231112,IOME2330533A,2023-10-09,2023-11-27,2023-11-02,2023-11-12,2,0,0,0,2,24.0,15.0,39.0,39,11,2023-10-09,2023-11-27,2204,53,53,2023-11-02,2023-11-12,205,2,0.03773584905660377,1.0,6,False
WD_MERGE_2023-10-09---2023-11-27_duration_35_days_cluster_346_A0_001489_A_001868_lat_04874_lon_00161_size_0346,IOME2332866A__20231102__20231112,IOME2332866A,2023-10-09,2023-11-27,2023-11-02,2023-11-12,2,0,0,0,2,24.0,15.0,39.0,39,11,2023-10-09,2023-11-27,2204,53,53,2023-11-02,2023-11-12,103,2,0.03773584905660377,1.0,7,False
WD_MERGE_2023-10-09---2023-11-27_duration_35_days_cluster_346_A0_001489_A_001868_lat_04874_lon_00161_size_0346,IOME2403657A__20231112__20231115,IOME2403657A,2023-10-09,2023-11-27,2023-11-12,2023-11-15,2,0,0,0,2,34.0,12.0,46.0,46,4,2023-10-09,2023-11-27,2204,53,53,2023-11-12,2023-11-15,2,2,0.03773584905660377,1.0,8,False
WD_MERGE_2023-10-09---2023-11-27_duration_35_days_cluster_346_A0_001489_A_001868_lat_04874_lon_00161_size_0346,IOME2410378A__20231028__20231030,IOME2410378A,2023-10-09,2023-11-27,2023-10-28,2023-10-30,2,0,0,0,2,19.0,28.0,47.0,47,3,2023-10-09,2023-11-27,2204,53,53,2023-10-28,2023-10-30,2,2,0.03773584905660377,1.0,9,False
WD_MERGE_2023-10-09---2023-11-27_duration_35_days_cluster_346_A0_001489_A_001868_lat_04874_lon_00161_size_0346,IOME2403657A__20231028__20231029,IOME2403657A,2023-10-09,2023-11-27,2023-10-28,2023-10-29,2,0,0,0,2,19.0,29.0,48.0,48,2,2023-10-09,2023-11-27,2204,53,53,2023-10-28,2023-10-29,6,2,0.03773584905660377,1.0,10,False
WD_MERGE_2023-10-09---2023-11-27_duration_35_days_cluster_346_A0_001489_A_001868_lat_04874_lon_00161_size_0346,IOME2407754A__20231027__20231028,IOME2407754A,2023-10-09,2023-11-27,2023-10-27,2023-10-28,2,0,0,0,2,18.0,30.0,48.0,48,2,2023-10-09,2023-11-27,2204,53,53,2023-10-27,2023-10-28,2,2,0.03773584905660377,1.0,11,False
WD_MERGE_2023-10-09---2023-11-27_duration_35_days_cluster_346_A0_001489_A_001868_lat_04874_lon_00161_size_0346,IOME2407754A__20231028__20231029,IOME2407754A,2023-10-09,2023-11-27,2023-10-28,2023-10-29,2,0,0,0,2,19.0,29.0,48.0,48,2,2023-10-09,2023-11-27,2204,53,53,2023-10-28,2023-10-29,2,2,0.03773584905660377,1.0,12,False
WD_MERGE_2023-10-09---2023-11-27_duration_35_days_cluster_346_A0_001489_A_001868_lat_04874_lon_00161_size_0346,IOME2420215A__20231027__20231028,IOME2420215A,2023-10-09,2023-11-27,2023-10-27,2023-10-28,2,0,0,0,2,18.0,30.0,48.0,48,2,2023-10-09,2023-11-27,2204,53,53,2023-10-27,2023-10-28,2,2,0.03773584905660377,1.0,13,False
WD_MERGE_2023-10-09---2023-11-27_duration_35_days_cluster_346_A0_001489_A_001868_lat_04874_lon_00161_size_0346,INTE2427051A__20231031__20240114,INTE2427051A,2023-10-09,2023-11-27,2023-10-31,2024-01-14,2,0,0,0,2,22.0,48.0,70.0,70,28,2023-10-09,2023-11-27,2204,53,53,2023-10-31,2024-01-14,8,2,0.03773584905660377,1.0,14,False
WD_MERGE_2023-10-09---2023-11-27_duration_35_days_cluster_346_A0_001489_A_001868_lat_04874_lon_00161_size_0346,IOME2407004A__20231101__20240115,IOME2407004A,2023-10-09,2023-11-27,2023-11-01,2024-01-15,2,0,0,0,2,23.0,49.0,72.0,72,27,2023-10-09,2023-11-27,2204,53,53,2023-11-01,2024-01-15,79,2,0.03773584905660377,1.0,15,False
WD_MERGE_2023-10-09---2023-11-27_duration_35_days_cluster_346_A0_001489_A_001868_lat_04874_lon_00161_size_0346,IOME2400969A__20231102__20231124,IOME2400969A,2023-10-09,2023-11-27,2023-11-02,2023-11-24,2,0,0,0,2,24.0,3.0,27.0,27,23,2023-10-09,2023-11-27,2204,53,53,2023-11-02,2023-11-24,21,3,0.03773584905660377,0.6666666666666666,16,False
WD_MERGE_2023-10-09---2023-11-27_duration_35_days_cluster_346_A0_001489_A_001868_lat_04874_lon_00161_size_0346,IOME2403657A__20231113__20231114,IOME2403657A,2023-10-09,2023-11-27,2023-11-13,2023-11-14,2,0,0,0,2,35.0,13.0,48.0,48,2,2023-10-09,2023-11-27,2204,53,53,2023-11-13,2023-11-14,6,3,0.03773584905660377,0.6666666666666666,17,False
WD_MERGE_2024-02-19---2024-03-18_duration_21_days_cluster_347_A0_000534_A_000577_lat_04734_lon_00149_size_0292,IOME2410378A__20240309__20240310,IOME2410378A,2024-02-19,2024-03-18,2024-03-09,2024-03-10,2,0,0,0,2,19.0,8.0,27.0,27,2,2024-02-19,2024-03-18,1245,54,54,2024-03-09,2024-03-10,5,3,0.037037037037037035,0.6666666666666666,1,True
WD_MERGE_2021-01-11---2021-02-15_duration_35_days_cluster_351_A0_002339_A_003019_lat_04904_lon_00226_size_0328,INTE2112076A__20210128__20210129,INTE2112076A,2021-01-11,2021-02-15,2021-01-28,2021-01-29,2,0,0,0,2,17.0,17.0,34.0,34,2,2021-01-11,2021-02-15,3259,56,56,2021-01-28,2021-01-29,2,2,0.03571428571428571,1.0,2,False
WD_MERGE_2021-01-11---2021-02-15_duration_35_days_cluster_351_A0_002339_A_003019_lat_04904_lon_00226_size_0328,INTE2118484A__20210201__20210202,INTE2118484A,2021-01-11,2021-02-15,2021-02-01,2021-02-02,2,0,0,0,2,21.0,13.0,34.0,34,2,2021-01-11,2021-02-15,3259,56,56,2021-02-01,2021-02-02,2,2,0.03571428571428571,1.0,3,False
WD_MERGE_2021-01-11---2021-02-15_duration_35_days_cluster_351_A0_002339_A_003019_lat_04904_lon_00226_size_0328,INTE2104714A__20210203__20210209,INTE2104714A,2021-01-11,2021-02-15,2021-02-03,2021-02-09,2,0,0,0,2,23.0,6.0,29.0,29,7,2021-01-11,2021-02-15,3259,56,56,2021-02-03,2021-02-09,86,3,0.03571428571428571,0.6666666666666666,4,False
WD_MERGE_2018-01-15---2018-02-05_duration_21_days_cluster_356_A0_001736_A_002252_lat_04804_lon_00395_size_0168,INTE1826529A__20180120__20180210,INTE1826529A,2018-01-15,2018-02-05,2018-01-20,2018-02-10,2,0,2,0,2,5.0,5.0,10.0,10,17,2018-01-15,2018-02-05,3690,60,60,2018-01-20,2018-02-10,63,2,0.03333333333333333,1.0,7,False
WD_MERGE_2018-01-15---2018-02-05_duration_21_days_cluster_356_A0_001736_A_002252_lat_04804_lon_00395_size_0168,INTE1810998A__20180122__20180125,INTE1810998A,2018-01-15,2018-02-05,2018-01-22,2018-01-25,2,0,0,0,2,7.0,11.0,18.0,18,4,2018-01-15,2018-02-05,3690,60,60,2018-01-22,2018-01-25,2,2,0.03333333333333333,1.0,8,False
WD_MERGE_2018-01-15---2018-02-05_duration_21_days_cluster_356_A0_001736_A_002252_lat_04804_lon_00395_size_0168,INTE1810998A__20180121__20180123,INTE1810998A,2018-01-15,2018-02-05,2018-01-21,2018-01-23,2,0,0,0,2,6.0,13.0,19.0,19,3,2018-01-15,2018-02-05,3690,60,60,2018-01-21,2018-01-23,2,2,0.03333333333333333,1.0,9,False
WD_MERGE_2018-01-15---2018-02-05_duration_21_days_cluster_356_A0_001736_A_002252_lat_04804_lon_00395_size_0168,INTE1810998A__20180123__20180125,INTE1810998A,2018-01-15,2018-02-05,2018-01-23,2018-01-25,2,0,0,0,2,8.0,11.0,19.0,19,3,2018-01-15,2018-02-05,3690,60,60,2018-01-23,2018-01-25,3,2,0.03333333333333333,1.0,10,False
WD_MERGE_2018-01-15---2018-02-05_duration_21_days_cluster_356_A0_001736_A_002252_lat_04804_lon_00395_size_0168,INTE1810998A__20180124__20180126,INTE1810998A,2018-01-15,2018-02-05,2018-01-24,2018-01-26,2,0,0,0,2,9.0,10.0,19.0,19,3,2018-01-15,2018-02-05,3690,60,60,2018-01-24,2018-01-26,2,2,0.03333333333333333,1.0,11,False
WD_MERGE_2018-01-15---2018-02-05_duration_21_days_cluster_356_A0_001736_A_002252_lat_04804_lon_00395_size_0168,INTE1808306A__20180122__20180123,INTE1808306A,2018-01-15,2018-02-05,2018-01-22,2018-01-23,2,0,0,0,2,7.0,13.0,20.0,20,2,2018-01-15,2018-02-05,3690,60,60,2018-01-22,2018-01-23,3,2,0.03333333333333333,1.0,12,False
WD_MERGE_2018-01-15---2018-02-05_duration_21_days_cluster_356_A0_001736_A_002252_lat_04804_lon_00395_size_0168,INTE1810998A__20180123__20180124,INTE1810998A,2018-01-15,2018-02-05,2018-01-23,2018-01-24,2,0,0,0,2,8.0,12.0,20.0,20,2,2018-01-15,2018-02-05,3690,60,60,2018-01-23,2018-01-24,6,2,0.03333333333333333,1.0,13,False
WD_MERGE_2024-03-25---2024-05-27_duration_49_days_cluster_354_A0_002117_A_002338_lat_04497_lon_00089_size_0436,INTE2519692A__20240331__20240429,INTE2519692A,2024-03-25,2024-05-27,2024-03-31,2024-04-29,2,0,0,0,2,6.0,28.0,34.0,34,30,2024-03-25,2024-05-27,3290,69,69,2024-03-31,2024-04-29,2,2,0.028985507246376812,1.0,14,False
WD_MERGE_2024-03-25---2024-05-27_duration_49_days_cluster_354_A0_002117_A_002338_lat_04497_lon_00089_size_0436,IOME2411920A__20240330__20240405,IOME2411920A,2024-03-25,2024-05-27,2024-03-30,2024-04-05,2,0,0,0,2,5.0,52.0,57.0,57,7,2024-03-25,2024-05-27,3290,69,69,2024-03-30,2024-04-05,9,2,0.028985507246376812,1.0,15,False
WD_MERGE_2024-03-25---2024-05-27_duration_49_days_cluster_354_A0_002117_A_002338_lat_04497_lon_00089_size_0436,INTE2430293A__20240330__20240331,INTE2430293A,2024-03-25,2024-05-27,2024-03-30,2024-03-31,2,0,0,0,2,5.0,57.0,62.0,62,2,2024-03-25,2024-05-27,3290,69,69,2024-03-30,2024-03-31,4,2,0.028985507246376812,1.0,16,False
WD_MERGE_2024-03-25---2024-05-27_duration_49_days_cluster_354_A0_002117_A_002338_lat_04497_lon_00089_size_0436,IOME2415880A__20240501__20240502,IOME2415880A,2024-03-25,2024-05-27,2024-05-01,2024-05-02,2,0,0,0,2,37.0,25.0,62.0,62,2,2024-03-25,2024-05-27,3290,69,69,2024-05-01,2024-05-02,5,2,0.028985507246376812,1.0,17,False
WD_MERGE_2024-03-25---2024-05-27_duration_49_days_cluster_354_A0_002117_A_002338_lat_04497_lon_00089_size_0436,INTE2424582A__20240504__20240504,INTE2424582A,2024-03-25,2024-05-27,2024-05-04,2024-05-04,2,0,0,0,2,40.0,23.0,63.0,63,1,2024-03-25,2024-05-27,3290,69,69,2024-05-04,2024-05-04,2,2,0.028985507246376812,1.0,18,False
WD_MERGE_2024-03-25---2024-05-27_duration_49_days_cluster_354_A0_002117_A_002338_lat_04497_lon_00089_size_0436,INTE2424582A__20240517__20240517,INTE2424582A,2024-03-25,2024-05-27,2024-05-17,2024-05-17,2,0,0,0,2,53.0,10.0,63.0,63,1,2024-03-25,2024-05-27,3290,69,69,2024-05-17,2024-05-17,3,2,0.028985507246376812,1.0,19,False
WD_MERGE_2024-03-25---2024-05-27_duration_49_days_cluster_354_A0_002117_A_002338_lat_04497_lon_00089_size_0436,INTE2424582A__20240518__20240518,INTE2424582A,2024-03-25,2024-05-27,2024-05-18,2024-05-18,2,0,0,0,2,54.0,9.0,63.0,63,1,2024-03-25,2024-05-27,3290,69,69,2024-05-18,2024-05-18,2,2,0.028985507246376812,1.0,20,False
WD_MERGE_2024-03-25---2024-05-27_duration_49_days_cluster_354_A0_002117_A_002338_lat_04497_lon_00089_size_0436,INTE2433751A__20240511__20240511,INTE2433751A,2024-03-25,2024-05-27,2024-05-11,2024-05-11,2,0,0,0,2,47.0,16.0,63.0,63,1,2024-03-25,2024-05-27,3290,69,69,2024-05-11,2024-05-11,2,2,0.028985507246376812,1.0,21,False
WD_MERGE_2024-03-25---2024-05-27_duration_49_days_cluster_354_A0_002117_A_002338_lat_04497_lon_00089_size_0436,IOME2415152A__20240521__20240521,IOME2415152A,2024-03-25,2024-05-27,2024-05-21,2024-05-21,2,0,0,0,2,57.0,6.0,63.0,63,1,2024-03-25,2024-05-27,3290,69,69,2024-05-21,2024-05-21,2,2,0.028985507246376812,1.0,22,False
WD_MERGE_2024-03-25---2024-05-27_duration_49_days_cluster_354_A0_002117_A_002338_lat_04497_lon_00089_size_0436,IOME2415880A__20240523__20240523,IOME2415880A,2024-03-25,2024-05-27,2024-05-23,2024-05-23,2,0,0,0,2,59.0,4.0,63.0,63,1,2024-03-25,2024-05-27,3290,69,69,2024-05-23,2024-05-23,4,2,0.028985507246376812,1.0,23,False
WD_MERGE_2024-03-25---2024-05-27_duration_49_days_cluster_354_A0_002117_A_002338_lat_04497_lon_00089_size_0436,IOME2420215A__20240501__20240501,IOME2420215A,2024-03-25,2024-05-27,2024-05-01,2024-05-01,2,0,0,0,2,37.0,26.0,63.0,63,1,2024-03-25,2024-05-27,3290,69,69,2024-05-01,2024-05-01,3,2,0.028985507246376812,1.0,24,False
WD_MERGE_2024-03-25---2024-05-27_duration_49_days_cluster_354_A0_002117_A_002338_lat_04497_lon_00089_size_0436,IOME2421328A__20240523__20240523,IOME2421328A,2024-03-25,2024-05-27,2024-05-23,2024-05-23,2,0,0,0,2,59.0,4.0,63.0,63,1,2024-03-25,2024-05-27,3290,69,69,2024-05-23,2024-05-23,2,2,0.028985507246376812,1.0,25,False
WD_MERGE_2024-03-25---2024-05-27_duration_49_days_cluster_354_A0_002117_A_002338_lat_04497_lon_00089_size_0436,IOME2420215A__20240601__20240601,IOME2420215A,2024-03-25,2024-05-27,2024-06-01,2024-06-01,2,0,0,0,2,68.0,5.0,73.0,73,0,2024-03-25,2024-05-27,3290,69,69,2024-06-01,2024-06-01,13,2,0.028985507246376812,1.0,26,False
WD_MERGE_2024-03-25---2024-05-27_duration_49_days_cluster_354_A0_002117_A_002338_lat_04497_lon_00089_size_0436,IOME2420215A__20240601__20240602,IOME2420215A,2024-03-25,2024-05-27,2024-06-01,2024-06-02,2,0,0,0,2,68.0,6.0,74.0,74,0,2024-03-25,2024-05-27,3290,69,69,2024-06-01,2024-06-02,2,2,0.028985507246376812,1.0,27,False
WD_MERGE_2024-03-25---2024-05-27_duration_49_days_cluster_354_A0_002117_A_002338_lat_04497_lon_00089_size_0436,IOME2415152A__20240512__20240512,IOME2415152A,2024-03-25,2024-05-27,2024-05-12,2024-05-12,2,0,0,0,2,48.0,15.0,63.0,63,1,2024-03-25,2024-05-27,3290,69,69,2024-05-12,2024-05-12,29,4,0.028985507246376812,0.5,28,False
WD_MERGE_2024-03-25---2024-05-27_duration_49_days_cluster_354_A0_002117_A_002338_lat_04497_lon_00089_size_0436,IOME2420215A__20240520__20240520,IOME2420215A,2024-03-25,2024-05-27,2024-05-20,2024-05-20,2,0,0,0,2,56.0,7.0,63.0,63,1,2024-03-25,2024-05-27,3290,69,69,2024-05-20,2024-05-20,4,4,0.028985507246376812,0.5,29,False
WD_MERGE_2024-03-25---2024-05-27_duration_49_days_cluster_354_A0_002117_A_002338_lat_04497_lon_00089_size_0436,IOME2420215A__20240523__20240523,IOME2420215A,2024-03-25,2024-05-27,2024-05-23,2024-05-23,2,0,0,0,2,59.0,4.0,63.0,63,1,2024-03-25,2024-05-27,3290,69,69,2024-05-23,2024-05-23,7,4,0.028985507246376812,0.5,30,False
WD_MERGE_2018-01-15---2018-02-05_duration_21_days_cluster_356_A0_001736_A_002252_lat_04804_lon_00395_size_0168,INTE1835008A__20180115__20180205,INTE1835008A,2018-01-15,2018-02-05,2018-01-15,2018-02-05,1,1,1,0,1,0.0,0.0,0.0,0,22,2018-01-15,2018-02-05,3690,60,60,2018-01-15,2018-02-05,1,1,0.016666666666666666,1.0,14,False
WD_MERGE_2017-08-28---2017-09-04_duration_7_days_cluster_209_A0_000001_A_000001_lat_04469_lon_-0071_size_0006,INTE1727357A__20170827__20170827,INTE1727357A,2017-08-28,2017-09-04,2017-08-27,2017-08-27,1,0,0,0,1,1.0,8.0,9.0,9,0,2017-08-28,2017-09-04,7,1,1,2017-08-27,2017-08-27,1,1,1.0,1.0,1,True
WD_MERGE_2015-04-27---2015-06-08_duration_35_days_cluster_091_A0_000792_A_000893_lat_03855_lon_-0501_size_0313,INTE1523044A__20150611__20150613,INTE1523044A,2015-04-27,2015-06-08,2015-06-11,2015-06-13,1,0,0,0,1,45.0,5.0,50.0,50,0,2015-04-27,2015-06-08,4,1,1,2015-06-11,2015-06-13,1,1,1.0,1.0,1,True
WD_MERGE_2024-01-01---2024-04-01_duration_91_days_cluster_332_A0_000692_A_000753_lat_05333_lon_-0217_size_0189,INTE2501371A__20240114__20240214,INTE2501371A,2024-01-01,2024-04-01,2024-01-14,2024-02-14,1,0,0,0,1,13.0,47.0,60.0,60,32,2024-01-01,2024-04-01,7,1,1,2024-01-14,2024-02-14,1,1,1.0,1.0,1,True
WD_MERGE_2024-01-01---2024-04-01_duration_91_days_cluster_332_A0_000692_A_000753_lat_05333_lon_-0217_size_0189,INTE2517855A__20240227__20240307,INTE2517855A,2024-01-01,2024-04-01,2024-02-27,2024-03-07,1,0,0,0,1,57.0,25.0,82.0,82,10,2024-01-01,2024-04-01,7,1,1,2024-02-27,2024-03-07,1,1,1.0,1.0,2,False
WD_MERGE_2024-01-01---2024-04-01_duration_91_days_cluster_332_A0_000692_A_000753_lat_05333_lon_-0217_size_0189,IOME2411920A__20231227__20240115,IOME2411920A,2024-01-01,2024-04-01,2023-12-27,2024-01-15,1,0,0,0,1,5.0,77.0,82.0,82,15,2024-01-01,2024-04-01,7,1,1,2023-12-27,2024-01-15,1,1,1.0,1.0,3,False
WD_MERGE_2024-01-01---2024-04-01_duration_91_days_cluster_332_A0_000692_A_000753_lat_05333_lon_-0217_size_0189,IOME2403657A__20231227__20240111,IOME2403657A,2024-01-01,2024-04-01,2023-12-27,2024-01-11,1,0,0,0,1,5.0,81.0,86.0,86,11,2024-01-01,2024-04-01,7,1,1,2023-12-27,2024-01-11,1,1,1.0,1.0,4,False
WD_MERGE_2024-01-01---2024-04-01_duration_91_days_cluster_332_A0_000692_A_000753_lat_05333_lon_-0217_size_0189,IOME2407004A__20231227__20240111,IOME2407004A,2024-01-01,2024-04-01,2023-12-27,2024-01-11,1,0,0,0,1,5.0,81.0,86.0,86,11,2024-01-01,2024-04-01,7,1,1,2023-12-27,2024-01-11,4,1,1.0,1.0,5,False
WD_MERGE_2024-01-01---2024-04-01_duration_91_days_cluster_332_A0_000692_A_000753_lat_05333_lon_-0217_size_0189,IOME2410378A__20231227__20240111,IOME2410378A,2024-01-01,2024-04-01,2023-12-27,2024-01-11,1,0,0,0,1,5.0,81.0,86.0,86,11,2024-01-01,2024-04-01,7,1,1,2023-12-27,2024-01-11,2,1,1.0,1.0,6,False
WD_MERGE_2024-01-01---2024-04-01_duration_91_days_cluster_332_A0_000692_A_000753_lat_05333_lon_-0217_size_0189,IOME2410378A__20240226__20240301,IOME2410378A,2024-01-01,2024-04-01,2024-02-26,2024-03-01,1,0,0,0,1,56.0,31.0,87.0,87,5,2024-01-01,2024-04-01,7,1,1,2024-02-26,2024-03-01,1,1,1.0,1.0,7,False
WD_MERGE_2024-01-01---2024-04-01_duration_91_days_cluster_332_A0_000692_A_000753_lat_05333_lon_-0217_size_0189,IOME2413412A__20240226__20240228,IOME2413412A,2024-01-01,2024-04-01,2024-02-26,2024-02-28,1,0,0,0,1,56.0,33.0,89.0,89,3,2024-01-01,2024-04-01,7,1,1,2024-02-26,2024-02-28,1,1,1.0,1.0,8,False
WD_MERGE_2024-01-01---2024-04-01_duration_91_days_cluster_332_A0_000692_A_000753_lat_05333_lon_-0217_size_0189,IOME2407004A__20231221__20240111,IOME2407004A,2024-01-01,2024-04-01,2023-12-21,2024-01-11,1,0,0,0,1,11.0,81.0,92.0,92,11,2024-01-01,2024-04-01,7,1,1,2023-12-21,2024-01-11,1,1,1.0,1.0,9,False
WD_MERGE_2024-01-01---2024-04-01_duration_91_days_cluster_332_A0_000692_A_000753_lat_05333_lon_-0217_size_0189,INTE2430293A__20240408__20240408,INTE2430293A,2024-01-01,2024-04-01,2024-04-08,2024-04-08,1,0,0,0,1,98.0,7.0,105.0,105,0,2024-01-01,2024-04-01,7,1,1,2024-04-08,2024-04-08,1,1,1.0,1.0,10,False
WD_MERGE_2024-01-01---2024-04-01_duration_91_days_cluster_332_A0_000692_A_000753_lat_05333_lon_-0217_size_0189,INTE2511307A__20231031__20240114,INTE2511307A,2024-01-01,2024-04-01,2023-10-31,2024-01-14,1,0,0,0,1,62.0,78.0,140.0,140,14,2024-01-01,2024-04-01,7,1,1,2023-10-31,2024-01-14,1,1,1.0,1.0,11,False
WD_MERGE_2016-05-23---2016-05-30_duration_7_days_cluster_107_A0_000001_A_000001_lat_04838_lon_-0485_size_0004,INTE1625246A__20160526__20160526,INTE1625246A,2016-05-23,2016-05-30,2016-05-26,2016-05-26,1,0,1,1,1,3.0,4.0,7.0,7,1,2016-05-23,2016-05-30,4,1,1,2016-05-26,2016-05-26,3,2,1.0,0.5,1,True
WD_MERGE_2018-07-02---2018-07-23_duration_21_days_cluster_130_A0_000031_A_000040_lat_05104_lon_-0076_size_0057,INTE1824833A__20180701__20180702,INTE1824833A,2018-07-02,2018-07-23,2018-07-01,2018-07-02,1,0,0,0,1,1.0,21.0,22.0,22,1,2018-07-02,2018-07-23,4,1,1,2018-07-01,2018-07-02,3,2,1.0,0.5,1,True
WD_MERGE_2024-01-01---2024-04-01_duration_91_days_cluster_332_A0_000692_A_000753_lat_05333_lon_-0217_size_0189,IOME2400974A__20231227__20240111,IOME2400974A,2024-01-01,2024-04-01,2023-12-27,2024-01-11,1,0,0,0,1,5.0,81.0,86.0,86,11,2024-01-01,2024-04-01,7,1,1,2023-12-27,2024-01-11,165,2,1.0,0.5,12,False
WD_MERGE_2024-01-01---2024-04-01_duration_91_days_cluster_332_A0_000692_A_000753_lat_05333_lon_-0217_size_0189,IOME2402725A__20231227__20240111,IOME2402725A,2024-01-01,2024-04-01,2023-12-27,2024-01-11,1,0,0,0,1,5.0,81.0,86.0,86,11,2024-01-01,2024-04-01,7,1,1,2023-12-27,2024-01-11,5,2,1.0,0.5,13,False
WD_MERGE_2024-01-01---2024-04-01_duration_91_days_cluster_332_A0_000692_A_000753_lat_05333_lon_-0217_size_0189,IOME2410378A__20240226__20240227,IOME2410378A,2024-01-01,2024-04-01,2024-02-26,2024-02-27,1,0,0,0,1,56.0,34.0,90.0,90,2,2024-01-01,2024-04-01,7,1,1,2024-02-26,2024-02-27,3,2,1.0,0.5,14,False
WD_MERGE_2024-01-01---2024-04-01_duration_91_days_cluster_332_A0_000692_A_000753_lat_05333_lon_-0217_size_0189,IOME2410378A__20240226__20240226,IOME2410378A,2024-01-01,2024-04-01,2024-02-26,2024-02-26,1,0,0,0,1,56.0,35.0,91.0,91,1,2024-01-01,2024-04-01,7,1,1,2024-02-26,2024-02-26,3,2,1.0,0.5,15,False
WD_MERGE_2024-01-01---2024-04-01_duration_91_days_cluster_332_A0_000692_A_000753_lat_05333_lon_-0217_size_0189,IOME2407004A__20231101__20240115,IOME2407004A,2024-01-01,2024-04-01,2023-11-01,2024-01-15,1,0,0,0,1,61.0,77.0,138.0,138,15,2024-01-01,2024-04-01,7,1,1,2023-11-01,2024-01-15,79,2,1.0,0.5,16,False
WD_MERGE_2024-01-01---2024-04-01_duration_91_days_cluster_332_A0_000692_A_000753_lat_05333_lon_-0217_size_0189,INTE2427051A__20231031__20240114,INTE2427051A,2024-01-01,2024-04-01,2023-10-31,2024-01-14,1,0,0,0,1,62.0,78.0,140.0,140,14,2024-01-01,2024-04-01,7,1,1,2023-10-31,2024-01-14,8,2,1.0,0.5,17,False
WD_MERGE_2022-08-29---2022-09-05_duration_7_days_cluster_207_A0_000002_A_000002_lat_04881_lon_-0354_size_0001,IOME2229183A__20220902__20220902,IOME2229183A,2022-08-29,2022-09-05,2022-09-02,2022-09-02,1,0,1,1,1,4.0,3.0,7.0,7,1,2022-08-29,2022-09-05,8,1,1,2022-09-02,2022-09-02,6,5,1.0,0.2,1,True
WD_MERGE_2018-07-02---2018-07-23_duration_21_days_cluster_130_A0_000031_A_000040_lat_05104_lon_-0076_size_0057,INTE1824833A__20180701__20180701,INTE1824833A,2018-07-02,2018-07-23,2018-07-01,2018-07-01,1,0,0,0,1,1.0,22.0,23.0,23,0,2018-07-02,2018-07-23,4,1,1,2018-07-01,2018-07-01,9,7,1.0,0.14285714285714285,2,False
WD_MERGE_2018-06-11---2018-06-18_duration_7_days_cluster_108_A0_000040_A_000058_lat_04315_lon_-0110_size_0066,INTE1831446A__20180612__20180617,INTE1831446A,2018-06-11,2018-06-18,2018-06-12,2018-06-17,1,0,1,1,1,1.0,1.0,2.0,2,6,2018-06-11,2018-06-18,71,2,2,2018-06-12,2018-06-17,1,1,0.5,1.0,7,False
WD_MERGE_2018-06-11---2018-06-18_duration_7_days_cluster_108_A0_000040_A_000058_lat_04315_lon_-0110_size_0066,INTE1818802A__20180612__20180616,INTE1818802A,2018-06-11,2018-06-18,2018-06-12,2018-06-16,1,0,1,1,1,1.0,2.0,3.0,3,5,2018-06-11,2018-06-18,71,2,2,2018-06-12,2018-06-16,1,1,0.5,1.0,8,False
WD_MERGE_2018-06-11---2018-06-18_duration_7_days_cluster_108_A0_000040_A_000058_lat_04315_lon_-0110_size_0066,INTE1824833A__20180613__20180617,INTE1824833A,2018-06-11,2018-06-18,2018-06-13,2018-06-17,1,0,1,1,1,2.0,1.0,3.0,3,5,2018-06-11,2018-06-18,71,2,2,2018-06-13,2018-06-17,1,1,0.5,1.0,9,False
WD_MERGE_2018-06-11---2018-06-18_duration_7_days_cluster_108_A0_000040_A_000058_lat_04315_lon_-0110_size_0066,INTE1824833A__20180612__20180615,INTE1824833A,2018-06-11,2018-06-18,2018-06-12,2018-06-15,1,0,1,1,1,1.0,3.0,4.0,4,4,2018-06-11,2018-06-18,71,2,2,2018-06-12,2018-06-15,1,1,0.5,1.0,10,False
WD_MERGE_2018-06-11---2018-06-18_duration_7_days_cluster_108_A0_000040_A_000058_lat_04315_lon_-0110_size_0066,INTE1818802A__20180612__20180614,INTE1818802A,2018-06-11,2018-06-18,2018-06-12,2018-06-14,1,0,1,1,1,1.0,4.0,5.0,5,3,2018-06-11,2018-06-18,71,2,2,2018-06-12,2018-06-14,1,1,0.5,1.0,11,False
WD_MERGE_2018-06-11---2018-06-18_duration_7_days_cluster_108_A0_000040_A_000058_lat_04315_lon_-0110_size_0066,INTE1824833A__20180613__20180615,INTE1824833A,2018-06-11,2018-06-18,2018-06-13,2018-06-15,1,0,1,1,1,2.0,3.0,5.0,5,3,2018-06-11,2018-06-18,71,2,2,2018-06-13,2018-06-15,1,1,0.5,1.0,12,False
WD_MERGE_2018-06-11---2018-06-18_duration_7_days_cluster_108_A0_000040_A_000058_lat_04315_lon_-0110_size_0066,INTE1914145A__20180612__20180614,INTE1914145A,2018-06-11,2018-06-18,2018-06-12,2018-06-14,1,0,1,1,1,1.0,4.0,5.0,5,3,2018-06-11,2018-06-18,71,2,2,2018-06-12,2018-06-14,1,1,0.5,1.0,13,False
WD_MERGE_2018-06-11---2018-06-18_duration_7_days_cluster_108_A0_000040_A_000058_lat_04315_lon_-0110_size_0066,INTE1817087A__20180612__20180613,INTE1817087A,2018-06-11,2018-06-18,2018-06-12,2018-06-13,1,0,1,1,1,1.0,5.0,6.0,6,2,2018-06-11,2018-06-18,71,2,2,2018-06-12,2018-06-13,2,1,0.5,1.0,14,False
WD_MERGE_2018-06-11---2018-06-18_duration_7_days_cluster_108_A0_000040_A_000058_lat_04315_lon_-0110_size_0066,INTE1828404A__20180612__20180613,INTE1828404A,2018-06-11,2018-06-18,2018-06-12,2018-06-13,1,0,1,1,1,1.0,5.0,6.0,6,2,2018-06-11,2018-06-18,71,2,2,2018-06-12,2018-06-13,6,1,0.5,1.0,15,False
WD_MERGE_2017-05-22---2017-05-29_duration_7_days_cluster_115_A0_000008_A_000010_lat_04860_lon_-0387_size_0033,INTE1726132A__20170528__20170528,INTE1726132A,2017-05-22,2017-05-29,2017-05-28,2017-05-28,1,0,1,1,1,6.0,1.0,7.0,7,1,2017-05-22,2017-05-29,51,2,2,2017-05-28,2017-05-28,1,1,0.5,1.0,1,True
WD_MERGE_2018-05-28---2018-06-04_duration_7_days_cluster_093_A0_000004_A_000005_lat_04870_lon_-0387_size_0025,INTE1817087A__20180529__20180529,INTE1817087A,2018-05-28,2018-06-04,2018-05-29,2018-05-29,1,0,1,1,1,1.0,6.0,7.0,7,1,2018-05-28,2018-06-04,11,2,2,2018-05-29,2018-05-29,1,1,0.5,1.0,2,False
WD_MERGE_2018-05-28---2018-06-04_duration_7_days_cluster_093_A0_000004_A_000005_lat_04870_lon_-0387_size_0025,INTE1817087A__20180603__20180603,INTE1817087A,2018-05-28,2018-06-04,2018-06-03,2018-06-03,1,0,1,1,1,6.0,1.0,7.0,7,1,2018-05-28,2018-06-04,11,2,2,2018-06-03,2018-06-03,4,1,0.5,1.0,3,False
WD_MERGE_2018-06-11---2018-06-18_duration_7_days_cluster_108_A0_000040_A_000058_lat_04315_lon_-0110_size_0066,INTE1818802A__20180613__20180613,INTE1818802A,2018-06-11,2018-06-18,2018-06-13,2018-06-13,1,0,1,1,1,2.0,5.0,7.0,7,1,2018-06-11,2018-06-18,71,2,2,2018-06-13,2018-06-13,10,1,0.5,1.0,16,False
WD_MERGE_2020-05-04---2020-05-11_duration_7_days_cluster_108_A0_000022_A_000030_lat_05090_lon_-0403_size_0096,INTE2014521A__20200509__20200509,INTE2014521A,2020-05-04,2020-05-11,2020-05-09,2020-05-09,1,0,1,1,1,5.0,2.0,7.0,7,1,2020-05-04,2020-05-11,25,2,2,2020-05-09,2020-05-09,5,1,0.5,1.0,1,True
WD_MERGE_2020-05-04---2020-05-11_duration_7_days_cluster_108_A0_000022_A_000030_lat_05090_lon_-0403_size_0096,INTE2031566A__20200509__20200509,INTE2031566A,2020-05-04,2020-05-11,2020-05-09,2020-05-09,1,0,1,1,1,5.0,2.0,7.0,7,1,2020-05-04,2020-05-11,25,2,2,2020-05-09,2020-05-09,1,1,0.5,1.0,2,False
WD_MERGE_2021-01-04---2021-01-11_duration_7_days_cluster_008_A0_000021_A_000027_lat_04372_lon_-0112_size_0010,INTE2104714A__20201231__20210105,INTE2104714A,2021-01-04,2021-01-11,2020-12-31,2021-01-05,1,0,1,0,1,4.0,6.0,10.0,10,2,2021-01-04,2021-01-11,51,2,2,2020-12-31,2021-01-05,1,1,0.5,1.0,1,True
WD_MERGE_2021-01-04---2021-01-11_duration_7_days_cluster_008_A0_000021_A_000027_lat_04372_lon_-0112_size_0010,INTE2105706A__20201231__20210105,INTE2105706A,2021-01-04,2021-01-11,2020-12-31,2021-01-05,1,0,1,0,1,4.0,6.0,10.0,10,2,2021-01-04,2021-01-11,51,2,2,2020-12-31,2021-01-05,1,1,0.5,1.0,2,False
WD_MERGE_2021-01-04---2021-01-11_duration_7_days_cluster_008_A0_000021_A_000027_lat_04372_lon_-0112_size_0010,INTE2104714A__20210101__20210103,INTE2104714A,2021-01-04,2021-01-11,2021-01-01,2021-01-03,1,0,0,0,1,3.0,8.0,11.0,11,0,2021-01-04,2021-01-11,51,2,2,2021-01-01,2021-01-03,1,1,0.5,1.0,3,False
WD_MERGE_2021-01-04---2021-01-11_duration_7_days_cluster_008_A0_000021_A_000027_lat_04372_lon_-0112_size_0010,INTE2104714A__20201230__20210104,INTE2104714A,2021-01-04,2021-01-11,2020-12-30,2021-01-04,1,0,1,0,1,5.0,7.0,12.0,12,1,2021-01-04,2021-01-11,51,2,2,2020-12-30,2021-01-04,1,1,0.5,1.0,4,False
WD_MERGE_2021-01-04---2021-01-11_duration_7_days_cluster_008_A0_000021_A_000027_lat_04372_lon_-0112_size_0010,INTE2105706A__20201228__20210106,INTE2105706A,2021-01-04,2021-01-11,2020-12-28,2021-01-06,1,0,1,0,1,7.0,5.0,12.0,12,3,2021-01-04,2021-01-11,51,2,2,2020-12-28,2021-01-06,1,1,0.5,1.0,5,False
WD_MERGE_2021-01-04---2021-01-11_duration_7_days_cluster_008_A0_000021_A_000027_lat_04372_lon_-0112_size_0010,INTE2105706A__20201230__20210104,INTE2105706A,2021-01-04,2021-01-11,2020-12-30,2021-01-04,1,0,1,0,1,5.0,7.0,12.0,12,1,2021-01-04,2021-01-11,51,2,2,2020-12-30,2021-01-04,1,1,0.5,1.0,6,False
WD_MERGE_2021-01-04---2021-01-11_duration_7_days_cluster_008_A0_000021_A_000027_lat_04372_lon_-0112_size_0010,INTE2107265A__20201228__20210116,INTE2107265A,2021-01-04,2021-01-11,2020-12-28,2021-01-16,1,0,1,0,1,7.0,5.0,12.0,12,8,2021-01-04,2021-01-11,51,2,2,2020-12-28,2021-01-16,1,1,0.5,1.0,7,False
WD_MERGE_2021-01-04---2021-01-11_duration_7_days_cluster_008_A0_000021_A_000027_lat_04372_lon_-0112_size_0010,INTE2112076A__20201230__20210104,INTE2112076A,2021-01-04,2021-01-11,2020-12-30,2021-01-04,1,0,1,0,1,5.0,7.0,12.0,12,1,2021-01-04,2021-01-11,51,2,2,2020-12-30,2021-01-04,1,1,0.5,1.0,8,False
WD_MERGE_2018-10-29---2018-11-12_duration_14_days_cluster_271_A0_000043_A_000064_lat_04503_lon_00990_size_0026,INTE1835008A__20181031__20181101,INTE1835008A,2018-10-29,2018-11-12,2018-10-31,2018-11-01,1,0,0,0,1,2.0,11.0,13.0,13,2,2018-10-29,2018-11-12,3,2,2,2018-10-31,2018-11-01,3,1,0.5,1.0,1,True
WD_MERGE_2018-10-29---2018-11-12_duration_14_days_cluster_271_A0_000043_A_000064_lat_04503_lon_00990_size_0026,INTE1905473A__20181031__20181101,INTE1905473A,2018-10-29,2018-11-12,2018-10-31,2018-11-01,1,0,0,0,1,2.0,11.0,13.0,13,2,2018-10-29,2018-11-12,3,2,2,2018-10-31,2018-11-01,1,1,0.5,1.0,2,False
WD_MERGE_2018-10-29---2018-11-12_duration_14_days_cluster_271_A0_000043_A_000064_lat_04503_lon_00990_size_0026,INTE1910693A__20181029__20181030,INTE1910693A,2018-10-29,2018-11-12,2018-10-29,2018-10-30,1,0,0,0,1,0.0,13.0,13.0,13,2,2018-10-29,2018-11-12,3,2,2,2018-10-29,2018-10-30,4,1,0.5,1.0,3,False
WD_MERGE_2021-01-04---2021-01-11_duration_7_days_cluster_008_A0_000021_A_000027_lat_04372_lon_-0112_size_0010,INTE2105706A__20201230__20210103,INTE2105706A,2021-01-04,2021-01-11,2020-12-30,2021-01-03,1,0,0,0,1,5.0,8.0,13.0,13,0,2021-01-04,2021-01-11,51,2,2,2020-12-30,2021-01-03,1,1,0.5,1.0,9,False
WD_MERGE_2018-10-29---2018-11-12_duration_14_days_cluster_271_A0_000043_A_000064_lat_04503_lon_00990_size_0026,INTE1835008A__20181031__20181031,INTE1835008A,2018-10-29,2018-11-12,2018-10-31,2018-10-31,1,0,0,0,1,2.0,12.0,14.0,14,1,2018-10-29,2018-11-12,3,2,2,2018-10-31,2018-10-31,1,1,0.5,1.0,4,False
WD_MERGE_2018-10-29---2018-11-12_duration_14_days_cluster_271_A0_000043_A_000064_lat_04503_lon_00990_size_0026,INTE1905473A__20181029__20181029,INTE1905473A,2018-10-29,2018-11-12,2018-10-29,2018-10-29,1,0,0,0,1,0.0,14.0,14.0,14,1,2018-10-29,2018-11-12,3,2,2,2018-10-29,2018-10-29,2,1,0.5,1.0,5,False
WD_MERGE_2018-10-29---2018-11-12_duration_14_days_cluster_271_A0_000043_A_000064_lat_04503_lon_00990_size_0026,INTE1917050A__20181029__20181029,INTE1917050A,2018-10-29,2018-11-12,2018-10-29,2018-10-29,1,0,0,0,1,0.0,14.0,14.0,14,1,2018-10-29,2018-11-12,3,2,2,2018-10-29,2018-10-29,1,1,0.5,1.0,6,False
WD_MERGE_2021-01-04---2021-01-11_duration_7_days_cluster_008_A0_000021_A_000027_lat_04372_lon_-0112_size_0010,INTE2104714A__20201231__20210101,INTE2104714A,2021-01-04,2021-01-11,2020-12-31,2021-01-01,1,0,0,0,1,4.0,10.0,14.0,14,0,2021-01-04,2021-01-11,51,2,2,2020-12-31,2021-01-01,1,1,0.5,1.0,10,False
WD_MERGE_2021-01-04---2021-01-11_duration_7_days_cluster_008_A0_000021_A_000027_lat_04372_lon_-0112_size_0010,INTE2104714A__20201229__20210102,INTE2104714A,2021-01-04,2021-01-11,2020-12-29,2021-01-02,1,0,0,0,1,6.0,9.0,15.0,15,0,2021-01-04,2021-01-11,51,2,2,2020-12-29,2021-01-02,1,1,0.5,1.0,11,False
WD_MERGE_2021-01-04---2021-01-11_duration_7_days_cluster_008_A0_000021_A_000027_lat_04372_lon_-0112_size_0010,INTE2105706A__20201227__20210104,INTE2105706A,2021-01-04,2021-01-11,2020-12-27,2021-01-04,1,0,0,0,1,8.0,7.0,15.0,15,1,2021-01-04,2021-01-11,51,2,2,2020-12-27,2021-01-04,1,1,0.5,1.0,12,False
WD_MERGE_2021-01-04---2021-01-11_duration_7_days_cluster_008_A0_000021_A_000027_lat_04372_lon_-0112_size_0010,INTE2112076A__20201227__20210104,INTE2112076A,2021-01-04,2021-01-11,2020-12-27,2021-01-04,1,0,0,0,1,8.0,7.0,15.0,15,1,2021-01-04,2021-01-11,51,2,2,2020-12-27,2021-01-04,1,1,0.5,1.0,13,False
WD_MERGE_2021-01-04---2021-01-11_duration_7_days_cluster_008_A0_000021_A_000027_lat_04372_lon_-0112_size_0010,INTE2112076A__20201229__20210102,INTE2112076A,2021-01-04,2021-01-11,2020-12-29,2021-01-02,1,0,0,0,1,6.0,9.0,15.0,15,0,2021-01-04,2021-01-11,51,2,2,2020-12-29,2021-01-02,1,1,0.5,1.0,14,False
WD_MERGE_2018-05-28---2018-06-04_duration_7_days_cluster_093_A0_000004_A_000005_lat_04870_lon_-0387_size_0025,INTE1818802A__20180608__20180609,INTE1818802A,2018-05-28,2018-06-04,2018-06-08,2018-06-09,1,0,0,0,1,11.0,5.0,16.0,16,0,2018-05-28,2018-06-04,11,2,2,2018-06-08,2018-06-09,2,1,0.5,1.0,4,False
WD_MERGE_2021-01-04---2021-01-11_duration_7_days_cluster_008_A0_000021_A_000027_lat_04372_lon_-0112_size_0010,INTE2104714A__20201227__20210103,INTE2104714A,2021-01-04,2021-01-11,2020-12-27,2021-01-03,1,0,0,0,1,8.0,8.0,16.0,16,0,2021-01-04,2021-01-11,51,2,2,2020-12-27,2021-01-03,1,1,0.5,1.0,15,False
WD_MERGE_2021-01-04---2021-01-11_duration_7_days_cluster_008_A0_000021_A_000027_lat_04372_lon_-0112_size_0010,INTE2107265A__20201227__20210103,INTE2107265A,2021-01-04,2021-01-11,2020-12-27,2021-01-03,1,0,0,0,1,8.0,8.0,16.0,16,0,2021-01-04,2021-01-11,51,2,2,2020-12-27,2021-01-03,1,1,0.5,1.0,16,False
WD_MERGE_2021-01-04---2021-01-11_duration_7_days_cluster_008_A0_000021_A_000027_lat_04372_lon_-0112_size_0010,INTE2104714A__20201227__20210102,INTE2104714A,2021-01-04,2021-01-11,2020-12-27,2021-01-02,1,0,0,0,1,8.0,9.0,17.0,17,0,2021-01-04,2021-01-11,51,2,2,2020-12-27,2021-01-02,1,1,0.5,1.0,17,False
WD_MERGE_2021-01-04---2021-01-11_duration_7_days_cluster_008_A0_000021_A_000027_lat_04372_lon_-0112_size_0010,INTE2104714A__20201229__20201231,INTE2104714A,2021-01-04,2021-01-11,2020-12-29,2020-12-31,1,0,0,0,1,6.0,11.0,17.0,17,0,2021-01-04,2021-01-11,51,2,2,2020-12-29,2020-12-31,2,1,0.5,1.0,18,False
WD_MERGE_2021-01-04---2021-01-11_duration_7_days_cluster_008_A0_000021_A_000027_lat_04372_lon_-0112_size_0010,INTE2104714A__20201227__20210101,INTE2104714A,2021-01-04,2021-01-11,2020-12-27,2021-01-01,1,0,0,0,1,8.0,10.0,18.0,18,0,2021-01-04,2021-01-11,51,2,2,2020-12-27,2021-01-01,1,1,0.5,1.0,19,False
WD_MERGE_2021-01-04---2021-01-11_duration_7_days_cluster_008_A0_000021_A_000027_lat_04372_lon_-0112_size_0010,INTE2104714A__20201228__20201231,INTE2104714A,2021-01-04,2021-01-11,2020-12-28,2020-12-31,1,0,0,0,1,7.0,11.0,18.0,18,0,2021-01-04,2021-01-11,51,2,2,2020-12-28,2020-12-31,1,1,0.5,1.0,20,False
WD_MERGE_2021-01-04---2021-01-11_duration_7_days_cluster_008_A0_000021_A_000027_lat_04372_lon_-0112_size_0010,INTE2104714A__20201228__20201230,INTE2104714A,2021-01-04,2021-01-11,2020-12-28,2020-12-30,1,0,0,0,1,7.0,12.0,19.0,19,0,2021-01-04,2021-01-11,51,2,2,2020-12-28,2020-12-30,1,1,0.5,1.0,21,False
WD_MERGE_2021-01-04---2021-01-11_duration_7_days_cluster_008_A0_000021_A_000027_lat_04372_lon_-0112_size_0010,INTE2104714A__20201229__20201229,INTE2104714A,2021-01-04,2021-01-11,2020-12-29,2020-12-29,1,0,0,0,1,6.0,13.0,19.0,19,0,2021-01-04,2021-01-11,51,2,2,2020-12-29,2020-12-29,3,1,0.5,1.0,22,False
WD_MERGE_2021-01-04---2021-01-11_duration_7_days_cluster_008_A0_000021_A_000027_lat_04372_lon_-0112_size_0010,INTE2105706A__20201227__20201231,INTE2105706A,2021-01-04,2021-01-11,2020-12-27,2020-12-31,1,0,0,0,1,8.0,11.0,19.0,19,0,2021-01-04,2021-01-11,51,2,2,2020-12-27,2020-12-31,1,1,0.5,1.0,23,False
WD_MERGE_2021-01-04---2021-01-11_duration_7_days_cluster_008_A0_000021_A_000027_lat_04372_lon_-0112_size_0010,INTE2107265A__20201227__20201231,INTE2107265A,2021-01-04,2021-01-11,2020-12-27,2020-12-31,1,0,0,0,1,8.0,11.0,19.0,19,0,2021-01-04,2021-01-11,51,2,2,2020-12-27,2020-12-31,1,1,0.5,1.0,24,False
WD_MERGE_2024-10-07---2024-10-28_duration_21_days_cluster_225_A0_000049_A_000052_lat_04056_lon_-0050_size_0147,INTE2501371A__20241015__20241017,INTE2501371A,2024-10-07,2024-10-28,2024-10-15,2024-10-17,1,0,0,0,1,8.0,11.0,19.0,19,3,2024-10-07,2024-10-28,44,2,2,2024-10-15,2024-10-17,1,1,0.5,1.0,1,True
WD_MERGE_2024-10-07---2024-10-28_duration_21_days_cluster_225_A0_000049_A_000052_lat_04056_lon_-0050_size_0147,INTE2501371A__20241016__20241018,INTE2501371A,2024-10-07,2024-10-28,2024-10-16,2024-10-18,1,0,0,0,1,9.0,10.0,19.0,19,3,2024-10-07,2024-10-28,44,2,2,2024-10-16,2024-10-18,2,1,0.5,1.0,2,False
WD_MERGE_2021-01-04---2021-01-11_duration_7_days_cluster_008_A0_000021_A_000027_lat_04372_lon_-0112_size_0010,INTE2104714A__20201227__20201230,INTE2104714A,2021-01-04,2021-01-11,2020-12-27,2020-12-30,1,0,0,0,1,8.0,12.0,20.0,20,0,2021-01-04,2021-01-11,51,2,2,2020-12-27,2020-12-30,1,1,0.5,1.0,25,False
WD_MERGE_2021-01-04---2021-01-11_duration_7_days_cluster_008_A0_000021_A_000027_lat_04372_lon_-0112_size_0010,INTE2107265A__20201228__20201229,INTE2107265A,2021-01-04,2021-01-11,2020-12-28,2020-12-29,1,0,0,0,1,7.0,13.0,20.0,20,0,2021-01-04,2021-01-11,51,2,2,2020-12-28,2020-12-29,1,1,0.5,1.0,26,False
WD_MERGE_2021-01-04---2021-01-11_duration_7_days_cluster_008_A0_000021_A_000027_lat_04372_lon_-0112_size_0010,INTE2112076A__20201228__20201229,INTE2112076A,2021-01-04,2021-01-11,2020-12-28,2020-12-29,1,0,0,0,1,7.0,13.0,20.0,20,0,2021-01-04,2021-01-11,51,2,2,2020-12-28,2020-12-29,2,1,0.5,1.0,27,False
WD_MERGE_2024-10-07---2024-10-28_duration_21_days_cluster_225_A0_000049_A_000052_lat_04056_lon_-0050_size_0147,INTE2433751A__20241015__20241016,INTE2433751A,2024-10-07,2024-10-28,2024-10-15,2024-10-16,1,0,0,0,1,8.0,12.0,20.0,20,2,2024-10-07,2024-10-28,44,2,2,2024-10-15,2024-10-16,4,1,0.5,1.0,3,False
WD_MERGE_2024-10-07---2024-10-28_duration_21_days_cluster_225_A0_000049_A_000052_lat_04056_lon_-0050_size_0147,INTE2501371A__20241015__20241016,INTE2501371A,2024-10-07,2024-10-28,2024-10-15,2024-10-16,1,0,0,0,1,8.0,12.0,20.0,20,2,2024-10-07,2024-10-28,44,2,2,2024-10-15,2024-10-16,2,1,0.5,1.0,4,False
WD_MERGE_2021-01-04---2021-01-11_duration_7_days_cluster_008_A0_000021_A_000027_lat_04372_lon_-0112_size_0010,INTE2104714A__20201227__20201229,INTE2104714A,2021-01-04,2021-01-11,2020-12-27,2020-12-29,1,0,0,0,1,8.0,13.0,21.0,21,0,2021-01-04,2021-01-11,51,2,2,2020-12-27,2020-12-29,6,1,0.5,1.0,28,False
WD_MERGE_2021-01-04---2021-01-11_duration_7_days_cluster_008_A0_000021_A_000027_lat_04372_lon_-0112_size_0010,INTE2104714A__20201228__20201228,INTE2104714A,2021-01-04,2021-01-11,2020-12-28,2020-12-28,1,0,0,0,1,7.0,14.0,21.0,21,0,2021-01-04,2021-01-11,51,2,2,2020-12-28,2020-12-28,1,1,0.5,1.0,29,False
WD_MERGE_2021-01-04---2021-01-11_duration_7_days_cluster_008_A0_000021_A_000027_lat_04372_lon_-0112_size_0010,INTE2105706A__20201227__20201229,INTE2105706A,2021-01-04,2021-01-11,2020-12-27,2020-12-29,1,0,0,0,1,8.0,13.0,21.0,21,0,2021-01-04,2021-01-11,51,2,2,2020-12-27,2020-12-29,1,1,0.5,1.0,30,False
WD_MERGE_2021-01-04---2021-01-11_duration_7_days_cluster_008_A0_000021_A_000027_lat_04372_lon_-0112_size_0010,INTE2112076A__20201227__20201229,INTE2112076A,2021-01-04,2021-01-11,2020-12-27,2020-12-29,1,0,0,0,1,8.0,13.0,21.0,21,0,2021-01-04,2021-01-11,51,2,2,2020-12-27,2020-12-29,1,1,0.5,1.0,31,False
WD_MERGE_2024-10-07---2024-10-28_duration_21_days_cluster_225_A0_000049_A_000052_lat_04056_lon_-0050_size_0147,INTE2511307A__20241016__20241016,INTE2511307A,2024-10-07,2024-10-28,2024-10-16,2024-10-16,1,0,0,0,1,9.0,12.0,21.0,21,1,2024-10-07,2024-10-28,44,2,2,2024-10-16,2024-10-16,1,1,0.5,1.0,5,False
WD_MERGE_2021-10-18---2021-11-15_duration_21_days_cluster_269_A0_000215_A_000262_lat_05326_lon_-0331_size_0252,INTE2201262A__20211104__20211105,INTE2201262A,2021-10-18,2021-11-15,2021-11-04,2021-11-05,1,0,0,0,1,17.0,10.0,27.0,27,2,2021-10-18,2021-11-15,14,2,2,2021-11-04,2021-11-05,1,1,0.5,1.0,1,True
WD_MERGE_2023-10-16---2023-11-13_duration_28_days_cluster_284_A0_000141_A_000190_lat_04537_lon_01363_size_0211,INTE2517855A__20231112__20231113,INTE2517855A,2023-10-16,2023-11-13,2023-11-12,2023-11-13,1,0,0,0,1,27.0,0.0,27.0,27,2,2023-10-16,2023-11-13,5,2,2,2023-11-12,2023-11-13,1,1,0.5,1.0,1,True
WD_MERGE_2021-01-04---2021-01-11_duration_7_days_cluster_008_A0_000021_A_000027_lat_04372_lon_-0112_size_0010,INTE2201262A__20210101__20210228,INTE2201262A,2021-01-04,2021-01-11,2021-01-01,2021-02-28,1,0,0,0,1,3.0,48.0,51.0,51,8,2021-01-04,2021-01-11,51,2,2,2021-01-01,2021-02-28,3,1,0.5,1.0,32,False
WD_MERGE_2020-10-05---2020-11-23_duration_42_days_cluster_281_A0_000109_A_000141_lat_04046_lon_-0199_size_0217,INTE2034504A__20201002__20201004,INTE2034504A,2020-10-05,2020-11-23,2020-10-02,2020-10-04,1,0,0,0,1,3.0,50.0,53.0,53,0,2020-10-05,2020-11-23,71,2,2,2020-10-02,2020-10-04,1,1,0.5,1.0,1,True
WD_MERGE_2020-10-05---2020-11-23_duration_42_days_cluster_281_A0_000109_A_000141_lat_04046_lon_-0199_size_0217,INTE2034504A__20201003__20201003,INTE2034504A,2020-10-05,2020-11-23,2020-10-03,2020-10-03,1,0,0,0,1,2.0,51.0,53.0,53,0,2020-10-05,2020-11-23,71,2,2,2020-10-03,2020-10-03,2,1,0.5,1.0,2,False
WD_MERGE_2021-01-04---2021-01-11_duration_7_days_cluster_008_A0_000021_A_000027_lat_04372_lon_-0112_size_0010,INTE2201262A__20201201__20210131,INTE2201262A,2021-01-04,2021-01-11,2020-12-01,2021-01-31,1,0,0,0,1,34.0,20.0,54.0,54,8,2021-01-04,2021-01-11,51,2,2,2020-12-01,2021-01-31,14,1,0.5,1.0,33,False
WD_MERGE_2018-01-01---2018-03-05_duration_63_days_cluster_350_A0_000423_A_000524_lat_05321_lon_-0559_size_0201,INTE1831446A__20180103__20180105,INTE1831446A,2018-01-01,2018-03-05,2018-01-03,2018-01-05,1,0,0,0,1,2.0,59.0,61.0,61,3,2018-01-01,2018-03-05,8,2,2,2018-01-03,2018-01-05,1,1,0.5,1.0,1,True
WD_MERGE_2015-03-09---2015-03-23_duration_14_days_cluster_049_A0_000013_A_000015_lat_04378_lon_-0112_size_0017,INTE1701176A__20150304__20150525,INTE1701176A,2015-03-09,2015-03-23,2015-03-04,2015-05-25,1,0,0,0,1,5.0,63.0,68.0,68,15,2015-03-09,2015-03-23,30,2,2,2015-03-04,2015-05-25,1,1,0.5,1.0,1,True
WD_MERGE_2021-01-04---2021-01-11_duration_7_days_cluster_008_A0_000021_A_000027_lat_04372_lon_-0112_size_0010,INTE2201262A__20201201__20210228,INTE2201262A,2021-01-04,2021-01-11,2020-12-01,2021-02-28,1,0,0,0,1,34.0,48.0,82.0,82,8,2021-01-04,2021-01-11,51,2,2,2020-12-01,2021-02-28,12,1,0.5,1.0,34,False
WD_MERGE_2018-06-11---2018-06-18_duration_7_days_cluster_108_A0_000040_A_000058_lat_04315_lon_-0110_size_0066,INTE1820387A__20180613__20180615,INTE1820387A,2018-06-11,2018-06-18,2018-06-13,2018-06-15,1,0,1,1,1,2.0,3.0,5.0,5,3,2018-06-11,2018-06-18,71,2,2,2018-06-13,2018-06-15,3,2,0.5,0.5,17,False
WD_MERGE_2018-05-28---2018-06-04_duration_7_days_cluster_093_A0_000004_A_000005_lat_04870_lon_-0387_size_0025,INTE1818802A__20180603__20180604,INTE1818802A,2018-05-28,2018-06-04,2018-06-03,2018-06-04,1,0,1,1,1,6.0,0.0,6.0,6,2,2018-05-28,2018-06-04,11,2,2,2018-06-03,2018-06-04,2,2,0.5,0.5,5,False
WD_MERGE_2018-06-11---2018-06-18_duration_7_days_cluster_108_A0_000040_A_000058_lat_04315_lon_-0110_size_0066,INTE1826529A__20180612__20180613,INTE1826529A,2018-06-11,2018-06-18,2018-06-12,2018-06-13,1,0,1,1,1,1.0,5.0,6.0,6,2,2018-06-11,2018-06-18,71,2,2,2018-06-12,2018-06-13,7,2,0.5,0.5,18,False
WD_MERGE_2017-05-22---2017-05-29_duration_7_days_cluster_115_A0_000008_A_000010_lat_04860_lon_-0387_size_0033,INTE1731318A__20170528__20170528,INTE1731318A,2017-05-22,2017-05-29,2017-05-28,2017-05-28,1,0,1,1,1,6.0,1.0,7.0,7,1,2017-05-22,2017-05-29,51,2,2,2017-05-28,2017-05-28,3,2,0.5,0.5,2,False
WD_MERGE_2018-05-28---2018-06-04_duration_7_days_cluster_093_A0_000004_A_000005_lat_04870_lon_-0387_size_0025,INTE1818802A__20180603__20180603,INTE1818802A,2018-05-28,2018-06-04,2018-06-03,2018-06-03,1,0,1,1,1,6.0,1.0,7.0,7,1,2018-05-28,2018-06-04,11,2,2,2018-06-03,2018-06-03,4,2,0.5,0.5,6,False
WD_MERGE_2018-06-11---2018-06-18_duration_7_days_cluster_108_A0_000040_A_000058_lat_04315_lon_-0110_size_0066,INTE1824833A__20180613__20180613,INTE1824833A,2018-06-11,2018-06-18,2018-06-13,2018-06-13,1,0,1,1,1,2.0,5.0,7.0,7,1,2018-06-11,2018-06-18,71,2,2,2018-06-13,2018-06-13,2,2,0.5,0.5,19,False
WD_MERGE_2018-06-11---2018-06-18_duration_7_days_cluster_108_A0_000040_A_000058_lat_04315_lon_-0110_size_0066,INTE1824833A__20180614__20180614,INTE1824833A,2018-06-11,2018-06-18,2018-06-14,2018-06-14,1,0,1,1,1,3.0,4.0,7.0,7,1,2018-06-11,2018-06-18,71,2,2,2018-06-14,2018-06-14,2,2,0.5,0.5,20,False
WD_MERGE_2022-05-30---2022-06-06_duration_7_days_cluster_112_A0_000004_A_000004_lat_04877_lon_-0364_size_0007,IOME2221479A__20220603__20220603,IOME2221479A,2022-05-30,2022-06-06,2022-06-03,2022-06-03,1,0,1,1,1,4.0,3.0,7.0,7,1,2022-05-30,2022-06-06,18,2,2,2022-06-03,2022-06-03,8,2,0.5,0.5,1,True
WD_MERGE_2018-10-29---2018-11-12_duration_14_days_cluster_271_A0_000043_A_000064_lat_04503_lon_00990_size_0026,INTE1835008A__20181029__20181029,INTE1835008A,2018-10-29,2018-11-12,2018-10-29,2018-10-29,1,0,0,0,1,0.0,14.0,14.0,14,1,2018-10-29,2018-11-12,3,2,2,2018-10-29,2018-10-29,4,2,0.5,0.5,7,False
WD_MERGE_2018-05-28---2018-06-04_duration_7_days_cluster_093_A0_000004_A_000005_lat_04870_lon_-0387_size_0025,INTE1818802A__20180608__20180608,INTE1818802A,2018-05-28,2018-06-04,2018-06-08,2018-06-08,1,0,0,0,1,11.0,4.0,15.0,15,0,2018-05-28,2018-06-04,11,2,2,2018-06-08,2018-06-08,2,2,0.5,0.5,7,False
WD_MERGE_2023-10-16---2023-10-23_duration_7_days_cluster_283_A0_000003_A_000003_lat_04875_lon_-0367_size_0011,IOME2402725A__20231028__20231029,IOME2402725A,2023-10-16,2023-10-23,2023-10-28,2023-10-29,1,0,0,0,1,12.0,6.0,18.0,18,0,2023-10-16,2023-10-23,19,2,2,2023-10-28,2023-10-29,2,2,0.5,0.5,1,True
WD_MERGE_2023-10-16---2023-10-23_duration_7_days_cluster_283_A0_000003_A_000003_lat_04875_lon_-0367_size_0011,IOME2335302A__20231028__20231030,IOME2335302A,2023-10-16,2023-10-23,2023-10-28,2023-10-30,1,0,0,0,1,12.0,7.0,19.0,19,0,2023-10-16,2023-10-23,19,2,2,2023-10-28,2023-10-30,3,2,0.5,0.5,2,False
WD_MERGE_2021-01-04---2021-01-11_duration_7_days_cluster_008_A0_000021_A_000027_lat_04372_lon_-0112_size_0010,INTE2104714A__20201228__20201229,INTE2104714A,2021-01-04,2021-01-11,2020-12-28,2020-12-29,1,0,0,0,1,7.0,13.0,20.0,20,0,2021-01-04,2021-01-11,51,2,2,2020-12-28,2020-12-29,5,2,0.5,0.5,35,False
WD_MERGE_2021-01-04---2021-01-11_duration_7_days_cluster_008_A0_000021_A_000027_lat_04372_lon_-0112_size_0010,INTE2114774A__20201228__20201229,INTE2114774A,2021-01-04,2021-01-11,2020-12-28,2020-12-29,1,0,0,0,1,7.0,13.0,20.0,20,0,2021-01-04,2021-01-11,51,2,2,2020-12-28,2020-12-29,3,2,0.5,0.5,36,False
WD_MERGE_2023-10-16---2023-11-13_duration_28_days_cluster_284_A0_000141_A_000190_lat_04537_lon_01363_size_0211,IOME2403657A__20231112__20231115,IOME2403657A,2023-10-16,2023-11-13,2023-11-12,2023-11-15,1,0,0,0,1,27.0,2.0,29.0,29,2,2023-10-16,2023-11-13,5,2,2,2023-11-12,2023-11-15,2,2,0.5,0.5,2,False
WD_MERGE_2023-10-16---2023-11-13_duration_28_days_cluster_284_A0_000141_A_000190_lat_04537_lon_01363_size_0211,IOME2333648A__20231114__20231116,IOME2333648A,2023-10-16,2023-11-13,2023-11-14,2023-11-16,1,0,0,0,1,29.0,3.0,32.0,32,0,2023-10-16,2023-11-13,5,2,2,2023-11-14,2023-11-16,2,2,0.5,0.5,3,False
WD_MERGE_2017-05-22---2017-05-29_duration_7_days_cluster_115_A0_000008_A_000010_lat_04860_lon_-0387_size_0033,INTE1719705A__20170528__20170528,INTE1719705A,2017-05-22,2017-05-29,2017-05-28,2017-05-28,1,0,1,1,1,6.0,1.0,7.0,7,1,2017-05-22,2017-05-29,51,2,2,2017-05-28,2017-05-28,5,3,0.5,0.3333333333333333,3,False
WD_MERGE_2018-06-11---2018-06-18_duration_7_days_cluster_108_A0_000040_A_000058_lat_04315_lon_-0110_size_0066,INTE1826529A__20180613__20180613,INTE1826529A,2018-06-11,2018-06-18,2018-06-13,2018-06-13,1,0,1,1,1,2.0,5.0,7.0,7,1,2018-06-11,2018-06-18,71,2,2,2018-06-13,2018-06-13,3,3,0.5,0.3333333333333333,21,False
WD_MERGE_2018-06-11---2018-06-18_duration_7_days_cluster_108_A0_000040_A_000058_lat_04315_lon_-0110_size_0066,INTE1828404A__20180612__20180612,INTE1828404A,2018-06-11,2018-06-18,2018-06-12,2018-06-12,1,0,1,1,1,1.0,6.0,7.0,7,1,2018-06-11,2018-06-18,71,2,2,2018-06-12,2018-06-12,6,3,0.5,0.3333333333333333,22,False
WD_MERGE_2018-10-29---2018-11-12_duration_14_days_cluster_271_A0_000043_A_000064_lat_04503_lon_00990_size_0026,INTE1835008A__20181029__20181030,INTE1835008A,2018-10-29,2018-11-12,2018-10-29,2018-10-30,1,0,0,0,1,0.0,13.0,13.0,13,2,2018-10-29,2018-11-12,3,2,2,2018-10-29,2018-10-30,5,3,0.5,0.3333333333333333,8,False
WD_MERGE_2024-10-07---2024-10-28_duration_21_days_cluster_225_A0_000049_A_000052_lat_04056_lon_-0050_size_0147,INTE2430293A__20241016__20241016,INTE2430293A,2024-10-07,2024-10-28,2024-10-16,2024-10-16,1,0,0,0,1,9.0,12.0,21.0,21,1,2024-10-07,2024-10-28,44,2,2,2024-10-16,2024-10-16,5,3,0.5,0.3333333333333333,6,False
WD_MERGE_2023-10-16---2023-11-13_duration_28_days_cluster_284_A0_000141_A_000190_lat_04537_lon_01363_size_0211,IOME2403657A__20231113__20231114,IOME2403657A,2023-10-16,2023-11-13,2023-11-13,2023-11-14,1,0,0,0,1,28.0,1.0,29.0,29,1,2023-10-16,2023-11-13,5,2,2,2023-11-13,2023-11-14,6,3,0.5,0.3333333333333333,4,False
WD_MERGE_2018-06-11---2018-06-18_duration_7_days_cluster_108_A0_000040_A_000058_lat_04315_lon_-0110_size_0066,INTE1824833A__20180613__20180614,INTE1824833A,2018-06-11,2018-06-18,2018-06-13,2018-06-14,1,0,1,1,1,2.0,4.0,6.0,6,2,2018-06-11,2018-06-18,71,2,2,2018-06-13,2018-06-14,6,4,0.5,0.25,23,False
WD_MERGE_2018-06-11---2018-06-18_duration_7_days_cluster_108_A0_000040_A_000058_lat_04315_lon_-0110_size_0066,INTE1826529A__20180612__20180612,INTE1826529A,2018-06-11,2018-06-18,2018-06-12,2018-06-12,1,0,1,1,1,1.0,6.0,7.0,7,1,2018-06-11,2018-06-18,71,2,2,2018-06-12,2018-06-12,6,4,0.5,0.25,24,False
WD_MERGE_2020-06-22---2020-06-29_duration_7_days_cluster_159_A0_000004_A_000004_lat_04875_lon_-0368_size_0010,INTE2027600A__20200617__20200617,INTE2027600A,2020-06-22,2020-06-29,2020-06-17,2020-06-17,1,0,0,0,1,5.0,12.0,17.0,17,0,2020-06-22,2020-06-29,11,2,2,2020-06-17,2020-06-17,7,4,0.5,0.25,1,True
WD_MERGE_2018-06-11---2018-06-18_duration_7_days_cluster_108_A0_000040_A_000058_lat_04315_lon_-0110_size_0066,INTE1824833A__20180612__20180613,INTE1824833A,2018-06-11,2018-06-18,2018-06-12,2018-06-13,1,0,1,1,1,1.0,5.0,6.0,6,2,2018-06-11,2018-06-18,71,2,2,2018-06-12,2018-06-13,17,5,0.5,0.2,25,False
WD_MERGE_2018-06-11---2018-06-18_duration_7_days_cluster_108_A0_000040_A_000058_lat_04315_lon_-0110_size_0066,INTE1831446A__20180612__20180612,INTE1831446A,2018-06-11,2018-06-18,2018-06-12,2018-06-12,1,0,1,1,1,1.0,6.0,7.0,7,1,2018-06-11,2018-06-18,71,2,2,2018-06-12,2018-06-12,5,5,0.5,0.2,26,False
WD_MERGE_2024-10-07---2024-10-28_duration_21_days_cluster_225_A0_000049_A_000052_lat_04056_lon_-0050_size_0147,INTE2501371A__20241016__20241017,INTE2501371A,2024-10-07,2024-10-28,2024-10-16,2024-10-17,1,0,0,0,1,9.0,11.0,20.0,20,2,2024-10-07,2024-10-28,44,2,2,2024-10-16,2024-10-17,10,5,0.5,0.2,7,False
WD_MERGE_2020-05-04---2020-05-11_duration_7_days_cluster_108_A0_000022_A_000030_lat_05090_lon_-0403_size_0096,INTE2016904A__20200509__20200509,INTE2016904A,2020-05-04,2020-05-11,2020-05-09,2020-05-09,1,0,1,1,1,5.0,2.0,7.0,7,1,2020-05-04,2020-05-11,25,2,2,2020-05-09,2020-05-09,20,6,0.5,0.16666666666666666,3,False
WD_MERGE_2018-05-28---2018-06-04_duration_7_days_cluster_093_A0_000004_A_000005_lat_04870_lon_-0387_size_0025,INTE1818802A__20180609__20180609,INTE1818802A,2018-05-28,2018-06-04,2018-06-09,2018-06-09,1,0,0,0,1,12.0,5.0,17.0,17,0,2018-05-28,2018-06-04,11,2,2,2018-06-09,2018-06-09,9,6,0.5,0.16666666666666666,8,False
WD_MERGE_2024-10-07---2024-10-28_duration_21_days_cluster_225_A0_000049_A_000052_lat_04056_lon_-0050_size_0147,INTE2433751A__20241016__20241016,INTE2433751A,2024-10-07,2024-10-28,2024-10-16,2024-10-16,1,0,0,0,1,9.0,12.0,21.0,21,1,2024-10-07,2024-10-28,44,2,2,2024-10-16,2024-10-16,11,6,0.5,0.16666666666666666,8,False
WD_MERGE_2018-05-28---2018-06-04_duration_7_days_cluster_093_A0_000004_A_000005_lat_04870_lon_-0387_size_0025,INTE1820387A__20180603__20180603,INTE1820387A,2018-05-28,2018-06-04,2018-06-03,2018-06-03,1,0,1,1,1,6.0,1.0,7.0,7,1,2018-05-28,2018-06-04,11,2,2,2018-06-03,2018-06-03,13,8,0.5,0.125,9,False
WD_MERGE_2018-05-28---2018-06-04_duration_7_days_cluster_093_A0_000004_A_000005_lat_04870_lon_-0387_size_0025,INTE1824833A__20180603__20180603,INTE1824833A,2018-05-28,2018-06-04,2018-06-03,2018-06-03,1,0,1,1,1,6.0,1.0,7.0,7,1,2018-05-28,2018-06-04,11,2,2,2018-06-03,2018-06-03,18,9,0.5,0.1111111111111111,10,False
WD_MERGE_2022-05-30---2022-06-06_duration_7_days_cluster_112_A0_000004_A_000004_lat_04877_lon_-0364_size_0007,INTE2217496A__20220603__20220605,INTE2217496A,2022-05-30,2022-06-06,2022-06-03,2022-06-05,1,0,1,1,1,4.0,1.0,5.0,5,3,2022-05-30,2022-06-06,18,2,2,2022-06-03,2022-06-05,26,12,0.5,0.08333333333333333,2,False
WD_MERGE_2022-05-30---2022-06-06_duration_7_days_cluster_112_A0_000004_A_000004_lat_04877_lon_-0364_size_0007,IOME2219351__20220603__20220605,IOME2219351,2022-05-30,2022-06-06,2022-06-03,2022-06-05,1,0,1,1,1,4.0,1.0,5.0,5,3,2022-05-30,2022-06-06,18,2,2,2022-06-03,2022-06-05,30,14,0.5,0.07142857142857142,3,False
WD_MERGE_2018-06-11---2018-06-18_duration_7_days_cluster_108_A0_000040_A_000058_lat_04315_lon_-0110_size_0066,INTE1824833A__20180604__20180604,INTE1824833A,2018-06-11,2018-06-18,2018-06-04,2018-06-04,1,0,0,0,1,7.0,14.0,21.0,21,0,2018-06-11,2018-06-18,71,2,2,2018-06-04,2018-06-04,26,14,0.5,0.07142857142857142,27,False
WD_MERGE_2020-05-11---2020-05-18_duration_7_days_cluster_116_A0_000017_A_000028_lat_04375_lon_-0097_size_0011,INTE2014521A__20200512__20200515,INTE2014521A,2020-05-11,2020-05-18,2020-05-12,2020-05-15,1,0,1,1,1,1.0,3.0,4.0,4,4,2020-05-11,2020-05-18,60,3,3,2020-05-12,2020-05-15,1,1,0.3333333333333333,1.0,5,False
WD_MERGE_2020-05-11---2020-05-18_duration_7_days_cluster_116_A0_000017_A_000028_lat_04375_lon_-0097_size_0011,INTE2027600A__20200511__20200512,INTE2027600A,2020-05-11,2020-05-18,2020-05-11,2020-05-12,1,0,1,1,1,0.0,6.0,6.0,6,2,2020-05-11,2020-05-18,60,3,3,2020-05-11,2020-05-12,1,1,0.3333333333333333,1.0,6,False
WD_MERGE_2018-08-06---2018-08-13_duration_7_days_cluster_168_A0_000001_A_000001_lat_04356_lon_00459_size_0015,INTE1901604A__20180809__20180809,INTE1901604A,2018-08-06,2018-08-13,2018-08-09,2018-08-09,1,0,1,1,1,3.0,4.0,7.0,7,1,2018-08-06,2018-08-13,6,3,3,2018-08-09,2018-08-09,1,1,0.3333333333333333,1.0,3,False
WD_MERGE_2018-08-06---2018-08-13_duration_7_days_cluster_168_A0_000001_A_000001_lat_04356_lon_00459_size_0015,INTE1905473A__20180809__20180809,INTE1905473A,2018-08-06,2018-08-13,2018-08-09,2018-08-09,1,0,1,1,1,3.0,4.0,7.0,7,1,2018-08-06,2018-08-13,6,3,3,2018-08-09,2018-08-09,2,1,0.3333333333333333,1.0,4,False
WD_MERGE_2018-10-15---2018-10-22_duration_7_days_cluster_251_A0_000047_A_000055_lat_04322_lon_00298_size_0008,INTE1905473A__20181015__20181015,INTE1905473A,2018-10-15,2018-10-22,2018-10-15,2018-10-15,1,0,1,1,1,0.0,7.0,7.0,7,1,2018-10-15,2018-10-22,40,3,3,2018-10-15,2018-10-15,2,1,0.3333333333333333,1.0,2,False
WD_MERGE_2018-10-15---2018-10-22_duration_7_days_cluster_251_A0_000047_A_000055_lat_04322_lon_00298_size_0008,INTE1907677A__20181015__20181015,INTE1907677A,2018-10-15,2018-10-22,2018-10-15,2018-10-15,1,0,1,1,1,0.0,7.0,7.0,7,1,2018-10-15,2018-10-22,40,3,3,2018-10-15,2018-10-15,4,1,0.3333333333333333,1.0,3,False
WD_MERGE_2018-08-06---2018-08-13_duration_7_days_cluster_168_A0_000001_A_000001_lat_04356_lon_00459_size_0015,INTE1917050A__20180809__20180809,INTE1917050A,2018-08-06,2018-08-13,2018-08-09,2018-08-09,1,0,1,1,1,3.0,4.0,7.0,7,1,2018-08-06,2018-08-13,6,3,3,2018-08-09,2018-08-09,1,1,0.3333333333333333,1.0,5,False
WD_MERGE_2018-10-15---2018-10-22_duration_7_days_cluster_251_A0_000047_A_000055_lat_04322_lon_00298_size_0008,INTE2000953A__20181015__20181015,INTE2000953A,2018-10-15,2018-10-22,2018-10-15,2018-10-15,1,0,1,1,1,0.0,7.0,7.0,7,1,2018-10-15,2018-10-22,40,3,3,2018-10-15,2018-10-15,2,1,0.3333333333333333,1.0,4,False
WD_MERGE_2024-09-16---2024-09-23_duration_7_days_cluster_199_A0_000005_A_000006_lat_04640_lon_-0204_size_0212,INTE2430293A__20240921__20240921,INTE2430293A,2024-09-16,2024-09-23,2024-09-21,2024-09-21,1,0,1,1,1,5.0,2.0,7.0,7,1,2024-09-16,2024-09-23,15,3,3,2024-09-21,2024-09-21,1,1,0.3333333333333333,1.0,1,True
WD_MERGE_2024-09-16---2024-09-23_duration_7_days_cluster_199_A0_000005_A_000006_lat_04640_lon_-0204_size_0212,INTE2501371A__20240920__20240920,INTE2501371A,2024-09-16,2024-09-23,2024-09-20,2024-09-20,1,0,1,1,1,4.0,3.0,7.0,7,1,2024-09-16,2024-09-23,15,3,3,2024-09-20,2024-09-20,1,1,0.3333333333333333,1.0,2,False
WD_MERGE_2018-10-15---2018-10-22_duration_7_days_cluster_251_A0_000047_A_000055_lat_04322_lon_00298_size_0008,INTE1828277A__20181014__20181015,INTE1828277A,2018-10-15,2018-10-22,2018-10-14,2018-10-15,1,0,1,0,1,1.0,7.0,8.0,8,1,2018-10-15,2018-10-22,40,3,3,2018-10-14,2018-10-15,126,1,0.3333333333333333,1.0,5,False
WD_MERGE_2018-10-15---2018-10-22_duration_7_days_cluster_251_A0_000047_A_000055_lat_04322_lon_00298_size_0008,INTE2005870A__20181014__20181015,INTE2005870A,2018-10-15,2018-10-22,2018-10-14,2018-10-15,1,0,1,0,1,1.0,7.0,8.0,8,1,2018-10-15,2018-10-22,40,3,3,2018-10-14,2018-10-15,1,1,0.3333333333333333,1.0,6,False
WD_MERGE_2018-10-15---2018-10-22_duration_7_days_cluster_251_A0_000047_A_000055_lat_04322_lon_00298_size_0008,INTE1907677A__20181014__20181014,INTE1907677A,2018-10-15,2018-10-22,2018-10-14,2018-10-14,1,0,0,0,1,1.0,8.0,9.0,9,0,2018-10-15,2018-10-22,40,3,3,2018-10-14,2018-10-14,1,1,0.3333333333333333,1.0,7,False
WD_MERGE_2020-05-11---2020-05-18_duration_7_days_cluster_116_A0_000017_A_000028_lat_04375_lon_-0097_size_0011,INTE2019260A__20200509__20200511,INTE2019260A,2020-05-11,2020-05-18,2020-05-09,2020-05-11,1,0,1,0,1,2.0,7.0,9.0,9,1,2020-05-11,2020-05-18,60,3,3,2020-05-09,2020-05-11,6,1,0.3333333333333333,1.0,7,False
WD_MERGE_2020-05-11---2020-05-18_duration_7_days_cluster_116_A0_000017_A_000028_lat_04375_lon_-0097_size_0011,INTE2031566A__20200509__20200511,INTE2031566A,2020-05-11,2020-05-18,2020-05-09,2020-05-11,1,0,1,0,1,2.0,7.0,9.0,9,1,2020-05-11,2020-05-18,60,3,3,2020-05-09,2020-05-11,2,1,0.3333333333333333,1.0,8,False
WD_MERGE_2020-06-01---2020-06-08_duration_7_days_cluster_138_A0_000014_A_000016_lat_04355_lon_00458_size_0016,INTE2016904A__20200529__20200529,INTE2016904A,2020-06-01,2020-06-08,2020-05-29,2020-05-29,1,0,0,0,1,3.0,10.0,13.0,13,0,2020-06-01,2020-06-08,12,3,3,2020-05-29,2020-05-29,1,1,0.3333333333333333,1.0,1,True
WD_MERGE_2021-05-24---2021-06-07_duration_14_days_cluster_110_A0_000025_A_000029_lat_04486_lon_-0225_size_0323,INTE2121339A__20210529__20210529,INTE2121339A,2021-05-24,2021-06-07,2021-05-29,2021-05-29,1,0,0,0,1,5.0,9.0,14.0,14,1,2021-05-24,2021-06-07,31,3,3,2021-05-29,2021-05-29,1,1,0.3333333333333333,1.0,1,True
WD_MERGE_2020-06-01---2020-06-08_duration_7_days_cluster_138_A0_000014_A_000016_lat_04355_lon_00458_size_0016,INTE2034504A__20200611__20200613,INTE2034504A,2020-06-01,2020-06-08,2020-06-11,2020-06-13,1,0,0,0,1,10.0,5.0,15.0,15,0,2020-06-01,2020-06-08,12,3,3,2020-06-11,2020-06-13,1,1,0.3333333333333333,1.0,2,False
WD_MERGE_2020-06-01---2020-06-08_duration_7_days_cluster_138_A0_000014_A_000016_lat_04355_lon_00458_size_0016,INTE2034504A__20200612__20200612,INTE2034504A,2020-06-01,2020-06-08,2020-06-12,2020-06-12,1,0,0,0,1,11.0,4.0,15.0,15,0,2020-06-01,2020-06-08,12,3,3,2020-06-12,2020-06-12,2,1,0.3333333333333333,1.0,3,False
WD_MERGE_2016-09-19---2016-09-26_duration_7_days_cluster_205_A0_000003_A_000003_lat_04877_lon_-0355_size_0003,INTE1630434A__20160913__20160913,INTE1630434A,2016-09-19,2016-09-26,2016-09-13,2016-09-13,1,0,0,0,1,6.0,13.0,19.0,19,0,2016-09-19,2016-09-26,10,3,3,2016-09-13,2016-09-13,1,1,0.3333333333333333,1.0,1,True
WD_MERGE_2022-01-31---2022-03-14_duration_42_days_cluster_002_A0_000034_A_000041_lat_04171_lon_00124_size_0258,IOME2226252A__20220312__20220313,IOME2226252A,2022-01-31,2022-03-14,2022-03-12,2022-03-13,1,0,0,0,1,40.0,1.0,41.0,41,2,2022-01-31,2022-03-14,45,3,3,2022-03-12,2022-03-13,2,1,0.3333333333333333,1.0,1,True
WD_MERGE_2022-01-31---2022-03-14_duration_42_days_cluster_002_A0_000034_A_000041_lat_04171_lon_00124_size_0258,IOME2229183A__20220312__20220313,IOME2229183A,2022-01-31,2022-03-14,2022-03-12,2022-03-13,1,0,0,0,1,40.0,1.0,41.0,41,2,2022-01-31,2022-03-14,45,3,3,2022-03-12,2022-03-13,1,1,0.3333333333333333,1.0,2,False
WD_MERGE_2020-05-11---2020-05-18_duration_7_days_cluster_116_A0_000017_A_000028_lat_04375_lon_-0097_size_0011,IOME2304949A__20200511__20200629,IOME2304949A,2020-05-11,2020-05-18,2020-05-11,2020-06-29,1,0,0,0,1,0.0,42.0,42.0,42,8,2020-05-11,2020-05-18,60,3,3,2020-05-11,2020-06-29,1,1,0.3333333333333333,1.0,9,False
WD_MERGE_2024-05-06---2024-07-22_duration_63_days_cluster_363_A0_000731_A_000802_lat_04047_lon_-0464_size_0340,INTE2525618A__20240331__20240613,INTE2525618A,2024-05-06,2024-07-22,2024-03-31,2024-06-13,1,0,0,0,1,36.0,39.0,75.0,75,39,2024-05-06,2024-07-22,36,3,3,2024-03-31,2024-06-13,1,1,0.3333333333333333,1.0,2,False
WD_MERGE_2024-05-06---2024-07-22_duration_63_days_cluster_363_A0_000731_A_000802_lat_04047_lon_-0464_size_0340,IOME2420215A__20240607__20240608,IOME2420215A,2024-05-06,2024-07-22,2024-06-07,2024-06-08,1,0,0,0,1,32.0,44.0,76.0,76,2,2024-05-06,2024-07-22,36,3,3,2024-06-07,2024-06-08,2,1,0.3333333333333333,1.0,3,False
WD_MERGE_2024-05-06---2024-07-22_duration_63_days_cluster_363_A0_000731_A_000802_lat_04047_lon_-0464_size_0340,IOME2420215A__20240617__20240618,IOME2420215A,2024-05-06,2024-07-22,2024-06-17,2024-06-18,1,0,0,0,1,42.0,34.0,76.0,76,2,2024-05-06,2024-07-22,36,3,3,2024-06-17,2024-06-18,4,1,0.3333333333333333,1.0,4,False
WD_MERGE_2024-05-06---2024-07-22_duration_63_days_cluster_363_A0_000731_A_000802_lat_04047_lon_-0464_size_0340,INTE2424582A__20240607__20240607,INTE2424582A,2024-05-06,2024-07-22,2024-06-07,2024-06-07,1,0,0,0,1,32.0,45.0,77.0,77,1,2024-05-06,2024-07-22,36,3,3,2024-06-07,2024-06-07,1,1,0.3333333333333333,1.0,5,False
WD_MERGE_2024-05-06---2024-07-22_duration_63_days_cluster_363_A0_000731_A_000802_lat_04047_lon_-0464_size_0340,INTE2430293A__20240607__20240607,INTE2430293A,2024-05-06,2024-07-22,2024-06-07,2024-06-07,1,0,0,0,1,32.0,45.0,77.0,77,1,2024-05-06,2024-07-22,36,3,3,2024-06-07,2024-06-07,1,1,0.3333333333333333,1.0,6,False
WD_MERGE_2024-05-06---2024-07-22_duration_63_days_cluster_363_A0_000731_A_000802_lat_04047_lon_-0464_size_0340,INTE2505371A__20240518__20240518,INTE2505371A,2024-05-06,2024-07-22,2024-05-18,2024-05-18,1,0,0,0,1,12.0,65.0,77.0,77,1,2024-05-06,2024-07-22,36,3,3,2024-05-18,2024-05-18,9,1,0.3333333333333333,1.0,7,False
WD_MERGE_2024-05-06---2024-07-22_duration_63_days_cluster_363_A0_000731_A_000802_lat_04047_lon_-0464_size_0340,INTE2517855A__20240607__20240607,INTE2517855A,2024-05-06,2024-07-22,2024-06-07,2024-06-07,1,0,0,0,1,32.0,45.0,77.0,77,1,2024-05-06,2024-07-22,36,3,3,2024-06-07,2024-06-07,1,1,0.3333333333333333,1.0,8,False
WD_MERGE_2024-05-06---2024-07-22_duration_63_days_cluster_363_A0_000731_A_000802_lat_04047_lon_-0464_size_0340,IOME2420215A__20240607__20240607,IOME2420215A,2024-05-06,2024-07-22,2024-06-07,2024-06-07,1,0,0,0,1,32.0,45.0,77.0,77,1,2024-05-06,2024-07-22,36,3,3,2024-06-07,2024-06-07,1,1,0.3333333333333333,1.0,9,False
WD_MERGE_2024-05-06---2024-07-22_duration_63_days_cluster_363_A0_000731_A_000802_lat_04047_lon_-0464_size_0340,IOME2420215A__20240617__20240617,IOME2420215A,2024-05-06,2024-07-22,2024-06-17,2024-06-17,1,0,0,0,1,42.0,35.0,77.0,77,1,2024-05-06,2024-07-22,36,3,3,2024-06-17,2024-06-17,1,1,0.3333333333333333,1.0,10,False
WD_MERGE_2018-08-06---2018-08-13_duration_7_days_cluster_168_A0_000001_A_000001_lat_04356_lon_00459_size_0015,INTE1835008A__20180809__20180809,INTE1835008A,2018-08-06,2018-08-13,2018-08-09,2018-08-09,1,0,1,1,1,3.0,4.0,7.0,7,1,2018-08-06,2018-08-13,6,3,3,2018-08-09,2018-08-09,6,2,0.3333333333333333,0.5,6,False
WD_MERGE_2018-10-15---2018-10-22_duration_7_days_cluster_251_A0_000047_A_000055_lat_04322_lon_00298_size_0008,INTE1835008A__20181015__20181015,INTE1835008A,2018-10-15,2018-10-22,2018-10-15,2018-10-15,1,0,1,1,1,0.0,7.0,7.0,7,1,2018-10-15,2018-10-22,40,3,3,2018-10-15,2018-10-15,4,2,0.3333333333333333,0.5,8,False
WD_MERGE_2020-06-01---2020-06-08_duration_7_days_cluster_138_A0_000014_A_000016_lat_04355_lon_00458_size_0016,INTE2023938A__20200604__20200604,INTE2023938A,2020-06-01,2020-06-08,2020-06-04,2020-06-04,1,0,1,1,1,3.0,4.0,7.0,7,1,2020-06-01,2020-06-08,12,3,3,2020-06-04,2020-06-04,2,2,0.3333333333333333,0.5,4,False
WD_MERGE_2018-10-15---2018-10-22_duration_7_days_cluster_251_A0_000047_A_000055_lat_04322_lon_00298_size_0008,INTE1835008A__20181014__20181015,INTE1835008A,2018-10-15,2018-10-22,2018-10-14,2018-10-15,1,0,1,0,1,1.0,7.0,8.0,8,1,2018-10-15,2018-10-22,40,3,3,2018-10-14,2018-10-15,2,2,0.3333333333333333,0.5,9,False
WD_MERGE_2020-05-11---2020-05-18_duration_7_days_cluster_116_A0_000017_A_000028_lat_04375_lon_-0097_size_0011,INTE2023938A__20200510__20200510,INTE2023938A,2020-05-11,2020-05-18,2020-05-10,2020-05-10,1,0,0,0,1,1.0,8.0,9.0,9,0,2020-05-11,2020-05-18,60,3,3,2020-05-10,2020-05-10,2,2,0.3333333333333333,0.5,10,False
WD_MERGE_2020-05-11---2020-05-18_duration_7_days_cluster_116_A0_000017_A_000028_lat_04375_lon_-0097_size_0011,INTE2027600A__20200509__20200511,INTE2027600A,2020-05-11,2020-05-18,2020-05-09,2020-05-11,1,0,1,0,1,2.0,7.0,9.0,9,1,2020-05-11,2020-05-18,60,3,3,2020-05-09,2020-05-11,2,2,0.3333333333333333,0.5,11,False
WD_MERGE_2023-06-19---2023-06-26_duration_7_days_cluster_138_A0_000006_A_000007_lat_04864_lon_-0360_size_0018,IOME2324728A__20230614__20230614,IOME2324728A,2023-06-19,2023-06-26,2023-06-14,2023-06-14,1,0,0,0,1,5.0,12.0,17.0,17,0,2023-06-19,2023-06-26,26,3,3,2023-06-14,2023-06-14,2,2,0.3333333333333333,0.5,1,True
WD_MERGE_2024-05-06---2024-07-22_duration_63_days_cluster_363_A0_000731_A_000802_lat_04047_lon_-0464_size_0340,INTE2424582A__20240618__20240618,INTE2424582A,2024-05-06,2024-07-22,2024-06-18,2024-06-18,1,0,0,0,1,43.0,34.0,77.0,77,1,2024-05-06,2024-07-22,36,3,3,2024-06-18,2024-06-18,5,2,0.3333333333333333,0.5,11,False
WD_MERGE_2024-05-06---2024-07-22_duration_63_days_cluster_363_A0_000731_A_000802_lat_04047_lon_-0464_size_0340,INTE2424582A__20240625__20240625,INTE2424582A,2024-05-06,2024-07-22,2024-06-25,2024-06-25,1,0,0,0,1,50.0,27.0,77.0,77,1,2024-05-06,2024-07-22,36,3,3,2024-06-25,2024-06-25,4,2,0.3333333333333333,0.5,12,False
WD_MERGE_2020-05-11---2020-05-18_duration_7_days_cluster_116_A0_000017_A_000028_lat_04375_lon_-0097_size_0011,INTE2023938A__20200510__20200511,INTE2023938A,2020-05-11,2020-05-18,2020-05-10,2020-05-11,1,0,1,0,1,1.0,7.0,8.0,8,1,2020-05-11,2020-05-18,60,3,3,2020-05-10,2020-05-11,9,3,0.3333333333333333,0.3333333333333333,12,False
WD_MERGE_2020-06-01---2020-06-08_duration_7_days_cluster_138_A0_000014_A_000016_lat_04355_lon_00458_size_0016,INTE2016904A__20200610__20200613,INTE2016904A,2020-06-01,2020-06-08,2020-06-10,2020-06-13,1,0,0,0,1,9.0,5.0,14.0,14,0,2020-06-01,2020-06-08,12,3,3,2020-06-10,2020-06-13,98,3,0.3333333333333333,0.3333333333333333,5,False
WD_MERGE_2024-05-06---2024-07-22_duration_63_days_cluster_363_A0_000731_A_000802_lat_04047_lon_-0464_size_0340,INTE2430293A__20240608__20240608,INTE2430293A,2024-05-06,2024-07-22,2024-06-08,2024-06-08,1,0,0,0,1,33.0,44.0,77.0,77,1,2024-05-06,2024-07-22,36,3,3,2024-06-08,2024-06-08,3,3,0.3333333333333333,0.3333333333333333,13,False
WD_MERGE_2024-05-06---2024-07-22_duration_63_days_cluster_363_A0_000731_A_000802_lat_04047_lon_-0464_size_0340,INTE2424582A__20240608__20240608,INTE2424582A,2024-05-06,2024-07-22,2024-06-08,2024-06-08,1,0,0,0,1,33.0,44.0,77.0,77,1,2024-05-06,2024-07-22,36,3,3,2024-06-08,2024-06-08,6,4,0.3333333333333333,0.25,14,False
WD_MERGE_2018-06-04---2018-06-11_duration_7_days_cluster_101_A0_000024_A_000027_lat_04356_lon_00456_size_0014,INTE1824833A__20180531__20180531,INTE1824833A,2018-06-04,2018-06-11,2018-05-31,2018-05-31,1,0,0,0,1,4.0,11.0,15.0,15,0,2018-06-04,2018-06-11,13,3,3,2018-05-31,2018-05-31,13,6,0.3333333333333333,0.16666666666666666,1,True
WD_MERGE_2018-06-04---2018-06-11_duration_7_days_cluster_101_A0_000024_A_000027_lat_04356_lon_00456_size_0014,INTE1818802A__20180531__20180531,INTE1818802A,2018-06-04,2018-06-11,2018-05-31,2018-05-31,1,0,0,0,1,4.0,11.0,15.0,15,0,2018-06-04,2018-06-11,13,3,3,2018-05-31,2018-05-31,38,7,0.3333333333333333,0.14285714285714285,2,False
WD_MERGE_2024-05-06---2024-07-22_duration_63_days_cluster_363_A0_000731_A_000802_lat_04047_lon_-0464_size_0340,INTE2424582A__20240628__20240628,INTE2424582A,2024-05-06,2024-07-22,2024-06-28,2024-06-28,1,0,0,0,1,53.0,24.0,77.0,77,1,2024-05-06,2024-07-22,36,3,3,2024-06-28,2024-06-28,10,7,0.3333333333333333,0.14285714285714285,15,False
WD_MERGE_2018-06-04---2018-06-11_duration_7_days_cluster_101_A0_000024_A_000027_lat_04356_lon_00456_size_0014,INTE1824833A__20180603__20180603,INTE1824833A,2018-06-04,2018-06-11,2018-06-03,2018-06-03,1,0,0,0,1,1.0,8.0,9.0,9,0,2018-06-04,2018-06-11,13,3,3,2018-06-03,2018-06-03,18,9,0.3333333333333333,0.1111111111111111,3,False
WD_MERGE_2016-05-30---2016-06-06_duration_7_days_cluster_110_A0_000048_A_000077_lat_04747_lon_-0062_size_0013,INTE1630434A__20160528__20160601,INTE1630434A,2016-05-30,2016-06-06,2016-05-28,2016-06-01,1,0,1,0,1,2.0,5.0,7.0,7,3,2016-05-30,2016-06-06,50,4,4,2016-05-28,2016-06-01,1,1,0.25,1.0,3,False
WD_MERGE_2018-10-08---2018-10-15_duration_7_days_cluster_241_A0_000008_A_000011_lat_04593_lon_-0109_size_0040,INTE1835008A__20181010__20181010,INTE1835008A,2018-10-08,2018-10-15,2018-10-10,2018-10-10,1,0,1,1,1,2.0,5.0,7.0,7,1,2018-10-08,2018-10-15,26,4,4,2018-10-10,2018-10-10,1,1,0.25,1.0,1,True
WD_MERGE_2020-09-14---2020-09-21_duration_7_days_cluster_251_A0_000013_A_000017_lat_05039_lon_-0358_size_0159,INTE2027600A__20200919__20200919,INTE2027600A,2020-09-14,2020-09-21,2020-09-19,2020-09-19,1,0,1,1,1,5.0,2.0,7.0,7,1,2020-09-14,2020-09-21,32,4,4,2020-09-19,2020-09-19,2,1,0.25,1.0,1,True
WD_MERGE_2022-10-31---2022-11-07_duration_7_days_cluster_272_A0_000001_A_000001_lat_04370_lon_00453_size_0035,IOME2301092A__20221101__20221101,IOME2301092A,2022-10-31,2022-11-07,2022-11-01,2022-11-01,1,0,1,1,1,1.0,6.0,7.0,7,1,2022-10-31,2022-11-07,11,4,4,2022-11-01,2022-11-01,1,1,0.25,1.0,3,False
WD_MERGE_2022-10-31---2022-11-07_duration_7_days_cluster_272_A0_000001_A_000001_lat_04370_lon_00453_size_0035,IOME2324728A__20221101__20221101,IOME2324728A,2022-10-31,2022-11-07,2022-11-01,2022-11-01,1,0,1,1,1,1.0,6.0,7.0,7,1,2022-10-31,2022-11-07,11,4,4,2022-11-01,2022-11-01,1,1,0.25,1.0,4,False
WD_MERGE_2016-05-30---2016-06-06_duration_7_days_cluster_110_A0_000048_A_000077_lat_04747_lon_-0062_size_0013,INTE1731318A__20160529__20160530,INTE1731318A,2016-05-30,2016-06-06,2016-05-29,2016-05-30,1,0,1,0,1,1.0,7.0,8.0,8,1,2016-05-30,2016-06-06,50,4,4,2016-05-29,2016-05-30,1,1,0.25,1.0,4,False
WD_MERGE_2021-09-20---2021-09-27_duration_7_days_cluster_233_A0_000001_A_000001_lat_04740_lon_-0184_size_0015,INTE2130680A__20210919__20210919,INTE2130680A,2021-09-20,2021-09-27,2021-09-19,2021-09-19,1,0,0,0,1,1.0,8.0,9.0,9,0,2021-09-20,2021-09-27,7,4,4,2021-09-19,2021-09-19,1,1,0.25,1.0,1,True
WD_MERGE_2021-10-04---2021-10-11_duration_7_days_cluster_249_A0_000010_A_000012_lat_04800_lon_-0257_size_0094,INTE2137449A__20211002__20211003,INTE2137449A,2021-10-04,2021-10-11,2021-10-02,2021-10-03,1,0,0,0,1,2.0,8.0,10.0,10,0,2021-10-04,2021-10-11,22,4,4,2021-10-02,2021-10-03,2,1,0.25,1.0,1,True
WD_MERGE_2021-10-04---2021-10-11_duration_7_days_cluster_249_A0_000010_A_000012_lat_04800_lon_-0257_size_0094,IOME2222390A__20211002__20211003,IOME2222390A,2021-10-04,2021-10-11,2021-10-02,2021-10-03,1,0,0,0,1,2.0,8.0,10.0,10,0,2021-10-04,2021-10-11,22,4,4,2021-10-02,2021-10-03,1,1,0.25,1.0,2,False
WD_MERGE_2020-08-17---2020-08-24_duration_7_days_cluster_222_A0_000009_A_000011_lat_04824_lon_-0344_size_0064,INTE2027600A__20200815__20200815,INTE2027600A,2020-08-17,2020-08-24,2020-08-15,2020-08-15,1,0,0,0,1,2.0,9.0,11.0,11,0,2020-08-17,2020-08-24,59,4,4,2020-08-15,2020-08-15,1,1,0.25,1.0,1,True
WD_MERGE_2020-09-14---2020-09-21_duration_7_days_cluster_251_A0_000013_A_000017_lat_05039_lon_-0358_size_0159,INTE2027600A__20200923__20200923,INTE2027600A,2020-09-14,2020-09-21,2020-09-23,2020-09-23,1,0,0,0,1,9.0,2.0,11.0,11,0,2020-09-14,2020-09-21,32,4,4,2020-09-23,2020-09-23,1,1,0.25,1.0,2,False
WD_MERGE_2020-08-17---2020-08-24_duration_7_days_cluster_222_A0_000009_A_000011_lat_04824_lon_-0344_size_0064,INTE2034504A__20200815__20200815,INTE2034504A,2020-08-17,2020-08-24,2020-08-15,2020-08-15,1,0,0,0,1,2.0,9.0,11.0,11,0,2020-08-17,2020-08-24,59,4,4,2020-08-15,2020-08-15,1,1,0.25,1.0,2,False
WD_MERGE_2022-10-31---2022-11-07_duration_7_days_cluster_272_A0_000001_A_000001_lat_04370_lon_00453_size_0035,IOME2304949A__20221109__20221109,IOME2304949A,2022-10-31,2022-11-07,2022-11-09,2022-11-09,1,0,0,0,1,9.0,2.0,11.0,11,0,2022-10-31,2022-11-07,11,4,4,2022-11-09,2022-11-09,1,1,0.25,1.0,5,False
WD_MERGE_2016-05-30---2016-06-06_duration_7_days_cluster_110_A0_000048_A_000077_lat_04747_lon_-0062_size_0013,INTE1626972A__20160526__20160526,INTE1626972A,2016-05-30,2016-06-06,2016-05-26,2016-05-26,1,0,0,0,1,4.0,11.0,15.0,15,0,2016-05-30,2016-06-06,50,4,4,2016-05-26,2016-05-26,1,1,0.25,1.0,5,False
WD_MERGE_2024-08-19---2024-08-26_duration_7_days_cluster_170_A0_000005_A_000006_lat_04827_lon_-0328_size_0063,INTE2505371A__20240831__20240831,INTE2505371A,2024-08-19,2024-08-26,2024-08-31,2024-08-31,1,0,0,0,1,12.0,5.0,17.0,17,0,2024-08-19,2024-08-26,38,4,4,2024-08-31,2024-08-31,1,1,0.25,1.0,2,False
WD_MERGE_2022-11-14---2022-11-21_duration_7_days_cluster_281_A0_000002_A_000002_lat_04367_lon_00454_size_0030,IOME2304949A__20221109__20221109,IOME2304949A,2022-11-14,2022-11-21,2022-11-09,2022-11-09,1,0,0,0,1,5.0,12.0,17.0,17,0,2022-11-14,2022-11-21,14,4,4,2022-11-09,2022-11-09,1,1,0.25,1.0,1,False
WD_MERGE_2021-09-20---2021-09-27_duration_7_days_cluster_233_A0_000001_A_000001_lat_04740_lon_-0184_size_0015,INTE2137449A__20211002__20211003,INTE2137449A,2021-09-20,2021-09-27,2021-10-02,2021-10-03,1,0,0,0,1,12.0,6.0,18.0,18,0,2021-09-20,2021-09-27,7,4,4,2021-10-02,2021-10-03,2,1,0.25,1.0,2,False
WD_MERGE_2021-09-20---2021-09-27_duration_7_days_cluster_233_A0_000001_A_000001_lat_04740_lon_-0184_size_0015,IOME2222390A__20211002__20211003,IOME2222390A,2021-09-20,2021-09-27,2021-10-02,2021-10-03,1,0,0,0,1,12.0,6.0,18.0,18,0,2021-09-20,2021-09-27,7,4,4,2021-10-02,2021-10-03,1,1,0.25,1.0,3,False
WD_MERGE_2022-10-31---2022-11-07_duration_7_days_cluster_272_A0_000001_A_000001_lat_04370_lon_00453_size_0035,IOME2235873A__20221024__20221024,IOME2235873A,2022-10-31,2022-11-07,2022-10-24,2022-10-24,1,0,0,0,1,7.0,14.0,21.0,21,0,2022-10-31,2022-11-07,11,4,4,2022-10-24,2022-10-24,1,1,0.25,1.0,6,False
WD_MERGE_2017-01-30---2017-02-06_duration_7_days_cluster_041_A0_000003_A_000003_lat_04364_lon_00425_size_0004,INTE1711727A__20170213__20170215,INTE1711727A,2017-01-30,2017-02-06,2017-02-13,2017-02-15,1,0,0,0,1,14.0,9.0,23.0,23,0,2017-01-30,2017-02-06,11,4,4,2017-02-13,2017-02-15,1,1,0.25,1.0,1,True
WD_MERGE_2024-06-24---2024-07-08_duration_14_days_cluster_103_A0_000011_A_000012_lat_04804_lon_-0302_size_0095,INTE2430293A__20240618__20240618,INTE2430293A,2024-06-24,2024-07-08,2024-06-18,2024-06-18,1,0,0,0,1,6.0,20.0,26.0,26,0,2024-06-24,2024-07-08,52,4,4,2024-06-18,2024-06-18,1,1,0.25,1.0,1,True
WD_MERGE_2024-06-24---2024-07-08_duration_14_days_cluster_103_A0_000011_A_000012_lat_04804_lon_-0302_size_0095,INTE2427051A__20240617__20240617,INTE2427051A,2024-06-24,2024-07-08,2024-06-17,2024-06-17,1,0,0,0,1,7.0,21.0,28.0,28,0,2024-06-24,2024-07-08,52,4,4,2024-06-17,2024-06-17,1,1,0.25,1.0,2,False
WD_MERGE_2024-01-01---2024-02-19_duration_35_days_cluster_334_A0_002595_A_002920_lat_05238_lon_01260_size_0503,IOME2407754A__20240103__20240106,IOME2407754A,2024-01-01,2024-02-19,2024-01-03,2024-01-06,1,0,0,0,1,2.0,44.0,46.0,46,4,2024-01-01,2024-02-19,209,4,4,2024-01-03,2024-01-06,1,1,0.25,1.0,1,True
WD_MERGE_2024-01-01---2024-02-19_duration_35_days_cluster_334_A0_002595_A_002920_lat_05238_lon_01260_size_0503,IOME2407754A__20240103__20240105,IOME2407754A,2024-01-01,2024-02-19,2024-01-03,2024-01-05,1,0,0,0,1,2.0,45.0,47.0,47,3,2024-01-01,2024-02-19,209,4,4,2024-01-03,2024-01-05,1,1,0.25,1.0,2,False
WD_MERGE_2024-01-01---2024-02-19_duration_35_days_cluster_334_A0_002595_A_002920_lat_05238_lon_01260_size_0503,IOME2410378A__20240102__20240104,IOME2410378A,2024-01-01,2024-02-19,2024-01-02,2024-01-04,1,0,0,0,1,1.0,46.0,47.0,47,3,2024-01-01,2024-02-19,209,4,4,2024-01-02,2024-01-04,1,1,0.25,1.0,3,False
WD_MERGE_2024-01-01---2024-02-19_duration_35_days_cluster_334_A0_002595_A_002920_lat_05238_lon_01260_size_0503,IOME2415152A__20240222__20240222,IOME2415152A,2024-01-01,2024-02-19,2024-02-22,2024-02-22,1,0,0,0,1,52.0,3.0,55.0,55,0,2024-01-01,2024-02-19,209,4,4,2024-02-22,2024-02-22,1,1,0.25,1.0,4,False
WD_MERGE_2024-01-01---2024-02-19_duration_35_days_cluster_334_A0_002595_A_002920_lat_05238_lon_01260_size_0503,IOME2410378A__20240222__20240223,IOME2410378A,2024-01-01,2024-02-19,2024-02-22,2024-02-23,1,0,0,0,1,52.0,4.0,56.0,56,0,2024-01-01,2024-02-19,209,4,4,2024-02-22,2024-02-23,1,1,0.25,1.0,5,False
WD_MERGE_2024-01-01---2024-02-19_duration_35_days_cluster_334_A0_002595_A_002920_lat_05238_lon_01260_size_0503,INTE2517855A__20231231__20240629,INTE2517855A,2024-01-01,2024-02-19,2023-12-31,2024-06-29,1,0,0,0,1,1.0,131.0,132.0,132,50,2024-01-01,2024-02-19,209,4,4,2023-12-31,2024-06-29,6,1,0.25,1.0,6,False
WD_MERGE_2022-10-31---2022-11-07_duration_7_days_cluster_272_A0_000001_A_000001_lat_04370_lon_00453_size_0035,IOME2235873A__20221031__20221101,IOME2235873A,2022-10-31,2022-11-07,2022-10-31,2022-11-01,1,0,1,1,1,0.0,6.0,6.0,6,2,2022-10-31,2022-11-07,11,4,4,2022-10-31,2022-11-01,8,2,0.25,0.5,7,False
WD_MERGE_2022-10-31---2022-11-07_duration_7_days_cluster_272_A0_000001_A_000001_lat_04370_lon_00453_size_0035,IOME2301092A__20221031__20221101,IOME2301092A,2022-10-31,2022-11-07,2022-10-31,2022-11-01,1,0,1,1,1,0.0,6.0,6.0,6,2,2022-10-31,2022-11-07,11,4,4,2022-10-31,2022-11-01,4,2,0.25,0.5,8,False
WD_MERGE_2021-09-06---2021-09-13_duration_7_days_cluster_215_A0_000013_A_000016_lat_04879_lon_-0354_size_0011,INTE2201262A__20210908__20210908,INTE2201262A,2021-09-06,2021-09-13,2021-09-08,2021-09-08,1,0,1,1,1,2.0,5.0,7.0,7,1,2021-09-06,2021-09-13,28,4,4,2021-09-08,2021-09-08,2,2,0.25,0.5,1,True
WD_MERGE_2022-10-31---2022-11-07_duration_7_days_cluster_272_A0_000001_A_000001_lat_04370_lon_00453_size_0035,IOME2304949A__20221101__20221101,IOME2304949A,2022-10-31,2022-11-07,2022-11-01,2022-11-01,1,0,1,1,1,1.0,6.0,7.0,7,1,2022-10-31,2022-11-07,11,4,4,2022-11-01,2022-11-01,2,2,0.25,0.5,9,False
WD_MERGE_2016-05-30---2016-06-06_duration_7_days_cluster_110_A0_000048_A_000077_lat_04747_lon_-0062_size_0013,INTE1630434A__20160529__20160530,INTE1630434A,2016-05-30,2016-06-06,2016-05-29,2016-05-30,1,0,1,0,1,1.0,7.0,8.0,8,1,2016-05-30,2016-06-06,50,4,4,2016-05-29,2016-05-30,2,2,0.25,0.5,6,False
WD_MERGE_2022-10-31---2022-11-07_duration_7_days_cluster_272_A0_000001_A_000001_lat_04370_lon_00453_size_0035,IOME2235873A__20221109__20221109,IOME2235873A,2022-10-31,2022-11-07,2022-11-09,2022-11-09,1,0,0,0,1,9.0,2.0,11.0,11,0,2022-10-31,2022-11-07,11,4,4,2022-11-09,2022-11-09,5,2,0.25,0.5,10,False
WD_MERGE_2022-10-31---2022-11-07_duration_7_days_cluster_272_A0_000001_A_000001_lat_04370_lon_00453_size_0035,IOME2301092A__20221109__20221109,IOME2301092A,2022-10-31,2022-11-07,2022-11-09,2022-11-09,1,0,0,0,1,9.0,2.0,11.0,11,0,2022-10-31,2022-11-07,11,4,4,2022-11-09,2022-11-09,2,2,0.25,0.5,11,False
WD_MERGE_2016-05-30---2016-06-06_duration_7_days_cluster_110_A0_000048_A_000077_lat_04747_lon_-0062_size_0013,INTE1620877A__20160526__20160526,INTE1620877A,2016-05-30,2016-06-06,2016-05-26,2016-05-26,1,0,0,0,1,4.0,11.0,15.0,15,0,2016-05-30,2016-06-06,50,4,4,2016-05-26,2016-05-26,2,2,0.25,0.5,7,False
WD_MERGE_2024-08-19---2024-08-26_duration_7_days_cluster_170_A0_000005_A_000006_lat_04827_lon_-0328_size_0063,INTE2427051A__20240831__20240831,INTE2427051A,2024-08-19,2024-08-26,2024-08-31,2024-08-31,1,0,0,0,1,12.0,5.0,17.0,17,0,2024-08-19,2024-08-26,38,4,4,2024-08-31,2024-08-31,3,2,0.25,0.5,3,False
WD_MERGE_2022-11-14---2022-11-21_duration_7_days_cluster_281_A0_000002_A_000002_lat_04367_lon_00454_size_0030,IOME2235873A__20221109__20221109,IOME2235873A,2022-11-14,2022-11-21,2022-11-09,2022-11-09,1,0,0,0,1,5.0,12.0,17.0,17,0,2022-11-14,2022-11-21,14,4,4,2022-11-09,2022-11-09,5,2,0.25,0.5,2,False
WD_MERGE_2022-11-14---2022-11-21_duration_7_days_cluster_281_A0_000002_A_000002_lat_04367_lon_00454_size_0030,IOME2301092A__20221109__20221109,IOME2301092A,2022-11-14,2022-11-21,2022-11-09,2022-11-09,1,0,0,0,1,5.0,12.0,17.0,17,0,2022-11-14,2022-11-21,14,4,4,2022-11-09,2022-11-09,2,2,0.25,0.5,3,False
WD_MERGE_2024-01-01---2024-02-19_duration_35_days_cluster_334_A0_002595_A_002920_lat_05238_lon_01260_size_0503,IOME2407754A__20240102__20240103,IOME2407754A,2024-01-01,2024-02-19,2024-01-02,2024-01-03,1,0,0,0,1,1.0,47.0,48.0,48,2,2024-01-01,2024-02-19,209,4,4,2024-01-02,2024-01-03,5,2,0.25,0.5,7,False
WD_MERGE_2016-05-30---2016-06-06_duration_7_days_cluster_110_A0_000048_A_000077_lat_04747_lon_-0062_size_0013,INTE1625246A__20160529__20160530,INTE1625246A,2016-05-30,2016-06-06,2016-05-29,2016-05-30,1,0,1,0,1,1.0,7.0,8.0,8,1,2016-05-30,2016-06-06,50,4,4,2016-05-29,2016-05-30,8,3,0.25,0.3333333333333333,8,False
WD_MERGE_2017-07-10---2017-07-17_duration_7_days_cluster_158_A0_000001_A_000001_lat_04730_lon_-0237_size_0017,INTE1731318A__20170709__20170709,INTE1731318A,2017-07-10,2017-07-17,2017-07-09,2017-07-09,1,0,0,0,1,1.0,8.0,9.0,9,0,2017-07-10,2017-07-17,12,4,4,2017-07-09,2017-07-09,4,3,0.25,0.3333333333333333,1,True
WD_MERGE_2020-08-17---2020-08-24_duration_7_days_cluster_222_A0_000009_A_000011_lat_04824_lon_-0344_size_0064,INTE2023938A__20200816__20200816,INTE2023938A,2020-08-17,2020-08-24,2020-08-16,2020-08-16,1,0,0,0,1,1.0,8.0,9.0,9,0,2020-08-17,2020-08-24,59,4,4,2020-08-16,2020-08-16,6,3,0.25,0.3333333333333333,3,False
WD_MERGE_2020-08-17---2020-08-24_duration_7_days_cluster_222_A0_000009_A_000011_lat_04824_lon_-0344_size_0064,INTE2027600A__20200816__20200816,INTE2027600A,2020-08-17,2020-08-24,2020-08-16,2020-08-16,1,0,0,0,1,1.0,8.0,9.0,9,0,2020-08-17,2020-08-24,59,4,4,2020-08-16,2020-08-16,3,3,0.25,0.3333333333333333,4,False
WD_MERGE_2017-01-30---2017-02-06_duration_7_days_cluster_041_A0_000003_A_000003_lat_04364_lon_00425_size_0004,INTE1711727A__20170127__20170128,INTE1711727A,2017-01-30,2017-02-06,2017-01-27,2017-01-28,1,0,0,0,1,3.0,9.0,12.0,12,0,2017-01-30,2017-02-06,11,4,4,2017-01-27,2017-01-28,10,3,0.25,0.3333333333333333,2,False
WD_MERGE_2017-06-26---2017-07-03_duration_7_days_cluster_143_A0_000004_A_000005_lat_04751_lon_-0292_size_0039,INTE1731318A__20170709__20170709,INTE1731318A,2017-06-26,2017-07-03,2017-07-09,2017-07-09,1,0,0,0,1,13.0,6.0,19.0,19,0,2017-06-26,2017-07-03,39,4,4,2017-07-09,2017-07-09,4,3,0.25,0.3333333333333333,1,False
WD_MERGE_2017-01-30---2017-02-06_duration_7_days_cluster_041_A0_000003_A_000003_lat_04364_lon_00425_size_0004,INTE1711727A__20170213__20170214,INTE1711727A,2017-01-30,2017-02-06,2017-02-13,2017-02-14,1,0,0,0,1,14.0,8.0,22.0,22,0,2017-01-30,2017-02-06,11,4,4,2017-02-13,2017-02-14,25,3,0.25,0.3333333333333333,3,False
WD_MERGE_2024-06-24---2024-07-08_duration_14_days_cluster_103_A0_000011_A_000012_lat_04804_lon_-0302_size_0095,INTE2424582A__20240619__20240619,INTE2424582A,2024-06-24,2024-07-08,2024-06-19,2024-06-19,1,0,0,0,1,5.0,19.0,24.0,24,0,2024-06-24,2024-07-08,52,4,4,2024-06-19,2024-06-19,7,3,0.25,0.3333333333333333,3,False
WD_MERGE_2024-06-24---2024-07-08_duration_14_days_cluster_103_A0_000011_A_000012_lat_04804_lon_-0302_size_0095,INTE2424582A__20240616__20240620,INTE2424582A,2024-06-24,2024-07-08,2024-06-16,2024-06-20,1,0,0,0,1,8.0,18.0,26.0,26,0,2024-06-24,2024-07-08,52,4,4,2024-06-16,2024-06-20,11,3,0.25,0.3333333333333333,4,False
WD_MERGE_2024-01-01---2024-02-19_duration_35_days_cluster_334_A0_002595_A_002920_lat_05238_lon_01260_size_0503,IOME2407754A__20240102__20240104,IOME2407754A,2024-01-01,2024-02-19,2024-01-02,2024-01-04,1,0,0,0,1,1.0,46.0,47.0,47,3,2024-01-01,2024-02-19,209,4,4,2024-01-02,2024-01-04,15,3,0.25,0.3333333333333333,8,False
WD_MERGE_2016-05-30---2016-06-06_duration_7_days_cluster_110_A0_000048_A_000077_lat_04747_lon_-0062_size_0013,INTE1620877A__20160529__20160530,INTE1620877A,2016-05-30,2016-06-06,2016-05-29,2016-05-30,1,0,1,0,1,1.0,7.0,8.0,8,1,2016-05-30,2016-06-06,50,4,4,2016-05-29,2016-05-30,4,4,0.25,0.25,9,False
WD_MERGE_2024-06-24---2024-07-08_duration_14_days_cluster_103_A0_000011_A_000012_lat_04804_lon_-0302_size_0095,INTE2424582A__20240617__20240617,INTE2424582A,2024-06-24,2024-07-08,2024-06-17,2024-06-17,1,0,0,0,1,7.0,21.0,28.0,28,0,2024-06-24,2024-07-08,52,4,4,2024-06-17,2024-06-17,6,4,0.25,0.25,5,False
WD_MERGE_2016-05-30---2016-06-06_duration_7_days_cluster_110_A0_000048_A_000077_lat_04747_lon_-0062_size_0013,INTE1620877A__20160529__20160531,INTE1620877A,2016-05-30,2016-06-06,2016-05-29,2016-05-31,1,0,1,0,1,1.0,6.0,7.0,7,2,2016-05-30,2016-06-06,50,4,4,2016-05-29,2016-05-31,15,5,0.25,0.2,10,False
WD_MERGE_2016-05-30---2016-06-06_duration_7_days_cluster_110_A0_000048_A_000077_lat_04747_lon_-0062_size_0013,INTE1620877A__20160528__20160530,INTE1620877A,2016-05-30,2016-06-06,2016-05-28,2016-05-30,1,0,1,0,1,2.0,7.0,9.0,9,1,2016-05-30,2016-06-06,50,4,4,2016-05-28,2016-05-30,21,5,0.25,0.2,11,False
WD_MERGE_2016-05-30---2016-06-06_duration_7_days_cluster_110_A0_000048_A_000077_lat_04747_lon_-0062_size_0013,INTE1620877A__20160529__20160529,INTE1620877A,2016-05-30,2016-06-06,2016-05-29,2016-05-29,1,0,0,0,1,1.0,8.0,9.0,9,0,2016-05-30,2016-06-06,50,4,4,2016-05-29,2016-05-29,7,5,0.25,0.2,12,False
WD_MERGE_2017-07-10---2017-07-17_duration_7_days_cluster_158_A0_000001_A_000001_lat_04730_lon_-0237_size_0017,INTE1726132A__20170709__20170709,INTE1726132A,2017-07-10,2017-07-17,2017-07-09,2017-07-09,1,0,0,0,1,1.0,8.0,9.0,9,0,2017-07-10,2017-07-17,12,4,4,2017-07-09,2017-07-09,10,6,0.25,0.16666666666666666,2,False
WD_MERGE_2016-05-30---2016-06-06_duration_7_days_cluster_110_A0_000048_A_000077_lat_04747_lon_-0062_size_0013,INTE1626972A__20160528__20160528,INTE1626972A,2016-05-30,2016-06-06,2016-05-28,2016-05-28,1,0,0,0,1,2.0,9.0,11.0,11,0,2016-05-30,2016-06-06,50,4,4,2016-05-28,2016-05-28,12,6,0.25,0.16666666666666666,13,False
WD_MERGE_2017-06-26---2017-07-03_duration_7_days_cluster_143_A0_000004_A_000005_lat_04751_lon_-0292_size_0039,INTE1726132A__20170709__20170709,INTE1726132A,2017-06-26,2017-07-03,2017-07-09,2017-07-09,1,0,0,0,1,13.0,6.0,19.0,19,0,2017-06-26,2017-07-03,39,4,4,2017-07-09,2017-07-09,10,6,0.25,0.16666666666666666,2,False
WD_MERGE_2016-05-30---2016-06-06_duration_7_days_cluster_110_A0_000048_A_000077_lat_04747_lon_-0062_size_0013,INTE1625246A__20160528__20160528,INTE1625246A,2016-05-30,2016-06-06,2016-05-28,2016-05-28,1,0,0,0,1,2.0,9.0,11.0,11,0,2016-05-30,2016-06-06,50,4,4,2016-05-28,2016-05-28,19,7,0.25,0.14285714285714285,14,False
WD_MERGE_2016-05-30---2016-06-06_duration_7_days_cluster_110_A0_000048_A_000077_lat_04747_lon_-0062_size_0013,INTE1620877A__20160530__20160531,INTE1620877A,2016-05-30,2016-06-06,2016-05-30,2016-05-31,1,0,1,1,1,0.0,6.0,6.0,6,2,2016-05-30,2016-06-06,50,4,4,2016-05-30,2016-05-31,31,8,0.25,0.125,15,False
WD_MERGE_2024-06-24---2024-07-08_duration_14_days_cluster_103_A0_000011_A_000012_lat_04804_lon_-0302_size_0095,IOME2418595A__20240617__20240621,IOME2418595A,2024-06-24,2024-07-08,2024-06-17,2024-06-21,1,0,0,0,1,7.0,17.0,24.0,24,0,2024-06-24,2024-07-08,52,4,4,2024-06-17,2024-06-21,290,9,0.25,0.1111111111111111,6,False
WD_MERGE_2016-05-30---2016-06-06_duration_7_days_cluster_110_A0_000048_A_000077_lat_04747_lon_-0062_size_0013,INTE1615488A__20160528__20160605,INTE1615488A,2016-05-30,2016-06-06,2016-05-28,2016-06-05,1,0,1,0,1,2.0,1.0,3.0,3,7,2016-05-30,2016-06-06,50,4,4,2016-05-28,2016-06-05,617,11,0.25,0.09090909090909091,16,False
WD_MERGE_2023-06-19---2023-06-26_duration_7_days_cluster_140_A0_000004_A_000004_lat_04402_lon_00037_size_0043,IOME2328840A__20230620__20230623,IOME2328840A,2023-06-19,2023-06-26,2023-06-20,2023-06-23,1,0,1,1,1,1.0,3.0,4.0,4,4,2023-06-19,2023-06-26,50,5,5,2023-06-20,2023-06-23,1,1,0.2,1.0,2,False
WD_MERGE_2018-02-26---2018-03-05_duration_7_days_cluster_033_A0_000021_A_000025_lat_04357_lon_00435_size_0015,INTE1810998A__20180228__20180302,INTE1810998A,2018-02-26,2018-03-05,2018-02-28,2018-03-02,1,0,1,1,1,2.0,3.0,5.0,5,3,2018-02-26,2018-03-05,39,5,5,2018-02-28,2018-03-02,2,1,0.2,1.0,1,True
WD_MERGE_2018-02-26---2018-03-05_duration_7_days_cluster_033_A0_000021_A_000025_lat_04357_lon_00435_size_0015,INTE1813670A__20180228__20180302,INTE1813670A,2018-02-26,2018-03-05,2018-02-28,2018-03-02,1,0,1,1,1,2.0,3.0,5.0,5,3,2018-02-26,2018-03-05,39,5,5,2018-02-28,2018-03-02,5,1,0.2,1.0,2,False
WD_MERGE_2018-02-26---2018-03-05_duration_7_days_cluster_033_A0_000021_A_000025_lat_04357_lon_00435_size_0015,INTE1835008A__20180228__20180302,INTE1835008A,2018-02-26,2018-03-05,2018-02-28,2018-03-02,1,0,1,1,1,2.0,3.0,5.0,5,3,2018-02-26,2018-03-05,39,5,5,2018-02-28,2018-03-02,2,1,0.2,1.0,3,False
WD_MERGE_2018-11-19---2018-11-26_duration_7_days_cluster_305_A0_000033_A_000038_lat_04376_lon_00494_size_0046,INTE1905473A__20181120__20181122,INTE1905473A,2018-11-19,2018-11-26,2018-11-20,2018-11-22,1,0,1,1,1,1.0,4.0,5.0,5,3,2018-11-19,2018-11-26,24,5,5,2018-11-20,2018-11-22,1,1,0.2,1.0,1,True
WD_MERGE_2023-06-19---2023-06-26_duration_7_days_cluster_140_A0_000004_A_000004_lat_04402_lon_00037_size_0043,IOME2324728A__20230620__20230622,IOME2324728A,2023-06-19,2023-06-26,2023-06-20,2023-06-22,1,0,1,1,1,1.0,4.0,5.0,5,3,2023-06-19,2023-06-26,50,5,5,2023-06-20,2023-06-22,6,1,0.2,1.0,3,False
WD_MERGE_2023-06-19---2023-06-26_duration_7_days_cluster_140_A0_000004_A_000004_lat_04402_lon_00037_size_0043,IOME2327460A__20230620__20230622,IOME2327460A,2023-06-19,2023-06-26,2023-06-20,2023-06-22,1,0,1,1,1,1.0,4.0,5.0,5,3,2023-06-19,2023-06-26,50,5,5,2023-06-20,2023-06-22,2,1,0.2,1.0,4,False
WD_MERGE_2018-02-26---2018-03-05_duration_7_days_cluster_033_A0_000021_A_000025_lat_04357_lon_00435_size_0015,INTE1810998A__20180228__20180301,INTE1810998A,2018-02-26,2018-03-05,2018-02-28,2018-03-01,1,0,1,1,1,2.0,4.0,6.0,6,2,2018-02-26,2018-03-05,39,5,5,2018-02-28,2018-03-01,1,1,0.2,1.0,4,False
WD_MERGE_2018-02-26---2018-03-05_duration_7_days_cluster_033_A0_000021_A_000025_lat_04357_lon_00435_size_0015,INTE1813670A__20180228__20180301,INTE1813670A,2018-02-26,2018-03-05,2018-02-28,2018-03-01,1,0,1,1,1,2.0,4.0,6.0,6,2,2018-02-26,2018-03-05,39,5,5,2018-02-28,2018-03-01,3,1,0.2,1.0,5,False
WD_MERGE_2018-11-19---2018-11-26_duration_7_days_cluster_305_A0_000033_A_000038_lat_04376_lon_00494_size_0046,INTE1901604A__20181123__20181124,INTE1901604A,2018-11-19,2018-11-26,2018-11-23,2018-11-24,1,0,1,1,1,4.0,2.0,6.0,6,2,2018-11-19,2018-11-26,24,5,5,2018-11-23,2018-11-24,1,1,0.2,1.0,2,False
WD_MERGE_2018-11-19---2018-11-26_duration_7_days_cluster_305_A0_000033_A_000038_lat_04376_lon_00494_size_0046,INTE1905473A__20181120__20181121,INTE1905473A,2018-11-19,2018-11-26,2018-11-20,2018-11-21,1,0,1,1,1,1.0,5.0,6.0,6,2,2018-11-19,2018-11-26,24,5,5,2018-11-20,2018-11-21,1,1,0.2,1.0,3,False
WD_MERGE_2023-06-19---2023-06-26_duration_7_days_cluster_140_A0_000004_A_000004_lat_04402_lon_00037_size_0043,INTE2430293A__20230620__20230621,INTE2430293A,2023-06-19,2023-06-26,2023-06-20,2023-06-21,1,0,1,1,1,1.0,5.0,6.0,6,2,2023-06-19,2023-06-26,50,5,5,2023-06-20,2023-06-21,1,1,0.2,1.0,5,False
WD_MERGE_2023-06-19---2023-06-26_duration_7_days_cluster_140_A0_000004_A_000004_lat_04402_lon_00037_size_0043,IOME2325523A__20230621__20230622,IOME2325523A,2023-06-19,2023-06-26,2023-06-21,2023-06-22,1,0,1,1,1,2.0,4.0,6.0,6,2,2023-06-19,2023-06-26,50,5,5,2023-06-21,2023-06-22,2,1,0.2,1.0,6,False
WD_MERGE_2023-06-19---2023-06-26_duration_7_days_cluster_140_A0_000004_A_000004_lat_04402_lon_00037_size_0043,IOME2327460A__20230620__20230621,IOME2327460A,2023-06-19,2023-06-26,2023-06-20,2023-06-21,1,0,1,1,1,1.0,5.0,6.0,6,2,2023-06-19,2023-06-26,50,5,5,2023-06-20,2023-06-21,1,1,0.2,1.0,7,False
WD_MERGE_2018-02-26---2018-03-05_duration_7_days_cluster_033_A0_000021_A_000025_lat_04357_lon_00435_size_0015,INTE1810998A__20180301__20180301,INTE1810998A,2018-02-26,2018-03-05,2018-03-01,2018-03-01,1,0,1,1,1,3.0,4.0,7.0,7,1,2018-02-26,2018-03-05,39,5,5,2018-03-01,2018-03-01,1,1,0.2,1.0,6,False
WD_MERGE_2018-11-19---2018-11-26_duration_7_days_cluster_305_A0_000033_A_000038_lat_04376_lon_00494_size_0046,INTE1905473A__20181120__20181120,INTE1905473A,2018-11-19,2018-11-26,2018-11-20,2018-11-20,1,0,1,1,1,1.0,6.0,7.0,7,1,2018-11-19,2018-11-26,24,5,5,2018-11-20,2018-11-20,4,1,0.2,1.0,4,False
WD_MERGE_2018-11-19---2018-11-26_duration_7_days_cluster_305_A0_000033_A_000038_lat_04376_lon_00494_size_0046,INTE1910693A__20181120__20181120,INTE1910693A,2018-11-19,2018-11-26,2018-11-20,2018-11-20,1,0,1,1,1,1.0,6.0,7.0,7,1,2018-11-19,2018-11-26,24,5,5,2018-11-20,2018-11-20,1,1,0.2,1.0,5,False
WD_MERGE_2018-11-19---2018-11-26_duration_7_days_cluster_305_A0_000033_A_000038_lat_04376_lon_00494_size_0046,INTE1932508A__20181120__20181120,INTE1932508A,2018-11-19,2018-11-26,2018-11-20,2018-11-20,1,0,1,1,1,1.0,6.0,7.0,7,1,2018-11-19,2018-11-26,24,5,5,2018-11-20,2018-11-20,1,1,0.2,1.0,6,False
WD_MERGE_2023-06-19---2023-06-26_duration_7_days_cluster_140_A0_000004_A_000004_lat_04402_lon_00037_size_0043,IOME2325523A__20230621__20230621,IOME2325523A,2023-06-19,2023-06-26,2023-06-21,2023-06-21,1,0,1,1,1,2.0,5.0,7.0,7,1,2023-06-19,2023-06-26,50,5,5,2023-06-21,2023-06-21,1,1,0.2,1.0,8,False
WD_MERGE_2023-06-19---2023-06-26_duration_7_days_cluster_140_A0_000004_A_000004_lat_04402_lon_00037_size_0043,IOME2333648A__20230621__20230621,IOME2333648A,2023-06-19,2023-06-26,2023-06-21,2023-06-21,1,0,1,1,1,2.0,5.0,7.0,7,1,2023-06-19,2023-06-26,50,5,5,2023-06-21,2023-06-21,1,1,0.2,1.0,9,False
WD_MERGE_2023-06-19---2023-06-26_duration_7_days_cluster_140_A0_000004_A_000004_lat_04402_lon_00037_size_0043,IOME2407754A__20230620__20230620,IOME2407754A,2023-06-19,2023-06-26,2023-06-20,2023-06-20,1,0,1,1,1,1.0,6.0,7.0,7,1,2023-06-19,2023-06-26,50,5,5,2023-06-20,2023-06-20,1,1,0.2,1.0,10,False
WD_MERGE_2023-06-19---2023-06-26_duration_7_days_cluster_140_A0_000004_A_000004_lat_04402_lon_00037_size_0043,IOME2410378A__20230621__20230621,IOME2410378A,2023-06-19,2023-06-26,2023-06-21,2023-06-21,1,0,1,1,1,2.0,5.0,7.0,7,1,2023-06-19,2023-06-26,50,5,5,2023-06-21,2023-06-21,1,1,0.2,1.0,11,False
WD_MERGE_2023-06-19---2023-06-26_duration_7_days_cluster_140_A0_000004_A_000004_lat_04402_lon_00037_size_0043,IOME2411920A__20230618__20230618,IOME2411920A,2023-06-19,2023-06-26,2023-06-18,2023-06-18,1,0,0,0,1,1.0,8.0,9.0,9,0,2023-06-19,2023-06-26,50,5,5,2023-06-18,2023-06-18,1,1,0.2,1.0,12,False
WD_MERGE_2024-05-27---2024-06-03_duration_7_days_cluster_080_A0_000007_A_000008_lat_04825_lon_00215_size_0019,IOME2420215A__20240523__20240524,IOME2420215A,2024-05-27,2024-06-03,2024-05-23,2024-05-24,1,0,0,0,1,4.0,10.0,14.0,14,0,2024-05-27,2024-06-03,81,5,5,2024-05-23,2024-05-24,1,1,0.2,1.0,1,True
WD_MERGE_2021-05-17---2021-05-31_duration_14_days_cluster_106_A0_000067_A_000076_lat_04357_lon_00458_size_0015,INTE2137449A__20210510__20210511,INTE2137449A,2021-05-17,2021-05-31,2021-05-10,2021-05-11,1,0,0,0,1,7.0,20.0,27.0,27,0,2021-05-17,2021-05-31,27,5,5,2021-05-10,2021-05-11,3,1,0.2,1.0,1,True
WD_MERGE_2021-05-17---2021-05-31_duration_14_days_cluster_106_A0_000067_A_000076_lat_04357_lon_00458_size_0015,INTE2121339A__20210510__20210510,INTE2121339A,2021-05-17,2021-05-31,2021-05-10,2021-05-10,1,0,0,0,1,7.0,21.0,28.0,28,0,2021-05-17,2021-05-31,27,5,5,2021-05-10,2021-05-10,1,1,0.2,1.0,2,False
WD_MERGE_2021-05-17---2021-05-31_duration_14_days_cluster_106_A0_000067_A_000076_lat_04357_lon_00458_size_0015,INTE2137449A__20210510__20210510,INTE2137449A,2021-05-17,2021-05-31,2021-05-10,2021-05-10,1,0,0,0,1,7.0,21.0,28.0,28,0,2021-05-17,2021-05-31,27,5,5,2021-05-10,2021-05-10,2,1,0.2,1.0,3,False
WD_MERGE_2023-04-24---2023-06-05_duration_42_days_cluster_077_A0_000314_A_000408_lat_04477_lon_01163_size_0382,IOME2320253A__20230522__20230523,IOME2320253A,2023-04-24,2023-06-05,2023-05-22,2023-05-23,1,0,0,0,1,28.0,13.0,41.0,41,2,2023-04-24,2023-06-05,31,5,5,2023-05-22,2023-05-23,1,1,0.2,1.0,1,True
WD_MERGE_2023-04-24---2023-06-05_duration_42_days_cluster_077_A0_000314_A_000408_lat_04477_lon_01163_size_0382,IOME2407754A__20230522__20230523,IOME2407754A,2023-04-24,2023-06-05,2023-05-22,2023-05-23,1,0,0,0,1,28.0,13.0,41.0,41,2,2023-04-24,2023-06-05,31,5,5,2023-05-22,2023-05-23,1,1,0.2,1.0,2,False
WD_MERGE_2023-04-24---2023-06-05_duration_42_days_cluster_077_A0_000314_A_000408_lat_04477_lon_01163_size_0382,IOME2318044A__20230530__20230530,IOME2318044A,2023-04-24,2023-06-05,2023-05-30,2023-05-30,1,0,0,0,1,36.0,6.0,42.0,42,1,2023-04-24,2023-06-05,31,5,5,2023-05-30,2023-05-30,1,1,0.2,1.0,3,False
WD_MERGE_2023-04-24---2023-06-05_duration_42_days_cluster_077_A0_000314_A_000408_lat_04477_lon_01163_size_0382,IOME2318044A__20230604__20230604,IOME2318044A,2023-04-24,2023-06-05,2023-06-04,2023-06-04,1,0,0,0,1,41.0,1.0,42.0,42,1,2023-04-24,2023-06-05,31,5,5,2023-06-04,2023-06-04,1,1,0.2,1.0,4,False
WD_MERGE_2023-04-24---2023-06-05_duration_42_days_cluster_077_A0_000314_A_000408_lat_04477_lon_01163_size_0382,IOME2320253A__20230602__20230602,IOME2320253A,2023-04-24,2023-06-05,2023-06-02,2023-06-02,1,0,0,0,1,39.0,3.0,42.0,42,1,2023-04-24,2023-06-05,31,5,5,2023-06-02,2023-06-02,1,1,0.2,1.0,5,False
WD_MERGE_2023-04-24---2023-06-05_duration_42_days_cluster_077_A0_000314_A_000408_lat_04477_lon_01163_size_0382,IOME2324728A__20230609__20230610,IOME2324728A,2023-04-24,2023-06-05,2023-06-09,2023-06-10,1,0,0,0,1,46.0,5.0,51.0,51,0,2023-04-24,2023-06-05,31,5,5,2023-06-09,2023-06-10,1,1,0.2,1.0,6,False
WD_MERGE_2023-04-24---2023-06-05_duration_42_days_cluster_077_A0_000314_A_000408_lat_04477_lon_01163_size_0382,IOME2318044A__20230612__20230612,IOME2318044A,2023-04-24,2023-06-05,2023-06-12,2023-06-12,1,0,0,0,1,49.0,7.0,56.0,56,0,2023-04-24,2023-06-05,31,5,5,2023-06-12,2023-06-12,1,1,0.2,1.0,7,False
WD_MERGE_2023-06-19---2023-06-26_duration_7_days_cluster_140_A0_000004_A_000004_lat_04402_lon_00037_size_0043,IOME2320253A__20230619__20230621,IOME2320253A,2023-06-19,2023-06-26,2023-06-19,2023-06-21,1,0,1,1,1,0.0,5.0,5.0,5,3,2023-06-19,2023-06-26,50,5,5,2023-06-19,2023-06-21,43,2,0.2,0.5,13,False
WD_MERGE_2023-06-19---2023-06-26_duration_7_days_cluster_140_A0_000004_A_000004_lat_04402_lon_00037_size_0043,IOME2324728A__20230620__20230621,IOME2324728A,2023-06-19,2023-06-26,2023-06-20,2023-06-21,1,0,1,1,1,1.0,5.0,6.0,6,2,2023-06-19,2023-06-26,50,5,5,2023-06-20,2023-06-21,5,2,0.2,0.5,14,False
WD_MERGE_2023-06-19---2023-06-26_duration_7_days_cluster_140_A0_000004_A_000004_lat_04402_lon_00037_size_0043,IOME2327460A__20230620__20230620,IOME2327460A,2023-06-19,2023-06-26,2023-06-20,2023-06-20,1,0,1,1,1,1.0,6.0,7.0,7,1,2023-06-19,2023-06-26,50,5,5,2023-06-20,2023-06-20,3,2,0.2,0.5,15,False
WD_MERGE_2024-10-07---2024-10-21_duration_14_days_cluster_226_A0_000009_A_000009_lat_04785_lon_-0287_size_0091,INTE2501371A__20241007__20241012,INTE2501371A,2024-10-07,2024-10-21,2024-10-07,2024-10-12,1,0,0,0,1,0.0,9.0,9.0,9,6,2024-10-07,2024-10-21,51,5,5,2024-10-07,2024-10-12,2,2,0.2,0.5,1,True
WD_MERGE_2024-10-07---2024-10-21_duration_14_days_cluster_226_A0_000009_A_000009_lat_04785_lon_-0287_size_0091,INTE2430293A__20241008__20241008,INTE2430293A,2024-10-07,2024-10-21,2024-10-08,2024-10-08,1,0,0,0,1,1.0,13.0,14.0,14,1,2024-10-07,2024-10-21,51,5,5,2024-10-08,2024-10-08,3,2,0.2,0.5,2,False
WD_MERGE_2024-10-07---2024-10-21_duration_14_days_cluster_226_A0_000009_A_000009_lat_04785_lon_-0287_size_0091,INTE2505371A__20241008__20241008,INTE2505371A,2024-10-07,2024-10-21,2024-10-08,2024-10-08,1,0,0,0,1,1.0,13.0,14.0,14,1,2024-10-07,2024-10-21,51,5,5,2024-10-08,2024-10-08,2,2,0.2,0.5,3,False
WD_MERGE_2024-05-27---2024-06-03_duration_7_days_cluster_080_A0_000007_A_000008_lat_04825_lon_00215_size_0019,IOME2415152A__20240521__20240521,IOME2415152A,2024-05-27,2024-06-03,2024-05-21,2024-05-21,1,0,0,0,1,6.0,13.0,19.0,19,0,2024-05-27,2024-06-03,81,5,5,2024-05-21,2024-05-21,2,2,0.2,0.5,2,False
WD_MERGE_2021-05-17---2021-05-31_duration_14_days_cluster_106_A0_000067_A_000076_lat_04357_lon_00458_size_0015,INTE2201262A__20210510__20210511,INTE2201262A,2021-05-17,2021-05-31,2021-05-10,2021-05-11,1,0,0,0,1,7.0,20.0,27.0,27,0,2021-05-17,2021-05-31,27,5,5,2021-05-10,2021-05-11,4,2,0.2,0.5,4,False
WD_MERGE_2021-05-17---2021-05-31_duration_14_days_cluster_106_A0_000067_A_000076_lat_04357_lon_00458_size_0015,INTE2201262A__20210510__20210510,INTE2201262A,2021-05-17,2021-05-31,2021-05-10,2021-05-10,1,0,0,0,1,7.0,21.0,28.0,28,0,2021-05-17,2021-05-31,27,5,5,2021-05-10,2021-05-10,2,2,0.2,0.5,5,False
WD_MERGE_2023-04-24---2023-06-05_duration_42_days_cluster_077_A0_000314_A_000408_lat_04477_lon_01163_size_0382,IOME2318044A__20230605__20230605,IOME2318044A,2023-04-24,2023-06-05,2023-06-05,2023-06-05,1,0,0,0,1,42.0,0.0,42.0,42,1,2023-04-24,2023-06-05,31,5,5,2023-06-05,2023-06-05,2,2,0.2,0.5,8,False
WD_MERGE_2023-06-19---2023-06-26_duration_7_days_cluster_140_A0_000004_A_000004_lat_04402_lon_00037_size_0043,IOME2324728A__20230620__20230620,IOME2324728A,2023-06-19,2023-06-26,2023-06-20,2023-06-20,1,0,1,1,1,1.0,6.0,7.0,7,1,2023-06-19,2023-06-26,50,5,5,2023-06-20,2023-06-20,7,3,0.2,0.3333333333333333,16,False
WD_MERGE_2023-06-19---2023-06-26_duration_7_days_cluster_140_A0_000004_A_000004_lat_04402_lon_00037_size_0043,IOME2324728A__20230613__20230613,IOME2324728A,2023-06-19,2023-06-26,2023-06-13,2023-06-13,1,0,0,0,1,6.0,13.0,19.0,19,0,2023-06-19,2023-06-26,50,5,5,2023-06-13,2023-06-13,8,3,0.2,0.3333333333333333,17,False
WD_MERGE_2024-05-27---2024-06-03_duration_7_days_cluster_080_A0_000007_A_000008_lat_04825_lon_00215_size_0019,IOME2415880A__20240521__20240521,IOME2415880A,2024-05-27,2024-06-03,2024-05-21,2024-05-21,1,0,0,0,1,6.0,13.0,19.0,19,0,2024-05-27,2024-06-03,81,5,5,2024-05-21,2024-05-21,3,3,0.2,0.3333333333333333,3,False
WD_MERGE_2023-06-19---2023-06-26_duration_7_days_cluster_140_A0_000004_A_000004_lat_04402_lon_00037_size_0043,IOME2324728A__20230612__20230613,IOME2324728A,2023-06-19,2023-06-26,2023-06-12,2023-06-13,1,0,0,0,1,7.0,13.0,20.0,20,0,2023-06-19,2023-06-26,50,5,5,2023-06-12,2023-06-13,11,3,0.2,0.3333333333333333,18,False
WD_MERGE_2024-10-07---2024-10-21_duration_14_days_cluster_226_A0_000009_A_000009_lat_04785_lon_-0287_size_0091,INTE2428510A__20241007__20241012,INTE2428510A,2024-10-07,2024-10-21,2024-10-07,2024-10-12,1,0,0,0,1,0.0,9.0,9.0,9,6,2024-10-07,2024-10-21,51,5,5,2024-10-07,2024-10-12,15,4,0.2,0.25,4,False
WD_MERGE_2023-06-19---2023-06-26_duration_7_days_cluster_140_A0_000004_A_000004_lat_04402_lon_00037_size_0043,IOME2320253A__20230613__20230613,IOME2320253A,2023-06-19,2023-06-26,2023-06-13,2023-06-13,1,0,0,0,1,6.0,13.0,19.0,19,0,2023-06-19,2023-06-26,50,5,5,2023-06-13,2023-06-13,10,4,0.2,0.25,19,False
WD_MERGE_2024-05-27---2024-06-03_duration_7_days_cluster_080_A0_000007_A_000008_lat_04825_lon_00215_size_0019,IOME2420215A__20240520__20240520,IOME2420215A,2024-05-27,2024-06-03,2024-05-20,2024-05-20,1,0,0,0,1,7.0,14.0,21.0,21,0,2024-05-27,2024-06-03,81,5,5,2024-05-20,2024-05-20,4,4,0.2,0.25,4,False
WD_MERGE_2023-06-19---2023-06-26_duration_7_days_cluster_140_A0_000004_A_000004_lat_04402_lon_00037_size_0043,IOME2324728A__20230621__20230621,IOME2324728A,2023-06-19,2023-06-26,2023-06-21,2023-06-21,1,0,1,1,1,2.0,5.0,7.0,7,1,2023-06-19,2023-06-26,50,5,5,2023-06-21,2023-06-21,12,5,0.2,0.2,20,False
WD_MERGE_2023-04-24---2023-06-05_duration_42_days_cluster_077_A0_000314_A_000408_lat_04477_lon_01163_size_0382,IOME2320253A__20230611__20230611,IOME2320253A,2023-04-24,2023-06-05,2023-06-11,2023-06-11,1,0,0,0,1,48.0,6.0,54.0,54,0,2023-04-24,2023-06-05,31,5,5,2023-06-11,2023-06-11,14,6,0.2,0.16666666666666666,9,False
WD_MERGE_2024-08-05---2024-08-12_duration_7_days_cluster_157_A0_000004_A_000005_lat_04837_lon_-0342_size_0049,INTE2424582A__20240730__20240730,INTE2424582A,2024-08-05,2024-08-12,2024-07-30,2024-07-30,1,0,0,0,1,6.0,13.0,19.0,19,0,2024-08-05,2024-08-12,28,5,5,2024-07-30,2024-07-30,53,15,0.2,0.06666666666666667,1,True
WD_MERGE_2015-02-09---2015-03-09_duration_21_days_cluster_030_A0_000136_A_000201_lat_04219_lon_-0233_size_0175,INTE1705706A__20150218__20150303,INTE1705706A,2015-02-09,2015-03-09,2015-02-18,2015-03-03,1,0,0,0,1,9.0,6.0,15.0,15,14,2015-02-09,2015-03-09,126,6,6,2015-02-18,2015-03-03,1,1,0.16666666666666666,1.0,1,True
WD_MERGE_2020-07-13---2020-07-27_duration_14_days_cluster_180_A0_000004_A_000005_lat_04407_lon_00469_size_0070,INTE2027600A__20200710__20200710,INTE2027600A,2020-07-13,2020-07-27,2020-07-10,2020-07-10,1,0,0,0,1,3.0,17.0,20.0,20,0,2020-07-13,2020-07-27,31,6,6,2020-07-10,2020-07-10,1,1,0.16666666666666666,1.0,1,True
WD_MERGE_2018-05-21---2018-05-28_duration_7_days_cluster_088_A0_000045_A_000051_lat_04358_lon_00460_size_0016,INTE1818802A__20180603__20180606,INTE1818802A,2018-05-21,2018-05-28,2018-06-03,2018-06-06,1,0,0,0,1,13.0,9.0,22.0,22,0,2018-05-21,2018-05-28,19,6,6,2018-06-03,2018-06-06,1,1,0.16666666666666666,1.0,1,True
WD_MERGE_2015-02-09---2015-03-09_duration_21_days_cluster_030_A0_000136_A_000201_lat_04219_lon_-0233_size_0175,INTE1516409A__20150225__20150316,INTE1516409A,2015-02-09,2015-03-09,2015-02-25,2015-03-16,1,0,0,0,1,16.0,7.0,23.0,23,13,2015-02-09,2015-03-09,126,6,6,2015-02-25,2015-03-16,1,1,0.16666666666666666,1.0,2,False
WD_MERGE_2018-05-21---2018-05-28_duration_7_days_cluster_088_A0_000045_A_000051_lat_04358_lon_00460_size_0016,INTE1818802A__20180604__20180606,INTE1818802A,2018-05-21,2018-05-28,2018-06-04,2018-06-06,1,0,0,0,1,14.0,9.0,23.0,23,0,2018-05-21,2018-05-28,19,6,6,2018-06-04,2018-06-06,2,1,0.16666666666666666,1.0,2,False
WD_MERGE_2015-02-09---2015-03-09_duration_21_days_cluster_030_A0_000136_A_000201_lat_04219_lon_-0233_size_0175,INTE1705706A__20150224__20150228,INTE1705706A,2015-02-09,2015-03-09,2015-02-24,2015-02-28,1,0,0,0,1,15.0,9.0,24.0,24,5,2015-02-09,2015-03-09,126,6,6,2015-02-24,2015-02-28,1,1,0.16666666666666666,1.0,3,False
WD_MERGE_2015-02-09---2015-03-09_duration_21_days_cluster_030_A0_000136_A_000201_lat_04219_lon_-0233_size_0175,INTE1633036A__20150225__20150228,INTE1633036A,2015-02-09,2015-03-09,2015-02-25,2015-02-28,1,0,0,0,1,16.0,9.0,25.0,25,4,2015-02-09,2015-03-09,126,6,6,2015-02-25,2015-02-28,1,1,0.16666666666666666,1.0,4,False
WD_MERGE_2015-02-09---2015-03-09_duration_21_days_cluster_030_A0_000136_A_000201_lat_04219_lon_-0233_size_0175,INTE1705706A__20150224__20150227,INTE1705706A,2015-02-09,2015-03-09,2015-02-24,2015-02-27,1,0,0,0,1,15.0,10.0,25.0,25,4,2015-02-09,2015-03-09,126,6,6,2015-02-24,2015-02-27,1,1,0.16666666666666666,1.0,5,False
WD_MERGE_2015-02-09---2015-03-09_duration_21_days_cluster_030_A0_000136_A_000201_lat_04219_lon_-0233_size_0175,INTE1510045A__20150225__20150227,INTE1510045A,2015-02-09,2015-03-09,2015-02-25,2015-02-27,1,0,0,0,1,16.0,10.0,26.0,26,3,2015-02-09,2015-03-09,126,6,6,2015-02-25,2015-02-27,2,1,0.16666666666666666,1.0,6,False
WD_MERGE_2015-02-09---2015-03-09_duration_21_days_cluster_030_A0_000136_A_000201_lat_04219_lon_-0233_size_0175,INTE1516409A__20150224__20150226,INTE1516409A,2015-02-09,2015-03-09,2015-02-24,2015-02-26,1,0,0,0,1,15.0,11.0,26.0,26,3,2015-02-09,2015-03-09,126,6,6,2015-02-24,2015-02-26,1,1,0.16666666666666666,1.0,7,False
WD_MERGE_2015-02-09---2015-03-09_duration_21_days_cluster_030_A0_000136_A_000201_lat_04219_lon_-0233_size_0175,INTE1516409A__20150225__20150227,INTE1516409A,2015-02-09,2015-03-09,2015-02-25,2015-02-27,1,0,0,0,1,16.0,10.0,26.0,26,3,2015-02-09,2015-03-09,126,6,6,2015-02-25,2015-02-27,1,1,0.16666666666666666,1.0,8,False
WD_MERGE_2015-02-09---2015-03-09_duration_21_days_cluster_030_A0_000136_A_000201_lat_04219_lon_-0233_size_0175,INTE1607638A__20150225__20150227,INTE1607638A,2015-02-09,2015-03-09,2015-02-25,2015-02-27,1,0,0,0,1,16.0,10.0,26.0,26,3,2015-02-09,2015-03-09,126,6,6,2015-02-25,2015-02-27,1,1,0.16666666666666666,1.0,9,False
WD_MERGE_2015-02-09---2015-03-09_duration_21_days_cluster_030_A0_000136_A_000201_lat_04219_lon_-0233_size_0175,INTE1516409A__20150225__20150226,INTE1516409A,2015-02-09,2015-03-09,2015-02-25,2015-02-26,1,0,0,0,1,16.0,11.0,27.0,27,2,2015-02-09,2015-03-09,126,6,6,2015-02-25,2015-02-26,1,1,0.16666666666666666,1.0,10,False
WD_MERGE_2015-02-09---2015-03-09_duration_21_days_cluster_030_A0_000136_A_000201_lat_04219_lon_-0233_size_0175,INTE1510045A__20150227__20150227,INTE1510045A,2015-02-09,2015-03-09,2015-02-27,2015-02-27,1,0,0,0,1,18.0,10.0,28.0,28,1,2015-02-09,2015-03-09,126,6,6,2015-02-27,2015-02-27,1,1,0.16666666666666666,1.0,11,False
WD_MERGE_2015-02-09---2015-03-09_duration_21_days_cluster_030_A0_000136_A_000201_lat_04219_lon_-0233_size_0175,INTE1529936A__20150227__20150227,INTE1529936A,2015-02-09,2015-03-09,2015-02-27,2015-02-27,1,0,0,0,1,18.0,10.0,28.0,28,1,2015-02-09,2015-03-09,126,6,6,2015-02-27,2015-02-27,1,1,0.16666666666666666,1.0,12,False
WD_MERGE_2015-02-09---2015-03-09_duration_21_days_cluster_030_A0_000136_A_000201_lat_04219_lon_-0233_size_0175,INTE1610580A__20150226__20150226,INTE1610580A,2015-02-09,2015-03-09,2015-02-26,2015-02-26,1,0,0,0,1,17.0,11.0,28.0,28,1,2015-02-09,2015-03-09,126,6,6,2015-02-26,2015-02-26,1,1,0.16666666666666666,1.0,13,False
WD_MERGE_2024-02-05---2024-03-25_duration_49_days_cluster_346_A0_000254_A_000276_lat_04641_lon_01775_size_0160,IOME2415880A__20240309__20240310,IOME2415880A,2024-02-05,2024-03-25,2024-03-09,2024-03-10,1,0,0,0,1,33.0,15.0,48.0,48,2,2024-02-05,2024-03-25,22,6,6,2024-03-09,2024-03-10,1,1,0.16666666666666666,1.0,1,True
WD_MERGE_2024-02-05---2024-03-25_duration_49_days_cluster_346_A0_000254_A_000276_lat_04641_lon_01775_size_0160,IOME2413412A__20240310__20240310,IOME2413412A,2024-02-05,2024-03-25,2024-03-10,2024-03-10,1,0,0,0,1,34.0,15.0,49.0,49,1,2024-02-05,2024-03-25,22,6,6,2024-03-10,2024-03-10,6,1,0.16666666666666666,1.0,2,False
WD_MERGE_2024-02-05---2024-03-25_duration_49_days_cluster_346_A0_000254_A_000276_lat_04641_lon_01775_size_0160,IOME2411920A__20240331__20240401,IOME2411920A,2024-02-05,2024-03-25,2024-03-31,2024-04-01,1,0,0,0,1,55.0,7.0,62.0,62,0,2024-02-05,2024-03-25,22,6,6,2024-03-31,2024-04-01,1,1,0.16666666666666666,1.0,3,False
WD_MERGE_2015-02-09---2015-03-09_duration_21_days_cluster_030_A0_000136_A_000201_lat_04219_lon_-0233_size_0175,INTE1701176A__20150304__20150525,INTE1701176A,2015-02-09,2015-03-09,2015-03-04,2015-05-25,1,0,0,0,1,23.0,77.0,100.0,100,6,2015-02-09,2015-03-09,126,6,6,2015-03-04,2015-05-25,1,1,0.16666666666666666,1.0,14,False
WD_MERGE_2018-05-21---2018-05-28_duration_7_days_cluster_088_A0_000045_A_000051_lat_04358_lon_00460_size_0016,INTE1818802A__20180604__20180605,INTE1818802A,2018-05-21,2018-05-28,2018-06-04,2018-06-05,1,0,0,0,1,14.0,8.0,22.0,22,0,2018-05-21,2018-05-28,19,6,6,2018-06-04,2018-06-05,5,2,0.16666666666666666,0.5,3,False
WD_MERGE_2024-02-05---2024-03-25_duration_49_days_cluster_346_A0_000254_A_000276_lat_04641_lon_01775_size_0160,IOME2411920A__20240309__20240310,IOME2411920A,2024-02-05,2024-03-25,2024-03-09,2024-03-10,1,0,0,0,1,33.0,15.0,48.0,48,2,2024-02-05,2024-03-25,22,6,6,2024-03-09,2024-03-10,3,2,0.16666666666666666,0.5,4,False
WD_MERGE_2018-05-21---2018-05-28_duration_7_days_cluster_088_A0_000045_A_000051_lat_04358_lon_00460_size_0016,INTE1818802A__20180604__20180604,INTE1818802A,2018-05-21,2018-05-28,2018-06-04,2018-06-04,1,0,0,0,1,14.0,7.0,21.0,21,0,2018-05-21,2018-05-28,19,6,6,2018-06-04,2018-06-04,12,3,0.16666666666666666,0.3333333333333333,4,False
WD_MERGE_2024-02-05---2024-03-25_duration_49_days_cluster_346_A0_000254_A_000276_lat_04641_lon_01775_size_0160,IOME2410378A__20240309__20240310,IOME2410378A,2024-02-05,2024-03-25,2024-03-09,2024-03-10,1,0,0,0,1,33.0,15.0,48.0,48,2,2024-02-05,2024-03-25,22,6,6,2024-03-09,2024-03-10,5,3,0.16666666666666666,0.3333333333333333,5,False
WD_MERGE_2018-05-21---2018-05-28_duration_7_days_cluster_088_A0_000045_A_000051_lat_04358_lon_00460_size_0016,INTE1824833A__20180531__20180531,INTE1824833A,2018-05-21,2018-05-28,2018-05-31,2018-05-31,1,0,0,0,1,10.0,3.0,13.0,13,0,2018-05-21,2018-05-28,19,6,6,2018-05-31,2018-05-31,13,6,0.16666666666666666,0.16666666666666666,5,False
WD_MERGE_2018-05-21---2018-05-28_duration_7_days_cluster_088_A0_000045_A_000051_lat_04358_lon_00460_size_0016,INTE1818802A__20180531__20180531,INTE1818802A,2018-05-21,2018-05-28,2018-05-31,2018-05-31,1,0,0,0,1,10.0,3.0,13.0,13,0,2018-05-21,2018-05-28,19,6,6,2018-05-31,2018-05-31,38,7,0.16666666666666666,0.14285714285714285,6,False
WD_MERGE_2018-05-21---2018-05-28_duration_7_days_cluster_088_A0_000045_A_000051_lat_04358_lon_00460_size_0016,INTE1824833A__20180603__20180603,INTE1824833A,2018-05-21,2018-05-28,2018-06-03,2018-06-03,1,0,0,0,1,13.0,6.0,19.0,19,0,2018-05-21,2018-05-28,19,6,6,2018-06-03,2018-06-03,18,9,0.16666666666666666,0.1111111111111111,7,False
WD_MERGE_2017-01-16---2017-01-23_duration_7_days_cluster_020_A0_000005_A_000005_lat_04365_lon_00494_size_0055,INTE1717782A__20170122__20170124,INTE1717782A,2017-01-16,2017-01-23,2017-01-22,2017-01-24,1,0,1,0,1,6.0,1.0,7.0,7,2,2017-01-16,2017-01-23,21,7,7,2017-01-22,2017-01-24,1,1,0.14285714285714285,1.0,1,True
WD_MERGE_2022-06-27---2022-07-04_duration_7_days_cluster_142_A0_000002_A_000002_lat_04661_lon_00394_size_0035,IOME2221479A__20220625__20220627,IOME2221479A,2022-06-27,2022-07-04,2022-06-25,2022-06-27,1,0,1,0,1,2.0,7.0,9.0,9,1,2022-06-27,2022-07-04,30,7,7,2022-06-25,2022-06-27,1,1,0.14285714285714285,1.0,1,True
WD_MERGE_2024-07-01---2024-07-08_duration_7_days_cluster_118_A0_000009_A_000009_lat_04830_lon_00554_size_0025,IOME2421328A__20240709__20240709,IOME2421328A,2024-07-01,2024-07-08,2024-07-09,2024-07-09,1,0,0,0,1,8.0,1.0,9.0,9,0,2024-07-01,2024-07-08,62,7,7,2024-07-09,2024-07-09,4,1,0.14285714285714285,1.0,2,False
WD_MERGE_2024-07-01---2024-07-08_duration_7_days_cluster_118_A0_000009_A_000009_lat_04830_lon_00554_size_0025,IOME2420215A__20240627__20240701,IOME2420215A,2024-07-01,2024-07-08,2024-06-27,2024-07-01,1,0,1,0,1,4.0,7.0,11.0,11,1,2024-07-01,2024-07-08,62,7,7,2024-06-27,2024-07-01,40,1,0.14285714285714285,1.0,3,False
WD_MERGE_2024-07-01---2024-07-08_duration_7_days_cluster_118_A0_000009_A_000009_lat_04830_lon_00554_size_0025,IOME2421328A__20240629__20240629,IOME2421328A,2024-07-01,2024-07-08,2024-06-29,2024-06-29,1,0,0,0,1,2.0,9.0,11.0,11,0,2024-07-01,2024-07-08,62,7,7,2024-06-29,2024-06-29,1,1,0.14285714285714285,1.0,4,False
WD_MERGE_2024-07-01---2024-07-08_duration_7_days_cluster_118_A0_000009_A_000009_lat_04830_lon_00554_size_0025,INTE2505371A__20240711__20240711,INTE2505371A,2024-07-01,2024-07-08,2024-07-11,2024-07-11,1,0,0,0,1,10.0,3.0,13.0,13,0,2024-07-01,2024-07-08,62,7,7,2024-07-11,2024-07-11,1,1,0.14285714285714285,1.0,5,False
WD_MERGE_2024-07-01---2024-07-08_duration_7_days_cluster_118_A0_000009_A_000009_lat_04830_lon_00554_size_0025,INTE2424582A__20240626__20240626,INTE2424582A,2024-07-01,2024-07-08,2024-06-26,2024-06-26,1,0,0,0,1,5.0,12.0,17.0,17,0,2024-07-01,2024-07-08,62,7,7,2024-06-26,2024-06-26,3,1,0.14285714285714285,1.0,6,False
WD_MERGE_2022-06-27---2022-07-04_duration_7_days_cluster_142_A0_000002_A_000002_lat_04661_lon_00394_size_0035,IOME2220202A__20220620__20220622,IOME2220202A,2022-06-27,2022-07-04,2022-06-20,2022-06-22,1,0,0,0,1,7.0,12.0,19.0,19,0,2022-06-27,2022-07-04,30,7,7,2022-06-20,2022-06-22,5,1,0.14285714285714285,1.0,2,False
WD_MERGE_2022-06-27---2022-07-04_duration_7_days_cluster_142_A0_000002_A_000002_lat_04661_lon_00394_size_0035,IOME2220202A__20220621__20220621,IOME2220202A,2022-06-27,2022-07-04,2022-06-21,2022-06-21,1,0,0,0,1,6.0,13.0,19.0,19,0,2022-06-27,2022-07-04,30,7,7,2022-06-21,2022-06-21,1,1,0.14285714285714285,1.0,3,False
WD_MERGE_2022-06-27---2022-07-04_duration_7_days_cluster_142_A0_000002_A_000002_lat_04661_lon_00394_size_0035,IOME2220202A__20220619__20220621,IOME2220202A,2022-06-27,2022-07-04,2022-06-19,2022-06-21,1,0,0,0,1,8.0,13.0,21.0,21,0,2022-06-27,2022-07-04,30,7,7,2022-06-19,2022-06-21,6,1,0.14285714285714285,1.0,4,False
WD_MERGE_2022-06-27---2022-07-04_duration_7_days_cluster_142_A0_000002_A_000002_lat_04661_lon_00394_size_0035,IOME2221479A__20220619__20220620,IOME2221479A,2022-06-27,2022-07-04,2022-06-19,2022-06-20,1,0,0,0,1,8.0,14.0,22.0,22,0,2022-06-27,2022-07-04,30,7,7,2022-06-19,2022-06-20,2,1,0.14285714285714285,1.0,5,False
WD_MERGE_2024-05-20---2024-05-27_duration_7_days_cluster_072_A0_000007_A_000008_lat_04780_lon_00428_size_0047,INTE2517855A__20240531__20240629,INTE2517855A,2024-05-20,2024-05-27,2024-05-31,2024-06-29,1,0,0,0,1,11.0,33.0,44.0,44,0,2024-05-20,2024-05-27,86,7,7,2024-05-31,2024-06-29,1,1,0.14285714285714285,1.0,1,True
WD_MERGE_2024-07-01---2024-07-08_duration_7_days_cluster_118_A0_000009_A_000009_lat_04830_lon_00554_size_0025,IOME2421328A__20240710__20240711,IOME2421328A,2024-07-01,2024-07-08,2024-07-10,2024-07-11,1,0,0,0,1,9.0,3.0,12.0,12,0,2024-07-01,2024-07-08,62,7,7,2024-07-10,2024-07-11,8,2,0.14285714285714285,0.5,7,False
WD_MERGE_2024-07-01---2024-07-08_duration_7_days_cluster_118_A0_000009_A_000009_lat_04830_lon_00554_size_0025,IOME2421328A__20240711__20240711,IOME2421328A,2024-07-01,2024-07-08,2024-07-11,2024-07-11,1,0,0,0,1,10.0,3.0,13.0,13,0,2024-07-01,2024-07-08,62,7,7,2024-07-11,2024-07-11,3,2,0.14285714285714285,0.5,8,False
WD_MERGE_2022-06-27---2022-07-04_duration_7_days_cluster_142_A0_000002_A_000002_lat_04661_lon_00394_size_0035,IOME2222390A__20220622__20220622,IOME2222390A,2022-06-27,2022-07-04,2022-06-22,2022-06-22,1,0,0,0,1,5.0,12.0,17.0,17,0,2022-06-27,2022-07-04,30,7,7,2022-06-22,2022-06-22,2,2,0.14285714285714285,0.5,6,False
WD_MERGE_2024-07-01---2024-07-08_duration_7_days_cluster_118_A0_000009_A_000009_lat_04830_lon_00554_size_0025,IOME2420215A__20240626__20240626,IOME2420215A,2024-07-01,2024-07-08,2024-06-26,2024-06-26,1,0,0,0,1,5.0,12.0,17.0,17,0,2024-07-01,2024-07-08,62,7,7,2024-06-26,2024-06-26,3,2,0.14285714285714285,0.5,9,False
WD_MERGE_2024-07-01---2024-07-08_duration_7_days_cluster_118_A0_000009_A_000009_lat_04830_lon_00554_size_0025,INTE2424582A__20240625__20240625,INTE2424582A,2024-07-01,2024-07-08,2024-06-25,2024-06-25,1,0,0,0,1,6.0,13.0,19.0,19,0,2024-07-01,2024-07-08,62,7,7,2024-06-25,2024-06-25,4,2,0.14285714285714285,0.5,10,False
WD_MERGE_2022-06-27---2022-07-04_duration_7_days_cluster_142_A0_000002_A_000002_lat_04661_lon_00394_size_0035,IOME2219351__20220620__20220622,IOME2219351,2022-06-27,2022-07-04,2022-06-20,2022-06-22,1,0,0,0,1,7.0,12.0,19.0,19,0,2022-06-27,2022-07-04,30,7,7,2022-06-20,2022-06-22,12,2,0.14285714285714285,0.5,7,False
WD_MERGE_2024-07-01---2024-07-08_duration_7_days_cluster_118_A0_000009_A_000009_lat_04830_lon_00554_size_0025,IOME2420215A__20240628__20240628,IOME2420215A,2024-07-01,2024-07-08,2024-06-28,2024-06-28,1,0,0,0,1,3.0,10.0,13.0,13,0,2024-07-01,2024-07-08,62,7,7,2024-06-28,2024-06-28,4,3,0.14285714285714285,0.3333333333333333,11,False
WD_MERGE_2024-07-01---2024-07-08_duration_7_days_cluster_118_A0_000009_A_000009_lat_04830_lon_00554_size_0025,IOME2421328A__20240628__20240628,IOME2421328A,2024-07-01,2024-07-08,2024-06-28,2024-06-28,1,0,0,0,1,3.0,10.0,13.0,13,0,2024-07-01,2024-07-08,62,7,7,2024-06-28,2024-06-28,12,3,0.14285714285714285,0.3333333333333333,12,False
WD_MERGE_2017-01-16---2017-01-23_duration_7_days_cluster_020_A0_000005_A_000005_lat_04365_lon_00494_size_0055,INTE1711727A__20170127__20170128,INTE1711727A,2017-01-16,2017-01-23,2017-01-27,2017-01-28,1,0,0,0,1,11.0,5.0,16.0,16,0,2017-01-16,2017-01-23,21,7,7,2017-01-27,2017-01-28,10,3,0.14285714285714285,0.3333333333333333,2,False
WD_MERGE_2022-06-27---2022-07-04_duration_7_days_cluster_142_A0_000002_A_000002_lat_04661_lon_00394_size_0035,IOME2226252A__20220621__20220621,IOME2226252A,2022-06-27,2022-07-04,2022-06-21,2022-06-21,1,0,0,0,1,6.0,13.0,19.0,19,0,2022-06-27,2022-07-04,30,7,7,2022-06-21,2022-06-21,9,3,0.14285714285714285,0.3333333333333333,8,False
WD_MERGE_2022-06-27---2022-07-04_duration_7_days_cluster_142_A0_000002_A_000002_lat_04661_lon_00394_size_0035,IOME2226252A__20220622__20220622,IOME2226252A,2022-06-27,2022-07-04,2022-06-22,2022-06-22,1,0,0,0,1,5.0,12.0,17.0,17,0,2022-06-27,2022-07-04,30,7,7,2022-06-22,2022-06-22,5,4,0.14285714285714285,0.25,9,False
WD_MERGE_2024-07-01---2024-07-08_duration_7_days_cluster_118_A0_000009_A_000009_lat_04830_lon_00554_size_0025,INTE2424582A__20240711__20240711,INTE2424582A,2024-07-01,2024-07-08,2024-07-11,2024-07-11,1,0,0,0,1,10.0,3.0,13.0,13,0,2024-07-01,2024-07-08,62,7,7,2024-07-11,2024-07-11,7,5,0.14285714285714285,0.2,13,False
WD_MERGE_2024-07-01---2024-07-08_duration_7_days_cluster_118_A0_000009_A_000009_lat_04830_lon_00554_size_0025,INTE2424582A__20240628__20240628,INTE2424582A,2024-07-01,2024-07-08,2024-06-28,2024-06-28,1,0,0,0,1,3.0,10.0,13.0,13,0,2024-07-01,2024-07-08,62,7,7,2024-06-28,2024-06-28,10,7,0.14285714285714285,0.14285714285714285,14,False
WD_MERGE_2021-11-01---2021-11-08_duration_7_days_cluster_287_A0_000007_A_000008_lat_04412_lon_00458_size_0072,INTE2137449A__20211030__20211031,INTE2137449A,2021-11-01,2021-11-08,2021-10-30,2021-10-31,1,0,0,0,1,2.0,8.0,10.0,10,0,2021-11-01,2021-11-08,32,8,8,2021-10-30,2021-10-31,1,1,0.125,1.0,1,True
WD_MERGE_2021-06-07---2021-06-14_duration_7_days_cluster_118_A0_000014_A_000019_lat_04889_lon_-0211_size_0051,INTE2121339A__20210616__20210616,INTE2121339A,2021-06-07,2021-06-14,2021-06-16,2021-06-16,1,0,0,0,1,9.0,2.0,11.0,11,0,2021-06-07,2021-06-14,62,8,8,2021-06-16,2021-06-16,1,1,0.125,1.0,1,True
WD_MERGE_2021-06-07---2021-06-14_duration_7_days_cluster_118_A0_000014_A_000019_lat_04889_lon_-0211_size_0051,INTE2127287A__20210616__20210616,INTE2127287A,2021-06-07,2021-06-14,2021-06-16,2021-06-16,1,0,0,0,1,9.0,2.0,11.0,11,0,2021-06-07,2021-06-14,62,8,8,2021-06-16,2021-06-16,2,1,0.125,1.0,2,False
WD_MERGE_2021-06-07---2021-06-14_duration_7_days_cluster_118_A0_000014_A_000019_lat_04889_lon_-0211_size_0051,INTE2119792A__20210616__20210617,INTE2119792A,2021-06-07,2021-06-14,2021-06-16,2021-06-17,1,0,0,0,1,9.0,3.0,12.0,12,0,2021-06-07,2021-06-14,62,8,8,2021-06-16,2021-06-17,2,1,0.125,1.0,3,False
WD_MERGE_2019-08-12---2019-08-19_duration_7_days_cluster_210_A0_000002_A_000003_lat_04945_lon_00219_size_0047,INTE1932508A__20190809__20190809,INTE1932508A,2019-08-12,2019-08-19,2019-08-09,2019-08-09,1,0,0,0,1,3.0,10.0,13.0,13,0,2019-08-12,2019-08-19,38,8,8,2019-08-09,2019-08-09,1,1,0.125,1.0,1,True
WD_MERGE_2021-06-07---2021-06-14_duration_7_days_cluster_118_A0_000014_A_000019_lat_04889_lon_-0211_size_0051,INTE2122730A__20210617__20210617,INTE2122730A,2021-06-07,2021-06-14,2021-06-17,2021-06-17,1,0,0,0,1,10.0,3.0,13.0,13,0,2021-06-07,2021-06-14,62,8,8,2021-06-17,2021-06-17,1,1,0.125,1.0,4,False
WD_MERGE_2021-06-07---2021-06-14_duration_7_days_cluster_118_A0_000014_A_000019_lat_04889_lon_-0211_size_0051,INTE2124447A__20210617__20210617,INTE2124447A,2021-06-07,2021-06-14,2021-06-17,2021-06-17,1,0,0,0,1,10.0,3.0,13.0,13,0,2021-06-07,2021-06-14,62,8,8,2021-06-17,2021-06-17,2,1,0.125,1.0,5,False
WD_MERGE_2021-06-07---2021-06-14_duration_7_days_cluster_118_A0_000014_A_000019_lat_04889_lon_-0211_size_0051,INTE2128151A__20210617__20210617,INTE2128151A,2021-06-07,2021-06-14,2021-06-17,2021-06-17,1,0,0,0,1,10.0,3.0,13.0,13,0,2021-06-07,2021-06-14,62,8,8,2021-06-17,2021-06-17,4,1,0.125,1.0,6,False
WD_MERGE_2021-06-07---2021-06-14_duration_7_days_cluster_118_A0_000014_A_000019_lat_04889_lon_-0211_size_0051,INTE2122514A__20210618__20210618,INTE2122514A,2021-06-07,2021-06-14,2021-06-18,2021-06-18,1,0,0,0,1,11.0,4.0,15.0,15,0,2021-06-07,2021-06-14,62,8,8,2021-06-18,2021-06-18,1,1,0.125,1.0,7,False
WD_MERGE_2021-06-07---2021-06-14_duration_7_days_cluster_118_A0_000014_A_000019_lat_04889_lon_-0211_size_0051,INTE2119792A__20210618__20210619,INTE2119792A,2021-06-07,2021-06-14,2021-06-18,2021-06-19,1,0,0,0,1,11.0,5.0,16.0,16,0,2021-06-07,2021-06-14,62,8,8,2021-06-18,2021-06-19,2,1,0.125,1.0,8,False
WD_MERGE_2021-06-07---2021-06-14_duration_7_days_cluster_118_A0_000014_A_000019_lat_04889_lon_-0211_size_0051,INTE2124447A__20210619__20210619,INTE2124447A,2021-06-07,2021-06-14,2021-06-19,2021-06-19,1,0,0,0,1,12.0,5.0,17.0,17,0,2021-06-07,2021-06-14,62,8,8,2021-06-19,2021-06-19,2,1,0.125,1.0,9,False
WD_MERGE_2021-06-07---2021-06-14_duration_7_days_cluster_118_A0_000014_A_000019_lat_04889_lon_-0211_size_0051,INTE2128151A__20210602__20210602,INTE2128151A,2021-06-07,2021-06-14,2021-06-02,2021-06-02,1,0,0,0,1,5.0,12.0,17.0,17,0,2021-06-07,2021-06-14,62,8,8,2021-06-02,2021-06-02,1,1,0.125,1.0,10,False
WD_MERGE_2021-06-07---2021-06-14_duration_7_days_cluster_118_A0_000014_A_000019_lat_04889_lon_-0211_size_0051,INTE2122514A__20210601__20210602,INTE2122514A,2021-06-07,2021-06-14,2021-06-01,2021-06-02,1,0,0,0,1,6.0,12.0,18.0,18,0,2021-06-07,2021-06-14,62,8,8,2021-06-01,2021-06-02,1,1,0.125,1.0,11,False
WD_MERGE_2021-06-07---2021-06-14_duration_7_days_cluster_118_A0_000014_A_000019_lat_04889_lon_-0211_size_0051,INTE2128151A__20210620__20210621,INTE2128151A,2021-06-07,2021-06-14,2021-06-20,2021-06-21,1,0,0,0,1,13.0,7.0,20.0,20,0,2021-06-07,2021-06-14,62,8,8,2021-06-20,2021-06-21,3,1,0.125,1.0,12,False
WD_MERGE_2021-06-07---2021-06-14_duration_7_days_cluster_118_A0_000014_A_000019_lat_04889_lon_-0211_size_0051,INTE2127287A__20210617__20210617,INTE2127287A,2021-06-07,2021-06-14,2021-06-17,2021-06-17,1,0,0,0,1,10.0,3.0,13.0,13,0,2021-06-07,2021-06-14,62,8,8,2021-06-17,2021-06-17,4,2,0.125,0.5,13,False
WD_MERGE_2021-06-07---2021-06-14_duration_7_days_cluster_118_A0_000014_A_000019_lat_04889_lon_-0211_size_0051,INTE2122514A__20210619__20210619,INTE2122514A,2021-06-07,2021-06-14,2021-06-19,2021-06-19,1,0,0,0,1,12.0,5.0,17.0,17,0,2021-06-07,2021-06-14,62,8,8,2021-06-19,2021-06-19,3,2,0.125,0.5,14,False
WD_MERGE_2021-06-07---2021-06-14_duration_7_days_cluster_118_A0_000014_A_000019_lat_04889_lon_-0211_size_0051,INTE2122730A__20210619__20210619,INTE2122730A,2021-06-07,2021-06-14,2021-06-19,2021-06-19,1,0,0,0,1,12.0,5.0,17.0,17,0,2021-06-07,2021-06-14,62,8,8,2021-06-19,2021-06-19,4,2,0.125,0.5,15,False
WD_MERGE_2021-06-07---2021-06-14_duration_7_days_cluster_118_A0_000014_A_000019_lat_04889_lon_-0211_size_0051,INTE2128151A__20210621__20210621,INTE2128151A,2021-06-07,2021-06-14,2021-06-21,2021-06-21,1,0,0,0,1,14.0,7.0,21.0,21,0,2021-06-07,2021-06-14,62,8,8,2021-06-21,2021-06-21,7,2,0.125,0.5,16,False
WD_MERGE_2021-06-07---2021-06-14_duration_7_days_cluster_118_A0_000014_A_000019_lat_04889_lon_-0211_size_0051,INTE2124447A__20210603__20210604,INTE2124447A,2021-06-07,2021-06-14,2021-06-03,2021-06-04,1,0,0,0,1,4.0,10.0,14.0,14,0,2021-06-07,2021-06-14,62,8,8,2021-06-03,2021-06-04,6,3,0.125,0.3333333333333333,17,False
WD_MERGE_2021-06-07---2021-06-14_duration_7_days_cluster_118_A0_000014_A_000019_lat_04889_lon_-0211_size_0051,INTE2121339A__20210619__20210621,INTE2121339A,2021-06-07,2021-06-14,2021-06-19,2021-06-21,1,0,0,0,1,12.0,7.0,19.0,19,0,2021-06-07,2021-06-14,62,8,8,2021-06-19,2021-06-21,15,3,0.125,0.3333333333333333,18,False
WD_MERGE_2021-06-07---2021-06-14_duration_7_days_cluster_118_A0_000014_A_000019_lat_04889_lon_-0211_size_0051,INTE2122514A__20210621__20210622,INTE2122514A,2021-06-07,2021-06-14,2021-06-21,2021-06-22,1,0,0,0,1,14.0,8.0,22.0,22,0,2021-06-07,2021-06-14,62,8,8,2021-06-21,2021-06-22,4,3,0.125,0.3333333333333333,19,False
WD_MERGE_2021-06-07---2021-06-14_duration_7_days_cluster_118_A0_000014_A_000019_lat_04889_lon_-0211_size_0051,INTE2119792A__20210619__20210621,INTE2119792A,2021-06-07,2021-06-14,2021-06-19,2021-06-21,1,0,0,0,1,12.0,7.0,19.0,19,0,2021-06-07,2021-06-14,62,8,8,2021-06-19,2021-06-21,98,5,0.125,0.2,20,False
WD_MERGE_2016-10-03---2016-10-24_duration_21_days_cluster_219_A0_000014_A_000016_lat_04436_lon_00249_size_0244,INTE1637220A__20161012__20161014,INTE1637220A,2016-10-03,2016-10-24,2016-10-12,2016-10-14,1,0,0,0,1,9.0,10.0,19.0,19,3,2016-10-03,2016-10-24,74,9,9,2016-10-12,2016-10-14,3,1,0.1111111111111111,1.0,1,True
WD_MERGE_2016-10-03---2016-10-24_duration_21_days_cluster_219_A0_000014_A_000016_lat_04436_lon_00249_size_0244,INTE1701176A__20161012__20161014,INTE1701176A,2016-10-03,2016-10-24,2016-10-12,2016-10-14,1,0,0,0,1,9.0,10.0,19.0,19,3,2016-10-03,2016-10-24,74,9,9,2016-10-12,2016-10-14,2,1,0.1111111111111111,1.0,2,False
WD_MERGE_2016-10-03---2016-10-24_duration_21_days_cluster_219_A0_000014_A_000016_lat_04436_lon_00249_size_0244,INTE1637220A__20161013__20161014,INTE1637220A,2016-10-03,2016-10-24,2016-10-13,2016-10-14,1,0,0,0,1,10.0,10.0,20.0,20,2,2016-10-03,2016-10-24,74,9,9,2016-10-13,2016-10-14,10,1,0.1111111111111111,1.0,3,False
WD_MERGE_2016-10-03---2016-10-24_duration_21_days_cluster_219_A0_000014_A_000016_lat_04436_lon_00249_size_0244,INTE1701176A__20161012__20161013,INTE1701176A,2016-10-03,2016-10-24,2016-10-12,2016-10-13,1,0,0,0,1,9.0,11.0,20.0,20,2,2016-10-03,2016-10-24,74,9,9,2016-10-12,2016-10-13,1,1,0.1111111111111111,1.0,4,False
WD_MERGE_2016-10-03---2016-10-24_duration_21_days_cluster_219_A0_000014_A_000016_lat_04436_lon_00249_size_0244,INTE1701176A__20161013__20161014,INTE1701176A,2016-10-03,2016-10-24,2016-10-13,2016-10-14,1,0,0,0,1,10.0,10.0,20.0,20,2,2016-10-03,2016-10-24,74,9,9,2016-10-13,2016-10-14,9,1,0.1111111111111111,1.0,5,False
WD_MERGE_2016-10-03---2016-10-24_duration_21_days_cluster_219_A0_000014_A_000016_lat_04436_lon_00249_size_0244,INTE1705706A__20161013__20161014,INTE1705706A,2016-10-03,2016-10-24,2016-10-13,2016-10-14,1,0,0,0,1,10.0,10.0,20.0,20,2,2016-10-03,2016-10-24,74,9,9,2016-10-13,2016-10-14,1,1,0.1111111111111111,1.0,6,False
WD_MERGE_2016-10-03---2016-10-24_duration_21_days_cluster_219_A0_000014_A_000016_lat_04436_lon_00249_size_0244,INTE1711727A__20161013__20161014,INTE1711727A,2016-10-03,2016-10-24,2016-10-13,2016-10-14,1,0,0,0,1,10.0,10.0,20.0,20,2,2016-10-03,2016-10-24,74,9,9,2016-10-13,2016-10-14,2,1,0.1111111111111111,1.0,7,False
WD_MERGE_2016-10-03---2016-10-24_duration_21_days_cluster_219_A0_000014_A_000016_lat_04436_lon_00249_size_0244,INTE1637220A__20161013__20161013,INTE1637220A,2016-10-03,2016-10-24,2016-10-13,2016-10-13,1,0,0,0,1,10.0,11.0,21.0,21,1,2016-10-03,2016-10-24,74,9,9,2016-10-13,2016-10-13,2,1,0.1111111111111111,1.0,8,False
WD_MERGE_2016-10-03---2016-10-24_duration_21_days_cluster_219_A0_000014_A_000016_lat_04436_lon_00249_size_0244,INTE1701176A__20161013__20161013,INTE1701176A,2016-10-03,2016-10-24,2016-10-13,2016-10-13,1,0,0,0,1,10.0,11.0,21.0,21,1,2016-10-03,2016-10-24,74,9,9,2016-10-13,2016-10-13,4,1,0.1111111111111111,1.0,9,False
WD_MERGE_2024-05-27---2024-06-03_duration_7_days_cluster_078_A0_000026_A_000028_lat_04593_lon_-0081_size_0043,INTE2424582A__20240518__20240520,INTE2424582A,2024-05-27,2024-06-03,2024-05-18,2024-05-20,1,0,0,0,1,9.0,14.0,23.0,23,0,2024-05-27,2024-06-03,140,9,9,2024-05-18,2024-05-20,1,1,0.1111111111111111,1.0,2,False
WD_MERGE_2016-10-03---2016-10-24_duration_21_days_cluster_219_A0_000014_A_000016_lat_04436_lon_00249_size_0244,INTE1637220A__20161001__20161001,INTE1637220A,2016-10-03,2016-10-24,2016-10-01,2016-10-01,1,0,0,0,1,2.0,23.0,25.0,25,0,2016-10-03,2016-10-24,74,9,9,2016-10-01,2016-10-01,1,1,0.1111111111111111,1.0,10,False
WD_MERGE_2023-11-06---2024-01-01_duration_56_days_cluster_352_A0_000246_A_000287_lat_04014_lon_-0426_size_0411,INTE2501371A__20231030__20231214,INTE2501371A,2023-11-06,2024-01-01,2023-10-30,2023-12-14,1,0,0,0,1,7.0,18.0,25.0,25,39,2023-11-06,2024-01-01,122,9,9,2023-10-30,2023-12-14,1,1,0.1111111111111111,1.0,1,True
WD_MERGE_2023-11-06---2024-01-01_duration_56_days_cluster_352_A0_000246_A_000287_lat_04014_lon_-0426_size_0411,INTE2517855A__20231103__20231204,INTE2517855A,2023-11-06,2024-01-01,2023-11-03,2023-12-04,1,0,0,0,1,3.0,28.0,31.0,31,29,2023-11-06,2024-01-01,122,9,9,2023-11-03,2023-12-04,1,1,0.1111111111111111,1.0,2,False
WD_MERGE_2021-11-29---2022-01-03_duration_35_days_cluster_315_A0_000249_A_000319_lat_04189_lon_-0074_size_0186,INTE2204344A__20211209__20211212,INTE2204344A,2021-11-29,2022-01-03,2021-12-09,2021-12-12,1,0,0,0,1,10.0,22.0,32.0,32,4,2021-11-29,2022-01-03,325,9,9,2021-12-09,2021-12-12,6,1,0.1111111111111111,1.0,6,False
WD_MERGE_2021-11-29---2022-01-03_duration_35_days_cluster_315_A0_000249_A_000319_lat_04189_lon_-0074_size_0186,INTE2207961A__20211209__20211212,INTE2207961A,2021-11-29,2022-01-03,2021-12-09,2021-12-12,1,0,0,0,1,10.0,22.0,32.0,32,4,2021-11-29,2022-01-03,325,9,9,2021-12-09,2021-12-12,3,1,0.1111111111111111,1.0,7,False
WD_MERGE_2016-10-03---2016-10-24_duration_21_days_cluster_219_A0_000014_A_000016_lat_04436_lon_00249_size_0244,INTE1637220A__20160927__20160927,INTE1637220A,2016-10-03,2016-10-24,2016-09-27,2016-09-27,1,0,0,0,1,6.0,27.0,33.0,33,0,2016-10-03,2016-10-24,74,9,9,2016-09-27,2016-09-27,1,1,0.1111111111111111,1.0,11,False
WD_MERGE_2021-11-29---2022-01-03_duration_35_days_cluster_315_A0_000249_A_000319_lat_04189_lon_-0074_size_0186,IOME2226252A__20211209__20211210,IOME2226252A,2021-11-29,2022-01-03,2021-12-09,2021-12-10,1,0,0,0,1,10.0,24.0,34.0,34,2,2021-11-29,2022-01-03,325,9,9,2021-12-09,2021-12-10,1,1,0.1111111111111111,1.0,8,False
WD_MERGE_2023-11-06---2024-01-01_duration_56_days_cluster_352_A0_000246_A_000287_lat_04014_lon_-0426_size_0411,IOME2410378A__20231206__20231220,IOME2410378A,2023-11-06,2024-01-01,2023-12-06,2023-12-20,1,0,0,0,1,30.0,12.0,42.0,42,15,2023-11-06,2024-01-01,122,9,9,2023-12-06,2023-12-20,1,1,0.1111111111111111,1.0,3,False
WD_MERGE_2021-11-29---2022-01-03_duration_35_days_cluster_315_A0_000249_A_000319_lat_04189_lon_-0074_size_0186,INTE2207961A__20220108__20220111,INTE2207961A,2021-11-29,2022-01-03,2022-01-08,2022-01-11,1,0,0,0,1,40.0,8.0,48.0,48,0,2021-11-29,2022-01-03,325,9,9,2022-01-08,2022-01-11,2,1,0.1111111111111111,1.0,9,False
WD_MERGE_2021-11-29---2022-01-03_duration_35_days_cluster_315_A0_000249_A_000319_lat_04189_lon_-0074_size_0186,IOME2420215A__20220109__20220110,IOME2420215A,2021-11-29,2022-01-03,2022-01-09,2022-01-10,1,0,0,0,1,41.0,7.0,48.0,48,0,2021-11-29,2022-01-03,325,9,9,2022-01-09,2022-01-10,1,1,0.1111111111111111,1.0,10,False
WD_MERGE_2020-12-28---2021-02-15_duration_42_days_cluster_346_A0_000317_A_000399_lat_05319_lon_00874_size_0420,INTE2107265A__20210129__20210129,INTE2107265A,2020-12-28,2021-02-15,2021-01-29,2021-01-29,1,0,0,0,1,32.0,17.0,49.0,49,1,2020-12-28,2021-02-15,321,9,9,2021-01-29,2021-01-29,1,1,0.1111111111111111,1.0,1,True
WD_MERGE_2020-12-28---2021-02-15_duration_42_days_cluster_346_A0_000317_A_000399_lat_05319_lon_00874_size_0420,INTE2118484A__20210129__20210129,INTE2118484A,2020-12-28,2021-02-15,2021-01-29,2021-01-29,1,0,0,0,1,32.0,17.0,49.0,49,1,2020-12-28,2021-02-15,321,9,9,2021-01-29,2021-01-29,1,1,0.1111111111111111,1.0,2,False
WD_MERGE_2020-12-28---2021-02-15_duration_42_days_cluster_346_A0_000317_A_000399_lat_05319_lon_00874_size_0420,INTE2119792A__20210129__20210129,INTE2119792A,2020-12-28,2021-02-15,2021-01-29,2021-01-29,1,0,0,0,1,32.0,17.0,49.0,49,1,2020-12-28,2021-02-15,321,9,9,2021-01-29,2021-01-29,1,1,0.1111111111111111,1.0,3,False
WD_MERGE_2023-11-06---2024-01-01_duration_56_days_cluster_352_A0_000246_A_000287_lat_04014_lon_-0426_size_0411,IOME2403657A__20231210__20231217,IOME2403657A,2023-11-06,2024-01-01,2023-12-10,2023-12-17,1,0,0,0,1,34.0,15.0,49.0,49,8,2023-11-06,2024-01-01,122,9,9,2023-12-10,2023-12-17,2,1,0.1111111111111111,1.0,4,False
WD_MERGE_2023-11-06---2024-01-01_duration_56_days_cluster_352_A0_000246_A_000287_lat_04014_lon_-0426_size_0411,IOME2403657A__20231211__20231218,IOME2403657A,2023-11-06,2024-01-01,2023-12-11,2023-12-18,1,0,0,0,1,35.0,14.0,49.0,49,8,2023-11-06,2024-01-01,122,9,9,2023-12-11,2023-12-18,1,1,0.1111111111111111,1.0,5,False
WD_MERGE_2023-11-06---2024-01-01_duration_56_days_cluster_352_A0_000246_A_000287_lat_04014_lon_-0426_size_0411,IOME2403657A__20231213__20231220,IOME2403657A,2023-11-06,2024-01-01,2023-12-13,2023-12-20,1,0,0,0,1,37.0,12.0,49.0,49,8,2023-11-06,2024-01-01,122,9,9,2023-12-13,2023-12-20,1,1,0.1111111111111111,1.0,6,False
WD_MERGE_2023-11-06---2024-01-01_duration_56_days_cluster_352_A0_000246_A_000287_lat_04014_lon_-0426_size_0411,IOME2410378A__20231209__20231216,IOME2410378A,2023-11-06,2024-01-01,2023-12-09,2023-12-16,1,0,0,0,1,33.0,16.0,49.0,49,8,2023-11-06,2024-01-01,122,9,9,2023-12-09,2023-12-16,1,1,0.1111111111111111,1.0,7,False
WD_MERGE_2021-11-29---2022-01-03_duration_35_days_cluster_315_A0_000249_A_000319_lat_04189_lon_-0074_size_0186,IOME2220202A__20220109__20220112,IOME2220202A,2021-11-29,2022-01-03,2022-01-09,2022-01-12,1,0,0,0,1,41.0,9.0,50.0,50,0,2021-11-29,2022-01-03,325,9,9,2022-01-09,2022-01-12,8,1,0.1111111111111111,1.0,11,False
WD_MERGE_2021-11-29---2022-01-03_duration_35_days_cluster_315_A0_000249_A_000319_lat_04189_lon_-0074_size_0186,IOME2304949A__20220110__20220112,IOME2304949A,2021-11-29,2022-01-03,2022-01-10,2022-01-12,1,0,0,0,1,42.0,9.0,51.0,51,0,2021-11-29,2022-01-03,325,9,9,2022-01-10,2022-01-12,1,1,0.1111111111111111,1.0,12,False
WD_MERGE_2023-11-06---2024-01-01_duration_56_days_cluster_352_A0_000246_A_000287_lat_04014_lon_-0426_size_0411,IOME2407754A__20231212__20231217,IOME2407754A,2023-11-06,2024-01-01,2023-12-12,2023-12-17,1,0,0,0,1,36.0,15.0,51.0,51,6,2023-11-06,2024-01-01,122,9,9,2023-12-12,2023-12-17,1,1,0.1111111111111111,1.0,8,False
WD_MERGE_2023-11-06---2024-01-01_duration_56_days_cluster_352_A0_000246_A_000287_lat_04014_lon_-0426_size_0411,IOME2403657A__20231209__20231213,IOME2403657A,2023-11-06,2024-01-01,2023-12-09,2023-12-13,1,0,0,0,1,33.0,19.0,52.0,52,5,2023-11-06,2024-01-01,122,9,9,2023-12-09,2023-12-13,1,1,0.1111111111111111,1.0,9,False
WD_MERGE_2023-11-06---2024-01-01_duration_56_days_cluster_352_A0_000246_A_000287_lat_04014_lon_-0426_size_0411,IOME2403657A__20231211__20231215,IOME2403657A,2023-11-06,2024-01-01,2023-12-11,2023-12-15,1,0,0,0,1,35.0,17.0,52.0,52,5,2023-11-06,2024-01-01,122,9,9,2023-12-11,2023-12-15,2,1,0.1111111111111111,1.0,10,False
WD_MERGE_2023-11-06---2024-01-01_duration_56_days_cluster_352_A0_000246_A_000287_lat_04014_lon_-0426_size_0411,INTE2424582A__20231209__20231212,INTE2424582A,2023-11-06,2024-01-01,2023-12-09,2023-12-12,1,0,0,0,1,33.0,20.0,53.0,53,4,2023-11-06,2024-01-01,122,9,9,2023-12-09,2023-12-12,1,1,0.1111111111111111,1.0,11,False
WD_MERGE_2023-11-06---2024-01-01_duration_56_days_cluster_352_A0_000246_A_000287_lat_04014_lon_-0426_size_0411,IOME2411920A__20231211__20231214,IOME2411920A,2023-11-06,2024-01-01,2023-12-11,2023-12-14,1,0,0,0,1,35.0,18.0,53.0,53,4,2023-11-06,2024-01-01,122,9,9,2023-12-11,2023-12-14,1,1,0.1111111111111111,1.0,12,False
WD_MERGE_2023-11-06---2024-01-01_duration_56_days_cluster_352_A0_000246_A_000287_lat_04014_lon_-0426_size_0411,IOME2403657A__20231211__20231213,IOME2403657A,2023-11-06,2024-01-01,2023-12-11,2023-12-13,1,0,0,0,1,35.0,19.0,54.0,54,3,2023-11-06,2024-01-01,122,9,9,2023-12-11,2023-12-13,1,1,0.1111111111111111,1.0,13,False
WD_MERGE_2023-11-06---2024-01-01_duration_56_days_cluster_352_A0_000246_A_000287_lat_04014_lon_-0426_size_0411,IOME2403657A__20231214__20231216,IOME2403657A,2023-11-06,2024-01-01,2023-12-14,2023-12-16,1,0,0,0,1,38.0,16.0,54.0,54,3,2023-11-06,2024-01-01,122,9,9,2023-12-14,2023-12-16,1,1,0.1111111111111111,1.0,14,False
WD_MERGE_2023-11-06---2024-01-01_duration_56_days_cluster_352_A0_000246_A_000287_lat_04014_lon_-0426_size_0411,IOME2410378A__20231211__20231213,IOME2410378A,2023-11-06,2024-01-01,2023-12-11,2023-12-13,1,0,0,0,1,35.0,19.0,54.0,54,3,2023-11-06,2024-01-01,122,9,9,2023-12-11,2023-12-13,1,1,0.1111111111111111,1.0,15,False
WD_MERGE_2023-11-06---2024-01-01_duration_56_days_cluster_352_A0_000246_A_000287_lat_04014_lon_-0426_size_0411,IOME2410378A__20231212__20231214,IOME2410378A,2023-11-06,2024-01-01,2023-12-12,2023-12-14,1,0,0,0,1,36.0,18.0,54.0,54,3,2023-11-06,2024-01-01,122,9,9,2023-12-12,2023-12-14,1,1,0.1111111111111111,1.0,16,False
WD_MERGE_2023-11-06---2024-01-01_duration_56_days_cluster_352_A0_000246_A_000287_lat_04014_lon_-0426_size_0411,IOME2411920A__20231211__20231213,IOME2411920A,2023-11-06,2024-01-01,2023-12-11,2023-12-13,1,0,0,0,1,35.0,19.0,54.0,54,3,2023-11-06,2024-01-01,122,9,9,2023-12-11,2023-12-13,1,1,0.1111111111111111,1.0,17,False
WD_MERGE_2023-11-06---2024-01-01_duration_56_days_cluster_352_A0_000246_A_000287_lat_04014_lon_-0426_size_0411,IOME2411920A__20231213__20231215,IOME2411920A,2023-11-06,2024-01-01,2023-12-13,2023-12-15,1,0,0,0,1,37.0,17.0,54.0,54,3,2023-11-06,2024-01-01,122,9,9,2023-12-13,2023-12-15,1,1,0.1111111111111111,1.0,18,False
WD_MERGE_2023-11-06---2024-01-01_duration_56_days_cluster_352_A0_000246_A_000287_lat_04014_lon_-0426_size_0411,IOME2403657A__20231130__20231201,IOME2403657A,2023-11-06,2024-01-01,2023-11-30,2023-12-01,1,0,0,0,1,24.0,31.0,55.0,55,2,2023-11-06,2024-01-01,122,9,9,2023-11-30,2023-12-01,1,1,0.1111111111111111,1.0,19,False
WD_MERGE_2023-11-06---2024-01-01_duration_56_days_cluster_352_A0_000246_A_000287_lat_04014_lon_-0426_size_0411,IOME2410378A__20231211__20231212,IOME2410378A,2023-11-06,2024-01-01,2023-12-11,2023-12-12,1,0,0,0,1,35.0,20.0,55.0,55,2,2023-11-06,2024-01-01,122,9,9,2023-12-11,2023-12-12,1,1,0.1111111111111111,1.0,20,False
WD_MERGE_2023-11-06---2024-01-01_duration_56_days_cluster_352_A0_000246_A_000287_lat_04014_lon_-0426_size_0411,IOME2410378A__20231212__20231212,IOME2410378A,2023-11-06,2024-01-01,2023-12-12,2023-12-12,1,0,0,0,1,36.0,20.0,56.0,56,1,2023-11-06,2024-01-01,122,9,9,2023-12-12,2023-12-12,1,1,0.1111111111111111,1.0,21,False
WD_MERGE_2023-11-06---2024-01-01_duration_56_days_cluster_352_A0_000246_A_000287_lat_04014_lon_-0426_size_0411,IOME2402725A__20231104__20231105,IOME2402725A,2023-11-06,2024-01-01,2023-11-04,2023-11-05,1,0,0,0,1,2.0,57.0,59.0,59,0,2023-11-06,2024-01-01,122,9,9,2023-11-04,2023-11-05,1,1,0.1111111111111111,1.0,22,False
WD_MERGE_2023-11-06---2024-01-01_duration_56_days_cluster_352_A0_000246_A_000287_lat_04014_lon_-0426_size_0411,IOME2333648A__20231101__20231103,IOME2333648A,2023-11-06,2024-01-01,2023-11-01,2023-11-03,1,0,0,0,1,5.0,59.0,64.0,64,0,2023-11-06,2024-01-01,122,9,9,2023-11-01,2023-11-03,1,1,0.1111111111111111,1.0,23,False
WD_MERGE_2024-05-27---2024-06-03_duration_7_days_cluster_078_A0_000026_A_000028_lat_04593_lon_-0081_size_0043,INTE2525618A__20240331__20240613,INTE2525618A,2024-05-27,2024-06-03,2024-03-31,2024-06-13,1,0,0,0,1,57.0,10.0,67.0,67,8,2024-05-27,2024-06-03,140,9,9,2024-03-31,2024-06-13,1,1,0.1111111111111111,1.0,3,False
WD_MERGE_2020-12-28---2021-02-15_duration_42_days_cluster_346_A0_000317_A_000399_lat_05319_lon_00874_size_0420,INTE2112076A__20210128__20210129,INTE2112076A,2020-12-28,2021-02-15,2021-01-28,2021-01-29,1,0,0,0,1,31.0,17.0,48.0,48,2,2020-12-28,2021-02-15,321,9,9,2021-01-28,2021-01-29,2,2,0.1111111111111111,0.5,4,False
WD_MERGE_2019-04-29---2019-06-17_duration_35_days_cluster_116_A0_000452_A_000518_lat_04056_lon_00008_size_0153,INTE1926063A__20190615__20190615,INTE1926063A,2019-04-29,2019-06-17,2019-06-15,2019-06-15,1,0,0,0,1,47.0,2.0,49.0,49,1,2019-04-29,2019-06-17,78,9,9,2019-06-15,2019-06-15,2,2,0.1111111111111111,0.5,3,False
WD_MERGE_2024-05-27---2024-06-03_duration_7_days_cluster_078_A0_000026_A_000028_lat_04593_lon_-0081_size_0043,INTE2424582A__20240520__20240520,INTE2424582A,2024-05-27,2024-06-03,2024-05-20,2024-05-20,1,0,0,0,1,7.0,14.0,21.0,21,0,2024-05-27,2024-06-03,140,9,9,2024-05-20,2024-05-20,3,3,0.1111111111111111,0.3333333333333333,4,False
WD_MERGE_2015-04-27---2015-05-11_duration_14_days_cluster_092_A0_000022_A_000031_lat_04846_lon_-0194_size_0116,INTE1525241A__20150501__20150511,INTE1525241A,2015-04-27,2015-05-11,2015-05-01,2015-05-11,1,0,1,0,1,4.0,0.0,4.0,4,11,2015-04-27,2015-05-11,103,10,10,2015-05-01,2015-05-11,1,1,0.1,1.0,3,False
WD_MERGE_2015-04-27---2015-05-11_duration_14_days_cluster_092_A0_000022_A_000031_lat_04846_lon_-0194_size_0116,INTE1523044A__20150430__20150508,INTE1523044A,2015-04-27,2015-05-11,2015-04-30,2015-05-08,1,0,1,0,1,3.0,3.0,6.0,6,9,2015-04-27,2015-05-11,103,10,10,2015-04-30,2015-05-08,1,1,0.1,1.0,4,False
WD_MERGE_2015-04-27---2015-05-11_duration_14_days_cluster_092_A0_000022_A_000031_lat_04846_lon_-0194_size_0116,INTE1517820A__20150430__20150506,INTE1517820A,2015-04-27,2015-05-11,2015-04-30,2015-05-06,1,0,1,0,1,3.0,5.0,8.0,8,7,2015-04-27,2015-05-11,103,10,10,2015-04-30,2015-05-06,1,1,0.1,1.0,5,False
WD_MERGE_2015-04-27---2015-05-11_duration_14_days_cluster_092_A0_000022_A_000031_lat_04846_lon_-0194_size_0116,INTE1517820A__20150430__20150505,INTE1517820A,2015-04-27,2015-05-11,2015-04-30,2015-05-05,1,0,1,0,1,3.0,6.0,9.0,9,6,2015-04-27,2015-05-11,103,10,10,2015-04-30,2015-05-05,1,1,0.1,1.0,6,False
WD_MERGE_2015-04-27---2015-05-11_duration_14_days_cluster_092_A0_000022_A_000031_lat_04846_lon_-0194_size_0116,INTE1523044A__20150503__20150507,INTE1523044A,2015-04-27,2015-05-11,2015-05-03,2015-05-07,1,0,1,0,1,6.0,4.0,10.0,10,5,2015-04-27,2015-05-11,103,10,10,2015-05-03,2015-05-07,1,1,0.1,1.0,7,False
WD_MERGE_2015-04-27---2015-05-11_duration_14_days_cluster_092_A0_000022_A_000031_lat_04846_lon_-0194_size_0116,INTE1523044A__20150502__20150505,INTE1523044A,2015-04-27,2015-05-11,2015-05-02,2015-05-05,1,0,1,0,1,5.0,6.0,11.0,11,4,2015-04-27,2015-05-11,103,10,10,2015-05-02,2015-05-05,1,1,0.1,1.0,8,False
WD_MERGE_2015-04-27---2015-05-11_duration_14_days_cluster_092_A0_000022_A_000031_lat_04846_lon_-0194_size_0116,INTE1604025A__20150503__20150506,INTE1604025A,2015-04-27,2015-05-11,2015-05-03,2015-05-06,1,0,1,0,1,6.0,5.0,11.0,11,4,2015-04-27,2015-05-11,103,10,10,2015-05-03,2015-05-06,1,1,0.1,1.0,9,False
WD_MERGE_2015-04-27---2015-05-11_duration_14_days_cluster_092_A0_000022_A_000031_lat_04846_lon_-0194_size_0116,INTE1529936A__20150502__20150504,INTE1529936A,2015-04-27,2015-05-11,2015-05-02,2015-05-04,1,0,1,0,1,5.0,7.0,12.0,12,3,2015-04-27,2015-05-11,103,10,10,2015-05-02,2015-05-04,1,1,0.1,1.0,10,False
WD_MERGE_2016-11-14---2016-12-19_duration_35_days_cluster_259_A0_000162_A_000198_lat_05177_lon_-0106_size_0154,INTE1705706A__20161118__20161120,INTE1705706A,2016-11-14,2016-12-19,2016-11-18,2016-11-20,1,0,0,0,1,4.0,29.0,33.0,33,3,2016-11-14,2016-12-19,94,10,10,2016-11-18,2016-11-20,2,1,0.1,1.0,2,False
WD_MERGE_2016-11-14---2016-12-19_duration_35_days_cluster_259_A0_000162_A_000198_lat_05177_lon_-0106_size_0154,INTE1734728A__20161118__20161119,INTE1734728A,2016-11-14,2016-12-19,2016-11-18,2016-11-19,1,0,0,0,1,4.0,30.0,34.0,34,2,2016-11-14,2016-12-19,94,10,10,2016-11-18,2016-11-19,1,1,0.1,1.0,3,False
WD_MERGE_2018-03-19---2018-04-30_duration_42_days_cluster_367_A0_000354_A_000437_lat_05276_lon_00119_size_0294,INTE1817087A__20180429__20180429,INTE1817087A,2018-03-19,2018-04-30,2018-04-29,2018-04-29,1,0,0,0,1,41.0,1.0,42.0,42,1,2018-03-19,2018-04-30,91,10,10,2018-04-29,2018-04-29,1,1,0.1,1.0,1,True
WD_MERGE_2018-03-19---2018-04-30_duration_42_days_cluster_367_A0_000354_A_000437_lat_05276_lon_00119_size_0294,INTE1820387A__20180429__20180429,INTE1820387A,2018-03-19,2018-04-30,2018-04-29,2018-04-29,1,0,0,0,1,41.0,1.0,42.0,42,1,2018-03-19,2018-04-30,91,10,10,2018-04-29,2018-04-29,1,1,0.1,1.0,2,False
WD_MERGE_2015-01-12---2015-02-23_duration_35_days_cluster_016_A0_000229_A_000294_lat_05413_lon_01326_size_0370,INTE1507293A__20150113__20150115,INTE1507293A,2015-01-12,2015-02-23,2015-01-13,2015-01-15,1,0,0,0,1,1.0,39.0,40.0,40,3,2015-01-12,2015-02-23,94,11,11,2015-01-13,2015-01-15,1,1,0.09090909090909091,1.0,1,True
WD_MERGE_2015-01-12---2015-02-23_duration_35_days_cluster_016_A0_000229_A_000294_lat_05413_lon_01326_size_0370,INTE1507293A__20150117__20150118,INTE1507293A,2015-01-12,2015-02-23,2015-01-17,2015-01-18,1,0,0,0,1,5.0,36.0,41.0,41,2,2015-01-12,2015-02-23,94,11,11,2015-01-17,2015-01-18,4,1,0.09090909090909091,1.0,2,False
WD_MERGE_2015-01-12---2015-02-23_duration_35_days_cluster_016_A0_000229_A_000294_lat_05413_lon_01326_size_0370,INTE1507293A__20150118__20150118,INTE1507293A,2015-01-12,2015-02-23,2015-01-18,2015-01-18,1,0,0,0,1,6.0,36.0,42.0,42,1,2015-01-12,2015-02-23,94,11,11,2015-01-18,2015-01-18,3,1,0.09090909090909091,1.0,3,False
WD_MERGE_2020-04-13---2020-05-25_duration_35_days_cluster_086_A0_000076_A_000087_lat_04386_lon_00446_size_0033,INTE2016904A__20200529__20200529,INTE2016904A,2020-04-13,2020-05-25,2020-05-29,2020-05-29,1,0,0,0,1,46.0,4.0,50.0,50,0,2020-04-13,2020-05-25,136,11,11,2020-05-29,2020-05-29,1,1,0.09090909090909091,1.0,1,False
WD_MERGE_2024-11-18---2024-12-16_duration_28_days_cluster_280_A0_000447_A_000487_lat_05182_lon_-0322_size_0147,INTE2505371A__20241207__20241208,INTE2505371A,2024-11-18,2024-12-16,2024-12-07,2024-12-08,1,0,0,0,1,19.0,8.0,27.0,27,2,2024-11-18,2024-12-16,163,12,12,2024-12-07,2024-12-08,1,1,0.08333333333333333,1.0,1,True
WD_MERGE_2024-11-18---2024-12-16_duration_28_days_cluster_280_A0_000447_A_000487_lat_05182_lon_-0322_size_0147,INTE2505371A__20241207__20241207,INTE2505371A,2024-11-18,2024-12-16,2024-12-07,2024-12-07,1,0,0,0,1,19.0,9.0,28.0,28,1,2024-11-18,2024-12-16,163,12,12,2024-12-07,2024-12-07,1,1,0.08333333333333333,1.0,2,False
WD_MERGE_2020-09-28---2020-11-30_duration_63_days_cluster_273_A0_000452_A_000562_lat_05173_lon_-0314_size_0364,INTE2027600A__20201001__20201004,INTE2027600A,2020-09-28,2020-11-30,2020-10-01,2020-10-04,1,0,0,0,1,3.0,57.0,60.0,60,4,2020-09-28,2020-11-30,256,12,12,2020-10-01,2020-10-04,2,1,0.08333333333333333,1.0,1,True
WD_MERGE_2020-09-28---2020-11-30_duration_63_days_cluster_273_A0_000452_A_000562_lat_05173_lon_-0314_size_0364,INTE2026671A__20201001__20201003,INTE2026671A,2020-09-28,2020-11-30,2020-10-01,2020-10-03,1,0,0,0,1,3.0,58.0,61.0,61,3,2020-09-28,2020-11-30,256,12,12,2020-10-01,2020-10-03,21,1,0.08333333333333333,1.0,2,False
WD_MERGE_2020-09-28---2020-11-30_duration_63_days_cluster_273_A0_000452_A_000562_lat_05173_lon_-0314_size_0364,INTE2027600A__20201001__20201003,INTE2027600A,2020-09-28,2020-11-30,2020-10-01,2020-10-03,1,0,0,0,1,3.0,58.0,61.0,61,3,2020-09-28,2020-11-30,256,12,12,2020-10-01,2020-10-03,3,1,0.08333333333333333,1.0,3,False
WD_MERGE_2020-09-28---2020-11-30_duration_63_days_cluster_273_A0_000452_A_000562_lat_05173_lon_-0314_size_0364,INTE2031566A__20201001__20201003,INTE2031566A,2020-09-28,2020-11-30,2020-10-01,2020-10-03,1,0,0,0,1,3.0,58.0,61.0,61,3,2020-09-28,2020-11-30,256,12,12,2020-10-01,2020-10-03,1,1,0.08333333333333333,1.0,4,False
WD_MERGE_2020-09-28---2020-11-30_duration_63_days_cluster_273_A0_000452_A_000562_lat_05173_lon_-0314_size_0364,INTE2107265A__20201001__20201003,INTE2107265A,2020-09-28,2020-11-30,2020-10-01,2020-10-03,1,0,0,0,1,3.0,58.0,61.0,61,3,2020-09-28,2020-11-30,256,12,12,2020-10-01,2020-10-03,1,1,0.08333333333333333,1.0,5,False
WD_MERGE_2020-09-28---2020-11-30_duration_63_days_cluster_273_A0_000452_A_000562_lat_05173_lon_-0314_size_0364,INTE2031566A__20201003__20201004,INTE2031566A,2020-09-28,2020-11-30,2020-10-03,2020-10-04,1,0,0,0,1,5.0,57.0,62.0,62,2,2020-09-28,2020-11-30,256,12,12,2020-10-03,2020-10-04,1,1,0.08333333333333333,1.0,6,False
WD_MERGE_2020-09-28---2020-11-30_duration_63_days_cluster_273_A0_000452_A_000562_lat_05173_lon_-0314_size_0364,INTE2027600A__20200923__20200923,INTE2027600A,2020-09-28,2020-11-30,2020-09-23,2020-09-23,1,0,0,0,1,5.0,68.0,73.0,73,0,2020-09-28,2020-11-30,256,12,12,2020-09-23,2020-09-23,1,1,0.08333333333333333,1.0,7,False
WD_MERGE_2022-10-10---2023-01-02_duration_84_days_cluster_351_A0_000463_A_000561_lat_05162_lon_-0440_size_0337,IOME2304949A__20221127__20221128,IOME2304949A,2022-10-10,2023-01-02,2022-11-27,2022-11-28,1,0,0,0,1,48.0,35.0,83.0,83,2,2022-10-10,2023-01-02,193,12,12,2022-11-27,2022-11-28,1,1,0.08333333333333333,1.0,1,True
WD_MERGE_2022-10-10---2023-01-02_duration_84_days_cluster_351_A0_000463_A_000561_lat_05162_lon_-0440_size_0337,IOME2333648A__20221108__20221108,IOME2333648A,2022-10-10,2023-01-02,2022-11-08,2022-11-08,1,0,0,0,1,29.0,55.0,84.0,84,1,2022-10-10,2023-01-02,193,12,12,2022-11-08,2022-11-08,1,1,0.08333333333333333,1.0,2,False
WD_MERGE_2017-07-10---2017-07-31_duration_21_days_cluster_160_A0_000009_A_000010_lat_04510_lon_-0029_size_0061,INTE1727357A__20170709__20170709,INTE1727357A,2017-07-10,2017-07-31,2017-07-09,2017-07-09,1,0,0,0,1,1.0,22.0,23.0,23,0,2017-07-10,2017-07-31,50,12,12,2017-07-09,2017-07-09,3,2,0.08333333333333333,0.5,1,True
WD_MERGE_2020-09-28---2020-11-30_duration_63_days_cluster_273_A0_000452_A_000562_lat_05173_lon_-0314_size_0364,INTE2031566A__20201002__20201003,INTE2031566A,2020-09-28,2020-11-30,2020-10-02,2020-10-03,1,0,0,0,1,4.0,58.0,62.0,62,2,2020-09-28,2020-11-30,256,12,12,2020-10-02,2020-10-03,6,2,0.08333333333333333,0.5,8,False
WD_MERGE_2017-07-10---2017-07-31_duration_21_days_cluster_160_A0_000009_A_000010_lat_04510_lon_-0029_size_0061,INTE1731318A__20170709__20170709,INTE1731318A,2017-07-10,2017-07-31,2017-07-09,2017-07-09,1,0,0,0,1,1.0,22.0,23.0,23,0,2017-07-10,2017-07-31,50,12,12,2017-07-09,2017-07-09,4,3,0.08333333333333333,0.3333333333333333,2,False
WD_MERGE_2017-07-10---2017-07-31_duration_21_days_cluster_160_A0_000009_A_000010_lat_04510_lon_-0029_size_0061,INTE1726132A__20170709__20170709,INTE1726132A,2017-07-10,2017-07-31,2017-07-09,2017-07-09,1,0,0,0,1,1.0,22.0,23.0,23,0,2017-07-10,2017-07-31,50,12,12,2017-07-09,2017-07-09,10,6,0.08333333333333333,0.16666666666666666,3,False
WD_MERGE_2016-05-30---2016-06-13_duration_14_days_cluster_111_A0_000021_A_000026_lat_04738_lon_00255_size_0147,INTE1630434A__20160531__20160606,INTE1630434A,2016-05-30,2016-06-13,2016-05-31,2016-06-06,1,0,1,0,1,1.0,7.0,8.0,8,7,2016-05-30,2016-06-13,207,13,13,2016-05-31,2016-06-06,1,1,0.07692307692307693,1.0,15,False
WD_MERGE_2016-05-30---2016-06-13_duration_14_days_cluster_111_A0_000021_A_000026_lat_04738_lon_00255_size_0147,INTE1626972A__20160529__20160605,INTE1626972A,2016-05-30,2016-06-13,2016-05-29,2016-06-05,1,0,0,0,1,1.0,8.0,9.0,9,7,2016-05-30,2016-06-13,207,13,13,2016-05-29,2016-06-05,1,1,0.07692307692307693,1.0,16,False
WD_MERGE_2016-05-30---2016-06-13_duration_14_days_cluster_111_A0_000021_A_000026_lat_04738_lon_00255_size_0147,INTE1630434A__20160528__20160606,INTE1630434A,2016-05-30,2016-06-13,2016-05-28,2016-06-06,1,0,1,0,1,2.0,7.0,9.0,9,8,2016-05-30,2016-06-13,207,13,13,2016-05-28,2016-06-06,1,1,0.07692307692307693,1.0,17,False
WD_MERGE_2016-05-30---2016-06-13_duration_14_days_cluster_111_A0_000021_A_000026_lat_04738_lon_00255_size_0147,INTE1616446A__20160528__20160604,INTE1616446A,2016-05-30,2016-06-13,2016-05-28,2016-06-04,1,0,0,0,1,2.0,9.0,11.0,11,6,2016-05-30,2016-06-13,207,13,13,2016-05-28,2016-06-04,6,1,0.07692307692307693,1.0,18,False
WD_MERGE_2016-05-30---2016-06-13_duration_14_days_cluster_111_A0_000021_A_000026_lat_04738_lon_00255_size_0147,INTE1617716A__20160530__20160602,INTE1617716A,2016-05-30,2016-06-13,2016-05-30,2016-06-02,1,0,0,0,1,0.0,11.0,11.0,11,4,2016-05-30,2016-06-13,207,13,13,2016-05-30,2016-06-02,1,1,0.07692307692307693,1.0,19,False
WD_MERGE_2016-05-30---2016-06-13_duration_14_days_cluster_111_A0_000021_A_000026_lat_04738_lon_00255_size_0147,INTE1626972A__20160603__20160606,INTE1626972A,2016-05-30,2016-06-13,2016-06-03,2016-06-06,1,0,1,0,1,4.0,7.0,11.0,11,4,2016-05-30,2016-06-13,207,13,13,2016-06-03,2016-06-06,1,1,0.07692307692307693,1.0,20,False
WD_MERGE_2016-05-30---2016-06-13_duration_14_days_cluster_111_A0_000021_A_000026_lat_04738_lon_00255_size_0147,INTE1620877A__20160602__20160604,INTE1620877A,2016-05-30,2016-06-13,2016-06-02,2016-06-04,1,0,0,0,1,3.0,9.0,12.0,12,3,2016-05-30,2016-06-13,207,13,13,2016-06-02,2016-06-04,1,1,0.07692307692307693,1.0,21,False
WD_MERGE_2016-05-30---2016-06-13_duration_14_days_cluster_111_A0_000021_A_000026_lat_04738_lon_00255_size_0147,INTE1620877A__20160604__20160606,INTE1620877A,2016-05-30,2016-06-13,2016-06-04,2016-06-06,1,0,1,0,1,5.0,7.0,12.0,12,3,2016-05-30,2016-06-13,207,13,13,2016-06-04,2016-06-06,1,1,0.07692307692307693,1.0,22,False
WD_MERGE_2016-05-30---2016-06-13_duration_14_days_cluster_111_A0_000021_A_000026_lat_04738_lon_00255_size_0147,INTE1630434A__20160531__20160602,INTE1630434A,2016-05-30,2016-06-13,2016-05-31,2016-06-02,1,0,0,0,1,1.0,11.0,12.0,12,3,2016-05-30,2016-06-13,207,13,13,2016-05-31,2016-06-02,1,1,0.07692307692307693,1.0,23,False
WD_MERGE_2016-05-30---2016-06-13_duration_14_days_cluster_111_A0_000021_A_000026_lat_04738_lon_00255_size_0147,INTE1701176A__20160601__20160603,INTE1701176A,2016-05-30,2016-06-13,2016-06-01,2016-06-03,1,0,0,0,1,2.0,10.0,12.0,12,3,2016-05-30,2016-06-13,207,13,13,2016-06-01,2016-06-03,1,1,0.07692307692307693,1.0,24,False
WD_MERGE_2016-05-30---2016-06-13_duration_14_days_cluster_111_A0_000021_A_000026_lat_04738_lon_00255_size_0147,INTE1726132A__20160601__20160603,INTE1726132A,2016-05-30,2016-06-13,2016-06-01,2016-06-03,1,0,0,0,1,2.0,10.0,12.0,12,3,2016-05-30,2016-06-13,207,13,13,2016-06-01,2016-06-03,1,1,0.07692307692307693,1.0,25,False
WD_MERGE_2016-05-30---2016-06-13_duration_14_days_cluster_111_A0_000021_A_000026_lat_04738_lon_00255_size_0147,INTE1633036A__20160601__20160602,INTE1633036A,2016-05-30,2016-06-13,2016-06-01,2016-06-02,1,0,0,0,1,2.0,11.0,13.0,13,2,2016-05-30,2016-06-13,207,13,13,2016-06-01,2016-06-02,1,1,0.07692307692307693,1.0,26,False
WD_MERGE_2016-05-30---2016-06-13_duration_14_days_cluster_111_A0_000021_A_000026_lat_04738_lon_00255_size_0147,INTE1719705A__20160528__20160602,INTE1719705A,2016-05-30,2016-06-13,2016-05-28,2016-06-02,1,0,0,0,1,2.0,11.0,13.0,13,4,2016-05-30,2016-06-13,207,13,13,2016-05-28,2016-06-02,1,1,0.07692307692307693,1.0,27,False
WD_MERGE_2016-05-30---2016-06-13_duration_14_days_cluster_111_A0_000021_A_000026_lat_04738_lon_00255_size_0147,INTE1620877A__20160528__20160601,INTE1620877A,2016-05-30,2016-06-13,2016-05-28,2016-06-01,1,0,0,0,1,2.0,12.0,14.0,14,3,2016-05-30,2016-06-13,207,13,13,2016-05-28,2016-06-01,2,1,0.07692307692307693,1.0,28,False
WD_MERGE_2016-05-30---2016-06-13_duration_14_days_cluster_111_A0_000021_A_000026_lat_04738_lon_00255_size_0147,INTE1630434A__20160601__20160601,INTE1630434A,2016-05-30,2016-06-13,2016-06-01,2016-06-01,1,0,0,0,1,2.0,12.0,14.0,14,1,2016-05-30,2016-06-13,207,13,13,2016-06-01,2016-06-01,1,1,0.07692307692307693,1.0,29,False
WD_MERGE_2016-05-30---2016-06-13_duration_14_days_cluster_111_A0_000021_A_000026_lat_04738_lon_00255_size_0147,INTE1616446A__20160528__20160531,INTE1616446A,2016-05-30,2016-06-13,2016-05-28,2016-05-31,1,0,0,0,1,2.0,13.0,15.0,15,2,2016-05-30,2016-06-13,207,13,13,2016-05-28,2016-05-31,9,1,0.07692307692307693,1.0,30,False
WD_MERGE_2016-05-30---2016-06-13_duration_14_days_cluster_111_A0_000021_A_000026_lat_04738_lon_00255_size_0147,INTE1617716A__20160529__20160530,INTE1617716A,2016-05-30,2016-06-13,2016-05-29,2016-05-30,1,0,0,0,1,1.0,14.0,15.0,15,1,2016-05-30,2016-06-13,207,13,13,2016-05-29,2016-05-30,1,1,0.07692307692307693,1.0,31,False
WD_MERGE_2016-05-30---2016-06-13_duration_14_days_cluster_111_A0_000021_A_000026_lat_04738_lon_00255_size_0147,INTE1630434A__20160528__20160531,INTE1630434A,2016-05-30,2016-06-13,2016-05-28,2016-05-31,1,0,0,0,1,2.0,13.0,15.0,15,2,2016-05-30,2016-06-13,207,13,13,2016-05-28,2016-05-31,1,1,0.07692307692307693,1.0,32,False
WD_MERGE_2016-05-30---2016-06-13_duration_14_days_cluster_111_A0_000021_A_000026_lat_04738_lon_00255_size_0147,INTE1617716A__20160528__20160530,INTE1617716A,2016-05-30,2016-06-13,2016-05-28,2016-05-30,1,0,0,0,1,2.0,14.0,16.0,16,1,2016-05-30,2016-06-13,207,13,13,2016-05-28,2016-05-30,2,1,0.07692307692307693,1.0,33,False
WD_MERGE_2016-05-30---2016-06-13_duration_14_days_cluster_111_A0_000021_A_000026_lat_04738_lon_00255_size_0147,INTE1630434A__20160528__20160530,INTE1630434A,2016-05-30,2016-06-13,2016-05-28,2016-05-30,1,0,0,0,1,2.0,14.0,16.0,16,1,2016-05-30,2016-06-13,207,13,13,2016-05-28,2016-05-30,3,1,0.07692307692307693,1.0,34,False
WD_MERGE_2016-05-30---2016-06-13_duration_14_days_cluster_111_A0_000021_A_000026_lat_04738_lon_00255_size_0147,INTE1633036A__20160528__20160530,INTE1633036A,2016-05-30,2016-06-13,2016-05-28,2016-05-30,1,0,0,0,1,2.0,14.0,16.0,16,1,2016-05-30,2016-06-13,207,13,13,2016-05-28,2016-05-30,4,1,0.07692307692307693,1.0,35,False
WD_MERGE_2016-05-30---2016-06-13_duration_14_days_cluster_111_A0_000021_A_000026_lat_04738_lon_00255_size_0147,INTE1726132A__20160528__20160530,INTE1726132A,2016-05-30,2016-06-13,2016-05-28,2016-05-30,1,0,0,0,1,2.0,14.0,16.0,16,1,2016-05-30,2016-06-13,207,13,13,2016-05-28,2016-05-30,1,1,0.07692307692307693,1.0,36,False
WD_MERGE_2016-05-30---2016-06-13_duration_14_days_cluster_111_A0_000021_A_000026_lat_04738_lon_00255_size_0147,INTE1630434A__20160528__20160529,INTE1630434A,2016-05-30,2016-06-13,2016-05-28,2016-05-29,1,0,0,0,1,2.0,15.0,17.0,17,0,2016-05-30,2016-06-13,207,13,13,2016-05-28,2016-05-29,3,1,0.07692307692307693,1.0,37,False
WD_MERGE_2016-05-30---2016-06-13_duration_14_days_cluster_111_A0_000021_A_000026_lat_04738_lon_00255_size_0147,INTE1633036A__20160528__20160529,INTE1633036A,2016-05-30,2016-06-13,2016-05-28,2016-05-29,1,0,0,0,1,2.0,15.0,17.0,17,0,2016-05-30,2016-06-13,207,13,13,2016-05-28,2016-05-29,1,1,0.07692307692307693,1.0,38,False
WD_MERGE_2016-05-30---2016-06-13_duration_14_days_cluster_111_A0_000021_A_000026_lat_04738_lon_00255_size_0147,INTE1805267A__20160530__20160630,INTE1805267A,2016-05-30,2016-06-13,2016-05-30,2016-06-30,1,0,0,0,1,0.0,17.0,17.0,17,15,2016-05-30,2016-06-13,207,13,13,2016-05-30,2016-06-30,1,1,0.07692307692307693,1.0,39,False
WD_MERGE_2016-05-30---2016-06-13_duration_14_days_cluster_111_A0_000021_A_000026_lat_04738_lon_00255_size_0147,INTE1620877A__20160527__20160529,INTE1620877A,2016-05-30,2016-06-13,2016-05-27,2016-05-29,1,0,0,0,1,3.0,15.0,18.0,18,0,2016-05-30,2016-06-13,207,13,13,2016-05-27,2016-05-29,1,1,0.07692307692307693,1.0,40,False
WD_MERGE_2016-05-30---2016-06-13_duration_14_days_cluster_111_A0_000021_A_000026_lat_04738_lon_00255_size_0147,INTE1626972A__20160616__20160616,INTE1626972A,2016-05-30,2016-06-13,2016-06-16,2016-06-16,1,0,0,0,1,17.0,3.0,20.0,20,0,2016-05-30,2016-06-13,207,13,13,2016-06-16,2016-06-16,2,1,0.07692307692307693,1.0,41,False
WD_MERGE_2016-05-30---2016-06-13_duration_14_days_cluster_111_A0_000021_A_000026_lat_04738_lon_00255_size_0147,INTE1633036A__20160616__20160616,INTE1633036A,2016-05-30,2016-06-13,2016-06-16,2016-06-16,1,0,0,0,1,17.0,3.0,20.0,20,0,2016-05-30,2016-06-13,207,13,13,2016-06-16,2016-06-16,5,1,0.07692307692307693,1.0,42,False
WD_MERGE_2016-05-30---2016-06-13_duration_14_days_cluster_111_A0_000021_A_000026_lat_04738_lon_00255_size_0147,INTE1616446A__20160528__20160608,INTE1616446A,2016-05-30,2016-06-13,2016-05-28,2016-06-08,1,0,1,0,1,2.0,5.0,7.0,7,10,2016-05-30,2016-06-13,207,13,13,2016-05-28,2016-06-08,29,2,0.07692307692307693,0.5,43,False
WD_MERGE_2016-05-30---2016-06-13_duration_14_days_cluster_111_A0_000021_A_000026_lat_04738_lon_00255_size_0147,INTE1620877A__20160530__20160604,INTE1620877A,2016-05-30,2016-06-13,2016-05-30,2016-06-04,1,0,0,0,1,0.0,9.0,9.0,9,6,2016-05-30,2016-06-13,207,13,13,2016-05-30,2016-06-04,2,2,0.07692307692307693,0.5,44,False
WD_MERGE_2016-05-30---2016-06-13_duration_14_days_cluster_111_A0_000021_A_000026_lat_04738_lon_00255_size_0147,INTE1620877A__20160530__20160603,INTE1620877A,2016-05-30,2016-06-13,2016-05-30,2016-06-03,1,0,0,0,1,0.0,10.0,10.0,10,5,2016-05-30,2016-06-13,207,13,13,2016-05-30,2016-06-03,3,2,0.07692307692307693,0.5,45,False
WD_MERGE_2016-05-30---2016-06-13_duration_14_days_cluster_111_A0_000021_A_000026_lat_04738_lon_00255_size_0147,INTE1625246A__20160529__20160604,INTE1625246A,2016-05-30,2016-06-13,2016-05-29,2016-06-04,1,0,0,0,1,1.0,9.0,10.0,10,6,2016-05-30,2016-06-13,207,13,13,2016-05-29,2016-06-04,2,2,0.07692307692307693,0.5,46,False
WD_MERGE_2016-05-30---2016-06-13_duration_14_days_cluster_111_A0_000021_A_000026_lat_04738_lon_00255_size_0147,INTE1626972A__20160530__20160603,INTE1626972A,2016-05-30,2016-06-13,2016-05-30,2016-06-03,1,0,0,0,1,0.0,10.0,10.0,10,5,2016-05-30,2016-06-13,207,13,13,2016-05-30,2016-06-03,3,2,0.07692307692307693,0.5,47,False
WD_MERGE_2016-05-30---2016-06-13_duration_14_days_cluster_111_A0_000021_A_000026_lat_04738_lon_00255_size_0147,INTE1620877A__20160530__20160602,INTE1620877A,2016-05-30,2016-06-13,2016-05-30,2016-06-02,1,0,0,0,1,0.0,11.0,11.0,11,4,2016-05-30,2016-06-13,207,13,13,2016-05-30,2016-06-02,3,2,0.07692307692307693,0.5,48,False
WD_MERGE_2016-05-30---2016-06-13_duration_14_days_cluster_111_A0_000021_A_000026_lat_04738_lon_00255_size_0147,INTE1626972A__20160531__20160603,INTE1626972A,2016-05-30,2016-06-13,2016-05-31,2016-06-03,1,0,0,0,1,1.0,10.0,11.0,11,4,2016-05-30,2016-06-13,207,13,13,2016-05-31,2016-06-03,5,2,0.07692307692307693,0.5,49,False
WD_MERGE_2016-05-30---2016-06-13_duration_14_days_cluster_111_A0_000021_A_000026_lat_04738_lon_00255_size_0147,INTE1620877A__20160601__20160603,INTE1620877A,2016-05-30,2016-06-13,2016-06-01,2016-06-03,1,0,0,0,1,2.0,10.0,12.0,12,3,2016-05-30,2016-06-13,207,13,13,2016-06-01,2016-06-03,6,2,0.07692307692307693,0.5,50,False
WD_MERGE_2016-05-30---2016-06-13_duration_14_days_cluster_111_A0_000021_A_000026_lat_04738_lon_00255_size_0147,INTE1625246A__20160601__20160603,INTE1625246A,2016-05-30,2016-06-13,2016-06-01,2016-06-03,1,0,0,0,1,2.0,10.0,12.0,12,3,2016-05-30,2016-06-13,207,13,13,2016-06-01,2016-06-03,6,2,0.07692307692307693,0.5,51,False
WD_MERGE_2016-05-30---2016-06-13_duration_14_days_cluster_111_A0_000021_A_000026_lat_04738_lon_00255_size_0147,INTE1626972A__20160529__20160602,INTE1626972A,2016-05-30,2016-06-13,2016-05-29,2016-06-02,1,0,0,0,1,1.0,11.0,12.0,12,4,2016-05-30,2016-06-13,207,13,13,2016-05-29,2016-06-02,2,2,0.07692307692307693,0.5,52,False
WD_MERGE_2016-05-30---2016-06-13_duration_14_days_cluster_111_A0_000021_A_000026_lat_04738_lon_00255_size_0147,INTE1626972A__20160601__20160603,INTE1626972A,2016-05-30,2016-06-13,2016-06-01,2016-06-03,1,0,0,0,1,2.0,10.0,12.0,12,3,2016-05-30,2016-06-13,207,13,13,2016-06-01,2016-06-03,2,2,0.07692307692307693,0.5,53,False
WD_MERGE_2016-05-30---2016-06-13_duration_14_days_cluster_111_A0_000021_A_000026_lat_04738_lon_00255_size_0147,INTE1630434A__20160530__20160601,INTE1630434A,2016-05-30,2016-06-13,2016-05-30,2016-06-01,1,0,0,0,1,0.0,12.0,12.0,12,3,2016-05-30,2016-06-13,207,13,13,2016-05-30,2016-06-01,4,2,0.07692307692307693,0.5,54,False
WD_MERGE_2016-05-30---2016-06-13_duration_14_days_cluster_111_A0_000021_A_000026_lat_04738_lon_00255_size_0147,INTE1630434A__20160604__20160606,INTE1630434A,2016-05-30,2016-06-13,2016-06-04,2016-06-06,1,0,1,0,1,5.0,7.0,12.0,12,3,2016-05-30,2016-06-13,207,13,13,2016-06-04,2016-06-06,3,2,0.07692307692307693,0.5,55,False
WD_MERGE_2016-05-30---2016-06-13_duration_14_days_cluster_111_A0_000021_A_000026_lat_04738_lon_00255_size_0147,INTE1633036A__20160530__20160601,INTE1633036A,2016-05-30,2016-06-13,2016-05-30,2016-06-01,1,0,0,0,1,0.0,12.0,12.0,12,3,2016-05-30,2016-06-13,207,13,13,2016-05-30,2016-06-01,2,2,0.07692307692307693,0.5,56,False
WD_MERGE_2016-05-30---2016-06-13_duration_14_days_cluster_111_A0_000021_A_000026_lat_04738_lon_00255_size_0147,INTE1620877A__20160604__20160605,INTE1620877A,2016-05-30,2016-06-13,2016-06-04,2016-06-05,1,0,0,0,1,5.0,8.0,13.0,13,2,2016-05-30,2016-06-13,207,13,13,2016-06-04,2016-06-05,2,2,0.07692307692307693,0.5,57,False
WD_MERGE_2016-05-30---2016-06-13_duration_14_days_cluster_111_A0_000021_A_000026_lat_04738_lon_00255_size_0147,INTE1626972A__20160531__20160601,INTE1626972A,2016-05-30,2016-06-13,2016-05-31,2016-06-01,1,0,0,0,1,1.0,12.0,13.0,13,2,2016-05-30,2016-06-13,207,13,13,2016-05-31,2016-06-01,6,2,0.07692307692307693,0.5,58,False
WD_MERGE_2016-05-30---2016-06-13_duration_14_days_cluster_111_A0_000021_A_000026_lat_04738_lon_00255_size_0147,INTE1630434A__20160604__20160605,INTE1630434A,2016-05-30,2016-06-13,2016-06-04,2016-06-05,1,0,0,0,1,5.0,8.0,13.0,13,2,2016-05-30,2016-06-13,207,13,13,2016-06-04,2016-06-05,2,2,0.07692307692307693,0.5,59,False
WD_MERGE_2016-05-30---2016-06-13_duration_14_days_cluster_111_A0_000021_A_000026_lat_04738_lon_00255_size_0147,INTE1617716A__20160531__20160531,INTE1617716A,2016-05-30,2016-06-13,2016-05-31,2016-05-31,1,0,0,0,1,1.0,13.0,14.0,14,1,2016-05-30,2016-06-13,207,13,13,2016-05-31,2016-05-31,6,2,0.07692307692307693,0.5,60,False
WD_MERGE_2016-05-30---2016-06-13_duration_14_days_cluster_111_A0_000021_A_000026_lat_04738_lon_00255_size_0147,INTE1620877A__20160603__20160603,INTE1620877A,2016-05-30,2016-06-13,2016-06-03,2016-06-03,1,0,0,0,1,4.0,10.0,14.0,14,1,2016-05-30,2016-06-13,207,13,13,2016-06-03,2016-06-03,10,2,0.07692307692307693,0.5,61,False
WD_MERGE_2016-05-30---2016-06-13_duration_14_days_cluster_111_A0_000021_A_000026_lat_04738_lon_00255_size_0147,INTE1626972A__20160529__20160531,INTE1626972A,2016-05-30,2016-06-13,2016-05-29,2016-05-31,1,0,0,0,1,1.0,13.0,14.0,14,2,2016-05-30,2016-06-13,207,13,13,2016-05-29,2016-05-31,9,2,0.07692307692307693,0.5,62,False
WD_MERGE_2016-05-30---2016-06-13_duration_14_days_cluster_111_A0_000021_A_000026_lat_04738_lon_00255_size_0147,INTE1626972A__20160531__20160531,INTE1626972A,2016-05-30,2016-06-13,2016-05-31,2016-05-31,1,0,0,0,1,1.0,13.0,14.0,14,1,2016-05-30,2016-06-13,207,13,13,2016-05-31,2016-05-31,3,2,0.07692307692307693,0.5,63,False
WD_MERGE_2016-05-30---2016-06-13_duration_14_days_cluster_111_A0_000021_A_000026_lat_04738_lon_00255_size_0147,INTE1626972A__20160603__20160603,INTE1626972A,2016-05-30,2016-06-13,2016-06-03,2016-06-03,1,0,0,0,1,4.0,10.0,14.0,14,1,2016-05-30,2016-06-13,207,13,13,2016-06-03,2016-06-03,2,2,0.07692307692307693,0.5,64,False
WD_MERGE_2016-05-30---2016-06-13_duration_14_days_cluster_111_A0_000021_A_000026_lat_04738_lon_00255_size_0147,INTE1630434A__20160603__20160603,INTE1630434A,2016-05-30,2016-06-13,2016-06-03,2016-06-03,1,0,0,0,1,4.0,10.0,14.0,14,1,2016-05-30,2016-06-13,207,13,13,2016-06-03,2016-06-03,4,2,0.07692307692307693,0.5,65,False
WD_MERGE_2016-05-30---2016-06-13_duration_14_days_cluster_111_A0_000021_A_000026_lat_04738_lon_00255_size_0147,INTE1630434A__20160604__20160604,INTE1630434A,2016-05-30,2016-06-13,2016-06-04,2016-06-04,1,0,0,0,1,5.0,9.0,14.0,14,1,2016-05-30,2016-06-13,207,13,13,2016-06-04,2016-06-04,4,2,0.07692307692307693,0.5,66,False
WD_MERGE_2016-05-30---2016-06-13_duration_14_days_cluster_111_A0_000021_A_000026_lat_04738_lon_00255_size_0147,INTE1633036A__20160528__20160601,INTE1633036A,2016-05-30,2016-06-13,2016-05-28,2016-06-01,1,0,0,0,1,2.0,12.0,14.0,14,3,2016-05-30,2016-06-13,207,13,13,2016-05-28,2016-06-01,2,2,0.07692307692307693,0.5,67,False
WD_MERGE_2016-05-30---2016-06-13_duration_14_days_cluster_111_A0_000021_A_000026_lat_04738_lon_00255_size_0147,INTE1633036A__20160529__20160531,INTE1633036A,2016-05-30,2016-06-13,2016-05-29,2016-05-31,1,0,0,0,1,1.0,13.0,14.0,14,2,2016-05-30,2016-06-13,207,13,13,2016-05-29,2016-05-31,2,2,0.07692307692307693,0.5,68,False
WD_MERGE_2016-05-30---2016-06-13_duration_14_days_cluster_111_A0_000021_A_000026_lat_04738_lon_00255_size_0147,INTE1633036A__20160530__20160530,INTE1633036A,2016-05-30,2016-06-13,2016-05-30,2016-05-30,1,0,0,0,1,0.0,14.0,14.0,14,1,2016-05-30,2016-06-13,207,13,13,2016-05-30,2016-05-30,2,2,0.07692307692307693,0.5,69,False
WD_MERGE_2016-05-30---2016-06-13_duration_14_days_cluster_111_A0_000021_A_000026_lat_04738_lon_00255_size_0147,INTE1637220A__20160529__20160531,INTE1637220A,2016-05-30,2016-06-13,2016-05-29,2016-05-31,1,0,0,0,1,1.0,13.0,14.0,14,2,2016-05-30,2016-06-13,207,13,13,2016-05-29,2016-05-31,2,2,0.07692307692307693,0.5,70,False
WD_MERGE_2016-05-30---2016-06-13_duration_14_days_cluster_111_A0_000021_A_000026_lat_04738_lon_00255_size_0147,INTE1701176A__20160529__20160531,INTE1701176A,2016-05-30,2016-06-13,2016-05-29,2016-05-31,1,0,0,0,1,1.0,13.0,14.0,14,2,2016-05-30,2016-06-13,207,13,13,2016-05-29,2016-05-31,3,2,0.07692307692307693,0.5,71,False
WD_MERGE_2016-05-30---2016-06-13_duration_14_days_cluster_111_A0_000021_A_000026_lat_04738_lon_00255_size_0147,INTE1625246A__20160616__20160616,INTE1625246A,2016-05-30,2016-06-13,2016-06-16,2016-06-16,1,0,0,0,1,17.0,3.0,20.0,20,0,2016-05-30,2016-06-13,207,13,13,2016-06-16,2016-06-16,2,2,0.07692307692307693,0.5,72,False
WD_MERGE_2016-05-30---2016-06-13_duration_14_days_cluster_111_A0_000021_A_000026_lat_04738_lon_00255_size_0147,INTE1620877A__20160617__20160617,INTE1620877A,2016-05-30,2016-06-13,2016-06-17,2016-06-17,1,0,0,0,1,18.0,4.0,22.0,22,0,2016-05-30,2016-06-13,207,13,13,2016-06-17,2016-06-17,2,2,0.07692307692307693,0.5,73,False
WD_MERGE_2016-02-22---2016-04-18_duration_49_days_cluster_300_A0_000346_A_000432_lat_05197_lon_-0062_size_0391,INTE1617716A__20160422__20160422,INTE1617716A,2016-02-22,2016-04-18,2016-04-22,2016-04-22,1,0,0,0,1,60.0,4.0,64.0,64,0,2016-02-22,2016-04-18,182,13,13,2016-04-22,2016-04-22,3,2,0.07692307692307693,0.5,1,True
WD_MERGE_2016-05-30---2016-06-13_duration_14_days_cluster_111_A0_000021_A_000026_lat_04738_lon_00255_size_0147,INTE1626972A__20160530__20160601,INTE1626972A,2016-05-30,2016-06-13,2016-05-30,2016-06-01,1,0,0,0,1,0.0,12.0,12.0,12,3,2016-05-30,2016-06-13,207,13,13,2016-05-30,2016-06-01,5,3,0.07692307692307693,0.3333333333333333,74,False
WD_MERGE_2016-05-30---2016-06-13_duration_14_days_cluster_111_A0_000021_A_000026_lat_04738_lon_00255_size_0147,INTE1626972A__20160531__20160602,INTE1626972A,2016-05-30,2016-06-13,2016-05-31,2016-06-02,1,0,0,0,1,1.0,11.0,12.0,12,3,2016-05-30,2016-06-13,207,13,13,2016-05-31,2016-06-02,8,3,0.07692307692307693,0.3333333333333333,75,False
WD_MERGE_2016-05-30---2016-06-13_duration_14_days_cluster_111_A0_000021_A_000026_lat_04738_lon_00255_size_0147,INTE1620877A__20160608__20160608,INTE1620877A,2016-05-30,2016-06-13,2016-06-08,2016-06-08,1,0,0,0,1,9.0,5.0,14.0,14,1,2016-05-30,2016-06-13,207,13,13,2016-06-08,2016-06-08,6,3,0.07692307692307693,0.3333333333333333,76,False
WD_MERGE_2016-05-30---2016-06-13_duration_14_days_cluster_111_A0_000021_A_000026_lat_04738_lon_00255_size_0147,INTE1630434A__20160531__20160531,INTE1630434A,2016-05-30,2016-06-13,2016-05-31,2016-05-31,1,0,0,0,1,1.0,13.0,14.0,14,1,2016-05-30,2016-06-13,207,13,13,2016-05-31,2016-05-31,3,3,0.07692307692307693,0.3333333333333333,77,False
WD_MERGE_2016-05-30---2016-06-13_duration_14_days_cluster_111_A0_000021_A_000026_lat_04738_lon_00255_size_0147,INTE1630434A__20160608__20160608,INTE1630434A,2016-05-30,2016-06-13,2016-06-08,2016-06-08,1,0,0,0,1,9.0,5.0,14.0,14,1,2016-05-30,2016-06-13,207,13,13,2016-06-08,2016-06-08,5,3,0.07692307692307693,0.3333333333333333,78,False
WD_MERGE_2016-05-30---2016-06-13_duration_14_days_cluster_111_A0_000021_A_000026_lat_04738_lon_00255_size_0147,INTE1616446A__20160607__20160608,INTE1616446A,2016-05-30,2016-06-13,2016-06-07,2016-06-08,1,0,0,0,1,8.0,5.0,13.0,13,2,2016-05-30,2016-06-13,207,13,13,2016-06-07,2016-06-08,53,4,0.07692307692307693,0.25,79,False
WD_MERGE_2016-05-30---2016-06-13_duration_14_days_cluster_111_A0_000021_A_000026_lat_04738_lon_00255_size_0147,INTE1620877A__20160531__20160601,INTE1620877A,2016-05-30,2016-06-13,2016-05-31,2016-06-01,1,0,0,0,1,1.0,12.0,13.0,13,2,2016-05-30,2016-06-13,207,13,13,2016-05-31,2016-06-01,7,4,0.07692307692307693,0.25,80,False
WD_MERGE_2016-05-30---2016-06-13_duration_14_days_cluster_111_A0_000021_A_000026_lat_04738_lon_00255_size_0147,INTE1620877A__20160605__20160605,INTE1620877A,2016-05-30,2016-06-13,2016-06-05,2016-06-05,1,0,0,0,1,6.0,8.0,14.0,14,1,2016-05-30,2016-06-13,207,13,13,2016-06-05,2016-06-05,8,4,0.07692307692307693,0.25,81,False
WD_MERGE_2016-05-30---2016-06-13_duration_14_days_cluster_111_A0_000021_A_000026_lat_04738_lon_00255_size_0147,INTE1626972A__20160530__20160530,INTE1626972A,2016-05-30,2016-06-13,2016-05-30,2016-05-30,1,0,0,0,1,0.0,14.0,14.0,14,1,2016-05-30,2016-06-13,207,13,13,2016-05-30,2016-05-30,4,4,0.07692307692307693,0.25,82,False
WD_MERGE_2016-05-30---2016-06-13_duration_14_days_cluster_111_A0_000021_A_000026_lat_04738_lon_00255_size_0147,INTE1630434A__20160530__20160530,INTE1630434A,2016-05-30,2016-06-13,2016-05-30,2016-05-30,1,0,0,0,1,0.0,14.0,14.0,14,1,2016-05-30,2016-06-13,207,13,13,2016-05-30,2016-05-30,6,4,0.07692307692307693,0.25,83,False
WD_MERGE_2016-05-30---2016-06-13_duration_14_days_cluster_111_A0_000021_A_000026_lat_04738_lon_00255_size_0147,INTE1620877A__20160529__20160530,INTE1620877A,2016-05-30,2016-06-13,2016-05-29,2016-05-30,1,0,0,0,1,1.0,14.0,15.0,15,1,2016-05-30,2016-06-13,207,13,13,2016-05-29,2016-05-30,4,4,0.07692307692307693,0.25,84,False
WD_MERGE_2016-05-30---2016-06-13_duration_14_days_cluster_111_A0_000021_A_000026_lat_04738_lon_00255_size_0147,INTE1625246A__20160528__20160529,INTE1625246A,2016-05-30,2016-06-13,2016-05-28,2016-05-29,1,0,0,0,1,2.0,15.0,17.0,17,0,2016-05-30,2016-06-13,207,13,13,2016-05-28,2016-05-29,7,4,0.07692307692307693,0.25,85,False
WD_MERGE_2016-05-30---2016-06-13_duration_14_days_cluster_111_A0_000021_A_000026_lat_04738_lon_00255_size_0147,INTE1617716A__20160528__20160528,INTE1617716A,2016-05-30,2016-06-13,2016-05-28,2016-05-28,1,0,0,0,1,2.0,16.0,18.0,18,0,2016-05-30,2016-06-13,207,13,13,2016-05-28,2016-05-28,9,4,0.07692307692307693,0.25,86,False
WD_MERGE_2016-05-30---2016-06-13_duration_14_days_cluster_111_A0_000021_A_000026_lat_04738_lon_00255_size_0147,INTE1630434A__20160528__20160528,INTE1630434A,2016-05-30,2016-06-13,2016-05-28,2016-05-28,1,0,0,0,1,2.0,16.0,18.0,18,0,2016-05-30,2016-06-13,207,13,13,2016-05-28,2016-05-28,4,4,0.07692307692307693,0.25,87,False
WD_MERGE_2016-05-30---2016-06-13_duration_14_days_cluster_111_A0_000021_A_000026_lat_04738_lon_00255_size_0147,INTE1620877A__20160529__20160531,INTE1620877A,2016-05-30,2016-06-13,2016-05-29,2016-05-31,1,0,0,0,1,1.0,13.0,14.0,14,2,2016-05-30,2016-06-13,207,13,13,2016-05-29,2016-05-31,15,5,0.07692307692307693,0.2,88,False
WD_MERGE_2016-05-30---2016-06-13_duration_14_days_cluster_111_A0_000021_A_000026_lat_04738_lon_00255_size_0147,INTE1620877A__20160529__20160529,INTE1620877A,2016-05-30,2016-06-13,2016-05-29,2016-05-29,1,0,0,0,1,1.0,15.0,16.0,16,0,2016-05-30,2016-06-13,207,13,13,2016-05-29,2016-05-29,7,5,0.07692307692307693,0.2,89,False
WD_MERGE_2016-05-30---2016-06-13_duration_14_days_cluster_111_A0_000021_A_000026_lat_04738_lon_00255_size_0147,INTE1620877A__20160527__20160527,INTE1620877A,2016-05-30,2016-06-13,2016-05-27,2016-05-27,1,0,0,0,1,3.0,17.0,20.0,20,0,2016-05-30,2016-06-13,207,13,13,2016-05-27,2016-05-27,13,5,0.07692307692307693,0.2,90,False
WD_MERGE_2016-05-30---2016-06-13_duration_14_days_cluster_111_A0_000021_A_000026_lat_04738_lon_00255_size_0147,INTE1616446A__20160528__20160605,INTE1616446A,2016-05-30,2016-06-13,2016-05-28,2016-06-05,1,0,0,0,1,2.0,8.0,10.0,10,7,2016-05-30,2016-06-13,207,13,13,2016-05-28,2016-06-05,189,6,0.07692307692307693,0.16666666666666666,91,False
WD_MERGE_2016-05-30---2016-06-13_duration_14_days_cluster_111_A0_000021_A_000026_lat_04738_lon_00255_size_0147,INTE1626972A__20160528__20160528,INTE1626972A,2016-05-30,2016-06-13,2016-05-28,2016-05-28,1,0,0,0,1,2.0,16.0,18.0,18,0,2016-05-30,2016-06-13,207,13,13,2016-05-28,2016-05-28,12,6,0.07692307692307693,0.16666666666666666,92,False
WD_MERGE_2016-05-30---2016-06-13_duration_14_days_cluster_111_A0_000021_A_000026_lat_04738_lon_00255_size_0147,INTE1625246A__20160528__20160528,INTE1625246A,2016-05-30,2016-06-13,2016-05-28,2016-05-28,1,0,0,0,1,2.0,16.0,18.0,18,0,2016-05-30,2016-06-13,207,13,13,2016-05-28,2016-05-28,19,7,0.07692307692307693,0.14285714285714285,93,False
WD_MERGE_2016-05-30---2016-06-13_duration_14_days_cluster_111_A0_000021_A_000026_lat_04738_lon_00255_size_0147,INTE1630434A__20160607__20160607,INTE1630434A,2016-05-30,2016-06-13,2016-06-07,2016-06-07,1,0,0,0,1,8.0,6.0,14.0,14,1,2016-05-30,2016-06-13,207,13,13,2016-06-07,2016-06-07,25,8,0.07692307692307693,0.125,94,False
WD_MERGE_2024-05-13---2024-05-20_duration_7_days_cluster_070_A0_000052_A_000061_lat_04719_lon_00110_size_0066,INTE2424582A__20240518__20240520,INTE2424582A,2024-05-13,2024-05-20,2024-05-18,2024-05-20,1,0,1,1,1,5.0,0.0,5.0,5,3,2024-05-13,2024-05-20,212,14,14,2024-05-18,2024-05-20,1,1,0.07142857142857142,1.0,2,False
WD_MERGE_2024-05-13---2024-05-20_duration_7_days_cluster_070_A0_000052_A_000061_lat_04719_lon_00110_size_0066,IOME2420215A__20240517__20240517,IOME2420215A,2024-05-13,2024-05-20,2024-05-17,2024-05-17,1,0,1,1,1,4.0,3.0,7.0,7,1,2024-05-13,2024-05-20,212,14,14,2024-05-17,2024-05-17,1,1,0.07142857142857142,1.0,3,False
WD_MERGE_2018-06-04---2018-06-18_duration_14_days_cluster_098_A0_000042_A_000061_lat_04818_lon_-0084_size_0084,INTE1820387A__20180608__20180612,INTE1820387A,2018-06-04,2018-06-18,2018-06-08,2018-06-12,1,0,1,0,1,4.0,6.0,10.0,10,5,2018-06-04,2018-06-18,214,14,14,2018-06-08,2018-06-12,1,1,0.07142857142857142,1.0,35,False
WD_MERGE_2018-06-04---2018-06-18_duration_14_days_cluster_098_A0_000042_A_000061_lat_04818_lon_-0084_size_0084,INTE1820387A__20180609__20180613,INTE1820387A,2018-06-04,2018-06-18,2018-06-09,2018-06-13,1,0,1,0,1,5.0,5.0,10.0,10,5,2018-06-04,2018-06-18,214,14,14,2018-06-09,2018-06-13,1,1,0.07142857142857142,1.0,36,False
WD_MERGE_2018-06-04---2018-06-18_duration_14_days_cluster_098_A0_000042_A_000061_lat_04818_lon_-0084_size_0084,INTE1820387A__20180609__20180612,INTE1820387A,2018-06-04,2018-06-18,2018-06-09,2018-06-12,1,0,1,0,1,5.0,6.0,11.0,11,4,2018-06-04,2018-06-18,214,14,14,2018-06-09,2018-06-12,1,1,0.07142857142857142,1.0,37,False
WD_MERGE_2018-06-04---2018-06-18_duration_14_days_cluster_098_A0_000042_A_000061_lat_04818_lon_-0084_size_0084,INTE1820387A__20180610__20180613,INTE1820387A,2018-06-04,2018-06-18,2018-06-10,2018-06-13,1,0,1,0,1,6.0,5.0,11.0,11,4,2018-06-04,2018-06-18,214,14,14,2018-06-10,2018-06-13,2,1,0.07142857142857142,1.0,38,False
WD_MERGE_2018-06-04---2018-06-18_duration_14_days_cluster_098_A0_000042_A_000061_lat_04818_lon_-0084_size_0084,INTE1820387A__20180612__20180615,INTE1820387A,2018-06-04,2018-06-18,2018-06-12,2018-06-15,1,0,0,0,1,8.0,3.0,11.0,11,4,2018-06-04,2018-06-18,214,14,14,2018-06-12,2018-06-15,3,1,0.07142857142857142,1.0,39,False
WD_MERGE_2018-06-04---2018-06-18_duration_14_days_cluster_098_A0_000042_A_000061_lat_04818_lon_-0084_size_0084,INTE1824833A__20180609__20180612,INTE1824833A,2018-06-04,2018-06-18,2018-06-09,2018-06-12,1,0,1,0,1,5.0,6.0,11.0,11,4,2018-06-04,2018-06-18,214,14,14,2018-06-09,2018-06-12,1,1,0.07142857142857142,1.0,40,False
WD_MERGE_2018-06-04---2018-06-18_duration_14_days_cluster_098_A0_000042_A_000061_lat_04818_lon_-0084_size_0084,INTE1824833A__20180611__20180614,INTE1824833A,2018-06-04,2018-06-18,2018-06-11,2018-06-14,1,0,1,0,1,7.0,4.0,11.0,11,4,2018-06-04,2018-06-18,214,14,14,2018-06-11,2018-06-14,1,1,0.07142857142857142,1.0,41,False
WD_MERGE_2018-06-04---2018-06-18_duration_14_days_cluster_098_A0_000042_A_000061_lat_04818_lon_-0084_size_0084,INTE1901604A__20180609__20180612,INTE1901604A,2018-06-04,2018-06-18,2018-06-09,2018-06-12,1,0,1,0,1,5.0,6.0,11.0,11,4,2018-06-04,2018-06-18,214,14,14,2018-06-09,2018-06-12,1,1,0.07142857142857142,1.0,42,False
WD_MERGE_2018-06-04---2018-06-18_duration_14_days_cluster_098_A0_000042_A_000061_lat_04818_lon_-0084_size_0084,INTE1820387A__20180604__20180606,INTE1820387A,2018-06-04,2018-06-18,2018-06-04,2018-06-06,1,0,0,0,1,0.0,12.0,12.0,12,3,2018-06-04,2018-06-18,214,14,14,2018-06-04,2018-06-06,1,1,0.07142857142857142,1.0,43,False
WD_MERGE_2018-06-04---2018-06-18_duration_14_days_cluster_098_A0_000042_A_000061_lat_04818_lon_-0084_size_0084,INTE1820387A__20180611__20180613,INTE1820387A,2018-06-04,2018-06-18,2018-06-11,2018-06-13,1,0,1,0,1,7.0,5.0,12.0,12,3,2018-06-04,2018-06-18,214,14,14,2018-06-11,2018-06-13,1,1,0.07142857142857142,1.0,44,False
WD_MERGE_2018-06-04---2018-06-18_duration_14_days_cluster_098_A0_000042_A_000061_lat_04818_lon_-0084_size_0084,INTE1831446A__20180604__20180606,INTE1831446A,2018-06-04,2018-06-18,2018-06-04,2018-06-06,1,0,0,0,1,0.0,12.0,12.0,12,3,2018-06-04,2018-06-18,214,14,14,2018-06-04,2018-06-06,1,1,0.07142857142857142,1.0,45,False
WD_MERGE_2018-06-04---2018-06-18_duration_14_days_cluster_098_A0_000042_A_000061_lat_04818_lon_-0084_size_0084,INTE1820387A__20180605__20180606,INTE1820387A,2018-06-04,2018-06-18,2018-06-05,2018-06-06,1,0,0,0,1,1.0,12.0,13.0,13,2,2018-06-04,2018-06-18,214,14,14,2018-06-05,2018-06-06,3,1,0.07142857142857142,1.0,46,False
WD_MERGE_2018-06-04---2018-06-18_duration_14_days_cluster_098_A0_000042_A_000061_lat_04818_lon_-0084_size_0084,INTE1820387A__20180613__20180614,INTE1820387A,2018-06-04,2018-06-18,2018-06-13,2018-06-14,1,0,0,0,1,9.0,4.0,13.0,13,2,2018-06-04,2018-06-18,214,14,14,2018-06-13,2018-06-14,1,1,0.07142857142857142,1.0,47,False
WD_MERGE_2018-06-04---2018-06-18_duration_14_days_cluster_098_A0_000042_A_000061_lat_04818_lon_-0084_size_0084,INTE1824833A__20180603__20180606,INTE1824833A,2018-06-04,2018-06-18,2018-06-03,2018-06-06,1,0,0,0,1,1.0,12.0,13.0,13,3,2018-06-04,2018-06-18,214,14,14,2018-06-03,2018-06-06,1,1,0.07142857142857142,1.0,48,False
WD_MERGE_2018-06-04---2018-06-18_duration_14_days_cluster_098_A0_000042_A_000061_lat_04818_lon_-0084_size_0084,INTE1826529A__20180605__20180606,INTE1826529A,2018-06-04,2018-06-18,2018-06-05,2018-06-06,1,0,0,0,1,1.0,12.0,13.0,13,2,2018-06-04,2018-06-18,214,14,14,2018-06-05,2018-06-06,1,1,0.07142857142857142,1.0,49,False
WD_MERGE_2018-06-04---2018-06-18_duration_14_days_cluster_098_A0_000042_A_000061_lat_04818_lon_-0084_size_0084,INTE1835008A__20180604__20180605,INTE1835008A,2018-06-04,2018-06-18,2018-06-04,2018-06-05,1,0,0,0,1,0.0,13.0,13.0,13,2,2018-06-04,2018-06-18,214,14,14,2018-06-04,2018-06-05,1,1,0.07142857142857142,1.0,50,False
WD_MERGE_2018-06-04---2018-06-18_duration_14_days_cluster_098_A0_000042_A_000061_lat_04818_lon_-0084_size_0084,INTE1907677A__20180611__20180612,INTE1907677A,2018-06-04,2018-06-18,2018-06-11,2018-06-12,1,0,1,0,1,7.0,6.0,13.0,13,2,2018-06-04,2018-06-18,214,14,14,2018-06-11,2018-06-12,1,1,0.07142857142857142,1.0,51,False
WD_MERGE_2018-06-04---2018-06-18_duration_14_days_cluster_098_A0_000042_A_000061_lat_04818_lon_-0084_size_0084,INTE1826529A__20180604__20180604,INTE1826529A,2018-06-04,2018-06-18,2018-06-04,2018-06-04,1,0,0,0,1,0.0,14.0,14.0,14,1,2018-06-04,2018-06-18,214,14,14,2018-06-04,2018-06-04,1,1,0.07142857142857142,1.0,52,False
WD_MERGE_2018-06-04---2018-06-18_duration_14_days_cluster_098_A0_000042_A_000061_lat_04818_lon_-0084_size_0084,INTE1831446A__20180609__20180609,INTE1831446A,2018-06-04,2018-06-18,2018-06-09,2018-06-09,1,0,0,0,1,5.0,9.0,14.0,14,1,2018-06-04,2018-06-18,214,14,14,2018-06-09,2018-06-09,1,1,0.07142857142857142,1.0,53,False
WD_MERGE_2018-06-04---2018-06-18_duration_14_days_cluster_098_A0_000042_A_000061_lat_04818_lon_-0084_size_0084,INTE1835008A__20180609__20180609,INTE1835008A,2018-06-04,2018-06-18,2018-06-09,2018-06-09,1,0,0,0,1,5.0,9.0,14.0,14,1,2018-06-04,2018-06-18,214,14,14,2018-06-09,2018-06-09,1,1,0.07142857142857142,1.0,54,False
WD_MERGE_2018-06-04---2018-06-18_duration_14_days_cluster_098_A0_000042_A_000061_lat_04818_lon_-0084_size_0084,INTE1835008A__20180613__20180613,INTE1835008A,2018-06-04,2018-06-18,2018-06-13,2018-06-13,1,0,0,0,1,9.0,5.0,14.0,14,1,2018-06-04,2018-06-18,214,14,14,2018-06-13,2018-06-13,1,1,0.07142857142857142,1.0,55,False
WD_MERGE_2018-06-04---2018-06-18_duration_14_days_cluster_098_A0_000042_A_000061_lat_04818_lon_-0084_size_0084,INTE1905473A__20180605__20180605,INTE1905473A,2018-06-04,2018-06-18,2018-06-05,2018-06-05,1,0,0,0,1,1.0,13.0,14.0,14,1,2018-06-04,2018-06-18,214,14,14,2018-06-05,2018-06-05,1,1,0.07142857142857142,1.0,56,False
WD_MERGE_2018-06-04---2018-06-18_duration_14_days_cluster_098_A0_000042_A_000061_lat_04818_lon_-0084_size_0084,INTE1932508A__20180609__20180609,INTE1932508A,2018-06-04,2018-06-18,2018-06-09,2018-06-09,1,0,0,0,1,5.0,9.0,14.0,14,1,2018-06-04,2018-06-18,214,14,14,2018-06-09,2018-06-09,1,1,0.07142857142857142,1.0,57,False
WD_MERGE_2018-06-04---2018-06-18_duration_14_days_cluster_098_A0_000042_A_000061_lat_04818_lon_-0084_size_0084,INTE1824833A__20180603__20180604,INTE1824833A,2018-06-04,2018-06-18,2018-06-03,2018-06-04,1,0,0,0,1,1.0,14.0,15.0,15,1,2018-06-04,2018-06-18,214,14,14,2018-06-03,2018-06-04,1,1,0.07142857142857142,1.0,58,False
WD_MERGE_2018-06-04---2018-06-18_duration_14_days_cluster_098_A0_000042_A_000061_lat_04818_lon_-0084_size_0084,INTE1817087A__20180603__20180603,INTE1817087A,2018-06-04,2018-06-18,2018-06-03,2018-06-03,1,0,0,0,1,1.0,15.0,16.0,16,0,2018-06-04,2018-06-18,214,14,14,2018-06-03,2018-06-03,4,1,0.07142857142857142,1.0,59,False
WD_MERGE_2018-06-04---2018-06-18_duration_14_days_cluster_098_A0_000042_A_000061_lat_04818_lon_-0084_size_0084,INTE1831446A__20180603__20180603,INTE1831446A,2018-06-04,2018-06-18,2018-06-03,2018-06-03,1,0,0,0,1,1.0,15.0,16.0,16,0,2018-06-04,2018-06-18,214,14,14,2018-06-03,2018-06-03,1,1,0.07142857142857142,1.0,60,False
WD_MERGE_2018-06-04---2018-06-18_duration_14_days_cluster_098_A0_000042_A_000061_lat_04818_lon_-0084_size_0084,INTE1824833A__20180531__20180605,INTE1824833A,2018-06-04,2018-06-18,2018-05-31,2018-06-05,1,0,0,0,1,4.0,13.0,17.0,17,2,2018-06-04,2018-06-18,214,14,14,2018-05-31,2018-06-05,1,1,0.07142857142857142,1.0,61,False
WD_MERGE_2018-06-04---2018-06-18_duration_14_days_cluster_098_A0_000042_A_000061_lat_04818_lon_-0084_size_0084,INTE1820387A__20180528__20180531,INTE1820387A,2018-06-04,2018-06-18,2018-05-28,2018-05-31,1,0,0,0,1,7.0,18.0,25.0,25,0,2018-06-04,2018-06-18,214,14,14,2018-05-28,2018-05-31,1,1,0.07142857142857142,1.0,62,False
WD_MERGE_2018-06-04---2018-06-18_duration_14_days_cluster_098_A0_000042_A_000061_lat_04818_lon_-0084_size_0084,INTE1817087A__20180529__20180529,INTE1817087A,2018-06-04,2018-06-18,2018-05-29,2018-05-29,1,0,0,0,1,6.0,20.0,26.0,26,0,2018-06-04,2018-06-18,214,14,14,2018-05-29,2018-05-29,1,1,0.07142857142857142,1.0,63,False
WD_MERGE_2018-06-04---2018-06-18_duration_14_days_cluster_098_A0_000042_A_000061_lat_04818_lon_-0084_size_0084,INTE1905473A__20180529__20180529,INTE1905473A,2018-06-04,2018-06-18,2018-05-29,2018-05-29,1,0,0,0,1,6.0,20.0,26.0,26,0,2018-06-04,2018-06-18,214,14,14,2018-05-29,2018-05-29,1,1,0.07142857142857142,1.0,64,False
WD_MERGE_2024-05-13---2024-05-20_duration_7_days_cluster_070_A0_000052_A_000061_lat_04719_lon_00110_size_0066,INTE2525618A__20240331__20240613,INTE2525618A,2024-05-13,2024-05-20,2024-03-31,2024-06-13,1,0,0,0,1,43.0,24.0,67.0,67,8,2024-05-13,2024-05-20,212,14,14,2024-03-31,2024-06-13,1,1,0.07142857142857142,1.0,4,False
WD_MERGE_2018-06-04---2018-06-18_duration_14_days_cluster_098_A0_000042_A_000061_lat_04818_lon_-0084_size_0084,INTE1820387A__20180611__20180614,INTE1820387A,2018-06-04,2018-06-18,2018-06-11,2018-06-14,1,0,1,0,1,7.0,4.0,11.0,11,4,2018-06-04,2018-06-18,214,14,14,2018-06-11,2018-06-14,2,2,0.07142857142857142,0.5,65,False
WD_MERGE_2018-06-04---2018-06-18_duration_14_days_cluster_098_A0_000042_A_000061_lat_04818_lon_-0084_size_0084,INTE1824833A__20180609__20180611,INTE1824833A,2018-06-04,2018-06-18,2018-06-09,2018-06-11,1,0,1,0,1,5.0,7.0,12.0,12,3,2018-06-04,2018-06-18,214,14,14,2018-06-09,2018-06-11,3,2,0.07142857142857142,0.5,66,False
WD_MERGE_2018-06-04---2018-06-18_duration_14_days_cluster_098_A0_000042_A_000061_lat_04818_lon_-0084_size_0084,INTE1824833A__20180611__20180613,INTE1824833A,2018-06-04,2018-06-18,2018-06-11,2018-06-13,1,0,1,0,1,7.0,5.0,12.0,12,3,2018-06-04,2018-06-18,214,14,14,2018-06-11,2018-06-13,2,2,0.07142857142857142,0.5,67,False
WD_MERGE_2018-06-04---2018-06-18_duration_14_days_cluster_098_A0_000042_A_000061_lat_04818_lon_-0084_size_0084,INTE1835008A__20180610__20180612,INTE1835008A,2018-06-04,2018-06-18,2018-06-10,2018-06-12,1,0,1,0,1,6.0,6.0,12.0,12,3,2018-06-04,2018-06-18,214,14,14,2018-06-10,2018-06-12,2,2,0.07142857142857142,0.5,68,False
WD_MERGE_2018-06-04---2018-06-18_duration_14_days_cluster_098_A0_000042_A_000061_lat_04818_lon_-0084_size_0084,INTE1824833A__20180604__20180605,INTE1824833A,2018-06-04,2018-06-18,2018-06-04,2018-06-05,1,0,0,0,1,0.0,13.0,13.0,13,2,2018-06-04,2018-06-18,214,14,14,2018-06-04,2018-06-05,4,2,0.07142857142857142,0.5,69,False
WD_MERGE_2018-06-04---2018-06-18_duration_14_days_cluster_098_A0_000042_A_000061_lat_04818_lon_-0084_size_0084,INTE1826529A__20180610__20180611,INTE1826529A,2018-06-04,2018-06-18,2018-06-10,2018-06-11,1,0,1,0,1,6.0,7.0,13.0,13,2,2018-06-04,2018-06-18,214,14,14,2018-06-10,2018-06-11,3,2,0.07142857142857142,0.5,70,False
WD_MERGE_2018-06-04---2018-06-18_duration_14_days_cluster_098_A0_000042_A_000061_lat_04818_lon_-0084_size_0084,INTE1824833A__20180613__20180613,INTE1824833A,2018-06-04,2018-06-18,2018-06-13,2018-06-13,1,0,0,0,1,9.0,5.0,14.0,14,1,2018-06-04,2018-06-18,214,14,14,2018-06-13,2018-06-13,2,2,0.07142857142857142,0.5,71,False
WD_MERGE_2018-06-04---2018-06-18_duration_14_days_cluster_098_A0_000042_A_000061_lat_04818_lon_-0084_size_0084,INTE1824833A__20180614__20180614,INTE1824833A,2018-06-04,2018-06-18,2018-06-14,2018-06-14,1,0,0,0,1,10.0,4.0,14.0,14,1,2018-06-04,2018-06-18,214,14,14,2018-06-14,2018-06-14,2,2,0.07142857142857142,0.5,72,False
WD_MERGE_2018-06-04---2018-06-18_duration_14_days_cluster_098_A0_000042_A_000061_lat_04818_lon_-0084_size_0084,INTE1826529A__20180609__20180609,INTE1826529A,2018-06-04,2018-06-18,2018-06-09,2018-06-09,1,0,0,0,1,5.0,9.0,14.0,14,1,2018-06-04,2018-06-18,214,14,14,2018-06-09,2018-06-09,5,2,0.07142857142857142,0.5,73,False
WD_MERGE_2018-06-04---2018-06-18_duration_14_days_cluster_098_A0_000042_A_000061_lat_04818_lon_-0084_size_0084,INTE1831446A__20180611__20180611,INTE1831446A,2018-06-04,2018-06-18,2018-06-11,2018-06-11,1,0,1,1,1,7.0,7.0,14.0,14,1,2018-06-04,2018-06-18,214,14,14,2018-06-11,2018-06-11,3,2,0.07142857142857142,0.5,74,False
WD_MERGE_2018-06-04---2018-06-18_duration_14_days_cluster_098_A0_000042_A_000061_lat_04818_lon_-0084_size_0084,INTE1835008A__20180612__20180612,INTE1835008A,2018-06-04,2018-06-18,2018-06-12,2018-06-12,1,0,0,0,1,8.0,6.0,14.0,14,1,2018-06-04,2018-06-18,214,14,14,2018-06-12,2018-06-12,2,2,0.07142857142857142,0.5,75,False
WD_MERGE_2018-06-04---2018-06-18_duration_14_days_cluster_098_A0_000042_A_000061_lat_04818_lon_-0084_size_0084,INTE1901604A__20180611__20180611,INTE1901604A,2018-06-04,2018-06-18,2018-06-11,2018-06-11,1,0,1,1,1,7.0,7.0,14.0,14,1,2018-06-04,2018-06-18,214,14,14,2018-06-11,2018-06-11,2,2,0.07142857142857142,0.5,76,False
WD_MERGE_2018-06-04---2018-06-18_duration_14_days_cluster_098_A0_000042_A_000061_lat_04818_lon_-0084_size_0084,INTE1905473A__20180610__20180610,INTE1905473A,2018-06-04,2018-06-18,2018-06-10,2018-06-10,1,0,0,0,1,6.0,8.0,14.0,14,1,2018-06-04,2018-06-18,214,14,14,2018-06-10,2018-06-10,2,2,0.07142857142857142,0.5,77,False
WD_MERGE_2018-06-04---2018-06-18_duration_14_days_cluster_098_A0_000042_A_000061_lat_04818_lon_-0084_size_0084,INTE1818802A__20180603__20180604,INTE1818802A,2018-06-04,2018-06-18,2018-06-03,2018-06-04,1,0,0,0,1,1.0,14.0,15.0,15,1,2018-06-04,2018-06-18,214,14,14,2018-06-03,2018-06-04,2,2,0.07142857142857142,0.5,78,False
WD_MERGE_2018-06-04---2018-06-18_duration_14_days_cluster_098_A0_000042_A_000061_lat_04818_lon_-0084_size_0084,INTE1835008A__20180528__20180528,INTE1835008A,2018-06-04,2018-06-18,2018-05-28,2018-05-28,1,0,0,0,1,7.0,21.0,28.0,28,0,2018-06-04,2018-06-18,214,14,14,2018-05-28,2018-05-28,2,2,0.07142857142857142,0.5,79,False
WD_MERGE_2024-05-13---2024-05-20_duration_7_days_cluster_070_A0_000052_A_000061_lat_04719_lon_00110_size_0066,INTE2424582A__20240520__20240520,INTE2424582A,2024-05-13,2024-05-20,2024-05-20,2024-05-20,1,0,1,1,1,7.0,0.0,7.0,7,1,2024-05-13,2024-05-20,212,14,14,2024-05-20,2024-05-20,3,3,0.07142857142857142,0.3333333333333333,5,False
WD_MERGE_2018-06-04---2018-06-18_duration_14_days_cluster_098_A0_000042_A_000061_lat_04818_lon_-0084_size_0084,INTE1835008A__20180611__20180612,INTE1835008A,2018-06-04,2018-06-18,2018-06-11,2018-06-12,1,0,1,0,1,7.0,6.0,13.0,13,2,2018-06-04,2018-06-18,214,14,14,2018-06-11,2018-06-12,3,3,0.07142857142857142,0.3333333333333333,80,False
WD_MERGE_2018-06-04---2018-06-18_duration_14_days_cluster_098_A0_000042_A_000061_lat_04818_lon_-0084_size_0084,INTE1826529A__20180605__20180605,INTE1826529A,2018-06-04,2018-06-18,2018-06-05,2018-06-05,1,0,0,0,1,1.0,13.0,14.0,14,1,2018-06-04,2018-06-18,214,14,14,2018-06-05,2018-06-05,6,3,0.07142857142857142,0.3333333333333333,81,False
WD_MERGE_2018-06-04---2018-06-18_duration_14_days_cluster_098_A0_000042_A_000061_lat_04818_lon_-0084_size_0084,INTE1828404A__20180612__20180612,INTE1828404A,2018-06-04,2018-06-18,2018-06-12,2018-06-12,1,0,0,0,1,8.0,6.0,14.0,14,1,2018-06-04,2018-06-18,214,14,14,2018-06-12,2018-06-12,6,3,0.07142857142857142,0.3333333333333333,82,False
WD_MERGE_2018-06-04---2018-06-18_duration_14_days_cluster_098_A0_000042_A_000061_lat_04818_lon_-0084_size_0084,INTE1905473A__20180606__20180606,INTE1905473A,2018-06-04,2018-06-18,2018-06-06,2018-06-06,1,0,0,0,1,2.0,12.0,14.0,14,1,2018-06-04,2018-06-18,214,14,14,2018-06-06,2018-06-06,3,3,0.07142857142857142,0.3333333333333333,83,False
WD_MERGE_2018-06-04---2018-06-18_duration_14_days_cluster_098_A0_000042_A_000061_lat_04818_lon_-0084_size_0084,INTE1817087A__20180528__20180528,INTE1817087A,2018-06-04,2018-06-18,2018-05-28,2018-05-28,1,0,0,0,1,7.0,21.0,28.0,28,0,2018-06-04,2018-06-18,214,14,14,2018-05-28,2018-05-28,9,3,0.07142857142857142,0.3333333333333333,84,False
WD_MERGE_2018-06-04---2018-06-18_duration_14_days_cluster_098_A0_000042_A_000061_lat_04818_lon_-0084_size_0084,INTE1824833A__20180610__20180611,INTE1824833A,2018-06-04,2018-06-18,2018-06-10,2018-06-11,1,0,1,0,1,6.0,7.0,13.0,13,2,2018-06-04,2018-06-18,214,14,14,2018-06-10,2018-06-11,10,4,0.07142857142857142,0.25,85,False
WD_MERGE_2018-06-04---2018-06-18_duration_14_days_cluster_098_A0_000042_A_000061_lat_04818_lon_-0084_size_0084,INTE1824833A__20180613__20180614,INTE1824833A,2018-06-04,2018-06-18,2018-06-13,2018-06-14,1,0,0,0,1,9.0,4.0,13.0,13,2,2018-06-04,2018-06-18,214,14,14,2018-06-13,2018-06-14,6,4,0.07142857142857142,0.25,86,False
WD_MERGE_2018-06-04---2018-06-18_duration_14_days_cluster_098_A0_000042_A_000061_lat_04818_lon_-0084_size_0084,INTE1818802A__20180605__20180605,INTE1818802A,2018-06-04,2018-06-18,2018-06-05,2018-06-05,1,0,0,0,1,1.0,13.0,14.0,14,1,2018-06-04,2018-06-18,214,14,14,2018-06-05,2018-06-05,11,4,0.07142857142857142,0.25,87,False
WD_MERGE_2018-06-04---2018-06-18_duration_14_days_cluster_098_A0_000042_A_000061_lat_04818_lon_-0084_size_0084,INTE1820387A__20180613__20180613,INTE1820387A,2018-06-04,2018-06-18,2018-06-13,2018-06-13,1,0,0,0,1,9.0,5.0,14.0,14,1,2018-06-04,2018-06-18,214,14,14,2018-06-13,2018-06-13,11,4,0.07142857142857142,0.25,88,False
WD_MERGE_2018-06-04---2018-06-18_duration_14_days_cluster_098_A0_000042_A_000061_lat_04818_lon_-0084_size_0084,INTE1826529A__20180612__20180612,INTE1826529A,2018-06-04,2018-06-18,2018-06-12,2018-06-12,1,0,0,0,1,8.0,6.0,14.0,14,1,2018-06-04,2018-06-18,214,14,14,2018-06-12,2018-06-12,6,4,0.07142857142857142,0.25,89,False
WD_MERGE_2018-06-04---2018-06-18_duration_14_days_cluster_098_A0_000042_A_000061_lat_04818_lon_-0084_size_0084,INTE1824833A__20180612__20180613,INTE1824833A,2018-06-04,2018-06-18,2018-06-12,2018-06-13,1,0,0,0,1,8.0,5.0,13.0,13,2,2018-06-04,2018-06-18,214,14,14,2018-06-12,2018-06-13,17,5,0.07142857142857142,0.2,90,False
WD_MERGE_2018-06-04---2018-06-18_duration_14_days_cluster_098_A0_000042_A_000061_lat_04818_lon_-0084_size_0084,INTE1818802A__20180606__20180606,INTE1818802A,2018-06-04,2018-06-18,2018-06-06,2018-06-06,1,0,0,0,1,2.0,12.0,14.0,14,1,2018-06-04,2018-06-18,214,14,14,2018-06-06,2018-06-06,27,5,0.07142857142857142,0.2,91,False
WD_MERGE_2018-06-04---2018-06-18_duration_14_days_cluster_098_A0_000042_A_000061_lat_04818_lon_-0084_size_0084,INTE1818802A__20180529__20180529,INTE1818802A,2018-06-04,2018-06-18,2018-05-29,2018-05-29,1,0,0,0,1,6.0,20.0,26.0,26,0,2018-06-04,2018-06-18,214,14,14,2018-05-29,2018-05-29,10,5,0.07142857142857142,0.2,92,False
WD_MERGE_2018-06-04---2018-06-18_duration_14_days_cluster_098_A0_000042_A_000061_lat_04818_lon_-0084_size_0084,INTE1818802A__20180609__20180609,INTE1818802A,2018-06-04,2018-06-18,2018-06-09,2018-06-09,1,0,0,0,1,5.0,9.0,14.0,14,1,2018-06-04,2018-06-18,214,14,14,2018-06-09,2018-06-09,9,6,0.07142857142857142,0.16666666666666666,93,False
WD_MERGE_2018-06-04---2018-06-18_duration_14_days_cluster_098_A0_000042_A_000061_lat_04818_lon_-0084_size_0084,INTE1824833A__20180531__20180531,INTE1824833A,2018-06-04,2018-06-18,2018-05-31,2018-05-31,1,0,0,0,1,4.0,18.0,22.0,22,0,2018-06-04,2018-06-18,214,14,14,2018-05-31,2018-05-31,13,6,0.07142857142857142,0.16666666666666666,94,False
WD_MERGE_2018-06-04---2018-06-18_duration_14_days_cluster_098_A0_000042_A_000061_lat_04818_lon_-0084_size_0084,INTE1818802A__20180611__20180611,INTE1818802A,2018-06-04,2018-06-18,2018-06-11,2018-06-11,1,0,1,1,1,7.0,7.0,14.0,14,1,2018-06-04,2018-06-18,214,14,14,2018-06-11,2018-06-11,22,9,0.07142857142857142,0.1111111111111111,95,False
WD_MERGE_2024-03-25---2024-05-27_duration_56_days_cluster_352_A0_004362_A_004851_lat_05011_lon_01451_size_0294,IOME2415152A__20240330__20240405,IOME2415152A,2024-03-25,2024-05-27,2024-03-30,2024-04-05,1,0,0,0,1,5.0,52.0,57.0,57,7,2024-03-25,2024-05-27,383,16,16,2024-03-30,2024-04-05,1,1,0.0625,1.0,4,False
WD_MERGE_2024-03-25---2024-05-27_duration_56_days_cluster_352_A0_004362_A_004851_lat_05011_lon_01451_size_0294,INTE2424582A__20240517__20240522,INTE2424582A,2024-03-25,2024-05-27,2024-05-17,2024-05-22,1,0,0,0,1,53.0,5.0,58.0,58,6,2024-03-25,2024-05-27,383,16,16,2024-05-17,2024-05-22,1,1,0.0625,1.0,5,False
WD_MERGE_2024-03-25---2024-05-27_duration_56_days_cluster_352_A0_004362_A_004851_lat_05011_lon_01451_size_0294,IOME2420215A__20240515__20240520,IOME2420215A,2024-03-25,2024-05-27,2024-05-15,2024-05-20,1,0,0,0,1,51.0,7.0,58.0,58,6,2024-03-25,2024-05-27,383,16,16,2024-05-15,2024-05-20,25,1,0.0625,1.0,6,False
WD_MERGE_2024-03-25---2024-05-27_duration_56_days_cluster_352_A0_004362_A_004851_lat_05011_lon_01451_size_0294,IOME2415152A__20240516__20240520,IOME2415152A,2024-03-25,2024-05-27,2024-05-16,2024-05-20,1,0,0,0,1,52.0,7.0,59.0,59,5,2024-03-25,2024-05-27,383,16,16,2024-05-16,2024-05-20,1,1,0.0625,1.0,7,False
WD_MERGE_2024-03-25---2024-05-27_duration_56_days_cluster_352_A0_004362_A_004851_lat_05011_lon_01451_size_0294,IOME2415880A__20240516__20240520,IOME2415880A,2024-03-25,2024-05-27,2024-05-16,2024-05-20,1,0,0,0,1,52.0,7.0,59.0,59,5,2024-03-25,2024-05-27,383,16,16,2024-05-16,2024-05-20,2,1,0.0625,1.0,8,False
WD_MERGE_2024-03-25---2024-05-27_duration_56_days_cluster_352_A0_004362_A_004851_lat_05011_lon_01451_size_0294,INTE2430293A__20240329__20240401,INTE2430293A,2024-03-25,2024-05-27,2024-03-29,2024-04-01,1,0,0,0,1,4.0,56.0,60.0,60,4,2024-03-25,2024-05-27,383,16,16,2024-03-29,2024-04-01,1,1,0.0625,1.0,9,False
WD_MERGE_2024-03-25---2024-05-27_duration_56_days_cluster_352_A0_004362_A_004851_lat_05011_lon_01451_size_0294,INTE2424582A__20240521__20240523,INTE2424582A,2024-03-25,2024-05-27,2024-05-21,2024-05-23,1,0,0,0,1,57.0,4.0,61.0,61,3,2024-03-25,2024-05-27,383,16,16,2024-05-21,2024-05-23,2,1,0.0625,1.0,10,False
WD_MERGE_2024-03-25---2024-05-27_duration_56_days_cluster_352_A0_004362_A_004851_lat_05011_lon_01451_size_0294,INTE2430293A__20240330__20240401,INTE2430293A,2024-03-25,2024-05-27,2024-03-30,2024-04-01,1,0,0,0,1,5.0,56.0,61.0,61,3,2024-03-25,2024-05-27,383,16,16,2024-03-30,2024-04-01,1,1,0.0625,1.0,11,False
WD_MERGE_2024-03-25---2024-05-27_duration_56_days_cluster_352_A0_004362_A_004851_lat_05011_lon_01451_size_0294,INTE2430293A__20240514__20240516,INTE2430293A,2024-03-25,2024-05-27,2024-05-14,2024-05-16,1,0,0,0,1,50.0,11.0,61.0,61,3,2024-03-25,2024-05-27,383,16,16,2024-05-14,2024-05-16,1,1,0.0625,1.0,12,False
WD_MERGE_2024-03-25---2024-05-27_duration_56_days_cluster_352_A0_004362_A_004851_lat_05011_lon_01451_size_0294,INTE2424582A__20240515__20240516,INTE2424582A,2024-03-25,2024-05-27,2024-05-15,2024-05-16,1,0,0,0,1,51.0,11.0,62.0,62,2,2024-03-25,2024-05-27,383,16,16,2024-05-15,2024-05-16,1,1,0.0625,1.0,13,False
WD_MERGE_2024-03-25---2024-05-27_duration_56_days_cluster_352_A0_004362_A_004851_lat_05011_lon_01451_size_0294,INTE2424582A__20240516__20240517,INTE2424582A,2024-03-25,2024-05-27,2024-05-16,2024-05-17,1,0,0,0,1,52.0,10.0,62.0,62,2,2024-03-25,2024-05-27,383,16,16,2024-05-16,2024-05-17,1,1,0.0625,1.0,14,False
WD_MERGE_2024-03-25---2024-05-27_duration_56_days_cluster_352_A0_004362_A_004851_lat_05011_lon_01451_size_0294,IOME2413412A__20240330__20240331,IOME2413412A,2024-03-25,2024-05-27,2024-03-30,2024-03-31,1,0,0,0,1,5.0,57.0,62.0,62,2,2024-03-25,2024-05-27,383,16,16,2024-03-30,2024-03-31,1,1,0.0625,1.0,15,False
WD_MERGE_2024-03-25---2024-05-27_duration_56_days_cluster_352_A0_004362_A_004851_lat_05011_lon_01451_size_0294,IOME2415880A__20240330__20240331,IOME2415880A,2024-03-25,2024-05-27,2024-03-30,2024-03-31,1,0,0,0,1,5.0,57.0,62.0,62,2,2024-03-25,2024-05-27,383,16,16,2024-03-30,2024-03-31,1,1,0.0625,1.0,16,False
WD_MERGE_2024-03-25---2024-05-27_duration_56_days_cluster_352_A0_004362_A_004851_lat_05011_lon_01451_size_0294,IOME2420215A__20240504__20240505,IOME2420215A,2024-03-25,2024-05-27,2024-05-04,2024-05-05,1,0,0,0,1,40.0,22.0,62.0,62,2,2024-03-25,2024-05-27,383,16,16,2024-05-04,2024-05-05,1,1,0.0625,1.0,17,False
WD_MERGE_2024-03-25---2024-05-27_duration_56_days_cluster_352_A0_004362_A_004851_lat_05011_lon_01451_size_0294,IOME2421328A__20240516__20240517,IOME2421328A,2024-03-25,2024-05-27,2024-05-16,2024-05-17,1,0,0,0,1,52.0,10.0,62.0,62,2,2024-03-25,2024-05-27,383,16,16,2024-05-16,2024-05-17,1,1,0.0625,1.0,18,False
WD_MERGE_2024-03-25---2024-05-27_duration_56_days_cluster_352_A0_004362_A_004851_lat_05011_lon_01451_size_0294,INTE2424582A__20240516__20240516,INTE2424582A,2024-03-25,2024-05-27,2024-05-16,2024-05-16,1,0,0,0,1,52.0,11.0,63.0,63,1,2024-03-25,2024-05-27,383,16,16,2024-05-16,2024-05-16,1,1,0.0625,1.0,19,False
WD_MERGE_2024-03-25---2024-05-27_duration_56_days_cluster_352_A0_004362_A_004851_lat_05011_lon_01451_size_0294,INTE2424582A__20240523__20240523,INTE2424582A,2024-03-25,2024-05-27,2024-05-23,2024-05-23,1,0,0,0,1,59.0,4.0,63.0,63,1,2024-03-25,2024-05-27,383,16,16,2024-05-23,2024-05-23,1,1,0.0625,1.0,20,False
WD_MERGE_2024-03-25---2024-05-27_duration_56_days_cluster_352_A0_004362_A_004851_lat_05011_lon_01451_size_0294,INTE2430293A__20240504__20240504,INTE2430293A,2024-03-25,2024-05-27,2024-05-04,2024-05-04,1,0,0,0,1,40.0,23.0,63.0,63,1,2024-03-25,2024-05-27,383,16,16,2024-05-04,2024-05-04,2,1,0.0625,1.0,21,False
WD_MERGE_2024-03-25---2024-05-27_duration_56_days_cluster_352_A0_004362_A_004851_lat_05011_lon_01451_size_0294,INTE2433751A__20240505__20240505,INTE2433751A,2024-03-25,2024-05-27,2024-05-05,2024-05-05,1,0,0,0,1,41.0,22.0,63.0,63,1,2024-03-25,2024-05-27,383,16,16,2024-05-05,2024-05-05,1,1,0.0625,1.0,22,False
WD_MERGE_2024-03-25---2024-05-27_duration_56_days_cluster_352_A0_004362_A_004851_lat_05011_lon_01451_size_0294,INTE2433751A__20240522__20240522,INTE2433751A,2024-03-25,2024-05-27,2024-05-22,2024-05-22,1,0,0,0,1,58.0,5.0,63.0,63,1,2024-03-25,2024-05-27,383,16,16,2024-05-22,2024-05-22,1,1,0.0625,1.0,23,False
WD_MERGE_2024-03-25---2024-05-27_duration_56_days_cluster_352_A0_004362_A_004851_lat_05011_lon_01451_size_0294,IOME2415152A__20240524__20240524,IOME2415152A,2024-03-25,2024-05-27,2024-05-24,2024-05-24,1,0,0,0,1,60.0,3.0,63.0,63,1,2024-03-25,2024-05-27,383,16,16,2024-05-24,2024-05-24,1,1,0.0625,1.0,24,False
WD_MERGE_2024-03-25---2024-05-27_duration_56_days_cluster_352_A0_004362_A_004851_lat_05011_lon_01451_size_0294,IOME2415880A__20240506__20240506,IOME2415880A,2024-03-25,2024-05-27,2024-05-06,2024-05-06,1,0,0,0,1,42.0,21.0,63.0,63,1,2024-03-25,2024-05-27,383,16,16,2024-05-06,2024-05-06,1,1,0.0625,1.0,25,False
WD_MERGE_2024-03-25---2024-05-27_duration_56_days_cluster_352_A0_004362_A_004851_lat_05011_lon_01451_size_0294,IOME2421328A__20240511__20240511,IOME2421328A,2024-03-25,2024-05-27,2024-05-11,2024-05-11,1,0,0,0,1,47.0,16.0,63.0,63,1,2024-03-25,2024-05-27,383,16,16,2024-05-11,2024-05-11,2,1,0.0625,1.0,26,False
WD_MERGE_2024-03-25---2024-05-27_duration_56_days_cluster_352_A0_004362_A_004851_lat_05011_lon_01451_size_0294,IOME2421328A__20240522__20240522,IOME2421328A,2024-03-25,2024-05-27,2024-05-22,2024-05-22,1,0,0,0,1,58.0,5.0,63.0,63,1,2024-03-25,2024-05-27,383,16,16,2024-05-22,2024-05-22,1,1,0.0625,1.0,27,False
WD_MERGE_2024-03-25---2024-05-27_duration_56_days_cluster_352_A0_004362_A_004851_lat_05011_lon_01451_size_0294,IOME2421328A__20240601__20240601,IOME2421328A,2024-03-25,2024-05-27,2024-06-01,2024-06-01,1,0,0,0,1,68.0,5.0,73.0,73,0,2024-03-25,2024-05-27,383,16,16,2024-06-01,2024-06-01,1,1,0.0625,1.0,28,False
WD_MERGE_2024-03-25---2024-05-27_duration_56_days_cluster_352_A0_004362_A_004851_lat_05011_lon_01451_size_0294,IOME2421328A__20240601__20240602,IOME2421328A,2024-03-25,2024-05-27,2024-06-01,2024-06-02,1,0,0,0,1,68.0,6.0,74.0,74,0,2024-03-25,2024-05-27,383,16,16,2024-06-01,2024-06-02,1,1,0.0625,1.0,29,False
WD_MERGE_2024-03-25---2024-05-27_duration_56_days_cluster_352_A0_004362_A_004851_lat_05011_lon_01451_size_0294,INTE2525618A__20240430__20240730,INTE2525618A,2024-03-25,2024-05-27,2024-04-30,2024-07-30,1,0,0,0,1,36.0,64.0,100.0,100,28,2024-03-25,2024-05-27,383,16,16,2024-04-30,2024-07-30,14,1,0.0625,1.0,30,False
WD_MERGE_2024-03-25---2024-05-27_duration_56_days_cluster_352_A0_004362_A_004851_lat_05011_lon_01451_size_0294,INTE2517855A__20231231__20240629,INTE2517855A,2024-03-25,2024-05-27,2023-12-31,2024-06-29,1,0,0,0,1,85.0,33.0,118.0,118,64,2024-03-25,2024-05-27,383,16,16,2023-12-31,2024-06-29,6,1,0.0625,1.0,31,False
WD_MERGE_2024-03-25---2024-05-27_duration_56_days_cluster_352_A0_004362_A_004851_lat_05011_lon_01451_size_0294,INTE2430293A__20240330__20240331,INTE2430293A,2024-03-25,2024-05-27,2024-03-30,2024-03-31,1,0,0,0,1,5.0,57.0,62.0,62,2,2024-03-25,2024-05-27,383,16,16,2024-03-30,2024-03-31,4,2,0.0625,0.5,32,False
WD_MERGE_2024-03-25---2024-05-27_duration_56_days_cluster_352_A0_004362_A_004851_lat_05011_lon_01451_size_0294,IOME2420215A__20240522__20240523,IOME2420215A,2024-03-25,2024-05-27,2024-05-22,2024-05-23,1,0,0,0,1,58.0,4.0,62.0,62,2,2024-03-25,2024-05-27,383,16,16,2024-05-22,2024-05-23,2,2,0.0625,0.5,33,False
WD_MERGE_2024-03-25---2024-05-27_duration_56_days_cluster_352_A0_004362_A_004851_lat_05011_lon_01451_size_0294,IOME2421328A__20240523__20240523,IOME2421328A,2024-03-25,2024-05-27,2024-05-23,2024-05-23,1,0,0,0,1,59.0,4.0,63.0,63,1,2024-03-25,2024-05-27,383,16,16,2024-05-23,2024-05-23,2,2,0.0625,0.5,34,False
WD_MERGE_2024-03-25---2024-05-27_duration_56_days_cluster_352_A0_004362_A_004851_lat_05011_lon_01451_size_0294,IOME2410127A__20240330__20240405,IOME2410127A,2024-03-25,2024-05-27,2024-03-30,2024-04-05,1,0,0,0,1,5.0,52.0,57.0,57,7,2024-03-25,2024-05-27,383,16,16,2024-03-30,2024-04-05,100,3,0.0625,0.3333333333333333,35,False
WD_MERGE_2024-03-25---2024-05-27_duration_56_days_cluster_352_A0_004362_A_004851_lat_05011_lon_01451_size_0294,IOME2420215A__20240522__20240522,IOME2420215A,2024-03-25,2024-05-27,2024-05-22,2024-05-22,1,0,0,0,1,58.0,5.0,63.0,63,1,2024-03-25,2024-05-27,383,16,16,2024-05-22,2024-05-22,4,3,0.0625,0.3333333333333333,36,False
WD_MERGE_2024-03-25---2024-05-27_duration_56_days_cluster_352_A0_004362_A_004851_lat_05011_lon_01451_size_0294,INTE2424582A__20240522__20240522,INTE2424582A,2024-03-25,2024-05-27,2024-05-22,2024-05-22,1,0,0,0,1,58.0,5.0,63.0,63,1,2024-03-25,2024-05-27,383,16,16,2024-05-22,2024-05-22,4,4,0.0625,0.25,37,False
WD_MERGE_2024-03-25---2024-05-27_duration_56_days_cluster_352_A0_004362_A_004851_lat_05011_lon_01451_size_0294,IOME2420215A__20240523__20240523,IOME2420215A,2024-03-25,2024-05-27,2024-05-23,2024-05-23,1,0,0,0,1,59.0,4.0,63.0,63,1,2024-03-25,2024-05-27,383,16,16,2024-05-23,2024-05-23,7,4,0.0625,0.25,38,False
WD_MERGE_2023-10-02---2023-11-27_duration_56_days_cluster_343_A0_001031_A_001249_lat_05091_lon_-0185_size_0363,IOME2400974A__20231028__20231124,IOME2400974A,2023-10-02,2023-11-27,2023-10-28,2023-11-24,1,0,0,0,1,26.0,3.0,29.0,29,28,2023-10-02,2023-11-27,665,17,17,2023-10-28,2023-11-24,1,1,0.058823529411764705,1.0,16,False
WD_MERGE_2023-10-02---2023-11-27_duration_56_days_cluster_343_A0_001031_A_001249_lat_05091_lon_-0185_size_0363,INTE2501371A__20231031__20231129,INTE2501371A,2023-10-02,2023-11-27,2023-10-31,2023-11-29,1,0,0,0,1,29.0,2.0,31.0,31,28,2023-10-02,2023-11-27,665,17,17,2023-10-31,2023-11-29,1,1,0.058823529411764705,1.0,17,False
WD_MERGE_2021-01-11---2021-03-22_duration_56_days_cluster_352_A0_000478_A_000602_lat_03951_lon_-0626_size_0252,INTE2201262A__20210101__20210228,INTE2201262A,2021-01-11,2021-03-22,2021-01-01,2021-02-28,1,0,0,0,1,10.0,22.0,32.0,32,49,2021-01-11,2021-03-22,346,17,17,2021-01-01,2021-02-28,3,1,0.058823529411764705,1.0,4,False
WD_MERGE_2021-01-11---2021-03-22_duration_56_days_cluster_352_A0_000478_A_000602_lat_03951_lon_-0626_size_0252,INTE2430293A__20201231__20210227,INTE2430293A,2021-01-11,2021-03-22,2020-12-31,2021-02-27,1,0,0,0,1,11.0,23.0,34.0,34,48,2021-01-11,2021-03-22,346,17,17,2020-12-31,2021-02-27,14,1,0.058823529411764705,1.0,5,False
WD_MERGE_2023-10-02---2023-11-27_duration_56_days_cluster_343_A0_001031_A_001249_lat_05091_lon_-0185_size_0363,IOME2335302A__20231102__20231124,IOME2335302A,2023-10-02,2023-11-27,2023-11-02,2023-11-24,1,0,0,0,1,31.0,3.0,34.0,34,23,2023-10-02,2023-11-27,665,17,17,2023-11-02,2023-11-24,1,1,0.058823529411764705,1.0,18,False
WD_MERGE_2023-10-02---2023-11-27_duration_56_days_cluster_343_A0_001031_A_001249_lat_05091_lon_-0185_size_0363,IOME2400969A__20231028__20231119,IOME2400969A,2023-10-02,2023-11-27,2023-10-28,2023-11-19,1,0,0,0,1,26.0,8.0,34.0,34,23,2023-10-02,2023-11-27,665,17,17,2023-10-28,2023-11-19,36,1,0.058823529411764705,1.0,19,False
WD_MERGE_2023-10-02---2023-11-27_duration_56_days_cluster_343_A0_001031_A_001249_lat_05091_lon_-0185_size_0363,IOME2400974A__20231102__20231124,IOME2400974A,2023-10-02,2023-11-27,2023-11-02,2023-11-24,1,0,0,0,1,31.0,3.0,34.0,34,23,2023-10-02,2023-11-27,665,17,17,2023-11-02,2023-11-24,3,1,0.058823529411764705,1.0,20,False
WD_MERGE_2023-10-02---2023-11-27_duration_56_days_cluster_343_A0_001031_A_001249_lat_05091_lon_-0185_size_0363,IOME2403657A__20231102__20231124,IOME2403657A,2023-10-02,2023-11-27,2023-11-02,2023-11-24,1,0,0,0,1,31.0,3.0,34.0,34,23,2023-10-02,2023-11-27,665,17,17,2023-11-02,2023-11-24,1,1,0.058823529411764705,1.0,21,False
WD_MERGE_2023-10-02---2023-11-27_duration_56_days_cluster_343_A0_001031_A_001249_lat_05091_lon_-0185_size_0363,IOME2413412A__20231028__20231119,IOME2413412A,2023-10-02,2023-11-27,2023-10-28,2023-11-19,1,0,0,0,1,26.0,8.0,34.0,34,23,2023-10-02,2023-11-27,665,17,17,2023-10-28,2023-11-19,5,1,0.058823529411764705,1.0,22,False
WD_MERGE_2023-10-02---2023-11-27_duration_56_days_cluster_343_A0_001031_A_001249_lat_05091_lon_-0185_size_0363,IOME2420215A__20231027__20231118,IOME2420215A,2023-10-02,2023-11-27,2023-10-27,2023-11-18,1,0,0,0,1,25.0,9.0,34.0,34,23,2023-10-02,2023-11-27,665,17,17,2023-10-27,2023-11-18,1,1,0.058823529411764705,1.0,23,False
WD_MERGE_2023-10-02---2023-11-27_duration_56_days_cluster_343_A0_001031_A_001249_lat_05091_lon_-0185_size_0363,INTE2511307A__20231017__20231217,INTE2511307A,2023-10-02,2023-11-27,2023-10-17,2023-12-17,1,0,0,0,1,15.0,20.0,35.0,35,42,2023-10-02,2023-11-27,665,17,17,2023-10-17,2023-12-17,21,1,0.058823529411764705,1.0,24,False
WD_MERGE_2023-10-02---2023-11-27_duration_56_days_cluster_343_A0_001031_A_001249_lat_05091_lon_-0185_size_0363,IOME2332866A__20231026__20231115,IOME2332866A,2023-10-02,2023-11-27,2023-10-26,2023-11-15,1,0,0,0,1,24.0,12.0,36.0,36,21,2023-10-02,2023-11-27,665,17,17,2023-10-26,2023-11-15,1,1,0.058823529411764705,1.0,25,False
WD_MERGE_2023-10-02---2023-11-27_duration_56_days_cluster_343_A0_001031_A_001249_lat_05091_lon_-0185_size_0363,INTE2517855A__20231103__20231204,INTE2517855A,2023-10-02,2023-11-27,2023-11-03,2023-12-04,1,0,0,0,1,32.0,7.0,39.0,39,25,2023-10-02,2023-11-27,665,17,17,2023-11-03,2023-12-04,1,1,0.058823529411764705,1.0,26,False
WD_MERGE_2023-10-02---2023-11-27_duration_56_days_cluster_343_A0_001031_A_001249_lat_05091_lon_-0185_size_0363,INTE2508631A__20231101__20231207,INTE2508631A,2023-10-02,2023-11-27,2023-11-01,2023-12-07,1,0,0,0,1,30.0,10.0,40.0,40,27,2023-10-02,2023-11-27,665,17,17,2023-11-01,2023-12-07,1,1,0.058823529411764705,1.0,27,False
WD_MERGE_2021-01-11---2021-03-22_duration_56_days_cluster_352_A0_000478_A_000602_lat_03951_lon_-0626_size_0252,IOME2311006A__20210201__20210228,IOME2311006A,2021-01-11,2021-03-22,2021-02-01,2021-02-28,1,0,0,0,1,21.0,22.0,43.0,43,28,2021-01-11,2021-03-22,346,17,17,2021-02-01,2021-02-28,1,1,0.058823529411764705,1.0,6,False
WD_MERGE_2023-10-02---2023-11-27_duration_56_days_cluster_343_A0_001031_A_001249_lat_05091_lon_-0185_size_0363,INTE2501371A__20231030__20231214,INTE2501371A,2023-10-02,2023-11-27,2023-10-30,2023-12-14,1,0,0,0,1,28.0,17.0,45.0,45,29,2023-10-02,2023-11-27,665,17,17,2023-10-30,2023-12-14,1,1,0.058823529411764705,1.0,28,False
WD_MERGE_2023-10-02---2023-11-27_duration_56_days_cluster_343_A0_001031_A_001249_lat_05091_lon_-0185_size_0363,IOME2333648A__20231116__20231124,IOME2333648A,2023-10-02,2023-11-27,2023-11-16,2023-11-24,1,0,0,0,1,45.0,3.0,48.0,48,9,2023-10-02,2023-11-27,665,17,17,2023-11-16,2023-11-24,1,1,0.058823529411764705,1.0,29,False
WD_MERGE_2023-10-02---2023-11-27_duration_56_days_cluster_343_A0_001031_A_001249_lat_05091_lon_-0185_size_0363,IOME2420215A__20231102__20231214,IOME2420215A,2023-10-02,2023-11-27,2023-11-02,2023-12-14,1,0,0,0,1,31.0,17.0,48.0,48,26,2023-10-02,2023-11-27,665,17,17,2023-11-02,2023-12-14,1,1,0.058823529411764705,1.0,30,False
WD_MERGE_2023-10-02---2023-11-27_duration_56_days_cluster_343_A0_001031_A_001249_lat_05091_lon_-0185_size_0363,IOME2402725A__20231110__20231117,IOME2402725A,2023-10-02,2023-11-27,2023-11-10,2023-11-17,1,0,0,0,1,39.0,10.0,49.0,49,8,2023-10-02,2023-11-27,665,17,17,2023-11-10,2023-11-17,1,1,0.058823529411764705,1.0,31,False
WD_MERGE_2023-10-02---2023-11-27_duration_56_days_cluster_343_A0_001031_A_001249_lat_05091_lon_-0185_size_0363,IOME2403657A__20231028__20231104,IOME2403657A,2023-10-02,2023-11-27,2023-10-28,2023-11-04,1,0,0,0,1,26.0,23.0,49.0,49,8,2023-10-02,2023-11-27,665,17,17,2023-10-28,2023-11-04,1,1,0.058823529411764705,1.0,32,False
WD_MERGE_2023-10-02---2023-11-27_duration_56_days_cluster_343_A0_001031_A_001249_lat_05091_lon_-0185_size_0363,IOME2407754A__20231105__20231112,IOME2407754A,2023-10-02,2023-11-27,2023-11-05,2023-11-12,1,0,0,0,1,34.0,15.0,49.0,49,8,2023-10-02,2023-11-27,665,17,17,2023-11-05,2023-11-12,1,1,0.058823529411764705,1.0,33,False
WD_MERGE_2023-10-02---2023-11-27_duration_56_days_cluster_343_A0_001031_A_001249_lat_05091_lon_-0185_size_0363,IOME2407754A__20231110__20231117,IOME2407754A,2023-10-02,2023-11-27,2023-11-10,2023-11-17,1,0,0,0,1,39.0,10.0,49.0,49,8,2023-10-02,2023-11-27,665,17,17,2023-11-10,2023-11-17,1,1,0.058823529411764705,1.0,34,False
WD_MERGE_2023-10-02---2023-11-27_duration_56_days_cluster_343_A0_001031_A_001249_lat_05091_lon_-0185_size_0363,IOME2400969A__20231027__20231101,IOME2400969A,2023-10-02,2023-11-27,2023-10-27,2023-11-01,1,0,0,0,1,25.0,26.0,51.0,51,6,2023-10-02,2023-11-27,665,17,17,2023-10-27,2023-11-01,1,1,0.058823529411764705,1.0,35,False
WD_MERGE_2023-10-02---2023-11-27_duration_56_days_cluster_343_A0_001031_A_001249_lat_05091_lon_-0185_size_0363,IOME2333648A__20231028__20231101,IOME2333648A,2023-10-02,2023-11-27,2023-10-28,2023-11-01,1,0,0,0,1,26.0,26.0,52.0,52,5,2023-10-02,2023-11-27,665,17,17,2023-10-28,2023-11-01,2,1,0.058823529411764705,1.0,36,False
WD_MERGE_2023-10-02---2023-11-27_duration_56_days_cluster_343_A0_001031_A_001249_lat_05091_lon_-0185_size_0363,IOME2335302A__20231028__20231101,IOME2335302A,2023-10-02,2023-11-27,2023-10-28,2023-11-01,1,0,0,0,1,26.0,26.0,52.0,52,5,2023-10-02,2023-11-27,665,17,17,2023-10-28,2023-11-01,6,1,0.058823529411764705,1.0,37,False
WD_MERGE_2023-10-02---2023-11-27_duration_56_days_cluster_343_A0_001031_A_001249_lat_05091_lon_-0185_size_0363,IOME2402725A__20231028__20231101,IOME2402725A,2023-10-02,2023-11-27,2023-10-28,2023-11-01,1,0,0,0,1,26.0,26.0,52.0,52,5,2023-10-02,2023-11-27,665,17,17,2023-10-28,2023-11-01,1,1,0.058823529411764705,1.0,38,False
WD_MERGE_2023-10-02---2023-11-27_duration_56_days_cluster_343_A0_001031_A_001249_lat_05091_lon_-0185_size_0363,IOME2407754A__20231101__20231105,IOME2407754A,2023-10-02,2023-11-27,2023-11-01,2023-11-05,1,0,0,0,1,30.0,22.0,52.0,52,5,2023-10-02,2023-11-27,665,17,17,2023-11-01,2023-11-05,1,1,0.058823529411764705,1.0,39,False
WD_MERGE_2023-10-02---2023-11-27_duration_56_days_cluster_343_A0_001031_A_001249_lat_05091_lon_-0185_size_0363,IOME2420215A__20231113__20231117,IOME2420215A,2023-10-02,2023-11-27,2023-11-13,2023-11-17,1,0,0,0,1,42.0,10.0,52.0,52,5,2023-10-02,2023-11-27,665,17,17,2023-11-13,2023-11-17,1,1,0.058823529411764705,1.0,40,False
WD_MERGE_2023-10-02---2023-11-27_duration_56_days_cluster_343_A0_001031_A_001249_lat_05091_lon_-0185_size_0363,IOME2403657A__20231030__20231102,IOME2403657A,2023-10-02,2023-11-27,2023-10-30,2023-11-02,1,0,0,0,1,28.0,25.0,53.0,53,4,2023-10-02,2023-11-27,665,17,17,2023-10-30,2023-11-02,1,1,0.058823529411764705,1.0,41,False
WD_MERGE_2023-10-02---2023-11-27_duration_56_days_cluster_343_A0_001031_A_001249_lat_05091_lon_-0185_size_0363,IOME2407754A__20231028__20231030,IOME2407754A,2023-10-02,2023-11-27,2023-10-28,2023-10-30,1,0,0,0,1,26.0,28.0,54.0,54,3,2023-10-02,2023-11-27,665,17,17,2023-10-28,2023-10-30,1,1,0.058823529411764705,1.0,42,False
WD_MERGE_2023-10-02---2023-11-27_duration_56_days_cluster_343_A0_001031_A_001249_lat_05091_lon_-0185_size_0363,IOME2407754A__20231104__20231106,IOME2407754A,2023-10-02,2023-11-27,2023-11-04,2023-11-06,1,0,0,0,1,33.0,21.0,54.0,54,3,2023-10-02,2023-11-27,665,17,17,2023-11-04,2023-11-06,2,1,0.058823529411764705,1.0,43,False
WD_MERGE_2023-10-02---2023-11-27_duration_56_days_cluster_343_A0_001031_A_001249_lat_05091_lon_-0185_size_0363,IOME2333648A__20231028__20231029,IOME2333648A,2023-10-02,2023-11-27,2023-10-28,2023-10-29,1,0,0,0,1,26.0,29.0,55.0,55,2,2023-10-02,2023-11-27,665,17,17,2023-10-28,2023-10-29,1,1,0.058823529411764705,1.0,44,False
WD_MERGE_2023-10-02---2023-11-27_duration_56_days_cluster_343_A0_001031_A_001249_lat_05091_lon_-0185_size_0363,IOME2333648A__20231101__20231102,IOME2333648A,2023-10-02,2023-11-27,2023-11-01,2023-11-02,1,0,0,0,1,30.0,25.0,55.0,55,2,2023-10-02,2023-11-27,665,17,17,2023-11-01,2023-11-02,1,1,0.058823529411764705,1.0,45,False
WD_MERGE_2023-10-02---2023-11-27_duration_56_days_cluster_343_A0_001031_A_001249_lat_05091_lon_-0185_size_0363,IOME2335302A__20231101__20231102,IOME2335302A,2023-10-02,2023-11-27,2023-11-01,2023-11-02,1,0,0,0,1,30.0,25.0,55.0,55,2,2023-10-02,2023-11-27,665,17,17,2023-11-01,2023-11-02,1,1,0.058823529411764705,1.0,46,False
WD_MERGE_2023-10-02---2023-11-27_duration_56_days_cluster_343_A0_001031_A_001249_lat_05091_lon_-0185_size_0363,IOME2402725A__20231019__20231020,IOME2402725A,2023-10-02,2023-11-27,2023-10-19,2023-10-20,1,0,0,0,1,17.0,38.0,55.0,55,2,2023-10-02,2023-11-27,665,17,17,2023-10-19,2023-10-20,1,1,0.058823529411764705,1.0,47,False
WD_MERGE_2023-10-02---2023-11-27_duration_56_days_cluster_343_A0_001031_A_001249_lat_05091_lon_-0185_size_0363,IOME2402725A__20231102__20231103,IOME2402725A,2023-10-02,2023-11-27,2023-11-02,2023-11-03,1,0,0,0,1,31.0,24.0,55.0,55,2,2023-10-02,2023-11-27,665,17,17,2023-11-02,2023-11-03,1,1,0.058823529411764705,1.0,48,False
WD_MERGE_2023-10-02---2023-11-27_duration_56_days_cluster_343_A0_001031_A_001249_lat_05091_lon_-0185_size_0363,IOME2402725A__20231104__20231105,IOME2402725A,2023-10-02,2023-11-27,2023-11-04,2023-11-05,1,0,0,0,1,33.0,22.0,55.0,55,2,2023-10-02,2023-11-27,665,17,17,2023-11-04,2023-11-05,1,1,0.058823529411764705,1.0,49,False
WD_MERGE_2023-10-02---2023-11-27_duration_56_days_cluster_343_A0_001031_A_001249_lat_05091_lon_-0185_size_0363,IOME2407754A__20231104__20231105,IOME2407754A,2023-10-02,2023-11-27,2023-11-04,2023-11-05,1,0,0,0,1,33.0,22.0,55.0,55,2,2023-10-02,2023-11-27,665,17,17,2023-11-04,2023-11-05,2,1,0.058823529411764705,1.0,50,False
WD_MERGE_2023-10-02---2023-11-27_duration_56_days_cluster_343_A0_001031_A_001249_lat_05091_lon_-0185_size_0363,IOME2410378A__20231102__20231103,IOME2410378A,2023-10-02,2023-11-27,2023-11-02,2023-11-03,1,0,0,0,1,31.0,24.0,55.0,55,2,2023-10-02,2023-11-27,665,17,17,2023-11-02,2023-11-03,1,1,0.058823529411764705,1.0,51,False
WD_MERGE_2023-10-02---2023-11-27_duration_56_days_cluster_343_A0_001031_A_001249_lat_05091_lon_-0185_size_0363,IOME2407754A__20231027__20231027,IOME2407754A,2023-10-02,2023-11-27,2023-10-27,2023-10-27,1,0,0,0,1,25.0,31.0,56.0,56,1,2023-10-02,2023-11-27,665,17,17,2023-10-27,2023-10-27,1,1,0.058823529411764705,1.0,52,False
WD_MERGE_2023-10-02---2023-11-27_duration_56_days_cluster_343_A0_001031_A_001249_lat_05091_lon_-0185_size_0363,IOME2410378A__20231028__20231028,IOME2410378A,2023-10-02,2023-11-27,2023-10-28,2023-10-28,1,0,0,0,1,26.0,30.0,56.0,56,1,2023-10-02,2023-11-27,665,17,17,2023-10-28,2023-10-28,1,1,0.058823529411764705,1.0,53,False
WD_MERGE_2021-01-11---2021-03-22_duration_56_days_cluster_352_A0_000478_A_000602_lat_03951_lon_-0626_size_0252,INTE2112076A__20210201__20210210,INTE2112076A,2021-01-11,2021-03-22,2021-02-01,2021-02-10,1,0,0,0,1,21.0,40.0,61.0,61,10,2021-01-11,2021-03-22,346,17,17,2021-02-01,2021-02-10,3,1,0.058823529411764705,1.0,7,False
WD_MERGE_2021-01-11---2021-03-22_duration_56_days_cluster_352_A0_000478_A_000602_lat_03951_lon_-0626_size_0252,INTE2105706A__20210201__20210209,INTE2105706A,2021-01-11,2021-03-22,2021-02-01,2021-02-09,1,0,0,0,1,21.0,41.0,62.0,62,9,2021-01-11,2021-03-22,346,17,17,2021-02-01,2021-02-09,47,1,0.058823529411764705,1.0,8,False
WD_MERGE_2021-01-11---2021-03-22_duration_56_days_cluster_352_A0_000478_A_000602_lat_03951_lon_-0626_size_0252,INTE2107265A__20210130__20210207,INTE2107265A,2021-01-11,2021-03-22,2021-01-30,2021-02-07,1,0,0,0,1,19.0,43.0,62.0,62,9,2021-01-11,2021-03-22,346,17,17,2021-01-30,2021-02-07,1,1,0.058823529411764705,1.0,9,False
WD_MERGE_2021-01-11---2021-03-22_duration_56_days_cluster_352_A0_000478_A_000602_lat_03951_lon_-0626_size_0252,INTE2107265A__20210201__20210209,INTE2107265A,2021-01-11,2021-03-22,2021-02-01,2021-02-09,1,0,0,0,1,21.0,41.0,62.0,62,9,2021-01-11,2021-03-22,346,17,17,2021-02-01,2021-02-09,7,1,0.058823529411764705,1.0,10,False
WD_MERGE_2021-01-11---2021-03-22_duration_56_days_cluster_352_A0_000478_A_000602_lat_03951_lon_-0626_size_0252,INTE2112076A__20210131__20210208,INTE2112076A,2021-01-11,2021-03-22,2021-01-31,2021-02-08,1,0,0,0,1,20.0,42.0,62.0,62,9,2021-01-11,2021-03-22,346,17,17,2021-01-31,2021-02-08,7,1,0.058823529411764705,1.0,11,False
WD_MERGE_2021-01-11---2021-03-22_duration_56_days_cluster_352_A0_000478_A_000602_lat_03951_lon_-0626_size_0252,INTE2112076A__20210201__20210209,INTE2112076A,2021-01-11,2021-03-22,2021-02-01,2021-02-09,1,0,0,0,1,21.0,41.0,62.0,62,9,2021-01-11,2021-03-22,346,17,17,2021-02-01,2021-02-09,2,1,0.058823529411764705,1.0,12,False
WD_MERGE_2021-01-11---2021-03-22_duration_56_days_cluster_352_A0_000478_A_000602_lat_03951_lon_-0626_size_0252,INTE2105706A__20210201__20210208,INTE2105706A,2021-01-11,2021-03-22,2021-02-01,2021-02-08,1,0,0,0,1,21.0,42.0,63.0,63,8,2021-01-11,2021-03-22,346,17,17,2021-02-01,2021-02-08,5,1,0.058823529411764705,1.0,13,False
WD_MERGE_2021-01-11---2021-03-22_duration_56_days_cluster_352_A0_000478_A_000602_lat_03951_lon_-0626_size_0252,INTE2112076A__20210201__20210208,INTE2112076A,2021-01-11,2021-03-22,2021-02-01,2021-02-08,1,0,0,0,1,21.0,42.0,63.0,63,8,2021-01-11,2021-03-22,346,17,17,2021-02-01,2021-02-08,1,1,0.058823529411764705,1.0,14,False
WD_MERGE_2021-01-11---2021-03-22_duration_56_days_cluster_352_A0_000478_A_000602_lat_03951_lon_-0626_size_0252,INTE2201262A__20201201__20210228,INTE2201262A,2021-01-11,2021-03-22,2020-12-01,2021-02-28,1,0,0,0,1,41.0,22.0,63.0,63,49,2021-01-11,2021-03-22,346,17,17,2020-12-01,2021-02-28,12,1,0.058823529411764705,1.0,15,False
WD_MERGE_2023-10-02---2023-11-27_duration_56_days_cluster_343_A0_001031_A_001249_lat_05091_lon_-0185_size_0363,IOME2403657A__20231130__20231201,IOME2403657A,2023-10-02,2023-11-27,2023-11-30,2023-12-01,1,0,0,0,1,59.0,4.0,63.0,63,0,2023-10-02,2023-11-27,665,17,17,2023-11-30,2023-12-01,1,1,0.058823529411764705,1.0,54,False
WD_MERGE_2021-01-11---2021-03-22_duration_56_days_cluster_352_A0_000478_A_000602_lat_03951_lon_-0626_size_0252,INTE2107265A__20210129__20210204,INTE2107265A,2021-01-11,2021-03-22,2021-01-29,2021-02-04,1,0,0,0,1,18.0,46.0,64.0,64,7,2021-01-11,2021-03-22,346,17,17,2021-01-29,2021-02-04,25,1,0.058823529411764705,1.0,16,False
WD_MERGE_2021-01-11---2021-03-22_duration_56_days_cluster_352_A0_000478_A_000602_lat_03951_lon_-0626_size_0252,INTE2112076A__20210127__20210202,INTE2112076A,2021-01-11,2021-03-22,2021-01-27,2021-02-02,1,0,0,0,1,16.0,48.0,64.0,64,7,2021-01-11,2021-03-22,346,17,17,2021-01-27,2021-02-02,1,1,0.058823529411764705,1.0,17,False
WD_MERGE_2021-01-11---2021-03-22_duration_56_days_cluster_352_A0_000478_A_000602_lat_03951_lon_-0626_size_0252,INTE2119792A__20210131__20210204,INTE2119792A,2021-01-11,2021-03-22,2021-01-31,2021-02-04,1,0,0,0,1,20.0,46.0,66.0,66,5,2021-01-11,2021-03-22,346,17,17,2021-01-31,2021-02-04,1,1,0.058823529411764705,1.0,18,False
WD_MERGE_2021-01-11---2021-03-22_duration_56_days_cluster_352_A0_000478_A_000602_lat_03951_lon_-0626_size_0252,INTE2114774A__20210201__20210204,INTE2114774A,2021-01-11,2021-03-22,2021-02-01,2021-02-04,1,0,0,0,1,21.0,46.0,67.0,67,4,2021-01-11,2021-03-22,346,17,17,2021-02-01,2021-02-04,1,1,0.058823529411764705,1.0,19,False
WD_MERGE_2021-01-11---2021-03-22_duration_56_days_cluster_352_A0_000478_A_000602_lat_03951_lon_-0626_size_0252,INTE2119792A__20210130__20210202,INTE2119792A,2021-01-11,2021-03-22,2021-01-30,2021-02-02,1,0,0,0,1,19.0,48.0,67.0,67,4,2021-01-11,2021-03-22,346,17,17,2021-01-30,2021-02-02,1,1,0.058823529411764705,1.0,20,False
WD_MERGE_2021-01-11---2021-03-22_duration_56_days_cluster_352_A0_000478_A_000602_lat_03951_lon_-0626_size_0252,IOME2410378A__20210122__20210125,IOME2410378A,2021-01-11,2021-03-22,2021-01-22,2021-01-25,1,0,0,0,1,11.0,56.0,67.0,67,4,2021-01-11,2021-03-22,346,17,17,2021-01-22,2021-01-25,1,1,0.058823529411764705,1.0,21,False
WD_MERGE_2021-01-11---2021-03-22_duration_56_days_cluster_352_A0_000478_A_000602_lat_03951_lon_-0626_size_0252,INTE2107265A__20210201__20210203,INTE2107265A,2021-01-11,2021-03-22,2021-02-01,2021-02-03,1,0,0,0,1,21.0,47.0,68.0,68,3,2021-01-11,2021-03-22,346,17,17,2021-02-01,2021-02-03,2,1,0.058823529411764705,1.0,22,False
WD_MERGE_2021-01-11---2021-03-22_duration_56_days_cluster_352_A0_000478_A_000602_lat_03951_lon_-0626_size_0252,INTE2112076A__20210201__20210203,INTE2112076A,2021-01-11,2021-03-22,2021-02-01,2021-02-03,1,0,0,0,1,21.0,47.0,68.0,68,3,2021-01-11,2021-03-22,346,17,17,2021-02-01,2021-02-03,1,1,0.058823529411764705,1.0,23,False
WD_MERGE_2021-01-11---2021-03-22_duration_56_days_cluster_352_A0_000478_A_000602_lat_03951_lon_-0626_size_0252,INTE2114774A__20210131__20210202,INTE2114774A,2021-01-11,2021-03-22,2021-01-31,2021-02-02,1,0,0,0,1,20.0,48.0,68.0,68,3,2021-01-11,2021-03-22,346,17,17,2021-01-31,2021-02-02,1,1,0.058823529411764705,1.0,24,False
WD_MERGE_2021-01-11---2021-03-22_duration_56_days_cluster_352_A0_000478_A_000602_lat_03951_lon_-0626_size_0252,IOME2313527A__20210201__20210203,IOME2313527A,2021-01-11,2021-03-22,2021-02-01,2021-02-03,1,0,0,0,1,21.0,47.0,68.0,68,3,2021-01-11,2021-03-22,346,17,17,2021-02-01,2021-02-03,1,1,0.058823529411764705,1.0,25,False
WD_MERGE_2021-01-11---2021-03-22_duration_56_days_cluster_352_A0_000478_A_000602_lat_03951_lon_-0626_size_0252,IOME2410378A__20210201__20210203,IOME2410378A,2021-01-11,2021-03-22,2021-02-01,2021-02-03,1,0,0,0,1,21.0,47.0,68.0,68,3,2021-01-11,2021-03-22,346,17,17,2021-02-01,2021-02-03,1,1,0.058823529411764705,1.0,26,False
WD_MERGE_2021-01-11---2021-03-22_duration_56_days_cluster_352_A0_000478_A_000602_lat_03951_lon_-0626_size_0252,INTE2105706A__20210131__20210201,INTE2105706A,2021-01-11,2021-03-22,2021-01-31,2021-02-01,1,0,0,0,1,20.0,49.0,69.0,69,2,2021-01-11,2021-03-22,346,17,17,2021-01-31,2021-02-01,1,1,0.058823529411764705,1.0,27,False
WD_MERGE_2021-01-11---2021-03-22_duration_56_days_cluster_352_A0_000478_A_000602_lat_03951_lon_-0626_size_0252,INTE2118484A__20210131__20210201,INTE2118484A,2021-01-11,2021-03-22,2021-01-31,2021-02-01,1,0,0,0,1,20.0,49.0,69.0,69,2,2021-01-11,2021-03-22,346,17,17,2021-01-31,2021-02-01,2,1,0.058823529411764705,1.0,28,False
WD_MERGE_2021-01-11---2021-03-22_duration_56_days_cluster_352_A0_000478_A_000602_lat_03951_lon_-0626_size_0252,INTE2119792A__20210201__20210202,INTE2119792A,2021-01-11,2021-03-22,2021-02-01,2021-02-02,1,0,0,0,1,21.0,48.0,69.0,69,2,2021-01-11,2021-03-22,346,17,17,2021-02-01,2021-02-02,1,1,0.058823529411764705,1.0,29,False
WD_MERGE_2021-01-11---2021-03-22_duration_56_days_cluster_352_A0_000478_A_000602_lat_03951_lon_-0626_size_0252,INTE2118484A__20210201__20210201,INTE2118484A,2021-01-11,2021-03-22,2021-02-01,2021-02-01,1,0,0,0,1,21.0,49.0,70.0,70,1,2021-01-11,2021-03-22,346,17,17,2021-02-01,2021-02-01,1,1,0.058823529411764705,1.0,30,False
WD_MERGE_2023-10-02---2023-11-27_duration_56_days_cluster_343_A0_001031_A_001249_lat_05091_lon_-0185_size_0363,INTE2511307A__20231204__20231205,INTE2511307A,2023-10-02,2023-11-27,2023-12-04,2023-12-05,1,0,0,0,1,63.0,8.0,71.0,71,0,2023-10-02,2023-11-27,665,17,17,2023-12-04,2023-12-05,1,1,0.058823529411764705,1.0,55,False
WD_MERGE_2023-10-02---2023-11-27_duration_56_days_cluster_343_A0_001031_A_001249_lat_05091_lon_-0185_size_0363,IOME2407754A__20231204__20231205,IOME2407754A,2023-10-02,2023-11-27,2023-12-04,2023-12-05,1,0,0,0,1,63.0,8.0,71.0,71,0,2023-10-02,2023-11-27,665,17,17,2023-12-04,2023-12-05,2,1,0.058823529411764705,1.0,56,False
WD_MERGE_2023-10-02---2023-11-27_duration_56_days_cluster_343_A0_001031_A_001249_lat_05091_lon_-0185_size_0363,INTE2511307A__20231031__20240114,INTE2511307A,2023-10-02,2023-11-27,2023-10-31,2024-01-14,1,0,0,0,1,29.0,48.0,77.0,77,28,2023-10-02,2023-11-27,665,17,17,2023-10-31,2024-01-14,1,1,0.058823529411764705,1.0,57,False
WD_MERGE_2021-01-11---2021-03-22_duration_56_days_cluster_352_A0_000478_A_000602_lat_03951_lon_-0626_size_0252,INTE2107265A__20201228__20210116,INTE2107265A,2021-01-11,2021-03-22,2020-12-28,2021-01-16,1,0,0,0,1,14.0,65.0,79.0,79,6,2021-01-11,2021-03-22,346,17,17,2020-12-28,2021-01-16,1,1,0.058823529411764705,1.0,31,False
WD_MERGE_2021-01-11---2021-03-22_duration_56_days_cluster_352_A0_000478_A_000602_lat_03951_lon_-0626_size_0252,INTE2104714A__20201231__20210105,INTE2104714A,2021-01-11,2021-03-22,2020-12-31,2021-01-05,1,0,0,0,1,11.0,76.0,87.0,87,0,2021-01-11,2021-03-22,346,17,17,2020-12-31,2021-01-05,1,1,0.058823529411764705,1.0,32,False
WD_MERGE_2021-01-11---2021-03-22_duration_56_days_cluster_352_A0_000478_A_000602_lat_03951_lon_-0626_size_0252,INTE2105706A__20201231__20210105,INTE2105706A,2021-01-11,2021-03-22,2020-12-31,2021-01-05,1,0,0,0,1,11.0,76.0,87.0,87,0,2021-01-11,2021-03-22,346,17,17,2020-12-31,2021-01-05,1,1,0.058823529411764705,1.0,33,False
WD_MERGE_2021-01-11---2021-03-22_duration_56_days_cluster_352_A0_000478_A_000602_lat_03951_lon_-0626_size_0252,INTE2104714A__20201230__20210104,INTE2104714A,2021-01-11,2021-03-22,2020-12-30,2021-01-04,1,0,0,0,1,12.0,77.0,89.0,89,0,2021-01-11,2021-03-22,346,17,17,2020-12-30,2021-01-04,1,1,0.058823529411764705,1.0,34,False
WD_MERGE_2021-01-11---2021-03-22_duration_56_days_cluster_352_A0_000478_A_000602_lat_03951_lon_-0626_size_0252,INTE2105706A__20201228__20210106,INTE2105706A,2021-01-11,2021-03-22,2020-12-28,2021-01-06,1,0,0,0,1,14.0,75.0,89.0,89,0,2021-01-11,2021-03-22,346,17,17,2020-12-28,2021-01-06,1,1,0.058823529411764705,1.0,35,False
WD_MERGE_2021-01-11---2021-03-22_duration_56_days_cluster_352_A0_000478_A_000602_lat_03951_lon_-0626_size_0252,INTE2105706A__20201230__20210104,INTE2105706A,2021-01-11,2021-03-22,2020-12-30,2021-01-04,1,0,0,0,1,12.0,77.0,89.0,89,0,2021-01-11,2021-03-22,346,17,17,2020-12-30,2021-01-04,1,1,0.058823529411764705,1.0,36,False
WD_MERGE_2021-01-11---2021-03-22_duration_56_days_cluster_352_A0_000478_A_000602_lat_03951_lon_-0626_size_0252,INTE2112076A__20201230__20210104,INTE2112076A,2021-01-11,2021-03-22,2020-12-30,2021-01-04,1,0,0,0,1,12.0,77.0,89.0,89,0,2021-01-11,2021-03-22,346,17,17,2020-12-30,2021-01-04,1,1,0.058823529411764705,1.0,37,False
WD_MERGE_2021-01-11---2021-03-22_duration_56_days_cluster_352_A0_000478_A_000602_lat_03951_lon_-0626_size_0252,INTE2201262A__20201201__20210131,INTE2201262A,2021-01-11,2021-03-22,2020-12-01,2021-01-31,1,0,0,0,1,41.0,50.0,91.0,91,21,2021-01-11,2021-03-22,346,17,17,2020-12-01,2021-01-31,14,1,0.058823529411764705,1.0,38,False
WD_MERGE_2021-01-11---2021-03-22_duration_56_days_cluster_352_A0_000478_A_000602_lat_03951_lon_-0626_size_0252,INTE2105706A__20201227__20210104,INTE2105706A,2021-01-11,2021-03-22,2020-12-27,2021-01-04,1,0,0,0,1,15.0,77.0,92.0,92,0,2021-01-11,2021-03-22,346,17,17,2020-12-27,2021-01-04,1,1,0.058823529411764705,1.0,39,False
WD_MERGE_2021-01-11---2021-03-22_duration_56_days_cluster_352_A0_000478_A_000602_lat_03951_lon_-0626_size_0252,INTE2112076A__20201227__20210104,INTE2112076A,2021-01-11,2021-03-22,2020-12-27,2021-01-04,1,0,0,0,1,15.0,77.0,92.0,92,0,2021-01-11,2021-03-22,346,17,17,2020-12-27,2021-01-04,1,1,0.058823529411764705,1.0,40,False
WD_MERGE_2023-10-02---2023-11-27_duration_56_days_cluster_343_A0_001031_A_001249_lat_05091_lon_-0185_size_0363,INTE2525618A__20231130__20231230,INTE2525618A,2023-10-02,2023-11-27,2023-11-30,2023-12-30,1,0,0,0,1,59.0,33.0,92.0,92,0,2023-10-02,2023-11-27,665,17,17,2023-11-30,2023-12-30,1,1,0.058823529411764705,1.0,58,False
WD_MERGE_2023-10-02---2023-11-27_duration_56_days_cluster_343_A0_001031_A_001249_lat_05091_lon_-0185_size_0363,IOME2335302A__20231028__20231030,IOME2335302A,2023-10-02,2023-11-27,2023-10-28,2023-10-30,1,0,0,0,1,26.0,28.0,54.0,54,3,2023-10-02,2023-11-27,665,17,17,2023-10-28,2023-10-30,3,2,0.058823529411764705,0.5,59,False
WD_MERGE_2023-10-02---2023-11-27_duration_56_days_cluster_343_A0_001031_A_001249_lat_05091_lon_-0185_size_0363,IOME2402725A__20231028__20231029,IOME2402725A,2023-10-02,2023-11-27,2023-10-28,2023-10-29,1,0,0,0,1,26.0,29.0,55.0,55,2,2023-10-02,2023-11-27,665,17,17,2023-10-28,2023-10-29,2,2,0.058823529411764705,0.5,60,False
WD_MERGE_2021-01-11---2021-03-22_duration_56_days_cluster_352_A0_000478_A_000602_lat_03951_lon_-0626_size_0252,INTE2107265A__20210201__20210210,INTE2107265A,2021-01-11,2021-03-22,2021-02-01,2021-02-10,1,0,0,0,1,21.0,40.0,61.0,61,10,2021-01-11,2021-03-22,346,17,17,2021-02-01,2021-02-10,6,2,0.058823529411764705,0.5,41,False
WD_MERGE_2021-01-11---2021-03-22_duration_56_days_cluster_352_A0_000478_A_000602_lat_03951_lon_-0626_size_0252,INTE2112076A__20210201__20210204,INTE2112076A,2021-01-11,2021-03-22,2021-02-01,2021-02-04,1,0,0,0,1,21.0,46.0,67.0,67,4,2021-01-11,2021-03-22,346,17,17,2021-02-01,2021-02-04,6,2,0.058823529411764705,0.5,42,False
WD_MERGE_2021-01-11---2021-03-22_duration_56_days_cluster_352_A0_000478_A_000602_lat_03951_lon_-0626_size_0252,INTE2118484A__20210201__20210202,INTE2118484A,2021-01-11,2021-03-22,2021-02-01,2021-02-02,1,0,0,0,1,21.0,48.0,69.0,69,2,2021-01-11,2021-03-22,346,17,17,2021-02-01,2021-02-02,2,2,0.058823529411764705,0.5,43,False
WD_MERGE_2021-01-11---2021-03-22_duration_56_days_cluster_352_A0_000478_A_000602_lat_03951_lon_-0626_size_0252,INTE2104714A__20210203__20210209,INTE2104714A,2021-01-11,2021-03-22,2021-02-03,2021-02-09,1,0,0,0,1,23.0,41.0,64.0,64,7,2021-01-11,2021-03-22,346,17,17,2021-02-03,2021-02-09,86,3,0.058823529411764705,0.3333333333333333,44,False
WD_MERGE_2021-01-11---2021-03-22_duration_56_days_cluster_352_A0_000478_A_000602_lat_03951_lon_-0626_size_0252,INTE2105706A__20210201__20210204,INTE2105706A,2021-01-11,2021-03-22,2021-02-01,2021-02-04,1,0,0,0,1,21.0,46.0,67.0,67,4,2021-01-11,2021-03-22,346,17,17,2021-02-01,2021-02-04,27,3,0.058823529411764705,0.3333333333333333,45,False
WD_MERGE_2016-11-21---2016-11-28_duration_7_days_cluster_264_A0_000092_A_000121_lat_04596_lon_00440_size_0115,INTE1708489A__20161121__20161125,INTE1708489A,2016-11-21,2016-11-28,2016-11-21,2016-11-25,1,0,1,1,1,0.0,3.0,3.0,3,5,2016-11-21,2016-11-28,353,20,20,2016-11-21,2016-11-25,1,1,0.05,1.0,3,False
WD_MERGE_2016-11-21---2016-11-28_duration_7_days_cluster_264_A0_000092_A_000121_lat_04596_lon_00440_size_0115,INTE1711727A__20161121__20161124,INTE1711727A,2016-11-21,2016-11-28,2016-11-21,2016-11-24,1,0,1,1,1,0.0,4.0,4.0,4,4,2016-11-21,2016-11-28,353,20,20,2016-11-21,2016-11-24,1,1,0.05,1.0,4,False
WD_MERGE_2016-11-21---2016-11-28_duration_7_days_cluster_264_A0_000092_A_000121_lat_04596_lon_00440_size_0115,INTE1701176A__20161122__20161123,INTE1701176A,2016-11-21,2016-11-28,2016-11-22,2016-11-23,1,0,1,1,1,1.0,5.0,6.0,6,2,2016-11-21,2016-11-28,353,20,20,2016-11-22,2016-11-23,2,1,0.05,1.0,5,False
WD_MERGE_2016-11-21---2016-11-28_duration_7_days_cluster_264_A0_000092_A_000121_lat_04596_lon_00440_size_0115,INTE1705706A__20161122__20161123,INTE1705706A,2016-11-21,2016-11-28,2016-11-22,2016-11-23,1,0,1,1,1,1.0,5.0,6.0,6,2,2016-11-21,2016-11-28,353,20,20,2016-11-22,2016-11-23,2,1,0.05,1.0,6,False
WD_MERGE_2016-11-21---2016-11-28_duration_7_days_cluster_264_A0_000092_A_000121_lat_04596_lon_00440_size_0115,INTE1708489A__20161121__20161122,INTE1708489A,2016-11-21,2016-11-28,2016-11-21,2016-11-22,1,0,1,1,1,0.0,6.0,6.0,6,2,2016-11-21,2016-11-28,353,20,20,2016-11-21,2016-11-22,5,1,0.05,1.0,7,False
WD_MERGE_2016-11-21---2016-11-28_duration_7_days_cluster_264_A0_000092_A_000121_lat_04596_lon_00440_size_0115,INTE1727357A__20161121__20161122,INTE1727357A,2016-11-21,2016-11-28,2016-11-21,2016-11-22,1,0,1,1,1,0.0,6.0,6.0,6,2,2016-11-21,2016-11-28,353,20,20,2016-11-21,2016-11-22,1,1,0.05,1.0,8,False
WD_MERGE_2016-11-21---2016-11-28_duration_7_days_cluster_264_A0_000092_A_000121_lat_04596_lon_00440_size_0115,INTE1711727A__20161123__20161123,INTE1711727A,2016-11-21,2016-11-28,2016-11-23,2016-11-23,1,0,1,1,1,2.0,5.0,7.0,7,1,2016-11-21,2016-11-28,353,20,20,2016-11-23,2016-11-23,1,1,0.05,1.0,9,False
WD_MERGE_2016-11-21---2016-11-28_duration_7_days_cluster_264_A0_000092_A_000121_lat_04596_lon_00440_size_0115,INTE1705706A__20161121__20161122,INTE1705706A,2016-11-21,2016-11-28,2016-11-21,2016-11-22,1,0,1,1,1,0.0,6.0,6.0,6,2,2016-11-21,2016-11-28,353,20,20,2016-11-21,2016-11-22,2,2,0.05,0.5,10,False
WD_MERGE_2016-11-21---2016-11-28_duration_7_days_cluster_264_A0_000092_A_000121_lat_04596_lon_00440_size_0115,INTE1711727A__20161121__20161122,INTE1711727A,2016-11-21,2016-11-28,2016-11-21,2016-11-22,1,0,1,1,1,0.0,6.0,6.0,6,2,2016-11-21,2016-11-28,353,20,20,2016-11-21,2016-11-22,3,2,0.05,0.5,11,False
WD_MERGE_2016-11-21---2016-11-28_duration_7_days_cluster_264_A0_000092_A_000121_lat_04596_lon_00440_size_0115,INTE1717782A__20161122__20161123,INTE1717782A,2016-11-21,2016-11-28,2016-11-22,2016-11-23,1,0,1,1,1,1.0,5.0,6.0,6,2,2016-11-21,2016-11-28,353,20,20,2016-11-22,2016-11-23,2,2,0.05,0.5,12,False
WD_MERGE_2021-12-27---2022-01-03_duration_7_days_cluster_337_A0_000091_A_000116_lat_04658_lon_00420_size_0065,IOME2222390A__20211228__20211230,IOME2222390A,2021-12-27,2022-01-03,2021-12-28,2021-12-30,1,0,1,1,1,1.0,4.0,5.0,5,3,2021-12-27,2022-01-03,421,21,21,2021-12-28,2021-12-30,1,1,0.047619047619047616,1.0,1,True
WD_MERGE_2021-12-27---2022-01-03_duration_7_days_cluster_337_A0_000091_A_000116_lat_04658_lon_00420_size_0065,INTE2204344A__20211229__20211230,INTE2204344A,2021-12-27,2022-01-03,2021-12-29,2021-12-30,1,0,1,1,1,2.0,4.0,6.0,6,2,2021-12-27,2022-01-03,421,21,21,2021-12-29,2021-12-30,3,1,0.047619047619047616,1.0,2,False
WD_MERGE_2019-12-30---2020-02-10_duration_42_days_cluster_371_A0_001263_A_001609_lat_05120_lon_00293_size_0353,INTE2114774A__20200203__20200205,INTE2114774A,2019-12-30,2020-02-10,2020-02-03,2020-02-05,1,0,0,0,1,35.0,5.0,40.0,40,3,2019-12-30,2020-02-10,1117,21,21,2020-02-03,2020-02-05,1,1,0.047619047619047616,1.0,1,True
WD_MERGE_2019-12-30---2020-02-10_duration_42_days_cluster_371_A0_001263_A_001609_lat_05120_lon_00293_size_0353,INTE2005870A__20200202__20200203,INTE2005870A,2019-12-30,2020-02-10,2020-02-02,2020-02-03,1,0,0,0,1,34.0,7.0,41.0,41,2,2019-12-30,2020-02-10,1117,21,21,2020-02-02,2020-02-03,2,1,0.047619047619047616,1.0,2,False
WD_MERGE_2019-12-30---2020-02-10_duration_42_days_cluster_371_A0_001263_A_001609_lat_05120_lon_00293_size_0353,INTE2014521A__20200203__20200204,INTE2014521A,2019-12-30,2020-02-10,2020-02-03,2020-02-04,1,0,0,0,1,35.0,6.0,41.0,41,2,2019-12-30,2020-02-10,1117,21,21,2020-02-03,2020-02-04,3,1,0.047619047619047616,1.0,3,False
WD_MERGE_2019-12-30---2020-02-10_duration_42_days_cluster_371_A0_001263_A_001609_lat_05120_lon_00293_size_0353,INTE2019260A__20200209__20200210,INTE2019260A,2019-12-30,2020-02-10,2020-02-09,2020-02-10,1,0,0,0,1,41.0,0.0,41.0,41,2,2019-12-30,2020-02-10,1117,21,21,2020-02-09,2020-02-10,1,1,0.047619047619047616,1.0,4,False
WD_MERGE_2019-12-30---2020-02-10_duration_42_days_cluster_371_A0_001263_A_001609_lat_05120_lon_00293_size_0353,INTE2027600A__20200203__20200204,INTE2027600A,2019-12-30,2020-02-10,2020-02-03,2020-02-04,1,0,0,0,1,35.0,6.0,41.0,41,2,2019-12-30,2020-02-10,1117,21,21,2020-02-03,2020-02-04,1,1,0.047619047619047616,1.0,5,False
WD_MERGE_2019-12-30---2020-02-10_duration_42_days_cluster_371_A0_001263_A_001609_lat_05120_lon_00293_size_0353,INTE2014521A__20200203__20200203,INTE2014521A,2019-12-30,2020-02-10,2020-02-03,2020-02-03,1,0,0,0,1,35.0,7.0,42.0,42,1,2019-12-30,2020-02-10,1117,21,21,2020-02-03,2020-02-03,1,1,0.047619047619047616,1.0,6,False
WD_MERGE_2019-12-30---2020-02-10_duration_42_days_cluster_371_A0_001263_A_001609_lat_05120_lon_00293_size_0353,INTE2023938A__20200210__20200210,INTE2023938A,2019-12-30,2020-02-10,2020-02-10,2020-02-10,1,0,0,0,1,42.0,0.0,42.0,42,1,2019-12-30,2020-02-10,1117,21,21,2020-02-10,2020-02-10,1,1,0.047619047619047616,1.0,7,False
WD_MERGE_2019-12-30---2020-02-10_duration_42_days_cluster_371_A0_001263_A_001609_lat_05120_lon_00293_size_0353,INTE2104714A__20200209__20200211,INTE2104714A,2019-12-30,2020-02-10,2020-02-09,2020-02-11,1,0,0,0,1,41.0,1.0,42.0,42,2,2019-12-30,2020-02-10,1117,21,21,2020-02-09,2020-02-11,1,1,0.047619047619047616,1.0,8,False
WD_MERGE_2019-12-30---2020-02-10_duration_42_days_cluster_371_A0_001263_A_001609_lat_05120_lon_00293_size_0353,INTE2014521A__20200210__20200211,INTE2014521A,2019-12-30,2020-02-10,2020-02-10,2020-02-11,1,0,0,0,1,42.0,1.0,43.0,43,1,2019-12-30,2020-02-10,1117,21,21,2020-02-10,2020-02-11,1,1,0.047619047619047616,1.0,9,False
WD_MERGE_2019-12-30---2020-02-10_duration_42_days_cluster_371_A0_001263_A_001609_lat_05120_lon_00293_size_0353,INTE2019260A__20200211__20200213,INTE2019260A,2019-12-30,2020-02-10,2020-02-11,2020-02-13,1,0,0,0,1,43.0,3.0,46.0,46,0,2019-12-30,2020-02-10,1117,21,21,2020-02-11,2020-02-13,1,1,0.047619047619047616,1.0,10,False
WD_MERGE_2019-12-30---2020-02-10_duration_42_days_cluster_371_A0_001263_A_001609_lat_05120_lon_00293_size_0353,INTE2010310A__20191221__20191223,INTE2010310A,2019-12-30,2020-02-10,2019-12-21,2019-12-23,1,0,0,0,1,9.0,49.0,58.0,58,0,2019-12-30,2020-02-10,1117,21,21,2019-12-21,2019-12-23,1,1,0.047619047619047616,1.0,11,False
WD_MERGE_2019-12-30---2020-02-10_duration_42_days_cluster_371_A0_001263_A_001609_lat_05120_lon_00293_size_0353,INTE2014521A__20200209__20200323,INTE2014521A,2019-12-30,2020-02-10,2020-02-09,2020-03-23,1,0,0,0,1,41.0,42.0,83.0,83,2,2019-12-30,2020-02-10,1117,21,21,2020-02-09,2020-03-23,1,1,0.047619047619047616,1.0,12,False
WD_MERGE_2024-05-13---2024-07-01_duration_49_days_cluster_364_A0_002268_A_002512_lat_04864_lon_01385_size_0345,INTE2517855A__20240531__20240629,INTE2517855A,2024-05-13,2024-07-01,2024-05-31,2024-06-29,1,0,0,0,1,18.0,2.0,20.0,20,30,2024-05-13,2024-07-01,165,22,22,2024-05-31,2024-06-29,1,1,0.045454545454545456,1.0,11,False
WD_MERGE_2024-05-13---2024-07-01_duration_49_days_cluster_364_A0_002268_A_002512_lat_04864_lon_01385_size_0345,INTE2525618A__20240430__20240730,INTE2525618A,2024-05-13,2024-07-01,2024-04-30,2024-07-30,1,0,0,0,1,13.0,29.0,42.0,42,50,2024-05-13,2024-07-01,165,22,22,2024-04-30,2024-07-30,14,1,0.045454545454545456,1.0,12,False
WD_MERGE_2024-05-13---2024-07-01_duration_49_days_cluster_364_A0_002268_A_002512_lat_04864_lon_01385_size_0345,INTE2424582A__20240517__20240522,INTE2424582A,2024-05-13,2024-07-01,2024-05-17,2024-05-22,1,0,0,0,1,4.0,40.0,44.0,44,6,2024-05-13,2024-07-01,165,22,22,2024-05-17,2024-05-22,1,1,0.045454545454545456,1.0,13,False
WD_MERGE_2024-05-13---2024-07-01_duration_49_days_cluster_364_A0_002268_A_002512_lat_04864_lon_01385_size_0345,INTE2505371A__20240616__20240621,INTE2505371A,2024-05-13,2024-07-01,2024-06-16,2024-06-21,1,0,0,0,1,34.0,10.0,44.0,44,6,2024-05-13,2024-07-01,165,22,22,2024-06-16,2024-06-21,1,1,0.045454545454545456,1.0,14,False
WD_MERGE_2024-05-13---2024-07-01_duration_49_days_cluster_364_A0_002268_A_002512_lat_04864_lon_01385_size_0345,IOME2420215A__20240515__20240520,IOME2420215A,2024-05-13,2024-07-01,2024-05-15,2024-05-20,1,0,0,0,1,2.0,42.0,44.0,44,6,2024-05-13,2024-07-01,165,22,22,2024-05-15,2024-05-20,25,1,0.045454545454545456,1.0,15,False
WD_MERGE_2024-05-13---2024-07-01_duration_49_days_cluster_364_A0_002268_A_002512_lat_04864_lon_01385_size_0345,IOME2421328A__20240616__20240621,IOME2421328A,2024-05-13,2024-07-01,2024-06-16,2024-06-21,1,0,0,0,1,34.0,10.0,44.0,44,6,2024-05-13,2024-07-01,165,22,22,2024-06-16,2024-06-21,1,1,0.045454545454545456,1.0,16,False
WD_MERGE_2024-05-13---2024-07-01_duration_49_days_cluster_364_A0_002268_A_002512_lat_04864_lon_01385_size_0345,INTE2427051A__20240616__20240620,INTE2427051A,2024-05-13,2024-07-01,2024-06-16,2024-06-20,1,0,0,0,1,34.0,11.0,45.0,45,5,2024-05-13,2024-07-01,165,22,22,2024-06-16,2024-06-20,1,1,0.045454545454545456,1.0,17,False
WD_MERGE_2024-05-13---2024-07-01_duration_49_days_cluster_364_A0_002268_A_002512_lat_04864_lon_01385_size_0345,IOME2415152A__20240516__20240520,IOME2415152A,2024-05-13,2024-07-01,2024-05-16,2024-05-20,1,0,0,0,1,3.0,42.0,45.0,45,5,2024-05-13,2024-07-01,165,22,22,2024-05-16,2024-05-20,1,1,0.045454545454545456,1.0,18,False
WD_MERGE_2024-05-13---2024-07-01_duration_49_days_cluster_364_A0_002268_A_002512_lat_04864_lon_01385_size_0345,IOME2415880A__20240516__20240520,IOME2415880A,2024-05-13,2024-07-01,2024-05-16,2024-05-20,1,0,0,0,1,3.0,42.0,45.0,45,5,2024-05-13,2024-07-01,165,22,22,2024-05-16,2024-05-20,2,1,0.045454545454545456,1.0,19,False
WD_MERGE_2024-05-13---2024-07-01_duration_49_days_cluster_364_A0_002268_A_002512_lat_04864_lon_01385_size_0345,IOME2420215A__20240627__20240701,IOME2420215A,2024-05-13,2024-07-01,2024-06-27,2024-07-01,1,0,0,0,1,45.0,0.0,45.0,45,5,2024-05-13,2024-07-01,165,22,22,2024-06-27,2024-07-01,40,1,0.045454545454545456,1.0,20,False
WD_MERGE_2024-05-13---2024-07-01_duration_49_days_cluster_364_A0_002268_A_002512_lat_04864_lon_01385_size_0345,IOME2421328A__20240621__20240625,IOME2421328A,2024-05-13,2024-07-01,2024-06-21,2024-06-25,1,0,0,0,1,39.0,6.0,45.0,45,5,2024-05-13,2024-07-01,165,22,22,2024-06-21,2024-06-25,1,1,0.045454545454545456,1.0,21,False
WD_MERGE_2024-05-13---2024-07-01_duration_49_days_cluster_364_A0_002268_A_002512_lat_04864_lon_01385_size_0345,INTE2427051A__20240618__20240621,INTE2427051A,2024-05-13,2024-07-01,2024-06-18,2024-06-21,1,0,0,0,1,36.0,10.0,46.0,46,4,2024-05-13,2024-07-01,165,22,22,2024-06-18,2024-06-21,1,1,0.045454545454545456,1.0,22,False
WD_MERGE_2024-05-13---2024-07-01_duration_49_days_cluster_364_A0_002268_A_002512_lat_04864_lon_01385_size_0345,IOME2418595A__20240620__20240623,IOME2418595A,2024-05-13,2024-07-01,2024-06-20,2024-06-23,1,0,0,0,1,38.0,8.0,46.0,46,4,2024-05-13,2024-07-01,165,22,22,2024-06-20,2024-06-23,3,1,0.045454545454545456,1.0,23,False
WD_MERGE_2024-05-13---2024-07-01_duration_49_days_cluster_364_A0_002268_A_002512_lat_04864_lon_01385_size_0345,IOME2421328A__20240620__20240623,IOME2421328A,2024-05-13,2024-07-01,2024-06-20,2024-06-23,1,0,0,0,1,38.0,8.0,46.0,46,4,2024-05-13,2024-07-01,165,22,22,2024-06-20,2024-06-23,1,1,0.045454545454545456,1.0,24,False
WD_MERGE_2024-05-13---2024-07-01_duration_49_days_cluster_364_A0_002268_A_002512_lat_04864_lon_01385_size_0345,INTE2424582A__20240521__20240523,INTE2424582A,2024-05-13,2024-07-01,2024-05-21,2024-05-23,1,0,0,0,1,8.0,39.0,47.0,47,3,2024-05-13,2024-07-01,165,22,22,2024-05-21,2024-05-23,2,1,0.045454545454545456,1.0,25,False
WD_MERGE_2024-05-13---2024-07-01_duration_49_days_cluster_364_A0_002268_A_002512_lat_04864_lon_01385_size_0345,INTE2424582A__20240617__20240619,INTE2424582A,2024-05-13,2024-07-01,2024-06-17,2024-06-19,1,0,0,0,1,35.0,12.0,47.0,47,3,2024-05-13,2024-07-01,165,22,22,2024-06-17,2024-06-19,1,1,0.045454545454545456,1.0,26,False
WD_MERGE_2024-05-13---2024-07-01_duration_49_days_cluster_364_A0_002268_A_002512_lat_04864_lon_01385_size_0345,INTE2424582A__20240618__20240620,INTE2424582A,2024-05-13,2024-07-01,2024-06-18,2024-06-20,1,0,0,0,1,36.0,11.0,47.0,47,3,2024-05-13,2024-07-01,165,22,22,2024-06-18,2024-06-20,1,1,0.045454545454545456,1.0,27,False
WD_MERGE_2024-05-13---2024-07-01_duration_49_days_cluster_364_A0_002268_A_002512_lat_04864_lon_01385_size_0345,INTE2427051A__20240618__20240620,INTE2427051A,2024-05-13,2024-07-01,2024-06-18,2024-06-20,1,0,0,0,1,36.0,11.0,47.0,47,3,2024-05-13,2024-07-01,165,22,22,2024-06-18,2024-06-20,1,1,0.045454545454545456,1.0,28,False
WD_MERGE_2024-05-13---2024-07-01_duration_49_days_cluster_364_A0_002268_A_002512_lat_04864_lon_01385_size_0345,INTE2430293A__20240514__20240516,INTE2430293A,2024-05-13,2024-07-01,2024-05-14,2024-05-16,1,0,0,0,1,1.0,46.0,47.0,47,3,2024-05-13,2024-07-01,165,22,22,2024-05-14,2024-05-16,1,1,0.045454545454545456,1.0,29,False
WD_MERGE_2024-05-13---2024-07-01_duration_49_days_cluster_364_A0_002268_A_002512_lat_04864_lon_01385_size_0345,INTE2511307A__20240618__20240620,INTE2511307A,2024-05-13,2024-07-01,2024-06-18,2024-06-20,1,0,0,0,1,36.0,11.0,47.0,47,3,2024-05-13,2024-07-01,165,22,22,2024-06-18,2024-06-20,6,1,0.045454545454545456,1.0,30,False
WD_MERGE_2024-05-13---2024-07-01_duration_49_days_cluster_364_A0_002268_A_002512_lat_04864_lon_01385_size_0345,INTE2514336A__20240618__20240620,INTE2514336A,2024-05-13,2024-07-01,2024-06-18,2024-06-20,1,0,0,0,1,36.0,11.0,47.0,47,3,2024-05-13,2024-07-01,165,22,22,2024-06-18,2024-06-20,3,1,0.045454545454545456,1.0,31,False
WD_MERGE_2024-05-13---2024-07-01_duration_49_days_cluster_364_A0_002268_A_002512_lat_04864_lon_01385_size_0345,INTE2517855A__20240618__20240620,INTE2517855A,2024-05-13,2024-07-01,2024-06-18,2024-06-20,1,0,0,0,1,36.0,11.0,47.0,47,3,2024-05-13,2024-07-01,165,22,22,2024-06-18,2024-06-20,2,1,0.045454545454545456,1.0,32,False
WD_MERGE_2024-05-13---2024-07-01_duration_49_days_cluster_364_A0_002268_A_002512_lat_04864_lon_01385_size_0345,INTE2424582A__20240515__20240516,INTE2424582A,2024-05-13,2024-07-01,2024-05-15,2024-05-16,1,0,0,0,1,2.0,46.0,48.0,48,2,2024-05-13,2024-07-01,165,22,22,2024-05-15,2024-05-16,1,1,0.045454545454545456,1.0,33,False
WD_MERGE_2024-05-13---2024-07-01_duration_49_days_cluster_364_A0_002268_A_002512_lat_04864_lon_01385_size_0345,INTE2424582A__20240516__20240517,INTE2424582A,2024-05-13,2024-07-01,2024-05-16,2024-05-17,1,0,0,0,1,3.0,45.0,48.0,48,2,2024-05-13,2024-07-01,165,22,22,2024-05-16,2024-05-17,1,1,0.045454545454545456,1.0,34,False
WD_MERGE_2024-05-13---2024-07-01_duration_49_days_cluster_364_A0_002268_A_002512_lat_04864_lon_01385_size_0345,INTE2427051A__20240618__20240619,INTE2427051A,2024-05-13,2024-07-01,2024-06-18,2024-06-19,1,0,0,0,1,36.0,12.0,48.0,48,2,2024-05-13,2024-07-01,165,22,22,2024-06-18,2024-06-19,4,1,0.045454545454545456,1.0,35,False
WD_MERGE_2024-05-13---2024-07-01_duration_49_days_cluster_364_A0_002268_A_002512_lat_04864_lon_01385_size_0345,INTE2427051A__20240628__20240629,INTE2427051A,2024-05-13,2024-07-01,2024-06-28,2024-06-29,1,0,0,0,1,46.0,2.0,48.0,48,2,2024-05-13,2024-07-01,165,22,22,2024-06-28,2024-06-29,2,1,0.045454545454545456,1.0,36,False
WD_MERGE_2024-05-13---2024-07-01_duration_49_days_cluster_364_A0_002268_A_002512_lat_04864_lon_01385_size_0345,INTE2430293A__20240624__20240625,INTE2430293A,2024-05-13,2024-07-01,2024-06-24,2024-06-25,1,0,0,0,1,42.0,6.0,48.0,48,2,2024-05-13,2024-07-01,165,22,22,2024-06-24,2024-06-25,1,1,0.045454545454545456,1.0,37,False
WD_MERGE_2024-05-13---2024-07-01_duration_49_days_cluster_364_A0_002268_A_002512_lat_04864_lon_01385_size_0345,INTE2501371A__20240618__20240619,INTE2501371A,2024-05-13,2024-07-01,2024-06-18,2024-06-19,1,0,0,0,1,36.0,12.0,48.0,48,2,2024-05-13,2024-07-01,165,22,22,2024-06-18,2024-06-19,1,1,0.045454545454545456,1.0,38,False
WD_MERGE_2024-05-13---2024-07-01_duration_49_days_cluster_364_A0_002268_A_002512_lat_04864_lon_01385_size_0345,INTE2508631A__20240617__20240618,INTE2508631A,2024-05-13,2024-07-01,2024-06-17,2024-06-18,1,0,0,0,1,35.0,13.0,48.0,48,2,2024-05-13,2024-07-01,165,22,22,2024-06-17,2024-06-18,1,1,0.045454545454545456,1.0,39,False
WD_MERGE_2024-05-13---2024-07-01_duration_49_days_cluster_364_A0_002268_A_002512_lat_04864_lon_01385_size_0345,INTE2508631A__20240618__20240619,INTE2508631A,2024-05-13,2024-07-01,2024-06-18,2024-06-19,1,0,0,0,1,36.0,12.0,48.0,48,2,2024-05-13,2024-07-01,165,22,22,2024-06-18,2024-06-19,1,1,0.045454545454545456,1.0,40,False
WD_MERGE_2024-05-13---2024-07-01_duration_49_days_cluster_364_A0_002268_A_002512_lat_04864_lon_01385_size_0345,IOME2421328A__20240516__20240517,IOME2421328A,2024-05-13,2024-07-01,2024-05-16,2024-05-17,1,0,0,0,1,3.0,45.0,48.0,48,2,2024-05-13,2024-07-01,165,22,22,2024-05-16,2024-05-17,1,1,0.045454545454545456,1.0,41,False
WD_MERGE_2024-05-13---2024-07-01_duration_49_days_cluster_364_A0_002268_A_002512_lat_04864_lon_01385_size_0345,IOME2421328A__20240618__20240619,IOME2421328A,2024-05-13,2024-07-01,2024-06-18,2024-06-19,1,0,0,0,1,36.0,12.0,48.0,48,2,2024-05-13,2024-07-01,165,22,22,2024-06-18,2024-06-19,1,1,0.045454545454545456,1.0,42,False
WD_MERGE_2024-05-13---2024-07-01_duration_49_days_cluster_364_A0_002268_A_002512_lat_04864_lon_01385_size_0345,INTE2424582A__20240516__20240516,INTE2424582A,2024-05-13,2024-07-01,2024-05-16,2024-05-16,1,0,0,0,1,3.0,46.0,49.0,49,1,2024-05-13,2024-07-01,165,22,22,2024-05-16,2024-05-16,1,1,0.045454545454545456,1.0,43,False
WD_MERGE_2024-05-13---2024-07-01_duration_49_days_cluster_364_A0_002268_A_002512_lat_04864_lon_01385_size_0345,INTE2424582A__20240523__20240523,INTE2424582A,2024-05-13,2024-07-01,2024-05-23,2024-05-23,1,0,0,0,1,10.0,39.0,49.0,49,1,2024-05-13,2024-07-01,165,22,22,2024-05-23,2024-05-23,1,1,0.045454545454545456,1.0,44,False
WD_MERGE_2024-05-13---2024-07-01_duration_49_days_cluster_364_A0_002268_A_002512_lat_04864_lon_01385_size_0345,INTE2424582A__20240621__20240621,INTE2424582A,2024-05-13,2024-07-01,2024-06-21,2024-06-21,1,0,0,0,1,39.0,10.0,49.0,49,1,2024-05-13,2024-07-01,165,22,22,2024-06-21,2024-06-21,1,1,0.045454545454545456,1.0,45,False
WD_MERGE_2024-05-13---2024-07-01_duration_49_days_cluster_364_A0_002268_A_002512_lat_04864_lon_01385_size_0345,INTE2427051A__20240619__20240619,INTE2427051A,2024-05-13,2024-07-01,2024-06-19,2024-06-19,1,0,0,0,1,37.0,12.0,49.0,49,1,2024-05-13,2024-07-01,165,22,22,2024-06-19,2024-06-19,1,1,0.045454545454545456,1.0,46,False
WD_MERGE_2024-05-13---2024-07-01_duration_49_days_cluster_364_A0_002268_A_002512_lat_04864_lon_01385_size_0345,INTE2427051A__20240624__20240624,INTE2427051A,2024-05-13,2024-07-01,2024-06-24,2024-06-24,1,0,0,0,1,42.0,7.0,49.0,49,1,2024-05-13,2024-07-01,165,22,22,2024-06-24,2024-06-24,1,1,0.045454545454545456,1.0,47,False
WD_MERGE_2024-05-13---2024-07-01_duration_49_days_cluster_364_A0_002268_A_002512_lat_04864_lon_01385_size_0345,INTE2427051A__20240628__20240628,INTE2427051A,2024-05-13,2024-07-01,2024-06-28,2024-06-28,1,0,0,0,1,46.0,3.0,49.0,49,1,2024-05-13,2024-07-01,165,22,22,2024-06-28,2024-06-28,1,1,0.045454545454545456,1.0,48,False
WD_MERGE_2024-05-13---2024-07-01_duration_49_days_cluster_364_A0_002268_A_002512_lat_04864_lon_01385_size_0345,INTE2430293A__20240624__20240624,INTE2430293A,2024-05-13,2024-07-01,2024-06-24,2024-06-24,1,0,0,0,1,42.0,7.0,49.0,49,1,2024-05-13,2024-07-01,165,22,22,2024-06-24,2024-06-24,1,1,0.045454545454545456,1.0,49,False
WD_MERGE_2024-05-13---2024-07-01_duration_49_days_cluster_364_A0_002268_A_002512_lat_04864_lon_01385_size_0345,INTE2433751A__20240522__20240522,INTE2433751A,2024-05-13,2024-07-01,2024-05-22,2024-05-22,1,0,0,0,1,9.0,40.0,49.0,49,1,2024-05-13,2024-07-01,165,22,22,2024-05-22,2024-05-22,1,1,0.045454545454545456,1.0,50,False
WD_MERGE_2024-05-13---2024-07-01_duration_49_days_cluster_364_A0_002268_A_002512_lat_04864_lon_01385_size_0345,INTE2501371A__20240608__20240608,INTE2501371A,2024-05-13,2024-07-01,2024-06-08,2024-06-08,1,0,0,0,1,26.0,23.0,49.0,49,1,2024-05-13,2024-07-01,165,22,22,2024-06-08,2024-06-08,2,1,0.045454545454545456,1.0,51,False
WD_MERGE_2024-05-13---2024-07-01_duration_49_days_cluster_364_A0_002268_A_002512_lat_04864_lon_01385_size_0345,INTE2501371A__20240624__20240624,INTE2501371A,2024-05-13,2024-07-01,2024-06-24,2024-06-24,1,0,0,0,1,42.0,7.0,49.0,49,1,2024-05-13,2024-07-01,165,22,22,2024-06-24,2024-06-24,1,1,0.045454545454545456,1.0,52,False
WD_MERGE_2024-05-13---2024-07-01_duration_49_days_cluster_364_A0_002268_A_002512_lat_04864_lon_01385_size_0345,INTE2511307A__20240624__20240624,INTE2511307A,2024-05-13,2024-07-01,2024-06-24,2024-06-24,1,0,0,0,1,42.0,7.0,49.0,49,1,2024-05-13,2024-07-01,165,22,22,2024-06-24,2024-06-24,1,1,0.045454545454545456,1.0,53,False
WD_MERGE_2024-05-13---2024-07-01_duration_49_days_cluster_364_A0_002268_A_002512_lat_04864_lon_01385_size_0345,IOME2415880A__20240515__20240515,IOME2415880A,2024-05-13,2024-07-01,2024-05-15,2024-05-15,1,0,0,0,1,2.0,47.0,49.0,49,1,2024-05-13,2024-07-01,165,22,22,2024-05-15,2024-05-15,1,1,0.045454545454545456,1.0,54,False
WD_MERGE_2024-05-13---2024-07-01_duration_49_days_cluster_364_A0_002268_A_002512_lat_04864_lon_01385_size_0345,IOME2421328A__20240522__20240522,IOME2421328A,2024-05-13,2024-07-01,2024-05-22,2024-05-22,1,0,0,0,1,9.0,40.0,49.0,49,1,2024-05-13,2024-07-01,165,22,22,2024-05-22,2024-05-22,1,1,0.045454545454545456,1.0,55,False
WD_MERGE_2024-05-13---2024-07-01_duration_49_days_cluster_364_A0_002268_A_002512_lat_04864_lon_01385_size_0345,INTE2501371A__20240511__20240511,INTE2501371A,2024-05-13,2024-07-01,2024-05-11,2024-05-11,1,0,0,0,1,2.0,51.0,53.0,53,0,2024-05-13,2024-07-01,165,22,22,2024-05-11,2024-05-11,1,1,0.045454545454545456,1.0,56,False
WD_MERGE_2024-05-13---2024-07-01_duration_49_days_cluster_364_A0_002268_A_002512_lat_04864_lon_01385_size_0345,INTE2505371A__20240511__20240511,INTE2505371A,2024-05-13,2024-07-01,2024-05-11,2024-05-11,1,0,0,0,1,2.0,51.0,53.0,53,0,2024-05-13,2024-07-01,165,22,22,2024-05-11,2024-05-11,1,1,0.045454545454545456,1.0,57,False
WD_MERGE_2024-05-13---2024-07-01_duration_49_days_cluster_364_A0_002268_A_002512_lat_04864_lon_01385_size_0345,INTE2424582A__20240705__20240705,INTE2424582A,2024-05-13,2024-07-01,2024-07-05,2024-07-05,1,0,0,0,1,53.0,4.0,57.0,57,0,2024-05-13,2024-07-01,165,22,22,2024-07-05,2024-07-05,1,1,0.045454545454545456,1.0,58,False
WD_MERGE_2024-05-13---2024-07-01_duration_49_days_cluster_364_A0_002268_A_002512_lat_04864_lon_01385_size_0345,INTE2424582A__20240708__20240708,INTE2424582A,2024-05-13,2024-07-01,2024-07-08,2024-07-08,1,0,0,0,1,56.0,7.0,63.0,63,0,2024-05-13,2024-07-01,165,22,22,2024-07-08,2024-07-08,7,1,0.045454545454545456,1.0,59,False
WD_MERGE_2024-05-13---2024-07-01_duration_49_days_cluster_364_A0_002268_A_002512_lat_04864_lon_01385_size_0345,INTE2433751A__20240708__20240708,INTE2433751A,2024-05-13,2024-07-01,2024-07-08,2024-07-08,1,0,0,0,1,56.0,7.0,63.0,63,0,2024-05-13,2024-07-01,165,22,22,2024-07-08,2024-07-08,2,1,0.045454545454545456,1.0,60,False
WD_MERGE_2024-05-13---2024-07-01_duration_49_days_cluster_364_A0_002268_A_002512_lat_04864_lon_01385_size_0345,IOME2415880A__20240506__20240506,IOME2415880A,2024-05-13,2024-07-01,2024-05-06,2024-05-06,1,0,0,0,1,7.0,56.0,63.0,63,0,2024-05-13,2024-07-01,165,22,22,2024-05-06,2024-05-06,1,1,0.045454545454545456,1.0,61,False
WD_MERGE_2024-05-13---2024-07-01_duration_49_days_cluster_364_A0_002268_A_002512_lat_04864_lon_01385_size_0345,INTE2424582A__20240708__20240709,INTE2424582A,2024-05-13,2024-07-01,2024-07-08,2024-07-09,1,0,0,0,1,56.0,8.0,64.0,64,0,2024-05-13,2024-07-01,165,22,22,2024-07-08,2024-07-09,1,1,0.045454545454545456,1.0,62,False
WD_MERGE_2024-05-13---2024-07-01_duration_49_days_cluster_364_A0_002268_A_002512_lat_04864_lon_01385_size_0345,IOME2421328A__20240708__20240709,IOME2421328A,2024-05-13,2024-07-01,2024-07-08,2024-07-09,1,0,0,0,1,56.0,8.0,64.0,64,0,2024-05-13,2024-07-01,165,22,22,2024-07-08,2024-07-09,1,1,0.045454545454545456,1.0,63,False
WD_MERGE_2024-05-13---2024-07-01_duration_49_days_cluster_364_A0_002268_A_002512_lat_04864_lon_01385_size_0345,INTE2517855A__20231231__20240629,INTE2517855A,2024-05-13,2024-07-01,2023-12-31,2024-06-29,1,0,0,0,1,134.0,2.0,136.0,136,48,2024-05-13,2024-07-01,165,22,22,2023-12-31,2024-06-29,6,1,0.045454545454545456,1.0,64,False
WD_MERGE_2024-05-13---2024-07-01_duration_49_days_cluster_364_A0_002268_A_002512_lat_04864_lon_01385_size_0345,IOME2420215A__20240616__20240620,IOME2420215A,2024-05-13,2024-07-01,2024-06-16,2024-06-20,1,0,0,0,1,34.0,11.0,45.0,45,5,2024-05-13,2024-07-01,165,22,22,2024-06-16,2024-06-20,21,2,0.045454545454545456,0.5,65,False
WD_MERGE_2024-05-13---2024-07-01_duration_49_days_cluster_364_A0_002268_A_002512_lat_04864_lon_01385_size_0345,INTE2424582A__20240619__20240620,INTE2424582A,2024-05-13,2024-07-01,2024-06-19,2024-06-20,1,0,0,0,1,37.0,11.0,48.0,48,2,2024-05-13,2024-07-01,165,22,22,2024-06-19,2024-06-20,4,2,0.045454545454545456,0.5,66,False
WD_MERGE_2024-05-13---2024-07-01_duration_49_days_cluster_364_A0_002268_A_002512_lat_04864_lon_01385_size_0345,INTE2424582A__20240620__20240621,INTE2424582A,2024-05-13,2024-07-01,2024-06-20,2024-06-21,1,0,0,0,1,38.0,10.0,48.0,48,2,2024-05-13,2024-07-01,165,22,22,2024-06-20,2024-06-21,2,2,0.045454545454545456,0.5,67,False
WD_MERGE_2024-05-13---2024-07-01_duration_49_days_cluster_364_A0_002268_A_002512_lat_04864_lon_01385_size_0345,IOME2420215A__20240522__20240523,IOME2420215A,2024-05-13,2024-07-01,2024-05-22,2024-05-23,1,0,0,0,1,9.0,39.0,48.0,48,2,2024-05-13,2024-07-01,165,22,22,2024-05-22,2024-05-23,2,2,0.045454545454545456,0.5,68,False
WD_MERGE_2024-05-13---2024-07-01_duration_49_days_cluster_364_A0_002268_A_002512_lat_04864_lon_01385_size_0345,IOME2421328A__20240628__20240629,IOME2421328A,2024-05-13,2024-07-01,2024-06-28,2024-06-29,1,0,0,0,1,46.0,2.0,48.0,48,2,2024-05-13,2024-07-01,165,22,22,2024-06-28,2024-06-29,2,2,0.045454545454545456,0.5,69,False
WD_MERGE_2024-05-13---2024-07-01_duration_49_days_cluster_364_A0_002268_A_002512_lat_04864_lon_01385_size_0345,INTE2424582A__20240625__20240625,INTE2424582A,2024-05-13,2024-07-01,2024-06-25,2024-06-25,1,0,0,0,1,43.0,6.0,49.0,49,1,2024-05-13,2024-07-01,165,22,22,2024-06-25,2024-06-25,4,2,0.045454545454545456,0.5,70,False
WD_MERGE_2024-05-13---2024-07-01_duration_49_days_cluster_364_A0_002268_A_002512_lat_04864_lon_01385_size_0345,IOME2420215A__20240521__20240521,IOME2420215A,2024-05-13,2024-07-01,2024-05-21,2024-05-21,1,0,0,0,1,8.0,41.0,49.0,49,1,2024-05-13,2024-07-01,165,22,22,2024-05-21,2024-05-21,2,2,0.045454545454545456,0.5,71,False
WD_MERGE_2024-05-13---2024-07-01_duration_49_days_cluster_364_A0_002268_A_002512_lat_04864_lon_01385_size_0345,IOME2420215A__20240608__20240608,IOME2420215A,2024-05-13,2024-07-01,2024-06-08,2024-06-08,1,0,0,0,1,26.0,23.0,49.0,49,1,2024-05-13,2024-07-01,165,22,22,2024-06-08,2024-06-08,3,2,0.045454545454545456,0.5,72,False
WD_MERGE_2024-05-13---2024-07-01_duration_49_days_cluster_364_A0_002268_A_002512_lat_04864_lon_01385_size_0345,IOME2420215A__20240625__20240625,IOME2420215A,2024-05-13,2024-07-01,2024-06-25,2024-06-25,1,0,0,0,1,43.0,6.0,49.0,49,1,2024-05-13,2024-07-01,165,22,22,2024-06-25,2024-06-25,15,2,0.045454545454545456,0.5,73,False
WD_MERGE_2024-05-13---2024-07-01_duration_49_days_cluster_364_A0_002268_A_002512_lat_04864_lon_01385_size_0345,IOME2421328A__20240620__20240620,IOME2421328A,2024-05-13,2024-07-01,2024-06-20,2024-06-20,1,0,0,0,1,38.0,11.0,49.0,49,1,2024-05-13,2024-07-01,165,22,22,2024-06-20,2024-06-20,3,2,0.045454545454545456,0.5,74,False
WD_MERGE_2024-05-13---2024-07-01_duration_49_days_cluster_364_A0_002268_A_002512_lat_04864_lon_01385_size_0345,INTE2433751A__20240511__20240511,INTE2433751A,2024-05-13,2024-07-01,2024-05-11,2024-05-11,1,0,0,0,1,2.0,51.0,53.0,53,0,2024-05-13,2024-07-01,165,22,22,2024-05-11,2024-05-11,2,2,0.045454545454545456,0.5,75,False
WD_MERGE_2024-05-13---2024-07-01_duration_49_days_cluster_364_A0_002268_A_002512_lat_04864_lon_01385_size_0345,INTE2424582A__20240616__20240620,INTE2424582A,2024-05-13,2024-07-01,2024-06-16,2024-06-20,1,0,0,0,1,34.0,11.0,45.0,45,5,2024-05-13,2024-07-01,165,22,22,2024-06-16,2024-06-20,11,3,0.045454545454545456,0.3333333333333333,76,False
WD_MERGE_2024-05-13---2024-07-01_duration_49_days_cluster_364_A0_002268_A_002512_lat_04864_lon_01385_size_0345,INTE2430293A__20240608__20240608,INTE2430293A,2024-05-13,2024-07-01,2024-06-08,2024-06-08,1,0,0,0,1,26.0,23.0,49.0,49,1,2024-05-13,2024-07-01,165,22,22,2024-06-08,2024-06-08,3,3,0.045454545454545456,0.3333333333333333,77,False
WD_MERGE_2024-05-13---2024-07-01_duration_49_days_cluster_364_A0_002268_A_002512_lat_04864_lon_01385_size_0345,IOME2420215A__20240522__20240522,IOME2420215A,2024-05-13,2024-07-01,2024-05-22,2024-05-22,1,0,0,0,1,9.0,40.0,49.0,49,1,2024-05-13,2024-07-01,165,22,22,2024-05-22,2024-05-22,4,3,0.045454545454545456,0.3333333333333333,78,False
WD_MERGE_2024-05-13---2024-07-01_duration_49_days_cluster_364_A0_002268_A_002512_lat_04864_lon_01385_size_0345,IOME2421328A__20240628__20240628,IOME2421328A,2024-05-13,2024-07-01,2024-06-28,2024-06-28,1,0,0,0,1,46.0,3.0,49.0,49,1,2024-05-13,2024-07-01,165,22,22,2024-06-28,2024-06-28,12,3,0.045454545454545456,0.3333333333333333,79,False
WD_MERGE_2024-05-13---2024-07-01_duration_49_days_cluster_364_A0_002268_A_002512_lat_04864_lon_01385_size_0345,INTE2424582A__20240522__20240522,INTE2424582A,2024-05-13,2024-07-01,2024-05-22,2024-05-22,1,0,0,0,1,9.0,40.0,49.0,49,1,2024-05-13,2024-07-01,165,22,22,2024-05-22,2024-05-22,4,4,0.045454545454545456,0.25,80,False
WD_MERGE_2024-05-13---2024-07-01_duration_49_days_cluster_364_A0_002268_A_002512_lat_04864_lon_01385_size_0345,INTE2424582A__20240608__20240608,INTE2424582A,2024-05-13,2024-07-01,2024-06-08,2024-06-08,1,0,0,0,1,26.0,23.0,49.0,49,1,2024-05-13,2024-07-01,165,22,22,2024-06-08,2024-06-08,6,4,0.045454545454545456,0.25,81,False
WD_MERGE_2024-05-13---2024-07-01_duration_49_days_cluster_364_A0_002268_A_002512_lat_04864_lon_01385_size_0345,IOME2420215A__20240523__20240523,IOME2420215A,2024-05-13,2024-07-01,2024-05-23,2024-05-23,1,0,0,0,1,10.0,39.0,49.0,49,1,2024-05-13,2024-07-01,165,22,22,2024-05-23,2024-05-23,7,4,0.045454545454545456,0.25,82,False
WD_MERGE_2023-11-27---2024-01-01_duration_35_days_cluster_356_A0_002381_A_002991_lat_05205_lon_01175_size_0268,IOME2410378A__20240102__20240104,IOME2410378A,2023-11-27,2024-01-01,2024-01-02,2024-01-04,1,0,0,0,1,36.0,3.0,39.0,39,0,2023-11-27,2024-01-01,733,23,23,2024-01-02,2024-01-04,1,1,0.043478260869565216,1.0,1,False
WD_MERGE_2023-11-27---2024-01-01_duration_35_days_cluster_356_A0_002381_A_002991_lat_05205_lon_01175_size_0268,IOME2407754A__20240103__20240105,IOME2407754A,2023-11-27,2024-01-01,2024-01-03,2024-01-05,1,0,0,0,1,37.0,4.0,41.0,41,0,2023-11-27,2024-01-01,733,23,23,2024-01-03,2024-01-05,1,1,0.043478260869565216,1.0,2,False
WD_MERGE_2023-11-27---2024-01-01_duration_35_days_cluster_356_A0_002381_A_002991_lat_05205_lon_01175_size_0268,IOME2407754A__20240103__20240106,IOME2407754A,2023-11-27,2024-01-01,2024-01-03,2024-01-06,1,0,0,0,1,37.0,5.0,42.0,42,0,2023-11-27,2024-01-01,733,23,23,2024-01-03,2024-01-06,1,1,0.043478260869565216,1.0,3,False
WD_MERGE_2023-11-27---2024-01-01_duration_35_days_cluster_356_A0_002381_A_002991_lat_05205_lon_01175_size_0268,INTE2517855A__20231031__20231129,INTE2517855A,2023-11-27,2024-01-01,2023-10-31,2023-11-29,1,0,0,0,1,27.0,33.0,60.0,60,3,2023-11-27,2024-01-01,733,23,23,2023-10-31,2023-11-29,2,1,0.043478260869565216,1.0,4,False
WD_MERGE_2023-11-27---2024-01-01_duration_35_days_cluster_356_A0_002381_A_002991_lat_05205_lon_01175_size_0268,INTE2517855A__20231231__20240629,INTE2517855A,2023-11-27,2024-01-01,2023-12-31,2024-06-29,1,0,0,0,1,34.0,180.0,214.0,214,2,2023-11-27,2024-01-01,733,23,23,2023-12-31,2024-06-29,6,1,0.043478260869565216,1.0,5,False
WD_MERGE_2023-11-27---2024-01-01_duration_35_days_cluster_356_A0_002381_A_002991_lat_05205_lon_01175_size_0268,IOME2407754A__20240102__20240103,IOME2407754A,2023-11-27,2024-01-01,2024-01-02,2024-01-03,1,0,0,0,1,36.0,2.0,38.0,38,0,2023-11-27,2024-01-01,733,23,23,2024-01-02,2024-01-03,5,2,0.043478260869565216,0.5,6,False
WD_MERGE_2023-11-27---2024-01-01_duration_35_days_cluster_356_A0_002381_A_002991_lat_05205_lon_01175_size_0268,IOME2407754A__20240102__20240104,IOME2407754A,2023-11-27,2024-01-01,2024-01-02,2024-01-04,1,0,0,0,1,36.0,3.0,39.0,39,0,2023-11-27,2024-01-01,733,23,23,2024-01-02,2024-01-04,15,3,0.043478260869565216,0.3333333333333333,7,False
WD_MERGE_2019-10-07---2019-12-02_duration_42_days_cluster_348_A0_000880_A_001045_lat_04970_lon_-0128_size_0367,INTE2002329A__20191115__20191117,INTE2002329A,2019-10-07,2019-12-02,2019-11-15,2019-11-17,1,0,0,0,1,39.0,15.0,54.0,54,3,2019-10-07,2019-12-02,621,24,24,2019-11-15,2019-11-17,2,1,0.041666666666666664,1.0,3,False
WD_MERGE_2019-10-07---2019-12-02_duration_42_days_cluster_348_A0_000880_A_001045_lat_04970_lon_-0128_size_0367,INTE1932508A__20191022__20191023,INTE1932508A,2019-10-07,2019-12-02,2019-10-22,2019-10-23,1,0,0,0,1,15.0,40.0,55.0,55,2,2019-10-07,2019-12-02,621,24,24,2019-10-22,2019-10-23,17,1,0.041666666666666664,1.0,4,False
WD_MERGE_2019-10-07---2019-12-02_duration_42_days_cluster_348_A0_000880_A_001045_lat_04970_lon_-0128_size_0367,INTE2000953A__20191022__20191023,INTE2000953A,2019-10-07,2019-12-02,2019-10-22,2019-10-23,1,0,0,0,1,15.0,40.0,55.0,55,2,2019-10-07,2019-12-02,621,24,24,2019-10-22,2019-10-23,1,1,0.041666666666666664,1.0,5,False
WD_MERGE_2019-10-07---2019-12-02_duration_42_days_cluster_348_A0_000880_A_001045_lat_04970_lon_-0128_size_0367,INTE2000953A__20191115__20191116,INTE2000953A,2019-10-07,2019-12-02,2019-11-15,2019-11-16,1,0,0,0,1,39.0,16.0,55.0,55,2,2019-10-07,2019-12-02,621,24,24,2019-11-15,2019-11-16,1,1,0.041666666666666664,1.0,6,False
WD_MERGE_2019-10-07---2019-12-02_duration_42_days_cluster_348_A0_000880_A_001045_lat_04970_lon_-0128_size_0367,INTE2002329A__20191022__20191023,INTE2002329A,2019-10-07,2019-12-02,2019-10-22,2019-10-23,1,0,0,0,1,15.0,40.0,55.0,55,2,2019-10-07,2019-12-02,621,24,24,2019-10-22,2019-10-23,2,1,0.041666666666666664,1.0,7,False
WD_MERGE_2019-10-07---2019-12-02_duration_42_days_cluster_348_A0_000880_A_001045_lat_04970_lon_-0128_size_0367,INTE2002329A__20191107__20191108,INTE2002329A,2019-10-07,2019-12-02,2019-11-07,2019-11-08,1,0,0,0,1,31.0,24.0,55.0,55,2,2019-10-07,2019-12-02,621,24,24,2019-11-07,2019-11-08,1,1,0.041666666666666664,1.0,8,False
WD_MERGE_2019-10-07---2019-12-02_duration_42_days_cluster_348_A0_000880_A_001045_lat_04970_lon_-0128_size_0367,INTE2002329A__20191126__20191127,INTE2002329A,2019-10-07,2019-12-02,2019-11-26,2019-11-27,1,0,0,0,1,50.0,5.0,55.0,55,2,2019-10-07,2019-12-02,621,24,24,2019-11-26,2019-11-27,1,1,0.041666666666666664,1.0,9,False
WD_MERGE_2019-10-07---2019-12-02_duration_42_days_cluster_348_A0_000880_A_001045_lat_04970_lon_-0128_size_0367,INTE2005870A__20191022__20191023,INTE2005870A,2019-10-07,2019-12-02,2019-10-22,2019-10-23,1,0,0,0,1,15.0,40.0,55.0,55,2,2019-10-07,2019-12-02,621,24,24,2019-10-22,2019-10-23,1,1,0.041666666666666664,1.0,10,False
WD_MERGE_2019-10-07---2019-12-02_duration_42_days_cluster_348_A0_000880_A_001045_lat_04970_lon_-0128_size_0367,INTE2005870A__20191102__20191103,INTE2005870A,2019-10-07,2019-12-02,2019-11-02,2019-11-03,1,0,0,0,1,26.0,29.0,55.0,55,2,2019-10-07,2019-12-02,621,24,24,2019-11-02,2019-11-03,6,1,0.041666666666666664,1.0,11,False
WD_MERGE_2019-10-07---2019-12-02_duration_42_days_cluster_348_A0_000880_A_001045_lat_04970_lon_-0128_size_0367,INTE2005870A__20191103__20191104,INTE2005870A,2019-10-07,2019-12-02,2019-11-03,2019-11-04,1,0,0,0,1,27.0,28.0,55.0,55,2,2019-10-07,2019-12-02,621,24,24,2019-11-03,2019-11-04,1,1,0.041666666666666664,1.0,12,False
WD_MERGE_2019-10-07---2019-12-02_duration_42_days_cluster_348_A0_000880_A_001045_lat_04970_lon_-0128_size_0367,INTE2010310A__20191102__20191103,INTE2010310A,2019-10-07,2019-12-02,2019-11-02,2019-11-03,1,0,0,0,1,26.0,29.0,55.0,55,2,2019-10-07,2019-12-02,621,24,24,2019-11-02,2019-11-03,2,1,0.041666666666666664,1.0,13,False
WD_MERGE_2019-10-07---2019-12-02_duration_42_days_cluster_348_A0_000880_A_001045_lat_04970_lon_-0128_size_0367,INTE2010310A__20191103__20191104,INTE2010310A,2019-10-07,2019-12-02,2019-11-03,2019-11-04,1,0,0,0,1,27.0,28.0,55.0,55,2,2019-10-07,2019-12-02,621,24,24,2019-11-03,2019-11-04,2,1,0.041666666666666664,1.0,14,False
WD_MERGE_2019-10-07---2019-12-02_duration_42_days_cluster_348_A0_000880_A_001045_lat_04970_lon_-0128_size_0367,INTE2023938A__20191022__20191023,INTE2023938A,2019-10-07,2019-12-02,2019-10-22,2019-10-23,1,0,0,0,1,15.0,40.0,55.0,55,2,2019-10-07,2019-12-02,621,24,24,2019-10-22,2019-10-23,1,1,0.041666666666666664,1.0,15,False
WD_MERGE_2019-10-07---2019-12-02_duration_42_days_cluster_348_A0_000880_A_001045_lat_04970_lon_-0128_size_0367,INTE2023938A__20191102__20191103,INTE2023938A,2019-10-07,2019-12-02,2019-11-02,2019-11-03,1,0,0,0,1,26.0,29.0,55.0,55,2,2019-10-07,2019-12-02,621,24,24,2019-11-02,2019-11-03,1,1,0.041666666666666664,1.0,16,False
WD_MERGE_2019-10-07---2019-12-02_duration_42_days_cluster_348_A0_000880_A_001045_lat_04970_lon_-0128_size_0367,INTE2034504A__20191102__20191103,INTE2034504A,2019-10-07,2019-12-02,2019-11-02,2019-11-03,1,0,0,0,1,26.0,29.0,55.0,55,2,2019-10-07,2019-12-02,621,24,24,2019-11-02,2019-11-03,1,1,0.041666666666666664,1.0,17,False
WD_MERGE_2019-10-07---2019-12-02_duration_42_days_cluster_348_A0_000880_A_001045_lat_04970_lon_-0128_size_0367,INTE1935602A__20191014__20191014,INTE1935602A,2019-10-07,2019-12-02,2019-10-14,2019-10-14,1,0,0,0,1,7.0,49.0,56.0,56,1,2019-10-07,2019-12-02,621,24,24,2019-10-14,2019-10-14,1,1,0.041666666666666664,1.0,18,False
WD_MERGE_2019-10-07---2019-12-02_duration_42_days_cluster_348_A0_000880_A_001045_lat_04970_lon_-0128_size_0367,INTE1935602A__20191022__20191022,INTE1935602A,2019-10-07,2019-12-02,2019-10-22,2019-10-22,1,0,0,0,1,15.0,41.0,56.0,56,1,2019-10-07,2019-12-02,621,24,24,2019-10-22,2019-10-22,1,1,0.041666666666666664,1.0,19,False
WD_MERGE_2019-10-07---2019-12-02_duration_42_days_cluster_348_A0_000880_A_001045_lat_04970_lon_-0128_size_0367,INTE1935602A__20191109__20191109,INTE1935602A,2019-10-07,2019-12-02,2019-11-09,2019-11-09,1,0,0,0,1,33.0,23.0,56.0,56,1,2019-10-07,2019-12-02,621,24,24,2019-11-09,2019-11-09,2,1,0.041666666666666664,1.0,20,False
WD_MERGE_2019-10-07---2019-12-02_duration_42_days_cluster_348_A0_000880_A_001045_lat_04970_lon_-0128_size_0367,INTE2000953A__20191022__20191022,INTE2000953A,2019-10-07,2019-12-02,2019-10-22,2019-10-22,1,0,0,0,1,15.0,41.0,56.0,56,1,2019-10-07,2019-12-02,621,24,24,2019-10-22,2019-10-22,1,1,0.041666666666666664,1.0,21,False
WD_MERGE_2019-10-07---2019-12-02_duration_42_days_cluster_348_A0_000880_A_001045_lat_04970_lon_-0128_size_0367,INTE2000953A__20191023__20191023,INTE2000953A,2019-10-07,2019-12-02,2019-10-23,2019-10-23,1,0,0,0,1,16.0,40.0,56.0,56,1,2019-10-07,2019-12-02,621,24,24,2019-10-23,2019-10-23,9,1,0.041666666666666664,1.0,22,False
WD_MERGE_2019-10-07---2019-12-02_duration_42_days_cluster_348_A0_000880_A_001045_lat_04970_lon_-0128_size_0367,INTE2000953A__20191105__20191105,INTE2000953A,2019-10-07,2019-12-02,2019-11-05,2019-11-05,1,0,0,0,1,29.0,27.0,56.0,56,1,2019-10-07,2019-12-02,621,24,24,2019-11-05,2019-11-05,2,1,0.041666666666666664,1.0,23,False
WD_MERGE_2019-10-07---2019-12-02_duration_42_days_cluster_348_A0_000880_A_001045_lat_04970_lon_-0128_size_0367,INTE2002329A__20191130__20191130,INTE2002329A,2019-10-07,2019-12-02,2019-11-30,2019-11-30,1,0,0,0,1,54.0,2.0,56.0,56,1,2019-10-07,2019-12-02,621,24,24,2019-11-30,2019-11-30,1,1,0.041666666666666664,1.0,24,False
WD_MERGE_2019-10-07---2019-12-02_duration_42_days_cluster_348_A0_000880_A_001045_lat_04970_lon_-0128_size_0367,INTE2005870A__20191103__20191103,INTE2005870A,2019-10-07,2019-12-02,2019-11-03,2019-11-03,1,0,0,0,1,27.0,29.0,56.0,56,1,2019-10-07,2019-12-02,621,24,24,2019-11-03,2019-11-03,3,1,0.041666666666666664,1.0,25,False
WD_MERGE_2019-10-07---2019-12-02_duration_42_days_cluster_348_A0_000880_A_001045_lat_04970_lon_-0128_size_0367,INTE2005870A__20191105__20191105,INTE2005870A,2019-10-07,2019-12-02,2019-11-05,2019-11-05,1,0,0,0,1,29.0,27.0,56.0,56,1,2019-10-07,2019-12-02,621,24,24,2019-11-05,2019-11-05,1,1,0.041666666666666664,1.0,26,False
WD_MERGE_2019-10-07---2019-12-02_duration_42_days_cluster_348_A0_000880_A_001045_lat_04970_lon_-0128_size_0367,INTE2010310A__20191023__20191023,INTE2010310A,2019-10-07,2019-12-02,2019-10-23,2019-10-23,1,0,0,0,1,16.0,40.0,56.0,56,1,2019-10-07,2019-12-02,621,24,24,2019-10-23,2019-10-23,1,1,0.041666666666666664,1.0,27,False
WD_MERGE_2019-10-07---2019-12-02_duration_42_days_cluster_348_A0_000880_A_001045_lat_04970_lon_-0128_size_0367,INTE2010310A__20191130__20191130,INTE2010310A,2019-10-07,2019-12-02,2019-11-30,2019-11-30,1,0,0,0,1,54.0,2.0,56.0,56,1,2019-10-07,2019-12-02,621,24,24,2019-11-30,2019-11-30,2,1,0.041666666666666664,1.0,28,False
WD_MERGE_2019-10-07---2019-12-02_duration_42_days_cluster_348_A0_000880_A_001045_lat_04970_lon_-0128_size_0367,INTE2014521A__20191103__20191103,INTE2014521A,2019-10-07,2019-12-02,2019-11-03,2019-11-03,1,0,0,0,1,27.0,29.0,56.0,56,1,2019-10-07,2019-12-02,621,24,24,2019-11-03,2019-11-03,1,1,0.041666666666666664,1.0,29,False
WD_MERGE_2019-10-07---2019-12-02_duration_42_days_cluster_348_A0_000880_A_001045_lat_04970_lon_-0128_size_0367,INTE2019260A__20191023__20191023,INTE2019260A,2019-10-07,2019-12-02,2019-10-23,2019-10-23,1,0,0,0,1,16.0,40.0,56.0,56,1,2019-10-07,2019-12-02,621,24,24,2019-10-23,2019-10-23,1,1,0.041666666666666664,1.0,30,False
WD_MERGE_2019-10-07---2019-12-02_duration_42_days_cluster_348_A0_000880_A_001045_lat_04970_lon_-0128_size_0367,INTE2107265A__20191023__20191023,INTE2107265A,2019-10-07,2019-12-02,2019-10-23,2019-10-23,1,0,0,0,1,16.0,40.0,56.0,56,1,2019-10-07,2019-12-02,621,24,24,2019-10-23,2019-10-23,1,1,0.041666666666666664,1.0,31,False
WD_MERGE_2023-03-06---2023-04-24_duration_42_days_cluster_328_A0_000293_A_000366_lat_04855_lon_00376_size_0461,IOME2324728A__20230430__20230430,IOME2324728A,2023-03-06,2023-04-24,2023-04-30,2023-04-30,1,0,0,0,1,55.0,6.0,61.0,61,0,2023-03-06,2023-04-24,373,24,24,2023-04-30,2023-04-30,1,1,0.041666666666666664,1.0,1,True
WD_MERGE_2019-10-07---2019-12-02_duration_42_days_cluster_348_A0_000880_A_001045_lat_04970_lon_-0128_size_0367,INTE2002329A__20191023__20191023,INTE2002329A,2019-10-07,2019-12-02,2019-10-23,2019-10-23,1,0,0,0,1,16.0,40.0,56.0,56,1,2019-10-07,2019-12-02,621,24,24,2019-10-23,2019-10-23,2,2,0.041666666666666664,0.5,32,False
WD_MERGE_2019-10-07---2019-12-02_duration_42_days_cluster_348_A0_000880_A_001045_lat_04970_lon_-0128_size_0367,INTE2010310A__20191103__20191103,INTE2010310A,2019-10-07,2019-12-02,2019-11-03,2019-11-03,1,0,0,0,1,27.0,29.0,56.0,56,1,2019-10-07,2019-12-02,621,24,24,2019-11-03,2019-11-03,4,2,0.041666666666666664,0.5,33,False
WD_MERGE_2024-09-23---2024-11-11_duration_35_days_cluster_367_A0_000578_A_000623_lat_04898_lon_00513_size_0555,INTE2527884A__20240930__20241030,INTE2527884A,2024-09-23,2024-11-11,2024-09-30,2024-10-30,1,0,0,0,1,7.0,12.0,19.0,19,31,2024-09-23,2024-11-11,575,25,25,2024-09-30,2024-10-30,1,1,0.04,1.0,18,False
WD_MERGE_2024-09-23---2024-11-11_duration_35_days_cluster_367_A0_000578_A_000623_lat_04898_lon_00513_size_0555,INTE2430293A__20241007__20241012,INTE2430293A,2024-09-23,2024-11-11,2024-10-07,2024-10-12,1,0,0,0,1,14.0,30.0,44.0,44,6,2024-09-23,2024-11-11,575,25,25,2024-10-07,2024-10-12,1,1,0.04,1.0,19,False
WD_MERGE_2024-09-23---2024-11-11_duration_35_days_cluster_367_A0_000578_A_000623_lat_04898_lon_00513_size_0555,INTE2430293A__20241008__20241012,INTE2430293A,2024-09-23,2024-11-11,2024-10-08,2024-10-12,1,0,0,0,1,15.0,30.0,45.0,45,5,2024-09-23,2024-11-11,575,25,25,2024-10-08,2024-10-12,2,1,0.04,1.0,20,False
WD_MERGE_2024-09-23---2024-11-11_duration_35_days_cluster_367_A0_000578_A_000623_lat_04898_lon_00513_size_0555,INTE2517855A__20241008__20241012,INTE2517855A,2024-09-23,2024-11-11,2024-10-08,2024-10-12,1,0,0,0,1,15.0,30.0,45.0,45,5,2024-09-23,2024-11-11,575,25,25,2024-10-08,2024-10-12,1,1,0.04,1.0,21,False
WD_MERGE_2024-09-23---2024-11-11_duration_35_days_cluster_367_A0_000578_A_000623_lat_04898_lon_00513_size_0555,INTE2430293A__20241008__20241011,INTE2430293A,2024-09-23,2024-11-11,2024-10-08,2024-10-11,1,0,0,0,1,15.0,31.0,46.0,46,4,2024-09-23,2024-11-11,575,25,25,2024-10-08,2024-10-11,1,1,0.04,1.0,22,False
WD_MERGE_2024-09-23---2024-11-11_duration_35_days_cluster_367_A0_000578_A_000623_lat_04898_lon_00513_size_0555,INTE2505371A__20241017__20241020,INTE2505371A,2024-09-23,2024-11-11,2024-10-17,2024-10-20,1,0,0,0,1,24.0,22.0,46.0,46,4,2024-09-23,2024-11-11,575,25,25,2024-10-17,2024-10-20,1,1,0.04,1.0,23,False
WD_MERGE_2024-09-23---2024-11-11_duration_35_days_cluster_367_A0_000578_A_000623_lat_04898_lon_00513_size_0555,INTE2430293A__20241008__20241010,INTE2430293A,2024-09-23,2024-11-11,2024-10-08,2024-10-10,1,0,0,0,1,15.0,32.0,47.0,47,3,2024-09-23,2024-11-11,575,25,25,2024-10-08,2024-10-10,1,1,0.04,1.0,24,False
WD_MERGE_2024-09-23---2024-11-11_duration_35_days_cluster_367_A0_000578_A_000623_lat_04898_lon_00513_size_0555,INTE2433751A__20241006__20241008,INTE2433751A,2024-09-23,2024-11-11,2024-10-06,2024-10-08,1,0,0,0,1,13.0,34.0,47.0,47,3,2024-09-23,2024-11-11,575,25,25,2024-10-06,2024-10-08,1,1,0.04,1.0,25,False
WD_MERGE_2024-09-23---2024-11-11_duration_35_days_cluster_367_A0_000578_A_000623_lat_04898_lon_00513_size_0555,INTE2433751A__20241007__20241009,INTE2433751A,2024-09-23,2024-11-11,2024-10-07,2024-10-09,1,0,0,0,1,14.0,33.0,47.0,47,3,2024-09-23,2024-11-11,575,25,25,2024-10-07,2024-10-09,1,1,0.04,1.0,26,False
WD_MERGE_2024-09-23---2024-11-11_duration_35_days_cluster_367_A0_000578_A_000623_lat_04898_lon_00513_size_0555,INTE2501371A__20240923__20240925,INTE2501371A,2024-09-23,2024-11-11,2024-09-23,2024-09-25,1,0,0,0,1,0.0,47.0,47.0,47,3,2024-09-23,2024-11-11,575,25,25,2024-09-23,2024-09-25,1,1,0.04,1.0,27,False
WD_MERGE_2024-09-23---2024-11-11_duration_35_days_cluster_367_A0_000578_A_000623_lat_04898_lon_00513_size_0555,INTE2501371A__20240925__20240927,INTE2501371A,2024-09-23,2024-11-11,2024-09-25,2024-09-27,1,0,0,0,1,2.0,45.0,47.0,47,3,2024-09-23,2024-11-11,575,25,25,2024-09-25,2024-09-27,1,1,0.04,1.0,28,False
WD_MERGE_2024-09-23---2024-11-11_duration_35_days_cluster_367_A0_000578_A_000623_lat_04898_lon_00513_size_0555,INTE2501371A__20241008__20241010,INTE2501371A,2024-09-23,2024-11-11,2024-10-08,2024-10-10,1,0,0,0,1,15.0,32.0,47.0,47,3,2024-09-23,2024-11-11,575,25,25,2024-10-08,2024-10-10,1,1,0.04,1.0,29,False
WD_MERGE_2024-09-23---2024-11-11_duration_35_days_cluster_367_A0_000578_A_000623_lat_04898_lon_00513_size_0555,INTE2501371A__20241009__20241011,INTE2501371A,2024-09-23,2024-11-11,2024-10-09,2024-10-11,1,0,0,0,1,16.0,31.0,47.0,47,3,2024-09-23,2024-11-11,575,25,25,2024-10-09,2024-10-11,1,1,0.04,1.0,30,False
WD_MERGE_2024-09-23---2024-11-11_duration_35_days_cluster_367_A0_000578_A_000623_lat_04898_lon_00513_size_0555,INTE2501371A__20241018__20241020,INTE2501371A,2024-09-23,2024-11-11,2024-10-18,2024-10-20,1,0,0,0,1,25.0,22.0,47.0,47,3,2024-09-23,2024-11-11,575,25,25,2024-10-18,2024-10-20,1,1,0.04,1.0,31,False
WD_MERGE_2024-09-23---2024-11-11_duration_35_days_cluster_367_A0_000578_A_000623_lat_04898_lon_00513_size_0555,INTE2505371A__20241006__20241008,INTE2505371A,2024-09-23,2024-11-11,2024-10-06,2024-10-08,1,0,0,0,1,13.0,34.0,47.0,47,3,2024-09-23,2024-11-11,575,25,25,2024-10-06,2024-10-08,1,1,0.04,1.0,32,False
WD_MERGE_2024-09-23---2024-11-11_duration_35_days_cluster_367_A0_000578_A_000623_lat_04898_lon_00513_size_0555,INTE2505371A__20241007__20241009,INTE2505371A,2024-09-23,2024-11-11,2024-10-07,2024-10-09,1,0,0,0,1,14.0,33.0,47.0,47,3,2024-09-23,2024-11-11,575,25,25,2024-10-07,2024-10-09,1,1,0.04,1.0,33,False
WD_MERGE_2024-09-23---2024-11-11_duration_35_days_cluster_367_A0_000578_A_000623_lat_04898_lon_00513_size_0555,INTE2430293A__20241007__20241008,INTE2430293A,2024-09-23,2024-11-11,2024-10-07,2024-10-08,1,0,0,0,1,14.0,34.0,48.0,48,2,2024-09-23,2024-11-11,575,25,25,2024-10-07,2024-10-08,1,1,0.04,1.0,34,False
WD_MERGE_2024-09-23---2024-11-11_duration_35_days_cluster_367_A0_000578_A_000623_lat_04898_lon_00513_size_0555,INTE2430293A__20241016__20241017,INTE2430293A,2024-09-23,2024-11-11,2024-10-16,2024-10-17,1,0,0,0,1,23.0,25.0,48.0,48,2,2024-09-23,2024-11-11,575,25,25,2024-10-16,2024-10-17,1,1,0.04,1.0,35,False
WD_MERGE_2024-09-23---2024-11-11_duration_35_days_cluster_367_A0_000578_A_000623_lat_04898_lon_00513_size_0555,INTE2433751A__20241006__20241007,INTE2433751A,2024-09-23,2024-11-11,2024-10-06,2024-10-07,1,0,0,0,1,13.0,35.0,48.0,48,2,2024-09-23,2024-11-11,575,25,25,2024-10-06,2024-10-07,2,1,0.04,1.0,36,False
WD_MERGE_2024-09-23---2024-11-11_duration_35_days_cluster_367_A0_000578_A_000623_lat_04898_lon_00513_size_0555,INTE2433751A__20241007__20241008,INTE2433751A,2024-09-23,2024-11-11,2024-10-07,2024-10-08,1,0,0,0,1,14.0,34.0,48.0,48,2,2024-09-23,2024-11-11,575,25,25,2024-10-07,2024-10-08,3,1,0.04,1.0,37,False
WD_MERGE_2024-09-23---2024-11-11_duration_35_days_cluster_367_A0_000578_A_000623_lat_04898_lon_00513_size_0555,INTE2433751A__20241011__20241012,INTE2433751A,2024-09-23,2024-11-11,2024-10-11,2024-10-12,1,0,0,0,1,18.0,30.0,48.0,48,2,2024-09-23,2024-11-11,575,25,25,2024-10-11,2024-10-12,1,1,0.04,1.0,38,False
WD_MERGE_2024-09-23---2024-11-11_duration_35_days_cluster_367_A0_000578_A_000623_lat_04898_lon_00513_size_0555,INTE2501371A__20240925__20240926,INTE2501371A,2024-09-23,2024-11-11,2024-09-25,2024-09-26,1,0,0,0,1,2.0,46.0,48.0,48,2,2024-09-23,2024-11-11,575,25,25,2024-09-25,2024-09-26,1,1,0.04,1.0,39,False
WD_MERGE_2024-09-23---2024-11-11_duration_35_days_cluster_367_A0_000578_A_000623_lat_04898_lon_00513_size_0555,INTE2505371A__20241006__20241007,INTE2505371A,2024-09-23,2024-11-11,2024-10-06,2024-10-07,1,0,0,0,1,13.0,35.0,48.0,48,2,2024-09-23,2024-11-11,575,25,25,2024-10-06,2024-10-07,6,1,0.04,1.0,40,False
WD_MERGE_2024-09-23---2024-11-11_duration_35_days_cluster_367_A0_000578_A_000623_lat_04898_lon_00513_size_0555,INTE2505371A__20241016__20241017,INTE2505371A,2024-09-23,2024-11-11,2024-10-16,2024-10-17,1,0,0,0,1,23.0,25.0,48.0,48,2,2024-09-23,2024-11-11,575,25,25,2024-10-16,2024-10-17,1,1,0.04,1.0,41,False
WD_MERGE_2024-09-23---2024-11-11_duration_35_days_cluster_367_A0_000578_A_000623_lat_04898_lon_00513_size_0555,INTE2508631A__20241008__20241009,INTE2508631A,2024-09-23,2024-11-11,2024-10-08,2024-10-09,1,0,0,0,1,15.0,33.0,48.0,48,2,2024-09-23,2024-11-11,575,25,25,2024-10-08,2024-10-09,1,1,0.04,1.0,42,False
WD_MERGE_2024-09-23---2024-11-11_duration_35_days_cluster_367_A0_000578_A_000623_lat_04898_lon_00513_size_0555,INTE2511307A__20241015__20241016,INTE2511307A,2024-09-23,2024-11-11,2024-10-15,2024-10-16,1,0,0,0,1,22.0,26.0,48.0,48,2,2024-09-23,2024-11-11,575,25,25,2024-10-15,2024-10-16,1,1,0.04,1.0,43,False
WD_MERGE_2024-09-23---2024-11-11_duration_35_days_cluster_367_A0_000578_A_000623_lat_04898_lon_00513_size_0555,INTE2514336A__20240930__20241001,INTE2514336A,2024-09-23,2024-11-11,2024-09-30,2024-10-01,1,0,0,0,1,7.0,41.0,48.0,48,2,2024-09-23,2024-11-11,575,25,25,2024-09-30,2024-10-01,1,1,0.04,1.0,44,False
WD_MERGE_2024-09-23---2024-11-11_duration_35_days_cluster_367_A0_000578_A_000623_lat_04898_lon_00513_size_0555,INTE2505371A__20241001__20241001,INTE2505371A,2024-09-23,2024-11-11,2024-10-01,2024-10-01,1,0,0,0,1,8.0,41.0,49.0,49,1,2024-09-23,2024-11-11,575,25,25,2024-10-01,2024-10-01,1,1,0.04,1.0,45,False
WD_MERGE_2024-09-23---2024-11-11_duration_35_days_cluster_367_A0_000578_A_000623_lat_04898_lon_00513_size_0555,INTE2511307A__20241008__20241008,INTE2511307A,2024-09-23,2024-11-11,2024-10-08,2024-10-08,1,0,0,0,1,15.0,34.0,49.0,49,1,2024-09-23,2024-11-11,575,25,25,2024-10-08,2024-10-08,1,1,0.04,1.0,46,False
WD_MERGE_2024-09-23---2024-11-11_duration_35_days_cluster_367_A0_000578_A_000623_lat_04898_lon_00513_size_0555,INTE2517855A__20241016__20241016,INTE2517855A,2024-09-23,2024-11-11,2024-10-16,2024-10-16,1,0,0,0,1,23.0,26.0,49.0,49,1,2024-09-23,2024-11-11,575,25,25,2024-10-16,2024-10-16,1,1,0.04,1.0,47,False
WD_MERGE_2024-09-23---2024-11-11_duration_35_days_cluster_367_A0_000578_A_000623_lat_04898_lon_00513_size_0555,INTE2501371A__20241118__20241118,INTE2501371A,2024-09-23,2024-11-11,2024-11-18,2024-11-18,1,0,0,0,1,56.0,7.0,63.0,63,0,2024-09-23,2024-11-11,575,25,25,2024-11-18,2024-11-18,1,1,0.04,1.0,48,False
WD_MERGE_2024-09-23---2024-11-11_duration_35_days_cluster_367_A0_000578_A_000623_lat_04898_lon_00513_size_0555,INTE2501371A__20241007__20241012,INTE2501371A,2024-09-23,2024-11-11,2024-10-07,2024-10-12,1,0,0,0,1,14.0,30.0,44.0,44,6,2024-09-23,2024-11-11,575,25,25,2024-10-07,2024-10-12,2,2,0.04,0.5,49,False
WD_MERGE_2024-09-23---2024-11-11_duration_35_days_cluster_367_A0_000578_A_000623_lat_04898_lon_00513_size_0555,INTE2430293A__20241015__20241019,INTE2430293A,2024-09-23,2024-11-11,2024-10-15,2024-10-19,1,0,0,0,1,22.0,23.0,45.0,45,5,2024-09-23,2024-11-11,575,25,25,2024-10-15,2024-10-19,2,2,0.04,0.5,50,False
WD_MERGE_2024-09-23---2024-11-11_duration_35_days_cluster_367_A0_000578_A_000623_lat_04898_lon_00513_size_0555,INTE2508631A__20241006__20241007,INTE2508631A,2024-09-23,2024-11-11,2024-10-06,2024-10-07,1,0,0,0,1,13.0,35.0,48.0,48,2,2024-09-23,2024-11-11,575,25,25,2024-10-06,2024-10-07,4,2,0.04,0.5,51,False
WD_MERGE_2024-09-23---2024-11-11_duration_35_days_cluster_367_A0_000578_A_000623_lat_04898_lon_00513_size_0555,INTE2430293A__20241007__20241007,INTE2430293A,2024-09-23,2024-11-11,2024-10-07,2024-10-07,1,0,0,0,1,14.0,35.0,49.0,49,1,2024-09-23,2024-11-11,575,25,25,2024-10-07,2024-10-07,4,2,0.04,0.5,52,False
WD_MERGE_2024-09-23---2024-11-11_duration_35_days_cluster_367_A0_000578_A_000623_lat_04898_lon_00513_size_0555,INTE2433751A__20241009__20241009,INTE2433751A,2024-09-23,2024-11-11,2024-10-09,2024-10-09,1,0,0,0,1,16.0,33.0,49.0,49,1,2024-09-23,2024-11-11,575,25,25,2024-10-09,2024-10-09,3,2,0.04,0.5,53,False
WD_MERGE_2024-09-23---2024-11-11_duration_35_days_cluster_367_A0_000578_A_000623_lat_04898_lon_00513_size_0555,INTE2505371A__20241008__20241008,INTE2505371A,2024-09-23,2024-11-11,2024-10-08,2024-10-08,1,0,0,0,1,15.0,34.0,49.0,49,1,2024-09-23,2024-11-11,575,25,25,2024-10-08,2024-10-08,2,2,0.04,0.5,54,False
WD_MERGE_2024-09-23---2024-11-11_duration_35_days_cluster_367_A0_000578_A_000623_lat_04898_lon_00513_size_0555,INTE2430293A__20241016__20241016,INTE2430293A,2024-09-23,2024-11-11,2024-10-16,2024-10-16,1,0,0,0,1,23.0,26.0,49.0,49,1,2024-09-23,2024-11-11,575,25,25,2024-10-16,2024-10-16,5,3,0.04,0.3333333333333333,55,False
WD_MERGE_2024-09-23---2024-11-11_duration_35_days_cluster_367_A0_000578_A_000623_lat_04898_lon_00513_size_0555,INTE2433751A__20241007__20241007,INTE2433751A,2024-09-23,2024-11-11,2024-10-07,2024-10-07,1,0,0,0,1,14.0,35.0,49.0,49,1,2024-09-23,2024-11-11,575,25,25,2024-10-07,2024-10-07,3,3,0.04,0.3333333333333333,56,False
WD_MERGE_2024-09-23---2024-11-11_duration_35_days_cluster_367_A0_000578_A_000623_lat_04898_lon_00513_size_0555,INTE2433751A__20241008__20241009,INTE2433751A,2024-09-23,2024-11-11,2024-10-08,2024-10-09,1,0,0,0,1,15.0,33.0,48.0,48,2,2024-09-23,2024-11-11,575,25,25,2024-10-08,2024-10-09,20,4,0.04,0.25,57,False
WD_MERGE_2024-09-23---2024-11-11_duration_35_days_cluster_367_A0_000578_A_000623_lat_04898_lon_00513_size_0555,INTE2501371A__20241016__20241016,INTE2501371A,2024-09-23,2024-11-11,2024-10-16,2024-10-16,1,0,0,0,1,23.0,26.0,49.0,49,1,2024-09-23,2024-11-11,575,25,25,2024-10-16,2024-10-16,9,4,0.04,0.25,58,False
WD_MERGE_2024-09-23---2024-11-11_duration_35_days_cluster_367_A0_000578_A_000623_lat_04898_lon_00513_size_0555,INTE2501371A__20241016__20241017,INTE2501371A,2024-09-23,2024-11-11,2024-10-16,2024-10-17,1,0,0,0,1,23.0,25.0,48.0,48,2,2024-09-23,2024-11-11,575,25,25,2024-10-16,2024-10-17,10,5,0.04,0.2,59,False
WD_MERGE_2024-09-23---2024-11-11_duration_35_days_cluster_367_A0_000578_A_000623_lat_04898_lon_00513_size_0555,INTE2433751A__20241016__20241016,INTE2433751A,2024-09-23,2024-11-11,2024-10-16,2024-10-16,1,0,0,0,1,23.0,26.0,49.0,49,1,2024-09-23,2024-11-11,575,25,25,2024-10-16,2024-10-16,11,6,0.04,0.16666666666666666,60,False
WD_MERGE_2021-07-12---2021-08-02_duration_21_days_cluster_159_A0_000619_A_000852_lat_04942_lon_00499_size_0246,INTE2501371A__20210704__20210805,INTE2501371A,2021-07-12,2021-08-02,2021-07-04,2021-08-05,1,0,0,0,1,8.0,3.0,11.0,11,22,2021-07-12,2021-08-02,1282,26,26,2021-07-04,2021-08-05,5,1,0.038461538461538464,1.0,13,False
WD_MERGE_2021-07-12---2021-08-02_duration_21_days_cluster_159_A0_000619_A_000852_lat_04942_lon_00499_size_0246,INTE2122730A__20210713__20210717,INTE2122730A,2021-07-12,2021-08-02,2021-07-13,2021-07-17,1,0,0,0,1,1.0,16.0,17.0,17,5,2021-07-12,2021-08-02,1282,26,26,2021-07-13,2021-07-17,4,1,0.038461538461538464,1.0,14,False
WD_MERGE_2021-07-12---2021-08-02_duration_21_days_cluster_159_A0_000619_A_000852_lat_04942_lon_00499_size_0246,INTE2124447A__20210713__20210717,INTE2124447A,2021-07-12,2021-08-02,2021-07-13,2021-07-17,1,0,0,0,1,1.0,16.0,17.0,17,5,2021-07-12,2021-08-02,1282,26,26,2021-07-13,2021-07-17,11,1,0.038461538461538464,1.0,15,False
WD_MERGE_2021-07-12---2021-08-02_duration_21_days_cluster_159_A0_000619_A_000852_lat_04942_lon_00499_size_0246,INTE2127287A__20210713__20210717,INTE2127287A,2021-07-12,2021-08-02,2021-07-13,2021-07-17,1,0,0,0,1,1.0,16.0,17.0,17,5,2021-07-12,2021-08-02,1282,26,26,2021-07-13,2021-07-17,2,1,0.038461538461538464,1.0,16,False
WD_MERGE_2021-07-12---2021-08-02_duration_21_days_cluster_159_A0_000619_A_000852_lat_04942_lon_00499_size_0246,INTE2127287A__20210714__20210717,INTE2127287A,2021-07-12,2021-08-02,2021-07-14,2021-07-17,1,0,0,0,1,2.0,16.0,18.0,18,4,2021-07-12,2021-08-02,1282,26,26,2021-07-14,2021-07-17,21,1,0.038461538461538464,1.0,17,False
WD_MERGE_2021-07-12---2021-08-02_duration_21_days_cluster_159_A0_000619_A_000852_lat_04942_lon_00499_size_0246,INTE2128151A__20210713__20210716,INTE2128151A,2021-07-12,2021-08-02,2021-07-13,2021-07-16,1,0,0,0,1,1.0,17.0,18.0,18,4,2021-07-12,2021-08-02,1282,26,26,2021-07-13,2021-07-16,2,1,0.038461538461538464,1.0,18,False
WD_MERGE_2021-07-12---2021-08-02_duration_21_days_cluster_159_A0_000619_A_000852_lat_04942_lon_00499_size_0246,INTE2122730A__20210715__20210717,INTE2122730A,2021-07-12,2021-08-02,2021-07-15,2021-07-17,1,0,0,0,1,3.0,16.0,19.0,19,3,2021-07-12,2021-08-02,1282,26,26,2021-07-15,2021-07-17,25,1,0.038461538461538464,1.0,19,False
WD_MERGE_2021-07-12---2021-08-02_duration_21_days_cluster_159_A0_000619_A_000852_lat_04942_lon_00499_size_0246,INTE2124447A__20210713__20210715,INTE2124447A,2021-07-12,2021-08-02,2021-07-13,2021-07-15,1,0,0,0,1,1.0,18.0,19.0,19,3,2021-07-12,2021-08-02,1282,26,26,2021-07-13,2021-07-15,5,1,0.038461538461538464,1.0,20,False
WD_MERGE_2021-07-12---2021-08-02_duration_21_days_cluster_159_A0_000619_A_000852_lat_04942_lon_00499_size_0246,INTE2127287A__20210714__20210716,INTE2127287A,2021-07-12,2021-08-02,2021-07-14,2021-07-16,1,0,0,0,1,2.0,17.0,19.0,19,3,2021-07-12,2021-08-02,1282,26,26,2021-07-14,2021-07-16,3,1,0.038461538461538464,1.0,21,False
WD_MERGE_2021-07-12---2021-08-02_duration_21_days_cluster_159_A0_000619_A_000852_lat_04942_lon_00499_size_0246,INTE2127287A__20210715__20210717,INTE2127287A,2021-07-12,2021-08-02,2021-07-15,2021-07-17,1,0,0,0,1,3.0,16.0,19.0,19,3,2021-07-12,2021-08-02,1282,26,26,2021-07-15,2021-07-17,21,1,0.038461538461538464,1.0,22,False
WD_MERGE_2021-07-12---2021-08-02_duration_21_days_cluster_159_A0_000619_A_000852_lat_04942_lon_00499_size_0246,INTE2127287A__20210719__20210721,INTE2127287A,2021-07-12,2021-08-02,2021-07-19,2021-07-21,1,0,0,0,1,7.0,12.0,19.0,19,3,2021-07-12,2021-08-02,1282,26,26,2021-07-19,2021-07-21,4,1,0.038461538461538464,1.0,23,False
WD_MERGE_2021-07-12---2021-08-02_duration_21_days_cluster_159_A0_000619_A_000852_lat_04942_lon_00499_size_0246,INTE2127287A__20210725__20210727,INTE2127287A,2021-07-12,2021-08-02,2021-07-25,2021-07-27,1,0,0,0,1,13.0,6.0,19.0,19,3,2021-07-12,2021-08-02,1282,26,26,2021-07-25,2021-07-27,1,1,0.038461538461538464,1.0,24,False
WD_MERGE_2021-07-12---2021-08-02_duration_21_days_cluster_159_A0_000619_A_000852_lat_04942_lon_00499_size_0246,INTE2128151A__20210715__20210717,INTE2128151A,2021-07-12,2021-08-02,2021-07-15,2021-07-17,1,0,0,0,1,3.0,16.0,19.0,19,3,2021-07-12,2021-08-02,1282,26,26,2021-07-15,2021-07-17,2,1,0.038461538461538464,1.0,25,False
WD_MERGE_2021-07-12---2021-08-02_duration_21_days_cluster_159_A0_000619_A_000852_lat_04942_lon_00499_size_0246,INTE2128151A__20210716__20210718,INTE2128151A,2021-07-12,2021-08-02,2021-07-16,2021-07-18,1,0,0,0,1,4.0,15.0,19.0,19,3,2021-07-12,2021-08-02,1282,26,26,2021-07-16,2021-07-18,6,1,0.038461538461538464,1.0,26,False
WD_MERGE_2021-07-12---2021-08-02_duration_21_days_cluster_159_A0_000619_A_000852_lat_04942_lon_00499_size_0246,INTE2130680A__20210714__20210716,INTE2130680A,2021-07-12,2021-08-02,2021-07-14,2021-07-16,1,0,0,0,1,2.0,17.0,19.0,19,3,2021-07-12,2021-08-02,1282,26,26,2021-07-14,2021-07-16,1,1,0.038461538461538464,1.0,27,False
WD_MERGE_2021-07-12---2021-08-02_duration_21_days_cluster_159_A0_000619_A_000852_lat_04942_lon_00499_size_0246,INTE2130680A__20210719__20210721,INTE2130680A,2021-07-12,2021-08-02,2021-07-19,2021-07-21,1,0,0,0,1,7.0,12.0,19.0,19,3,2021-07-12,2021-08-02,1282,26,26,2021-07-19,2021-07-21,1,1,0.038461538461538464,1.0,28,False
WD_MERGE_2021-07-12---2021-08-02_duration_21_days_cluster_159_A0_000619_A_000852_lat_04942_lon_00499_size_0246,INTE2137449A__20210714__20210716,INTE2137449A,2021-07-12,2021-08-02,2021-07-14,2021-07-16,1,0,0,0,1,2.0,17.0,19.0,19,3,2021-07-12,2021-08-02,1282,26,26,2021-07-14,2021-07-16,8,1,0.038461538461538464,1.0,29,False
WD_MERGE_2021-07-12---2021-08-02_duration_21_days_cluster_159_A0_000619_A_000852_lat_04942_lon_00499_size_0246,INTE2204344A__20210714__20210716,INTE2204344A,2021-07-12,2021-08-02,2021-07-14,2021-07-16,1,0,0,0,1,2.0,17.0,19.0,19,3,2021-07-12,2021-08-02,1282,26,26,2021-07-14,2021-07-16,1,1,0.038461538461538464,1.0,30,False
WD_MERGE_2021-07-12---2021-08-02_duration_21_days_cluster_159_A0_000619_A_000852_lat_04942_lon_00499_size_0246,INTE2204344A__20210724__20210726,INTE2204344A,2021-07-12,2021-08-02,2021-07-24,2021-07-26,1,0,0,0,1,12.0,7.0,19.0,19,3,2021-07-12,2021-08-02,1282,26,26,2021-07-24,2021-07-26,1,1,0.038461538461538464,1.0,31,False
WD_MERGE_2021-07-12---2021-08-02_duration_21_days_cluster_159_A0_000619_A_000852_lat_04942_lon_00499_size_0246,INTE2124447A__20210714__20210715,INTE2124447A,2021-07-12,2021-08-02,2021-07-14,2021-07-15,1,0,0,0,1,2.0,18.0,20.0,20,2,2021-07-12,2021-08-02,1282,26,26,2021-07-14,2021-07-15,1,1,0.038461538461538464,1.0,32,False
WD_MERGE_2021-07-12---2021-08-02_duration_21_days_cluster_159_A0_000619_A_000852_lat_04942_lon_00499_size_0246,INTE2124447A__20210716__20210717,INTE2124447A,2021-07-12,2021-08-02,2021-07-16,2021-07-17,1,0,0,0,1,4.0,16.0,20.0,20,2,2021-07-12,2021-08-02,1282,26,26,2021-07-16,2021-07-17,1,1,0.038461538461538464,1.0,33,False
WD_MERGE_2021-07-12---2021-08-02_duration_21_days_cluster_159_A0_000619_A_000852_lat_04942_lon_00499_size_0246,INTE2128151A__20210715__20210716,INTE2128151A,2021-07-12,2021-08-02,2021-07-15,2021-07-16,1,0,0,0,1,3.0,17.0,20.0,20,2,2021-07-12,2021-08-02,1282,26,26,2021-07-15,2021-07-16,1,1,0.038461538461538464,1.0,34,False
WD_MERGE_2021-07-12---2021-08-02_duration_21_days_cluster_159_A0_000619_A_000852_lat_04942_lon_00499_size_0246,INTE2130680A__20210713__20210714,INTE2130680A,2021-07-12,2021-08-02,2021-07-13,2021-07-14,1,0,0,0,1,1.0,19.0,20.0,20,2,2021-07-12,2021-08-02,1282,26,26,2021-07-13,2021-07-14,1,1,0.038461538461538464,1.0,35,False
WD_MERGE_2021-07-12---2021-08-02_duration_21_days_cluster_159_A0_000619_A_000852_lat_04942_lon_00499_size_0246,INTE2130680A__20210714__20210715,INTE2130680A,2021-07-12,2021-08-02,2021-07-14,2021-07-15,1,0,0,0,1,2.0,18.0,20.0,20,2,2021-07-12,2021-08-02,1282,26,26,2021-07-14,2021-07-15,1,1,0.038461538461538464,1.0,36,False
WD_MERGE_2021-07-12---2021-08-02_duration_21_days_cluster_159_A0_000619_A_000852_lat_04942_lon_00499_size_0246,INTE2137449A__20210713__20210714,INTE2137449A,2021-07-12,2021-08-02,2021-07-13,2021-07-14,1,0,0,0,1,1.0,19.0,20.0,20,2,2021-07-12,2021-08-02,1282,26,26,2021-07-13,2021-07-14,1,1,0.038461538461538464,1.0,37,False
WD_MERGE_2021-07-12---2021-08-02_duration_21_days_cluster_159_A0_000619_A_000852_lat_04942_lon_00499_size_0246,INTE2137449A__20210714__20210715,INTE2137449A,2021-07-12,2021-08-02,2021-07-14,2021-07-15,1,0,0,0,1,2.0,18.0,20.0,20,2,2021-07-12,2021-08-02,1282,26,26,2021-07-14,2021-07-15,2,1,0.038461538461538464,1.0,38,False
WD_MERGE_2021-07-12---2021-08-02_duration_21_days_cluster_159_A0_000619_A_000852_lat_04942_lon_00499_size_0246,INTE2137449A__20210716__20210717,INTE2137449A,2021-07-12,2021-08-02,2021-07-16,2021-07-17,1,0,0,0,1,4.0,16.0,20.0,20,2,2021-07-12,2021-08-02,1282,26,26,2021-07-16,2021-07-17,1,1,0.038461538461538464,1.0,39,False
WD_MERGE_2021-07-12---2021-08-02_duration_21_days_cluster_159_A0_000619_A_000852_lat_04942_lon_00499_size_0246,INTE2201262A__20210714__20210715,INTE2201262A,2021-07-12,2021-08-02,2021-07-14,2021-07-15,1,0,0,0,1,2.0,18.0,20.0,20,2,2021-07-12,2021-08-02,1282,26,26,2021-07-14,2021-07-15,1,1,0.038461538461538464,1.0,40,False
WD_MERGE_2021-07-12---2021-08-02_duration_21_days_cluster_159_A0_000619_A_000852_lat_04942_lon_00499_size_0246,INTE2204344A__20210714__20210715,INTE2204344A,2021-07-12,2021-08-02,2021-07-14,2021-07-15,1,0,0,0,1,2.0,18.0,20.0,20,2,2021-07-12,2021-08-02,1282,26,26,2021-07-14,2021-07-15,2,1,0.038461538461538464,1.0,41,False
WD_MERGE_2021-07-12---2021-08-02_duration_21_days_cluster_159_A0_000619_A_000852_lat_04942_lon_00499_size_0246,IOME2220202A__20210714__20210715,IOME2220202A,2021-07-12,2021-08-02,2021-07-14,2021-07-15,1,0,0,0,1,2.0,18.0,20.0,20,2,2021-07-12,2021-08-02,1282,26,26,2021-07-14,2021-07-15,1,1,0.038461538461538464,1.0,42,False
WD_MERGE_2021-07-12---2021-08-02_duration_21_days_cluster_159_A0_000619_A_000852_lat_04942_lon_00499_size_0246,IOME2220202A__20210723__20210724,IOME2220202A,2021-07-12,2021-08-02,2021-07-23,2021-07-24,1,0,0,0,1,11.0,9.0,20.0,20,2,2021-07-12,2021-08-02,1282,26,26,2021-07-23,2021-07-24,1,1,0.038461538461538464,1.0,43,False
WD_MERGE_2021-07-12---2021-08-02_duration_21_days_cluster_159_A0_000619_A_000852_lat_04942_lon_00499_size_0246,INTE2127287A__20210714__20210714,INTE2127287A,2021-07-12,2021-08-02,2021-07-14,2021-07-14,1,0,0,0,1,2.0,19.0,21.0,21,1,2021-07-12,2021-08-02,1282,26,26,2021-07-14,2021-07-14,1,1,0.038461538461538464,1.0,44,False
WD_MERGE_2021-07-12---2021-08-02_duration_21_days_cluster_159_A0_000619_A_000852_lat_04942_lon_00499_size_0246,INTE2127287A__20210716__20210716,INTE2127287A,2021-07-12,2021-08-02,2021-07-16,2021-07-16,1,0,0,0,1,4.0,17.0,21.0,21,1,2021-07-12,2021-08-02,1282,26,26,2021-07-16,2021-07-16,2,1,0.038461538461538464,1.0,45,False
WD_MERGE_2021-07-12---2021-08-02_duration_21_days_cluster_159_A0_000619_A_000852_lat_04942_lon_00499_size_0246,INTE2128151A__20210716__20210716,INTE2128151A,2021-07-12,2021-08-02,2021-07-16,2021-07-16,1,0,0,0,1,4.0,17.0,21.0,21,1,2021-07-12,2021-08-02,1282,26,26,2021-07-16,2021-07-16,1,1,0.038461538461538464,1.0,46,False
WD_MERGE_2021-07-12---2021-08-02_duration_21_days_cluster_159_A0_000619_A_000852_lat_04942_lon_00499_size_0246,INTE2130680A__20210724__20210724,INTE2130680A,2021-07-12,2021-08-02,2021-07-24,2021-07-24,1,0,0,0,1,12.0,9.0,21.0,21,1,2021-07-12,2021-08-02,1282,26,26,2021-07-24,2021-07-24,1,1,0.038461538461538464,1.0,47,False
WD_MERGE_2021-07-12---2021-08-02_duration_21_days_cluster_159_A0_000619_A_000852_lat_04942_lon_00499_size_0246,INTE2137449A__20210715__20210715,INTE2137449A,2021-07-12,2021-08-02,2021-07-15,2021-07-15,1,0,0,0,1,3.0,18.0,21.0,21,1,2021-07-12,2021-08-02,1282,26,26,2021-07-15,2021-07-15,1,1,0.038461538461538464,1.0,48,False
WD_MERGE_2021-07-12---2021-08-02_duration_21_days_cluster_159_A0_000619_A_000852_lat_04942_lon_00499_size_0246,INTE2137449A__20210716__20210716,INTE2137449A,2021-07-12,2021-08-02,2021-07-16,2021-07-16,1,0,0,0,1,4.0,17.0,21.0,21,1,2021-07-12,2021-08-02,1282,26,26,2021-07-16,2021-07-16,1,1,0.038461538461538464,1.0,49,False
WD_MERGE_2021-07-12---2021-08-02_duration_21_days_cluster_159_A0_000619_A_000852_lat_04942_lon_00499_size_0246,IOME2226252A__20210716__20210716,IOME2226252A,2021-07-12,2021-08-02,2021-07-16,2021-07-16,1,0,0,0,1,4.0,17.0,21.0,21,1,2021-07-12,2021-08-02,1282,26,26,2021-07-16,2021-07-16,1,1,0.038461538461538464,1.0,50,False
WD_MERGE_2021-07-12---2021-08-02_duration_21_days_cluster_159_A0_000619_A_000852_lat_04942_lon_00499_size_0246,INTE2127287A__20210710__20210713,INTE2127287A,2021-07-12,2021-08-02,2021-07-10,2021-07-13,1,0,0,0,1,2.0,20.0,22.0,22,2,2021-07-12,2021-08-02,1282,26,26,2021-07-10,2021-07-13,1,1,0.038461538461538464,1.0,51,False
WD_MERGE_2021-07-12---2021-08-02_duration_21_days_cluster_159_A0_000619_A_000852_lat_04942_lon_00499_size_0246,INTE2127287A__20210710__20210712,INTE2127287A,2021-07-12,2021-08-02,2021-07-10,2021-07-12,1,0,0,0,1,2.0,21.0,23.0,23,1,2021-07-12,2021-08-02,1282,26,26,2021-07-10,2021-07-12,1,1,0.038461538461538464,1.0,52,False
WD_MERGE_2021-07-12---2021-08-02_duration_21_days_cluster_159_A0_000619_A_000852_lat_04942_lon_00499_size_0246,INTE2127287A__20210803__20210803,INTE2127287A,2021-07-12,2021-08-02,2021-08-03,2021-08-03,1,0,0,0,1,22.0,1.0,23.0,23,0,2021-07-12,2021-08-02,1282,26,26,2021-08-03,2021-08-03,2,1,0.038461538461538464,1.0,53,False
WD_MERGE_2021-07-12---2021-08-02_duration_21_days_cluster_159_A0_000619_A_000852_lat_04942_lon_00499_size_0246,INTE2127287A__20210708__20210708,INTE2127287A,2021-07-12,2021-08-02,2021-07-08,2021-07-08,1,0,0,0,1,4.0,25.0,29.0,29,0,2021-07-12,2021-08-02,1282,26,26,2021-07-08,2021-07-08,1,1,0.038461538461538464,1.0,54,False
WD_MERGE_2021-07-12---2021-08-02_duration_21_days_cluster_159_A0_000619_A_000852_lat_04942_lon_00499_size_0246,INTE2127287A__20210707__20210707,INTE2127287A,2021-07-12,2021-08-02,2021-07-07,2021-07-07,1,0,0,0,1,5.0,26.0,31.0,31,0,2021-07-12,2021-08-02,1282,26,26,2021-07-07,2021-07-07,1,1,0.038461538461538464,1.0,55,False
WD_MERGE_2021-07-12---2021-08-02_duration_21_days_cluster_159_A0_000619_A_000852_lat_04942_lon_00499_size_0246,INTE2127287A__20210706__20210706,INTE2127287A,2021-07-12,2021-08-02,2021-07-06,2021-07-06,1,0,0,0,1,6.0,27.0,33.0,33,0,2021-07-12,2021-08-02,1282,26,26,2021-07-06,2021-07-06,1,1,0.038461538461538464,1.0,56,False
WD_MERGE_2023-12-11---2024-01-01_duration_21_days_cluster_358_A0_001246_A_001597_lat_05134_lon_00222_size_0362,INTE2525618A__20231130__20231230,INTE2525618A,2023-12-11,2024-01-01,2023-11-30,2023-12-30,1,0,0,0,1,11.0,2.0,13.0,13,20,2023-12-11,2024-01-01,803,28,28,2023-11-30,2023-12-30,1,1,0.03571428571428571,1.0,9,False
WD_MERGE_2023-12-11---2024-01-01_duration_21_days_cluster_358_A0_001246_A_001597_lat_05134_lon_00222_size_0362,IOME2402725A__20231206__20231224,IOME2402725A,2023-12-11,2024-01-01,2023-12-06,2023-12-24,1,0,0,0,1,5.0,8.0,13.0,13,14,2023-12-11,2024-01-01,803,28,28,2023-12-06,2023-12-24,4,1,0.03571428571428571,1.0,10,False
WD_MERGE_2023-12-11---2024-01-01_duration_21_days_cluster_358_A0_001246_A_001597_lat_05134_lon_00222_size_0362,IOME2403657A__20231206__20231224,IOME2403657A,2023-12-11,2024-01-01,2023-12-06,2023-12-24,1,0,0,0,1,5.0,8.0,13.0,13,14,2023-12-11,2024-01-01,803,28,28,2023-12-06,2023-12-24,4,1,0.03571428571428571,1.0,11,False
WD_MERGE_2023-12-11---2024-01-01_duration_21_days_cluster_358_A0_001246_A_001597_lat_05134_lon_00222_size_0362,IOME2407754A__20231206__20231224,IOME2407754A,2023-12-11,2024-01-01,2023-12-06,2023-12-24,1,0,0,0,1,5.0,8.0,13.0,13,14,2023-12-11,2024-01-01,803,28,28,2023-12-06,2023-12-24,7,1,0.03571428571428571,1.0,12,False
WD_MERGE_2023-12-11---2024-01-01_duration_21_days_cluster_358_A0_001246_A_001597_lat_05134_lon_00222_size_0362,IOME2413412A__20231206__20231224,IOME2413412A,2023-12-11,2024-01-01,2023-12-06,2023-12-24,1,0,0,0,1,5.0,8.0,13.0,13,14,2023-12-11,2024-01-01,803,28,28,2023-12-06,2023-12-24,1,1,0.03571428571428571,1.0,13,False
WD_MERGE_2023-12-11---2024-01-01_duration_21_days_cluster_358_A0_001246_A_001597_lat_05134_lon_00222_size_0362,IOME2415880A__20231206__20231224,IOME2415880A,2023-12-11,2024-01-01,2023-12-06,2023-12-24,1,0,0,0,1,5.0,8.0,13.0,13,14,2023-12-11,2024-01-01,803,28,28,2023-12-06,2023-12-24,1,1,0.03571428571428571,1.0,14,False
WD_MERGE_2023-12-11---2024-01-01_duration_21_days_cluster_358_A0_001246_A_001597_lat_05134_lon_00222_size_0362,IOME2403657A__20231211__20231218,IOME2403657A,2023-12-11,2024-01-01,2023-12-11,2023-12-18,1,0,0,0,1,0.0,14.0,14.0,14,8,2023-12-11,2024-01-01,803,28,28,2023-12-11,2023-12-18,1,1,0.03571428571428571,1.0,15,False
WD_MERGE_2023-12-11---2024-01-01_duration_21_days_cluster_358_A0_001246_A_001597_lat_05134_lon_00222_size_0362,IOME2403657A__20231213__20231220,IOME2403657A,2023-12-11,2024-01-01,2023-12-13,2023-12-20,1,0,0,0,1,2.0,12.0,14.0,14,8,2023-12-11,2024-01-01,803,28,28,2023-12-13,2023-12-20,1,1,0.03571428571428571,1.0,16,False
WD_MERGE_2023-12-11---2024-01-01_duration_21_days_cluster_358_A0_001246_A_001597_lat_05134_lon_00222_size_0362,IOME2403657A__20231210__20231217,IOME2403657A,2023-12-11,2024-01-01,2023-12-10,2023-12-17,1,0,0,0,1,1.0,15.0,16.0,16,7,2023-12-11,2024-01-01,803,28,28,2023-12-10,2023-12-17,2,1,0.03571428571428571,1.0,17,False
WD_MERGE_2023-12-11---2024-01-01_duration_21_days_cluster_358_A0_001246_A_001597_lat_05134_lon_00222_size_0362,IOME2407754A__20231212__20231217,IOME2407754A,2023-12-11,2024-01-01,2023-12-12,2023-12-17,1,0,0,0,1,1.0,15.0,16.0,16,6,2023-12-11,2024-01-01,803,28,28,2023-12-12,2023-12-17,1,1,0.03571428571428571,1.0,18,False
WD_MERGE_2023-12-11---2024-01-01_duration_21_days_cluster_358_A0_001246_A_001597_lat_05134_lon_00222_size_0362,IOME2403657A__20231211__20231215,IOME2403657A,2023-12-11,2024-01-01,2023-12-11,2023-12-15,1,0,0,0,1,0.0,17.0,17.0,17,5,2023-12-11,2024-01-01,803,28,28,2023-12-11,2023-12-15,2,1,0.03571428571428571,1.0,19,False
WD_MERGE_2023-12-11---2024-01-01_duration_21_days_cluster_358_A0_001246_A_001597_lat_05134_lon_00222_size_0362,IOME2410378A__20231206__20231220,IOME2410378A,2023-12-11,2024-01-01,2023-12-06,2023-12-20,1,0,0,0,1,5.0,12.0,17.0,17,10,2023-12-11,2024-01-01,803,28,28,2023-12-06,2023-12-20,1,1,0.03571428571428571,1.0,20,False
WD_MERGE_2023-12-11---2024-01-01_duration_21_days_cluster_358_A0_001246_A_001597_lat_05134_lon_00222_size_0362,INTE2424582A__20231213__20231216,INTE2424582A,2023-12-11,2024-01-01,2023-12-13,2023-12-16,1,0,0,0,1,2.0,16.0,18.0,18,4,2023-12-11,2024-01-01,803,28,28,2023-12-13,2023-12-16,1,1,0.03571428571428571,1.0,21,False
WD_MERGE_2023-12-11---2024-01-01_duration_21_days_cluster_358_A0_001246_A_001597_lat_05134_lon_00222_size_0362,IOME2403657A__20231211__20231213,IOME2403657A,2023-12-11,2024-01-01,2023-12-11,2023-12-13,1,0,0,0,1,0.0,19.0,19.0,19,3,2023-12-11,2024-01-01,803,28,28,2023-12-11,2023-12-13,1,1,0.03571428571428571,1.0,22,False
WD_MERGE_2023-12-11---2024-01-01_duration_21_days_cluster_358_A0_001246_A_001597_lat_05134_lon_00222_size_0362,IOME2403657A__20231214__20231216,IOME2403657A,2023-12-11,2024-01-01,2023-12-14,2023-12-16,1,0,0,0,1,3.0,16.0,19.0,19,3,2023-12-11,2024-01-01,803,28,28,2023-12-14,2023-12-16,1,1,0.03571428571428571,1.0,23,False
WD_MERGE_2023-12-11---2024-01-01_duration_21_days_cluster_358_A0_001246_A_001597_lat_05134_lon_00222_size_0362,IOME2411920A__20231213__20231215,IOME2411920A,2023-12-11,2024-01-01,2023-12-13,2023-12-15,1,0,0,0,1,2.0,17.0,19.0,19,3,2023-12-11,2024-01-01,803,28,28,2023-12-13,2023-12-15,1,1,0.03571428571428571,1.0,24,False
WD_MERGE_2023-12-11---2024-01-01_duration_21_days_cluster_358_A0_001246_A_001597_lat_05134_lon_00222_size_0362,IOME2415880A__20231214__20231216,IOME2415880A,2023-12-11,2024-01-01,2023-12-14,2023-12-16,1,0,0,0,1,3.0,16.0,19.0,19,3,2023-12-11,2024-01-01,803,28,28,2023-12-14,2023-12-16,1,1,0.03571428571428571,1.0,25,False
WD_MERGE_2023-12-11---2024-01-01_duration_21_days_cluster_358_A0_001246_A_001597_lat_05134_lon_00222_size_0362,IOME2407004A__20231221__20240111,IOME2407004A,2023-12-11,2024-01-01,2023-12-21,2024-01-11,1,0,0,0,1,10.0,10.0,20.0,20,12,2023-12-11,2024-01-01,803,28,28,2023-12-21,2024-01-11,1,1,0.03571428571428571,1.0,26,False
WD_MERGE_2023-12-11---2024-01-01_duration_21_days_cluster_358_A0_001246_A_001597_lat_05134_lon_00222_size_0362,IOME2420215A__20231210__20231213,IOME2420215A,2023-12-11,2024-01-01,2023-12-10,2023-12-13,1,0,0,0,1,1.0,19.0,20.0,20,3,2023-12-11,2024-01-01,803,28,28,2023-12-10,2023-12-13,1,1,0.03571428571428571,1.0,27,False
WD_MERGE_2023-12-11---2024-01-01_duration_21_days_cluster_358_A0_001246_A_001597_lat_05134_lon_00222_size_0362,IOME2403657A__20231209__20231213,IOME2403657A,2023-12-11,2024-01-01,2023-12-09,2023-12-13,1,0,0,0,1,2.0,19.0,21.0,21,3,2023-12-11,2024-01-01,803,28,28,2023-12-09,2023-12-13,1,1,0.03571428571428571,1.0,28,False
WD_MERGE_2023-12-11---2024-01-01_duration_21_days_cluster_358_A0_001246_A_001597_lat_05134_lon_00222_size_0362,INTE2424582A__20231209__20231212,INTE2424582A,2023-12-11,2024-01-01,2023-12-09,2023-12-12,1,0,0,0,1,2.0,20.0,22.0,22,2,2023-12-11,2024-01-01,803,28,28,2023-12-09,2023-12-12,1,1,0.03571428571428571,1.0,29,False
WD_MERGE_2023-12-11---2024-01-01_duration_21_days_cluster_358_A0_001246_A_001597_lat_05134_lon_00222_size_0362,IOME2407754A__20240101__20240102,IOME2407754A,2023-12-11,2024-01-01,2024-01-01,2024-01-02,1,0,0,0,1,21.0,1.0,22.0,22,1,2023-12-11,2024-01-01,803,28,28,2024-01-01,2024-01-02,2,1,0.03571428571428571,1.0,30,False
WD_MERGE_2023-12-11---2024-01-01_duration_21_days_cluster_358_A0_001246_A_001597_lat_05134_lon_00222_size_0362,IOME2420215A__20240101__20240102,IOME2420215A,2023-12-11,2024-01-01,2024-01-01,2024-01-02,1,0,0,0,1,21.0,1.0,22.0,22,1,2023-12-11,2024-01-01,803,28,28,2024-01-01,2024-01-02,1,1,0.03571428571428571,1.0,31,False
WD_MERGE_2023-12-11---2024-01-01_duration_21_days_cluster_358_A0_001246_A_001597_lat_05134_lon_00222_size_0362,INTE2433751A__20240102__20240103,INTE2433751A,2023-12-11,2024-01-01,2024-01-02,2024-01-03,1,0,0,0,1,22.0,2.0,24.0,24,0,2023-12-11,2024-01-01,803,28,28,2024-01-02,2024-01-03,1,1,0.03571428571428571,1.0,32,False
WD_MERGE_2023-12-11---2024-01-01_duration_21_days_cluster_358_A0_001246_A_001597_lat_05134_lon_00222_size_0362,IOME2403657A__20240102__20240103,IOME2403657A,2023-12-11,2024-01-01,2024-01-02,2024-01-03,1,0,0,0,1,22.0,2.0,24.0,24,0,2023-12-11,2024-01-01,803,28,28,2024-01-02,2024-01-03,1,1,0.03571428571428571,1.0,33,False
WD_MERGE_2023-12-11---2024-01-01_duration_21_days_cluster_358_A0_001246_A_001597_lat_05134_lon_00222_size_0362,IOME2407754A__20231209__20231210,IOME2407754A,2023-12-11,2024-01-01,2023-12-09,2023-12-10,1,0,0,0,1,2.0,22.0,24.0,24,0,2023-12-11,2024-01-01,803,28,28,2023-12-09,2023-12-10,1,1,0.03571428571428571,1.0,34,False
WD_MERGE_2023-12-11---2024-01-01_duration_21_days_cluster_358_A0_001246_A_001597_lat_05134_lon_00222_size_0362,IOME2407754A__20240101__20240104,IOME2407754A,2023-12-11,2024-01-01,2024-01-01,2024-01-04,1,0,0,0,1,21.0,3.0,24.0,24,1,2023-12-11,2024-01-01,803,28,28,2024-01-01,2024-01-04,2,1,0.03571428571428571,1.0,35,False
WD_MERGE_2020-11-30---2021-01-04_duration_35_days_cluster_394_A0_000853_A_001042_lat_04937_lon_-0214_size_0264,INTE2112076A__20201207__20201217,INTE2112076A,2020-11-30,2021-01-04,2020-12-07,2020-12-17,1,0,0,0,1,7.0,18.0,25.0,25,11,2020-11-30,2021-01-04,821,28,28,2020-12-07,2020-12-17,1,1,0.03571428571428571,1.0,3,False
WD_MERGE_2023-12-11---2024-01-01_duration_21_days_cluster_358_A0_001246_A_001597_lat_05134_lon_00222_size_0362,IOME2410378A__20240102__20240104,IOME2410378A,2023-12-11,2024-01-01,2024-01-02,2024-01-04,1,0,0,0,1,22.0,3.0,25.0,25,0,2023-12-11,2024-01-01,803,28,28,2024-01-02,2024-01-04,1,1,0.03571428571428571,1.0,36,False
WD_MERGE_2023-12-11---2024-01-01_duration_21_days_cluster_358_A0_001246_A_001597_lat_05134_lon_00222_size_0362,IOME2415152A__20240103__20240103,IOME2415152A,2023-12-11,2024-01-01,2024-01-03,2024-01-03,1,0,0,0,1,23.0,2.0,25.0,25,0,2023-12-11,2024-01-01,803,28,28,2024-01-03,2024-01-03,1,1,0.03571428571428571,1.0,37,False
WD_MERGE_2023-12-11---2024-01-01_duration_21_days_cluster_358_A0_001246_A_001597_lat_05134_lon_00222_size_0362,IOME2403657A__20231227__20240111,IOME2403657A,2023-12-11,2024-01-01,2023-12-27,2024-01-11,1,0,0,0,1,16.0,10.0,26.0,26,6,2023-12-11,2024-01-01,803,28,28,2023-12-27,2024-01-11,1,1,0.03571428571428571,1.0,38,False
WD_MERGE_2023-12-11---2024-01-01_duration_21_days_cluster_358_A0_001246_A_001597_lat_05134_lon_00222_size_0362,IOME2407004A__20231227__20240111,IOME2407004A,2023-12-11,2024-01-01,2023-12-27,2024-01-11,1,0,0,0,1,16.0,10.0,26.0,26,6,2023-12-11,2024-01-01,803,28,28,2023-12-27,2024-01-11,4,1,0.03571428571428571,1.0,39,False
WD_MERGE_2023-12-11---2024-01-01_duration_21_days_cluster_358_A0_001246_A_001597_lat_05134_lon_00222_size_0362,IOME2407754A__20240102__20240105,IOME2407754A,2023-12-11,2024-01-01,2024-01-02,2024-01-05,1,0,0,0,1,22.0,4.0,26.0,26,0,2023-12-11,2024-01-01,803,28,28,2024-01-02,2024-01-05,2,1,0.03571428571428571,1.0,40,False
WD_MERGE_2023-12-11---2024-01-01_duration_21_days_cluster_358_A0_001246_A_001597_lat_05134_lon_00222_size_0362,IOME2410378A__20231227__20240111,IOME2410378A,2023-12-11,2024-01-01,2023-12-27,2024-01-11,1,0,0,0,1,16.0,10.0,26.0,26,6,2023-12-11,2024-01-01,803,28,28,2023-12-27,2024-01-11,2,1,0.03571428571428571,1.0,41,False
WD_MERGE_2023-12-11---2024-01-01_duration_21_days_cluster_358_A0_001246_A_001597_lat_05134_lon_00222_size_0362,IOME2411920A__20231227__20240111,IOME2411920A,2023-12-11,2024-01-01,2023-12-27,2024-01-11,1,0,0,0,1,16.0,10.0,26.0,26,6,2023-12-11,2024-01-01,803,28,28,2023-12-27,2024-01-11,1,1,0.03571428571428571,1.0,42,False
WD_MERGE_2020-11-30---2021-01-04_duration_35_days_cluster_394_A0_000853_A_001042_lat_04937_lon_-0214_size_0264,INTE2105706A__20201227__20210104,INTE2105706A,2020-11-30,2021-01-04,2020-12-27,2021-01-04,1,0,0,0,1,27.0,0.0,27.0,27,9,2020-11-30,2021-01-04,821,28,28,2020-12-27,2021-01-04,1,1,0.03571428571428571,1.0,4,False
WD_MERGE_2020-11-30---2021-01-04_duration_35_days_cluster_394_A0_000853_A_001042_lat_04937_lon_-0214_size_0264,INTE2107265A__20201203__20201211,INTE2107265A,2020-11-30,2021-01-04,2020-12-03,2020-12-11,1,0,0,0,1,3.0,24.0,27.0,27,9,2020-11-30,2021-01-04,821,28,28,2020-12-03,2020-12-11,1,1,0.03571428571428571,1.0,5,False
WD_MERGE_2020-11-30---2021-01-04_duration_35_days_cluster_394_A0_000853_A_001042_lat_04937_lon_-0214_size_0264,INTE2112076A__20201227__20210104,INTE2112076A,2020-11-30,2021-01-04,2020-12-27,2021-01-04,1,0,0,0,1,27.0,0.0,27.0,27,9,2020-11-30,2021-01-04,821,28,28,2020-12-27,2021-01-04,1,1,0.03571428571428571,1.0,6,False
WD_MERGE_2023-12-11---2024-01-01_duration_21_days_cluster_358_A0_001246_A_001597_lat_05134_lon_00222_size_0362,IOME2407754A__20240103__20240105,IOME2407754A,2023-12-11,2024-01-01,2024-01-03,2024-01-05,1,0,0,0,1,23.0,4.0,27.0,27,0,2023-12-11,2024-01-01,803,28,28,2024-01-03,2024-01-05,1,1,0.03571428571428571,1.0,43,False
WD_MERGE_2020-11-30---2021-01-04_duration_35_days_cluster_394_A0_000853_A_001042_lat_04937_lon_-0214_size_0264,INTE2104714A__20201227__20210103,INTE2104714A,2020-11-30,2021-01-04,2020-12-27,2021-01-03,1,0,0,0,1,27.0,1.0,28.0,28,8,2020-11-30,2021-01-04,821,28,28,2020-12-27,2021-01-03,1,1,0.03571428571428571,1.0,7,False
WD_MERGE_2020-11-30---2021-01-04_duration_35_days_cluster_394_A0_000853_A_001042_lat_04937_lon_-0214_size_0264,INTE2107265A__20201227__20210103,INTE2107265A,2020-11-30,2021-01-04,2020-12-27,2021-01-03,1,0,0,0,1,27.0,1.0,28.0,28,8,2020-11-30,2021-01-04,821,28,28,2020-12-27,2021-01-03,1,1,0.03571428571428571,1.0,8,False
WD_MERGE_2020-11-30---2021-01-04_duration_35_days_cluster_394_A0_000853_A_001042_lat_04937_lon_-0214_size_0264,INTE2201262A__20201201__20210131,INTE2201262A,2020-11-30,2021-01-04,2020-12-01,2021-01-31,1,0,0,0,1,1.0,27.0,28.0,28,35,2020-11-30,2021-01-04,821,28,28,2020-12-01,2021-01-31,14,1,0.03571428571428571,1.0,9,False
WD_MERGE_2023-12-11---2024-01-01_duration_21_days_cluster_358_A0_001246_A_001597_lat_05134_lon_00222_size_0362,IOME2407754A__20240103__20240106,IOME2407754A,2023-12-11,2024-01-01,2024-01-03,2024-01-06,1,0,0,0,1,23.0,5.0,28.0,28,0,2023-12-11,2024-01-01,803,28,28,2024-01-03,2024-01-06,1,1,0.03571428571428571,1.0,44,False
WD_MERGE_2020-11-30---2021-01-04_duration_35_days_cluster_394_A0_000853_A_001042_lat_04937_lon_-0214_size_0264,INTE2104714A__20201227__20210102,INTE2104714A,2020-11-30,2021-01-04,2020-12-27,2021-01-02,1,0,0,0,1,27.0,2.0,29.0,29,7,2020-11-30,2021-01-04,821,28,28,2020-12-27,2021-01-02,1,1,0.03571428571428571,1.0,10,False
WD_MERGE_2020-11-30---2021-01-04_duration_35_days_cluster_394_A0_000853_A_001042_lat_04937_lon_-0214_size_0264,INTE2104714A__20201227__20210101,INTE2104714A,2020-11-30,2021-01-04,2020-12-27,2021-01-01,1,0,0,0,1,27.0,3.0,30.0,30,6,2020-11-30,2021-01-04,821,28,28,2020-12-27,2021-01-01,1,1,0.03571428571428571,1.0,11,False
WD_MERGE_2020-11-30---2021-01-04_duration_35_days_cluster_394_A0_000853_A_001042_lat_04937_lon_-0214_size_0264,INTE2104714A__20201230__20210104,INTE2104714A,2020-11-30,2021-01-04,2020-12-30,2021-01-04,1,0,0,0,1,30.0,0.0,30.0,30,6,2020-11-30,2021-01-04,821,28,28,2020-12-30,2021-01-04,1,1,0.03571428571428571,1.0,12,False
WD_MERGE_2020-11-30---2021-01-04_duration_35_days_cluster_394_A0_000853_A_001042_lat_04937_lon_-0214_size_0264,INTE2105706A__20201228__20210106,INTE2105706A,2020-11-30,2021-01-04,2020-12-28,2021-01-06,1,0,0,0,1,28.0,2.0,30.0,30,8,2020-11-30,2021-01-04,821,28,28,2020-12-28,2021-01-06,1,1,0.03571428571428571,1.0,13,False
WD_MERGE_2020-11-30---2021-01-04_duration_35_days_cluster_394_A0_000853_A_001042_lat_04937_lon_-0214_size_0264,INTE2105706A__20201230__20210104,INTE2105706A,2020-11-30,2021-01-04,2020-12-30,2021-01-04,1,0,0,0,1,30.0,0.0,30.0,30,6,2020-11-30,2021-01-04,821,28,28,2020-12-30,2021-01-04,1,1,0.03571428571428571,1.0,14,False
WD_MERGE_2020-11-30---2021-01-04_duration_35_days_cluster_394_A0_000853_A_001042_lat_04937_lon_-0214_size_0264,INTE2112076A__20201230__20210104,INTE2112076A,2020-11-30,2021-01-04,2020-12-30,2021-01-04,1,0,0,0,1,30.0,0.0,30.0,30,6,2020-11-30,2021-01-04,821,28,28,2020-12-30,2021-01-04,1,1,0.03571428571428571,1.0,15,False
WD_MERGE_2023-12-11---2024-01-01_duration_21_days_cluster_358_A0_001246_A_001597_lat_05134_lon_00222_size_0362,IOME2411920A__20231227__20240115,IOME2411920A,2023-12-11,2024-01-01,2023-12-27,2024-01-15,1,0,0,0,1,16.0,14.0,30.0,30,6,2023-12-11,2024-01-01,803,28,28,2023-12-27,2024-01-15,1,1,0.03571428571428571,1.0,45,False
WD_MERGE_2020-11-30---2021-01-04_duration_35_days_cluster_394_A0_000853_A_001042_lat_04937_lon_-0214_size_0264,INTE2104714A__20201229__20210102,INTE2104714A,2020-11-30,2021-01-04,2020-12-29,2021-01-02,1,0,0,0,1,29.0,2.0,31.0,31,5,2020-11-30,2021-01-04,821,28,28,2020-12-29,2021-01-02,1,1,0.03571428571428571,1.0,16,False
WD_MERGE_2020-11-30---2021-01-04_duration_35_days_cluster_394_A0_000853_A_001042_lat_04937_lon_-0214_size_0264,INTE2105706A__20201227__20201231,INTE2105706A,2020-11-30,2021-01-04,2020-12-27,2020-12-31,1,0,0,0,1,27.0,4.0,31.0,31,5,2020-11-30,2021-01-04,821,28,28,2020-12-27,2020-12-31,1,1,0.03571428571428571,1.0,17,False
WD_MERGE_2020-11-30---2021-01-04_duration_35_days_cluster_394_A0_000853_A_001042_lat_04937_lon_-0214_size_0264,INTE2105706A__20201230__20210103,INTE2105706A,2020-11-30,2021-01-04,2020-12-30,2021-01-03,1,0,0,0,1,30.0,1.0,31.0,31,5,2020-11-30,2021-01-04,821,28,28,2020-12-30,2021-01-03,1,1,0.03571428571428571,1.0,18,False
WD_MERGE_2020-11-30---2021-01-04_duration_35_days_cluster_394_A0_000853_A_001042_lat_04937_lon_-0214_size_0264,INTE2107265A__20201227__20201231,INTE2107265A,2020-11-30,2021-01-04,2020-12-27,2020-12-31,1,0,0,0,1,27.0,4.0,31.0,31,5,2020-11-30,2021-01-04,821,28,28,2020-12-27,2020-12-31,1,1,0.03571428571428571,1.0,19,False
WD_MERGE_2020-11-30---2021-01-04_duration_35_days_cluster_394_A0_000853_A_001042_lat_04937_lon_-0214_size_0264,INTE2112076A__20201207__20201211,INTE2112076A,2020-11-30,2021-01-04,2020-12-07,2020-12-11,1,0,0,0,1,7.0,24.0,31.0,31,5,2020-11-30,2021-01-04,821,28,28,2020-12-07,2020-12-11,1,1,0.03571428571428571,1.0,20,False
WD_MERGE_2020-11-30---2021-01-04_duration_35_days_cluster_394_A0_000853_A_001042_lat_04937_lon_-0214_size_0264,INTE2112076A__20201229__20210102,INTE2112076A,2020-11-30,2021-01-04,2020-12-29,2021-01-02,1,0,0,0,1,29.0,2.0,31.0,31,5,2020-11-30,2021-01-04,821,28,28,2020-12-29,2021-01-02,1,1,0.03571428571428571,1.0,21,False
WD_MERGE_2020-11-30---2021-01-04_duration_35_days_cluster_394_A0_000853_A_001042_lat_04937_lon_-0214_size_0264,INTE2104714A__20201227__20201230,INTE2104714A,2020-11-30,2021-01-04,2020-12-27,2020-12-30,1,0,0,0,1,27.0,5.0,32.0,32,4,2020-11-30,2021-01-04,821,28,28,2020-12-27,2020-12-30,1,1,0.03571428571428571,1.0,22,False
WD_MERGE_2020-11-30---2021-01-04_duration_35_days_cluster_394_A0_000853_A_001042_lat_04937_lon_-0214_size_0264,INTE2104714A__20201228__20201231,INTE2104714A,2020-11-30,2021-01-04,2020-12-28,2020-12-31,1,0,0,0,1,28.0,4.0,32.0,32,4,2020-11-30,2021-01-04,821,28,28,2020-12-28,2020-12-31,1,1,0.03571428571428571,1.0,23,False
WD_MERGE_2020-11-30---2021-01-04_duration_35_days_cluster_394_A0_000853_A_001042_lat_04937_lon_-0214_size_0264,INTE2104714A__20201231__20210105,INTE2104714A,2020-11-30,2021-01-04,2020-12-31,2021-01-05,1,0,0,0,1,31.0,1.0,32.0,32,5,2020-11-30,2021-01-04,821,28,28,2020-12-31,2021-01-05,1,1,0.03571428571428571,1.0,24,False
WD_MERGE_2020-11-30---2021-01-04_duration_35_days_cluster_394_A0_000853_A_001042_lat_04937_lon_-0214_size_0264,INTE2105706A__20201231__20210105,INTE2105706A,2020-11-30,2021-01-04,2020-12-31,2021-01-05,1,0,0,0,1,31.0,1.0,32.0,32,5,2020-11-30,2021-01-04,821,28,28,2020-12-31,2021-01-05,1,1,0.03571428571428571,1.0,25,False
WD_MERGE_2020-11-30---2021-01-04_duration_35_days_cluster_394_A0_000853_A_001042_lat_04937_lon_-0214_size_0264,INTE2107265A__20201223__20201226,INTE2107265A,2020-11-30,2021-01-04,2020-12-23,2020-12-26,1,0,0,0,1,23.0,9.0,32.0,32,4,2020-11-30,2021-01-04,821,28,28,2020-12-23,2020-12-26,1,1,0.03571428571428571,1.0,26,False
WD_MERGE_2020-11-30---2021-01-04_duration_35_days_cluster_394_A0_000853_A_001042_lat_04937_lon_-0214_size_0264,INTE2112076A__20201229__20210101,INTE2112076A,2020-11-30,2021-01-04,2020-12-29,2021-01-01,1,0,0,0,1,29.0,3.0,32.0,32,4,2020-11-30,2021-01-04,821,28,28,2020-12-29,2021-01-01,1,1,0.03571428571428571,1.0,27,False
WD_MERGE_2020-11-30---2021-01-04_duration_35_days_cluster_394_A0_000853_A_001042_lat_04937_lon_-0214_size_0264,INTE2101163A__20201227__20201229,INTE2101163A,2020-11-30,2021-01-04,2020-12-27,2020-12-29,1,0,0,0,1,27.0,6.0,33.0,33,3,2020-11-30,2021-01-04,821,28,28,2020-12-27,2020-12-29,1,1,0.03571428571428571,1.0,28,False
WD_MERGE_2020-11-30---2021-01-04_duration_35_days_cluster_394_A0_000853_A_001042_lat_04937_lon_-0214_size_0264,INTE2101163A__20201228__20201230,INTE2101163A,2020-11-30,2021-01-04,2020-12-28,2020-12-30,1,0,0,0,1,28.0,5.0,33.0,33,3,2020-11-30,2021-01-04,821,28,28,2020-12-28,2020-12-30,1,1,0.03571428571428571,1.0,29,False
WD_MERGE_2020-11-30---2021-01-04_duration_35_days_cluster_394_A0_000853_A_001042_lat_04937_lon_-0214_size_0264,INTE2104714A__20201227__20201229,INTE2104714A,2020-11-30,2021-01-04,2020-12-27,2020-12-29,1,0,0,0,1,27.0,6.0,33.0,33,3,2020-11-30,2021-01-04,821,28,28,2020-12-27,2020-12-29,6,1,0.03571428571428571,1.0,30,False
WD_MERGE_2020-11-30---2021-01-04_duration_35_days_cluster_394_A0_000853_A_001042_lat_04937_lon_-0214_size_0264,INTE2104714A__20201228__20201230,INTE2104714A,2020-11-30,2021-01-04,2020-12-28,2020-12-30,1,0,0,0,1,28.0,5.0,33.0,33,3,2020-11-30,2021-01-04,821,28,28,2020-12-28,2020-12-30,1,1,0.03571428571428571,1.0,31,False
WD_MERGE_2020-11-30---2021-01-04_duration_35_days_cluster_394_A0_000853_A_001042_lat_04937_lon_-0214_size_0264,INTE2104714A__20201229__20201231,INTE2104714A,2020-11-30,2021-01-04,2020-12-29,2020-12-31,1,0,0,0,1,29.0,4.0,33.0,33,3,2020-11-30,2021-01-04,821,28,28,2020-12-29,2020-12-31,2,1,0.03571428571428571,1.0,32,False
WD_MERGE_2020-11-30---2021-01-04_duration_35_days_cluster_394_A0_000853_A_001042_lat_04937_lon_-0214_size_0264,INTE2104714A__20210101__20210103,INTE2104714A,2020-11-30,2021-01-04,2021-01-01,2021-01-03,1,0,0,0,1,32.0,1.0,33.0,33,3,2020-11-30,2021-01-04,821,28,28,2021-01-01,2021-01-03,1,1,0.03571428571428571,1.0,33,False
WD_MERGE_2020-11-30---2021-01-04_duration_35_days_cluster_394_A0_000853_A_001042_lat_04937_lon_-0214_size_0264,INTE2105706A__20201227__20201229,INTE2105706A,2020-11-30,2021-01-04,2020-12-27,2020-12-29,1,0,0,0,1,27.0,6.0,33.0,33,3,2020-11-30,2021-01-04,821,28,28,2020-12-27,2020-12-29,1,1,0.03571428571428571,1.0,34,False
WD_MERGE_2020-11-30---2021-01-04_duration_35_days_cluster_394_A0_000853_A_001042_lat_04937_lon_-0214_size_0264,INTE2112076A__20201203__20201205,INTE2112076A,2020-11-30,2021-01-04,2020-12-03,2020-12-05,1,0,0,0,1,3.0,30.0,33.0,33,3,2020-11-30,2021-01-04,821,28,28,2020-12-03,2020-12-05,1,1,0.03571428571428571,1.0,35,False
WD_MERGE_2020-11-30---2021-01-04_duration_35_days_cluster_394_A0_000853_A_001042_lat_04937_lon_-0214_size_0264,INTE2112076A__20201204__20201206,INTE2112076A,2020-11-30,2021-01-04,2020-12-04,2020-12-06,1,0,0,0,1,4.0,29.0,33.0,33,3,2020-11-30,2021-01-04,821,28,28,2020-12-04,2020-12-06,1,1,0.03571428571428571,1.0,36,False
WD_MERGE_2020-11-30---2021-01-04_duration_35_days_cluster_394_A0_000853_A_001042_lat_04937_lon_-0214_size_0264,INTE2112076A__20201227__20201229,INTE2112076A,2020-11-30,2021-01-04,2020-12-27,2020-12-29,1,0,0,0,1,27.0,6.0,33.0,33,3,2020-11-30,2021-01-04,821,28,28,2020-12-27,2020-12-29,1,1,0.03571428571428571,1.0,37,False
WD_MERGE_2020-11-30---2021-01-04_duration_35_days_cluster_394_A0_000853_A_001042_lat_04937_lon_-0214_size_0264,INTE2112076A__20201228__20201230,INTE2112076A,2020-11-30,2021-01-04,2020-12-28,2020-12-30,1,0,0,0,1,28.0,5.0,33.0,33,3,2020-11-30,2021-01-04,821,28,28,2020-12-28,2020-12-30,1,1,0.03571428571428571,1.0,38,False
WD_MERGE_2020-11-30---2021-01-04_duration_35_days_cluster_394_A0_000853_A_001042_lat_04937_lon_-0214_size_0264,INTE2101163A__20201229__20201230,INTE2101163A,2020-11-30,2021-01-04,2020-12-29,2020-12-30,1,0,0,0,1,29.0,5.0,34.0,34,2,2020-11-30,2021-01-04,821,28,28,2020-12-29,2020-12-30,3,1,0.03571428571428571,1.0,39,False
WD_MERGE_2020-11-30---2021-01-04_duration_35_days_cluster_394_A0_000853_A_001042_lat_04937_lon_-0214_size_0264,INTE2104714A__20201204__20201205,INTE2104714A,2020-11-30,2021-01-04,2020-12-04,2020-12-05,1,0,0,0,1,4.0,30.0,34.0,34,2,2020-11-30,2021-01-04,821,28,28,2020-12-04,2020-12-05,1,1,0.03571428571428571,1.0,40,False
WD_MERGE_2020-11-30---2021-01-04_duration_35_days_cluster_394_A0_000853_A_001042_lat_04937_lon_-0214_size_0264,INTE2104714A__20201231__20210101,INTE2104714A,2020-11-30,2021-01-04,2020-12-31,2021-01-01,1,0,0,0,1,31.0,3.0,34.0,34,2,2020-11-30,2021-01-04,821,28,28,2020-12-31,2021-01-01,1,1,0.03571428571428571,1.0,41,False
WD_MERGE_2020-11-30---2021-01-04_duration_35_days_cluster_394_A0_000853_A_001042_lat_04937_lon_-0214_size_0264,INTE2107265A__20201228__20201229,INTE2107265A,2020-11-30,2021-01-04,2020-12-28,2020-12-29,1,0,0,0,1,28.0,6.0,34.0,34,2,2020-11-30,2021-01-04,821,28,28,2020-12-28,2020-12-29,1,1,0.03571428571428571,1.0,42,False
WD_MERGE_2020-11-30---2021-01-04_duration_35_days_cluster_394_A0_000853_A_001042_lat_04937_lon_-0214_size_0264,INTE2112076A__20201228__20201229,INTE2112076A,2020-11-30,2021-01-04,2020-12-28,2020-12-29,1,0,0,0,1,28.0,6.0,34.0,34,2,2020-11-30,2021-01-04,821,28,28,2020-12-28,2020-12-29,2,1,0.03571428571428571,1.0,43,False
WD_MERGE_2020-11-30---2021-01-04_duration_35_days_cluster_394_A0_000853_A_001042_lat_04937_lon_-0214_size_0264,INTE2112076A__20201229__20201230,INTE2112076A,2020-11-30,2021-01-04,2020-12-29,2020-12-30,1,0,0,0,1,29.0,5.0,34.0,34,2,2020-11-30,2021-01-04,821,28,28,2020-12-29,2020-12-30,1,1,0.03571428571428571,1.0,44,False
WD_MERGE_2020-11-30---2021-01-04_duration_35_days_cluster_394_A0_000853_A_001042_lat_04937_lon_-0214_size_0264,INTE2114774A__20201229__20201230,INTE2114774A,2020-11-30,2021-01-04,2020-12-29,2020-12-30,1,0,0,0,1,29.0,5.0,34.0,34,2,2020-11-30,2021-01-04,821,28,28,2020-12-29,2020-12-30,1,1,0.03571428571428571,1.0,45,False
WD_MERGE_2020-11-30---2021-01-04_duration_35_days_cluster_394_A0_000853_A_001042_lat_04937_lon_-0214_size_0264,INTE2118484A__20201228__20201229,INTE2118484A,2020-11-30,2021-01-04,2020-12-28,2020-12-29,1,0,0,0,1,28.0,6.0,34.0,34,2,2020-11-30,2021-01-04,821,28,28,2020-12-28,2020-12-29,1,1,0.03571428571428571,1.0,46,False
WD_MERGE_2023-12-11---2024-01-01_duration_21_days_cluster_358_A0_001246_A_001597_lat_05134_lon_00222_size_0362,INTE2511307A__20231204__20231205,INTE2511307A,2023-12-11,2024-01-01,2023-12-04,2023-12-05,1,0,0,0,1,7.0,27.0,34.0,34,0,2023-12-11,2024-01-01,803,28,28,2023-12-04,2023-12-05,1,1,0.03571428571428571,1.0,46,False
WD_MERGE_2023-12-11---2024-01-01_duration_21_days_cluster_358_A0_001246_A_001597_lat_05134_lon_00222_size_0362,IOME2407754A__20231204__20231205,IOME2407754A,2023-12-11,2024-01-01,2023-12-04,2023-12-05,1,0,0,0,1,7.0,27.0,34.0,34,0,2023-12-11,2024-01-01,803,28,28,2023-12-04,2023-12-05,2,1,0.03571428571428571,1.0,47,False
WD_MERGE_2020-11-30---2021-01-04_duration_35_days_cluster_394_A0_000853_A_001042_lat_04937_lon_-0214_size_0264,INTE2104714A__20201228__20201228,INTE2104714A,2020-11-30,2021-01-04,2020-12-28,2020-12-28,1,0,0,0,1,28.0,7.0,35.0,35,1,2020-11-30,2021-01-04,821,28,28,2020-12-28,2020-12-28,1,1,0.03571428571428571,1.0,47,False
WD_MERGE_2020-11-30---2021-01-04_duration_35_days_cluster_394_A0_000853_A_001042_lat_04937_lon_-0214_size_0264,INTE2104714A__20201229__20201229,INTE2104714A,2020-11-30,2021-01-04,2020-12-29,2020-12-29,1,0,0,0,1,29.0,6.0,35.0,35,1,2020-11-30,2021-01-04,821,28,28,2020-12-29,2020-12-29,3,1,0.03571428571428571,1.0,48,False
WD_MERGE_2023-12-11---2024-01-01_duration_21_days_cluster_358_A0_001246_A_001597_lat_05134_lon_00222_size_0362,IOME2410378A__20240104__20240112,IOME2410378A,2023-12-11,2024-01-01,2024-01-04,2024-01-12,1,0,0,0,1,24.0,11.0,35.0,35,0,2023-12-11,2024-01-01,803,28,28,2024-01-04,2024-01-12,1,1,0.03571428571428571,1.0,48,False
WD_MERGE_2020-11-30---2021-01-04_duration_35_days_cluster_394_A0_000853_A_001042_lat_04937_lon_-0214_size_0264,INTE2119792A__20210105__20210106,INTE2119792A,2020-11-30,2021-01-04,2021-01-05,2021-01-06,1,0,0,0,1,36.0,2.0,38.0,38,0,2020-11-30,2021-01-04,821,28,28,2021-01-05,2021-01-06,3,1,0.03571428571428571,1.0,49,False
WD_MERGE_2020-11-30---2021-01-04_duration_35_days_cluster_394_A0_000853_A_001042_lat_04937_lon_-0214_size_0264,INTE2107265A__20201228__20210116,INTE2107265A,2020-11-30,2021-01-04,2020-12-28,2021-01-16,1,0,0,0,1,28.0,12.0,40.0,40,8,2020-11-30,2021-01-04,821,28,28,2020-12-28,2021-01-16,1,1,0.03571428571428571,1.0,50,False
WD_MERGE_2023-12-11---2024-01-01_duration_21_days_cluster_358_A0_001246_A_001597_lat_05134_lon_00222_size_0362,INTE2511307A__20231031__20240114,INTE2511307A,2023-12-11,2024-01-01,2023-10-31,2024-01-14,1,0,0,0,1,41.0,13.0,54.0,54,22,2023-12-11,2024-01-01,803,28,28,2023-10-31,2024-01-14,1,1,0.03571428571428571,1.0,49,False
WD_MERGE_2020-11-30---2021-01-04_duration_35_days_cluster_394_A0_000853_A_001042_lat_04937_lon_-0214_size_0264,INTE2201262A__20201201__20210228,INTE2201262A,2020-11-30,2021-01-04,2020-12-01,2021-02-28,1,0,0,0,1,1.0,55.0,56.0,56,35,2020-11-30,2021-01-04,821,28,28,2020-12-01,2021-02-28,12,1,0.03571428571428571,1.0,51,False
WD_MERGE_2023-12-11---2024-01-01_duration_21_days_cluster_358_A0_001246_A_001597_lat_05134_lon_00222_size_0362,INTE2501371A__20231030__20231214,INTE2501371A,2023-12-11,2024-01-01,2023-10-30,2023-12-14,1,0,0,0,1,42.0,18.0,60.0,60,4,2023-12-11,2024-01-01,803,28,28,2023-10-30,2023-12-14,1,1,0.03571428571428571,1.0,50,False
WD_MERGE_2020-11-30---2021-01-04_duration_35_days_cluster_394_A0_000853_A_001042_lat_04937_lon_-0214_size_0264,IOME2411920A__20210103__20210202,IOME2411920A,2020-11-30,2021-01-04,2021-01-03,2021-02-02,1,0,0,0,1,34.0,29.0,63.0,63,2,2020-11-30,2021-01-04,821,28,28,2021-01-03,2021-02-02,1,1,0.03571428571428571,1.0,52,False
WD_MERGE_2023-12-11---2024-01-01_duration_21_days_cluster_358_A0_001246_A_001597_lat_05134_lon_00222_size_0362,INTE2508631A__20231101__20231207,INTE2508631A,2023-12-11,2024-01-01,2023-11-01,2023-12-07,1,0,0,0,1,40.0,25.0,65.0,65,0,2023-12-11,2024-01-01,803,28,28,2023-11-01,2023-12-07,1,1,0.03571428571428571,1.0,51,False
WD_MERGE_2023-12-11---2024-01-01_duration_21_days_cluster_358_A0_001246_A_001597_lat_05134_lon_00222_size_0362,INTE2517855A__20231103__20231204,INTE2517855A,2023-12-11,2024-01-01,2023-11-03,2023-12-04,1,0,0,0,1,38.0,28.0,66.0,66,0,2023-12-11,2024-01-01,803,28,28,2023-11-03,2023-12-04,1,1,0.03571428571428571,1.0,52,False
WD_MERGE_2023-12-11---2024-01-01_duration_21_days_cluster_358_A0_001246_A_001597_lat_05134_lon_00222_size_0362,INTE2511307A__20231017__20231217,INTE2511307A,2023-12-11,2024-01-01,2023-10-17,2023-12-17,1,0,0,0,1,55.0,15.0,70.0,70,7,2023-12-11,2024-01-01,803,28,28,2023-10-17,2023-12-17,21,1,0.03571428571428571,1.0,53,False
WD_MERGE_2020-11-30---2021-01-04_duration_35_days_cluster_394_A0_000853_A_001042_lat_04937_lon_-0214_size_0264,INTE2430293A__20201231__20210227,INTE2430293A,2020-11-30,2021-01-04,2020-12-31,2021-02-27,1,0,0,0,1,31.0,54.0,85.0,85,5,2020-11-30,2021-01-04,821,28,28,2020-12-31,2021-02-27,14,1,0.03571428571428571,1.0,53,False
WD_MERGE_2020-11-30---2021-01-04_duration_35_days_cluster_394_A0_000853_A_001042_lat_04937_lon_-0214_size_0264,INTE2201262A__20210101__20210228,INTE2201262A,2020-11-30,2021-01-04,2021-01-01,2021-02-28,1,0,0,0,1,32.0,55.0,87.0,87,4,2020-11-30,2021-01-04,821,28,28,2021-01-01,2021-02-28,3,1,0.03571428571428571,1.0,54,False
WD_MERGE_2023-12-11---2024-01-01_duration_21_days_cluster_358_A0_001246_A_001597_lat_05134_lon_00222_size_0362,INTE2517855A__20231231__20240629,INTE2517855A,2023-12-11,2024-01-01,2023-12-31,2024-06-29,1,0,0,0,1,20.0,180.0,200.0,200,2,2023-12-11,2024-01-01,803,28,28,2023-12-31,2024-06-29,6,1,0.03571428571428571,1.0,54,False
WD_MERGE_2023-12-11---2024-01-01_duration_21_days_cluster_358_A0_001246_A_001597_lat_05134_lon_00222_size_0362,IOME2400969A__20231205__20231205,IOME2400969A,2023-12-11,2024-01-01,2023-12-05,2023-12-05,1,0,0,0,1,6.0,27.0,33.0,33,0,2023-12-11,2024-01-01,803,28,28,2023-12-05,2023-12-05,2,2,0.03571428571428571,0.5,55,False
WD_MERGE_2017-12-04---2018-01-01_duration_28_days_cluster_370_A0_000806_A_001014_lat_05081_lon_00198_size_0323,INTE1810998A__20171213__20171214,INTE1810998A,2017-12-04,2018-01-01,2017-12-13,2017-12-14,1,0,0,0,1,9.0,18.0,27.0,27,2,2017-12-04,2018-01-01,1104,29,29,2017-12-13,2017-12-14,1,1,0.034482758620689655,1.0,4,False
WD_MERGE_2017-12-04---2018-01-01_duration_28_days_cluster_370_A0_000806_A_001014_lat_05081_lon_00198_size_0323,INTE1805267A__20171211__20171211,INTE1805267A,2017-12-04,2018-01-01,2017-12-11,2017-12-11,1,0,0,0,1,7.0,21.0,28.0,28,1,2017-12-04,2018-01-01,1104,29,29,2017-12-11,2017-12-11,1,1,0.034482758620689655,1.0,5,False
WD_MERGE_2017-12-04---2018-01-01_duration_28_days_cluster_370_A0_000806_A_001014_lat_05081_lon_00198_size_0323,INTE1813670A__20171210__20171210,INTE1813670A,2017-12-04,2018-01-01,2017-12-10,2017-12-10,1,0,0,0,1,6.0,22.0,28.0,28,1,2017-12-04,2018-01-01,1104,29,29,2017-12-10,2017-12-10,1,1,0.034482758620689655,1.0,6,False
WD_MERGE_2017-12-04---2018-01-01_duration_28_days_cluster_370_A0_000806_A_001014_lat_05081_lon_00198_size_0323,INTE1831446A__20180102__20180103,INTE1831446A,2017-12-04,2018-01-01,2018-01-02,2018-01-03,1,0,0,0,1,29.0,2.0,31.0,31,0,2017-12-04,2018-01-01,1104,29,29,2018-01-02,2018-01-03,1,1,0.034482758620689655,1.0,7,False
WD_MERGE_2017-12-04---2018-01-01_duration_28_days_cluster_370_A0_000806_A_001014_lat_05081_lon_00198_size_0323,INTE1806551A__20180103__20180103,INTE1806551A,2017-12-04,2018-01-01,2018-01-03,2018-01-03,1,0,0,0,1,30.0,2.0,32.0,32,0,2017-12-04,2018-01-01,1104,29,29,2018-01-03,2018-01-03,2,1,0.034482758620689655,1.0,8,False
WD_MERGE_2017-12-04---2018-01-01_duration_28_days_cluster_370_A0_000806_A_001014_lat_05081_lon_00198_size_0323,INTE1808306A__20180102__20180104,INTE1808306A,2017-12-04,2018-01-01,2018-01-02,2018-01-04,1,0,0,0,1,29.0,3.0,32.0,32,0,2017-12-04,2018-01-01,1104,29,29,2018-01-02,2018-01-04,1,1,0.034482758620689655,1.0,9,False
WD_MERGE_2017-12-04---2018-01-01_duration_28_days_cluster_370_A0_000806_A_001014_lat_05081_lon_00198_size_0323,INTE1813670A__20180103__20180103,INTE1813670A,2017-12-04,2018-01-01,2018-01-03,2018-01-03,1,0,0,0,1,30.0,2.0,32.0,32,0,2017-12-04,2018-01-01,1104,29,29,2018-01-03,2018-01-03,2,1,0.034482758620689655,1.0,10,False
WD_MERGE_2017-12-04---2018-01-01_duration_28_days_cluster_370_A0_000806_A_001014_lat_05081_lon_00198_size_0323,INTE1914145A__20180103__20180103,INTE1914145A,2017-12-04,2018-01-01,2018-01-03,2018-01-03,1,0,0,0,1,30.0,2.0,32.0,32,0,2017-12-04,2018-01-01,1104,29,29,2018-01-03,2018-01-03,1,1,0.034482758620689655,1.0,11,False
WD_MERGE_2017-12-04---2018-01-01_duration_28_days_cluster_370_A0_000806_A_001014_lat_05081_lon_00198_size_0323,INTE1806551A__20180104__20180104,INTE1806551A,2017-12-04,2018-01-01,2018-01-04,2018-01-04,1,0,0,0,1,31.0,3.0,34.0,34,0,2017-12-04,2018-01-01,1104,29,29,2018-01-04,2018-01-04,1,1,0.034482758620689655,1.0,12,False
WD_MERGE_2017-12-04---2018-01-01_duration_28_days_cluster_370_A0_000806_A_001014_lat_05081_lon_00198_size_0323,INTE1808306A__20180103__20180105,INTE1808306A,2017-12-04,2018-01-01,2018-01-03,2018-01-05,1,0,0,0,1,30.0,4.0,34.0,34,0,2017-12-04,2018-01-01,1104,29,29,2018-01-03,2018-01-05,2,1,0.034482758620689655,1.0,13,False
WD_MERGE_2017-12-04---2018-01-01_duration_28_days_cluster_370_A0_000806_A_001014_lat_05081_lon_00198_size_0323,INTE1810998A__20180103__20180105,INTE1810998A,2017-12-04,2018-01-01,2018-01-03,2018-01-05,1,0,0,0,1,30.0,4.0,34.0,34,0,2017-12-04,2018-01-01,1104,29,29,2018-01-03,2018-01-05,1,1,0.034482758620689655,1.0,14,False
WD_MERGE_2017-12-04---2018-01-01_duration_28_days_cluster_370_A0_000806_A_001014_lat_05081_lon_00198_size_0323,INTE1813670A__20180103__20180105,INTE1813670A,2017-12-04,2018-01-01,2018-01-03,2018-01-05,1,0,0,0,1,30.0,4.0,34.0,34,0,2017-12-04,2018-01-01,1104,29,29,2018-01-03,2018-01-05,1,1,0.034482758620689655,1.0,15,False
WD_MERGE_2017-12-04---2018-01-01_duration_28_days_cluster_370_A0_000806_A_001014_lat_05081_lon_00198_size_0323,INTE1818802A__20180104__20180104,INTE1818802A,2017-12-04,2018-01-01,2018-01-04,2018-01-04,1,0,0,0,1,31.0,3.0,34.0,34,0,2017-12-04,2018-01-01,1104,29,29,2018-01-04,2018-01-04,1,1,0.034482758620689655,1.0,16,False
WD_MERGE_2017-12-04---2018-01-01_duration_28_days_cluster_370_A0_000806_A_001014_lat_05081_lon_00198_size_0323,INTE1831446A__20180103__20180105,INTE1831446A,2017-12-04,2018-01-01,2018-01-03,2018-01-05,1,0,0,0,1,30.0,4.0,34.0,34,0,2017-12-04,2018-01-01,1104,29,29,2018-01-03,2018-01-05,1,1,0.034482758620689655,1.0,17,False
WD_MERGE_2017-12-04---2018-01-01_duration_28_days_cluster_370_A0_000806_A_001014_lat_05081_lon_00198_size_0323,INTE1805267A__20180104__20180105,INTE1805267A,2017-12-04,2018-01-01,2018-01-04,2018-01-05,1,0,0,0,1,31.0,4.0,35.0,35,0,2017-12-04,2018-01-01,1104,29,29,2018-01-04,2018-01-05,1,1,0.034482758620689655,1.0,18,False
WD_MERGE_2017-12-04---2018-01-01_duration_28_days_cluster_370_A0_000806_A_001014_lat_05081_lon_00198_size_0323,INTE1810998A__20180104__20180105,INTE1810998A,2017-12-04,2018-01-01,2018-01-04,2018-01-05,1,0,0,0,1,31.0,4.0,35.0,35,0,2017-12-04,2018-01-01,1104,29,29,2018-01-04,2018-01-05,1,1,0.034482758620689655,1.0,19,False
WD_MERGE_2017-12-04---2018-01-01_duration_28_days_cluster_370_A0_000806_A_001014_lat_05081_lon_00198_size_0323,INTE1818802A__20180104__20180105,INTE1818802A,2017-12-04,2018-01-01,2018-01-04,2018-01-05,1,0,0,0,1,31.0,4.0,35.0,35,0,2017-12-04,2018-01-01,1104,29,29,2018-01-04,2018-01-05,1,1,0.034482758620689655,1.0,20,False
WD_MERGE_2017-12-04---2018-01-01_duration_28_days_cluster_370_A0_000806_A_001014_lat_05081_lon_00198_size_0323,INTE1802929A__20180104__20180106,INTE1802929A,2017-12-04,2018-01-01,2018-01-04,2018-01-06,1,0,0,0,1,31.0,5.0,36.0,36,0,2017-12-04,2018-01-01,1104,29,29,2018-01-04,2018-01-06,5,1,0.034482758620689655,1.0,21,False
WD_MERGE_2017-12-04---2018-01-01_duration_28_days_cluster_370_A0_000806_A_001014_lat_05081_lon_00198_size_0323,INTE1804348A__20180105__20180105,INTE1804348A,2017-12-04,2018-01-01,2018-01-05,2018-01-05,1,0,0,0,1,32.0,4.0,36.0,36,0,2017-12-04,2018-01-01,1104,29,29,2018-01-05,2018-01-05,1,1,0.034482758620689655,1.0,22,False
WD_MERGE_2017-12-04---2018-01-01_duration_28_days_cluster_370_A0_000806_A_001014_lat_05081_lon_00198_size_0323,INTE1805267A__20180105__20180105,INTE1805267A,2017-12-04,2018-01-01,2018-01-05,2018-01-05,1,0,0,0,1,32.0,4.0,36.0,36,0,2017-12-04,2018-01-01,1104,29,29,2018-01-05,2018-01-05,3,1,0.034482758620689655,1.0,23,False
WD_MERGE_2017-12-04---2018-01-01_duration_28_days_cluster_370_A0_000806_A_001014_lat_05081_lon_00198_size_0323,INTE1808306A__20180104__20180106,INTE1808306A,2017-12-04,2018-01-01,2018-01-04,2018-01-06,1,0,0,0,1,31.0,5.0,36.0,36,0,2017-12-04,2018-01-01,1104,29,29,2018-01-04,2018-01-06,1,1,0.034482758620689655,1.0,24,False
WD_MERGE_2017-12-04---2018-01-01_duration_28_days_cluster_370_A0_000806_A_001014_lat_05081_lon_00198_size_0323,INTE1810998A__20180104__20180106,INTE1810998A,2017-12-04,2018-01-01,2018-01-04,2018-01-06,1,0,0,0,1,31.0,5.0,36.0,36,0,2017-12-04,2018-01-01,1104,29,29,2018-01-04,2018-01-06,1,1,0.034482758620689655,1.0,25,False
WD_MERGE_2017-12-04---2018-01-01_duration_28_days_cluster_370_A0_000806_A_001014_lat_05081_lon_00198_size_0323,INTE1818802A__20180105__20180107,INTE1818802A,2017-12-04,2018-01-01,2018-01-05,2018-01-07,1,0,0,0,1,32.0,6.0,38.0,38,0,2017-12-04,2018-01-01,1104,29,29,2018-01-05,2018-01-07,2,1,0.034482758620689655,1.0,26,False
WD_MERGE_2017-12-04---2018-01-01_duration_28_days_cluster_370_A0_000806_A_001014_lat_05081_lon_00198_size_0323,INTE1808306A__20180106__20180109,INTE1808306A,2017-12-04,2018-01-01,2018-01-06,2018-01-09,1,0,0,0,1,33.0,8.0,41.0,41,0,2017-12-04,2018-01-01,1104,29,29,2018-01-06,2018-01-09,1,1,0.034482758620689655,1.0,27,False
WD_MERGE_2017-12-04---2018-01-01_duration_28_days_cluster_370_A0_000806_A_001014_lat_05081_lon_00198_size_0323,INTE1818802A__20180107__20180108,INTE1818802A,2017-12-04,2018-01-01,2018-01-07,2018-01-08,1,0,0,0,1,34.0,7.0,41.0,41,0,2017-12-04,2018-01-01,1104,29,29,2018-01-07,2018-01-08,1,1,0.034482758620689655,1.0,28,False
WD_MERGE_2017-12-04---2018-01-01_duration_28_days_cluster_370_A0_000806_A_001014_lat_05081_lon_00198_size_0323,INTE1810998A__20180108__20180109,INTE1810998A,2017-12-04,2018-01-01,2018-01-08,2018-01-09,1,0,0,0,1,35.0,8.0,43.0,43,0,2017-12-04,2018-01-01,1104,29,29,2018-01-08,2018-01-09,1,1,0.034482758620689655,1.0,29,False
WD_MERGE_2017-12-04---2018-01-01_duration_28_days_cluster_370_A0_000806_A_001014_lat_05081_lon_00198_size_0323,INTE1917050A__20180105__20180205,INTE1917050A,2017-12-04,2018-01-01,2018-01-05,2018-02-05,1,0,0,0,1,32.0,35.0,67.0,67,0,2017-12-04,2018-01-01,1104,29,29,2018-01-05,2018-02-05,1,1,0.034482758620689655,1.0,30,False
WD_MERGE_2017-12-04---2018-01-01_duration_28_days_cluster_370_A0_000806_A_001014_lat_05081_lon_00198_size_0323,INTE2016904A__20180106__20180205,INTE2016904A,2017-12-04,2018-01-01,2018-01-06,2018-02-05,1,0,0,0,1,33.0,35.0,68.0,68,0,2017-12-04,2018-01-01,1104,29,29,2018-01-06,2018-02-05,1,1,0.034482758620689655,1.0,31,False
WD_MERGE_2017-12-04---2018-01-01_duration_28_days_cluster_370_A0_000806_A_001014_lat_05081_lon_00198_size_0323,INTE1813670A__20180106__20180218,INTE1813670A,2017-12-04,2018-01-01,2018-01-06,2018-02-18,1,0,0,0,1,33.0,48.0,81.0,81,0,2017-12-04,2018-01-01,1104,29,29,2018-01-06,2018-02-18,1,1,0.034482758620689655,1.0,32,False
WD_MERGE_2017-12-04---2018-01-01_duration_28_days_cluster_370_A0_000806_A_001014_lat_05081_lon_00198_size_0323,INTE1808306A__20171210__20171211,INTE1808306A,2017-12-04,2018-01-01,2017-12-10,2017-12-11,1,0,0,0,1,6.0,21.0,27.0,27,2,2017-12-04,2018-01-01,1104,29,29,2017-12-10,2017-12-11,3,2,0.034482758620689655,0.5,33,False
WD_MERGE_2017-12-04---2018-01-01_duration_28_days_cluster_370_A0_000806_A_001014_lat_05081_lon_00198_size_0323,INTE1808306A__20171211__20171211,INTE1808306A,2017-12-04,2018-01-01,2017-12-11,2017-12-11,1,0,0,0,1,7.0,21.0,28.0,28,1,2017-12-04,2018-01-01,1104,29,29,2017-12-11,2017-12-11,3,2,0.034482758620689655,0.5,34,False
WD_MERGE_2017-12-04---2018-01-01_duration_28_days_cluster_370_A0_000806_A_001014_lat_05081_lon_00198_size_0323,INTE1813670A__20180103__20180104,INTE1813670A,2017-12-04,2018-01-01,2018-01-03,2018-01-04,1,0,0,0,1,30.0,3.0,33.0,33,0,2017-12-04,2018-01-01,1104,29,29,2018-01-03,2018-01-04,2,2,0.034482758620689655,0.5,35,False
WD_MERGE_2017-12-04---2018-01-01_duration_28_days_cluster_370_A0_000806_A_001014_lat_05081_lon_00198_size_0323,INTE1805267A__20180104__20180104,INTE1805267A,2017-12-04,2018-01-01,2018-01-04,2018-01-04,1,0,0,0,1,31.0,3.0,34.0,34,0,2017-12-04,2018-01-01,1104,29,29,2018-01-04,2018-01-04,19,2,0.034482758620689655,0.5,36,False
WD_MERGE_2017-12-04---2018-01-01_duration_28_days_cluster_370_A0_000806_A_001014_lat_05081_lon_00198_size_0323,INTE1802929A__20180103__20180105,INTE1802929A,2017-12-04,2018-01-01,2018-01-03,2018-01-05,1,0,0,0,1,30.0,4.0,34.0,34,0,2017-12-04,2018-01-01,1104,29,29,2018-01-03,2018-01-05,24,3,0.034482758620689655,0.3333333333333333,37,False
WD_MERGE_2017-12-04---2018-01-01_duration_28_days_cluster_370_A0_000806_A_001014_lat_05081_lon_00198_size_0323,INTE1806551A__20180103__20180105,INTE1806551A,2017-12-04,2018-01-01,2018-01-03,2018-01-05,1,0,0,0,1,30.0,4.0,34.0,34,0,2017-12-04,2018-01-01,1104,29,29,2018-01-03,2018-01-05,26,3,0.034482758620689655,0.3333333333333333,38,False
WD_MERGE_2017-12-04---2018-01-01_duration_28_days_cluster_370_A0_000806_A_001014_lat_05081_lon_00198_size_0323,INTE1806551A__20180104__20180105,INTE1806551A,2017-12-04,2018-01-01,2018-01-04,2018-01-05,1,0,0,0,1,31.0,4.0,35.0,35,0,2017-12-04,2018-01-01,1104,29,29,2018-01-04,2018-01-05,4,3,0.034482758620689655,0.3333333333333333,39,False
WD_MERGE_2018-01-01---2018-01-29_duration_28_days_cluster_351_A0_002080_A_002749_lat_04958_lon_00796_size_0325,INTE1831446A__20180101__20180131,INTE1831446A,2018-01-01,2018-01-29,2018-01-01,2018-01-31,1,0,1,0,1,0.0,2.0,2.0,2,29,2018-01-01,2018-01-29,2327,31,31,2018-01-01,2018-01-31,1,1,0.03225806451612903,1.0,11,False
WD_MERGE_2018-01-01---2018-01-29_duration_28_days_cluster_351_A0_002080_A_002749_lat_04958_lon_00796_size_0325,INTE1917050A__20180105__20180205,INTE1917050A,2018-01-01,2018-01-29,2018-01-05,2018-02-05,1,0,1,0,1,4.0,7.0,11.0,11,25,2018-01-01,2018-01-29,2327,31,31,2018-01-05,2018-02-05,1,1,0.03225806451612903,1.0,12,False
WD_MERGE_2018-01-01---2018-01-29_duration_28_days_cluster_351_A0_002080_A_002749_lat_04958_lon_00796_size_0325,INTE1808306A__20180118__20180126,INTE1808306A,2018-01-01,2018-01-29,2018-01-18,2018-01-26,1,0,0,0,1,17.0,3.0,20.0,20,9,2018-01-01,2018-01-29,2327,31,31,2018-01-18,2018-01-26,1,1,0.03225806451612903,1.0,13,False
WD_MERGE_2018-01-01---2018-01-29_duration_28_days_cluster_351_A0_002080_A_002749_lat_04958_lon_00796_size_0325,INTE1806551A__20180121__20180130,INTE1806551A,2018-01-01,2018-01-29,2018-01-21,2018-01-30,1,0,0,0,1,20.0,1.0,21.0,21,9,2018-01-01,2018-01-29,2327,31,31,2018-01-21,2018-01-30,32,1,0.03225806451612903,1.0,14,False
WD_MERGE_2018-01-01---2018-01-29_duration_28_days_cluster_351_A0_002080_A_002749_lat_04958_lon_00796_size_0325,INTE1917050A__20180121__20180131,INTE1917050A,2018-01-01,2018-01-29,2018-01-21,2018-01-31,1,0,0,0,1,20.0,2.0,22.0,22,9,2018-01-01,2018-01-29,2327,31,31,2018-01-21,2018-01-31,1,1,0.03225806451612903,1.0,15,False
WD_MERGE_2018-01-01---2018-01-29_duration_28_days_cluster_351_A0_002080_A_002749_lat_04958_lon_00796_size_0325,INTE1922702A__20180122__20180128,INTE1922702A,2018-01-01,2018-01-29,2018-01-22,2018-01-28,1,0,0,0,1,21.0,1.0,22.0,22,7,2018-01-01,2018-01-29,2327,31,31,2018-01-22,2018-01-28,1,1,0.03225806451612903,1.0,16,False
WD_MERGE_2018-01-01---2018-01-29_duration_28_days_cluster_351_A0_002080_A_002749_lat_04958_lon_00796_size_0325,INTE1808306A__20180104__20180108,INTE1808306A,2018-01-01,2018-01-29,2018-01-04,2018-01-08,1,0,0,0,1,3.0,21.0,24.0,24,5,2018-01-01,2018-01-29,2327,31,31,2018-01-04,2018-01-08,1,1,0.03225806451612903,1.0,17,False
WD_MERGE_2018-01-01---2018-01-29_duration_28_days_cluster_351_A0_002080_A_002749_lat_04958_lon_00796_size_0325,INTE1810998A__20180122__20180126,INTE1810998A,2018-01-01,2018-01-29,2018-01-22,2018-01-26,1,0,0,0,1,21.0,3.0,24.0,24,5,2018-01-01,2018-01-29,2327,31,31,2018-01-22,2018-01-26,1,1,0.03225806451612903,1.0,18,False
WD_MERGE_2018-01-01---2018-01-29_duration_28_days_cluster_351_A0_002080_A_002749_lat_04958_lon_00796_size_0325,INTE1917050A__20180122__20180126,INTE1917050A,2018-01-01,2018-01-29,2018-01-22,2018-01-26,1,0,0,0,1,21.0,3.0,24.0,24,5,2018-01-01,2018-01-29,2327,31,31,2018-01-22,2018-01-26,1,1,0.03225806451612903,1.0,19,False
WD_MERGE_2018-01-01---2018-01-29_duration_28_days_cluster_351_A0_002080_A_002749_lat_04958_lon_00796_size_0325,INTE2201262A__20180123__20180131,INTE2201262A,2018-01-01,2018-01-29,2018-01-23,2018-01-31,1,0,0,0,1,22.0,2.0,24.0,24,7,2018-01-01,2018-01-29,2327,31,31,2018-01-23,2018-01-31,1,1,0.03225806451612903,1.0,20,False
WD_MERGE_2018-01-01---2018-01-29_duration_28_days_cluster_351_A0_002080_A_002749_lat_04958_lon_00796_size_0325,INTE1808306A__20180106__20180109,INTE1808306A,2018-01-01,2018-01-29,2018-01-06,2018-01-09,1,0,0,0,1,5.0,20.0,25.0,25,4,2018-01-01,2018-01-29,2327,31,31,2018-01-06,2018-01-09,1,1,0.03225806451612903,1.0,21,False
WD_MERGE_2018-01-01---2018-01-29_duration_28_days_cluster_351_A0_002080_A_002749_lat_04958_lon_00796_size_0325,INTE1813670A__20180106__20180218,INTE1813670A,2018-01-01,2018-01-29,2018-01-06,2018-02-18,1,0,0,0,1,5.0,20.0,25.0,25,24,2018-01-01,2018-01-29,2327,31,31,2018-01-06,2018-02-18,1,1,0.03225806451612903,1.0,22,False
WD_MERGE_2018-01-01---2018-01-29_duration_28_days_cluster_351_A0_002080_A_002749_lat_04958_lon_00796_size_0325,INTE2027600A__20180122__20180125,INTE2027600A,2018-01-01,2018-01-29,2018-01-22,2018-01-25,1,0,0,0,1,21.0,4.0,25.0,25,4,2018-01-01,2018-01-29,2327,31,31,2018-01-22,2018-01-25,1,1,0.03225806451612903,1.0,23,False
WD_MERGE_2018-01-01---2018-01-29_duration_28_days_cluster_351_A0_002080_A_002749_lat_04958_lon_00796_size_0325,INTE1802929A__20180104__20180106,INTE1802929A,2018-01-01,2018-01-29,2018-01-04,2018-01-06,1,0,0,0,1,3.0,23.0,26.0,26,3,2018-01-01,2018-01-29,2327,31,31,2018-01-04,2018-01-06,5,1,0.03225806451612903,1.0,24,False
WD_MERGE_2018-01-01---2018-01-29_duration_28_days_cluster_351_A0_002080_A_002749_lat_04958_lon_00796_size_0325,INTE1808306A__20180102__20180104,INTE1808306A,2018-01-01,2018-01-29,2018-01-02,2018-01-04,1,0,0,0,1,1.0,25.0,26.0,26,3,2018-01-01,2018-01-29,2327,31,31,2018-01-02,2018-01-04,1,1,0.03225806451612903,1.0,25,False
WD_MERGE_2018-01-01---2018-01-29_duration_28_days_cluster_351_A0_002080_A_002749_lat_04958_lon_00796_size_0325,INTE1808306A__20180104__20180106,INTE1808306A,2018-01-01,2018-01-29,2018-01-04,2018-01-06,1,0,0,0,1,3.0,23.0,26.0,26,3,2018-01-01,2018-01-29,2327,31,31,2018-01-04,2018-01-06,1,1,0.03225806451612903,1.0,26,False
WD_MERGE_2018-01-01---2018-01-29_duration_28_days_cluster_351_A0_002080_A_002749_lat_04958_lon_00796_size_0325,INTE1810998A__20180103__20180105,INTE1810998A,2018-01-01,2018-01-29,2018-01-03,2018-01-05,1,0,0,0,1,2.0,24.0,26.0,26,3,2018-01-01,2018-01-29,2327,31,31,2018-01-03,2018-01-05,1,1,0.03225806451612903,1.0,27,False
WD_MERGE_2018-01-01---2018-01-29_duration_28_days_cluster_351_A0_002080_A_002749_lat_04958_lon_00796_size_0325,INTE1810998A__20180104__20180106,INTE1810998A,2018-01-01,2018-01-29,2018-01-04,2018-01-06,1,0,0,0,1,3.0,23.0,26.0,26,3,2018-01-01,2018-01-29,2327,31,31,2018-01-04,2018-01-06,1,1,0.03225806451612903,1.0,28,False
WD_MERGE_2018-01-01---2018-01-29_duration_28_days_cluster_351_A0_002080_A_002749_lat_04958_lon_00796_size_0325,INTE1810998A__20180125__20180127,INTE1810998A,2018-01-01,2018-01-29,2018-01-25,2018-01-27,1,0,0,0,1,24.0,2.0,26.0,26,3,2018-01-01,2018-01-29,2327,31,31,2018-01-25,2018-01-27,2,1,0.03225806451612903,1.0,29,False
WD_MERGE_2018-01-01---2018-01-29_duration_28_days_cluster_351_A0_002080_A_002749_lat_04958_lon_00796_size_0325,INTE1810998A__20180127__20180129,INTE1810998A,2018-01-01,2018-01-29,2018-01-27,2018-01-29,1,0,0,0,1,26.0,0.0,26.0,26,3,2018-01-01,2018-01-29,2327,31,31,2018-01-27,2018-01-29,10,1,0.03225806451612903,1.0,30,False
WD_MERGE_2018-01-01---2018-01-29_duration_28_days_cluster_351_A0_002080_A_002749_lat_04958_lon_00796_size_0325,INTE1813670A__20180122__20180124,INTE1813670A,2018-01-01,2018-01-29,2018-01-22,2018-01-24,1,0,0,0,1,21.0,5.0,26.0,26,3,2018-01-01,2018-01-29,2327,31,31,2018-01-22,2018-01-24,1,1,0.03225806451612903,1.0,31,False
WD_MERGE_2018-01-01---2018-01-29_duration_28_days_cluster_351_A0_002080_A_002749_lat_04958_lon_00796_size_0325,INTE1817087A__20180122__20180124,INTE1817087A,2018-01-01,2018-01-29,2018-01-22,2018-01-24,1,0,0,0,1,21.0,5.0,26.0,26,3,2018-01-01,2018-01-29,2327,31,31,2018-01-22,2018-01-24,1,1,0.03225806451612903,1.0,32,False
WD_MERGE_2018-01-01---2018-01-29_duration_28_days_cluster_351_A0_002080_A_002749_lat_04958_lon_00796_size_0325,INTE1817087A__20180126__20180128,INTE1817087A,2018-01-01,2018-01-29,2018-01-26,2018-01-28,1,0,0,0,1,25.0,1.0,26.0,26,3,2018-01-01,2018-01-29,2327,31,31,2018-01-26,2018-01-28,2,1,0.03225806451612903,1.0,33,False
WD_MERGE_2018-01-01---2018-01-29_duration_28_days_cluster_351_A0_002080_A_002749_lat_04958_lon_00796_size_0325,INTE1818802A__20180105__20180107,INTE1818802A,2018-01-01,2018-01-29,2018-01-05,2018-01-07,1,0,0,0,1,4.0,22.0,26.0,26,3,2018-01-01,2018-01-29,2327,31,31,2018-01-05,2018-01-07,2,1,0.03225806451612903,1.0,34,False
WD_MERGE_2018-01-01---2018-01-29_duration_28_days_cluster_351_A0_002080_A_002749_lat_04958_lon_00796_size_0325,INTE1818802A__20180121__20180123,INTE1818802A,2018-01-01,2018-01-29,2018-01-21,2018-01-23,1,0,0,0,1,20.0,6.0,26.0,26,3,2018-01-01,2018-01-29,2327,31,31,2018-01-21,2018-01-23,1,1,0.03225806451612903,1.0,35,False
WD_MERGE_2018-01-01---2018-01-29_duration_28_days_cluster_351_A0_002080_A_002749_lat_04958_lon_00796_size_0325,INTE1824833A__20180122__20180124,INTE1824833A,2018-01-01,2018-01-29,2018-01-22,2018-01-24,1,0,0,0,1,21.0,5.0,26.0,26,3,2018-01-01,2018-01-29,2327,31,31,2018-01-22,2018-01-24,1,1,0.03225806451612903,1.0,36,False
WD_MERGE_2018-01-01---2018-01-29_duration_28_days_cluster_351_A0_002080_A_002749_lat_04958_lon_00796_size_0325,INTE1824833A__20180127__20180129,INTE1824833A,2018-01-01,2018-01-29,2018-01-27,2018-01-29,1,0,0,0,1,26.0,0.0,26.0,26,3,2018-01-01,2018-01-29,2327,31,31,2018-01-27,2018-01-29,1,1,0.03225806451612903,1.0,37,False
WD_MERGE_2018-01-01---2018-01-29_duration_28_days_cluster_351_A0_002080_A_002749_lat_04958_lon_00796_size_0325,INTE1828404A__20180127__20180129,INTE1828404A,2018-01-01,2018-01-29,2018-01-27,2018-01-29,1,0,0,0,1,26.0,0.0,26.0,26,3,2018-01-01,2018-01-29,2327,31,31,2018-01-27,2018-01-29,2,1,0.03225806451612903,1.0,38,False
WD_MERGE_2018-01-01---2018-01-29_duration_28_days_cluster_351_A0_002080_A_002749_lat_04958_lon_00796_size_0325,INTE1831446A__20180103__20180105,INTE1831446A,2018-01-01,2018-01-29,2018-01-03,2018-01-05,1,0,0,0,1,2.0,24.0,26.0,26,3,2018-01-01,2018-01-29,2327,31,31,2018-01-03,2018-01-05,1,1,0.03225806451612903,1.0,39,False
WD_MERGE_2018-01-01---2018-01-29_duration_28_days_cluster_351_A0_002080_A_002749_lat_04958_lon_00796_size_0325,INTE1831446A__20180122__20180124,INTE1831446A,2018-01-01,2018-01-29,2018-01-22,2018-01-24,1,0,0,0,1,21.0,5.0,26.0,26,3,2018-01-01,2018-01-29,2327,31,31,2018-01-22,2018-01-24,1,1,0.03225806451612903,1.0,40,False
WD_MERGE_2018-01-01---2018-01-29_duration_28_days_cluster_351_A0_002080_A_002749_lat_04958_lon_00796_size_0325,INTE1831446A__20180126__20180128,INTE1831446A,2018-01-01,2018-01-29,2018-01-26,2018-01-28,1,0,0,0,1,25.0,1.0,26.0,26,3,2018-01-01,2018-01-29,2327,31,31,2018-01-26,2018-01-28,1,1,0.03225806451612903,1.0,41,False
WD_MERGE_2018-01-01---2018-01-29_duration_28_days_cluster_351_A0_002080_A_002749_lat_04958_lon_00796_size_0325,INTE1835008A__20180127__20180129,INTE1835008A,2018-01-01,2018-01-29,2018-01-27,2018-01-29,1,0,0,0,1,26.0,0.0,26.0,26,3,2018-01-01,2018-01-29,2327,31,31,2018-01-27,2018-01-29,1,1,0.03225806451612903,1.0,42,False
WD_MERGE_2018-01-01---2018-01-29_duration_28_days_cluster_351_A0_002080_A_002749_lat_04958_lon_00796_size_0325,INTE2101163A__20180124__20180201,INTE2101163A,2018-01-01,2018-01-29,2018-01-24,2018-02-01,1,0,0,0,1,23.0,3.0,26.0,26,6,2018-01-01,2018-01-29,2327,31,31,2018-01-24,2018-02-01,1,1,0.03225806451612903,1.0,43,False
WD_MERGE_2018-01-01---2018-01-29_duration_28_days_cluster_351_A0_002080_A_002749_lat_04958_lon_00796_size_0325,INTE1805267A__20180104__20180105,INTE1805267A,2018-01-01,2018-01-29,2018-01-04,2018-01-05,1,0,0,0,1,3.0,24.0,27.0,27,2,2018-01-01,2018-01-29,2327,31,31,2018-01-04,2018-01-05,1,1,0.03225806451612903,1.0,44,False
WD_MERGE_2018-01-01---2018-01-29_duration_28_days_cluster_351_A0_002080_A_002749_lat_04958_lon_00796_size_0325,INTE1810998A__20180103__20180104,INTE1810998A,2018-01-01,2018-01-29,2018-01-03,2018-01-04,1,0,0,0,1,2.0,25.0,27.0,27,2,2018-01-01,2018-01-29,2327,31,31,2018-01-03,2018-01-04,1,1,0.03225806451612903,1.0,45,False
WD_MERGE_2018-01-01---2018-01-29_duration_28_days_cluster_351_A0_002080_A_002749_lat_04958_lon_00796_size_0325,INTE1810998A__20180104__20180105,INTE1810998A,2018-01-01,2018-01-29,2018-01-04,2018-01-05,1,0,0,0,1,3.0,24.0,27.0,27,2,2018-01-01,2018-01-29,2327,31,31,2018-01-04,2018-01-05,1,1,0.03225806451612903,1.0,46,False
WD_MERGE_2018-01-01---2018-01-29_duration_28_days_cluster_351_A0_002080_A_002749_lat_04958_lon_00796_size_0325,INTE1810998A__20180108__20180109,INTE1810998A,2018-01-01,2018-01-29,2018-01-08,2018-01-09,1,0,0,0,1,7.0,20.0,27.0,27,2,2018-01-01,2018-01-29,2327,31,31,2018-01-08,2018-01-09,1,1,0.03225806451612903,1.0,47,False
WD_MERGE_2018-01-01---2018-01-29_duration_28_days_cluster_351_A0_002080_A_002749_lat_04958_lon_00796_size_0325,INTE1810998A__20180124__20180125,INTE1810998A,2018-01-01,2018-01-29,2018-01-24,2018-01-25,1,0,0,0,1,23.0,4.0,27.0,27,2,2018-01-01,2018-01-29,2327,31,31,2018-01-24,2018-01-25,1,1,0.03225806451612903,1.0,48,False
WD_MERGE_2018-01-01---2018-01-29_duration_28_days_cluster_351_A0_002080_A_002749_lat_04958_lon_00796_size_0325,INTE1810998A__20180127__20180128,INTE1810998A,2018-01-01,2018-01-29,2018-01-27,2018-01-28,1,0,0,0,1,26.0,1.0,27.0,27,2,2018-01-01,2018-01-29,2327,31,31,2018-01-27,2018-01-28,2,1,0.03225806451612903,1.0,49,False
WD_MERGE_2018-01-01---2018-01-29_duration_28_days_cluster_351_A0_002080_A_002749_lat_04958_lon_00796_size_0325,INTE1813670A__20180123__20180124,INTE1813670A,2018-01-01,2018-01-29,2018-01-23,2018-01-24,1,0,0,0,1,22.0,5.0,27.0,27,2,2018-01-01,2018-01-29,2327,31,31,2018-01-23,2018-01-24,1,1,0.03225806451612903,1.0,50,False
WD_MERGE_2018-01-01---2018-01-29_duration_28_days_cluster_351_A0_002080_A_002749_lat_04958_lon_00796_size_0325,INTE1818802A__20180104__20180105,INTE1818802A,2018-01-01,2018-01-29,2018-01-04,2018-01-05,1,0,0,0,1,3.0,24.0,27.0,27,2,2018-01-01,2018-01-29,2327,31,31,2018-01-04,2018-01-05,1,1,0.03225806451612903,1.0,51,False
WD_MERGE_2018-01-01---2018-01-29_duration_28_days_cluster_351_A0_002080_A_002749_lat_04958_lon_00796_size_0325,INTE1818802A__20180107__20180108,INTE1818802A,2018-01-01,2018-01-29,2018-01-07,2018-01-08,1,0,0,0,1,6.0,21.0,27.0,27,2,2018-01-01,2018-01-29,2327,31,31,2018-01-07,2018-01-08,1,1,0.03225806451612903,1.0,52,False
WD_MERGE_2018-01-01---2018-01-29_duration_28_days_cluster_351_A0_002080_A_002749_lat_04958_lon_00796_size_0325,INTE1824833A__20180124__20180125,INTE1824833A,2018-01-01,2018-01-29,2018-01-24,2018-01-25,1,0,0,0,1,23.0,4.0,27.0,27,2,2018-01-01,2018-01-29,2327,31,31,2018-01-24,2018-01-25,1,1,0.03225806451612903,1.0,53,False
WD_MERGE_2018-01-01---2018-01-29_duration_28_days_cluster_351_A0_002080_A_002749_lat_04958_lon_00796_size_0325,INTE1824833A__20180125__20180126,INTE1824833A,2018-01-01,2018-01-29,2018-01-25,2018-01-26,1,0,0,0,1,24.0,3.0,27.0,27,2,2018-01-01,2018-01-29,2327,31,31,2018-01-25,2018-01-26,1,1,0.03225806451612903,1.0,54,False
WD_MERGE_2018-01-01---2018-01-29_duration_28_days_cluster_351_A0_002080_A_002749_lat_04958_lon_00796_size_0325,INTE1831446A__20180123__20180124,INTE1831446A,2018-01-01,2018-01-29,2018-01-23,2018-01-24,1,0,0,0,1,22.0,5.0,27.0,27,2,2018-01-01,2018-01-29,2327,31,31,2018-01-23,2018-01-24,1,1,0.03225806451612903,1.0,55,False
WD_MERGE_2018-01-01---2018-01-29_duration_28_days_cluster_351_A0_002080_A_002749_lat_04958_lon_00796_size_0325,INTE1928835A__20180121__20180205,INTE1928835A,2018-01-01,2018-01-29,2018-01-21,2018-02-05,1,0,0,0,1,20.0,7.0,27.0,27,9,2018-01-01,2018-01-29,2327,31,31,2018-01-21,2018-02-05,1,1,0.03225806451612903,1.0,56,False
WD_MERGE_2018-01-01---2018-01-29_duration_28_days_cluster_351_A0_002080_A_002749_lat_04958_lon_00796_size_0325,INTE2010310A__20180123__20180124,INTE2010310A,2018-01-01,2018-01-29,2018-01-23,2018-01-24,1,0,0,0,1,22.0,5.0,27.0,27,2,2018-01-01,2018-01-29,2327,31,31,2018-01-23,2018-01-24,1,1,0.03225806451612903,1.0,57,False
WD_MERGE_2018-01-01---2018-01-29_duration_28_days_cluster_351_A0_002080_A_002749_lat_04958_lon_00796_size_0325,INTE1804348A__20180105__20180105,INTE1804348A,2018-01-01,2018-01-29,2018-01-05,2018-01-05,1,0,0,0,1,4.0,24.0,28.0,28,1,2018-01-01,2018-01-29,2327,31,31,2018-01-05,2018-01-05,1,1,0.03225806451612903,1.0,58,False
WD_MERGE_2018-01-01---2018-01-29_duration_28_days_cluster_351_A0_002080_A_002749_lat_04958_lon_00796_size_0325,INTE1805267A__20180105__20180105,INTE1805267A,2018-01-01,2018-01-29,2018-01-05,2018-01-05,1,0,0,0,1,4.0,24.0,28.0,28,1,2018-01-01,2018-01-29,2327,31,31,2018-01-05,2018-01-05,3,1,0.03225806451612903,1.0,59,False
WD_MERGE_2018-01-01---2018-01-29_duration_28_days_cluster_351_A0_002080_A_002749_lat_04958_lon_00796_size_0325,INTE1806551A__20180104__20180104,INTE1806551A,2018-01-01,2018-01-29,2018-01-04,2018-01-04,1,0,0,0,1,3.0,25.0,28.0,28,1,2018-01-01,2018-01-29,2327,31,31,2018-01-04,2018-01-04,1,1,0.03225806451612903,1.0,60,False
WD_MERGE_2018-01-01---2018-01-29_duration_28_days_cluster_351_A0_002080_A_002749_lat_04958_lon_00796_size_0325,INTE1810998A__20180118__20180118,INTE1810998A,2018-01-01,2018-01-29,2018-01-18,2018-01-18,1,0,0,0,1,17.0,11.0,28.0,28,1,2018-01-01,2018-01-29,2327,31,31,2018-01-18,2018-01-18,1,1,0.03225806451612903,1.0,61,False
WD_MERGE_2018-01-01---2018-01-29_duration_28_days_cluster_351_A0_002080_A_002749_lat_04958_lon_00796_size_0325,INTE1810998A__20180122__20180122,INTE1810998A,2018-01-01,2018-01-29,2018-01-22,2018-01-22,1,0,0,0,1,21.0,7.0,28.0,28,1,2018-01-01,2018-01-29,2327,31,31,2018-01-22,2018-01-22,1,1,0.03225806451612903,1.0,62,False
WD_MERGE_2018-01-01---2018-01-29_duration_28_days_cluster_351_A0_002080_A_002749_lat_04958_lon_00796_size_0325,INTE1817087A__20180118__20180118,INTE1817087A,2018-01-01,2018-01-29,2018-01-18,2018-01-18,1,0,0,0,1,17.0,11.0,28.0,28,1,2018-01-01,2018-01-29,2327,31,31,2018-01-18,2018-01-18,1,1,0.03225806451612903,1.0,63,False
WD_MERGE_2018-01-01---2018-01-29_duration_28_days_cluster_351_A0_002080_A_002749_lat_04958_lon_00796_size_0325,INTE1820387A__20180128__20180128,INTE1820387A,2018-01-01,2018-01-29,2018-01-28,2018-01-28,1,0,0,0,1,27.0,1.0,28.0,28,1,2018-01-01,2018-01-29,2327,31,31,2018-01-28,2018-01-28,1,1,0.03225806451612903,1.0,64,False
WD_MERGE_2018-01-01---2018-01-29_duration_28_days_cluster_351_A0_002080_A_002749_lat_04958_lon_00796_size_0325,INTE1817087A__20180128__20180202,INTE1817087A,2018-01-01,2018-01-29,2018-01-28,2018-02-02,1,0,0,0,1,27.0,4.0,31.0,31,2,2018-01-01,2018-01-29,2327,31,31,2018-01-28,2018-02-02,3,1,0.03225806451612903,1.0,65,False
WD_MERGE_2018-01-01---2018-01-29_duration_28_days_cluster_351_A0_002080_A_002749_lat_04958_lon_00796_size_0325,INTE1907677A__20180115__20180215,INTE1907677A,2018-01-01,2018-01-29,2018-01-15,2018-02-15,1,0,0,0,1,14.0,17.0,31.0,31,15,2018-01-01,2018-01-29,2327,31,31,2018-01-15,2018-02-15,2,1,0.03225806451612903,1.0,66,False
WD_MERGE_2018-01-01---2018-01-29_duration_28_days_cluster_351_A0_002080_A_002749_lat_04958_lon_00796_size_0325,INTE1928835A__20180124__20180206,INTE1928835A,2018-01-01,2018-01-29,2018-01-24,2018-02-06,1,0,0,0,1,23.0,8.0,31.0,31,6,2018-01-01,2018-01-29,2327,31,31,2018-01-24,2018-02-06,1,1,0.03225806451612903,1.0,67,False
WD_MERGE_2018-01-01---2018-01-29_duration_28_days_cluster_351_A0_002080_A_002749_lat_04958_lon_00796_size_0325,INTE1935602A__20180115__20180215,INTE1935602A,2018-01-01,2018-01-29,2018-01-15,2018-02-15,1,0,0,0,1,14.0,17.0,31.0,31,15,2018-01-01,2018-01-29,2327,31,31,2018-01-15,2018-02-15,18,1,0.03225806451612903,1.0,68,False
WD_MERGE_2018-01-01---2018-01-29_duration_28_days_cluster_351_A0_002080_A_002749_lat_04958_lon_00796_size_0325,INTE2014521A__20180115__20180215,INTE2014521A,2018-01-01,2018-01-29,2018-01-15,2018-02-15,1,0,0,0,1,14.0,17.0,31.0,31,15,2018-01-01,2018-01-29,2327,31,31,2018-01-15,2018-02-15,5,1,0.03225806451612903,1.0,69,False
WD_MERGE_2018-01-01---2018-01-29_duration_28_days_cluster_351_A0_002080_A_002749_lat_04958_lon_00796_size_0325,INTE1810998A__20180126__20180205,INTE1810998A,2018-01-01,2018-01-29,2018-01-26,2018-02-05,1,0,0,0,1,25.0,7.0,32.0,32,4,2018-01-01,2018-01-29,2327,31,31,2018-01-26,2018-02-05,1,1,0.03225806451612903,1.0,70,False
WD_MERGE_2018-01-01---2018-01-29_duration_28_days_cluster_351_A0_002080_A_002749_lat_04958_lon_00796_size_0325,INTE1824833A__20180131__20180201,INTE1824833A,2018-01-01,2018-01-29,2018-01-31,2018-02-01,1,0,0,0,1,30.0,3.0,33.0,33,0,2018-01-01,2018-01-29,2327,31,31,2018-01-31,2018-02-01,1,1,0.03225806451612903,1.0,71,False
WD_MERGE_2018-01-01---2018-01-29_duration_28_days_cluster_351_A0_002080_A_002749_lat_04958_lon_00796_size_0325,INTE1810998A__20180203__20180205,INTE1810998A,2018-01-01,2018-01-29,2018-02-03,2018-02-05,1,0,0,0,1,33.0,7.0,40.0,40,0,2018-01-01,2018-01-29,2327,31,31,2018-02-03,2018-02-05,1,1,0.03225806451612903,1.0,72,False
WD_MERGE_2018-01-01---2018-01-29_duration_28_days_cluster_351_A0_002080_A_002749_lat_04958_lon_00796_size_0325,INTE1831446A__20180204__20180216,INTE1831446A,2018-01-01,2018-01-29,2018-02-04,2018-02-16,1,0,0,0,1,34.0,18.0,52.0,52,0,2018-01-01,2018-01-29,2327,31,31,2018-02-04,2018-02-16,1,1,0.03225806451612903,1.0,73,False
WD_MERGE_2018-01-01---2018-01-29_duration_28_days_cluster_351_A0_002080_A_002749_lat_04958_lon_00796_size_0325,INTE1810998A__20180121__20180123,INTE1810998A,2018-01-01,2018-01-29,2018-01-21,2018-01-23,1,0,0,0,1,20.0,6.0,26.0,26,3,2018-01-01,2018-01-29,2327,31,31,2018-01-21,2018-01-23,2,2,0.03225806451612903,0.5,74,False
WD_MERGE_2018-01-01---2018-01-29_duration_28_days_cluster_351_A0_002080_A_002749_lat_04958_lon_00796_size_0325,INTE1808306A__20180122__20180123,INTE1808306A,2018-01-01,2018-01-29,2018-01-22,2018-01-23,1,0,0,0,1,21.0,6.0,27.0,27,2,2018-01-01,2018-01-29,2327,31,31,2018-01-22,2018-01-23,3,2,0.03225806451612903,0.5,75,False
WD_MERGE_2018-01-01---2018-01-29_duration_28_days_cluster_351_A0_002080_A_002749_lat_04958_lon_00796_size_0325,INTE1805267A__20180104__20180104,INTE1805267A,2018-01-01,2018-01-29,2018-01-04,2018-01-04,1,0,0,0,1,3.0,25.0,28.0,28,1,2018-01-01,2018-01-29,2327,31,31,2018-01-04,2018-01-04,19,2,0.03225806451612903,0.5,76,False
WD_MERGE_2018-01-01---2018-01-29_duration_28_days_cluster_351_A0_002080_A_002749_lat_04958_lon_00796_size_0325,INTE1826529A__20180120__20180210,INTE1826529A,2018-01-01,2018-01-29,2018-01-20,2018-02-10,1,0,0,0,1,19.0,12.0,31.0,31,10,2018-01-01,2018-01-29,2327,31,31,2018-01-20,2018-02-10,63,2,0.03225806451612903,0.5,77,False
WD_MERGE_2018-01-01---2018-01-29_duration_28_days_cluster_351_A0_002080_A_002749_lat_04958_lon_00796_size_0325,INTE1802929A__20180103__20180105,INTE1802929A,2018-01-01,2018-01-29,2018-01-03,2018-01-05,1,0,0,0,1,2.0,24.0,26.0,26,3,2018-01-01,2018-01-29,2327,31,31,2018-01-03,2018-01-05,24,3,0.03225806451612903,0.3333333333333333,78,False
WD_MERGE_2018-01-01---2018-01-29_duration_28_days_cluster_351_A0_002080_A_002749_lat_04958_lon_00796_size_0325,INTE1806551A__20180103__20180105,INTE1806551A,2018-01-01,2018-01-29,2018-01-03,2018-01-05,1,0,0,0,1,2.0,24.0,26.0,26,3,2018-01-01,2018-01-29,2327,31,31,2018-01-03,2018-01-05,26,3,0.03225806451612903,0.3333333333333333,79,False
WD_MERGE_2018-01-01---2018-01-29_duration_28_days_cluster_351_A0_002080_A_002749_lat_04958_lon_00796_size_0325,INTE1806551A__20180104__20180105,INTE1806551A,2018-01-01,2018-01-29,2018-01-04,2018-01-05,1,0,0,0,1,3.0,24.0,27.0,27,2,2018-01-01,2018-01-29,2327,31,31,2018-01-04,2018-01-05,4,3,0.03225806451612903,0.3333333333333333,80,False
WD_MERGE_2018-01-01---2018-01-29_duration_28_days_cluster_349_A0_000442_A_000522_lat_04875_lon_-0083_size_0117,INTE2016904A__20180106__20180205,INTE2016904A,2018-01-01,2018-01-29,2018-01-06,2018-02-05,1,0,1,0,1,5.0,7.0,12.0,12,24,2018-01-01,2018-01-29,822,32,32,2018-01-06,2018-02-05,1,1,0.03125,1.0,7,False
WD_MERGE_2018-01-01---2018-01-29_duration_28_days_cluster_349_A0_000442_A_000522_lat_04875_lon_-0083_size_0117,INTE1835008A__20180115__20180205,INTE1835008A,2018-01-01,2018-01-29,2018-01-15,2018-02-05,1,0,0,0,1,14.0,7.0,21.0,21,15,2018-01-01,2018-01-29,822,32,32,2018-01-15,2018-02-05,1,1,0.03125,1.0,8,False
WD_MERGE_2020-02-10---2020-04-13_duration_63_days_cluster_376_A0_002105_A_002662_lat_05130_lon_-0049_size_0424,INTE2014521A__20200209__20200323,INTE2014521A,2020-02-10,2020-04-13,2020-02-09,2020-03-23,1,0,0,0,1,1.0,21.0,22.0,22,43,2020-02-10,2020-04-13,1557,32,32,2020-02-09,2020-03-23,1,1,0.03125,1.0,2,False
WD_MERGE_2018-01-01---2018-01-29_duration_28_days_cluster_349_A0_000442_A_000522_lat_04875_lon_-0083_size_0117,INTE1808306A__20180103__20180105,INTE1808306A,2018-01-01,2018-01-29,2018-01-03,2018-01-05,1,0,0,0,1,2.0,24.0,26.0,26,3,2018-01-01,2018-01-29,822,32,32,2018-01-03,2018-01-05,2,1,0.03125,1.0,9,False
WD_MERGE_2018-01-01---2018-01-29_duration_28_days_cluster_349_A0_000442_A_000522_lat_04875_lon_-0083_size_0117,INTE1813670A__20180103__20180105,INTE1813670A,2018-01-01,2018-01-29,2018-01-03,2018-01-05,1,0,0,0,1,2.0,24.0,26.0,26,3,2018-01-01,2018-01-29,822,32,32,2018-01-03,2018-01-05,1,1,0.03125,1.0,10,False
WD_MERGE_2018-01-01---2018-01-29_duration_28_days_cluster_349_A0_000442_A_000522_lat_04875_lon_-0083_size_0117,INTE1818802A__20180122__20180124,INTE1818802A,2018-01-01,2018-01-29,2018-01-22,2018-01-24,1,0,0,0,1,21.0,5.0,26.0,26,3,2018-01-01,2018-01-29,822,32,32,2018-01-22,2018-01-24,1,1,0.03125,1.0,11,False
WD_MERGE_2018-01-01---2018-01-29_duration_28_days_cluster_349_A0_000442_A_000522_lat_04875_lon_-0083_size_0117,INTE1806551A__20180122__20180123,INTE1806551A,2018-01-01,2018-01-29,2018-01-22,2018-01-23,1,0,0,0,1,21.0,6.0,27.0,27,2,2018-01-01,2018-01-29,822,32,32,2018-01-22,2018-01-23,2,1,0.03125,1.0,12,False
WD_MERGE_2018-01-01---2018-01-29_duration_28_days_cluster_349_A0_000442_A_000522_lat_04875_lon_-0083_size_0117,INTE1810998A__20180122__20180204,INTE1810998A,2018-01-01,2018-01-29,2018-01-22,2018-02-04,1,0,0,0,1,21.0,6.0,27.0,27,8,2018-01-01,2018-01-29,822,32,32,2018-01-22,2018-02-04,10,1,0.03125,1.0,13,False
WD_MERGE_2018-01-01---2018-01-29_duration_28_days_cluster_349_A0_000442_A_000522_lat_04875_lon_-0083_size_0117,INTE1813670A__20180122__20180123,INTE1813670A,2018-01-01,2018-01-29,2018-01-22,2018-01-23,1,0,0,0,1,21.0,6.0,27.0,27,2,2018-01-01,2018-01-29,822,32,32,2018-01-22,2018-01-23,1,1,0.03125,1.0,14,False
WD_MERGE_2018-01-01---2018-01-29_duration_28_days_cluster_349_A0_000442_A_000522_lat_04875_lon_-0083_size_0117,INTE1813670A__20180123__20180124,INTE1813670A,2018-01-01,2018-01-29,2018-01-23,2018-01-24,1,0,0,0,1,22.0,5.0,27.0,27,2,2018-01-01,2018-01-29,822,32,32,2018-01-23,2018-01-24,1,1,0.03125,1.0,15,False
WD_MERGE_2018-01-01---2018-01-29_duration_28_days_cluster_349_A0_000442_A_000522_lat_04875_lon_-0083_size_0117,INTE1831446A__20180102__20180103,INTE1831446A,2018-01-01,2018-01-29,2018-01-02,2018-01-03,1,0,0,0,1,1.0,26.0,27.0,27,2,2018-01-01,2018-01-29,822,32,32,2018-01-02,2018-01-03,1,1,0.03125,1.0,16,False
WD_MERGE_2018-01-01---2018-01-29_duration_28_days_cluster_349_A0_000442_A_000522_lat_04875_lon_-0083_size_0117,INTE1806551A__20180103__20180103,INTE1806551A,2018-01-01,2018-01-29,2018-01-03,2018-01-03,1,0,0,0,1,2.0,26.0,28.0,28,1,2018-01-01,2018-01-29,822,32,32,2018-01-03,2018-01-03,2,1,0.03125,1.0,17,False
WD_MERGE_2018-01-01---2018-01-29_duration_28_days_cluster_349_A0_000442_A_000522_lat_04875_lon_-0083_size_0117,INTE1808306A__20180122__20180122,INTE1808306A,2018-01-01,2018-01-29,2018-01-22,2018-01-22,1,0,0,0,1,21.0,7.0,28.0,28,1,2018-01-01,2018-01-29,822,32,32,2018-01-22,2018-01-22,6,1,0.03125,1.0,18,False
WD_MERGE_2018-01-01---2018-01-29_duration_28_days_cluster_349_A0_000442_A_000522_lat_04875_lon_-0083_size_0117,INTE1813670A__20180103__20180103,INTE1813670A,2018-01-01,2018-01-29,2018-01-03,2018-01-03,1,0,0,0,1,2.0,26.0,28.0,28,1,2018-01-01,2018-01-29,822,32,32,2018-01-03,2018-01-03,2,1,0.03125,1.0,19,False
WD_MERGE_2018-01-01---2018-01-29_duration_28_days_cluster_349_A0_000442_A_000522_lat_04875_lon_-0083_size_0117,INTE1813670A__20180122__20180122,INTE1813670A,2018-01-01,2018-01-29,2018-01-22,2018-01-22,1,0,0,0,1,21.0,7.0,28.0,28,1,2018-01-01,2018-01-29,822,32,32,2018-01-22,2018-01-22,2,1,0.03125,1.0,20,False
WD_MERGE_2018-01-01---2018-01-29_duration_28_days_cluster_349_A0_000442_A_000522_lat_04875_lon_-0083_size_0117,INTE1818802A__20180104__20180104,INTE1818802A,2018-01-01,2018-01-29,2018-01-04,2018-01-04,1,0,0,0,1,3.0,25.0,28.0,28,1,2018-01-01,2018-01-29,822,32,32,2018-01-04,2018-01-04,1,1,0.03125,1.0,21,False
WD_MERGE_2018-01-01---2018-01-29_duration_28_days_cluster_349_A0_000442_A_000522_lat_04875_lon_-0083_size_0117,INTE1914145A__20180103__20180103,INTE1914145A,2018-01-01,2018-01-29,2018-01-03,2018-01-03,1,0,0,0,1,2.0,26.0,28.0,28,1,2018-01-01,2018-01-29,822,32,32,2018-01-03,2018-01-03,1,1,0.03125,1.0,22,False
WD_MERGE_2018-01-01---2018-01-29_duration_28_days_cluster_349_A0_000442_A_000522_lat_04875_lon_-0083_size_0117,INTE1813670A__20180129__20180131,INTE1813670A,2018-01-01,2018-01-29,2018-01-29,2018-01-31,1,0,0,0,1,28.0,2.0,30.0,30,1,2018-01-01,2018-01-29,822,32,32,2018-01-29,2018-01-31,1,1,0.03125,1.0,23,False
WD_MERGE_2018-01-01---2018-01-29_duration_28_days_cluster_349_A0_000442_A_000522_lat_04875_lon_-0083_size_0117,INTE1810998A__20180122__20180209,INTE1810998A,2018-01-01,2018-01-29,2018-01-22,2018-02-09,1,0,0,0,1,21.0,11.0,32.0,32,8,2018-01-01,2018-01-29,822,32,32,2018-01-22,2018-02-09,1,1,0.03125,1.0,24,False
WD_MERGE_2018-01-01---2018-01-29_duration_28_days_cluster_349_A0_000442_A_000522_lat_04875_lon_-0083_size_0117,INTE1922702A__20180130__20180202,INTE1922702A,2018-01-01,2018-01-29,2018-01-30,2018-02-02,1,0,0,0,1,29.0,4.0,33.0,33,0,2018-01-01,2018-01-29,822,32,32,2018-01-30,2018-02-02,1,1,0.03125,1.0,25,False
WD_MERGE_2018-01-01---2018-01-29_duration_28_days_cluster_349_A0_000442_A_000522_lat_04875_lon_-0083_size_0117,INTE1835008A__20180131__20180202,INTE1835008A,2018-01-01,2018-01-29,2018-01-31,2018-02-02,1,0,0,0,1,30.0,4.0,34.0,34,0,2018-01-01,2018-01-29,822,32,32,2018-01-31,2018-02-02,1,1,0.03125,1.0,26,False
WD_MERGE_2018-01-01---2018-01-29_duration_28_days_cluster_349_A0_000442_A_000522_lat_04875_lon_-0083_size_0117,INTE1835008A__20180130__20180204,INTE1835008A,2018-01-01,2018-01-29,2018-01-30,2018-02-04,1,0,0,0,1,29.0,6.0,35.0,35,0,2018-01-01,2018-01-29,822,32,32,2018-01-30,2018-02-04,2,1,0.03125,1.0,27,False
WD_MERGE_2018-01-01---2018-01-29_duration_28_days_cluster_349_A0_000442_A_000522_lat_04875_lon_-0083_size_0117,INTE1835008A__20180131__20180205,INTE1835008A,2018-01-01,2018-01-29,2018-01-31,2018-02-05,1,0,0,0,1,30.0,7.0,37.0,37,0,2018-01-01,2018-01-29,822,32,32,2018-01-31,2018-02-05,1,1,0.03125,1.0,28,False
WD_MERGE_2018-01-01---2018-01-29_duration_28_days_cluster_349_A0_000442_A_000522_lat_04875_lon_-0083_size_0117,INTE1835008A__20180131__20180206,INTE1835008A,2018-01-01,2018-01-29,2018-01-31,2018-02-06,1,0,0,0,1,30.0,8.0,38.0,38,0,2018-01-01,2018-01-29,822,32,32,2018-01-31,2018-02-06,1,1,0.03125,1.0,29,False
WD_MERGE_2019-11-18---2020-01-06_duration_42_days_cluster_353_A0_000853_A_001110_lat_04494_lon_-0368_size_0472,IOME2304949A__20191123__20191204,IOME2304949A,2019-11-18,2020-01-06,2019-11-23,2019-12-04,1,0,0,0,1,5.0,33.0,38.0,38,12,2019-11-18,2020-01-06,1086,32,32,2019-11-23,2019-12-04,1,1,0.03125,1.0,11,False
WD_MERGE_2018-01-01---2018-01-29_duration_28_days_cluster_349_A0_000442_A_000522_lat_04875_lon_-0083_size_0117,INTE1835008A__20180201__20180206,INTE1835008A,2018-01-01,2018-01-29,2018-02-01,2018-02-06,1,0,0,0,1,31.0,8.0,39.0,39,0,2018-01-01,2018-01-29,822,32,32,2018-02-01,2018-02-06,1,1,0.03125,1.0,30,False
WD_MERGE_2019-11-18---2020-01-06_duration_42_days_cluster_353_A0_000853_A_001110_lat_04494_lon_-0368_size_0472,INTE2005870A__20191213__20191218,INTE2005870A,2019-11-18,2020-01-06,2019-12-13,2019-12-18,1,0,0,0,1,25.0,19.0,44.0,44,6,2019-11-18,2020-01-06,1086,32,32,2019-12-13,2019-12-18,1,1,0.03125,1.0,12,False
WD_MERGE_2019-11-18---2020-01-06_duration_42_days_cluster_353_A0_000853_A_001110_lat_04494_lon_-0368_size_0472,INTE2010310A__20191209__20191213,INTE2010310A,2019-11-18,2020-01-06,2019-12-09,2019-12-13,1,0,0,0,1,21.0,24.0,45.0,45,5,2019-11-18,2020-01-06,1086,32,32,2019-12-09,2019-12-13,1,1,0.03125,1.0,13,False
WD_MERGE_2019-11-18---2020-01-06_duration_42_days_cluster_353_A0_000853_A_001110_lat_04494_lon_-0368_size_0472,INTE2002329A__20191212__20191215,INTE2002329A,2019-11-18,2020-01-06,2019-12-12,2019-12-15,1,0,0,0,1,24.0,22.0,46.0,46,4,2019-11-18,2020-01-06,1086,32,32,2019-12-12,2019-12-15,1,1,0.03125,1.0,14,False
WD_MERGE_2019-11-18---2020-01-06_duration_42_days_cluster_353_A0_000853_A_001110_lat_04494_lon_-0368_size_0472,INTE2005870A__20191213__20191216,INTE2005870A,2019-11-18,2020-01-06,2019-12-13,2019-12-16,1,0,0,0,1,25.0,21.0,46.0,46,4,2019-11-18,2020-01-06,1086,32,32,2019-12-13,2019-12-16,2,1,0.03125,1.0,15,False
WD_MERGE_2019-11-18---2020-01-06_duration_42_days_cluster_353_A0_000853_A_001110_lat_04494_lon_-0368_size_0472,INTE2005870A__20191215__20191218,INTE2005870A,2019-11-18,2020-01-06,2019-12-15,2019-12-18,1,0,0,0,1,27.0,19.0,46.0,46,4,2019-11-18,2020-01-06,1086,32,32,2019-12-15,2019-12-18,1,1,0.03125,1.0,16,False
WD_MERGE_2019-11-18---2020-01-06_duration_42_days_cluster_353_A0_000853_A_001110_lat_04494_lon_-0368_size_0472,INTE2010310A__20191213__20191216,INTE2010310A,2019-11-18,2020-01-06,2019-12-13,2019-12-16,1,0,0,0,1,25.0,21.0,46.0,46,4,2019-11-18,2020-01-06,1086,32,32,2019-12-13,2019-12-16,1,1,0.03125,1.0,17,False
WD_MERGE_2019-11-18---2020-01-06_duration_42_days_cluster_353_A0_000853_A_001110_lat_04494_lon_-0368_size_0472,INTE2014521A__20191214__20191217,INTE2014521A,2019-11-18,2020-01-06,2019-12-14,2019-12-17,1,0,0,0,1,26.0,20.0,46.0,46,4,2019-11-18,2020-01-06,1086,32,32,2019-12-14,2019-12-17,1,1,0.03125,1.0,18,False
WD_MERGE_2019-11-18---2020-01-06_duration_42_days_cluster_353_A0_000853_A_001110_lat_04494_lon_-0368_size_0472,INTE1935602A__20191122__20191124,INTE1935602A,2019-11-18,2020-01-06,2019-11-22,2019-11-24,1,0,0,0,1,4.0,43.0,47.0,47,3,2019-11-18,2020-01-06,1086,32,32,2019-11-22,2019-11-24,3,1,0.03125,1.0,19,False
WD_MERGE_2019-11-18---2020-01-06_duration_42_days_cluster_353_A0_000853_A_001110_lat_04494_lon_-0368_size_0472,INTE2000953A__20191130__20191202,INTE2000953A,2019-11-18,2020-01-06,2019-11-30,2019-12-02,1,0,0,0,1,12.0,35.0,47.0,47,3,2019-11-18,2020-01-06,1086,32,32,2019-11-30,2019-12-02,1,1,0.03125,1.0,20,False
WD_MERGE_2019-11-18---2020-01-06_duration_42_days_cluster_353_A0_000853_A_001110_lat_04494_lon_-0368_size_0472,INTE2002329A__20191202__20191204,INTE2002329A,2019-11-18,2020-01-06,2019-12-02,2019-12-04,1,0,0,0,1,14.0,33.0,47.0,47,3,2019-11-18,2020-01-06,1086,32,32,2019-12-02,2019-12-04,5,1,0.03125,1.0,21,False
WD_MERGE_2019-11-18---2020-01-06_duration_42_days_cluster_353_A0_000853_A_001110_lat_04494_lon_-0368_size_0472,INTE2010310A__20191215__20191217,INTE2010310A,2019-11-18,2020-01-06,2019-12-15,2019-12-17,1,0,0,0,1,27.0,20.0,47.0,47,3,2019-11-18,2020-01-06,1086,32,32,2019-12-15,2019-12-17,14,1,0.03125,1.0,22,False
WD_MERGE_2019-11-18---2020-01-06_duration_42_days_cluster_353_A0_000853_A_001110_lat_04494_lon_-0368_size_0472,INTE2010310A__20191221__20191223,INTE2010310A,2019-11-18,2020-01-06,2019-12-21,2019-12-23,1,0,0,0,1,33.0,14.0,47.0,47,3,2019-11-18,2020-01-06,1086,32,32,2019-12-21,2019-12-23,1,1,0.03125,1.0,23,False
WD_MERGE_2019-11-18---2020-01-06_duration_42_days_cluster_353_A0_000853_A_001110_lat_04494_lon_-0368_size_0472,INTE2014521A__20191212__20191214,INTE2014521A,2019-11-18,2020-01-06,2019-12-12,2019-12-14,1,0,0,0,1,24.0,23.0,47.0,47,3,2019-11-18,2020-01-06,1086,32,32,2019-12-12,2019-12-14,2,1,0.03125,1.0,24,False
WD_MERGE_2019-11-18---2020-01-06_duration_42_days_cluster_353_A0_000853_A_001110_lat_04494_lon_-0368_size_0472,INTE2014521A__20191213__20191215,INTE2014521A,2019-11-18,2020-01-06,2019-12-13,2019-12-15,1,0,0,0,1,25.0,22.0,47.0,47,3,2019-11-18,2020-01-06,1086,32,32,2019-12-13,2019-12-15,1,1,0.03125,1.0,25,False
WD_MERGE_2019-11-18---2020-01-06_duration_42_days_cluster_353_A0_000853_A_001110_lat_04494_lon_-0368_size_0472,INTE2014521A__20191214__20191216,INTE2014521A,2019-11-18,2020-01-06,2019-12-14,2019-12-16,1,0,0,0,1,26.0,21.0,47.0,47,3,2019-11-18,2020-01-06,1086,32,32,2019-12-14,2019-12-16,1,1,0.03125,1.0,26,False
WD_MERGE_2019-11-18---2020-01-06_duration_42_days_cluster_353_A0_000853_A_001110_lat_04494_lon_-0368_size_0472,INTE2014521A__20191215__20191217,INTE2014521A,2019-11-18,2020-01-06,2019-12-15,2019-12-17,1,0,0,0,1,27.0,20.0,47.0,47,3,2019-11-18,2020-01-06,1086,32,32,2019-12-15,2019-12-17,1,1,0.03125,1.0,27,False
WD_MERGE_2019-11-18---2020-01-06_duration_42_days_cluster_353_A0_000853_A_001110_lat_04494_lon_-0368_size_0472,INTE2014521A__20191223__20191225,INTE2014521A,2019-11-18,2020-01-06,2019-12-23,2019-12-25,1,0,0,0,1,35.0,12.0,47.0,47,3,2019-11-18,2020-01-06,1086,32,32,2019-12-23,2019-12-25,1,1,0.03125,1.0,28,False
WD_MERGE_2019-11-18---2020-01-06_duration_42_days_cluster_353_A0_000853_A_001110_lat_04494_lon_-0368_size_0472,INTE2014521A__20191226__20191228,INTE2014521A,2019-11-18,2020-01-06,2019-12-26,2019-12-28,1,0,0,0,1,38.0,9.0,47.0,47,3,2019-11-18,2020-01-06,1086,32,32,2019-12-26,2019-12-28,1,1,0.03125,1.0,29,False
WD_MERGE_2019-11-18---2020-01-06_duration_42_days_cluster_353_A0_000853_A_001110_lat_04494_lon_-0368_size_0472,IOME2330890A__20191130__20191202,IOME2330890A,2019-11-18,2020-01-06,2019-11-30,2019-12-02,1,0,0,0,1,12.0,35.0,47.0,47,3,2019-11-18,2020-01-06,1086,32,32,2019-11-30,2019-12-02,1,1,0.03125,1.0,30,False
WD_MERGE_2019-11-18---2020-01-06_duration_42_days_cluster_353_A0_000853_A_001110_lat_04494_lon_-0368_size_0472,INTE1935602A__20191122__20191123,INTE1935602A,2019-11-18,2020-01-06,2019-11-22,2019-11-23,1,0,0,0,1,4.0,44.0,48.0,48,2,2019-11-18,2020-01-06,1086,32,32,2019-11-22,2019-11-23,1,1,0.03125,1.0,31,False
WD_MERGE_2019-11-18---2020-01-06_duration_42_days_cluster_353_A0_000853_A_001110_lat_04494_lon_-0368_size_0472,INTE1935602A__20191123__20191124,INTE1935602A,2019-11-18,2020-01-06,2019-11-23,2019-11-24,1,0,0,0,1,5.0,43.0,48.0,48,2,2019-11-18,2020-01-06,1086,32,32,2019-11-23,2019-11-24,5,1,0.03125,1.0,32,False
WD_MERGE_2019-11-18---2020-01-06_duration_42_days_cluster_353_A0_000853_A_001110_lat_04494_lon_-0368_size_0472,INTE2000953A__20191122__20191123,INTE2000953A,2019-11-18,2020-01-06,2019-11-22,2019-11-23,1,0,0,0,1,4.0,44.0,48.0,48,2,2019-11-18,2020-01-06,1086,32,32,2019-11-22,2019-11-23,3,1,0.03125,1.0,33,False
WD_MERGE_2019-11-18---2020-01-06_duration_42_days_cluster_353_A0_000853_A_001110_lat_04494_lon_-0368_size_0472,INTE2002329A__20191126__20191127,INTE2002329A,2019-11-18,2020-01-06,2019-11-26,2019-11-27,1,0,0,0,1,8.0,40.0,48.0,48,2,2019-11-18,2020-01-06,1086,32,32,2019-11-26,2019-11-27,1,1,0.03125,1.0,34,False
WD_MERGE_2019-11-18---2020-01-06_duration_42_days_cluster_353_A0_000853_A_001110_lat_04494_lon_-0368_size_0472,INTE2002329A__20191130__20191201,INTE2002329A,2019-11-18,2020-01-06,2019-11-30,2019-12-01,1,0,0,0,1,12.0,36.0,48.0,48,2,2019-11-18,2020-01-06,1086,32,32,2019-11-30,2019-12-01,1,1,0.03125,1.0,35,False
WD_MERGE_2019-11-18---2020-01-06_duration_42_days_cluster_353_A0_000853_A_001110_lat_04494_lon_-0368_size_0472,INTE2002329A__20191212__20191213,INTE2002329A,2019-11-18,2020-01-06,2019-12-12,2019-12-13,1,0,0,0,1,24.0,24.0,48.0,48,2,2019-11-18,2020-01-06,1086,32,32,2019-12-12,2019-12-13,2,1,0.03125,1.0,36,False
WD_MERGE_2019-11-18---2020-01-06_duration_42_days_cluster_353_A0_000853_A_001110_lat_04494_lon_-0368_size_0472,INTE2002329A__20191214__20191215,INTE2002329A,2019-11-18,2020-01-06,2019-12-14,2019-12-15,1,0,0,0,1,26.0,22.0,48.0,48,2,2019-11-18,2020-01-06,1086,32,32,2019-12-14,2019-12-15,1,1,0.03125,1.0,37,False
WD_MERGE_2019-11-18---2020-01-06_duration_42_days_cluster_353_A0_000853_A_001110_lat_04494_lon_-0368_size_0472,INTE2005870A__20191214__20191215,INTE2005870A,2019-11-18,2020-01-06,2019-12-14,2019-12-15,1,0,0,0,1,26.0,22.0,48.0,48,2,2019-11-18,2020-01-06,1086,32,32,2019-12-14,2019-12-15,1,1,0.03125,1.0,38,False
WD_MERGE_2019-11-18---2020-01-06_duration_42_days_cluster_353_A0_000853_A_001110_lat_04494_lon_-0368_size_0472,INTE2005870A__20191215__20191216,INTE2005870A,2019-11-18,2020-01-06,2019-12-15,2019-12-16,1,0,0,0,1,27.0,21.0,48.0,48,2,2019-11-18,2020-01-06,1086,32,32,2019-12-15,2019-12-16,1,1,0.03125,1.0,39,False
WD_MERGE_2019-11-18---2020-01-06_duration_42_days_cluster_353_A0_000853_A_001110_lat_04494_lon_-0368_size_0472,INTE2005870A__20191219__20191220,INTE2005870A,2019-11-18,2020-01-06,2019-12-19,2019-12-20,1,0,0,0,1,31.0,17.0,48.0,48,2,2019-11-18,2020-01-06,1086,32,32,2019-12-19,2019-12-20,1,1,0.03125,1.0,40,False
WD_MERGE_2019-11-18---2020-01-06_duration_42_days_cluster_353_A0_000853_A_001110_lat_04494_lon_-0368_size_0472,INTE2010310A__20191214__20191215,INTE2010310A,2019-11-18,2020-01-06,2019-12-14,2019-12-15,1,0,0,0,1,26.0,22.0,48.0,48,2,2019-11-18,2020-01-06,1086,32,32,2019-12-14,2019-12-15,2,1,0.03125,1.0,41,False
WD_MERGE_2019-11-18---2020-01-06_duration_42_days_cluster_353_A0_000853_A_001110_lat_04494_lon_-0368_size_0472,INTE2010310A__20191215__20191216,INTE2010310A,2019-11-18,2020-01-06,2019-12-15,2019-12-16,1,0,0,0,1,27.0,21.0,48.0,48,2,2019-11-18,2020-01-06,1086,32,32,2019-12-15,2019-12-16,1,1,0.03125,1.0,42,False
WD_MERGE_2019-11-18---2020-01-06_duration_42_days_cluster_353_A0_000853_A_001110_lat_04494_lon_-0368_size_0472,INTE2023938A__20191201__20191202,INTE2023938A,2019-11-18,2020-01-06,2019-12-01,2019-12-02,1,0,0,0,1,13.0,35.0,48.0,48,2,2019-11-18,2020-01-06,1086,32,32,2019-12-01,2019-12-02,1,1,0.03125,1.0,43,False
WD_MERGE_2019-11-18---2020-01-06_duration_42_days_cluster_353_A0_000853_A_001110_lat_04494_lon_-0368_size_0472,INTE2023938A__20191214__20191215,INTE2023938A,2019-11-18,2020-01-06,2019-12-14,2019-12-15,1,0,0,0,1,26.0,22.0,48.0,48,2,2019-11-18,2020-01-06,1086,32,32,2019-12-14,2019-12-15,1,1,0.03125,1.0,44,False
WD_MERGE_2019-11-18---2020-01-06_duration_42_days_cluster_353_A0_000853_A_001110_lat_04494_lon_-0368_size_0472,INTE1935602A__20191201__20191201,INTE1935602A,2019-11-18,2020-01-06,2019-12-01,2019-12-01,1,0,0,0,1,13.0,36.0,49.0,49,1,2019-11-18,2020-01-06,1086,32,32,2019-12-01,2019-12-01,1,1,0.03125,1.0,45,False
WD_MERGE_2019-11-18---2020-01-06_duration_42_days_cluster_353_A0_000853_A_001110_lat_04494_lon_-0368_size_0472,INTE2000953A__20191201__20191201,INTE2000953A,2019-11-18,2020-01-06,2019-12-01,2019-12-01,1,0,0,0,1,13.0,36.0,49.0,49,1,2019-11-18,2020-01-06,1086,32,32,2019-12-01,2019-12-01,4,1,0.03125,1.0,46,False
WD_MERGE_2019-11-18---2020-01-06_duration_42_days_cluster_353_A0_000853_A_001110_lat_04494_lon_-0368_size_0472,INTE2002329A__20191123__20191123,INTE2002329A,2019-11-18,2020-01-06,2019-11-23,2019-11-23,1,0,0,0,1,5.0,44.0,49.0,49,1,2019-11-18,2020-01-06,1086,32,32,2019-11-23,2019-11-23,1,1,0.03125,1.0,47,False
WD_MERGE_2019-11-18---2020-01-06_duration_42_days_cluster_353_A0_000853_A_001110_lat_04494_lon_-0368_size_0472,INTE2002329A__20191130__20191130,INTE2002329A,2019-11-18,2020-01-06,2019-11-30,2019-11-30,1,0,0,0,1,12.0,37.0,49.0,49,1,2019-11-18,2020-01-06,1086,32,32,2019-11-30,2019-11-30,1,1,0.03125,1.0,48,False
WD_MERGE_2019-11-18---2020-01-06_duration_42_days_cluster_353_A0_000853_A_001110_lat_04494_lon_-0368_size_0472,INTE2002329A__20191220__20191220,INTE2002329A,2019-11-18,2020-01-06,2019-12-20,2019-12-20,1,0,0,0,1,32.0,17.0,49.0,49,1,2019-11-18,2020-01-06,1086,32,32,2019-12-20,2019-12-20,1,1,0.03125,1.0,49,False
WD_MERGE_2019-11-18---2020-01-06_duration_42_days_cluster_353_A0_000853_A_001110_lat_04494_lon_-0368_size_0472,INTE2010310A__20191130__20191130,INTE2010310A,2019-11-18,2020-01-06,2019-11-30,2019-11-30,1,0,0,0,1,12.0,37.0,49.0,49,1,2019-11-18,2020-01-06,1086,32,32,2019-11-30,2019-11-30,2,1,0.03125,1.0,50,False
WD_MERGE_2019-11-18---2020-01-06_duration_42_days_cluster_353_A0_000853_A_001110_lat_04494_lon_-0368_size_0472,INTE2010310A__20191201__20191201,INTE2010310A,2019-11-18,2020-01-06,2019-12-01,2019-12-01,1,0,0,0,1,13.0,36.0,49.0,49,1,2019-11-18,2020-01-06,1086,32,32,2019-12-01,2019-12-01,1,1,0.03125,1.0,51,False
WD_MERGE_2019-11-18---2020-01-06_duration_42_days_cluster_353_A0_000853_A_001110_lat_04494_lon_-0368_size_0472,INTE2010310A__20191213__20191213,INTE2010310A,2019-11-18,2020-01-06,2019-12-13,2019-12-13,1,0,0,0,1,25.0,24.0,49.0,49,1,2019-11-18,2020-01-06,1086,32,32,2019-12-13,2019-12-13,1,1,0.03125,1.0,52,False
WD_MERGE_2019-11-18---2020-01-06_duration_42_days_cluster_353_A0_000853_A_001110_lat_04494_lon_-0368_size_0472,INTE2014521A__20191201__20191201,INTE2014521A,2019-11-18,2020-01-06,2019-12-01,2019-12-01,1,0,0,0,1,13.0,36.0,49.0,49,1,2019-11-18,2020-01-06,1086,32,32,2019-12-01,2019-12-01,1,1,0.03125,1.0,53,False
WD_MERGE_2019-11-18---2020-01-06_duration_42_days_cluster_353_A0_000853_A_001110_lat_04494_lon_-0368_size_0472,INTE2014521A__20191213__20191213,INTE2014521A,2019-11-18,2020-01-06,2019-12-13,2019-12-13,1,0,0,0,1,25.0,24.0,49.0,49,1,2019-11-18,2020-01-06,1086,32,32,2019-12-13,2019-12-13,2,1,0.03125,1.0,54,False
WD_MERGE_2020-02-10---2020-04-13_duration_63_days_cluster_376_A0_002105_A_002662_lat_05130_lon_-0049_size_0424,INTE2118484A__20200301__20200315,INTE2118484A,2020-02-10,2020-04-13,2020-03-01,2020-03-15,1,0,0,0,1,20.0,29.0,49.0,49,15,2020-02-10,2020-04-13,1557,32,32,2020-03-01,2020-03-15,1,1,0.03125,1.0,3,False
WD_MERGE_2019-11-18---2020-01-06_duration_42_days_cluster_353_A0_000853_A_001110_lat_04494_lon_-0368_size_0472,INTE2002329A__20191115__20191117,INTE2002329A,2019-11-18,2020-01-06,2019-11-15,2019-11-17,1,0,0,0,1,3.0,50.0,53.0,53,0,2019-11-18,2020-01-06,1086,32,32,2019-11-15,2019-11-17,2,1,0.03125,1.0,55,False
WD_MERGE_2019-11-18---2020-01-06_duration_42_days_cluster_353_A0_000853_A_001110_lat_04494_lon_-0368_size_0472,INTE2000953A__20191115__20191116,INTE2000953A,2019-11-18,2020-01-06,2019-11-15,2019-11-16,1,0,0,0,1,3.0,51.0,54.0,54,0,2019-11-18,2020-01-06,1086,32,32,2019-11-15,2019-11-16,1,1,0.03125,1.0,56,False
WD_MERGE_2019-11-18---2020-01-06_duration_42_days_cluster_353_A0_000853_A_001110_lat_04494_lon_-0368_size_0472,INTE2000953A__20191114__20191114,INTE2000953A,2019-11-18,2020-01-06,2019-11-14,2019-11-14,1,0,0,0,1,4.0,53.0,57.0,57,0,2019-11-18,2020-01-06,1086,32,32,2019-11-14,2019-11-14,1,1,0.03125,1.0,57,False
WD_MERGE_2020-02-10---2020-04-13_duration_63_days_cluster_376_A0_002105_A_002662_lat_05130_lon_-0049_size_0424,INTE2014521A__20200301__20200306,INTE2014521A,2020-02-10,2020-04-13,2020-03-01,2020-03-06,1,0,0,0,1,20.0,38.0,58.0,58,6,2020-02-10,2020-04-13,1557,32,32,2020-03-01,2020-03-06,1,1,0.03125,1.0,4,False
WD_MERGE_2020-02-10---2020-04-13_duration_63_days_cluster_376_A0_002105_A_002662_lat_05130_lon_-0049_size_0424,INTE2016904A__20200301__20200306,INTE2016904A,2020-02-10,2020-04-13,2020-03-01,2020-03-06,1,0,0,0,1,20.0,38.0,58.0,58,6,2020-02-10,2020-04-13,1557,32,32,2020-03-01,2020-03-06,1,1,0.03125,1.0,5,False
WD_MERGE_2020-02-10---2020-04-13_duration_63_days_cluster_376_A0_002105_A_002662_lat_05130_lon_-0049_size_0424,INTE2010310A__20200310__20200313,INTE2010310A,2020-02-10,2020-04-13,2020-03-10,2020-03-13,1,0,0,0,1,29.0,31.0,60.0,60,4,2020-02-10,2020-04-13,1557,32,32,2020-03-10,2020-03-13,1,1,0.03125,1.0,6,False
WD_MERGE_2020-02-10---2020-04-13_duration_63_days_cluster_376_A0_002105_A_002662_lat_05130_lon_-0049_size_0424,INTE2031566A__20200210__20200213,INTE2031566A,2020-02-10,2020-04-13,2020-02-10,2020-02-13,1,0,0,0,1,0.0,60.0,60.0,60,4,2020-02-10,2020-04-13,1557,32,32,2020-02-10,2020-02-13,1,1,0.03125,1.0,7,False
WD_MERGE_2020-02-10---2020-04-13_duration_63_days_cluster_376_A0_002105_A_002662_lat_05130_lon_-0049_size_0424,INTE2010310A__20200212__20200214,INTE2010310A,2020-02-10,2020-04-13,2020-02-12,2020-02-14,1,0,0,0,1,2.0,59.0,61.0,61,3,2020-02-10,2020-04-13,1557,32,32,2020-02-12,2020-02-14,2,1,0.03125,1.0,8,False
WD_MERGE_2020-02-10---2020-04-13_duration_63_days_cluster_376_A0_002105_A_002662_lat_05130_lon_-0049_size_0424,INTE2010310A__20200311__20200313,INTE2010310A,2020-02-10,2020-04-13,2020-03-11,2020-03-13,1,0,0,0,1,30.0,31.0,61.0,61,3,2020-02-10,2020-04-13,1557,32,32,2020-03-11,2020-03-13,3,1,0.03125,1.0,9,False
WD_MERGE_2020-02-10---2020-04-13_duration_63_days_cluster_376_A0_002105_A_002662_lat_05130_lon_-0049_size_0424,INTE2014521A__20200301__20200303,INTE2014521A,2020-02-10,2020-04-13,2020-03-01,2020-03-03,1,0,0,0,1,20.0,41.0,61.0,61,3,2020-02-10,2020-04-13,1557,32,32,2020-03-01,2020-03-03,1,1,0.03125,1.0,10,False
WD_MERGE_2020-02-10---2020-04-13_duration_63_days_cluster_376_A0_002105_A_002662_lat_05130_lon_-0049_size_0424,INTE2014521A__20200304__20200306,INTE2014521A,2020-02-10,2020-04-13,2020-03-04,2020-03-06,1,0,0,0,1,23.0,38.0,61.0,61,3,2020-02-10,2020-04-13,1557,32,32,2020-03-04,2020-03-06,1,1,0.03125,1.0,11,False
WD_MERGE_2020-02-10---2020-04-13_duration_63_days_cluster_376_A0_002105_A_002662_lat_05130_lon_-0049_size_0424,INTE2014521A__20200312__20200314,INTE2014521A,2020-02-10,2020-04-13,2020-03-12,2020-03-14,1,0,0,0,1,31.0,30.0,61.0,61,3,2020-02-10,2020-04-13,1557,32,32,2020-03-12,2020-03-14,1,1,0.03125,1.0,12,False
WD_MERGE_2020-02-10---2020-04-13_duration_63_days_cluster_376_A0_002105_A_002662_lat_05130_lon_-0049_size_0424,INTE2019260A__20200211__20200213,INTE2019260A,2020-02-10,2020-04-13,2020-02-11,2020-02-13,1,0,0,0,1,1.0,60.0,61.0,61,3,2020-02-10,2020-04-13,1557,32,32,2020-02-11,2020-02-13,1,1,0.03125,1.0,13,False
WD_MERGE_2020-02-10---2020-04-13_duration_63_days_cluster_376_A0_002105_A_002662_lat_05130_lon_-0049_size_0424,INTE2019260A__20200301__20200303,INTE2019260A,2020-02-10,2020-04-13,2020-03-01,2020-03-03,1,0,0,0,1,20.0,41.0,61.0,61,3,2020-02-10,2020-04-13,1557,32,32,2020-03-01,2020-03-03,1,1,0.03125,1.0,14,False
WD_MERGE_2020-02-10---2020-04-13_duration_63_days_cluster_376_A0_002105_A_002662_lat_05130_lon_-0049_size_0424,INTE2027600A__20200212__20200214,INTE2027600A,2020-02-10,2020-04-13,2020-02-12,2020-02-14,1,0,0,0,1,2.0,59.0,61.0,61,3,2020-02-10,2020-04-13,1557,32,32,2020-02-12,2020-02-14,1,1,0.03125,1.0,15,False
WD_MERGE_2020-02-10---2020-04-13_duration_63_days_cluster_376_A0_002105_A_002662_lat_05130_lon_-0049_size_0424,INTE2104714A__20200311__20200313,INTE2104714A,2020-02-10,2020-04-13,2020-03-11,2020-03-13,1,0,0,0,1,30.0,31.0,61.0,61,3,2020-02-10,2020-04-13,1557,32,32,2020-03-11,2020-03-13,2,1,0.03125,1.0,16,False
WD_MERGE_2020-02-10---2020-04-13_duration_63_days_cluster_376_A0_002105_A_002662_lat_05130_lon_-0049_size_0424,INTE2127287A__20200305__20200307,INTE2127287A,2020-02-10,2020-04-13,2020-03-05,2020-03-07,1,0,0,0,1,24.0,37.0,61.0,61,3,2020-02-10,2020-04-13,1557,32,32,2020-03-05,2020-03-07,1,1,0.03125,1.0,17,False
WD_MERGE_2020-02-10---2020-04-13_duration_63_days_cluster_376_A0_002105_A_002662_lat_05130_lon_-0049_size_0424,INTE2010310A__20200212__20200213,INTE2010310A,2020-02-10,2020-04-13,2020-02-12,2020-02-13,1,0,0,0,1,2.0,60.0,62.0,62,2,2020-02-10,2020-04-13,1557,32,32,2020-02-12,2020-02-13,2,1,0.03125,1.0,18,False
WD_MERGE_2020-02-10---2020-04-13_duration_63_days_cluster_376_A0_002105_A_002662_lat_05130_lon_-0049_size_0424,INTE2010310A__20200311__20200312,INTE2010310A,2020-02-10,2020-04-13,2020-03-11,2020-03-12,1,0,0,0,1,30.0,32.0,62.0,62,2,2020-02-10,2020-04-13,1557,32,32,2020-03-11,2020-03-12,2,1,0.03125,1.0,19,False
WD_MERGE_2020-02-10---2020-04-13_duration_63_days_cluster_376_A0_002105_A_002662_lat_05130_lon_-0049_size_0424,INTE2014521A__20200210__20200211,INTE2014521A,2020-02-10,2020-04-13,2020-02-10,2020-02-11,1,0,0,0,1,0.0,62.0,62.0,62,2,2020-02-10,2020-04-13,1557,32,32,2020-02-10,2020-02-11,1,1,0.03125,1.0,20,False
WD_MERGE_2020-02-10---2020-04-13_duration_63_days_cluster_376_A0_002105_A_002662_lat_05130_lon_-0049_size_0424,INTE2014521A__20200212__20200213,INTE2014521A,2020-02-10,2020-04-13,2020-02-12,2020-02-13,1,0,0,0,1,2.0,60.0,62.0,62,2,2020-02-10,2020-04-13,1557,32,32,2020-02-12,2020-02-13,1,1,0.03125,1.0,21,False
WD_MERGE_2020-02-10---2020-04-13_duration_63_days_cluster_376_A0_002105_A_002662_lat_05130_lon_-0049_size_0424,INTE2014521A__20200304__20200305,INTE2014521A,2020-02-10,2020-04-13,2020-03-04,2020-03-05,1,0,0,0,1,23.0,39.0,62.0,62,2,2020-02-10,2020-04-13,1557,32,32,2020-03-04,2020-03-05,1,1,0.03125,1.0,22,False
WD_MERGE_2020-02-10---2020-04-13_duration_63_days_cluster_376_A0_002105_A_002662_lat_05130_lon_-0049_size_0424,INTE2014521A__20200305__20200306,INTE2014521A,2020-02-10,2020-04-13,2020-03-05,2020-03-06,1,0,0,0,1,24.0,38.0,62.0,62,2,2020-02-10,2020-04-13,1557,32,32,2020-03-05,2020-03-06,2,1,0.03125,1.0,23,False
WD_MERGE_2020-02-10---2020-04-13_duration_63_days_cluster_376_A0_002105_A_002662_lat_05130_lon_-0049_size_0424,INTE2019260A__20200301__20200302,INTE2019260A,2020-02-10,2020-04-13,2020-03-01,2020-03-02,1,0,0,0,1,20.0,42.0,62.0,62,2,2020-02-10,2020-04-13,1557,32,32,2020-03-01,2020-03-02,1,1,0.03125,1.0,24,False
WD_MERGE_2020-02-10---2020-04-13_duration_63_days_cluster_376_A0_002105_A_002662_lat_05130_lon_-0049_size_0424,INTE2023938A__20200301__20200302,INTE2023938A,2020-02-10,2020-04-13,2020-03-01,2020-03-02,1,0,0,0,1,20.0,42.0,62.0,62,2,2020-02-10,2020-04-13,1557,32,32,2020-03-01,2020-03-02,1,1,0.03125,1.0,25,False
WD_MERGE_2020-02-10---2020-04-13_duration_63_days_cluster_376_A0_002105_A_002662_lat_05130_lon_-0049_size_0424,INTE2010310A__20200213__20200213,INTE2010310A,2020-02-10,2020-04-13,2020-02-13,2020-02-13,1,0,0,0,1,3.0,60.0,63.0,63,1,2020-02-10,2020-04-13,1557,32,32,2020-02-13,2020-02-13,4,1,0.03125,1.0,26,False
WD_MERGE_2020-02-10---2020-04-13_duration_63_days_cluster_376_A0_002105_A_002662_lat_05130_lon_-0049_size_0424,INTE2014521A__20200301__20200301,INTE2014521A,2020-02-10,2020-04-13,2020-03-01,2020-03-01,1,0,0,0,1,20.0,43.0,63.0,63,1,2020-02-10,2020-04-13,1557,32,32,2020-03-01,2020-03-01,9,1,0.03125,1.0,27,False
WD_MERGE_2020-02-10---2020-04-13_duration_63_days_cluster_376_A0_002105_A_002662_lat_05130_lon_-0049_size_0424,INTE2016904A__20200301__20200301,INTE2016904A,2020-02-10,2020-04-13,2020-03-01,2020-03-01,1,0,0,0,1,20.0,43.0,63.0,63,1,2020-02-10,2020-04-13,1557,32,32,2020-03-01,2020-03-01,3,1,0.03125,1.0,28,False
WD_MERGE_2020-02-10---2020-04-13_duration_63_days_cluster_376_A0_002105_A_002662_lat_05130_lon_-0049_size_0424,INTE2016904A__20200305__20200305,INTE2016904A,2020-02-10,2020-04-13,2020-03-05,2020-03-05,1,0,0,0,1,24.0,39.0,63.0,63,1,2020-02-10,2020-04-13,1557,32,32,2020-03-05,2020-03-05,1,1,0.03125,1.0,29,False
WD_MERGE_2020-02-10---2020-04-13_duration_63_days_cluster_376_A0_002105_A_002662_lat_05130_lon_-0049_size_0424,INTE2019260A__20200305__20200305,INTE2019260A,2020-02-10,2020-04-13,2020-03-05,2020-03-05,1,0,0,0,1,24.0,39.0,63.0,63,1,2020-02-10,2020-04-13,1557,32,32,2020-03-05,2020-03-05,1,1,0.03125,1.0,30,False
WD_MERGE_2020-02-10---2020-04-13_duration_63_days_cluster_376_A0_002105_A_002662_lat_05130_lon_-0049_size_0424,INTE2023938A__20200210__20200210,INTE2023938A,2020-02-10,2020-04-13,2020-02-10,2020-02-10,1,0,0,0,1,0.0,63.0,63.0,63,1,2020-02-10,2020-04-13,1557,32,32,2020-02-10,2020-02-10,1,1,0.03125,1.0,31,False
WD_MERGE_2020-02-10---2020-04-13_duration_63_days_cluster_376_A0_002105_A_002662_lat_05130_lon_-0049_size_0424,INTE2023938A__20200305__20200305,INTE2023938A,2020-02-10,2020-04-13,2020-03-05,2020-03-05,1,0,0,0,1,24.0,39.0,63.0,63,1,2020-02-10,2020-04-13,1557,32,32,2020-03-05,2020-03-05,2,1,0.03125,1.0,32,False
WD_MERGE_2020-02-10---2020-04-13_duration_63_days_cluster_376_A0_002105_A_002662_lat_05130_lon_-0049_size_0424,INTE2104714A__20200209__20200211,INTE2104714A,2020-02-10,2020-04-13,2020-02-09,2020-02-11,1,0,0,0,1,1.0,62.0,63.0,63,2,2020-02-10,2020-04-13,1557,32,32,2020-02-09,2020-02-11,1,1,0.03125,1.0,33,False
WD_MERGE_2020-02-10---2020-04-13_duration_63_days_cluster_376_A0_002105_A_002662_lat_05130_lon_-0049_size_0424,INTE2019260A__20200209__20200210,INTE2019260A,2020-02-10,2020-04-13,2020-02-09,2020-02-10,1,0,0,0,1,1.0,63.0,64.0,64,1,2020-02-10,2020-04-13,1557,32,32,2020-02-09,2020-02-10,1,1,0.03125,1.0,34,False
WD_MERGE_2020-02-10---2020-04-13_duration_63_days_cluster_376_A0_002105_A_002662_lat_05130_lon_-0049_size_0424,INTE2114774A__20200203__20200205,INTE2114774A,2020-02-10,2020-04-13,2020-02-03,2020-02-05,1,0,0,0,1,7.0,68.0,75.0,75,0,2020-02-10,2020-04-13,1557,32,32,2020-02-03,2020-02-05,1,1,0.03125,1.0,35,False
WD_MERGE_2020-02-10---2020-04-13_duration_63_days_cluster_376_A0_002105_A_002662_lat_05130_lon_-0049_size_0424,INTE2014521A__20200203__20200204,INTE2014521A,2020-02-10,2020-04-13,2020-02-03,2020-02-04,1,0,0,0,1,7.0,69.0,76.0,76,0,2020-02-10,2020-04-13,1557,32,32,2020-02-03,2020-02-04,3,1,0.03125,1.0,36,False
WD_MERGE_2020-02-10---2020-04-13_duration_63_days_cluster_376_A0_002105_A_002662_lat_05130_lon_-0049_size_0424,INTE2027600A__20200203__20200204,INTE2027600A,2020-02-10,2020-04-13,2020-02-03,2020-02-04,1,0,0,0,1,7.0,69.0,76.0,76,0,2020-02-10,2020-04-13,1557,32,32,2020-02-03,2020-02-04,1,1,0.03125,1.0,37,False
WD_MERGE_2020-02-10---2020-04-13_duration_63_days_cluster_376_A0_002105_A_002662_lat_05130_lon_-0049_size_0424,INTE2014521A__20200203__20200203,INTE2014521A,2020-02-10,2020-04-13,2020-02-03,2020-02-03,1,0,0,0,1,7.0,70.0,77.0,77,0,2020-02-10,2020-04-13,1557,32,32,2020-02-03,2020-02-03,1,1,0.03125,1.0,38,False
WD_MERGE_2020-02-10---2020-04-13_duration_63_days_cluster_376_A0_002105_A_002662_lat_05130_lon_-0049_size_0424,INTE2005870A__20200202__20200203,INTE2005870A,2020-02-10,2020-04-13,2020-02-02,2020-02-03,1,0,0,0,1,8.0,70.0,78.0,78,0,2020-02-10,2020-04-13,1557,32,32,2020-02-02,2020-02-03,2,1,0.03125,1.0,39,False
WD_MERGE_2020-02-10---2020-04-13_duration_63_days_cluster_376_A0_002105_A_002662_lat_05130_lon_-0049_size_0424,INTE2027600A__20200201__20200709,INTE2027600A,2020-02-10,2020-04-13,2020-02-01,2020-07-09,1,0,0,0,1,9.0,87.0,96.0,96,64,2020-02-10,2020-04-13,1557,32,32,2020-02-01,2020-07-09,1,1,0.03125,1.0,40,False
WD_MERGE_2018-01-01---2018-01-29_duration_28_days_cluster_349_A0_000442_A_000522_lat_04875_lon_-0083_size_0117,INTE1810998A__20180121__20180123,INTE1810998A,2018-01-01,2018-01-29,2018-01-21,2018-01-23,1,0,0,0,1,20.0,6.0,26.0,26,3,2018-01-01,2018-01-29,822,32,32,2018-01-21,2018-01-23,2,2,0.03125,0.5,31,False
WD_MERGE_2018-01-01---2018-01-29_duration_28_days_cluster_349_A0_000442_A_000522_lat_04875_lon_-0083_size_0117,INTE1808306A__20180122__20180123,INTE1808306A,2018-01-01,2018-01-29,2018-01-22,2018-01-23,1,0,0,0,1,21.0,6.0,27.0,27,2,2018-01-01,2018-01-29,822,32,32,2018-01-22,2018-01-23,3,2,0.03125,0.5,32,False
WD_MERGE_2018-01-01---2018-01-29_duration_28_days_cluster_349_A0_000442_A_000522_lat_04875_lon_-0083_size_0117,INTE1813670A__20180103__20180104,INTE1813670A,2018-01-01,2018-01-29,2018-01-03,2018-01-04,1,0,0,0,1,2.0,25.0,27.0,27,2,2018-01-01,2018-01-29,822,32,32,2018-01-03,2018-01-04,2,2,0.03125,0.5,33,False
WD_MERGE_2018-01-01---2018-01-29_duration_28_days_cluster_349_A0_000442_A_000522_lat_04875_lon_-0083_size_0117,INTE1826529A__20180120__20180210,INTE1826529A,2018-01-01,2018-01-29,2018-01-20,2018-02-10,1,0,0,0,1,19.0,12.0,31.0,31,10,2018-01-01,2018-01-29,822,32,32,2018-01-20,2018-02-10,63,2,0.03125,0.5,34,False
WD_MERGE_2019-11-18---2020-01-06_duration_42_days_cluster_353_A0_000853_A_001110_lat_04494_lon_-0368_size_0472,INTE2002329A__20191213__20191215,INTE2002329A,2019-11-18,2020-01-06,2019-12-13,2019-12-15,1,0,0,0,1,25.0,22.0,47.0,47,3,2019-11-18,2020-01-06,1086,32,32,2019-12-13,2019-12-15,3,2,0.03125,0.5,58,False
WD_MERGE_2019-11-18---2020-01-06_duration_42_days_cluster_353_A0_000853_A_001110_lat_04494_lon_-0368_size_0472,INTE2005870A__20191212__20191214,INTE2005870A,2019-11-18,2020-01-06,2019-12-12,2019-12-14,1,0,0,0,1,24.0,23.0,47.0,47,3,2019-11-18,2020-01-06,1086,32,32,2019-12-12,2019-12-14,4,2,0.03125,0.5,59,False
WD_MERGE_2019-11-18---2020-01-06_duration_42_days_cluster_353_A0_000853_A_001110_lat_04494_lon_-0368_size_0472,INTE2010310A__20191219__20191221,INTE2010310A,2019-11-18,2020-01-06,2019-12-19,2019-12-21,1,0,0,0,1,31.0,16.0,47.0,47,3,2019-11-18,2020-01-06,1086,32,32,2019-12-19,2019-12-21,2,2,0.03125,0.5,60,False
WD_MERGE_2019-11-18---2020-01-06_duration_42_days_cluster_353_A0_000853_A_001110_lat_04494_lon_-0368_size_0472,INTE1934128A__20191123__20191124,INTE1934128A,2019-11-18,2020-01-06,2019-11-23,2019-11-24,1,0,0,0,1,5.0,43.0,48.0,48,2,2019-11-18,2020-01-06,1086,32,32,2019-11-23,2019-11-24,148,2,0.03125,0.5,61,False
WD_MERGE_2019-11-18---2020-01-06_duration_42_days_cluster_353_A0_000853_A_001110_lat_04494_lon_-0368_size_0472,INTE2000953A__20191201__20191202,INTE2000953A,2019-11-18,2020-01-06,2019-12-01,2019-12-02,1,0,0,0,1,13.0,35.0,48.0,48,2,2019-11-18,2020-01-06,1086,32,32,2019-12-01,2019-12-02,8,2,0.03125,0.5,62,False
WD_MERGE_2019-11-18---2020-01-06_duration_42_days_cluster_353_A0_000853_A_001110_lat_04494_lon_-0368_size_0472,INTE2002329A__20191213__20191214,INTE2002329A,2019-11-18,2020-01-06,2019-12-13,2019-12-14,1,0,0,0,1,25.0,23.0,48.0,48,2,2019-11-18,2020-01-06,1086,32,32,2019-12-13,2019-12-14,4,2,0.03125,0.5,63,False
WD_MERGE_2019-11-18---2020-01-06_duration_42_days_cluster_353_A0_000853_A_001110_lat_04494_lon_-0368_size_0472,INTE2005870A__20191123__20191124,INTE2005870A,2019-11-18,2020-01-06,2019-11-23,2019-11-24,1,0,0,0,1,5.0,43.0,48.0,48,2,2019-11-18,2020-01-06,1086,32,32,2019-11-23,2019-11-24,4,2,0.03125,0.5,64,False
WD_MERGE_2019-11-18---2020-01-06_duration_42_days_cluster_353_A0_000853_A_001110_lat_04494_lon_-0368_size_0472,INTE2005870A__20191212__20191213,INTE2005870A,2019-11-18,2020-01-06,2019-12-12,2019-12-13,1,0,0,0,1,24.0,24.0,48.0,48,2,2019-11-18,2020-01-06,1086,32,32,2019-12-12,2019-12-13,4,2,0.03125,0.5,65,False
WD_MERGE_2019-11-18---2020-01-06_duration_42_days_cluster_353_A0_000853_A_001110_lat_04494_lon_-0368_size_0472,INTE2010310A__20191201__20191202,INTE2010310A,2019-11-18,2020-01-06,2019-12-01,2019-12-02,1,0,0,0,1,13.0,35.0,48.0,48,2,2019-11-18,2020-01-06,1086,32,32,2019-12-01,2019-12-02,3,2,0.03125,0.5,66,False
WD_MERGE_2019-11-18---2020-01-06_duration_42_days_cluster_353_A0_000853_A_001110_lat_04494_lon_-0368_size_0472,INTE2010310A__20191213__20191214,INTE2010310A,2019-11-18,2020-01-06,2019-12-13,2019-12-14,1,0,0,0,1,25.0,23.0,48.0,48,2,2019-11-18,2020-01-06,1086,32,32,2019-12-13,2019-12-14,3,2,0.03125,0.5,67,False
WD_MERGE_2019-11-18---2020-01-06_duration_42_days_cluster_353_A0_000853_A_001110_lat_04494_lon_-0368_size_0472,INTE2010310A__20191219__20191220,INTE2010310A,2019-11-18,2020-01-06,2019-12-19,2019-12-20,1,0,0,0,1,31.0,17.0,48.0,48,2,2019-11-18,2020-01-06,1086,32,32,2019-12-19,2019-12-20,2,2,0.03125,0.5,68,False
WD_MERGE_2019-11-18---2020-01-06_duration_42_days_cluster_353_A0_000853_A_001110_lat_04494_lon_-0368_size_0472,INTE2014521A__20191123__20191124,INTE2014521A,2019-11-18,2020-01-06,2019-11-23,2019-11-24,1,0,0,0,1,5.0,43.0,48.0,48,2,2019-11-18,2020-01-06,1086,32,32,2019-11-23,2019-11-24,2,2,0.03125,0.5,69,False
WD_MERGE_2019-11-18---2020-01-06_duration_42_days_cluster_353_A0_000853_A_001110_lat_04494_lon_-0368_size_0472,INTE2002329A__20191213__20191213,INTE2002329A,2019-11-18,2020-01-06,2019-12-13,2019-12-13,1,0,0,0,1,25.0,24.0,49.0,49,1,2019-11-18,2020-01-06,1086,32,32,2019-12-13,2019-12-13,4,2,0.03125,0.5,70,False
WD_MERGE_2018-01-01---2018-01-29_duration_28_days_cluster_349_A0_000442_A_000522_lat_04875_lon_-0083_size_0117,INTE1808306A__20180122__20180124,INTE1808306A,2018-01-01,2018-01-29,2018-01-22,2018-01-24,1,0,0,0,1,21.0,5.0,26.0,26,3,2018-01-01,2018-01-29,822,32,32,2018-01-22,2018-01-24,10,3,0.03125,0.3333333333333333,35,False
WD_MERGE_2019-11-18---2020-01-06_duration_42_days_cluster_353_A0_000853_A_001110_lat_04494_lon_-0368_size_0472,INTE2000953A__20191122__20191124,INTE2000953A,2019-11-18,2020-01-06,2019-11-22,2019-11-24,1,0,0,0,1,4.0,43.0,47.0,47,3,2019-11-18,2020-01-06,1086,32,32,2019-11-22,2019-11-24,9,3,0.03125,0.3333333333333333,71,False
WD_MERGE_2019-11-18---2020-01-06_duration_42_days_cluster_353_A0_000853_A_001110_lat_04494_lon_-0368_size_0472,INTE2002329A__20191122__20191124,INTE2002329A,2019-11-18,2020-01-06,2019-11-22,2019-11-24,1,0,0,0,1,4.0,43.0,47.0,47,3,2019-11-18,2020-01-06,1086,32,32,2019-11-22,2019-11-24,4,3,0.03125,0.3333333333333333,72,False
WD_MERGE_2019-11-18---2020-01-06_duration_42_days_cluster_353_A0_000853_A_001110_lat_04494_lon_-0368_size_0472,INTE2005870A__20191213__20191213,INTE2005870A,2019-11-18,2020-01-06,2019-12-13,2019-12-13,1,0,0,0,1,25.0,24.0,49.0,49,1,2019-11-18,2020-01-06,1086,32,32,2019-12-13,2019-12-13,5,3,0.03125,0.3333333333333333,73,False
WD_MERGE_2019-11-18---2020-01-06_duration_42_days_cluster_353_A0_000853_A_001110_lat_04494_lon_-0368_size_0472,INTE2005870A__20191220__20191220,INTE2005870A,2019-11-18,2020-01-06,2019-12-20,2019-12-20,1,0,0,0,1,32.0,17.0,49.0,49,1,2019-11-18,2020-01-06,1086,32,32,2019-12-20,2019-12-20,13,3,0.03125,0.3333333333333333,74,False
WD_MERGE_2019-11-18---2020-01-06_duration_42_days_cluster_353_A0_000853_A_001110_lat_04494_lon_-0368_size_0472,INTE2010310A__20191220__20191220,INTE2010310A,2019-11-18,2020-01-06,2019-12-20,2019-12-20,1,0,0,0,1,32.0,17.0,49.0,49,1,2019-11-18,2020-01-06,1086,32,32,2019-12-20,2019-12-20,8,3,0.03125,0.3333333333333333,75,False
WD_MERGE_2019-11-18---2020-01-06_duration_42_days_cluster_353_A0_000853_A_001110_lat_04494_lon_-0368_size_0472,INTE2000953A__20191123__20191124,INTE2000953A,2019-11-18,2020-01-06,2019-11-23,2019-11-24,1,0,0,0,1,5.0,43.0,48.0,48,2,2019-11-18,2020-01-06,1086,32,32,2019-11-23,2019-11-24,24,4,0.03125,0.25,76,False
WD_MERGE_2021-11-29---2022-01-03_duration_35_days_cluster_316_A0_000336_A_000413_lat_05065_lon_-0112_size_0274,IOME2235873A__20211128__20211130,IOME2235873A,2021-11-29,2022-01-03,2021-11-28,2021-11-30,1,0,0,0,1,1.0,34.0,35.0,35,2,2021-11-29,2022-01-03,534,33,33,2021-11-28,2021-11-30,1,1,0.030303030303030304,1.0,5,False
WD_MERGE_2019-11-04---2020-01-06_duration_56_days_cluster_351_A0_000915_A_001176_lat_04685_lon_00678_size_0668,IOME2304949A__20191123__20191204,IOME2304949A,2019-11-04,2020-01-06,2019-11-23,2019-12-04,1,0,0,0,1,19.0,33.0,52.0,52,12,2019-11-04,2020-01-06,686,33,33,2019-11-23,2019-12-04,1,1,0.030303030303030304,1.0,23,False
WD_MERGE_2019-11-04---2020-01-06_duration_56_days_cluster_351_A0_000915_A_001176_lat_04685_lon_00678_size_0668,INTE2010310A__20191213__20191216,INTE2010310A,2019-11-04,2020-01-06,2019-12-13,2019-12-16,1,0,0,0,1,39.0,21.0,60.0,60,4,2019-11-04,2020-01-06,686,33,33,2019-12-13,2019-12-16,1,1,0.030303030303030304,1.0,24,False
WD_MERGE_2019-11-04---2020-01-06_duration_56_days_cluster_351_A0_000915_A_001176_lat_04685_lon_00678_size_0668,INTE2010310A__20191220__20191223,INTE2010310A,2019-11-04,2020-01-06,2019-12-20,2019-12-23,1,0,0,0,1,46.0,14.0,60.0,60,4,2019-11-04,2020-01-06,686,33,33,2019-12-20,2019-12-23,1,1,0.030303030303030304,1.0,25,False
WD_MERGE_2019-11-04---2020-01-06_duration_56_days_cluster_351_A0_000915_A_001176_lat_04685_lon_00678_size_0668,INTE1935602A__20191122__20191124,INTE1935602A,2019-11-04,2020-01-06,2019-11-22,2019-11-24,1,0,0,0,1,18.0,43.0,61.0,61,3,2019-11-04,2020-01-06,686,33,33,2019-11-22,2019-11-24,3,1,0.030303030303030304,1.0,26,False
WD_MERGE_2019-11-04---2020-01-06_duration_56_days_cluster_351_A0_000915_A_001176_lat_04685_lon_00678_size_0668,INTE2000953A__20191130__20191202,INTE2000953A,2019-11-04,2020-01-06,2019-11-30,2019-12-02,1,0,0,0,1,26.0,35.0,61.0,61,3,2019-11-04,2020-01-06,686,33,33,2019-11-30,2019-12-02,1,1,0.030303030303030304,1.0,27,False
WD_MERGE_2019-11-04---2020-01-06_duration_56_days_cluster_351_A0_000915_A_001176_lat_04685_lon_00678_size_0668,INTE2002329A__20191115__20191117,INTE2002329A,2019-11-04,2020-01-06,2019-11-15,2019-11-17,1,0,0,0,1,11.0,50.0,61.0,61,3,2019-11-04,2020-01-06,686,33,33,2019-11-15,2019-11-17,2,1,0.030303030303030304,1.0,28,False
WD_MERGE_2019-11-04---2020-01-06_duration_56_days_cluster_351_A0_000915_A_001176_lat_04685_lon_00678_size_0668,INTE2002329A__20191202__20191204,INTE2002329A,2019-11-04,2020-01-06,2019-12-02,2019-12-04,1,0,0,0,1,28.0,33.0,61.0,61,3,2019-11-04,2020-01-06,686,33,33,2019-12-02,2019-12-04,5,1,0.030303030303030304,1.0,29,False
WD_MERGE_2019-11-04---2020-01-06_duration_56_days_cluster_351_A0_000915_A_001176_lat_04685_lon_00678_size_0668,INTE2005870A__20191122__20191124,INTE2005870A,2019-11-04,2020-01-06,2019-11-22,2019-11-24,1,0,0,0,1,18.0,43.0,61.0,61,3,2019-11-04,2020-01-06,686,33,33,2019-11-22,2019-11-24,3,1,0.030303030303030304,1.0,30,False
WD_MERGE_2019-11-04---2020-01-06_duration_56_days_cluster_351_A0_000915_A_001176_lat_04685_lon_00678_size_0668,INTE2005870A__20191130__20191202,INTE2005870A,2019-11-04,2020-01-06,2019-11-30,2019-12-02,1,0,0,0,1,26.0,35.0,61.0,61,3,2019-11-04,2020-01-06,686,33,33,2019-11-30,2019-12-02,1,1,0.030303030303030304,1.0,31,False
WD_MERGE_2019-11-04---2020-01-06_duration_56_days_cluster_351_A0_000915_A_001176_lat_04685_lon_00678_size_0668,INTE2010310A__20191130__20191202,INTE2010310A,2019-11-04,2020-01-06,2019-11-30,2019-12-02,1,0,0,0,1,26.0,35.0,61.0,61,3,2019-11-04,2020-01-06,686,33,33,2019-11-30,2019-12-02,1,1,0.030303030303030304,1.0,32,False
WD_MERGE_2019-11-04---2020-01-06_duration_56_days_cluster_351_A0_000915_A_001176_lat_04685_lon_00678_size_0668,INTE2010310A__20191221__20191223,INTE2010310A,2019-11-04,2020-01-06,2019-12-21,2019-12-23,1,0,0,0,1,47.0,14.0,61.0,61,3,2019-11-04,2020-01-06,686,33,33,2019-12-21,2019-12-23,1,1,0.030303030303030304,1.0,33,False
WD_MERGE_2019-11-04---2020-01-06_duration_56_days_cluster_351_A0_000915_A_001176_lat_04685_lon_00678_size_0668,INTE2014521A__20191223__20191225,INTE2014521A,2019-11-04,2020-01-06,2019-12-23,2019-12-25,1,0,0,0,1,49.0,12.0,61.0,61,3,2019-11-04,2020-01-06,686,33,33,2019-12-23,2019-12-25,1,1,0.030303030303030304,1.0,34,False
WD_MERGE_2019-11-04---2020-01-06_duration_56_days_cluster_351_A0_000915_A_001176_lat_04685_lon_00678_size_0668,INTE2014521A__20191226__20191228,INTE2014521A,2019-11-04,2020-01-06,2019-12-26,2019-12-28,1,0,0,0,1,52.0,9.0,61.0,61,3,2019-11-04,2020-01-06,686,33,33,2019-12-26,2019-12-28,1,1,0.030303030303030304,1.0,35,False
WD_MERGE_2019-11-04---2020-01-06_duration_56_days_cluster_351_A0_000915_A_001176_lat_04685_lon_00678_size_0668,IOME2304949A__20191122__20191124,IOME2304949A,2019-11-04,2020-01-06,2019-11-22,2019-11-24,1,0,0,0,1,18.0,43.0,61.0,61,3,2019-11-04,2020-01-06,686,33,33,2019-11-22,2019-11-24,1,1,0.030303030303030304,1.0,36,False
WD_MERGE_2019-11-04---2020-01-06_duration_56_days_cluster_351_A0_000915_A_001176_lat_04685_lon_00678_size_0668,IOME2330890A__20191130__20191202,IOME2330890A,2019-11-04,2020-01-06,2019-11-30,2019-12-02,1,0,0,0,1,26.0,35.0,61.0,61,3,2019-11-04,2020-01-06,686,33,33,2019-11-30,2019-12-02,1,1,0.030303030303030304,1.0,37,False
WD_MERGE_2019-11-04---2020-01-06_duration_56_days_cluster_351_A0_000915_A_001176_lat_04685_lon_00678_size_0668,INTE1935602A__20191122__20191123,INTE1935602A,2019-11-04,2020-01-06,2019-11-22,2019-11-23,1,0,0,0,1,18.0,44.0,62.0,62,2,2019-11-04,2020-01-06,686,33,33,2019-11-22,2019-11-23,1,1,0.030303030303030304,1.0,38,False
WD_MERGE_2019-11-04---2020-01-06_duration_56_days_cluster_351_A0_000915_A_001176_lat_04685_lon_00678_size_0668,INTE1935602A__20191123__20191124,INTE1935602A,2019-11-04,2020-01-06,2019-11-23,2019-11-24,1,0,0,0,1,19.0,43.0,62.0,62,2,2019-11-04,2020-01-06,686,33,33,2019-11-23,2019-11-24,5,1,0.030303030303030304,1.0,39,False
WD_MERGE_2019-11-04---2020-01-06_duration_56_days_cluster_351_A0_000915_A_001176_lat_04685_lon_00678_size_0668,INTE2000953A__20191115__20191116,INTE2000953A,2019-11-04,2020-01-06,2019-11-15,2019-11-16,1,0,0,0,1,11.0,51.0,62.0,62,2,2019-11-04,2020-01-06,686,33,33,2019-11-15,2019-11-16,1,1,0.030303030303030304,1.0,40,False
WD_MERGE_2019-11-04---2020-01-06_duration_56_days_cluster_351_A0_000915_A_001176_lat_04685_lon_00678_size_0668,INTE2000953A__20191122__20191123,INTE2000953A,2019-11-04,2020-01-06,2019-11-22,2019-11-23,1,0,0,0,1,18.0,44.0,62.0,62,2,2019-11-04,2020-01-06,686,33,33,2019-11-22,2019-11-23,3,1,0.030303030303030304,1.0,41,False
WD_MERGE_2019-11-04---2020-01-06_duration_56_days_cluster_351_A0_000915_A_001176_lat_04685_lon_00678_size_0668,INTE2002329A__20191107__20191108,INTE2002329A,2019-11-04,2020-01-06,2019-11-07,2019-11-08,1,0,0,0,1,3.0,59.0,62.0,62,2,2019-11-04,2020-01-06,686,33,33,2019-11-07,2019-11-08,1,1,0.030303030303030304,1.0,42,False
WD_MERGE_2019-11-04---2020-01-06_duration_56_days_cluster_351_A0_000915_A_001176_lat_04685_lon_00678_size_0668,INTE2002329A__20191126__20191127,INTE2002329A,2019-11-04,2020-01-06,2019-11-26,2019-11-27,1,0,0,0,1,22.0,40.0,62.0,62,2,2019-11-04,2020-01-06,686,33,33,2019-11-26,2019-11-27,1,1,0.030303030303030304,1.0,43,False
WD_MERGE_2019-11-04---2020-01-06_duration_56_days_cluster_351_A0_000915_A_001176_lat_04685_lon_00678_size_0668,INTE2002329A__20191130__20191201,INTE2002329A,2019-11-04,2020-01-06,2019-11-30,2019-12-01,1,0,0,0,1,26.0,36.0,62.0,62,2,2019-11-04,2020-01-06,686,33,33,2019-11-30,2019-12-01,1,1,0.030303030303030304,1.0,44,False
WD_MERGE_2019-11-04---2020-01-06_duration_56_days_cluster_351_A0_000915_A_001176_lat_04685_lon_00678_size_0668,INTE2005870A__20191219__20191220,INTE2005870A,2019-11-04,2020-01-06,2019-12-19,2019-12-20,1,0,0,0,1,45.0,17.0,62.0,62,2,2019-11-04,2020-01-06,686,33,33,2019-12-19,2019-12-20,1,1,0.030303030303030304,1.0,45,False
WD_MERGE_2019-11-04---2020-01-06_duration_56_days_cluster_351_A0_000915_A_001176_lat_04685_lon_00678_size_0668,INTE2010310A__20191130__20191201,INTE2010310A,2019-11-04,2020-01-06,2019-11-30,2019-12-01,1,0,0,0,1,26.0,36.0,62.0,62,2,2019-11-04,2020-01-06,686,33,33,2019-11-30,2019-12-01,2,1,0.030303030303030304,1.0,46,False
WD_MERGE_2019-11-04---2020-01-06_duration_56_days_cluster_351_A0_000915_A_001176_lat_04685_lon_00678_size_0668,INTE2010310A__20191220__20191221,INTE2010310A,2019-11-04,2020-01-06,2019-12-20,2019-12-21,1,0,0,0,1,46.0,16.0,62.0,62,2,2019-11-04,2020-01-06,686,33,33,2019-12-20,2019-12-21,2,1,0.030303030303030304,1.0,47,False
WD_MERGE_2019-11-04---2020-01-06_duration_56_days_cluster_351_A0_000915_A_001176_lat_04685_lon_00678_size_0668,INTE2023938A__20191201__20191202,INTE2023938A,2019-11-04,2020-01-06,2019-12-01,2019-12-02,1,0,0,0,1,27.0,35.0,62.0,62,2,2019-11-04,2020-01-06,686,33,33,2019-12-01,2019-12-02,1,1,0.030303030303030304,1.0,48,False
WD_MERGE_2019-11-04---2020-01-06_duration_56_days_cluster_351_A0_000915_A_001176_lat_04685_lon_00678_size_0668,INTE2023938A__20191214__20191215,INTE2023938A,2019-11-04,2020-01-06,2019-12-14,2019-12-15,1,0,0,0,1,40.0,22.0,62.0,62,2,2019-11-04,2020-01-06,686,33,33,2019-12-14,2019-12-15,1,1,0.030303030303030304,1.0,49,False
WD_MERGE_2019-11-04---2020-01-06_duration_56_days_cluster_351_A0_000915_A_001176_lat_04685_lon_00678_size_0668,INTE2023938A__20191220__20191221,INTE2023938A,2019-11-04,2020-01-06,2019-12-20,2019-12-21,1,0,0,0,1,46.0,16.0,62.0,62,2,2019-11-04,2020-01-06,686,33,33,2019-12-20,2019-12-21,1,1,0.030303030303030304,1.0,50,False
WD_MERGE_2019-11-04---2020-01-06_duration_56_days_cluster_351_A0_000915_A_001176_lat_04685_lon_00678_size_0668,INTE2031566A__20191123__20191124,INTE2031566A,2019-11-04,2020-01-06,2019-11-23,2019-11-24,1,0,0,0,1,19.0,43.0,62.0,62,2,2019-11-04,2020-01-06,686,33,33,2019-11-23,2019-11-24,1,1,0.030303030303030304,1.0,51,False
WD_MERGE_2019-11-04---2020-01-06_duration_56_days_cluster_351_A0_000915_A_001176_lat_04685_lon_00678_size_0668,INTE2031566A__20191220__20191221,INTE2031566A,2019-11-04,2020-01-06,2019-12-20,2019-12-21,1,0,0,0,1,46.0,16.0,62.0,62,2,2019-11-04,2020-01-06,686,33,33,2019-12-20,2019-12-21,1,1,0.030303030303030304,1.0,52,False
WD_MERGE_2019-11-04---2020-01-06_duration_56_days_cluster_351_A0_000915_A_001176_lat_04685_lon_00678_size_0668,INTE2034504A__20191123__20191124,INTE2034504A,2019-11-04,2020-01-06,2019-11-23,2019-11-24,1,0,0,0,1,19.0,43.0,62.0,62,2,2019-11-04,2020-01-06,686,33,33,2019-11-23,2019-11-24,1,1,0.030303030303030304,1.0,53,False
WD_MERGE_2019-11-04---2020-01-06_duration_56_days_cluster_351_A0_000915_A_001176_lat_04685_lon_00678_size_0668,INTE1935602A__20191109__20191109,INTE1935602A,2019-11-04,2020-01-06,2019-11-09,2019-11-09,1,0,0,0,1,5.0,58.0,63.0,63,1,2019-11-04,2020-01-06,686,33,33,2019-11-09,2019-11-09,2,1,0.030303030303030304,1.0,54,False
WD_MERGE_2019-11-04---2020-01-06_duration_56_days_cluster_351_A0_000915_A_001176_lat_04685_lon_00678_size_0668,INTE1935602A__20191201__20191201,INTE1935602A,2019-11-04,2020-01-06,2019-12-01,2019-12-01,1,0,0,0,1,27.0,36.0,63.0,63,1,2019-11-04,2020-01-06,686,33,33,2019-12-01,2019-12-01,1,1,0.030303030303030304,1.0,55,False
WD_MERGE_2019-11-04---2020-01-06_duration_56_days_cluster_351_A0_000915_A_001176_lat_04685_lon_00678_size_0668,INTE1935602A__20191202__20191202,INTE1935602A,2019-11-04,2020-01-06,2019-12-02,2019-12-02,1,0,0,0,1,28.0,35.0,63.0,63,1,2019-11-04,2020-01-06,686,33,33,2019-12-02,2019-12-02,1,1,0.030303030303030304,1.0,56,False
WD_MERGE_2019-11-04---2020-01-06_duration_56_days_cluster_351_A0_000915_A_001176_lat_04685_lon_00678_size_0668,INTE2000953A__20191105__20191105,INTE2000953A,2019-11-04,2020-01-06,2019-11-05,2019-11-05,1,0,0,0,1,1.0,62.0,63.0,63,1,2019-11-04,2020-01-06,686,33,33,2019-11-05,2019-11-05,2,1,0.030303030303030304,1.0,57,False
WD_MERGE_2019-11-04---2020-01-06_duration_56_days_cluster_351_A0_000915_A_001176_lat_04685_lon_00678_size_0668,INTE2000953A__20191114__20191114,INTE2000953A,2019-11-04,2020-01-06,2019-11-14,2019-11-14,1,0,0,0,1,10.0,53.0,63.0,63,1,2019-11-04,2020-01-06,686,33,33,2019-11-14,2019-11-14,1,1,0.030303030303030304,1.0,58,False
WD_MERGE_2019-11-04---2020-01-06_duration_56_days_cluster_351_A0_000915_A_001176_lat_04685_lon_00678_size_0668,INTE2000953A__20191201__20191201,INTE2000953A,2019-11-04,2020-01-06,2019-12-01,2019-12-01,1,0,0,0,1,27.0,36.0,63.0,63,1,2019-11-04,2020-01-06,686,33,33,2019-12-01,2019-12-01,4,1,0.030303030303030304,1.0,59,False
WD_MERGE_2019-11-04---2020-01-06_duration_56_days_cluster_351_A0_000915_A_001176_lat_04685_lon_00678_size_0668,INTE2002329A__20191122__20191122,INTE2002329A,2019-11-04,2020-01-06,2019-11-22,2019-11-22,1,0,0,0,1,18.0,45.0,63.0,63,1,2019-11-04,2020-01-06,686,33,33,2019-11-22,2019-11-22,1,1,0.030303030303030304,1.0,60,False
WD_MERGE_2019-11-04---2020-01-06_duration_56_days_cluster_351_A0_000915_A_001176_lat_04685_lon_00678_size_0668,INTE2002329A__20191123__20191123,INTE2002329A,2019-11-04,2020-01-06,2019-11-23,2019-11-23,1,0,0,0,1,19.0,44.0,63.0,63,1,2019-11-04,2020-01-06,686,33,33,2019-11-23,2019-11-23,1,1,0.030303030303030304,1.0,61,False
WD_MERGE_2019-11-04---2020-01-06_duration_56_days_cluster_351_A0_000915_A_001176_lat_04685_lon_00678_size_0668,INTE2002329A__20191130__20191130,INTE2002329A,2019-11-04,2020-01-06,2019-11-30,2019-11-30,1,0,0,0,1,26.0,37.0,63.0,63,1,2019-11-04,2020-01-06,686,33,33,2019-11-30,2019-11-30,1,1,0.030303030303030304,1.0,62,False
WD_MERGE_2019-11-04---2020-01-06_duration_56_days_cluster_351_A0_000915_A_001176_lat_04685_lon_00678_size_0668,INTE2002329A__20191220__20191220,INTE2002329A,2019-11-04,2020-01-06,2019-12-20,2019-12-20,1,0,0,0,1,46.0,17.0,63.0,63,1,2019-11-04,2020-01-06,686,33,33,2019-12-20,2019-12-20,1,1,0.030303030303030304,1.0,63,False
WD_MERGE_2019-11-04---2020-01-06_duration_56_days_cluster_351_A0_000915_A_001176_lat_04685_lon_00678_size_0668,INTE2005870A__20191105__20191105,INTE2005870A,2019-11-04,2020-01-06,2019-11-05,2019-11-05,1,0,0,0,1,1.0,62.0,63.0,63,1,2019-11-04,2020-01-06,686,33,33,2019-11-05,2019-11-05,1,1,0.030303030303030304,1.0,64,False
WD_MERGE_2019-11-04---2020-01-06_duration_56_days_cluster_351_A0_000915_A_001176_lat_04685_lon_00678_size_0668,INTE2010310A__20191130__20191130,INTE2010310A,2019-11-04,2020-01-06,2019-11-30,2019-11-30,1,0,0,0,1,26.0,37.0,63.0,63,1,2019-11-04,2020-01-06,686,33,33,2019-11-30,2019-11-30,2,1,0.030303030303030304,1.0,65,False
WD_MERGE_2019-11-04---2020-01-06_duration_56_days_cluster_351_A0_000915_A_001176_lat_04685_lon_00678_size_0668,INTE2010310A__20191201__20191201,INTE2010310A,2019-11-04,2020-01-06,2019-12-01,2019-12-01,1,0,0,0,1,27.0,36.0,63.0,63,1,2019-11-04,2020-01-06,686,33,33,2019-12-01,2019-12-01,1,1,0.030303030303030304,1.0,66,False
WD_MERGE_2019-11-04---2020-01-06_duration_56_days_cluster_351_A0_000915_A_001176_lat_04685_lon_00678_size_0668,INTE2014521A__20191201__20191201,INTE2014521A,2019-11-04,2020-01-06,2019-12-01,2019-12-01,1,0,0,0,1,27.0,36.0,63.0,63,1,2019-11-04,2020-01-06,686,33,33,2019-12-01,2019-12-01,1,1,0.030303030303030304,1.0,67,False
WD_MERGE_2019-11-04---2020-01-06_duration_56_days_cluster_351_A0_000915_A_001176_lat_04685_lon_00678_size_0668,INTE2005870A__20191103__20191104,INTE2005870A,2019-11-04,2020-01-06,2019-11-03,2019-11-04,1,0,0,0,1,1.0,63.0,64.0,64,1,2019-11-04,2020-01-06,686,33,33,2019-11-03,2019-11-04,1,1,0.030303030303030304,1.0,68,False
WD_MERGE_2019-11-04---2020-01-06_duration_56_days_cluster_351_A0_000915_A_001176_lat_04685_lon_00678_size_0668,INTE2010310A__20191103__20191104,INTE2010310A,2019-11-04,2020-01-06,2019-11-03,2019-11-04,1,0,0,0,1,1.0,63.0,64.0,64,1,2019-11-04,2020-01-06,686,33,33,2019-11-03,2019-11-04,2,1,0.030303030303030304,1.0,69,False
WD_MERGE_2019-11-04---2020-01-06_duration_56_days_cluster_351_A0_000915_A_001176_lat_04685_lon_00678_size_0668,INTE1935602A__20191103__20191103,INTE1935602A,2019-11-04,2020-01-06,2019-11-03,2019-11-03,1,0,0,0,1,1.0,64.0,65.0,65,0,2019-11-04,2020-01-06,686,33,33,2019-11-03,2019-11-03,1,1,0.030303030303030304,1.0,70,False
WD_MERGE_2019-11-04---2020-01-06_duration_56_days_cluster_351_A0_000915_A_001176_lat_04685_lon_00678_size_0668,INTE2002329A__20191103__20191103,INTE2002329A,2019-11-04,2020-01-06,2019-11-03,2019-11-03,1,0,0,0,1,1.0,64.0,65.0,65,0,2019-11-04,2020-01-06,686,33,33,2019-11-03,2019-11-03,1,1,0.030303030303030304,1.0,71,False
WD_MERGE_2019-11-04---2020-01-06_duration_56_days_cluster_351_A0_000915_A_001176_lat_04685_lon_00678_size_0668,INTE2005870A__20191103__20191103,INTE2005870A,2019-11-04,2020-01-06,2019-11-03,2019-11-03,1,0,0,0,1,1.0,64.0,65.0,65,0,2019-11-04,2020-01-06,686,33,33,2019-11-03,2019-11-03,3,1,0.030303030303030304,1.0,72,False
WD_MERGE_2019-11-04---2020-01-06_duration_56_days_cluster_351_A0_000915_A_001176_lat_04685_lon_00678_size_0668,INTE2014521A__20191103__20191103,INTE2014521A,2019-11-04,2020-01-06,2019-11-03,2019-11-03,1,0,0,0,1,1.0,64.0,65.0,65,0,2019-11-04,2020-01-06,686,33,33,2019-11-03,2019-11-03,1,1,0.030303030303030304,1.0,73,False
WD_MERGE_2019-11-04---2020-01-06_duration_56_days_cluster_351_A0_000915_A_001176_lat_04685_lon_00678_size_0668,INTE1935602A__20191102__20191103,INTE1935602A,2019-11-04,2020-01-06,2019-11-02,2019-11-03,1,0,0,0,1,2.0,64.0,66.0,66,0,2019-11-04,2020-01-06,686,33,33,2019-11-02,2019-11-03,8,1,0.030303030303030304,1.0,74,False
WD_MERGE_2019-11-04---2020-01-06_duration_56_days_cluster_351_A0_000915_A_001176_lat_04685_lon_00678_size_0668,INTE2002329A__20191102__20191103,INTE2002329A,2019-11-04,2020-01-06,2019-11-02,2019-11-03,1,0,0,0,1,2.0,64.0,66.0,66,0,2019-11-04,2020-01-06,686,33,33,2019-11-02,2019-11-03,1,1,0.030303030303030304,1.0,75,False
WD_MERGE_2019-11-04---2020-01-06_duration_56_days_cluster_351_A0_000915_A_001176_lat_04685_lon_00678_size_0668,INTE2005870A__20191102__20191103,INTE2005870A,2019-11-04,2020-01-06,2019-11-02,2019-11-03,1,0,0,0,1,2.0,64.0,66.0,66,0,2019-11-04,2020-01-06,686,33,33,2019-11-02,2019-11-03,6,1,0.030303030303030304,1.0,76,False
WD_MERGE_2019-11-04---2020-01-06_duration_56_days_cluster_351_A0_000915_A_001176_lat_04685_lon_00678_size_0668,INTE2010310A__20191102__20191103,INTE2010310A,2019-11-04,2020-01-06,2019-11-02,2019-11-03,1,0,0,0,1,2.0,64.0,66.0,66,0,2019-11-04,2020-01-06,686,33,33,2019-11-02,2019-11-03,2,1,0.030303030303030304,1.0,77,False
WD_MERGE_2019-11-04---2020-01-06_duration_56_days_cluster_351_A0_000915_A_001176_lat_04685_lon_00678_size_0668,INTE2023938A__20191102__20191103,INTE2023938A,2019-11-04,2020-01-06,2019-11-02,2019-11-03,1,0,0,0,1,2.0,64.0,66.0,66,0,2019-11-04,2020-01-06,686,33,33,2019-11-02,2019-11-03,1,1,0.030303030303030304,1.0,78,False
WD_MERGE_2019-11-04---2020-01-06_duration_56_days_cluster_351_A0_000915_A_001176_lat_04685_lon_00678_size_0668,INTE2034504A__20191102__20191103,INTE2034504A,2019-11-04,2020-01-06,2019-11-02,2019-11-03,1,0,0,0,1,2.0,64.0,66.0,66,0,2019-11-04,2020-01-06,686,33,33,2019-11-02,2019-11-03,1,1,0.030303030303030304,1.0,79,False
WD_MERGE_2019-11-04---2020-01-06_duration_56_days_cluster_351_A0_000915_A_001176_lat_04685_lon_00678_size_0668,INTE2023938A__20191031__20191031,INTE2023938A,2019-11-04,2020-01-06,2019-10-31,2019-10-31,1,0,0,0,1,4.0,67.0,71.0,71,0,2019-11-04,2020-01-06,686,33,33,2019-10-31,2019-10-31,1,1,0.030303030303030304,1.0,80,False
WD_MERGE_2019-11-04---2020-01-06_duration_56_days_cluster_351_A0_000915_A_001176_lat_04685_lon_00678_size_0668,INTE2005870A__20191220__20191222,INTE2005870A,2019-11-04,2020-01-06,2019-12-20,2019-12-22,1,0,0,0,1,46.0,15.0,61.0,61,3,2019-11-04,2020-01-06,686,33,33,2019-12-20,2019-12-22,2,2,0.030303030303030304,0.5,81,False
WD_MERGE_2019-11-04---2020-01-06_duration_56_days_cluster_351_A0_000915_A_001176_lat_04685_lon_00678_size_0668,INTE2010310A__20191214__20191216,INTE2010310A,2019-11-04,2020-01-06,2019-12-14,2019-12-16,1,0,0,0,1,40.0,21.0,61.0,61,3,2019-11-04,2020-01-06,686,33,33,2019-12-14,2019-12-16,4,2,0.030303030303030304,0.5,82,False
WD_MERGE_2019-11-04---2020-01-06_duration_56_days_cluster_351_A0_000915_A_001176_lat_04685_lon_00678_size_0668,INTE2010310A__20191220__20191222,INTE2010310A,2019-11-04,2020-01-06,2019-12-20,2019-12-22,1,0,0,0,1,46.0,15.0,61.0,61,3,2019-11-04,2020-01-06,686,33,33,2019-12-20,2019-12-22,3,2,0.030303030303030304,0.5,83,False
WD_MERGE_2019-11-04---2020-01-06_duration_56_days_cluster_351_A0_000915_A_001176_lat_04685_lon_00678_size_0668,INTE2000953A__20191124__20191124,INTE2000953A,2019-11-04,2020-01-06,2019-11-24,2019-11-24,1,0,0,0,1,20.0,43.0,63.0,63,1,2019-11-04,2020-01-06,686,33,33,2019-11-24,2019-11-24,2,2,0.030303030303030304,0.5,84,False
WD_MERGE_2024-02-05---2024-02-26_duration_21_days_cluster_342_A0_002659_A_002896_lat_05242_lon_01873_size_0503,IOME2420215A__20240220__20240226,IOME2420215A,2024-02-05,2024-02-26,2024-02-20,2024-02-26,1,0,0,0,1,15.0,0.0,15.0,15,7,2024-02-05,2024-02-26,772,35,35,2024-02-20,2024-02-26,1,1,0.02857142857142857,1.0,1,True
WD_MERGE_2024-02-05---2024-02-26_duration_21_days_cluster_342_A0_002659_A_002896_lat_05242_lon_01873_size_0503,INTE2424582A__20240221__20240224,INTE2424582A,2024-02-05,2024-02-26,2024-02-21,2024-02-24,1,0,0,0,1,16.0,2.0,18.0,18,4,2024-02-05,2024-02-26,772,35,35,2024-02-21,2024-02-24,1,1,0.02857142857142857,1.0,2,False
WD_MERGE_2024-02-05---2024-02-26_duration_21_days_cluster_342_A0_002659_A_002896_lat_05242_lon_01873_size_0503,IOME2415880A__20240222__20240225,IOME2415880A,2024-02-05,2024-02-26,2024-02-22,2024-02-25,1,0,0,0,1,17.0,1.0,18.0,18,4,2024-02-05,2024-02-26,772,35,35,2024-02-22,2024-02-25,1,1,0.02857142857142857,1.0,3,False
WD_MERGE_2024-02-05---2024-02-26_duration_21_days_cluster_342_A0_002659_A_002896_lat_05242_lon_01873_size_0503,IOME2420215A__20240209__20240211,IOME2420215A,2024-02-05,2024-02-26,2024-02-09,2024-02-11,1,0,0,0,1,4.0,15.0,19.0,19,3,2024-02-05,2024-02-26,772,35,35,2024-02-09,2024-02-11,1,1,0.02857142857142857,1.0,4,False
WD_MERGE_2024-02-05---2024-02-26_duration_21_days_cluster_342_A0_002659_A_002896_lat_05242_lon_01873_size_0503,IOME2420215A__20240221__20240223,IOME2420215A,2024-02-05,2024-02-26,2024-02-21,2024-02-23,1,0,0,0,1,16.0,3.0,19.0,19,3,2024-02-05,2024-02-26,772,35,35,2024-02-21,2024-02-23,1,1,0.02857142857142857,1.0,5,False
WD_MERGE_2024-02-05---2024-02-26_duration_21_days_cluster_342_A0_002659_A_002896_lat_05242_lon_01873_size_0503,IOME2421328A__20240209__20240211,IOME2421328A,2024-02-05,2024-02-26,2024-02-09,2024-02-11,1,0,0,0,1,4.0,15.0,19.0,19,3,2024-02-05,2024-02-26,772,35,35,2024-02-09,2024-02-11,1,1,0.02857142857142857,1.0,6,False
WD_MERGE_2024-02-05---2024-02-26_duration_21_days_cluster_342_A0_002659_A_002896_lat_05242_lon_01873_size_0503,INTE2424582A__20240220__20240221,INTE2424582A,2024-02-05,2024-02-26,2024-02-20,2024-02-21,1,0,0,0,1,15.0,5.0,20.0,20,2,2024-02-05,2024-02-26,772,35,35,2024-02-20,2024-02-21,1,1,0.02857142857142857,1.0,7,False
WD_MERGE_2024-02-05---2024-02-26_duration_21_days_cluster_342_A0_002659_A_002896_lat_05242_lon_01873_size_0503,INTE2433751A__20240221__20240222,INTE2433751A,2024-02-05,2024-02-26,2024-02-21,2024-02-22,1,0,0,0,1,16.0,4.0,20.0,20,2,2024-02-05,2024-02-26,772,35,35,2024-02-21,2024-02-22,1,1,0.02857142857142857,1.0,8,False
WD_MERGE_2024-02-05---2024-02-26_duration_21_days_cluster_342_A0_002659_A_002896_lat_05242_lon_01873_size_0503,INTE2514336A__20240220__20240221,INTE2514336A,2024-02-05,2024-02-26,2024-02-20,2024-02-21,1,0,0,0,1,15.0,5.0,20.0,20,2,2024-02-05,2024-02-26,772,35,35,2024-02-20,2024-02-21,1,1,0.02857142857142857,1.0,9,False
WD_MERGE_2024-02-05---2024-02-26_duration_21_days_cluster_342_A0_002659_A_002896_lat_05242_lon_01873_size_0503,IOME2410378A__20240223__20240224,IOME2410378A,2024-02-05,2024-02-26,2024-02-23,2024-02-24,1,0,0,0,1,18.0,2.0,20.0,20,2,2024-02-05,2024-02-26,772,35,35,2024-02-23,2024-02-24,1,1,0.02857142857142857,1.0,10,False
WD_MERGE_2024-02-05---2024-02-26_duration_21_days_cluster_342_A0_002659_A_002896_lat_05242_lon_01873_size_0503,IOME2410378A__20240225__20240226,IOME2410378A,2024-02-05,2024-02-26,2024-02-25,2024-02-26,1,0,0,0,1,20.0,0.0,20.0,20,2,2024-02-05,2024-02-26,772,35,35,2024-02-25,2024-02-26,1,1,0.02857142857142857,1.0,11,False
WD_MERGE_2024-02-05---2024-02-26_duration_21_days_cluster_342_A0_002659_A_002896_lat_05242_lon_01873_size_0503,IOME2411920A__20240210__20240211,IOME2411920A,2024-02-05,2024-02-26,2024-02-10,2024-02-11,1,0,0,0,1,5.0,15.0,20.0,20,2,2024-02-05,2024-02-26,772,35,35,2024-02-10,2024-02-11,3,1,0.02857142857142857,1.0,12,False
WD_MERGE_2024-02-05---2024-02-26_duration_21_days_cluster_342_A0_002659_A_002896_lat_05242_lon_01873_size_0503,IOME2413412A__20240222__20240223,IOME2413412A,2024-02-05,2024-02-26,2024-02-22,2024-02-23,1,0,0,0,1,17.0,3.0,20.0,20,2,2024-02-05,2024-02-26,772,35,35,2024-02-22,2024-02-23,1,1,0.02857142857142857,1.0,13,False
WD_MERGE_2024-02-05---2024-02-26_duration_21_days_cluster_342_A0_002659_A_002896_lat_05242_lon_01873_size_0503,IOME2415880A__20240222__20240223,IOME2415880A,2024-02-05,2024-02-26,2024-02-22,2024-02-23,1,0,0,0,1,17.0,3.0,20.0,20,2,2024-02-05,2024-02-26,772,35,35,2024-02-22,2024-02-23,1,1,0.02857142857142857,1.0,14,False
WD_MERGE_2024-02-05---2024-02-26_duration_21_days_cluster_342_A0_002659_A_002896_lat_05242_lon_01873_size_0503,IOME2421328A__20240209__20240210,IOME2421328A,2024-02-05,2024-02-26,2024-02-09,2024-02-10,1,0,0,0,1,4.0,16.0,20.0,20,2,2024-02-05,2024-02-26,772,35,35,2024-02-09,2024-02-10,2,1,0.02857142857142857,1.0,15,False
WD_MERGE_2024-02-05---2024-02-26_duration_21_days_cluster_342_A0_002659_A_002896_lat_05242_lon_01873_size_0503,INTE2433751A__20240225__20240225,INTE2433751A,2024-02-05,2024-02-26,2024-02-25,2024-02-25,1,0,0,0,1,20.0,1.0,21.0,21,1,2024-02-05,2024-02-26,772,35,35,2024-02-25,2024-02-25,1,1,0.02857142857142857,1.0,16,False
WD_MERGE_2024-02-05---2024-02-26_duration_21_days_cluster_342_A0_002659_A_002896_lat_05242_lon_01873_size_0503,IOME2410378A__20240222__20240222,IOME2410378A,2024-02-05,2024-02-26,2024-02-22,2024-02-22,1,0,0,0,1,17.0,4.0,21.0,21,1,2024-02-05,2024-02-26,772,35,35,2024-02-22,2024-02-22,2,1,0.02857142857142857,1.0,17,False
WD_MERGE_2024-02-05---2024-02-26_duration_21_days_cluster_342_A0_002659_A_002896_lat_05242_lon_01873_size_0503,IOME2411920A__20240225__20240227,IOME2411920A,2024-02-05,2024-02-26,2024-02-25,2024-02-27,1,0,0,0,1,20.0,1.0,21.0,21,2,2024-02-05,2024-02-26,772,35,35,2024-02-25,2024-02-27,1,1,0.02857142857142857,1.0,18,False
WD_MERGE_2024-02-05---2024-02-26_duration_21_days_cluster_342_A0_002659_A_002896_lat_05242_lon_01873_size_0503,IOME2413412A__20240223__20240223,IOME2413412A,2024-02-05,2024-02-26,2024-02-23,2024-02-23,1,0,0,0,1,18.0,3.0,21.0,21,1,2024-02-05,2024-02-26,772,35,35,2024-02-23,2024-02-23,1,1,0.02857142857142857,1.0,19,False
WD_MERGE_2024-02-05---2024-02-26_duration_21_days_cluster_342_A0_002659_A_002896_lat_05242_lon_01873_size_0503,IOME2415880A__20240222__20240222,IOME2415880A,2024-02-05,2024-02-26,2024-02-22,2024-02-22,1,0,0,0,1,17.0,4.0,21.0,21,1,2024-02-05,2024-02-26,772,35,35,2024-02-22,2024-02-22,1,1,0.02857142857142857,1.0,20,False
WD_MERGE_2024-02-05---2024-02-26_duration_21_days_cluster_342_A0_002659_A_002896_lat_05242_lon_01873_size_0503,IOME2415880A__20240226__20240227,IOME2415880A,2024-02-05,2024-02-26,2024-02-26,2024-02-27,1,0,0,0,1,21.0,1.0,22.0,22,1,2024-02-05,2024-02-26,772,35,35,2024-02-26,2024-02-27,2,1,0.02857142857142857,1.0,21,False
WD_MERGE_2024-02-05---2024-02-26_duration_21_days_cluster_342_A0_002659_A_002896_lat_05242_lon_01873_size_0503,IOME2410378A__20240226__20240228,IOME2410378A,2024-02-05,2024-02-26,2024-02-26,2024-02-28,1,0,0,0,1,21.0,2.0,23.0,23,1,2024-02-05,2024-02-26,772,35,35,2024-02-26,2024-02-28,3,1,0.02857142857142857,1.0,22,False
WD_MERGE_2024-02-05---2024-02-26_duration_21_days_cluster_342_A0_002659_A_002896_lat_05242_lon_01873_size_0503,IOME2415880A__20240224__20240301,IOME2415880A,2024-02-05,2024-02-26,2024-02-24,2024-03-01,1,0,0,0,1,19.0,4.0,23.0,23,3,2024-02-05,2024-02-26,772,35,35,2024-02-24,2024-03-01,1,1,0.02857142857142857,1.0,23,False
WD_MERGE_2024-02-05---2024-02-26_duration_21_days_cluster_342_A0_002659_A_002896_lat_05242_lon_01873_size_0503,IOME2415880A__20240227__20240228,IOME2415880A,2024-02-05,2024-02-26,2024-02-27,2024-02-28,1,0,0,0,1,22.0,2.0,24.0,24,0,2024-02-05,2024-02-26,772,35,35,2024-02-27,2024-02-28,2,1,0.02857142857142857,1.0,24,False
WD_MERGE_2024-02-05---2024-02-26_duration_21_days_cluster_342_A0_002659_A_002896_lat_05242_lon_01873_size_0503,IOME2410378A__20240227__20240229,IOME2410378A,2024-02-05,2024-02-26,2024-02-27,2024-02-29,1,0,0,0,1,22.0,3.0,25.0,25,0,2024-02-05,2024-02-26,772,35,35,2024-02-27,2024-02-29,3,1,0.02857142857142857,1.0,25,False
WD_MERGE_2024-02-05---2024-02-26_duration_21_days_cluster_342_A0_002659_A_002896_lat_05242_lon_01873_size_0503,IOME2411920A__20240224__20240304,IOME2411920A,2024-02-05,2024-02-26,2024-02-24,2024-03-04,1,0,0,0,1,19.0,7.0,26.0,26,3,2024-02-05,2024-02-26,772,35,35,2024-02-24,2024-03-04,1,1,0.02857142857142857,1.0,26,False
WD_MERGE_2024-02-05---2024-02-26_duration_21_days_cluster_342_A0_002659_A_002896_lat_05242_lon_01873_size_0503,IOME2410378A__20240228__20240301,IOME2410378A,2024-02-05,2024-02-26,2024-02-28,2024-03-01,1,0,0,0,1,23.0,4.0,27.0,27,0,2024-02-05,2024-02-26,772,35,35,2024-02-28,2024-03-01,6,1,0.02857142857142857,1.0,27,False
WD_MERGE_2024-02-05---2024-02-26_duration_21_days_cluster_342_A0_002659_A_002896_lat_05242_lon_01873_size_0503,IOME2411920A__20240302__20240305,IOME2411920A,2024-02-05,2024-02-26,2024-03-02,2024-03-05,1,0,0,0,1,26.0,8.0,34.0,34,0,2024-02-05,2024-02-26,772,35,35,2024-03-02,2024-03-05,1,1,0.02857142857142857,1.0,28,False
WD_MERGE_2024-02-05---2024-02-26_duration_21_days_cluster_342_A0_002659_A_002896_lat_05242_lon_01873_size_0503,IOME2411920A__20240303__20240304,IOME2411920A,2024-02-05,2024-02-26,2024-03-03,2024-03-04,1,0,0,0,1,27.0,7.0,34.0,34,0,2024-02-05,2024-02-26,772,35,35,2024-03-03,2024-03-04,1,1,0.02857142857142857,1.0,29,False
WD_MERGE_2024-02-05---2024-02-26_duration_21_days_cluster_342_A0_002659_A_002896_lat_05242_lon_01873_size_0503,INTE2511307A__20231231__20240225,INTE2511307A,2024-02-05,2024-02-26,2023-12-31,2024-02-25,1,0,0,0,1,36.0,1.0,37.0,37,21,2024-02-05,2024-02-26,772,35,35,2023-12-31,2024-02-25,1,1,0.02857142857142857,1.0,30,False
WD_MERGE_2024-02-05---2024-02-26_duration_21_days_cluster_342_A0_002659_A_002896_lat_05242_lon_01873_size_0503,INTE2525618A__20240225__20240403,INTE2525618A,2024-02-05,2024-02-26,2024-02-25,2024-04-03,1,0,0,0,1,20.0,37.0,57.0,57,2,2024-02-05,2024-02-26,772,35,35,2024-02-25,2024-04-03,1,1,0.02857142857142857,1.0,31,False
WD_MERGE_2024-02-05---2024-02-26_duration_21_days_cluster_342_A0_002659_A_002896_lat_05242_lon_01873_size_0503,INTE2517855A__20231231__20240629,INTE2517855A,2024-02-05,2024-02-26,2023-12-31,2024-06-29,1,0,0,0,1,36.0,124.0,160.0,160,22,2024-02-05,2024-02-26,772,35,35,2023-12-31,2024-06-29,6,1,0.02857142857142857,1.0,32,False
WD_MERGE_2024-02-05---2024-02-26_duration_21_days_cluster_342_A0_002659_A_002896_lat_05242_lon_01873_size_0503,IOME2411920A__20240225__20240226,IOME2411920A,2024-02-05,2024-02-26,2024-02-25,2024-02-26,1,0,0,0,1,20.0,0.0,20.0,20,2,2024-02-05,2024-02-26,772,35,35,2024-02-25,2024-02-26,2,2,0.02857142857142857,0.5,33,False
WD_MERGE_2024-02-05---2024-02-26_duration_21_days_cluster_342_A0_002659_A_002896_lat_05242_lon_01873_size_0503,IOME2410378A__20240226__20240226,IOME2410378A,2024-02-05,2024-02-26,2024-02-26,2024-02-26,1,0,0,0,1,21.0,0.0,21.0,21,1,2024-02-05,2024-02-26,772,35,35,2024-02-26,2024-02-26,3,2,0.02857142857142857,0.5,34,False
WD_MERGE_2024-02-05---2024-02-26_duration_21_days_cluster_342_A0_002659_A_002896_lat_05242_lon_01873_size_0503,IOME2411920A__20240226__20240226,IOME2411920A,2024-02-05,2024-02-26,2024-02-26,2024-02-26,1,0,0,0,1,21.0,0.0,21.0,21,1,2024-02-05,2024-02-26,772,35,35,2024-02-26,2024-02-26,3,2,0.02857142857142857,0.5,35,False
WD_MERGE_2024-02-05---2024-02-26_duration_21_days_cluster_342_A0_002659_A_002896_lat_05242_lon_01873_size_0503,IOME2410378A__20240226__20240227,IOME2410378A,2024-02-05,2024-02-26,2024-02-26,2024-02-27,1,0,0,0,1,21.0,1.0,22.0,22,1,2024-02-05,2024-02-26,772,35,35,2024-02-26,2024-02-27,3,2,0.02857142857142857,0.5,36,False
WD_MERGE_2021-01-04---2021-03-08_duration_63_days_cluster_350_A0_000854_A_001077_lat_05058_lon_-0039_size_0413,INTE2107265A__20210114__20210215,INTE2107265A,2021-01-04,2021-03-08,2021-01-14,2021-02-15,1,0,0,0,1,10.0,21.0,31.0,31,33,2021-01-04,2021-03-08,852,37,37,2021-01-14,2021-02-15,1,1,0.02702702702702703,1.0,3,False
WD_MERGE_2021-01-04---2021-03-08_duration_63_days_cluster_350_A0_000854_A_001077_lat_05058_lon_-0039_size_0413,IOME2411920A__20210103__20210202,IOME2411920A,2021-01-04,2021-03-08,2021-01-03,2021-02-02,1,0,0,0,1,1.0,34.0,35.0,35,30,2021-01-04,2021-03-08,852,37,37,2021-01-03,2021-02-02,1,1,0.02702702702702703,1.0,4,False
WD_MERGE_2021-01-04---2021-03-08_duration_63_days_cluster_350_A0_000854_A_001077_lat_05058_lon_-0039_size_0413,IOME2311006A__20210201__20210228,IOME2311006A,2021-01-04,2021-03-08,2021-02-01,2021-02-28,1,0,0,0,1,28.0,8.0,36.0,36,28,2021-01-04,2021-03-08,852,37,37,2021-02-01,2021-02-28,1,1,0.02702702702702703,1.0,5,False
WD_MERGE_2021-01-04---2021-03-08_duration_63_days_cluster_350_A0_000854_A_001077_lat_05058_lon_-0039_size_0413,INTE2105706A__20210128__20210211,INTE2105706A,2021-01-04,2021-03-08,2021-01-28,2021-02-11,1,0,0,0,1,24.0,25.0,49.0,49,15,2021-01-04,2021-03-08,852,37,37,2021-01-28,2021-02-11,1,1,0.02702702702702703,1.0,6,False
WD_MERGE_2021-01-04---2021-03-08_duration_63_days_cluster_350_A0_000854_A_001077_lat_05058_lon_-0039_size_0413,INTE2114774A__20210203__20210216,INTE2114774A,2021-01-04,2021-03-08,2021-02-03,2021-02-16,1,0,0,0,1,30.0,20.0,50.0,50,14,2021-01-04,2021-03-08,852,37,37,2021-02-03,2021-02-16,5,1,0.02702702702702703,1.0,7,False
WD_MERGE_2021-01-04---2021-03-08_duration_63_days_cluster_350_A0_000854_A_001077_lat_05058_lon_-0039_size_0413,INTE2121339A__20210203__20210216,INTE2121339A,2021-01-04,2021-03-08,2021-02-03,2021-02-16,1,0,0,0,1,30.0,20.0,50.0,50,14,2021-01-04,2021-03-08,852,37,37,2021-02-03,2021-02-16,1,1,0.02702702702702703,1.0,8,False
WD_MERGE_2021-01-04---2021-03-08_duration_63_days_cluster_350_A0_000854_A_001077_lat_05058_lon_-0039_size_0413,IOME2411920A__20210203__20210216,IOME2411920A,2021-01-04,2021-03-08,2021-02-03,2021-02-16,1,0,0,0,1,30.0,20.0,50.0,50,14,2021-01-04,2021-03-08,852,37,37,2021-02-03,2021-02-16,1,1,0.02702702702702703,1.0,9,False
WD_MERGE_2021-01-04---2021-03-08_duration_63_days_cluster_350_A0_000854_A_001077_lat_05058_lon_-0039_size_0413,INTE2105706A__20210114__20210124,INTE2105706A,2021-01-04,2021-03-08,2021-01-14,2021-01-24,1,0,0,0,1,10.0,43.0,53.0,53,11,2021-01-04,2021-03-08,852,37,37,2021-01-14,2021-01-24,1,1,0.02702702702702703,1.0,10,False
WD_MERGE_2021-01-04---2021-03-08_duration_63_days_cluster_350_A0_000854_A_001077_lat_05058_lon_-0039_size_0413,INTE2107265A__20210202__20210212,INTE2107265A,2021-01-04,2021-03-08,2021-02-02,2021-02-12,1,0,0,0,1,29.0,24.0,53.0,53,11,2021-01-04,2021-03-08,852,37,37,2021-02-02,2021-02-12,2,1,0.02702702702702703,1.0,11,False
WD_MERGE_2021-01-04---2021-03-08_duration_63_days_cluster_350_A0_000854_A_001077_lat_05058_lon_-0039_size_0413,INTE2112076A__20210129__20210207,INTE2112076A,2021-01-04,2021-03-08,2021-01-29,2021-02-07,1,0,0,0,1,25.0,29.0,54.0,54,10,2021-01-04,2021-03-08,852,37,37,2021-01-29,2021-02-07,1,1,0.02702702702702703,1.0,12,False
WD_MERGE_2021-01-04---2021-03-08_duration_63_days_cluster_350_A0_000854_A_001077_lat_05058_lon_-0039_size_0413,IOME2411920A__20210201__20210210,IOME2411920A,2021-01-04,2021-03-08,2021-02-01,2021-02-10,1,0,0,0,1,28.0,26.0,54.0,54,10,2021-01-04,2021-03-08,852,37,37,2021-02-01,2021-02-10,2,1,0.02702702702702703,1.0,13,False
WD_MERGE_2021-01-04---2021-03-08_duration_63_days_cluster_350_A0_000854_A_001077_lat_05058_lon_-0039_size_0413,INTE2105706A__20210128__20210205,INTE2105706A,2021-01-04,2021-03-08,2021-01-28,2021-02-05,1,0,0,0,1,24.0,31.0,55.0,55,9,2021-01-04,2021-03-08,852,37,37,2021-01-28,2021-02-05,1,1,0.02702702702702703,1.0,14,False
WD_MERGE_2021-01-04---2021-03-08_duration_63_days_cluster_350_A0_000854_A_001077_lat_05058_lon_-0039_size_0413,INTE2105706A__20210201__20210209,INTE2105706A,2021-01-04,2021-03-08,2021-02-01,2021-02-09,1,0,0,0,1,28.0,27.0,55.0,55,9,2021-01-04,2021-03-08,852,37,37,2021-02-01,2021-02-09,47,1,0.02702702702702703,1.0,15,False
WD_MERGE_2021-01-04---2021-03-08_duration_63_days_cluster_350_A0_000854_A_001077_lat_05058_lon_-0039_size_0413,INTE2107265A__20210130__20210207,INTE2107265A,2021-01-04,2021-03-08,2021-01-30,2021-02-07,1,0,0,0,1,26.0,29.0,55.0,55,9,2021-01-04,2021-03-08,852,37,37,2021-01-30,2021-02-07,1,1,0.02702702702702703,1.0,16,False
WD_MERGE_2021-01-04---2021-03-08_duration_63_days_cluster_350_A0_000854_A_001077_lat_05058_lon_-0039_size_0413,INTE2107265A__20210201__20210209,INTE2107265A,2021-01-04,2021-03-08,2021-02-01,2021-02-09,1,0,0,0,1,28.0,27.0,55.0,55,9,2021-01-04,2021-03-08,852,37,37,2021-02-01,2021-02-09,7,1,0.02702702702702703,1.0,17,False
WD_MERGE_2021-01-04---2021-03-08_duration_63_days_cluster_350_A0_000854_A_001077_lat_05058_lon_-0039_size_0413,INTE2112076A__20210201__20210209,INTE2112076A,2021-01-04,2021-03-08,2021-02-01,2021-02-09,1,0,0,0,1,28.0,27.0,55.0,55,9,2021-01-04,2021-03-08,852,37,37,2021-02-01,2021-02-09,2,1,0.02702702702702703,1.0,18,False
WD_MERGE_2021-01-04---2021-03-08_duration_63_days_cluster_350_A0_000854_A_001077_lat_05058_lon_-0039_size_0413,INTE2119792A__20210201__20210209,INTE2119792A,2021-01-04,2021-03-08,2021-02-01,2021-02-09,1,0,0,0,1,28.0,27.0,55.0,55,9,2021-01-04,2021-03-08,852,37,37,2021-02-01,2021-02-09,1,1,0.02702702702702703,1.0,19,False
WD_MERGE_2021-01-04---2021-03-08_duration_63_days_cluster_350_A0_000854_A_001077_lat_05058_lon_-0039_size_0413,IOME2411920A__20210131__20210208,IOME2411920A,2021-01-04,2021-03-08,2021-01-31,2021-02-08,1,0,0,0,1,27.0,28.0,55.0,55,9,2021-01-04,2021-03-08,852,37,37,2021-01-31,2021-02-08,1,1,0.02702702702702703,1.0,20,False
WD_MERGE_2021-01-04---2021-03-08_duration_63_days_cluster_350_A0_000854_A_001077_lat_05058_lon_-0039_size_0413,IOME2411920A__20210202__20210209,IOME2411920A,2021-01-04,2021-03-08,2021-02-02,2021-02-09,1,0,0,0,1,29.0,27.0,56.0,56,8,2021-01-04,2021-03-08,852,37,37,2021-02-02,2021-02-09,1,1,0.02702702702702703,1.0,21,False
WD_MERGE_2021-01-04---2021-03-08_duration_63_days_cluster_350_A0_000854_A_001077_lat_05058_lon_-0039_size_0413,INTE2105706A__20210203__20210209,INTE2105706A,2021-01-04,2021-03-08,2021-02-03,2021-02-09,1,0,0,0,1,30.0,27.0,57.0,57,7,2021-01-04,2021-03-08,852,37,37,2021-02-03,2021-02-09,2,1,0.02702702702702703,1.0,22,False
WD_MERGE_2021-01-04---2021-03-08_duration_63_days_cluster_350_A0_000854_A_001077_lat_05058_lon_-0039_size_0413,INTE2107265A__20210203__20210209,INTE2107265A,2021-01-04,2021-03-08,2021-02-03,2021-02-09,1,0,0,0,1,30.0,27.0,57.0,57,7,2021-01-04,2021-03-08,852,37,37,2021-02-03,2021-02-09,1,1,0.02702702702702703,1.0,23,False
WD_MERGE_2021-01-04---2021-03-08_duration_63_days_cluster_350_A0_000854_A_001077_lat_05058_lon_-0039_size_0413,IOME2410378A__20210203__20210209,IOME2410378A,2021-01-04,2021-03-08,2021-02-03,2021-02-09,1,0,0,0,1,30.0,27.0,57.0,57,7,2021-01-04,2021-03-08,852,37,37,2021-02-03,2021-02-09,1,1,0.02702702702702703,1.0,24,False
WD_MERGE_2021-01-04---2021-03-08_duration_63_days_cluster_350_A0_000854_A_001077_lat_05058_lon_-0039_size_0413,IOME2411920A__20210201__20210207,IOME2411920A,2021-01-04,2021-03-08,2021-02-01,2021-02-07,1,0,0,0,1,28.0,29.0,57.0,57,7,2021-01-04,2021-03-08,852,37,37,2021-02-01,2021-02-07,1,1,0.02702702702702703,1.0,25,False
WD_MERGE_2021-01-04---2021-03-08_duration_63_days_cluster_350_A0_000854_A_001077_lat_05058_lon_-0039_size_0413,IOME2411920A__20210202__20210208,IOME2411920A,2021-01-04,2021-03-08,2021-02-02,2021-02-08,1,0,0,0,1,29.0,28.0,57.0,57,7,2021-01-04,2021-03-08,852,37,37,2021-02-02,2021-02-08,1,1,0.02702702702702703,1.0,26,False
WD_MERGE_2021-01-04---2021-03-08_duration_63_days_cluster_350_A0_000854_A_001077_lat_05058_lon_-0039_size_0413,IOME2411920A__20210203__20210209,IOME2411920A,2021-01-04,2021-03-08,2021-02-03,2021-02-09,1,0,0,0,1,30.0,27.0,57.0,57,7,2021-01-04,2021-03-08,852,37,37,2021-02-03,2021-02-09,1,1,0.02702702702702703,1.0,27,False
WD_MERGE_2021-01-04---2021-03-08_duration_63_days_cluster_350_A0_000854_A_001077_lat_05058_lon_-0039_size_0413,IOME2411920A__20210131__20210204,IOME2411920A,2021-01-04,2021-03-08,2021-01-31,2021-02-04,1,0,0,0,1,27.0,32.0,59.0,59,5,2021-01-04,2021-03-08,852,37,37,2021-01-31,2021-02-04,1,1,0.02702702702702703,1.0,28,False
WD_MERGE_2021-01-04---2021-03-08_duration_63_days_cluster_350_A0_000854_A_001077_lat_05058_lon_-0039_size_0413,IOME2411920A__20210201__20210205,IOME2411920A,2021-01-04,2021-03-08,2021-02-01,2021-02-05,1,0,0,0,1,28.0,31.0,59.0,59,5,2021-01-04,2021-03-08,852,37,37,2021-02-01,2021-02-05,1,1,0.02702702702702703,1.0,29,False
WD_MERGE_2021-01-04---2021-03-08_duration_63_days_cluster_350_A0_000854_A_001077_lat_05058_lon_-0039_size_0413,INTE2105706A__20210128__20210131,INTE2105706A,2021-01-04,2021-03-08,2021-01-28,2021-01-31,1,0,0,0,1,24.0,36.0,60.0,60,4,2021-01-04,2021-03-08,852,37,37,2021-01-28,2021-01-31,6,1,0.02702702702702703,1.0,30,False
WD_MERGE_2021-01-04---2021-03-08_duration_63_days_cluster_350_A0_000854_A_001077_lat_05058_lon_-0039_size_0413,IOME2304949A__20210202__20210205,IOME2304949A,2021-01-04,2021-03-08,2021-02-02,2021-02-05,1,0,0,0,1,29.0,31.0,60.0,60,4,2021-01-04,2021-03-08,852,37,37,2021-02-02,2021-02-05,1,1,0.02702702702702703,1.0,31,False
WD_MERGE_2021-01-04---2021-03-08_duration_63_days_cluster_350_A0_000854_A_001077_lat_05058_lon_-0039_size_0413,IOME2411920A__20210201__20210204,IOME2411920A,2021-01-04,2021-03-08,2021-02-01,2021-02-04,1,0,0,0,1,28.0,32.0,60.0,60,4,2021-01-04,2021-03-08,852,37,37,2021-02-01,2021-02-04,1,1,0.02702702702702703,1.0,32,False
WD_MERGE_2021-01-04---2021-03-08_duration_63_days_cluster_350_A0_000854_A_001077_lat_05058_lon_-0039_size_0413,INTE2105706A__20210114__20210116,INTE2105706A,2021-01-04,2021-03-08,2021-01-14,2021-01-16,1,0,0,0,1,10.0,51.0,61.0,61,3,2021-01-04,2021-03-08,852,37,37,2021-01-14,2021-01-16,1,1,0.02702702702702703,1.0,33,False
WD_MERGE_2021-01-04---2021-03-08_duration_63_days_cluster_350_A0_000854_A_001077_lat_05058_lon_-0039_size_0413,INTE2119792A__20210202__20210204,INTE2119792A,2021-01-04,2021-03-08,2021-02-02,2021-02-04,1,0,0,0,1,29.0,32.0,61.0,61,3,2021-01-04,2021-03-08,852,37,37,2021-02-02,2021-02-04,1,1,0.02702702702702703,1.0,34,False
WD_MERGE_2021-01-04---2021-03-08_duration_63_days_cluster_350_A0_000854_A_001077_lat_05058_lon_-0039_size_0413,INTE2127287A__20210130__20210201,INTE2127287A,2021-01-04,2021-03-08,2021-01-30,2021-02-01,1,0,0,0,1,26.0,35.0,61.0,61,3,2021-01-04,2021-03-08,852,37,37,2021-01-30,2021-02-01,1,1,0.02702702702702703,1.0,35,False
WD_MERGE_2021-01-04---2021-03-08_duration_63_days_cluster_350_A0_000854_A_001077_lat_05058_lon_-0039_size_0413,INTE2104714A__20210115__20210116,INTE2104714A,2021-01-04,2021-03-08,2021-01-15,2021-01-16,1,0,0,0,1,11.0,51.0,62.0,62,2,2021-01-04,2021-03-08,852,37,37,2021-01-15,2021-01-16,1,1,0.02702702702702703,1.0,36,False
WD_MERGE_2021-01-04---2021-03-08_duration_63_days_cluster_350_A0_000854_A_001077_lat_05058_lon_-0039_size_0413,INTE2118484A__20210121__20210122,INTE2118484A,2021-01-04,2021-03-08,2021-01-21,2021-01-22,1,0,0,0,1,17.0,45.0,62.0,62,2,2021-01-04,2021-03-08,852,37,37,2021-01-21,2021-01-22,1,1,0.02702702702702703,1.0,37,False
WD_MERGE_2021-01-04---2021-03-08_duration_63_days_cluster_350_A0_000854_A_001077_lat_05058_lon_-0039_size_0413,INTE2119792A__20210105__20210106,INTE2119792A,2021-01-04,2021-03-08,2021-01-05,2021-01-06,1,0,0,0,1,1.0,61.0,62.0,62,2,2021-01-04,2021-03-08,852,37,37,2021-01-05,2021-01-06,3,1,0.02702702702702703,1.0,38,False
WD_MERGE_2021-01-04---2021-03-08_duration_63_days_cluster_350_A0_000854_A_001077_lat_05058_lon_-0039_size_0413,IOME2411920A__20210201__20210202,IOME2411920A,2021-01-04,2021-03-08,2021-02-01,2021-02-02,1,0,0,0,1,28.0,34.0,62.0,62,2,2021-01-04,2021-03-08,852,37,37,2021-02-01,2021-02-02,1,1,0.02702702702702703,1.0,39,False
WD_MERGE_2021-01-04---2021-03-08_duration_63_days_cluster_350_A0_000854_A_001077_lat_05058_lon_-0039_size_0413,INTE2104714A__20210114__20210114,INTE2104714A,2021-01-04,2021-03-08,2021-01-14,2021-01-14,1,0,0,0,1,10.0,53.0,63.0,63,1,2021-01-04,2021-03-08,852,37,37,2021-01-14,2021-01-14,1,1,0.02702702702702703,1.0,40,False
WD_MERGE_2021-01-04---2021-03-08_duration_63_days_cluster_350_A0_000854_A_001077_lat_05058_lon_-0039_size_0413,INTE2112076A__20210114__20210114,INTE2112076A,2021-01-04,2021-03-08,2021-01-14,2021-01-14,1,0,0,0,1,10.0,53.0,63.0,63,1,2021-01-04,2021-03-08,852,37,37,2021-01-14,2021-01-14,1,1,0.02702702702702703,1.0,41,False
WD_MERGE_2021-01-04---2021-03-08_duration_63_days_cluster_350_A0_000854_A_001077_lat_05058_lon_-0039_size_0413,INTE2112076A__20210122__20210122,INTE2112076A,2021-01-04,2021-03-08,2021-01-22,2021-01-22,1,0,0,0,1,18.0,45.0,63.0,63,1,2021-01-04,2021-03-08,852,37,37,2021-01-22,2021-01-22,1,1,0.02702702702702703,1.0,42,False
WD_MERGE_2021-01-04---2021-03-08_duration_63_days_cluster_350_A0_000854_A_001077_lat_05058_lon_-0039_size_0413,INTE2114774A__20210129__20210129,INTE2114774A,2021-01-04,2021-03-08,2021-01-29,2021-01-29,1,0,0,0,1,25.0,38.0,63.0,63,1,2021-01-04,2021-03-08,852,37,37,2021-01-29,2021-01-29,1,1,0.02702702702702703,1.0,43,False
WD_MERGE_2021-01-04---2021-03-08_duration_63_days_cluster_350_A0_000854_A_001077_lat_05058_lon_-0039_size_0413,INTE2107265A__20210201__20210210,INTE2107265A,2021-01-04,2021-03-08,2021-02-01,2021-02-10,1,0,0,0,1,28.0,26.0,54.0,54,10,2021-01-04,2021-03-08,852,37,37,2021-02-01,2021-02-10,6,2,0.02702702702702703,0.5,44,False
WD_MERGE_2021-01-04---2021-03-08_duration_63_days_cluster_350_A0_000854_A_001077_lat_05058_lon_-0039_size_0413,INTE2112076A__20210201__20210204,INTE2112076A,2021-01-04,2021-03-08,2021-02-01,2021-02-04,1,0,0,0,1,28.0,32.0,60.0,60,4,2021-01-04,2021-03-08,852,37,37,2021-02-01,2021-02-04,6,2,0.02702702702702703,0.5,45,False
WD_MERGE_2021-01-04---2021-03-08_duration_63_days_cluster_350_A0_000854_A_001077_lat_05058_lon_-0039_size_0413,INTE2112076A__20210128__20210129,INTE2112076A,2021-01-04,2021-03-08,2021-01-28,2021-01-29,1,0,0,0,1,24.0,38.0,62.0,62,2,2021-01-04,2021-03-08,852,37,37,2021-01-28,2021-01-29,2,2,0.02702702702702703,0.5,46,False
WD_MERGE_2021-01-04---2021-03-08_duration_63_days_cluster_350_A0_000854_A_001077_lat_05058_lon_-0039_size_0413,INTE2104714A__20201228__20201229,INTE2104714A,2021-01-04,2021-03-08,2020-12-28,2020-12-29,1,0,0,0,1,7.0,69.0,76.0,76,0,2021-01-04,2021-03-08,852,37,37,2020-12-28,2020-12-29,5,2,0.02702702702702703,0.5,47,False
WD_MERGE_2021-01-04---2021-03-08_duration_63_days_cluster_350_A0_000854_A_001077_lat_05058_lon_-0039_size_0413,INTE2105706A__20210201__20210204,INTE2105706A,2021-01-04,2021-03-08,2021-02-01,2021-02-04,1,0,0,0,1,28.0,32.0,60.0,60,4,2021-01-04,2021-03-08,852,37,37,2021-02-01,2021-02-04,27,3,0.02702702702702703,0.3333333333333333,48,False
WD_MERGE_2020-11-09---2021-01-04_duration_56_days_cluster_393_A0_000699_A_000848_lat_05106_lon_-0049_size_0220,INTE2112076A__20201207__20201217,INTE2112076A,2020-11-09,2021-01-04,2020-12-07,2020-12-17,1,0,0,0,1,28.0,18.0,46.0,46,11,2020-11-09,2021-01-04,766,38,38,2020-12-07,2020-12-17,1,1,0.02631578947368421,1.0,3,False
WD_MERGE_2020-11-09---2021-01-04_duration_56_days_cluster_393_A0_000699_A_000848_lat_05106_lon_-0049_size_0220,INTE2105706A__20201227__20210104,INTE2105706A,2020-11-09,2021-01-04,2020-12-27,2021-01-04,1,0,0,0,1,48.0,0.0,48.0,48,9,2020-11-09,2021-01-04,766,38,38,2020-12-27,2021-01-04,1,1,0.02631578947368421,1.0,4,False
WD_MERGE_2020-11-09---2021-01-04_duration_56_days_cluster_393_A0_000699_A_000848_lat_05106_lon_-0049_size_0220,INTE2107265A__20201203__20201211,INTE2107265A,2020-11-09,2021-01-04,2020-12-03,2020-12-11,1,0,0,0,1,24.0,24.0,48.0,48,9,2020-11-09,2021-01-04,766,38,38,2020-12-03,2020-12-11,1,1,0.02631578947368421,1.0,5,False
WD_MERGE_2020-11-09---2021-01-04_duration_56_days_cluster_393_A0_000699_A_000848_lat_05106_lon_-0049_size_0220,INTE2112076A__20201227__20210104,INTE2112076A,2020-11-09,2021-01-04,2020-12-27,2021-01-04,1,0,0,0,1,48.0,0.0,48.0,48,9,2020-11-09,2021-01-04,766,38,38,2020-12-27,2021-01-04,1,1,0.02631578947368421,1.0,6,False
WD_MERGE_2020-11-09---2021-01-04_duration_56_days_cluster_393_A0_000699_A_000848_lat_05106_lon_-0049_size_0220,INTE2104714A__20201227__20210103,INTE2104714A,2020-11-09,2021-01-04,2020-12-27,2021-01-03,1,0,0,0,1,48.0,1.0,49.0,49,8,2020-11-09,2021-01-04,766,38,38,2020-12-27,2021-01-03,1,1,0.02631578947368421,1.0,7,False
WD_MERGE_2020-11-09---2021-01-04_duration_56_days_cluster_393_A0_000699_A_000848_lat_05106_lon_-0049_size_0220,INTE2107265A__20201227__20210103,INTE2107265A,2020-11-09,2021-01-04,2020-12-27,2021-01-03,1,0,0,0,1,48.0,1.0,49.0,49,8,2020-11-09,2021-01-04,766,38,38,2020-12-27,2021-01-03,1,1,0.02631578947368421,1.0,8,False
WD_MERGE_2020-11-09---2021-01-04_duration_56_days_cluster_393_A0_000699_A_000848_lat_05106_lon_-0049_size_0220,INTE2201262A__20201201__20210131,INTE2201262A,2020-11-09,2021-01-04,2020-12-01,2021-01-31,1,0,0,0,1,22.0,27.0,49.0,49,35,2020-11-09,2021-01-04,766,38,38,2020-12-01,2021-01-31,14,1,0.02631578947368421,1.0,9,False
WD_MERGE_2020-11-09---2021-01-04_duration_56_days_cluster_393_A0_000699_A_000848_lat_05106_lon_-0049_size_0220,INTE2104714A__20201227__20210102,INTE2104714A,2020-11-09,2021-01-04,2020-12-27,2021-01-02,1,0,0,0,1,48.0,2.0,50.0,50,7,2020-11-09,2021-01-04,766,38,38,2020-12-27,2021-01-02,1,1,0.02631578947368421,1.0,10,False
WD_MERGE_2020-11-09---2021-01-04_duration_56_days_cluster_393_A0_000699_A_000848_lat_05106_lon_-0049_size_0220,INTE2104714A__20201227__20210101,INTE2104714A,2020-11-09,2021-01-04,2020-12-27,2021-01-01,1,0,0,0,1,48.0,3.0,51.0,51,6,2020-11-09,2021-01-04,766,38,38,2020-12-27,2021-01-01,1,1,0.02631578947368421,1.0,11,False
WD_MERGE_2020-11-09---2021-01-04_duration_56_days_cluster_393_A0_000699_A_000848_lat_05106_lon_-0049_size_0220,INTE2104714A__20201230__20210104,INTE2104714A,2020-11-09,2021-01-04,2020-12-30,2021-01-04,1,0,0,0,1,51.0,0.0,51.0,51,6,2020-11-09,2021-01-04,766,38,38,2020-12-30,2021-01-04,1,1,0.02631578947368421,1.0,12,False
WD_MERGE_2020-11-09---2021-01-04_duration_56_days_cluster_393_A0_000699_A_000848_lat_05106_lon_-0049_size_0220,INTE2105706A__20201228__20210106,INTE2105706A,2020-11-09,2021-01-04,2020-12-28,2021-01-06,1,0,0,0,1,49.0,2.0,51.0,51,8,2020-11-09,2021-01-04,766,38,38,2020-12-28,2021-01-06,1,1,0.02631578947368421,1.0,13,False
WD_MERGE_2020-11-09---2021-01-04_duration_56_days_cluster_393_A0_000699_A_000848_lat_05106_lon_-0049_size_0220,INTE2105706A__20201230__20210104,INTE2105706A,2020-11-09,2021-01-04,2020-12-30,2021-01-04,1,0,0,0,1,51.0,0.0,51.0,51,6,2020-11-09,2021-01-04,766,38,38,2020-12-30,2021-01-04,1,1,0.02631578947368421,1.0,14,False
WD_MERGE_2020-11-09---2021-01-04_duration_56_days_cluster_393_A0_000699_A_000848_lat_05106_lon_-0049_size_0220,INTE2112076A__20201230__20210104,INTE2112076A,2020-11-09,2021-01-04,2020-12-30,2021-01-04,1,0,0,0,1,51.0,0.0,51.0,51,6,2020-11-09,2021-01-04,766,38,38,2020-12-30,2021-01-04,1,1,0.02631578947368421,1.0,15,False
WD_MERGE_2020-11-09---2021-01-04_duration_56_days_cluster_393_A0_000699_A_000848_lat_05106_lon_-0049_size_0220,INTE2104714A__20201229__20210102,INTE2104714A,2020-11-09,2021-01-04,2020-12-29,2021-01-02,1,0,0,0,1,50.0,2.0,52.0,52,5,2020-11-09,2021-01-04,766,38,38,2020-12-29,2021-01-02,1,1,0.02631578947368421,1.0,16,False
WD_MERGE_2020-11-09---2021-01-04_duration_56_days_cluster_393_A0_000699_A_000848_lat_05106_lon_-0049_size_0220,INTE2105706A__20201227__20201231,INTE2105706A,2020-11-09,2021-01-04,2020-12-27,2020-12-31,1,0,0,0,1,48.0,4.0,52.0,52,5,2020-11-09,2021-01-04,766,38,38,2020-12-27,2020-12-31,1,1,0.02631578947368421,1.0,17,False
WD_MERGE_2020-11-09---2021-01-04_duration_56_days_cluster_393_A0_000699_A_000848_lat_05106_lon_-0049_size_0220,INTE2105706A__20201230__20210103,INTE2105706A,2020-11-09,2021-01-04,2020-12-30,2021-01-03,1,0,0,0,1,51.0,1.0,52.0,52,5,2020-11-09,2021-01-04,766,38,38,2020-12-30,2021-01-03,1,1,0.02631578947368421,1.0,18,False
WD_MERGE_2020-11-09---2021-01-04_duration_56_days_cluster_393_A0_000699_A_000848_lat_05106_lon_-0049_size_0220,INTE2107265A__20201227__20201231,INTE2107265A,2020-11-09,2021-01-04,2020-12-27,2020-12-31,1,0,0,0,1,48.0,4.0,52.0,52,5,2020-11-09,2021-01-04,766,38,38,2020-12-27,2020-12-31,1,1,0.02631578947368421,1.0,19,False
WD_MERGE_2020-11-09---2021-01-04_duration_56_days_cluster_393_A0_000699_A_000848_lat_05106_lon_-0049_size_0220,INTE2112076A__20201207__20201211,INTE2112076A,2020-11-09,2021-01-04,2020-12-07,2020-12-11,1,0,0,0,1,28.0,24.0,52.0,52,5,2020-11-09,2021-01-04,766,38,38,2020-12-07,2020-12-11,1,1,0.02631578947368421,1.0,20,False
WD_MERGE_2020-11-09---2021-01-04_duration_56_days_cluster_393_A0_000699_A_000848_lat_05106_lon_-0049_size_0220,INTE2112076A__20201229__20210102,INTE2112076A,2020-11-09,2021-01-04,2020-12-29,2021-01-02,1,0,0,0,1,50.0,2.0,52.0,52,5,2020-11-09,2021-01-04,766,38,38,2020-12-29,2021-01-02,1,1,0.02631578947368421,1.0,21,False
WD_MERGE_2020-11-09---2021-01-04_duration_56_days_cluster_393_A0_000699_A_000848_lat_05106_lon_-0049_size_0220,INTE2104714A__20201227__20201230,INTE2104714A,2020-11-09,2021-01-04,2020-12-27,2020-12-30,1,0,0,0,1,48.0,5.0,53.0,53,4,2020-11-09,2021-01-04,766,38,38,2020-12-27,2020-12-30,1,1,0.02631578947368421,1.0,22,False
WD_MERGE_2020-11-09---2021-01-04_duration_56_days_cluster_393_A0_000699_A_000848_lat_05106_lon_-0049_size_0220,INTE2104714A__20201228__20201231,INTE2104714A,2020-11-09,2021-01-04,2020-12-28,2020-12-31,1,0,0,0,1,49.0,4.0,53.0,53,4,2020-11-09,2021-01-04,766,38,38,2020-12-28,2020-12-31,1,1,0.02631578947368421,1.0,23,False
WD_MERGE_2020-11-09---2021-01-04_duration_56_days_cluster_393_A0_000699_A_000848_lat_05106_lon_-0049_size_0220,INTE2104714A__20201231__20210105,INTE2104714A,2020-11-09,2021-01-04,2020-12-31,2021-01-05,1,0,0,0,1,52.0,1.0,53.0,53,5,2020-11-09,2021-01-04,766,38,38,2020-12-31,2021-01-05,1,1,0.02631578947368421,1.0,24,False
WD_MERGE_2020-11-09---2021-01-04_duration_56_days_cluster_393_A0_000699_A_000848_lat_05106_lon_-0049_size_0220,INTE2105706A__20201231__20210105,INTE2105706A,2020-11-09,2021-01-04,2020-12-31,2021-01-05,1,0,0,0,1,52.0,1.0,53.0,53,5,2020-11-09,2021-01-04,766,38,38,2020-12-31,2021-01-05,1,1,0.02631578947368421,1.0,25,False
WD_MERGE_2020-11-09---2021-01-04_duration_56_days_cluster_393_A0_000699_A_000848_lat_05106_lon_-0049_size_0220,INTE2107265A__20201223__20201226,INTE2107265A,2020-11-09,2021-01-04,2020-12-23,2020-12-26,1,0,0,0,1,44.0,9.0,53.0,53,4,2020-11-09,2021-01-04,766,38,38,2020-12-23,2020-12-26,1,1,0.02631578947368421,1.0,26,False
WD_MERGE_2020-11-09---2021-01-04_duration_56_days_cluster_393_A0_000699_A_000848_lat_05106_lon_-0049_size_0220,INTE2112076A__20201229__20210101,INTE2112076A,2020-11-09,2021-01-04,2020-12-29,2021-01-01,1,0,0,0,1,50.0,3.0,53.0,53,4,2020-11-09,2021-01-04,766,38,38,2020-12-29,2021-01-01,1,1,0.02631578947368421,1.0,27,False
WD_MERGE_2020-11-09---2021-01-04_duration_56_days_cluster_393_A0_000699_A_000848_lat_05106_lon_-0049_size_0220,INTE2101163A__20201227__20201229,INTE2101163A,2020-11-09,2021-01-04,2020-12-27,2020-12-29,1,0,0,0,1,48.0,6.0,54.0,54,3,2020-11-09,2021-01-04,766,38,38,2020-12-27,2020-12-29,1,1,0.02631578947368421,1.0,28,False
WD_MERGE_2020-11-09---2021-01-04_duration_56_days_cluster_393_A0_000699_A_000848_lat_05106_lon_-0049_size_0220,INTE2101163A__20201228__20201230,INTE2101163A,2020-11-09,2021-01-04,2020-12-28,2020-12-30,1,0,0,0,1,49.0,5.0,54.0,54,3,2020-11-09,2021-01-04,766,38,38,2020-12-28,2020-12-30,1,1,0.02631578947368421,1.0,29,False
WD_MERGE_2020-11-09---2021-01-04_duration_56_days_cluster_393_A0_000699_A_000848_lat_05106_lon_-0049_size_0220,INTE2104714A__20201227__20201229,INTE2104714A,2020-11-09,2021-01-04,2020-12-27,2020-12-29,1,0,0,0,1,48.0,6.0,54.0,54,3,2020-11-09,2021-01-04,766,38,38,2020-12-27,2020-12-29,6,1,0.02631578947368421,1.0,30,False
WD_MERGE_2020-11-09---2021-01-04_duration_56_days_cluster_393_A0_000699_A_000848_lat_05106_lon_-0049_size_0220,INTE2104714A__20201228__20201230,INTE2104714A,2020-11-09,2021-01-04,2020-12-28,2020-12-30,1,0,0,0,1,49.0,5.0,54.0,54,3,2020-11-09,2021-01-04,766,38,38,2020-12-28,2020-12-30,1,1,0.02631578947368421,1.0,31,False
WD_MERGE_2020-11-09---2021-01-04_duration_56_days_cluster_393_A0_000699_A_000848_lat_05106_lon_-0049_size_0220,INTE2104714A__20201229__20201231,INTE2104714A,2020-11-09,2021-01-04,2020-12-29,2020-12-31,1,0,0,0,1,50.0,4.0,54.0,54,3,2020-11-09,2021-01-04,766,38,38,2020-12-29,2020-12-31,2,1,0.02631578947368421,1.0,32,False
WD_MERGE_2020-11-09---2021-01-04_duration_56_days_cluster_393_A0_000699_A_000848_lat_05106_lon_-0049_size_0220,INTE2104714A__20210101__20210103,INTE2104714A,2020-11-09,2021-01-04,2021-01-01,2021-01-03,1,0,0,0,1,53.0,1.0,54.0,54,3,2020-11-09,2021-01-04,766,38,38,2021-01-01,2021-01-03,1,1,0.02631578947368421,1.0,33,False
WD_MERGE_2020-11-09---2021-01-04_duration_56_days_cluster_393_A0_000699_A_000848_lat_05106_lon_-0049_size_0220,INTE2105706A__20201227__20201229,INTE2105706A,2020-11-09,2021-01-04,2020-12-27,2020-12-29,1,0,0,0,1,48.0,6.0,54.0,54,3,2020-11-09,2021-01-04,766,38,38,2020-12-27,2020-12-29,1,1,0.02631578947368421,1.0,34,False
WD_MERGE_2020-11-09---2021-01-04_duration_56_days_cluster_393_A0_000699_A_000848_lat_05106_lon_-0049_size_0220,INTE2112076A__20201203__20201205,INTE2112076A,2020-11-09,2021-01-04,2020-12-03,2020-12-05,1,0,0,0,1,24.0,30.0,54.0,54,3,2020-11-09,2021-01-04,766,38,38,2020-12-03,2020-12-05,1,1,0.02631578947368421,1.0,35,False
WD_MERGE_2020-11-09---2021-01-04_duration_56_days_cluster_393_A0_000699_A_000848_lat_05106_lon_-0049_size_0220,INTE2112076A__20201204__20201206,INTE2112076A,2020-11-09,2021-01-04,2020-12-04,2020-12-06,1,0,0,0,1,25.0,29.0,54.0,54,3,2020-11-09,2021-01-04,766,38,38,2020-12-04,2020-12-06,1,1,0.02631578947368421,1.0,36,False
WD_MERGE_2020-11-09---2021-01-04_duration_56_days_cluster_393_A0_000699_A_000848_lat_05106_lon_-0049_size_0220,INTE2112076A__20201227__20201229,INTE2112076A,2020-11-09,2021-01-04,2020-12-27,2020-12-29,1,0,0,0,1,48.0,6.0,54.0,54,3,2020-11-09,2021-01-04,766,38,38,2020-12-27,2020-12-29,1,1,0.02631578947368421,1.0,37,False
WD_MERGE_2020-11-09---2021-01-04_duration_56_days_cluster_393_A0_000699_A_000848_lat_05106_lon_-0049_size_0220,INTE2112076A__20201228__20201230,INTE2112076A,2020-11-09,2021-01-04,2020-12-28,2020-12-30,1,0,0,0,1,49.0,5.0,54.0,54,3,2020-11-09,2021-01-04,766,38,38,2020-12-28,2020-12-30,1,1,0.02631578947368421,1.0,38,False
WD_MERGE_2020-11-09---2021-01-04_duration_56_days_cluster_393_A0_000699_A_000848_lat_05106_lon_-0049_size_0220,INTE2101163A__20201229__20201230,INTE2101163A,2020-11-09,2021-01-04,2020-12-29,2020-12-30,1,0,0,0,1,50.0,5.0,55.0,55,2,2020-11-09,2021-01-04,766,38,38,2020-12-29,2020-12-30,3,1,0.02631578947368421,1.0,39,False
WD_MERGE_2020-11-09---2021-01-04_duration_56_days_cluster_393_A0_000699_A_000848_lat_05106_lon_-0049_size_0220,INTE2104714A__20201204__20201205,INTE2104714A,2020-11-09,2021-01-04,2020-12-04,2020-12-05,1,0,0,0,1,25.0,30.0,55.0,55,2,2020-11-09,2021-01-04,766,38,38,2020-12-04,2020-12-05,1,1,0.02631578947368421,1.0,40,False
WD_MERGE_2020-11-09---2021-01-04_duration_56_days_cluster_393_A0_000699_A_000848_lat_05106_lon_-0049_size_0220,INTE2104714A__20201231__20210101,INTE2104714A,2020-11-09,2021-01-04,2020-12-31,2021-01-01,1,0,0,0,1,52.0,3.0,55.0,55,2,2020-11-09,2021-01-04,766,38,38,2020-12-31,2021-01-01,1,1,0.02631578947368421,1.0,41,False
WD_MERGE_2020-11-09---2021-01-04_duration_56_days_cluster_393_A0_000699_A_000848_lat_05106_lon_-0049_size_0220,INTE2107265A__20201228__20201229,INTE2107265A,2020-11-09,2021-01-04,2020-12-28,2020-12-29,1,0,0,0,1,49.0,6.0,55.0,55,2,2020-11-09,2021-01-04,766,38,38,2020-12-28,2020-12-29,1,1,0.02631578947368421,1.0,42,False
WD_MERGE_2020-11-09---2021-01-04_duration_56_days_cluster_393_A0_000699_A_000848_lat_05106_lon_-0049_size_0220,INTE2112076A__20201228__20201229,INTE2112076A,2020-11-09,2021-01-04,2020-12-28,2020-12-29,1,0,0,0,1,49.0,6.0,55.0,55,2,2020-11-09,2021-01-04,766,38,38,2020-12-28,2020-12-29,2,1,0.02631578947368421,1.0,43,False
WD_MERGE_2020-11-09---2021-01-04_duration_56_days_cluster_393_A0_000699_A_000848_lat_05106_lon_-0049_size_0220,INTE2112076A__20201229__20201230,INTE2112076A,2020-11-09,2021-01-04,2020-12-29,2020-12-30,1,0,0,0,1,50.0,5.0,55.0,55,2,2020-11-09,2021-01-04,766,38,38,2020-12-29,2020-12-30,1,1,0.02631578947368421,1.0,44,False
WD_MERGE_2020-11-09---2021-01-04_duration_56_days_cluster_393_A0_000699_A_000848_lat_05106_lon_-0049_size_0220,INTE2114774A__20201229__20201230,INTE2114774A,2020-11-09,2021-01-04,2020-12-29,2020-12-30,1,0,0,0,1,50.0,5.0,55.0,55,2,2020-11-09,2021-01-04,766,38,38,2020-12-29,2020-12-30,1,1,0.02631578947368421,1.0,45,False
WD_MERGE_2020-11-09---2021-01-04_duration_56_days_cluster_393_A0_000699_A_000848_lat_05106_lon_-0049_size_0220,INTE2118484A__20201228__20201229,INTE2118484A,2020-11-09,2021-01-04,2020-12-28,2020-12-29,1,0,0,0,1,49.0,6.0,55.0,55,2,2020-11-09,2021-01-04,766,38,38,2020-12-28,2020-12-29,1,1,0.02631578947368421,1.0,46,False
WD_MERGE_2020-11-09---2021-01-04_duration_56_days_cluster_393_A0_000699_A_000848_lat_05106_lon_-0049_size_0220,INTE2104714A__20201223__20201223,INTE2104714A,2020-11-09,2021-01-04,2020-12-23,2020-12-23,1,0,0,0,1,44.0,12.0,56.0,56,1,2020-11-09,2021-01-04,766,38,38,2020-12-23,2020-12-23,2,1,0.02631578947368421,1.0,47,False
WD_MERGE_2020-11-09---2021-01-04_duration_56_days_cluster_393_A0_000699_A_000848_lat_05106_lon_-0049_size_0220,INTE2104714A__20201228__20201228,INTE2104714A,2020-11-09,2021-01-04,2020-12-28,2020-12-28,1,0,0,0,1,49.0,7.0,56.0,56,1,2020-11-09,2021-01-04,766,38,38,2020-12-28,2020-12-28,1,1,0.02631578947368421,1.0,48,False
WD_MERGE_2020-11-09---2021-01-04_duration_56_days_cluster_393_A0_000699_A_000848_lat_05106_lon_-0049_size_0220,INTE2104714A__20201229__20201229,INTE2104714A,2020-11-09,2021-01-04,2020-12-29,2020-12-29,1,0,0,0,1,50.0,6.0,56.0,56,1,2020-11-09,2021-01-04,766,38,38,2020-12-29,2020-12-29,3,1,0.02631578947368421,1.0,49,False
WD_MERGE_2020-11-09---2021-01-04_duration_56_days_cluster_393_A0_000699_A_000848_lat_05106_lon_-0049_size_0220,INTE2119792A__20210105__20210106,INTE2119792A,2020-11-09,2021-01-04,2021-01-05,2021-01-06,1,0,0,0,1,57.0,2.0,59.0,59,0,2020-11-09,2021-01-04,766,38,38,2021-01-05,2021-01-06,3,1,0.02631578947368421,1.0,50,False
WD_MERGE_2020-11-09---2021-01-04_duration_56_days_cluster_393_A0_000699_A_000848_lat_05106_lon_-0049_size_0220,INTE2107265A__20201228__20210116,INTE2107265A,2020-11-09,2021-01-04,2020-12-28,2021-01-16,1,0,0,0,1,49.0,12.0,61.0,61,8,2020-11-09,2021-01-04,766,38,38,2020-12-28,2021-01-16,1,1,0.02631578947368421,1.0,51,False
WD_MERGE_2020-11-09---2021-01-04_duration_56_days_cluster_393_A0_000699_A_000848_lat_05106_lon_-0049_size_0220,INTE2201262A__20201201__20210228,INTE2201262A,2020-11-09,2021-01-04,2020-12-01,2021-02-28,1,0,0,0,1,22.0,55.0,77.0,77,35,2020-11-09,2021-01-04,766,38,38,2020-12-01,2021-02-28,12,1,0.02631578947368421,1.0,52,False
WD_MERGE_2020-11-09---2021-01-04_duration_56_days_cluster_393_A0_000699_A_000848_lat_05106_lon_-0049_size_0220,IOME2411920A__20210103__20210202,IOME2411920A,2020-11-09,2021-01-04,2021-01-03,2021-02-02,1,0,0,0,1,55.0,29.0,84.0,84,2,2020-11-09,2021-01-04,766,38,38,2021-01-03,2021-02-02,1,1,0.02631578947368421,1.0,53,False
WD_MERGE_2020-11-09---2021-01-04_duration_56_days_cluster_393_A0_000699_A_000848_lat_05106_lon_-0049_size_0220,INTE2430293A__20201231__20210227,INTE2430293A,2020-11-09,2021-01-04,2020-12-31,2021-02-27,1,0,0,0,1,52.0,54.0,106.0,106,5,2020-11-09,2021-01-04,766,38,38,2020-12-31,2021-02-27,14,1,0.02631578947368421,1.0,54,False
WD_MERGE_2020-11-09---2021-01-04_duration_56_days_cluster_393_A0_000699_A_000848_lat_05106_lon_-0049_size_0220,INTE2201262A__20210101__20210228,INTE2201262A,2020-11-09,2021-01-04,2021-01-01,2021-02-28,1,0,0,0,1,53.0,55.0,108.0,108,4,2020-11-09,2021-01-04,766,38,38,2021-01-01,2021-02-28,3,1,0.02631578947368421,1.0,55,False
WD_MERGE_2017-02-20---2017-04-10_duration_42_days_cluster_350_A0_000378_A_000500_lat_05217_lon_00437_size_0536,INTE1719705A__20170304__20170304,INTE1719705A,2017-02-20,2017-04-10,2017-03-04,2017-03-04,1,0,0,0,1,12.0,37.0,49.0,49,1,2017-02-20,2017-04-10,495,41,41,2017-03-04,2017-03-04,2,1,0.024390243902439025,1.0,1,True
WD_MERGE_2015-12-28---2016-02-22_duration_42_days_cluster_295_A0_001005_A_001282_lat_05056_lon_00078_size_0424,INTE1617716A__20160211__20160213,INTE1617716A,2015-12-28,2016-02-22,2016-02-11,2016-02-13,1,0,0,0,1,45.0,9.0,54.0,54,3,2015-12-28,2016-02-22,1127,41,41,2016-02-11,2016-02-13,1,1,0.024390243902439025,1.0,1,True
WD_MERGE_2015-12-28---2016-02-22_duration_42_days_cluster_295_A0_001005_A_001282_lat_05056_lon_00078_size_0424,INTE1620877A__20160211__20160212,INTE1620877A,2015-12-28,2016-02-22,2016-02-11,2016-02-12,1,0,0,0,1,45.0,10.0,55.0,55,2,2015-12-28,2016-02-22,1127,41,41,2016-02-11,2016-02-12,1,1,0.024390243902439025,1.0,2,False
WD_MERGE_2015-12-28---2016-02-22_duration_42_days_cluster_295_A0_001005_A_001282_lat_05056_lon_00078_size_0424,INTE1637220A__20160209__20160209,INTE1637220A,2015-12-28,2016-02-22,2016-02-09,2016-02-09,1,0,0,0,1,43.0,13.0,56.0,56,1,2015-12-28,2016-02-22,1127,41,41,2016-02-09,2016-02-09,1,1,0.024390243902439025,1.0,3,False
WD_MERGE_2017-02-20---2017-04-10_duration_42_days_cluster_350_A0_000378_A_000500_lat_05217_lon_00437_size_0536,INTE1711727A__20170213__20170215,INTE1711727A,2017-02-20,2017-04-10,2017-02-13,2017-02-15,1,0,0,0,1,7.0,54.0,61.0,61,0,2017-02-20,2017-04-10,495,41,41,2017-02-13,2017-02-15,1,1,0.024390243902439025,1.0,2,False
WD_MERGE_2015-12-28---2016-02-22_duration_42_days_cluster_295_A0_001005_A_001282_lat_05056_lon_00078_size_0424,INTE1610580A__20160209__20160209,INTE1610580A,2015-12-28,2016-02-22,2016-02-09,2016-02-09,1,0,0,0,1,43.0,13.0,56.0,56,1,2015-12-28,2016-02-22,1127,41,41,2016-02-09,2016-02-09,3,2,0.024390243902439025,0.5,4,False
WD_MERGE_2017-02-20---2017-04-10_duration_42_days_cluster_350_A0_000378_A_000500_lat_05217_lon_00437_size_0536,INTE1711727A__20170214__20170214,INTE1711727A,2017-02-20,2017-04-10,2017-02-14,2017-02-14,1,0,0,0,1,6.0,55.0,61.0,61,0,2017-02-20,2017-04-10,495,41,41,2017-02-14,2017-02-14,13,3,0.024390243902439025,0.3333333333333333,3,False
WD_MERGE_2017-02-20---2017-04-10_duration_42_days_cluster_350_A0_000378_A_000500_lat_05217_lon_00437_size_0536,INTE1711727A__20170213__20170214,INTE1711727A,2017-02-20,2017-04-10,2017-02-13,2017-02-14,1,0,0,0,1,7.0,55.0,62.0,62,0,2017-02-20,2017-04-10,495,41,41,2017-02-13,2017-02-14,25,3,0.024390243902439025,0.3333333333333333,4,False
WD_MERGE_2020-12-28---2021-02-08_duration_42_days_cluster_345_A0_001379_A_001714_lat_05131_lon_-0153_size_0295,IOME2411920A__20210103__20210202,IOME2411920A,2020-12-28,2021-02-08,2021-01-03,2021-02-02,1,0,1,0,1,6.0,6.0,12.0,12,31,2020-12-28,2021-02-08,1267,42,42,2021-01-03,2021-02-02,1,1,0.023809523809523808,1.0,9,False
WD_MERGE_2020-12-28---2021-02-08_duration_42_days_cluster_345_A0_001379_A_001714_lat_05131_lon_-0153_size_0295,INTE2430293A__20201231__20210227,INTE2430293A,2020-12-28,2021-02-08,2020-12-31,2021-02-27,1,0,0,0,1,3.0,19.0,22.0,22,40,2020-12-28,2021-02-08,1267,42,42,2020-12-31,2021-02-27,14,1,0.023809523809523808,1.0,10,False
WD_MERGE_2020-12-28---2021-02-08_duration_42_days_cluster_345_A0_001379_A_001714_lat_05131_lon_-0153_size_0295,INTE2107265A__20201228__20210116,INTE2107265A,2020-12-28,2021-02-08,2020-12-28,2021-01-16,1,0,0,0,1,0.0,23.0,23.0,23,20,2020-12-28,2021-02-08,1267,42,42,2020-12-28,2021-01-16,1,1,0.023809523809523808,1.0,11,False
WD_MERGE_2020-12-28---2021-02-08_duration_42_days_cluster_345_A0_001379_A_001714_lat_05131_lon_-0153_size_0295,INTE2107265A__20210114__20210215,INTE2107265A,2020-12-28,2021-02-08,2021-01-14,2021-02-15,1,0,0,0,1,17.0,7.0,24.0,24,26,2020-12-28,2021-02-08,1267,42,42,2021-01-14,2021-02-15,1,1,0.023809523809523808,1.0,12,False
WD_MERGE_2020-12-28---2021-02-08_duration_42_days_cluster_345_A0_001379_A_001714_lat_05131_lon_-0153_size_0295,INTE2201262A__20210101__20210228,INTE2201262A,2020-12-28,2021-02-08,2021-01-01,2021-02-28,1,0,0,0,1,4.0,20.0,24.0,24,39,2020-12-28,2021-02-08,1267,42,42,2021-01-01,2021-02-28,3,1,0.023809523809523808,1.0,13,False
WD_MERGE_2020-12-28---2021-02-08_duration_42_days_cluster_345_A0_001379_A_001714_lat_05131_lon_-0153_size_0295,INTE2105706A__20210114__20210124,INTE2105706A,2020-12-28,2021-02-08,2021-01-14,2021-01-24,1,0,0,0,1,17.0,15.0,32.0,32,11,2020-12-28,2021-02-08,1267,42,42,2021-01-14,2021-01-24,1,1,0.023809523809523808,1.0,14,False
WD_MERGE_2020-12-28---2021-02-08_duration_42_days_cluster_345_A0_001379_A_001714_lat_05131_lon_-0153_size_0295,INTE2105706A__20201228__20210106,INTE2105706A,2020-12-28,2021-02-08,2020-12-28,2021-01-06,1,0,0,0,1,0.0,33.0,33.0,33,10,2020-12-28,2021-02-08,1267,42,42,2020-12-28,2021-01-06,1,1,0.023809523809523808,1.0,15,False
WD_MERGE_2020-12-28---2021-02-08_duration_42_days_cluster_345_A0_001379_A_001714_lat_05131_lon_-0153_size_0295,INTE2112076A__20210129__20210207,INTE2112076A,2020-12-28,2021-02-08,2021-01-29,2021-02-07,1,0,0,0,1,32.0,1.0,33.0,33,10,2020-12-28,2021-02-08,1267,42,42,2021-01-29,2021-02-07,1,1,0.023809523809523808,1.0,16,False
WD_MERGE_2020-12-28---2021-02-08_duration_42_days_cluster_345_A0_001379_A_001714_lat_05131_lon_-0153_size_0295,INTE2105706A__20210128__20210205,INTE2105706A,2020-12-28,2021-02-08,2021-01-28,2021-02-05,1,0,0,0,1,31.0,3.0,34.0,34,9,2020-12-28,2021-02-08,1267,42,42,2021-01-28,2021-02-05,1,1,0.023809523809523808,1.0,17,False
WD_MERGE_2020-12-28---2021-02-08_duration_42_days_cluster_345_A0_001379_A_001714_lat_05131_lon_-0153_size_0295,INTE2105706A__20210128__20210211,INTE2105706A,2020-12-28,2021-02-08,2021-01-28,2021-02-11,1,0,0,0,1,31.0,3.0,34.0,34,12,2020-12-28,2021-02-08,1267,42,42,2021-01-28,2021-02-11,1,1,0.023809523809523808,1.0,18,False
WD_MERGE_2020-12-28---2021-02-08_duration_42_days_cluster_345_A0_001379_A_001714_lat_05131_lon_-0153_size_0295,INTE2107265A__20210130__20210207,INTE2107265A,2020-12-28,2021-02-08,2021-01-30,2021-02-07,1,0,0,0,1,33.0,1.0,34.0,34,9,2020-12-28,2021-02-08,1267,42,42,2021-01-30,2021-02-07,1,1,0.023809523809523808,1.0,19,False
WD_MERGE_2020-12-28---2021-02-08_duration_42_days_cluster_345_A0_001379_A_001714_lat_05131_lon_-0153_size_0295,INTE2112076A__20210131__20210208,INTE2112076A,2020-12-28,2021-02-08,2021-01-31,2021-02-08,1,0,0,0,1,34.0,0.0,34.0,34,9,2020-12-28,2021-02-08,1267,42,42,2021-01-31,2021-02-08,7,1,0.023809523809523808,1.0,20,False
WD_MERGE_2020-12-28---2021-02-08_duration_42_days_cluster_345_A0_001379_A_001714_lat_05131_lon_-0153_size_0295,IOME2411920A__20210131__20210208,IOME2411920A,2020-12-28,2021-02-08,2021-01-31,2021-02-08,1,0,0,0,1,34.0,0.0,34.0,34,9,2020-12-28,2021-02-08,1267,42,42,2021-01-31,2021-02-08,1,1,0.023809523809523808,1.0,21,False
WD_MERGE_2020-12-28---2021-02-08_duration_42_days_cluster_345_A0_001379_A_001714_lat_05131_lon_-0153_size_0295,INTE2112076A__20210201__20210208,INTE2112076A,2020-12-28,2021-02-08,2021-02-01,2021-02-08,1,0,0,0,1,35.0,0.0,35.0,35,8,2020-12-28,2021-02-08,1267,42,42,2021-02-01,2021-02-08,1,1,0.023809523809523808,1.0,22,False
WD_MERGE_2020-12-28---2021-02-08_duration_42_days_cluster_345_A0_001379_A_001714_lat_05131_lon_-0153_size_0295,INTE2201262A__20201201__20210131,INTE2201262A,2020-12-28,2021-02-08,2020-12-01,2021-01-31,1,0,0,0,1,27.0,8.0,35.0,35,35,2020-12-28,2021-02-08,1267,42,42,2020-12-01,2021-01-31,14,1,0.023809523809523808,1.0,23,False
WD_MERGE_2020-12-28---2021-02-08_duration_42_days_cluster_345_A0_001379_A_001714_lat_05131_lon_-0153_size_0295,INTE2105706A__20201227__20210104,INTE2105706A,2020-12-28,2021-02-08,2020-12-27,2021-01-04,1,0,0,0,1,1.0,35.0,36.0,36,8,2020-12-28,2021-02-08,1267,42,42,2020-12-27,2021-01-04,1,1,0.023809523809523808,1.0,24,False
WD_MERGE_2020-12-28---2021-02-08_duration_42_days_cluster_345_A0_001379_A_001714_lat_05131_lon_-0153_size_0295,INTE2105706A__20210201__20210209,INTE2105706A,2020-12-28,2021-02-08,2021-02-01,2021-02-09,1,0,0,0,1,35.0,1.0,36.0,36,8,2020-12-28,2021-02-08,1267,42,42,2021-02-01,2021-02-09,47,1,0.023809523809523808,1.0,25,False
WD_MERGE_2020-12-28---2021-02-08_duration_42_days_cluster_345_A0_001379_A_001714_lat_05131_lon_-0153_size_0295,INTE2107265A__20210129__20210204,INTE2107265A,2020-12-28,2021-02-08,2021-01-29,2021-02-04,1,0,0,0,1,32.0,4.0,36.0,36,7,2020-12-28,2021-02-08,1267,42,42,2021-01-29,2021-02-04,25,1,0.023809523809523808,1.0,26,False
WD_MERGE_2020-12-28---2021-02-08_duration_42_days_cluster_345_A0_001379_A_001714_lat_05131_lon_-0153_size_0295,INTE2107265A__20210201__20210209,INTE2107265A,2020-12-28,2021-02-08,2021-02-01,2021-02-09,1,0,0,0,1,35.0,1.0,36.0,36,8,2020-12-28,2021-02-08,1267,42,42,2021-02-01,2021-02-09,7,1,0.023809523809523808,1.0,27,False
WD_MERGE_2020-12-28---2021-02-08_duration_42_days_cluster_345_A0_001379_A_001714_lat_05131_lon_-0153_size_0295,INTE2112076A__20201227__20210104,INTE2112076A,2020-12-28,2021-02-08,2020-12-27,2021-01-04,1,0,0,0,1,1.0,35.0,36.0,36,8,2020-12-28,2021-02-08,1267,42,42,2020-12-27,2021-01-04,1,1,0.023809523809523808,1.0,28,False
WD_MERGE_2020-12-28---2021-02-08_duration_42_days_cluster_345_A0_001379_A_001714_lat_05131_lon_-0153_size_0295,INTE2112076A__20210201__20210209,INTE2112076A,2020-12-28,2021-02-08,2021-02-01,2021-02-09,1,0,0,0,1,35.0,1.0,36.0,36,8,2020-12-28,2021-02-08,1267,42,42,2021-02-01,2021-02-09,2,1,0.023809523809523808,1.0,29,False
WD_MERGE_2020-12-28---2021-02-08_duration_42_days_cluster_345_A0_001379_A_001714_lat_05131_lon_-0153_size_0295,INTE2119792A__20210201__20210209,INTE2119792A,2020-12-28,2021-02-08,2021-02-01,2021-02-09,1,0,0,0,1,35.0,1.0,36.0,36,8,2020-12-28,2021-02-08,1267,42,42,2021-02-01,2021-02-09,1,1,0.023809523809523808,1.0,30,False
WD_MERGE_2020-12-28---2021-02-08_duration_42_days_cluster_345_A0_001379_A_001714_lat_05131_lon_-0153_size_0295,IOME2411920A__20210201__20210207,IOME2411920A,2020-12-28,2021-02-08,2021-02-01,2021-02-07,1,0,0,0,1,35.0,1.0,36.0,36,7,2020-12-28,2021-02-08,1267,42,42,2021-02-01,2021-02-07,1,1,0.023809523809523808,1.0,31,False
WD_MERGE_2020-12-28---2021-02-08_duration_42_days_cluster_345_A0_001379_A_001714_lat_05131_lon_-0153_size_0295,IOME2411920A__20210202__20210208,IOME2411920A,2020-12-28,2021-02-08,2021-02-02,2021-02-08,1,0,0,0,1,36.0,0.0,36.0,36,7,2020-12-28,2021-02-08,1267,42,42,2021-02-02,2021-02-08,1,1,0.023809523809523808,1.0,32,False
WD_MERGE_2020-12-28---2021-02-08_duration_42_days_cluster_345_A0_001379_A_001714_lat_05131_lon_-0153_size_0295,INTE2104714A__20201227__20210103,INTE2104714A,2020-12-28,2021-02-08,2020-12-27,2021-01-03,1,0,0,0,1,1.0,36.0,37.0,37,7,2020-12-28,2021-02-08,1267,42,42,2020-12-27,2021-01-03,1,1,0.023809523809523808,1.0,33,False
WD_MERGE_2020-12-28---2021-02-08_duration_42_days_cluster_345_A0_001379_A_001714_lat_05131_lon_-0153_size_0295,INTE2104714A__20201230__20210104,INTE2104714A,2020-12-28,2021-02-08,2020-12-30,2021-01-04,1,0,0,0,1,2.0,35.0,37.0,37,6,2020-12-28,2021-02-08,1267,42,42,2020-12-30,2021-01-04,1,1,0.023809523809523808,1.0,34,False
WD_MERGE_2020-12-28---2021-02-08_duration_42_days_cluster_345_A0_001379_A_001714_lat_05131_lon_-0153_size_0295,INTE2104714A__20201231__20210105,INTE2104714A,2020-12-28,2021-02-08,2020-12-31,2021-01-05,1,0,0,0,1,3.0,34.0,37.0,37,6,2020-12-28,2021-02-08,1267,42,42,2020-12-31,2021-01-05,1,1,0.023809523809523808,1.0,35,False
WD_MERGE_2020-12-28---2021-02-08_duration_42_days_cluster_345_A0_001379_A_001714_lat_05131_lon_-0153_size_0295,INTE2105706A__20201230__20210104,INTE2105706A,2020-12-28,2021-02-08,2020-12-30,2021-01-04,1,0,0,0,1,2.0,35.0,37.0,37,6,2020-12-28,2021-02-08,1267,42,42,2020-12-30,2021-01-04,1,1,0.023809523809523808,1.0,36,False
WD_MERGE_2020-12-28---2021-02-08_duration_42_days_cluster_345_A0_001379_A_001714_lat_05131_lon_-0153_size_0295,INTE2105706A__20201231__20210105,INTE2105706A,2020-12-28,2021-02-08,2020-12-31,2021-01-05,1,0,0,0,1,3.0,34.0,37.0,37,6,2020-12-28,2021-02-08,1267,42,42,2020-12-31,2021-01-05,1,1,0.023809523809523808,1.0,37,False
WD_MERGE_2020-12-28---2021-02-08_duration_42_days_cluster_345_A0_001379_A_001714_lat_05131_lon_-0153_size_0295,INTE2107265A__20201227__20210103,INTE2107265A,2020-12-28,2021-02-08,2020-12-27,2021-01-03,1,0,0,0,1,1.0,36.0,37.0,37,7,2020-12-28,2021-02-08,1267,42,42,2020-12-27,2021-01-03,1,1,0.023809523809523808,1.0,38,False
WD_MERGE_2020-12-28---2021-02-08_duration_42_days_cluster_345_A0_001379_A_001714_lat_05131_lon_-0153_size_0295,INTE2112076A__20201230__20210104,INTE2112076A,2020-12-28,2021-02-08,2020-12-30,2021-01-04,1,0,0,0,1,2.0,35.0,37.0,37,6,2020-12-28,2021-02-08,1267,42,42,2020-12-30,2021-01-04,1,1,0.023809523809523808,1.0,39,False
WD_MERGE_2020-12-28---2021-02-08_duration_42_days_cluster_345_A0_001379_A_001714_lat_05131_lon_-0153_size_0295,INTE2112076A__20210201__20210210,INTE2112076A,2020-12-28,2021-02-08,2021-02-01,2021-02-10,1,0,0,0,1,35.0,2.0,37.0,37,8,2020-12-28,2021-02-08,1267,42,42,2021-02-01,2021-02-10,3,1,0.023809523809523808,1.0,40,False
WD_MERGE_2020-12-28---2021-02-08_duration_42_days_cluster_345_A0_001379_A_001714_lat_05131_lon_-0153_size_0295,IOME2411920A__20210201__20210210,IOME2411920A,2020-12-28,2021-02-08,2021-02-01,2021-02-10,1,0,0,0,1,35.0,2.0,37.0,37,8,2020-12-28,2021-02-08,1267,42,42,2021-02-01,2021-02-10,2,1,0.023809523809523808,1.0,41,False
WD_MERGE_2020-12-28---2021-02-08_duration_42_days_cluster_345_A0_001379_A_001714_lat_05131_lon_-0153_size_0295,IOME2411920A__20210202__20210209,IOME2411920A,2020-12-28,2021-02-08,2021-02-02,2021-02-09,1,0,0,0,1,36.0,1.0,37.0,37,7,2020-12-28,2021-02-08,1267,42,42,2021-02-02,2021-02-09,1,1,0.023809523809523808,1.0,42,False
WD_MERGE_2020-12-28---2021-02-08_duration_42_days_cluster_345_A0_001379_A_001714_lat_05131_lon_-0153_size_0295,INTE2104714A__20201227__20210102,INTE2104714A,2020-12-28,2021-02-08,2020-12-27,2021-01-02,1,0,0,0,1,1.0,37.0,38.0,38,6,2020-12-28,2021-02-08,1267,42,42,2020-12-27,2021-01-02,1,1,0.023809523809523808,1.0,43,False
WD_MERGE_2020-12-28---2021-02-08_duration_42_days_cluster_345_A0_001379_A_001714_lat_05131_lon_-0153_size_0295,INTE2104714A__20201229__20210102,INTE2104714A,2020-12-28,2021-02-08,2020-12-29,2021-01-02,1,0,0,0,1,1.0,37.0,38.0,38,5,2020-12-28,2021-02-08,1267,42,42,2020-12-29,2021-01-02,1,1,0.023809523809523808,1.0,44,False
WD_MERGE_2020-12-28---2021-02-08_duration_42_days_cluster_345_A0_001379_A_001714_lat_05131_lon_-0153_size_0295,INTE2105706A__20201230__20210103,INTE2105706A,2020-12-28,2021-02-08,2020-12-30,2021-01-03,1,0,0,0,1,2.0,36.0,38.0,38,5,2020-12-28,2021-02-08,1267,42,42,2020-12-30,2021-01-03,1,1,0.023809523809523808,1.0,45,False
WD_MERGE_2020-12-28---2021-02-08_duration_42_days_cluster_345_A0_001379_A_001714_lat_05131_lon_-0153_size_0295,INTE2105706A__20210203__20210209,INTE2105706A,2020-12-28,2021-02-08,2021-02-03,2021-02-09,1,0,0,0,1,37.0,1.0,38.0,38,6,2020-12-28,2021-02-08,1267,42,42,2021-02-03,2021-02-09,2,1,0.023809523809523808,1.0,46,False
WD_MERGE_2020-12-28---2021-02-08_duration_42_days_cluster_345_A0_001379_A_001714_lat_05131_lon_-0153_size_0295,INTE2107265A__20210203__20210209,INTE2107265A,2020-12-28,2021-02-08,2021-02-03,2021-02-09,1,0,0,0,1,37.0,1.0,38.0,38,6,2020-12-28,2021-02-08,1267,42,42,2021-02-03,2021-02-09,1,1,0.023809523809523808,1.0,47,False
WD_MERGE_2020-12-28---2021-02-08_duration_42_days_cluster_345_A0_001379_A_001714_lat_05131_lon_-0153_size_0295,INTE2112076A__20201229__20210102,INTE2112076A,2020-12-28,2021-02-08,2020-12-29,2021-01-02,1,0,0,0,1,1.0,37.0,38.0,38,5,2020-12-28,2021-02-08,1267,42,42,2020-12-29,2021-01-02,1,1,0.023809523809523808,1.0,48,False
WD_MERGE_2020-12-28---2021-02-08_duration_42_days_cluster_345_A0_001379_A_001714_lat_05131_lon_-0153_size_0295,INTE2119792A__20210131__20210204,INTE2119792A,2020-12-28,2021-02-08,2021-01-31,2021-02-04,1,0,0,0,1,34.0,4.0,38.0,38,5,2020-12-28,2021-02-08,1267,42,42,2021-01-31,2021-02-04,1,1,0.023809523809523808,1.0,49,False
WD_MERGE_2020-12-28---2021-02-08_duration_42_days_cluster_345_A0_001379_A_001714_lat_05131_lon_-0153_size_0295,IOME2410378A__20210203__20210209,IOME2410378A,2020-12-28,2021-02-08,2021-02-03,2021-02-09,1,0,0,0,1,37.0,1.0,38.0,38,6,2020-12-28,2021-02-08,1267,42,42,2021-02-03,2021-02-09,1,1,0.023809523809523808,1.0,50,False
WD_MERGE_2020-12-28---2021-02-08_duration_42_days_cluster_345_A0_001379_A_001714_lat_05131_lon_-0153_size_0295,IOME2411920A__20210131__20210204,IOME2411920A,2020-12-28,2021-02-08,2021-01-31,2021-02-04,1,0,0,0,1,34.0,4.0,38.0,38,5,2020-12-28,2021-02-08,1267,42,42,2021-01-31,2021-02-04,1,1,0.023809523809523808,1.0,51,False
WD_MERGE_2020-12-28---2021-02-08_duration_42_days_cluster_345_A0_001379_A_001714_lat_05131_lon_-0153_size_0295,IOME2411920A__20210201__20210205,IOME2411920A,2020-12-28,2021-02-08,2021-02-01,2021-02-05,1,0,0,0,1,35.0,3.0,38.0,38,5,2020-12-28,2021-02-08,1267,42,42,2021-02-01,2021-02-05,1,1,0.023809523809523808,1.0,52,False
WD_MERGE_2020-12-28---2021-02-08_duration_42_days_cluster_345_A0_001379_A_001714_lat_05131_lon_-0153_size_0295,IOME2411920A__20210203__20210209,IOME2411920A,2020-12-28,2021-02-08,2021-02-03,2021-02-09,1,0,0,0,1,37.0,1.0,38.0,38,6,2020-12-28,2021-02-08,1267,42,42,2021-02-03,2021-02-09,1,1,0.023809523809523808,1.0,53,False
WD_MERGE_2020-12-28---2021-02-08_duration_42_days_cluster_345_A0_001379_A_001714_lat_05131_lon_-0153_size_0295,INTE2104714A__20201227__20210101,INTE2104714A,2020-12-28,2021-02-08,2020-12-27,2021-01-01,1,0,0,0,1,1.0,38.0,39.0,39,5,2020-12-28,2021-02-08,1267,42,42,2020-12-27,2021-01-01,1,1,0.023809523809523808,1.0,54,False
WD_MERGE_2020-12-28---2021-02-08_duration_42_days_cluster_345_A0_001379_A_001714_lat_05131_lon_-0153_size_0295,INTE2104714A__20201228__20201231,INTE2104714A,2020-12-28,2021-02-08,2020-12-28,2020-12-31,1,0,0,0,1,0.0,39.0,39.0,39,4,2020-12-28,2021-02-08,1267,42,42,2020-12-28,2020-12-31,1,1,0.023809523809523808,1.0,55,False
WD_MERGE_2020-12-28---2021-02-08_duration_42_days_cluster_345_A0_001379_A_001714_lat_05131_lon_-0153_size_0295,INTE2105706A__20210128__20210131,INTE2105706A,2020-12-28,2021-02-08,2021-01-28,2021-01-31,1,0,0,0,1,31.0,8.0,39.0,39,4,2020-12-28,2021-02-08,1267,42,42,2021-01-28,2021-01-31,6,1,0.023809523809523808,1.0,56,False
WD_MERGE_2020-12-28---2021-02-08_duration_42_days_cluster_345_A0_001379_A_001714_lat_05131_lon_-0153_size_0295,INTE2112076A__20201229__20210101,INTE2112076A,2020-12-28,2021-02-08,2020-12-29,2021-01-01,1,0,0,0,1,1.0,38.0,39.0,39,4,2020-12-28,2021-02-08,1267,42,42,2020-12-29,2021-01-01,1,1,0.023809523809523808,1.0,57,False
WD_MERGE_2020-12-28---2021-02-08_duration_42_days_cluster_345_A0_001379_A_001714_lat_05131_lon_-0153_size_0295,INTE2114774A__20210201__20210204,INTE2114774A,2020-12-28,2021-02-08,2021-02-01,2021-02-04,1,0,0,0,1,35.0,4.0,39.0,39,4,2020-12-28,2021-02-08,1267,42,42,2021-02-01,2021-02-04,1,1,0.023809523809523808,1.0,58,False
WD_MERGE_2020-12-28---2021-02-08_duration_42_days_cluster_345_A0_001379_A_001714_lat_05131_lon_-0153_size_0295,INTE2119792A__20210130__20210202,INTE2119792A,2020-12-28,2021-02-08,2021-01-30,2021-02-02,1,0,0,0,1,33.0,6.0,39.0,39,4,2020-12-28,2021-02-08,1267,42,42,2021-01-30,2021-02-02,1,1,0.023809523809523808,1.0,59,False
WD_MERGE_2020-12-28---2021-02-08_duration_42_days_cluster_345_A0_001379_A_001714_lat_05131_lon_-0153_size_0295,IOME2410378A__20210122__20210125,IOME2410378A,2020-12-28,2021-02-08,2021-01-22,2021-01-25,1,0,0,0,1,25.0,14.0,39.0,39,4,2020-12-28,2021-02-08,1267,42,42,2021-01-22,2021-01-25,1,1,0.023809523809523808,1.0,60,False
WD_MERGE_2020-12-28---2021-02-08_duration_42_days_cluster_345_A0_001379_A_001714_lat_05131_lon_-0153_size_0295,IOME2411920A__20210201__20210204,IOME2411920A,2020-12-28,2021-02-08,2021-02-01,2021-02-04,1,0,0,0,1,35.0,4.0,39.0,39,4,2020-12-28,2021-02-08,1267,42,42,2021-02-01,2021-02-04,1,1,0.023809523809523808,1.0,61,False
WD_MERGE_2020-12-28---2021-02-08_duration_42_days_cluster_345_A0_001379_A_001714_lat_05131_lon_-0153_size_0295,INTE2101163A__20201228__20201230,INTE2101163A,2020-12-28,2021-02-08,2020-12-28,2020-12-30,1,0,0,0,1,0.0,40.0,40.0,40,3,2020-12-28,2021-02-08,1267,42,42,2020-12-28,2020-12-30,1,1,0.023809523809523808,1.0,62,False
WD_MERGE_2020-12-28---2021-02-08_duration_42_days_cluster_345_A0_001379_A_001714_lat_05131_lon_-0153_size_0295,INTE2104714A__20201228__20201230,INTE2104714A,2020-12-28,2021-02-08,2020-12-28,2020-12-30,1,0,0,0,1,0.0,40.0,40.0,40,3,2020-12-28,2021-02-08,1267,42,42,2020-12-28,2020-12-30,1,1,0.023809523809523808,1.0,63,False
WD_MERGE_2020-12-28---2021-02-08_duration_42_days_cluster_345_A0_001379_A_001714_lat_05131_lon_-0153_size_0295,INTE2104714A__20201229__20201231,INTE2104714A,2020-12-28,2021-02-08,2020-12-29,2020-12-31,1,0,0,0,1,1.0,39.0,40.0,40,3,2020-12-28,2021-02-08,1267,42,42,2020-12-29,2020-12-31,2,1,0.023809523809523808,1.0,64,False
WD_MERGE_2020-12-28---2021-02-08_duration_42_days_cluster_345_A0_001379_A_001714_lat_05131_lon_-0153_size_0295,INTE2104714A__20210101__20210103,INTE2104714A,2020-12-28,2021-02-08,2021-01-01,2021-01-03,1,0,0,0,1,4.0,36.0,40.0,40,3,2020-12-28,2021-02-08,1267,42,42,2021-01-01,2021-01-03,1,1,0.023809523809523808,1.0,65,False
WD_MERGE_2020-12-28---2021-02-08_duration_42_days_cluster_345_A0_001379_A_001714_lat_05131_lon_-0153_size_0295,INTE2105706A__20201227__20201231,INTE2105706A,2020-12-28,2021-02-08,2020-12-27,2020-12-31,1,0,0,0,1,1.0,39.0,40.0,40,4,2020-12-28,2021-02-08,1267,42,42,2020-12-27,2020-12-31,1,1,0.023809523809523808,1.0,66,False
WD_MERGE_2020-12-28---2021-02-08_duration_42_days_cluster_345_A0_001379_A_001714_lat_05131_lon_-0153_size_0295,INTE2105706A__20210114__20210116,INTE2105706A,2020-12-28,2021-02-08,2021-01-14,2021-01-16,1,0,0,0,1,17.0,23.0,40.0,40,3,2020-12-28,2021-02-08,1267,42,42,2021-01-14,2021-01-16,1,1,0.023809523809523808,1.0,67,False
WD_MERGE_2020-12-28---2021-02-08_duration_42_days_cluster_345_A0_001379_A_001714_lat_05131_lon_-0153_size_0295,INTE2107265A__20201227__20201231,INTE2107265A,2020-12-28,2021-02-08,2020-12-27,2020-12-31,1,0,0,0,1,1.0,39.0,40.0,40,4,2020-12-28,2021-02-08,1267,42,42,2020-12-27,2020-12-31,1,1,0.023809523809523808,1.0,68,False
WD_MERGE_2020-12-28---2021-02-08_duration_42_days_cluster_345_A0_001379_A_001714_lat_05131_lon_-0153_size_0295,INTE2107265A__20210201__20210203,INTE2107265A,2020-12-28,2021-02-08,2021-02-01,2021-02-03,1,0,0,0,1,35.0,5.0,40.0,40,3,2020-12-28,2021-02-08,1267,42,42,2021-02-01,2021-02-03,2,1,0.023809523809523808,1.0,69,False
WD_MERGE_2020-12-28---2021-02-08_duration_42_days_cluster_345_A0_001379_A_001714_lat_05131_lon_-0153_size_0295,INTE2107265A__20210202__20210212,INTE2107265A,2020-12-28,2021-02-08,2021-02-02,2021-02-12,1,0,0,0,1,36.0,4.0,40.0,40,7,2020-12-28,2021-02-08,1267,42,42,2021-02-02,2021-02-12,2,1,0.023809523809523808,1.0,70,False
WD_MERGE_2020-12-28---2021-02-08_duration_42_days_cluster_345_A0_001379_A_001714_lat_05131_lon_-0153_size_0295,INTE2112076A__20201228__20201230,INTE2112076A,2020-12-28,2021-02-08,2020-12-28,2020-12-30,1,0,0,0,1,0.0,40.0,40.0,40,3,2020-12-28,2021-02-08,1267,42,42,2020-12-28,2020-12-30,1,1,0.023809523809523808,1.0,71,False
WD_MERGE_2020-12-28---2021-02-08_duration_42_days_cluster_345_A0_001379_A_001714_lat_05131_lon_-0153_size_0295,INTE2112076A__20210201__20210203,INTE2112076A,2020-12-28,2021-02-08,2021-02-01,2021-02-03,1,0,0,0,1,35.0,5.0,40.0,40,3,2020-12-28,2021-02-08,1267,42,42,2021-02-01,2021-02-03,1,1,0.023809523809523808,1.0,72,False
WD_MERGE_2020-12-28---2021-02-08_duration_42_days_cluster_345_A0_001379_A_001714_lat_05131_lon_-0153_size_0295,INTE2114774A__20210131__20210202,INTE2114774A,2020-12-28,2021-02-08,2021-01-31,2021-02-02,1,0,0,0,1,34.0,6.0,40.0,40,3,2020-12-28,2021-02-08,1267,42,42,2021-01-31,2021-02-02,1,1,0.023809523809523808,1.0,73,False
WD_MERGE_2020-12-28---2021-02-08_duration_42_days_cluster_345_A0_001379_A_001714_lat_05131_lon_-0153_size_0295,INTE2119792A__20210202__20210204,INTE2119792A,2020-12-28,2021-02-08,2021-02-02,2021-02-04,1,0,0,0,1,36.0,4.0,40.0,40,3,2020-12-28,2021-02-08,1267,42,42,2021-02-02,2021-02-04,1,1,0.023809523809523808,1.0,74,False
WD_MERGE_2020-12-28---2021-02-08_duration_42_days_cluster_345_A0_001379_A_001714_lat_05131_lon_-0153_size_0295,INTE2127287A__20210130__20210201,INTE2127287A,2020-12-28,2021-02-08,2021-01-30,2021-02-01,1,0,0,0,1,33.0,7.0,40.0,40,3,2020-12-28,2021-02-08,1267,42,42,2021-01-30,2021-02-01,1,1,0.023809523809523808,1.0,75,False
WD_MERGE_2020-12-28---2021-02-08_duration_42_days_cluster_345_A0_001379_A_001714_lat_05131_lon_-0153_size_0295,IOME2313527A__20210201__20210203,IOME2313527A,2020-12-28,2021-02-08,2021-02-01,2021-02-03,1,0,0,0,1,35.0,5.0,40.0,40,3,2020-12-28,2021-02-08,1267,42,42,2021-02-01,2021-02-03,1,1,0.023809523809523808,1.0,76,False
WD_MERGE_2020-12-28---2021-02-08_duration_42_days_cluster_345_A0_001379_A_001714_lat_05131_lon_-0153_size_0295,IOME2410378A__20210201__20210203,IOME2410378A,2020-12-28,2021-02-08,2021-02-01,2021-02-03,1,0,0,0,1,35.0,5.0,40.0,40,3,2020-12-28,2021-02-08,1267,42,42,2021-02-01,2021-02-03,1,1,0.023809523809523808,1.0,77,False
WD_MERGE_2020-12-28---2021-02-08_duration_42_days_cluster_345_A0_001379_A_001714_lat_05131_lon_-0153_size_0295,INTE2101163A__20201229__20201230,INTE2101163A,2020-12-28,2021-02-08,2020-12-29,2020-12-30,1,0,0,0,1,1.0,40.0,41.0,41,2,2020-12-28,2021-02-08,1267,42,42,2020-12-29,2020-12-30,3,1,0.023809523809523808,1.0,78,False
WD_MERGE_2020-12-28---2021-02-08_duration_42_days_cluster_345_A0_001379_A_001714_lat_05131_lon_-0153_size_0295,INTE2104714A__20201227__20201230,INTE2104714A,2020-12-28,2021-02-08,2020-12-27,2020-12-30,1,0,0,0,1,1.0,40.0,41.0,41,3,2020-12-28,2021-02-08,1267,42,42,2020-12-27,2020-12-30,1,1,0.023809523809523808,1.0,79,False
WD_MERGE_2020-12-28---2021-02-08_duration_42_days_cluster_345_A0_001379_A_001714_lat_05131_lon_-0153_size_0295,INTE2104714A__20201231__20210101,INTE2104714A,2020-12-28,2021-02-08,2020-12-31,2021-01-01,1,0,0,0,1,3.0,38.0,41.0,41,2,2020-12-28,2021-02-08,1267,42,42,2020-12-31,2021-01-01,1,1,0.023809523809523808,1.0,80,False
WD_MERGE_2020-12-28---2021-02-08_duration_42_days_cluster_345_A0_001379_A_001714_lat_05131_lon_-0153_size_0295,INTE2104714A__20210115__20210116,INTE2104714A,2020-12-28,2021-02-08,2021-01-15,2021-01-16,1,0,0,0,1,18.0,23.0,41.0,41,2,2020-12-28,2021-02-08,1267,42,42,2021-01-15,2021-01-16,1,1,0.023809523809523808,1.0,81,False
WD_MERGE_2020-12-28---2021-02-08_duration_42_days_cluster_345_A0_001379_A_001714_lat_05131_lon_-0153_size_0295,INTE2105706A__20210131__20210201,INTE2105706A,2020-12-28,2021-02-08,2021-01-31,2021-02-01,1,0,0,0,1,34.0,7.0,41.0,41,2,2020-12-28,2021-02-08,1267,42,42,2021-01-31,2021-02-01,1,1,0.023809523809523808,1.0,82,False
WD_MERGE_2020-12-28---2021-02-08_duration_42_days_cluster_345_A0_001379_A_001714_lat_05131_lon_-0153_size_0295,INTE2107265A__20201228__20201229,INTE2107265A,2020-12-28,2021-02-08,2020-12-28,2020-12-29,1,0,0,0,1,0.0,41.0,41.0,41,2,2020-12-28,2021-02-08,1267,42,42,2020-12-28,2020-12-29,1,1,0.023809523809523808,1.0,83,False
WD_MERGE_2020-12-28---2021-02-08_duration_42_days_cluster_345_A0_001379_A_001714_lat_05131_lon_-0153_size_0295,INTE2112076A__20201228__20201229,INTE2112076A,2020-12-28,2021-02-08,2020-12-28,2020-12-29,1,0,0,0,1,0.0,41.0,41.0,41,2,2020-12-28,2021-02-08,1267,42,42,2020-12-28,2020-12-29,2,1,0.023809523809523808,1.0,84,False
WD_MERGE_2020-12-28---2021-02-08_duration_42_days_cluster_345_A0_001379_A_001714_lat_05131_lon_-0153_size_0295,INTE2112076A__20201229__20201230,INTE2112076A,2020-12-28,2021-02-08,2020-12-29,2020-12-30,1,0,0,0,1,1.0,40.0,41.0,41,2,2020-12-28,2021-02-08,1267,42,42,2020-12-29,2020-12-30,1,1,0.023809523809523808,1.0,85,False
WD_MERGE_2020-12-28---2021-02-08_duration_42_days_cluster_345_A0_001379_A_001714_lat_05131_lon_-0153_size_0295,INTE2114774A__20201229__20201230,INTE2114774A,2020-12-28,2021-02-08,2020-12-29,2020-12-30,1,0,0,0,1,1.0,40.0,41.0,41,2,2020-12-28,2021-02-08,1267,42,42,2020-12-29,2020-12-30,1,1,0.023809523809523808,1.0,86,False
WD_MERGE_2020-12-28---2021-02-08_duration_42_days_cluster_345_A0_001379_A_001714_lat_05131_lon_-0153_size_0295,INTE2118484A__20201228__20201229,INTE2118484A,2020-12-28,2021-02-08,2020-12-28,2020-12-29,1,0,0,0,1,0.0,41.0,41.0,41,2,2020-12-28,2021-02-08,1267,42,42,2020-12-28,2020-12-29,1,1,0.023809523809523808,1.0,87,False
WD_MERGE_2020-12-28---2021-02-08_duration_42_days_cluster_345_A0_001379_A_001714_lat_05131_lon_-0153_size_0295,INTE2118484A__20210121__20210122,INTE2118484A,2020-12-28,2021-02-08,2021-01-21,2021-01-22,1,0,0,0,1,24.0,17.0,41.0,41,2,2020-12-28,2021-02-08,1267,42,42,2021-01-21,2021-01-22,1,1,0.023809523809523808,1.0,88,False
WD_MERGE_2020-12-28---2021-02-08_duration_42_days_cluster_345_A0_001379_A_001714_lat_05131_lon_-0153_size_0295,INTE2119792A__20210105__20210106,INTE2119792A,2020-12-28,2021-02-08,2021-01-05,2021-01-06,1,0,0,0,1,8.0,33.0,41.0,41,2,2020-12-28,2021-02-08,1267,42,42,2021-01-05,2021-01-06,3,1,0.023809523809523808,1.0,89,False
WD_MERGE_2020-12-28---2021-02-08_duration_42_days_cluster_345_A0_001379_A_001714_lat_05131_lon_-0153_size_0295,IOME2411920A__20210201__20210202,IOME2411920A,2020-12-28,2021-02-08,2021-02-01,2021-02-02,1,0,0,0,1,35.0,6.0,41.0,41,2,2020-12-28,2021-02-08,1267,42,42,2021-02-01,2021-02-02,1,1,0.023809523809523808,1.0,90,False
WD_MERGE_2020-12-28---2021-02-08_duration_42_days_cluster_345_A0_001379_A_001714_lat_05131_lon_-0153_size_0295,INTE2101163A__20201227__20201229,INTE2101163A,2020-12-28,2021-02-08,2020-12-27,2020-12-29,1,0,0,0,1,1.0,41.0,42.0,42,2,2020-12-28,2021-02-08,1267,42,42,2020-12-27,2020-12-29,1,1,0.023809523809523808,1.0,91,False
WD_MERGE_2020-12-28---2021-02-08_duration_42_days_cluster_345_A0_001379_A_001714_lat_05131_lon_-0153_size_0295,INTE2104714A__20201227__20201229,INTE2104714A,2020-12-28,2021-02-08,2020-12-27,2020-12-29,1,0,0,0,1,1.0,41.0,42.0,42,2,2020-12-28,2021-02-08,1267,42,42,2020-12-27,2020-12-29,6,1,0.023809523809523808,1.0,92,False
WD_MERGE_2020-12-28---2021-02-08_duration_42_days_cluster_345_A0_001379_A_001714_lat_05131_lon_-0153_size_0295,INTE2104714A__20201228__20201228,INTE2104714A,2020-12-28,2021-02-08,2020-12-28,2020-12-28,1,0,0,0,1,0.0,42.0,42.0,42,1,2020-12-28,2021-02-08,1267,42,42,2020-12-28,2020-12-28,1,1,0.023809523809523808,1.0,93,False
WD_MERGE_2020-12-28---2021-02-08_duration_42_days_cluster_345_A0_001379_A_001714_lat_05131_lon_-0153_size_0295,INTE2104714A__20201229__20201229,INTE2104714A,2020-12-28,2021-02-08,2020-12-29,2020-12-29,1,0,0,0,1,1.0,41.0,42.0,42,1,2020-12-28,2021-02-08,1267,42,42,2020-12-29,2020-12-29,3,1,0.023809523809523808,1.0,94,False
WD_MERGE_2020-12-28---2021-02-08_duration_42_days_cluster_345_A0_001379_A_001714_lat_05131_lon_-0153_size_0295,INTE2104714A__20210114__20210114,INTE2104714A,2020-12-28,2021-02-08,2021-01-14,2021-01-14,1,0,0,0,1,17.0,25.0,42.0,42,1,2020-12-28,2021-02-08,1267,42,42,2021-01-14,2021-01-14,1,1,0.023809523809523808,1.0,95,False
WD_MERGE_2020-12-28---2021-02-08_duration_42_days_cluster_345_A0_001379_A_001714_lat_05131_lon_-0153_size_0295,INTE2105706A__20201227__20201229,INTE2105706A,2020-12-28,2021-02-08,2020-12-27,2020-12-29,1,0,0,0,1,1.0,41.0,42.0,42,2,2020-12-28,2021-02-08,1267,42,42,2020-12-27,2020-12-29,1,1,0.023809523809523808,1.0,96,False
WD_MERGE_2020-12-28---2021-02-08_duration_42_days_cluster_345_A0_001379_A_001714_lat_05131_lon_-0153_size_0295,INTE2107265A__20210129__20210129,INTE2107265A,2020-12-28,2021-02-08,2021-01-29,2021-01-29,1,0,0,0,1,32.0,10.0,42.0,42,1,2020-12-28,2021-02-08,1267,42,42,2021-01-29,2021-01-29,1,1,0.023809523809523808,1.0,97,False
WD_MERGE_2020-12-28---2021-02-08_duration_42_days_cluster_345_A0_001379_A_001714_lat_05131_lon_-0153_size_0295,INTE2112076A__20201227__20201229,INTE2112076A,2020-12-28,2021-02-08,2020-12-27,2020-12-29,1,0,0,0,1,1.0,41.0,42.0,42,2,2020-12-28,2021-02-08,1267,42,42,2020-12-27,2020-12-29,1,1,0.023809523809523808,1.0,98,False
WD_MERGE_2020-12-28---2021-02-08_duration_42_days_cluster_345_A0_001379_A_001714_lat_05131_lon_-0153_size_0295,INTE2112076A__20210114__20210114,INTE2112076A,2020-12-28,2021-02-08,2021-01-14,2021-01-14,1,0,0,0,1,17.0,25.0,42.0,42,1,2020-12-28,2021-02-08,1267,42,42,2021-01-14,2021-01-14,1,1,0.023809523809523808,1.0,99,False
WD_MERGE_2020-12-28---2021-02-08_duration_42_days_cluster_345_A0_001379_A_001714_lat_05131_lon_-0153_size_0295,INTE2112076A__20210122__20210122,INTE2112076A,2020-12-28,2021-02-08,2021-01-22,2021-01-22,1,0,0,0,1,25.0,17.0,42.0,42,1,2020-12-28,2021-02-08,1267,42,42,2021-01-22,2021-01-22,1,1,0.023809523809523808,1.0,100,False
WD_MERGE_2020-12-28---2021-02-08_duration_42_days_cluster_345_A0_001379_A_001714_lat_05131_lon_-0153_size_0295,INTE2114774A__20210129__20210129,INTE2114774A,2020-12-28,2021-02-08,2021-01-29,2021-01-29,1,0,0,0,1,32.0,10.0,42.0,42,1,2020-12-28,2021-02-08,1267,42,42,2021-01-29,2021-01-29,1,1,0.023809523809523808,1.0,101,False
WD_MERGE_2020-12-28---2021-02-08_duration_42_days_cluster_345_A0_001379_A_001714_lat_05131_lon_-0153_size_0295,INTE2118484A__20210129__20210129,INTE2118484A,2020-12-28,2021-02-08,2021-01-29,2021-01-29,1,0,0,0,1,32.0,10.0,42.0,42,1,2020-12-28,2021-02-08,1267,42,42,2021-01-29,2021-01-29,1,1,0.023809523809523808,1.0,102,False
WD_MERGE_2020-12-28---2021-02-08_duration_42_days_cluster_345_A0_001379_A_001714_lat_05131_lon_-0153_size_0295,INTE2119792A__20210129__20210129,INTE2119792A,2020-12-28,2021-02-08,2021-01-29,2021-01-29,1,0,0,0,1,32.0,10.0,42.0,42,1,2020-12-28,2021-02-08,1267,42,42,2021-01-29,2021-01-29,1,1,0.023809523809523808,1.0,103,False
WD_MERGE_2020-12-28---2021-02-08_duration_42_days_cluster_345_A0_001379_A_001714_lat_05131_lon_-0153_size_0295,INTE2114774A__20210203__20210216,INTE2114774A,2020-12-28,2021-02-08,2021-02-03,2021-02-16,1,0,0,0,1,37.0,8.0,45.0,45,6,2020-12-28,2021-02-08,1267,42,42,2021-02-03,2021-02-16,5,1,0.023809523809523808,1.0,104,False
WD_MERGE_2020-12-28---2021-02-08_duration_42_days_cluster_345_A0_001379_A_001714_lat_05131_lon_-0153_size_0295,INTE2121339A__20210203__20210216,INTE2121339A,2020-12-28,2021-02-08,2021-02-03,2021-02-16,1,0,0,0,1,37.0,8.0,45.0,45,6,2020-12-28,2021-02-08,1267,42,42,2021-02-03,2021-02-16,1,1,0.023809523809523808,1.0,105,False
WD_MERGE_2020-12-28---2021-02-08_duration_42_days_cluster_345_A0_001379_A_001714_lat_05131_lon_-0153_size_0295,IOME2411920A__20210203__20210216,IOME2411920A,2020-12-28,2021-02-08,2021-02-03,2021-02-16,1,0,0,0,1,37.0,8.0,45.0,45,6,2020-12-28,2021-02-08,1267,42,42,2021-02-03,2021-02-16,1,1,0.023809523809523808,1.0,106,False
WD_MERGE_2020-12-28---2021-02-08_duration_42_days_cluster_345_A0_001379_A_001714_lat_05131_lon_-0153_size_0295,INTE2201262A__20201201__20210228,INTE2201262A,2020-12-28,2021-02-08,2020-12-01,2021-02-28,1,0,0,0,1,27.0,20.0,47.0,47,43,2020-12-28,2021-02-08,1267,42,42,2020-12-01,2021-02-28,12,1,0.023809523809523808,1.0,107,False
WD_MERGE_2020-12-28---2021-02-08_duration_42_days_cluster_345_A0_001379_A_001714_lat_05131_lon_-0153_size_0295,INTE2104714A__20201223__20201223,INTE2104714A,2020-12-28,2021-02-08,2020-12-23,2020-12-23,1,0,0,0,1,5.0,47.0,52.0,52,0,2020-12-28,2021-02-08,1267,42,42,2020-12-23,2020-12-23,2,1,0.023809523809523808,1.0,108,False
WD_MERGE_2020-12-28---2021-02-08_duration_42_days_cluster_345_A0_001379_A_001714_lat_05131_lon_-0153_size_0295,IOME2311006A__20210201__20210228,IOME2311006A,2020-12-28,2021-02-08,2021-02-01,2021-02-28,1,0,0,0,1,35.0,20.0,55.0,55,8,2020-12-28,2021-02-08,1267,42,42,2021-02-01,2021-02-28,1,1,0.023809523809523808,1.0,109,False
WD_MERGE_2020-12-28---2021-02-08_duration_42_days_cluster_345_A0_001379_A_001714_lat_05131_lon_-0153_size_0295,INTE2112076A__20210201__20210204,INTE2112076A,2020-12-28,2021-02-08,2021-02-01,2021-02-04,1,0,0,0,1,35.0,4.0,39.0,39,4,2020-12-28,2021-02-08,1267,42,42,2021-02-01,2021-02-04,6,2,0.023809523809523808,0.5,110,False
WD_MERGE_2020-12-28---2021-02-08_duration_42_days_cluster_345_A0_001379_A_001714_lat_05131_lon_-0153_size_0295,INTE2118484A__20210201__20210202,INTE2118484A,2020-12-28,2021-02-08,2021-02-01,2021-02-02,1,0,0,0,1,35.0,6.0,41.0,41,2,2020-12-28,2021-02-08,1267,42,42,2021-02-01,2021-02-02,2,2,0.023809523809523808,0.5,111,False
WD_MERGE_2020-12-28---2021-02-08_duration_42_days_cluster_345_A0_001379_A_001714_lat_05131_lon_-0153_size_0295,INTE2105706A__20210201__20210204,INTE2105706A,2020-12-28,2021-02-08,2021-02-01,2021-02-04,1,0,0,0,1,35.0,4.0,39.0,39,4,2020-12-28,2021-02-08,1267,42,42,2021-02-01,2021-02-04,27,3,0.023809523809523808,0.3333333333333333,112,False
WD_MERGE_2023-11-27---2023-12-25_duration_28_days_cluster_355_A0_001153_A_001442_lat_04922_lon_00020_size_0374,INTE2525618A__20231130__20231230,INTE2525618A,2023-11-27,2023-12-25,2023-11-30,2023-12-30,1,0,1,0,1,3.0,5.0,8.0,8,26,2023-11-27,2023-12-25,1491,44,44,2023-11-30,2023-12-30,1,1,0.022727272727272728,1.0,12,False
WD_MERGE_2023-11-27---2023-12-25_duration_28_days_cluster_355_A0_001153_A_001442_lat_04922_lon_00020_size_0374,IOME2402725A__20231206__20231224,IOME2402725A,2023-11-27,2023-12-25,2023-12-06,2023-12-24,1,0,0,0,1,9.0,1.0,10.0,10,19,2023-11-27,2023-12-25,1491,44,44,2023-12-06,2023-12-24,4,1,0.022727272727272728,1.0,13,False
WD_MERGE_2023-11-27---2023-12-25_duration_28_days_cluster_355_A0_001153_A_001442_lat_04922_lon_00020_size_0374,IOME2403657A__20231206__20231224,IOME2403657A,2023-11-27,2023-12-25,2023-12-06,2023-12-24,1,0,0,0,1,9.0,1.0,10.0,10,19,2023-11-27,2023-12-25,1491,44,44,2023-12-06,2023-12-24,4,1,0.022727272727272728,1.0,14,False
WD_MERGE_2023-11-27---2023-12-25_duration_28_days_cluster_355_A0_001153_A_001442_lat_04922_lon_00020_size_0374,IOME2407754A__20231206__20231224,IOME2407754A,2023-11-27,2023-12-25,2023-12-06,2023-12-24,1,0,0,0,1,9.0,1.0,10.0,10,19,2023-11-27,2023-12-25,1491,44,44,2023-12-06,2023-12-24,7,1,0.022727272727272728,1.0,15,False
WD_MERGE_2023-11-27---2023-12-25_duration_28_days_cluster_355_A0_001153_A_001442_lat_04922_lon_00020_size_0374,IOME2413412A__20231206__20231224,IOME2413412A,2023-11-27,2023-12-25,2023-12-06,2023-12-24,1,0,0,0,1,9.0,1.0,10.0,10,19,2023-11-27,2023-12-25,1491,44,44,2023-12-06,2023-12-24,1,1,0.022727272727272728,1.0,16,False
WD_MERGE_2023-11-27---2023-12-25_duration_28_days_cluster_355_A0_001153_A_001442_lat_04922_lon_00020_size_0374,IOME2415880A__20231206__20231224,IOME2415880A,2023-11-27,2023-12-25,2023-12-06,2023-12-24,1,0,0,0,1,9.0,1.0,10.0,10,19,2023-11-27,2023-12-25,1491,44,44,2023-12-06,2023-12-24,1,1,0.022727272727272728,1.0,17,False
WD_MERGE_2023-11-27---2023-12-25_duration_28_days_cluster_355_A0_001153_A_001442_lat_04922_lon_00020_size_0374,IOME2407754A__20231130__20231216,IOME2407754A,2023-11-27,2023-12-25,2023-11-30,2023-12-16,1,0,0,0,1,3.0,9.0,12.0,12,17,2023-11-27,2023-12-25,1491,44,44,2023-11-30,2023-12-16,3,1,0.022727272727272728,1.0,18,False
WD_MERGE_2023-11-27---2023-12-25_duration_28_days_cluster_355_A0_001153_A_001442_lat_04922_lon_00020_size_0374,IOME2413412A__20231130__20231216,IOME2413412A,2023-11-27,2023-12-25,2023-11-30,2023-12-16,1,0,0,0,1,3.0,9.0,12.0,12,17,2023-11-27,2023-12-25,1491,44,44,2023-11-30,2023-12-16,1,1,0.022727272727272728,1.0,19,False
WD_MERGE_2023-11-27---2023-12-25_duration_28_days_cluster_355_A0_001153_A_001442_lat_04922_lon_00020_size_0374,IOME2410378A__20231206__20231220,IOME2410378A,2023-11-27,2023-12-25,2023-12-06,2023-12-20,1,0,0,0,1,9.0,5.0,14.0,14,15,2023-11-27,2023-12-25,1491,44,44,2023-12-06,2023-12-20,1,1,0.022727272727272728,1.0,20,False
WD_MERGE_2023-11-27---2023-12-25_duration_28_days_cluster_355_A0_001153_A_001442_lat_04922_lon_00020_size_0374,IOME2413412A__20231130__20231212,IOME2413412A,2023-11-27,2023-12-25,2023-11-30,2023-12-12,1,0,0,0,1,3.0,13.0,16.0,16,13,2023-11-27,2023-12-25,1491,44,44,2023-11-30,2023-12-12,1,1,0.022727272727272728,1.0,21,False
WD_MERGE_2023-11-27---2023-12-25_duration_28_days_cluster_355_A0_001153_A_001442_lat_04922_lon_00020_size_0374,IOME2407754A__20231212__20231221,IOME2407754A,2023-11-27,2023-12-25,2023-12-12,2023-12-21,1,0,0,0,1,15.0,4.0,19.0,19,10,2023-11-27,2023-12-25,1491,44,44,2023-12-12,2023-12-21,1,1,0.022727272727272728,1.0,22,False
WD_MERGE_2023-11-27---2023-12-25_duration_28_days_cluster_355_A0_001153_A_001442_lat_04922_lon_00020_size_0374,IOME2403657A__20231210__20231217,IOME2403657A,2023-11-27,2023-12-25,2023-12-10,2023-12-17,1,0,0,0,1,13.0,8.0,21.0,21,8,2023-11-27,2023-12-25,1491,44,44,2023-12-10,2023-12-17,2,1,0.022727272727272728,1.0,23,False
WD_MERGE_2023-11-27---2023-12-25_duration_28_days_cluster_355_A0_001153_A_001442_lat_04922_lon_00020_size_0374,IOME2403657A__20231211__20231218,IOME2403657A,2023-11-27,2023-12-25,2023-12-11,2023-12-18,1,0,0,0,1,14.0,7.0,21.0,21,8,2023-11-27,2023-12-25,1491,44,44,2023-12-11,2023-12-18,1,1,0.022727272727272728,1.0,24,False
WD_MERGE_2023-11-27---2023-12-25_duration_28_days_cluster_355_A0_001153_A_001442_lat_04922_lon_00020_size_0374,IOME2403657A__20231213__20231220,IOME2403657A,2023-11-27,2023-12-25,2023-12-13,2023-12-20,1,0,0,0,1,16.0,5.0,21.0,21,8,2023-11-27,2023-12-25,1491,44,44,2023-12-13,2023-12-20,1,1,0.022727272727272728,1.0,25,False
WD_MERGE_2023-11-27---2023-12-25_duration_28_days_cluster_355_A0_001153_A_001442_lat_04922_lon_00020_size_0374,IOME2410378A__20231209__20231216,IOME2410378A,2023-11-27,2023-12-25,2023-12-09,2023-12-16,1,0,0,0,1,12.0,9.0,21.0,21,8,2023-11-27,2023-12-25,1491,44,44,2023-12-09,2023-12-16,1,1,0.022727272727272728,1.0,26,False
WD_MERGE_2023-11-27---2023-12-25_duration_28_days_cluster_355_A0_001153_A_001442_lat_04922_lon_00020_size_0374,IOME2407754A__20231212__20231217,IOME2407754A,2023-11-27,2023-12-25,2023-12-12,2023-12-17,1,0,0,0,1,15.0,8.0,23.0,23,6,2023-11-27,2023-12-25,1491,44,44,2023-12-12,2023-12-17,1,1,0.022727272727272728,1.0,27,False
WD_MERGE_2023-11-27---2023-12-25_duration_28_days_cluster_355_A0_001153_A_001442_lat_04922_lon_00020_size_0374,IOME2403657A__20231209__20231213,IOME2403657A,2023-11-27,2023-12-25,2023-12-09,2023-12-13,1,0,0,0,1,12.0,12.0,24.0,24,5,2023-11-27,2023-12-25,1491,44,44,2023-12-09,2023-12-13,1,1,0.022727272727272728,1.0,28,False
WD_MERGE_2023-11-27---2023-12-25_duration_28_days_cluster_355_A0_001153_A_001442_lat_04922_lon_00020_size_0374,IOME2403657A__20231211__20231215,IOME2403657A,2023-11-27,2023-12-25,2023-12-11,2023-12-15,1,0,0,0,1,14.0,10.0,24.0,24,5,2023-11-27,2023-12-25,1491,44,44,2023-12-11,2023-12-15,2,1,0.022727272727272728,1.0,29,False
WD_MERGE_2023-11-27---2023-12-25_duration_28_days_cluster_355_A0_001153_A_001442_lat_04922_lon_00020_size_0374,INTE2424582A__20231209__20231212,INTE2424582A,2023-11-27,2023-12-25,2023-12-09,2023-12-12,1,0,0,0,1,12.0,13.0,25.0,25,4,2023-11-27,2023-12-25,1491,44,44,2023-12-09,2023-12-12,1,1,0.022727272727272728,1.0,30,False
WD_MERGE_2023-11-27---2023-12-25_duration_28_days_cluster_355_A0_001153_A_001442_lat_04922_lon_00020_size_0374,INTE2424582A__20231213__20231216,INTE2424582A,2023-11-27,2023-12-25,2023-12-13,2023-12-16,1,0,0,0,1,16.0,9.0,25.0,25,4,2023-11-27,2023-12-25,1491,44,44,2023-12-13,2023-12-16,1,1,0.022727272727272728,1.0,31,False
WD_MERGE_2023-11-27---2023-12-25_duration_28_days_cluster_355_A0_001153_A_001442_lat_04922_lon_00020_size_0374,IOME2407754A__20231213__20231216,IOME2407754A,2023-11-27,2023-12-25,2023-12-13,2023-12-16,1,0,0,0,1,16.0,9.0,25.0,25,4,2023-11-27,2023-12-25,1491,44,44,2023-12-13,2023-12-16,1,1,0.022727272727272728,1.0,32,False
WD_MERGE_2023-11-27---2023-12-25_duration_28_days_cluster_355_A0_001153_A_001442_lat_04922_lon_00020_size_0374,IOME2411920A__20231211__20231214,IOME2411920A,2023-11-27,2023-12-25,2023-12-11,2023-12-14,1,0,0,0,1,14.0,11.0,25.0,25,4,2023-11-27,2023-12-25,1491,44,44,2023-12-11,2023-12-14,1,1,0.022727272727272728,1.0,33,False
WD_MERGE_2023-11-27---2023-12-25_duration_28_days_cluster_355_A0_001153_A_001442_lat_04922_lon_00020_size_0374,IOME2420215A__20231210__20231213,IOME2420215A,2023-11-27,2023-12-25,2023-12-10,2023-12-13,1,0,0,0,1,13.0,12.0,25.0,25,4,2023-11-27,2023-12-25,1491,44,44,2023-12-10,2023-12-13,1,1,0.022727272727272728,1.0,34,False
WD_MERGE_2023-11-27---2023-12-25_duration_28_days_cluster_355_A0_001153_A_001442_lat_04922_lon_00020_size_0374,INTE2525618A__20231113__20231213,INTE2525618A,2023-11-27,2023-12-25,2023-11-13,2023-12-13,1,0,0,0,1,14.0,12.0,26.0,26,17,2023-11-27,2023-12-25,1491,44,44,2023-11-13,2023-12-13,1,1,0.022727272727272728,1.0,35,False
WD_MERGE_2023-11-27---2023-12-25_duration_28_days_cluster_355_A0_001153_A_001442_lat_04922_lon_00020_size_0374,IOME2403657A__20231211__20231213,IOME2403657A,2023-11-27,2023-12-25,2023-12-11,2023-12-13,1,0,0,0,1,14.0,12.0,26.0,26,3,2023-11-27,2023-12-25,1491,44,44,2023-12-11,2023-12-13,1,1,0.022727272727272728,1.0,36,False
WD_MERGE_2023-11-27---2023-12-25_duration_28_days_cluster_355_A0_001153_A_001442_lat_04922_lon_00020_size_0374,IOME2403657A__20231214__20231216,IOME2403657A,2023-11-27,2023-12-25,2023-12-14,2023-12-16,1,0,0,0,1,17.0,9.0,26.0,26,3,2023-11-27,2023-12-25,1491,44,44,2023-12-14,2023-12-16,1,1,0.022727272727272728,1.0,37,False
WD_MERGE_2023-11-27---2023-12-25_duration_28_days_cluster_355_A0_001153_A_001442_lat_04922_lon_00020_size_0374,IOME2407754A__20231130__20231202,IOME2407754A,2023-11-27,2023-12-25,2023-11-30,2023-12-02,1,0,0,0,1,3.0,23.0,26.0,26,3,2023-11-27,2023-12-25,1491,44,44,2023-11-30,2023-12-02,1,1,0.022727272727272728,1.0,38,False
WD_MERGE_2023-11-27---2023-12-25_duration_28_days_cluster_355_A0_001153_A_001442_lat_04922_lon_00020_size_0374,IOME2407754A__20231212__20231214,IOME2407754A,2023-11-27,2023-12-25,2023-12-12,2023-12-14,1,0,0,0,1,15.0,11.0,26.0,26,3,2023-11-27,2023-12-25,1491,44,44,2023-12-12,2023-12-14,3,1,0.022727272727272728,1.0,39,False
WD_MERGE_2023-11-27---2023-12-25_duration_28_days_cluster_355_A0_001153_A_001442_lat_04922_lon_00020_size_0374,IOME2410378A__20231211__20231213,IOME2410378A,2023-11-27,2023-12-25,2023-12-11,2023-12-13,1,0,0,0,1,14.0,12.0,26.0,26,3,2023-11-27,2023-12-25,1491,44,44,2023-12-11,2023-12-13,1,1,0.022727272727272728,1.0,40,False
WD_MERGE_2023-11-27---2023-12-25_duration_28_days_cluster_355_A0_001153_A_001442_lat_04922_lon_00020_size_0374,IOME2410378A__20231212__20231214,IOME2410378A,2023-11-27,2023-12-25,2023-12-12,2023-12-14,1,0,0,0,1,15.0,11.0,26.0,26,3,2023-11-27,2023-12-25,1491,44,44,2023-12-12,2023-12-14,1,1,0.022727272727272728,1.0,41,False
WD_MERGE_2023-11-27---2023-12-25_duration_28_days_cluster_355_A0_001153_A_001442_lat_04922_lon_00020_size_0374,IOME2411920A__20231211__20231213,IOME2411920A,2023-11-27,2023-12-25,2023-12-11,2023-12-13,1,0,0,0,1,14.0,12.0,26.0,26,3,2023-11-27,2023-12-25,1491,44,44,2023-12-11,2023-12-13,1,1,0.022727272727272728,1.0,42,False
WD_MERGE_2023-11-27---2023-12-25_duration_28_days_cluster_355_A0_001153_A_001442_lat_04922_lon_00020_size_0374,IOME2411920A__20231213__20231215,IOME2411920A,2023-11-27,2023-12-25,2023-12-13,2023-12-15,1,0,0,0,1,16.0,10.0,26.0,26,3,2023-11-27,2023-12-25,1491,44,44,2023-12-13,2023-12-15,1,1,0.022727272727272728,1.0,43,False
WD_MERGE_2023-11-27---2023-12-25_duration_28_days_cluster_355_A0_001153_A_001442_lat_04922_lon_00020_size_0374,IOME2415880A__20231214__20231216,IOME2415880A,2023-11-27,2023-12-25,2023-12-14,2023-12-16,1,0,0,0,1,17.0,9.0,26.0,26,3,2023-11-27,2023-12-25,1491,44,44,2023-12-14,2023-12-16,1,1,0.022727272727272728,1.0,44,False
WD_MERGE_2023-11-27---2023-12-25_duration_28_days_cluster_355_A0_001153_A_001442_lat_04922_lon_00020_size_0374,INTE2430293A__20231129__20231130,INTE2430293A,2023-11-27,2023-12-25,2023-11-29,2023-11-30,1,0,0,0,1,2.0,25.0,27.0,27,2,2023-11-27,2023-12-25,1491,44,44,2023-11-29,2023-11-30,1,1,0.022727272727272728,1.0,45,False
WD_MERGE_2023-11-27---2023-12-25_duration_28_days_cluster_355_A0_001153_A_001442_lat_04922_lon_00020_size_0374,INTE2511307A__20231204__20231205,INTE2511307A,2023-11-27,2023-12-25,2023-12-04,2023-12-05,1,0,0,0,1,7.0,20.0,27.0,27,2,2023-11-27,2023-12-25,1491,44,44,2023-12-04,2023-12-05,1,1,0.022727272727272728,1.0,46,False
WD_MERGE_2023-11-27---2023-12-25_duration_28_days_cluster_355_A0_001153_A_001442_lat_04922_lon_00020_size_0374,IOME2403657A__20231130__20231201,IOME2403657A,2023-11-27,2023-12-25,2023-11-30,2023-12-01,1,0,0,0,1,3.0,24.0,27.0,27,2,2023-11-27,2023-12-25,1491,44,44,2023-11-30,2023-12-01,1,1,0.022727272727272728,1.0,47,False
WD_MERGE_2023-11-27---2023-12-25_duration_28_days_cluster_355_A0_001153_A_001442_lat_04922_lon_00020_size_0374,IOME2407754A__20231130__20231201,IOME2407754A,2023-11-27,2023-12-25,2023-11-30,2023-12-01,1,0,0,0,1,3.0,24.0,27.0,27,2,2023-11-27,2023-12-25,1491,44,44,2023-11-30,2023-12-01,1,1,0.022727272727272728,1.0,48,False
WD_MERGE_2023-11-27---2023-12-25_duration_28_days_cluster_355_A0_001153_A_001442_lat_04922_lon_00020_size_0374,IOME2407754A__20231204__20231205,IOME2407754A,2023-11-27,2023-12-25,2023-12-04,2023-12-05,1,0,0,0,1,7.0,20.0,27.0,27,2,2023-11-27,2023-12-25,1491,44,44,2023-12-04,2023-12-05,2,1,0.022727272727272728,1.0,49,False
WD_MERGE_2023-11-27---2023-12-25_duration_28_days_cluster_355_A0_001153_A_001442_lat_04922_lon_00020_size_0374,IOME2410378A__20231211__20231212,IOME2410378A,2023-11-27,2023-12-25,2023-12-11,2023-12-12,1,0,0,0,1,14.0,13.0,27.0,27,2,2023-11-27,2023-12-25,1491,44,44,2023-12-11,2023-12-12,1,1,0.022727272727272728,1.0,50,False
WD_MERGE_2023-11-27---2023-12-25_duration_28_days_cluster_355_A0_001153_A_001442_lat_04922_lon_00020_size_0374,IOME2411920A__20231201__20231202,IOME2411920A,2023-11-27,2023-12-25,2023-12-01,2023-12-02,1,0,0,0,1,4.0,23.0,27.0,27,2,2023-11-27,2023-12-25,1491,44,44,2023-12-01,2023-12-02,1,1,0.022727272727272728,1.0,51,False
WD_MERGE_2023-11-27---2023-12-25_duration_28_days_cluster_355_A0_001153_A_001442_lat_04922_lon_00020_size_0374,IOME2420215A__20231212__20231213,IOME2420215A,2023-11-27,2023-12-25,2023-12-12,2023-12-13,1,0,0,0,1,15.0,12.0,27.0,27,2,2023-11-27,2023-12-25,1491,44,44,2023-12-12,2023-12-13,1,1,0.022727272727272728,1.0,52,False
WD_MERGE_2023-11-27---2023-12-25_duration_28_days_cluster_355_A0_001153_A_001442_lat_04922_lon_00020_size_0374,IOME2421328A__20231113__20231212,IOME2421328A,2023-11-27,2023-12-25,2023-11-13,2023-12-12,1,0,0,0,1,14.0,13.0,27.0,27,16,2023-11-27,2023-12-25,1491,44,44,2023-11-13,2023-12-12,1,1,0.022727272727272728,1.0,53,False
WD_MERGE_2023-11-27---2023-12-25_duration_28_days_cluster_355_A0_001153_A_001442_lat_04922_lon_00020_size_0374,INTE2519692A__20231111__20231213,INTE2519692A,2023-11-27,2023-12-25,2023-11-11,2023-12-13,1,0,0,0,1,16.0,12.0,28.0,28,17,2023-11-27,2023-12-25,1491,44,44,2023-11-11,2023-12-13,1,1,0.022727272727272728,1.0,54,False
WD_MERGE_2023-11-27---2023-12-25_duration_28_days_cluster_355_A0_001153_A_001442_lat_04922_lon_00020_size_0374,IOME2403657A__20231201__20231201,IOME2403657A,2023-11-27,2023-12-25,2023-12-01,2023-12-01,1,0,0,0,1,4.0,24.0,28.0,28,1,2023-11-27,2023-12-25,1491,44,44,2023-12-01,2023-12-01,1,1,0.022727272727272728,1.0,55,False
WD_MERGE_2023-11-27---2023-12-25_duration_28_days_cluster_355_A0_001153_A_001442_lat_04922_lon_00020_size_0374,IOME2403657A__20231213__20231213,IOME2403657A,2023-11-27,2023-12-25,2023-12-13,2023-12-13,1,0,0,0,1,16.0,12.0,28.0,28,1,2023-11-27,2023-12-25,1491,44,44,2023-12-13,2023-12-13,1,1,0.022727272727272728,1.0,56,False
WD_MERGE_2023-11-27---2023-12-25_duration_28_days_cluster_355_A0_001153_A_001442_lat_04922_lon_00020_size_0374,IOME2410378A__20231212__20231212,IOME2410378A,2023-11-27,2023-12-25,2023-12-12,2023-12-12,1,0,0,0,1,15.0,13.0,28.0,28,1,2023-11-27,2023-12-25,1491,44,44,2023-12-12,2023-12-12,1,1,0.022727272727272728,1.0,57,False
WD_MERGE_2023-11-27---2023-12-25_duration_28_days_cluster_355_A0_001153_A_001442_lat_04922_lon_00020_size_0374,IOME2411920A__20231201__20231201,IOME2411920A,2023-11-27,2023-12-25,2023-12-01,2023-12-01,1,0,0,0,1,4.0,24.0,28.0,28,1,2023-11-27,2023-12-25,1491,44,44,2023-12-01,2023-12-01,2,1,0.022727272727272728,1.0,58,False
WD_MERGE_2023-11-27---2023-12-25_duration_28_days_cluster_355_A0_001153_A_001442_lat_04922_lon_00020_size_0374,INTE2511307A__20231112__20240109,INTE2511307A,2023-11-27,2023-12-25,2023-11-12,2024-01-09,1,0,0,0,1,15.0,15.0,30.0,30,29,2023-11-27,2023-12-25,1491,44,44,2023-11-12,2024-01-09,2,1,0.022727272727272728,1.0,59,False
WD_MERGE_2023-11-27---2023-12-25_duration_28_days_cluster_355_A0_001153_A_001442_lat_04922_lon_00020_size_0374,IOME2420215A__20231102__20231214,IOME2420215A,2023-11-27,2023-12-25,2023-11-02,2023-12-14,1,0,0,0,1,25.0,11.0,36.0,36,18,2023-11-27,2023-12-25,1491,44,44,2023-11-02,2023-12-14,1,1,0.022727272727272728,1.0,60,False
WD_MERGE_2023-11-27---2023-12-25_duration_28_days_cluster_355_A0_001153_A_001442_lat_04922_lon_00020_size_0374,INTE2501371A__20231030__20231214,INTE2501371A,2023-11-27,2023-12-25,2023-10-30,2023-12-14,1,0,0,0,1,28.0,11.0,39.0,39,18,2023-11-27,2023-12-25,1491,44,44,2023-10-30,2023-12-14,1,1,0.022727272727272728,1.0,61,False
WD_MERGE_2023-11-27---2023-12-25_duration_28_days_cluster_355_A0_001153_A_001442_lat_04922_lon_00020_size_0374,IOME2407004A__20231221__20240111,IOME2407004A,2023-11-27,2023-12-25,2023-12-21,2024-01-11,1,0,0,0,1,24.0,17.0,41.0,41,5,2023-11-27,2023-12-25,1491,44,44,2023-12-21,2024-01-11,1,1,0.022727272727272728,1.0,62,False
WD_MERGE_2023-11-27---2023-12-25_duration_28_days_cluster_355_A0_001153_A_001442_lat_04922_lon_00020_size_0374,IOME2333648A__20231116__20231124,IOME2333648A,2023-11-27,2023-12-25,2023-11-16,2023-11-24,1,0,0,0,1,11.0,31.0,42.0,42,0,2023-11-27,2023-12-25,1491,44,44,2023-11-16,2023-11-24,1,1,0.022727272727272728,1.0,63,False
WD_MERGE_2023-11-27---2023-12-25_duration_28_days_cluster_355_A0_001153_A_001442_lat_04922_lon_00020_size_0374,IOME2407754A__20240101__20240102,IOME2407754A,2023-11-27,2023-12-25,2024-01-01,2024-01-02,1,0,0,0,1,35.0,8.0,43.0,43,0,2023-11-27,2023-12-25,1491,44,44,2024-01-01,2024-01-02,2,1,0.022727272727272728,1.0,64,False
WD_MERGE_2023-11-27---2023-12-25_duration_28_days_cluster_355_A0_001153_A_001442_lat_04922_lon_00020_size_0374,IOME2420215A__20240101__20240102,IOME2420215A,2023-11-27,2023-12-25,2024-01-01,2024-01-02,1,0,0,0,1,35.0,8.0,43.0,43,0,2023-11-27,2023-12-25,1491,44,44,2024-01-01,2024-01-02,1,1,0.022727272727272728,1.0,65,False
WD_MERGE_2023-11-27---2023-12-25_duration_28_days_cluster_355_A0_001153_A_001442_lat_04922_lon_00020_size_0374,INTE2508631A__20231101__20231207,INTE2508631A,2023-11-27,2023-12-25,2023-11-01,2023-12-07,1,0,0,0,1,26.0,18.0,44.0,44,11,2023-11-27,2023-12-25,1491,44,44,2023-11-01,2023-12-07,1,1,0.022727272727272728,1.0,66,False
WD_MERGE_2023-11-27---2023-12-25_duration_28_days_cluster_355_A0_001153_A_001442_lat_04922_lon_00020_size_0374,INTE2517855A__20231103__20231204,INTE2517855A,2023-11-27,2023-12-25,2023-11-03,2023-12-04,1,0,0,0,1,24.0,21.0,45.0,45,8,2023-11-27,2023-12-25,1491,44,44,2023-11-03,2023-12-04,1,1,0.022727272727272728,1.0,67,False
WD_MERGE_2023-11-27---2023-12-25_duration_28_days_cluster_355_A0_001153_A_001442_lat_04922_lon_00020_size_0374,IOME2407754A__20240101__20240104,IOME2407754A,2023-11-27,2023-12-25,2024-01-01,2024-01-04,1,0,0,0,1,35.0,10.0,45.0,45,0,2023-11-27,2023-12-25,1491,44,44,2024-01-01,2024-01-04,2,1,0.022727272727272728,1.0,68,False
WD_MERGE_2023-11-27---2023-12-25_duration_28_days_cluster_355_A0_001153_A_001442_lat_04922_lon_00020_size_0374,INTE2511307A__20231031__20240114,INTE2511307A,2023-11-27,2023-12-25,2023-10-31,2024-01-14,1,0,0,0,1,27.0,20.0,47.0,47,29,2023-11-27,2023-12-25,1491,44,44,2023-10-31,2024-01-14,1,1,0.022727272727272728,1.0,69,False
WD_MERGE_2023-11-27---2023-12-25_duration_28_days_cluster_355_A0_001153_A_001442_lat_04922_lon_00020_size_0374,IOME2403657A__20231227__20240111,IOME2403657A,2023-11-27,2023-12-25,2023-12-27,2024-01-11,1,0,0,0,1,30.0,17.0,47.0,47,0,2023-11-27,2023-12-25,1491,44,44,2023-12-27,2024-01-11,1,1,0.022727272727272728,1.0,70,False
WD_MERGE_2023-11-27---2023-12-25_duration_28_days_cluster_355_A0_001153_A_001442_lat_04922_lon_00020_size_0374,IOME2407004A__20231227__20240111,IOME2407004A,2023-11-27,2023-12-25,2023-12-27,2024-01-11,1,0,0,0,1,30.0,17.0,47.0,47,0,2023-11-27,2023-12-25,1491,44,44,2023-12-27,2024-01-11,4,1,0.022727272727272728,1.0,71,False
WD_MERGE_2023-11-27---2023-12-25_duration_28_days_cluster_355_A0_001153_A_001442_lat_04922_lon_00020_size_0374,IOME2410378A__20231227__20240111,IOME2410378A,2023-11-27,2023-12-25,2023-12-27,2024-01-11,1,0,0,0,1,30.0,17.0,47.0,47,0,2023-11-27,2023-12-25,1491,44,44,2023-12-27,2024-01-11,2,1,0.022727272727272728,1.0,72,False
WD_MERGE_2023-11-27---2023-12-25_duration_28_days_cluster_355_A0_001153_A_001442_lat_04922_lon_00020_size_0374,IOME2411920A__20231227__20240111,IOME2411920A,2023-11-27,2023-12-25,2023-12-27,2024-01-11,1,0,0,0,1,30.0,17.0,47.0,47,0,2023-11-27,2023-12-25,1491,44,44,2023-12-27,2024-01-11,1,1,0.022727272727272728,1.0,73,False
WD_MERGE_2023-11-27---2023-12-25_duration_28_days_cluster_355_A0_001153_A_001442_lat_04922_lon_00020_size_0374,INTE2511307A__20231017__20231217,INTE2511307A,2023-11-27,2023-12-25,2023-10-17,2023-12-17,1,0,0,0,1,41.0,8.0,49.0,49,21,2023-11-27,2023-12-25,1491,44,44,2023-10-17,2023-12-17,21,1,0.022727272727272728,1.0,74,False
WD_MERGE_2023-11-27---2023-12-25_duration_28_days_cluster_355_A0_001153_A_001442_lat_04922_lon_00020_size_0374,IOME2411920A__20231227__20240115,IOME2411920A,2023-11-27,2023-12-25,2023-12-27,2024-01-15,1,0,0,0,1,30.0,21.0,51.0,51,0,2023-11-27,2023-12-25,1491,44,44,2023-12-27,2024-01-15,1,1,0.022727272727272728,1.0,75,False
WD_MERGE_2019-12-30---2020-02-24_duration_56_days_cluster_370_A0_001092_A_001400_lat_04760_lon_00017_size_0374,INTE2031566A__20200210__20200213,INTE2031566A,2019-12-30,2020-02-24,2020-02-10,2020-02-13,1,0,0,0,1,42.0,11.0,53.0,53,4,2019-12-30,2020-02-24,1675,44,44,2020-02-10,2020-02-13,1,1,0.022727272727272728,1.0,1,False
WD_MERGE_2023-11-27---2023-12-25_duration_28_days_cluster_355_A0_001153_A_001442_lat_04922_lon_00020_size_0374,INTE2501371A__20231031__20231129,INTE2501371A,2023-11-27,2023-12-25,2023-10-31,2023-11-29,1,0,0,0,1,27.0,26.0,53.0,53,3,2023-11-27,2023-12-25,1491,44,44,2023-10-31,2023-11-29,1,1,0.022727272727272728,1.0,76,False
WD_MERGE_2023-11-27---2023-12-25_duration_28_days_cluster_355_A0_001153_A_001442_lat_04922_lon_00020_size_0374,INTE2517855A__20231031__20231129,INTE2517855A,2023-11-27,2023-12-25,2023-10-31,2023-11-29,1,0,0,0,1,27.0,26.0,53.0,53,3,2023-11-27,2023-12-25,1491,44,44,2023-10-31,2023-11-29,2,1,0.022727272727272728,1.0,77,False
WD_MERGE_2019-12-30---2020-02-24_duration_56_days_cluster_370_A0_001092_A_001400_lat_04760_lon_00017_size_0374,INTE2010310A__20200212__20200214,INTE2010310A,2019-12-30,2020-02-24,2020-02-12,2020-02-14,1,0,0,0,1,44.0,10.0,54.0,54,3,2019-12-30,2020-02-24,1675,44,44,2020-02-12,2020-02-14,2,1,0.022727272727272728,1.0,2,False
WD_MERGE_2019-12-30---2020-02-24_duration_56_days_cluster_370_A0_001092_A_001400_lat_04760_lon_00017_size_0374,INTE2019260A__20200211__20200213,INTE2019260A,2019-12-30,2020-02-24,2020-02-11,2020-02-13,1,0,0,0,1,43.0,11.0,54.0,54,3,2019-12-30,2020-02-24,1675,44,44,2020-02-11,2020-02-13,1,1,0.022727272727272728,1.0,3,False
WD_MERGE_2019-12-30---2020-02-24_duration_56_days_cluster_370_A0_001092_A_001400_lat_04760_lon_00017_size_0374,INTE2027600A__20200212__20200214,INTE2027600A,2019-12-30,2020-02-24,2020-02-12,2020-02-14,1,0,0,0,1,44.0,10.0,54.0,54,3,2019-12-30,2020-02-24,1675,44,44,2020-02-12,2020-02-14,1,1,0.022727272727272728,1.0,4,False
WD_MERGE_2019-12-30---2020-02-24_duration_56_days_cluster_370_A0_001092_A_001400_lat_04760_lon_00017_size_0374,INTE2104714A__20200209__20200211,INTE2104714A,2019-12-30,2020-02-24,2020-02-09,2020-02-11,1,0,0,0,1,41.0,13.0,54.0,54,3,2019-12-30,2020-02-24,1675,44,44,2020-02-09,2020-02-11,1,1,0.022727272727272728,1.0,5,False
WD_MERGE_2019-12-30---2020-02-24_duration_56_days_cluster_370_A0_001092_A_001400_lat_04760_lon_00017_size_0374,INTE2114774A__20200203__20200205,INTE2114774A,2019-12-30,2020-02-24,2020-02-03,2020-02-05,1,0,0,0,1,35.0,19.0,54.0,54,3,2019-12-30,2020-02-24,1675,44,44,2020-02-03,2020-02-05,1,1,0.022727272727272728,1.0,6,False
WD_MERGE_2019-12-30---2020-02-24_duration_56_days_cluster_370_A0_001092_A_001400_lat_04760_lon_00017_size_0374,INTE2005870A__20200202__20200203,INTE2005870A,2019-12-30,2020-02-24,2020-02-02,2020-02-03,1,0,0,0,1,34.0,21.0,55.0,55,2,2019-12-30,2020-02-24,1675,44,44,2020-02-02,2020-02-03,2,1,0.022727272727272728,1.0,7,False
WD_MERGE_2019-12-30---2020-02-24_duration_56_days_cluster_370_A0_001092_A_001400_lat_04760_lon_00017_size_0374,INTE2010310A__20200212__20200213,INTE2010310A,2019-12-30,2020-02-24,2020-02-12,2020-02-13,1,0,0,0,1,44.0,11.0,55.0,55,2,2019-12-30,2020-02-24,1675,44,44,2020-02-12,2020-02-13,2,1,0.022727272727272728,1.0,8,False
WD_MERGE_2019-12-30---2020-02-24_duration_56_days_cluster_370_A0_001092_A_001400_lat_04760_lon_00017_size_0374,INTE2014521A__20200203__20200204,INTE2014521A,2019-12-30,2020-02-24,2020-02-03,2020-02-04,1,0,0,0,1,35.0,20.0,55.0,55,2,2019-12-30,2020-02-24,1675,44,44,2020-02-03,2020-02-04,3,1,0.022727272727272728,1.0,9,False
WD_MERGE_2019-12-30---2020-02-24_duration_56_days_cluster_370_A0_001092_A_001400_lat_04760_lon_00017_size_0374,INTE2014521A__20200210__20200211,INTE2014521A,2019-12-30,2020-02-24,2020-02-10,2020-02-11,1,0,0,0,1,42.0,13.0,55.0,55,2,2019-12-30,2020-02-24,1675,44,44,2020-02-10,2020-02-11,1,1,0.022727272727272728,1.0,10,False
WD_MERGE_2019-12-30---2020-02-24_duration_56_days_cluster_370_A0_001092_A_001400_lat_04760_lon_00017_size_0374,INTE2014521A__20200212__20200213,INTE2014521A,2019-12-30,2020-02-24,2020-02-12,2020-02-13,1,0,0,0,1,44.0,11.0,55.0,55,2,2019-12-30,2020-02-24,1675,44,44,2020-02-12,2020-02-13,1,1,0.022727272727272728,1.0,11,False
WD_MERGE_2019-12-30---2020-02-24_duration_56_days_cluster_370_A0_001092_A_001400_lat_04760_lon_00017_size_0374,INTE2019260A__20200209__20200210,INTE2019260A,2019-12-30,2020-02-24,2020-02-09,2020-02-10,1,0,0,0,1,41.0,14.0,55.0,55,2,2019-12-30,2020-02-24,1675,44,44,2020-02-09,2020-02-10,1,1,0.022727272727272728,1.0,12,False
WD_MERGE_2019-12-30---2020-02-24_duration_56_days_cluster_370_A0_001092_A_001400_lat_04760_lon_00017_size_0374,INTE2027600A__20200203__20200204,INTE2027600A,2019-12-30,2020-02-24,2020-02-03,2020-02-04,1,0,0,0,1,35.0,20.0,55.0,55,2,2019-12-30,2020-02-24,1675,44,44,2020-02-03,2020-02-04,1,1,0.022727272727272728,1.0,13,False
WD_MERGE_2019-12-30---2020-02-24_duration_56_days_cluster_370_A0_001092_A_001400_lat_04760_lon_00017_size_0374,INTE2010310A__20200213__20200213,INTE2010310A,2019-12-30,2020-02-24,2020-02-13,2020-02-13,1,0,0,0,1,45.0,11.0,56.0,56,1,2019-12-30,2020-02-24,1675,44,44,2020-02-13,2020-02-13,4,1,0.022727272727272728,1.0,14,False
WD_MERGE_2019-12-30---2020-02-24_duration_56_days_cluster_370_A0_001092_A_001400_lat_04760_lon_00017_size_0374,INTE2014521A__20200203__20200203,INTE2014521A,2019-12-30,2020-02-24,2020-02-03,2020-02-03,1,0,0,0,1,35.0,21.0,56.0,56,1,2019-12-30,2020-02-24,1675,44,44,2020-02-03,2020-02-03,1,1,0.022727272727272728,1.0,15,False
WD_MERGE_2019-12-30---2020-02-24_duration_56_days_cluster_370_A0_001092_A_001400_lat_04760_lon_00017_size_0374,INTE2023938A__20200210__20200210,INTE2023938A,2019-12-30,2020-02-24,2020-02-10,2020-02-10,1,0,0,0,1,42.0,14.0,56.0,56,1,2019-12-30,2020-02-24,1675,44,44,2020-02-10,2020-02-10,1,1,0.022727272727272728,1.0,16,False
WD_MERGE_2023-11-27---2023-12-25_duration_28_days_cluster_355_A0_001153_A_001442_lat_04922_lon_00020_size_0374,IOME2335302A__20231102__20231124,IOME2335302A,2023-11-27,2023-12-25,2023-11-02,2023-11-24,1,0,0,0,1,25.0,31.0,56.0,56,0,2023-11-27,2023-12-25,1491,44,44,2023-11-02,2023-11-24,1,1,0.022727272727272728,1.0,78,False
WD_MERGE_2023-11-27---2023-12-25_duration_28_days_cluster_355_A0_001153_A_001442_lat_04922_lon_00020_size_0374,IOME2400974A__20231102__20231124,IOME2400974A,2023-11-27,2023-12-25,2023-11-02,2023-11-24,1,0,0,0,1,25.0,31.0,56.0,56,0,2023-11-27,2023-12-25,1491,44,44,2023-11-02,2023-11-24,3,1,0.022727272727272728,1.0,79,False
WD_MERGE_2023-11-27---2023-12-25_duration_28_days_cluster_355_A0_001153_A_001442_lat_04922_lon_00020_size_0374,IOME2403657A__20231102__20231124,IOME2403657A,2023-11-27,2023-12-25,2023-11-02,2023-11-24,1,0,0,0,1,25.0,31.0,56.0,56,0,2023-11-27,2023-12-25,1491,44,44,2023-11-02,2023-11-24,1,1,0.022727272727272728,1.0,80,False
WD_MERGE_2023-11-27---2023-12-25_duration_28_days_cluster_355_A0_001153_A_001442_lat_04922_lon_00020_size_0374,IOME2400974A__20231028__20231124,IOME2400974A,2023-11-27,2023-12-25,2023-10-28,2023-11-24,1,0,0,0,1,30.0,31.0,61.0,61,0,2023-11-27,2023-12-25,1491,44,44,2023-10-28,2023-11-24,1,1,0.022727272727272728,1.0,81,False
WD_MERGE_2019-12-30---2020-02-24_duration_56_days_cluster_370_A0_001092_A_001400_lat_04760_lon_00017_size_0374,INTE2014521A__20191226__20191228,INTE2014521A,2019-12-30,2020-02-24,2019-12-26,2019-12-28,1,0,0,0,1,4.0,58.0,62.0,62,0,2019-12-30,2020-02-24,1675,44,44,2019-12-26,2019-12-28,1,1,0.022727272727272728,1.0,17,False
WD_MERGE_2019-12-30---2020-02-24_duration_56_days_cluster_370_A0_001092_A_001400_lat_04760_lon_00017_size_0374,INTE2014521A__20191223__20191225,INTE2014521A,2019-12-30,2020-02-24,2019-12-23,2019-12-25,1,0,0,0,1,7.0,61.0,68.0,68,0,2019-12-30,2020-02-24,1675,44,44,2019-12-23,2019-12-25,1,1,0.022727272727272728,1.0,18,False
WD_MERGE_2019-12-30---2020-02-24_duration_56_days_cluster_370_A0_001092_A_001400_lat_04760_lon_00017_size_0374,INTE2014521A__20200301__20200301,INTE2014521A,2019-12-30,2020-02-24,2020-03-01,2020-03-01,1,0,0,0,1,62.0,6.0,68.0,68,0,2019-12-30,2020-02-24,1675,44,44,2020-03-01,2020-03-01,9,1,0.022727272727272728,1.0,19,False
WD_MERGE_2019-12-30---2020-02-24_duration_56_days_cluster_370_A0_001092_A_001400_lat_04760_lon_00017_size_0374,INTE2016904A__20200301__20200301,INTE2016904A,2019-12-30,2020-02-24,2020-03-01,2020-03-01,1,0,0,0,1,62.0,6.0,68.0,68,0,2019-12-30,2020-02-24,1675,44,44,2020-03-01,2020-03-01,3,1,0.022727272727272728,1.0,20,False
WD_MERGE_2019-12-30---2020-02-24_duration_56_days_cluster_370_A0_001092_A_001400_lat_04760_lon_00017_size_0374,INTE2014521A__20200209__20200323,INTE2014521A,2019-12-30,2020-02-24,2020-02-09,2020-03-23,1,0,0,0,1,41.0,28.0,69.0,69,16,2019-12-30,2020-02-24,1675,44,44,2020-02-09,2020-03-23,1,1,0.022727272727272728,1.0,21,False
WD_MERGE_2019-12-30---2020-02-24_duration_56_days_cluster_370_A0_001092_A_001400_lat_04760_lon_00017_size_0374,INTE2019260A__20200301__20200302,INTE2019260A,2019-12-30,2020-02-24,2020-03-01,2020-03-02,1,0,0,0,1,62.0,7.0,69.0,69,0,2019-12-30,2020-02-24,1675,44,44,2020-03-01,2020-03-02,1,1,0.022727272727272728,1.0,22,False
WD_MERGE_2019-12-30---2020-02-24_duration_56_days_cluster_370_A0_001092_A_001400_lat_04760_lon_00017_size_0374,INTE2023938A__20200301__20200302,INTE2023938A,2019-12-30,2020-02-24,2020-03-01,2020-03-02,1,0,0,0,1,62.0,7.0,69.0,69,0,2019-12-30,2020-02-24,1675,44,44,2020-03-01,2020-03-02,1,1,0.022727272727272728,1.0,23,False
WD_MERGE_2019-12-30---2020-02-24_duration_56_days_cluster_370_A0_001092_A_001400_lat_04760_lon_00017_size_0374,INTE2014521A__20200301__20200303,INTE2014521A,2019-12-30,2020-02-24,2020-03-01,2020-03-03,1,0,0,0,1,62.0,8.0,70.0,70,0,2019-12-30,2020-02-24,1675,44,44,2020-03-01,2020-03-03,1,1,0.022727272727272728,1.0,24,False
WD_MERGE_2019-12-30---2020-02-24_duration_56_days_cluster_370_A0_001092_A_001400_lat_04760_lon_00017_size_0374,INTE2010310A__20191221__20191223,INTE2010310A,2019-12-30,2020-02-24,2019-12-21,2019-12-23,1,0,0,0,1,9.0,63.0,72.0,72,0,2019-12-30,2020-02-24,1675,44,44,2019-12-21,2019-12-23,1,1,0.022727272727272728,1.0,25,False
WD_MERGE_2019-12-30---2020-02-24_duration_56_days_cluster_370_A0_001092_A_001400_lat_04760_lon_00017_size_0374,INTE2014521A__20200301__20200306,INTE2014521A,2019-12-30,2020-02-24,2020-03-01,2020-03-06,1,0,0,0,1,62.0,11.0,73.0,73,0,2019-12-30,2020-02-24,1675,44,44,2020-03-01,2020-03-06,1,1,0.022727272727272728,1.0,26,False
WD_MERGE_2019-12-30---2020-02-24_duration_56_days_cluster_370_A0_001092_A_001400_lat_04760_lon_00017_size_0374,INTE2016904A__20200301__20200306,INTE2016904A,2019-12-30,2020-02-24,2020-03-01,2020-03-06,1,0,0,0,1,62.0,11.0,73.0,73,0,2019-12-30,2020-02-24,1675,44,44,2020-03-01,2020-03-06,1,1,0.022727272727272728,1.0,27,False
WD_MERGE_2019-12-30---2020-02-24_duration_56_days_cluster_370_A0_001092_A_001400_lat_04760_lon_00017_size_0374,INTE2118484A__20200301__20200315,INTE2118484A,2019-12-30,2020-02-24,2020-03-01,2020-03-15,1,0,0,0,1,62.0,20.0,82.0,82,0,2019-12-30,2020-02-24,1675,44,44,2020-03-01,2020-03-15,1,1,0.022727272727272728,1.0,28,False
WD_MERGE_2023-11-27---2023-12-25_duration_28_days_cluster_355_A0_001153_A_001442_lat_04922_lon_00020_size_0374,INTE2511307A__20231231__20240225,INTE2511307A,2023-11-27,2023-12-25,2023-12-31,2024-02-25,1,0,0,0,1,34.0,62.0,96.0,96,0,2023-11-27,2023-12-25,1491,44,44,2023-12-31,2024-02-25,1,1,0.022727272727272728,1.0,82,False
WD_MERGE_2019-12-30---2020-02-24_duration_56_days_cluster_370_A0_001092_A_001400_lat_04760_lon_00017_size_0374,INTE2027600A__20200201__20200709,INTE2027600A,2019-12-30,2020-02-24,2020-02-01,2020-07-09,1,0,0,0,1,33.0,136.0,169.0,169,24,2019-12-30,2020-02-24,1675,44,44,2020-02-01,2020-07-09,1,1,0.022727272727272728,1.0,29,False
WD_MERGE_2023-11-27---2023-12-25_duration_28_days_cluster_355_A0_001153_A_001442_lat_04922_lon_00020_size_0374,IOME2400969A__20231205__20231205,IOME2400969A,2023-11-27,2023-12-25,2023-12-05,2023-12-05,1,0,0,0,1,8.0,20.0,28.0,28,1,2023-11-27,2023-12-25,1491,44,44,2023-12-05,2023-12-05,2,2,0.022727272727272728,0.5,83,False
WD_MERGE_2024-01-01---2024-02-05_duration_35_days_cluster_333_A0_001861_A_002025_lat_04966_lon_00582_size_0555,INTE2501371A__20240114__20240214,INTE2501371A,2024-01-01,2024-02-05,2024-01-14,2024-02-14,1,0,0,0,1,13.0,9.0,22.0,22,23,2024-01-01,2024-02-05,1975,45,45,2024-01-14,2024-02-14,1,1,0.022222222222222223,1.0,8,False
WD_MERGE_2024-01-01---2024-02-05_duration_35_days_cluster_333_A0_001861_A_002025_lat_04966_lon_00582_size_0555,IOME2411920A__20231227__20240115,IOME2411920A,2024-01-01,2024-02-05,2023-12-27,2024-01-15,1,0,0,0,1,5.0,21.0,26.0,26,15,2024-01-01,2024-02-05,1975,45,45,2023-12-27,2024-01-15,1,1,0.022222222222222223,1.0,9,False
WD_MERGE_2024-01-01---2024-02-05_duration_35_days_cluster_333_A0_001861_A_002025_lat_04966_lon_00582_size_0555,IOME2410378A__20240104__20240112,IOME2410378A,2024-01-01,2024-02-05,2024-01-04,2024-01-12,1,0,0,0,1,3.0,24.0,27.0,27,9,2024-01-01,2024-02-05,1975,45,45,2024-01-04,2024-01-12,1,1,0.022222222222222223,1.0,10,False
WD_MERGE_2024-01-01---2024-02-05_duration_35_days_cluster_333_A0_001861_A_002025_lat_04966_lon_00582_size_0555,IOME2403657A__20231227__20240111,IOME2403657A,2024-01-01,2024-02-05,2023-12-27,2024-01-11,1,0,0,0,1,5.0,25.0,30.0,30,11,2024-01-01,2024-02-05,1975,45,45,2023-12-27,2024-01-11,1,1,0.022222222222222223,1.0,11,False
WD_MERGE_2024-01-01---2024-02-05_duration_35_days_cluster_333_A0_001861_A_002025_lat_04966_lon_00582_size_0555,IOME2407004A__20231227__20240111,IOME2407004A,2024-01-01,2024-02-05,2023-12-27,2024-01-11,1,0,0,0,1,5.0,25.0,30.0,30,11,2024-01-01,2024-02-05,1975,45,45,2023-12-27,2024-01-11,4,1,0.022222222222222223,1.0,12,False
WD_MERGE_2024-01-01---2024-02-05_duration_35_days_cluster_333_A0_001861_A_002025_lat_04966_lon_00582_size_0555,IOME2410378A__20231227__20240111,IOME2410378A,2024-01-01,2024-02-05,2023-12-27,2024-01-11,1,0,0,0,1,5.0,25.0,30.0,30,11,2024-01-01,2024-02-05,1975,45,45,2023-12-27,2024-01-11,2,1,0.022222222222222223,1.0,13,False
WD_MERGE_2024-01-01---2024-02-05_duration_35_days_cluster_333_A0_001861_A_002025_lat_04966_lon_00582_size_0555,IOME2411920A__20231227__20240111,IOME2411920A,2024-01-01,2024-02-05,2023-12-27,2024-01-11,1,0,0,0,1,5.0,25.0,30.0,30,11,2024-01-01,2024-02-05,1975,45,45,2023-12-27,2024-01-11,1,1,0.022222222222222223,1.0,14,False
WD_MERGE_2024-01-01---2024-02-05_duration_35_days_cluster_333_A0_001861_A_002025_lat_04966_lon_00582_size_0555,IOME2407754A__20240101__20240104,IOME2407754A,2024-01-01,2024-02-05,2024-01-01,2024-01-04,1,0,0,0,1,0.0,32.0,32.0,32,4,2024-01-01,2024-02-05,1975,45,45,2024-01-01,2024-01-04,2,1,0.022222222222222223,1.0,15,False
WD_MERGE_2024-01-01---2024-02-05_duration_35_days_cluster_333_A0_001861_A_002025_lat_04966_lon_00582_size_0555,IOME2407754A__20240102__20240105,IOME2407754A,2024-01-01,2024-02-05,2024-01-02,2024-01-05,1,0,0,0,1,1.0,31.0,32.0,32,4,2024-01-01,2024-02-05,1975,45,45,2024-01-02,2024-01-05,2,1,0.022222222222222223,1.0,16,False
WD_MERGE_2024-01-01---2024-02-05_duration_35_days_cluster_333_A0_001861_A_002025_lat_04966_lon_00582_size_0555,IOME2407754A__20240103__20240106,IOME2407754A,2024-01-01,2024-02-05,2024-01-03,2024-01-06,1,0,0,0,1,2.0,30.0,32.0,32,4,2024-01-01,2024-02-05,1975,45,45,2024-01-03,2024-01-06,1,1,0.022222222222222223,1.0,17,False
WD_MERGE_2024-01-01---2024-02-05_duration_35_days_cluster_333_A0_001861_A_002025_lat_04966_lon_00582_size_0555,IOME2407754A__20240103__20240105,IOME2407754A,2024-01-01,2024-02-05,2024-01-03,2024-01-05,1,0,0,0,1,2.0,31.0,33.0,33,3,2024-01-01,2024-02-05,1975,45,45,2024-01-03,2024-01-05,1,1,0.022222222222222223,1.0,18,False
WD_MERGE_2024-01-01---2024-02-05_duration_35_days_cluster_333_A0_001861_A_002025_lat_04966_lon_00582_size_0555,IOME2410378A__20240102__20240104,IOME2410378A,2024-01-01,2024-02-05,2024-01-02,2024-01-04,1,0,0,0,1,1.0,32.0,33.0,33,3,2024-01-01,2024-02-05,1975,45,45,2024-01-02,2024-01-04,1,1,0.022222222222222223,1.0,19,False
WD_MERGE_2024-01-01---2024-02-05_duration_35_days_cluster_333_A0_001861_A_002025_lat_04966_lon_00582_size_0555,INTE2433751A__20240102__20240103,INTE2433751A,2024-01-01,2024-02-05,2024-01-02,2024-01-03,1,0,0,0,1,1.0,33.0,34.0,34,2,2024-01-01,2024-02-05,1975,45,45,2024-01-02,2024-01-03,1,1,0.022222222222222223,1.0,20,False
WD_MERGE_2024-01-01---2024-02-05_duration_35_days_cluster_333_A0_001861_A_002025_lat_04966_lon_00582_size_0555,IOME2403657A__20240102__20240103,IOME2403657A,2024-01-01,2024-02-05,2024-01-02,2024-01-03,1,0,0,0,1,1.0,33.0,34.0,34,2,2024-01-01,2024-02-05,1975,45,45,2024-01-02,2024-01-03,1,1,0.022222222222222223,1.0,21,False
WD_MERGE_2024-01-01---2024-02-05_duration_35_days_cluster_333_A0_001861_A_002025_lat_04966_lon_00582_size_0555,IOME2407754A__20240101__20240102,IOME2407754A,2024-01-01,2024-02-05,2024-01-01,2024-01-02,1,0,0,0,1,0.0,34.0,34.0,34,2,2024-01-01,2024-02-05,1975,45,45,2024-01-01,2024-01-02,2,1,0.022222222222222223,1.0,22,False
WD_MERGE_2024-01-01---2024-02-05_duration_35_days_cluster_333_A0_001861_A_002025_lat_04966_lon_00582_size_0555,IOME2420215A__20240101__20240102,IOME2420215A,2024-01-01,2024-02-05,2024-01-01,2024-01-02,1,0,0,0,1,0.0,34.0,34.0,34,2,2024-01-01,2024-02-05,1975,45,45,2024-01-01,2024-01-02,1,1,0.022222222222222223,1.0,23,False
WD_MERGE_2024-01-01---2024-02-05_duration_35_days_cluster_333_A0_001861_A_002025_lat_04966_lon_00582_size_0555,IOME2420215A__20240117__20240118,IOME2420215A,2024-01-01,2024-02-05,2024-01-17,2024-01-18,1,0,0,0,1,16.0,18.0,34.0,34,2,2024-01-01,2024-02-05,1975,45,45,2024-01-17,2024-01-18,1,1,0.022222222222222223,1.0,24,False
WD_MERGE_2024-01-01---2024-02-05_duration_35_days_cluster_333_A0_001861_A_002025_lat_04966_lon_00582_size_0555,IOME2413412A__20240119__20240119,IOME2413412A,2024-01-01,2024-02-05,2024-01-19,2024-01-19,1,0,0,0,1,18.0,17.0,35.0,35,1,2024-01-01,2024-02-05,1975,45,45,2024-01-19,2024-01-19,1,1,0.022222222222222223,1.0,25,False
WD_MERGE_2024-01-01---2024-02-05_duration_35_days_cluster_333_A0_001861_A_002025_lat_04966_lon_00582_size_0555,IOME2415152A__20240103__20240103,IOME2415152A,2024-01-01,2024-02-05,2024-01-03,2024-01-03,1,0,0,0,1,2.0,33.0,35.0,35,1,2024-01-01,2024-02-05,1975,45,45,2024-01-03,2024-01-03,1,1,0.022222222222222223,1.0,26,False
WD_MERGE_2024-01-01---2024-02-05_duration_35_days_cluster_333_A0_001861_A_002025_lat_04966_lon_00582_size_0555,IOME2407004A__20231221__20240111,IOME2407004A,2024-01-01,2024-02-05,2023-12-21,2024-01-11,1,0,0,0,1,11.0,25.0,36.0,36,11,2024-01-01,2024-02-05,1975,45,45,2023-12-21,2024-01-11,1,1,0.022222222222222223,1.0,27,False
WD_MERGE_2024-01-01---2024-02-05_duration_35_days_cluster_333_A0_001861_A_002025_lat_04966_lon_00582_size_0555,IOME2413412A__20240209__20240210,IOME2413412A,2024-01-01,2024-02-05,2024-02-09,2024-02-10,1,0,0,0,1,39.0,5.0,44.0,44,0,2024-01-01,2024-02-05,1975,45,45,2024-02-09,2024-02-10,1,1,0.022222222222222223,1.0,28,False
WD_MERGE_2024-01-01---2024-02-05_duration_35_days_cluster_333_A0_001861_A_002025_lat_04966_lon_00582_size_0555,IOME2421328A__20240209__20240210,IOME2421328A,2024-01-01,2024-02-05,2024-02-09,2024-02-10,1,0,0,0,1,39.0,5.0,44.0,44,0,2024-01-01,2024-02-05,1975,45,45,2024-02-09,2024-02-10,2,1,0.022222222222222223,1.0,29,False
WD_MERGE_2024-01-01---2024-02-05_duration_35_days_cluster_333_A0_001861_A_002025_lat_04966_lon_00582_size_0555,IOME2420215A__20240209__20240211,IOME2420215A,2024-01-01,2024-02-05,2024-02-09,2024-02-11,1,0,0,0,1,39.0,6.0,45.0,45,0,2024-01-01,2024-02-05,1975,45,45,2024-02-09,2024-02-11,1,1,0.022222222222222223,1.0,30,False
WD_MERGE_2024-01-01---2024-02-05_duration_35_days_cluster_333_A0_001861_A_002025_lat_04966_lon_00582_size_0555,IOME2420215A__20240210__20240210,IOME2420215A,2024-01-01,2024-02-05,2024-02-10,2024-02-10,1,0,0,0,1,40.0,5.0,45.0,45,0,2024-01-01,2024-02-05,1975,45,45,2024-02-10,2024-02-10,1,1,0.022222222222222223,1.0,31,False
WD_MERGE_2024-01-01---2024-02-05_duration_35_days_cluster_333_A0_001861_A_002025_lat_04966_lon_00582_size_0555,IOME2421328A__20240209__20240211,IOME2421328A,2024-01-01,2024-02-05,2024-02-09,2024-02-11,1,0,0,0,1,39.0,6.0,45.0,45,0,2024-01-01,2024-02-05,1975,45,45,2024-02-09,2024-02-11,1,1,0.022222222222222223,1.0,32,False
WD_MERGE_2024-01-01---2024-02-05_duration_35_days_cluster_333_A0_001861_A_002025_lat_04966_lon_00582_size_0555,IOME2410378A__20240210__20240211,IOME2410378A,2024-01-01,2024-02-05,2024-02-10,2024-02-11,1,0,0,0,1,40.0,6.0,46.0,46,0,2024-01-01,2024-02-05,1975,45,45,2024-02-10,2024-02-11,2,1,0.022222222222222223,1.0,33,False
WD_MERGE_2024-01-01---2024-02-05_duration_35_days_cluster_333_A0_001861_A_002025_lat_04966_lon_00582_size_0555,IOME2411920A__20240210__20240211,IOME2411920A,2024-01-01,2024-02-05,2024-02-10,2024-02-11,1,0,0,0,1,40.0,6.0,46.0,46,0,2024-01-01,2024-02-05,1975,45,45,2024-02-10,2024-02-11,3,1,0.022222222222222223,1.0,34,False
WD_MERGE_2024-01-01---2024-02-05_duration_35_days_cluster_333_A0_001861_A_002025_lat_04966_lon_00582_size_0555,IOME2415880A__20240210__20240211,IOME2415880A,2024-01-01,2024-02-05,2024-02-10,2024-02-11,1,0,0,0,1,40.0,6.0,46.0,46,0,2024-01-01,2024-02-05,1975,45,45,2024-02-10,2024-02-11,1,1,0.022222222222222223,1.0,35,False
WD_MERGE_2024-01-01---2024-02-05_duration_35_days_cluster_333_A0_001861_A_002025_lat_04966_lon_00582_size_0555,IOME2410378A__20240211__20240211,IOME2410378A,2024-01-01,2024-02-05,2024-02-11,2024-02-11,1,0,0,0,1,41.0,6.0,47.0,47,0,2024-01-01,2024-02-05,1975,45,45,2024-02-11,2024-02-11,1,1,0.022222222222222223,1.0,36,False
WD_MERGE_2024-01-01---2024-02-05_duration_35_days_cluster_333_A0_001861_A_002025_lat_04966_lon_00582_size_0555,IOME2413412A__20240211__20240211,IOME2413412A,2024-01-01,2024-02-05,2024-02-11,2024-02-11,1,0,0,0,1,41.0,6.0,47.0,47,0,2024-01-01,2024-02-05,1975,45,45,2024-02-11,2024-02-11,1,1,0.022222222222222223,1.0,37,False
WD_MERGE_2024-01-01---2024-02-05_duration_35_days_cluster_333_A0_001861_A_002025_lat_04966_lon_00582_size_0555,IOME2413412A__20240211__20240212,IOME2413412A,2024-01-01,2024-02-05,2024-02-11,2024-02-12,1,0,0,0,1,41.0,7.0,48.0,48,0,2024-01-01,2024-02-05,1975,45,45,2024-02-11,2024-02-12,1,1,0.022222222222222223,1.0,38,False
WD_MERGE_2024-01-01---2024-02-05_duration_35_days_cluster_333_A0_001861_A_002025_lat_04966_lon_00582_size_0555,INTE2525618A__20231130__20231230,INTE2525618A,2024-01-01,2024-02-05,2023-11-30,2023-12-30,1,0,0,0,1,32.0,37.0,69.0,69,0,2024-01-01,2024-02-05,1975,45,45,2023-11-30,2023-12-30,1,1,0.022222222222222223,1.0,39,False
WD_MERGE_2024-01-01---2024-02-05_duration_35_days_cluster_333_A0_001861_A_002025_lat_04966_lon_00582_size_0555,INTE2501371A__20240116__20240407,INTE2501371A,2024-01-01,2024-02-05,2024-01-16,2024-04-07,1,0,0,0,1,15.0,62.0,77.0,77,21,2024-01-01,2024-02-05,1975,45,45,2024-01-16,2024-04-07,1,1,0.022222222222222223,1.0,40,False
WD_MERGE_2024-01-01---2024-02-05_duration_35_days_cluster_333_A0_001861_A_002025_lat_04966_lon_00582_size_0555,INTE2511307A__20231031__20240114,INTE2511307A,2024-01-01,2024-02-05,2023-10-31,2024-01-14,1,0,0,0,1,62.0,22.0,84.0,84,14,2024-01-01,2024-02-05,1975,45,45,2023-10-31,2024-01-14,1,1,0.022222222222222223,1.0,41,False
WD_MERGE_2024-01-01---2024-02-05_duration_35_days_cluster_333_A0_001861_A_002025_lat_04966_lon_00582_size_0555,INTE2517855A__20231231__20240629,INTE2517855A,2024-01-01,2024-02-05,2023-12-31,2024-06-29,1,0,0,0,1,1.0,145.0,146.0,146,36,2024-01-01,2024-02-05,1975,45,45,2023-12-31,2024-06-29,6,1,0.022222222222222223,1.0,42,False
WD_MERGE_2018-03-05---2018-04-09_duration_35_days_cluster_365_A0_000792_A_001016_lat_04859_lon_00099_size_0343,INTE1818802A__20180311__20180312,INTE1818802A,2018-03-05,2018-04-09,2018-03-11,2018-03-12,1,0,0,0,1,6.0,28.0,34.0,34,2,2018-03-05,2018-04-09,1386,46,46,2018-03-11,2018-03-12,1,1,0.021739130434782608,1.0,3,False
WD_MERGE_2018-03-05---2018-04-09_duration_35_days_cluster_365_A0_000792_A_001016_lat_04859_lon_00099_size_0343,INTE1810998A__20180311__20180311,INTE1810998A,2018-03-05,2018-04-09,2018-03-11,2018-03-11,1,0,0,0,1,6.0,29.0,35.0,35,1,2018-03-05,2018-04-09,1386,46,46,2018-03-11,2018-03-11,6,1,0.021739130434782608,1.0,4,False
WD_MERGE_2018-03-05---2018-04-09_duration_35_days_cluster_365_A0_000792_A_001016_lat_04859_lon_00099_size_0343,INTE1818802A__20180311__20180311,INTE1818802A,2018-03-05,2018-04-09,2018-03-11,2018-03-11,1,0,0,0,1,6.0,29.0,35.0,35,1,2018-03-05,2018-04-09,1386,46,46,2018-03-11,2018-03-11,5,1,0.021739130434782608,1.0,5,False
WD_MERGE_2018-03-05---2018-04-09_duration_35_days_cluster_365_A0_000792_A_001016_lat_04859_lon_00099_size_0343,INTE1813670A__20180302__20180302,INTE1813670A,2018-03-05,2018-04-09,2018-03-02,2018-03-02,1,0,0,0,1,3.0,38.0,41.0,41,0,2018-03-05,2018-04-09,1386,46,46,2018-03-02,2018-03-02,3,1,0.021739130434782608,1.0,6,False
WD_MERGE_2018-03-05---2018-04-09_duration_35_days_cluster_365_A0_000792_A_001016_lat_04859_lon_00099_size_0343,INTE1813670A__20180414__20180414,INTE1813670A,2018-03-05,2018-04-09,2018-04-14,2018-04-14,1,0,0,0,1,40.0,5.0,45.0,45,0,2018-03-05,2018-04-09,1386,46,46,2018-04-14,2018-04-14,1,1,0.021739130434782608,1.0,7,False
WD_MERGE_2018-03-05---2018-04-09_duration_35_days_cluster_365_A0_000792_A_001016_lat_04859_lon_00099_size_0343,INTE1818802A__20180414__20180414,INTE1818802A,2018-03-05,2018-04-09,2018-04-14,2018-04-14,1,0,0,0,1,40.0,5.0,45.0,45,0,2018-03-05,2018-04-09,1386,46,46,2018-04-14,2018-04-14,1,1,0.021739130434782608,1.0,8,False
WD_MERGE_2018-02-05---2018-03-12_duration_35_days_cluster_362_A0_000772_A_001006_lat_04696_lon_00126_size_0284,INTE1831446A__20180204__20180216,INTE1831446A,2018-02-05,2018-03-12,2018-02-04,2018-02-16,1,0,0,0,1,1.0,24.0,25.0,25,12,2018-02-05,2018-03-12,1647,48,48,2018-02-04,2018-02-16,1,1,0.020833333333333332,1.0,4,False
WD_MERGE_2018-02-05---2018-03-12_duration_35_days_cluster_362_A0_000772_A_001006_lat_04696_lon_00126_size_0284,INTE2010310A__20180208__20180218,INTE2010310A,2018-02-05,2018-03-12,2018-02-08,2018-02-18,1,0,0,0,1,3.0,22.0,25.0,25,11,2018-02-05,2018-03-12,1647,48,48,2018-02-08,2018-02-18,1,1,0.020833333333333332,1.0,5,False
WD_MERGE_2018-02-05---2018-03-12_duration_35_days_cluster_362_A0_000772_A_001006_lat_04696_lon_00126_size_0284,INTE1810998A__20180228__20180302,INTE1810998A,2018-02-05,2018-03-12,2018-02-28,2018-03-02,1,0,0,0,1,23.0,10.0,33.0,33,3,2018-02-05,2018-03-12,1647,48,48,2018-02-28,2018-03-02,2,1,0.020833333333333332,1.0,6,False
WD_MERGE_2018-02-05---2018-03-12_duration_35_days_cluster_362_A0_000772_A_001006_lat_04696_lon_00126_size_0284,INTE1813670A__20180228__20180302,INTE1813670A,2018-02-05,2018-03-12,2018-02-28,2018-03-02,1,0,0,0,1,23.0,10.0,33.0,33,3,2018-02-05,2018-03-12,1647,48,48,2018-02-28,2018-03-02,5,1,0.020833333333333332,1.0,7,False
WD_MERGE_2018-02-05---2018-03-12_duration_35_days_cluster_362_A0_000772_A_001006_lat_04696_lon_00126_size_0284,INTE1835008A__20180228__20180302,INTE1835008A,2018-02-05,2018-03-12,2018-02-28,2018-03-02,1,0,0,0,1,23.0,10.0,33.0,33,3,2018-02-05,2018-03-12,1647,48,48,2018-02-28,2018-03-02,2,1,0.020833333333333332,1.0,8,False
WD_MERGE_2018-02-05---2018-03-12_duration_35_days_cluster_362_A0_000772_A_001006_lat_04696_lon_00126_size_0284,INTE1810998A__20180228__20180301,INTE1810998A,2018-02-05,2018-03-12,2018-02-28,2018-03-01,1,0,0,0,1,23.0,11.0,34.0,34,2,2018-02-05,2018-03-12,1647,48,48,2018-02-28,2018-03-01,1,1,0.020833333333333332,1.0,9,False
WD_MERGE_2018-02-05---2018-03-12_duration_35_days_cluster_362_A0_000772_A_001006_lat_04696_lon_00126_size_0284,INTE1813670A__20180228__20180301,INTE1813670A,2018-02-05,2018-03-12,2018-02-28,2018-03-01,1,0,0,0,1,23.0,11.0,34.0,34,2,2018-02-05,2018-03-12,1647,48,48,2018-02-28,2018-03-01,3,1,0.020833333333333332,1.0,10,False
WD_MERGE_2018-02-05---2018-03-12_duration_35_days_cluster_362_A0_000772_A_001006_lat_04696_lon_00126_size_0284,INTE1818802A__20180311__20180312,INTE1818802A,2018-02-05,2018-03-12,2018-03-11,2018-03-12,1,0,0,0,1,34.0,0.0,34.0,34,2,2018-02-05,2018-03-12,1647,48,48,2018-03-11,2018-03-12,1,1,0.020833333333333332,1.0,11,False
WD_MERGE_2018-02-05---2018-03-12_duration_35_days_cluster_362_A0_000772_A_001006_lat_04696_lon_00126_size_0284,INTE1810998A__20180301__20180301,INTE1810998A,2018-02-05,2018-03-12,2018-03-01,2018-03-01,1,0,0,0,1,24.0,11.0,35.0,35,1,2018-02-05,2018-03-12,1647,48,48,2018-03-01,2018-03-01,1,1,0.020833333333333332,1.0,12,False
WD_MERGE_2018-02-05---2018-03-12_duration_35_days_cluster_362_A0_000772_A_001006_lat_04696_lon_00126_size_0284,INTE1810998A__20180311__20180311,INTE1810998A,2018-02-05,2018-03-12,2018-03-11,2018-03-11,1,0,0,0,1,34.0,1.0,35.0,35,1,2018-02-05,2018-03-12,1647,48,48,2018-03-11,2018-03-11,6,1,0.020833333333333332,1.0,13,False
WD_MERGE_2018-02-05---2018-03-12_duration_35_days_cluster_362_A0_000772_A_001006_lat_04696_lon_00126_size_0284,INTE1813670A__20180302__20180302,INTE1813670A,2018-02-05,2018-03-12,2018-03-02,2018-03-02,1,0,0,0,1,25.0,10.0,35.0,35,1,2018-02-05,2018-03-12,1647,48,48,2018-03-02,2018-03-02,3,1,0.020833333333333332,1.0,14,False
WD_MERGE_2018-02-05---2018-03-12_duration_35_days_cluster_362_A0_000772_A_001006_lat_04696_lon_00126_size_0284,INTE1818802A__20180311__20180311,INTE1818802A,2018-02-05,2018-03-12,2018-03-11,2018-03-11,1,0,0,0,1,34.0,1.0,35.0,35,1,2018-02-05,2018-03-12,1647,48,48,2018-03-11,2018-03-11,5,1,0.020833333333333332,1.0,15,False
WD_MERGE_2018-02-05---2018-03-12_duration_35_days_cluster_362_A0_000772_A_001006_lat_04696_lon_00126_size_0284,INTE1810998A__20180203__20180205,INTE1810998A,2018-02-05,2018-03-12,2018-02-03,2018-02-05,1,0,0,0,1,2.0,35.0,37.0,37,1,2018-02-05,2018-03-12,1647,48,48,2018-02-03,2018-02-05,1,1,0.020833333333333332,1.0,16,False
WD_MERGE_2018-02-05---2018-03-12_duration_35_days_cluster_362_A0_000772_A_001006_lat_04696_lon_00126_size_0284,INTE1824833A__20180131__20180201,INTE1824833A,2018-02-05,2018-03-12,2018-01-31,2018-02-01,1,0,0,0,1,5.0,39.0,44.0,44,0,2018-02-05,2018-03-12,1647,48,48,2018-01-31,2018-02-01,1,1,0.020833333333333332,1.0,17,False
WD_MERGE_2018-02-05---2018-03-12_duration_35_days_cluster_362_A0_000772_A_001006_lat_04696_lon_00126_size_0284,INTE1810998A__20180126__20180205,INTE1810998A,2018-02-05,2018-03-12,2018-01-26,2018-02-05,1,0,0,0,1,10.0,35.0,45.0,45,1,2018-02-05,2018-03-12,1647,48,48,2018-01-26,2018-02-05,1,1,0.020833333333333332,1.0,18,False
WD_MERGE_2018-02-05---2018-03-12_duration_35_days_cluster_362_A0_000772_A_001006_lat_04696_lon_00126_size_0284,INTE1817087A__20180128__20180202,INTE1817087A,2018-02-05,2018-03-12,2018-01-28,2018-02-02,1,0,0,0,1,8.0,38.0,46.0,46,0,2018-02-05,2018-03-12,1647,48,48,2018-01-28,2018-02-02,3,1,0.020833333333333332,1.0,19,False
WD_MERGE_2018-02-05---2018-03-12_duration_35_days_cluster_362_A0_000772_A_001006_lat_04696_lon_00126_size_0284,INTE1907677A__20180115__20180215,INTE1907677A,2018-02-05,2018-03-12,2018-01-15,2018-02-15,1,0,0,0,1,21.0,25.0,46.0,46,11,2018-02-05,2018-03-12,1647,48,48,2018-01-15,2018-02-15,2,1,0.020833333333333332,1.0,20,False
WD_MERGE_2018-02-05---2018-03-12_duration_35_days_cluster_362_A0_000772_A_001006_lat_04696_lon_00126_size_0284,INTE1928835A__20180124__20180206,INTE1928835A,2018-02-05,2018-03-12,2018-01-24,2018-02-06,1,0,0,0,1,12.0,34.0,46.0,46,2,2018-02-05,2018-03-12,1647,48,48,2018-01-24,2018-02-06,1,1,0.020833333333333332,1.0,21,False
WD_MERGE_2018-02-05---2018-03-12_duration_35_days_cluster_362_A0_000772_A_001006_lat_04696_lon_00126_size_0284,INTE1935602A__20180115__20180215,INTE1935602A,2018-02-05,2018-03-12,2018-01-15,2018-02-15,1,0,0,0,1,21.0,25.0,46.0,46,11,2018-02-05,2018-03-12,1647,48,48,2018-01-15,2018-02-15,18,1,0.020833333333333332,1.0,22,False
WD_MERGE_2018-02-05---2018-03-12_duration_35_days_cluster_362_A0_000772_A_001006_lat_04696_lon_00126_size_0284,INTE2014521A__20180115__20180215,INTE2014521A,2018-02-05,2018-03-12,2018-01-15,2018-02-15,1,0,0,0,1,21.0,25.0,46.0,46,11,2018-02-05,2018-03-12,1647,48,48,2018-01-15,2018-02-15,5,1,0.020833333333333332,1.0,23,False
WD_MERGE_2018-02-05---2018-03-12_duration_35_days_cluster_362_A0_000772_A_001006_lat_04696_lon_00126_size_0284,INTE1928835A__20180121__20180205,INTE1928835A,2018-02-05,2018-03-12,2018-01-21,2018-02-05,1,0,0,0,1,15.0,35.0,50.0,50,1,2018-02-05,2018-03-12,1647,48,48,2018-01-21,2018-02-05,1,1,0.020833333333333332,1.0,24,False
WD_MERGE_2018-02-05---2018-03-12_duration_35_days_cluster_362_A0_000772_A_001006_lat_04696_lon_00126_size_0284,INTE1810998A__20180127__20180129,INTE1810998A,2018-02-05,2018-03-12,2018-01-27,2018-01-29,1,0,0,0,1,9.0,42.0,51.0,51,0,2018-02-05,2018-03-12,1647,48,48,2018-01-27,2018-01-29,10,1,0.020833333333333332,1.0,25,False
WD_MERGE_2018-02-05---2018-03-12_duration_35_days_cluster_362_A0_000772_A_001006_lat_04696_lon_00126_size_0284,INTE1824833A__20180127__20180129,INTE1824833A,2018-02-05,2018-03-12,2018-01-27,2018-01-29,1,0,0,0,1,9.0,42.0,51.0,51,0,2018-02-05,2018-03-12,1647,48,48,2018-01-27,2018-01-29,1,1,0.020833333333333332,1.0,26,False
WD_MERGE_2018-02-05---2018-03-12_duration_35_days_cluster_362_A0_000772_A_001006_lat_04696_lon_00126_size_0284,INTE1828404A__20180127__20180129,INTE1828404A,2018-02-05,2018-03-12,2018-01-27,2018-01-29,1,0,0,0,1,9.0,42.0,51.0,51,0,2018-02-05,2018-03-12,1647,48,48,2018-01-27,2018-01-29,2,1,0.020833333333333332,1.0,27,False
WD_MERGE_2018-02-05---2018-03-12_duration_35_days_cluster_362_A0_000772_A_001006_lat_04696_lon_00126_size_0284,INTE1835008A__20180127__20180129,INTE1835008A,2018-02-05,2018-03-12,2018-01-27,2018-01-29,1,0,0,0,1,9.0,42.0,51.0,51,0,2018-02-05,2018-03-12,1647,48,48,2018-01-27,2018-01-29,1,1,0.020833333333333332,1.0,28,False
WD_MERGE_2018-02-05---2018-03-12_duration_35_days_cluster_362_A0_000772_A_001006_lat_04696_lon_00126_size_0284,INTE1813670A__20180106__20180218,INTE1813670A,2018-02-05,2018-03-12,2018-01-06,2018-02-18,1,0,0,0,1,30.0,22.0,52.0,52,14,2018-02-05,2018-03-12,1647,48,48,2018-01-06,2018-02-18,1,1,0.020833333333333332,1.0,29,False
WD_MERGE_2018-02-05---2018-03-12_duration_35_days_cluster_362_A0_000772_A_001006_lat_04696_lon_00126_size_0284,INTE1917050A__20180121__20180131,INTE1917050A,2018-02-05,2018-03-12,2018-01-21,2018-01-31,1,0,0,0,1,15.0,40.0,55.0,55,0,2018-02-05,2018-03-12,1647,48,48,2018-01-21,2018-01-31,1,1,0.020833333333333332,1.0,30,False
WD_MERGE_2018-02-05---2018-03-12_duration_35_days_cluster_362_A0_000772_A_001006_lat_04696_lon_00126_size_0284,INTE1806551A__20180121__20180130,INTE1806551A,2018-02-05,2018-03-12,2018-01-21,2018-01-30,1,0,0,0,1,15.0,41.0,56.0,56,0,2018-02-05,2018-03-12,1647,48,48,2018-01-21,2018-01-30,32,1,0.020833333333333332,1.0,31,False
WD_MERGE_2018-02-05---2018-03-12_duration_35_days_cluster_362_A0_000772_A_001006_lat_04696_lon_00126_size_0284,INTE1917050A__20180105__20180205,INTE1917050A,2018-02-05,2018-03-12,2018-01-05,2018-02-05,1,0,0,0,1,31.0,35.0,66.0,66,1,2018-02-05,2018-03-12,1647,48,48,2018-01-05,2018-02-05,1,1,0.020833333333333332,1.0,32,False
WD_MERGE_2018-02-05---2018-03-12_duration_35_days_cluster_362_A0_000772_A_001006_lat_04696_lon_00126_size_0284,INTE1831446A__20180101__20180131,INTE1831446A,2018-02-05,2018-03-12,2018-01-01,2018-01-31,1,0,0,0,1,35.0,40.0,75.0,75,0,2018-02-05,2018-03-12,1647,48,48,2018-01-01,2018-01-31,1,1,0.020833333333333332,1.0,33,False
WD_MERGE_2018-02-05---2018-03-12_duration_35_days_cluster_362_A0_000772_A_001006_lat_04696_lon_00126_size_0284,INTE1826529A__20180120__20180210,INTE1826529A,2018-02-05,2018-03-12,2018-01-20,2018-02-10,1,0,0,0,1,16.0,30.0,46.0,46,6,2018-02-05,2018-03-12,1647,48,48,2018-01-20,2018-02-10,63,2,0.020833333333333332,0.5,34,False
WD_MERGE_2019-11-25---2020-01-06_duration_42_days_cluster_354_A0_001418_A_001778_lat_04942_lon_-0006_size_0345,INTE2010310A__20191213__20191216,INTE2010310A,2019-11-25,2020-01-06,2019-12-13,2019-12-16,1,0,0,0,1,18.0,21.0,39.0,39,4,2019-11-25,2020-01-06,2059,49,49,2019-12-13,2019-12-16,1,1,0.02040816326530612,1.0,1,False
WD_MERGE_2019-11-25---2020-01-06_duration_42_days_cluster_354_A0_001418_A_001778_lat_04942_lon_-0006_size_0345,INTE2010310A__20191221__20191223,INTE2010310A,2019-11-25,2020-01-06,2019-12-21,2019-12-23,1,0,0,0,1,26.0,14.0,40.0,40,3,2019-11-25,2020-01-06,2059,49,49,2019-12-21,2019-12-23,1,1,0.02040816326530612,1.0,2,False
WD_MERGE_2019-11-25---2020-01-06_duration_42_days_cluster_354_A0_001418_A_001778_lat_04942_lon_-0006_size_0345,INTE2014521A__20191223__20191225,INTE2014521A,2019-11-25,2020-01-06,2019-12-23,2019-12-25,1,0,0,0,1,28.0,12.0,40.0,40,3,2019-11-25,2020-01-06,2059,49,49,2019-12-23,2019-12-25,1,1,0.02040816326530612,1.0,3,False
WD_MERGE_2019-11-25---2020-01-06_duration_42_days_cluster_354_A0_001418_A_001778_lat_04942_lon_-0006_size_0345,INTE2014521A__20191226__20191228,INTE2014521A,2019-11-25,2020-01-06,2019-12-26,2019-12-28,1,0,0,0,1,31.0,9.0,40.0,40,3,2019-11-25,2020-01-06,2059,49,49,2019-12-26,2019-12-28,1,1,0.02040816326530612,1.0,4,False
WD_MERGE_2019-11-25---2020-01-06_duration_42_days_cluster_354_A0_001418_A_001778_lat_04942_lon_-0006_size_0345,INTE2002329A__20191126__20191127,INTE2002329A,2019-11-25,2020-01-06,2019-11-26,2019-11-27,1,0,0,0,1,1.0,40.0,41.0,41,2,2019-11-25,2020-01-06,2059,49,49,2019-11-26,2019-11-27,1,1,0.02040816326530612,1.0,5,False
WD_MERGE_2019-11-25---2020-01-06_duration_42_days_cluster_354_A0_001418_A_001778_lat_04942_lon_-0006_size_0345,INTE2023938A__20191214__20191215,INTE2023938A,2019-11-25,2020-01-06,2019-12-14,2019-12-15,1,0,0,0,1,19.0,22.0,41.0,41,2,2019-11-25,2020-01-06,2059,49,49,2019-12-14,2019-12-15,1,1,0.02040816326530612,1.0,6,False
WD_MERGE_2019-11-25---2020-01-06_duration_42_days_cluster_354_A0_001418_A_001778_lat_04942_lon_-0006_size_0345,INTE2010310A__20191130__20191130,INTE2010310A,2019-11-25,2020-01-06,2019-11-30,2019-11-30,1,0,0,0,1,5.0,37.0,42.0,42,1,2019-11-25,2020-01-06,2059,49,49,2019-11-30,2019-11-30,2,1,0.02040816326530612,1.0,7,False
WD_MERGE_2019-11-25---2020-01-06_duration_42_days_cluster_354_A0_001418_A_001778_lat_04942_lon_-0006_size_0345,INTE2010310A__20191214__20191216,INTE2010310A,2019-11-25,2020-01-06,2019-12-14,2019-12-16,1,0,0,0,1,19.0,21.0,40.0,40,3,2019-11-25,2020-01-06,2059,49,49,2019-12-14,2019-12-16,4,2,0.02040816326530612,0.5,8,False
WD_MERGE_2019-11-25---2020-01-06_duration_42_days_cluster_354_A0_001418_A_001778_lat_04942_lon_-0006_size_0345,INTE2010310A__20191219__20191221,INTE2010310A,2019-11-25,2020-01-06,2019-12-19,2019-12-21,1,0,0,0,1,24.0,16.0,40.0,40,3,2019-11-25,2020-01-06,2059,49,49,2019-12-19,2019-12-21,2,2,0.02040816326530612,0.5,9,False
WD_MERGE_2019-11-25---2020-01-06_duration_42_days_cluster_354_A0_001418_A_001778_lat_04942_lon_-0006_size_0345,INTE2010310A__20191219__20191220,INTE2010310A,2019-11-25,2020-01-06,2019-12-19,2019-12-20,1,0,0,0,1,24.0,17.0,41.0,41,2,2019-11-25,2020-01-06,2059,49,49,2019-12-19,2019-12-20,2,2,0.02040816326530612,0.5,10,False
WD_MERGE_2019-11-25---2020-01-06_duration_42_days_cluster_354_A0_001418_A_001778_lat_04942_lon_-0006_size_0345,INTE2005870A__20191220__20191221,INTE2005870A,2019-11-25,2020-01-06,2019-12-20,2019-12-21,1,0,0,0,1,25.0,16.0,41.0,41,2,2019-11-25,2020-01-06,2059,49,49,2019-12-20,2019-12-21,6,3,0.02040816326530612,0.3333333333333333,11,False
WD_MERGE_2016-02-08---2016-03-21_duration_42_days_cluster_299_A0_000993_A_001287_lat_04880_lon_00221_size_0343,INTE1617716A__20160211__20160213,INTE1617716A,2016-02-08,2016-03-21,2016-02-11,2016-02-13,1,0,0,0,1,3.0,37.0,40.0,40,3,2016-02-08,2016-03-21,1894,52,52,2016-02-11,2016-02-13,1,1,0.019230769230769232,1.0,2,False
WD_MERGE_2016-02-08---2016-03-21_duration_42_days_cluster_299_A0_000993_A_001287_lat_04880_lon_00221_size_0343,INTE1620877A__20160211__20160212,INTE1620877A,2016-02-08,2016-03-21,2016-02-11,2016-02-12,1,0,0,0,1,3.0,38.0,41.0,41,2,2016-02-08,2016-03-21,1894,52,52,2016-02-11,2016-02-12,1,1,0.019230769230769232,1.0,3,False
WD_MERGE_2016-02-08---2016-03-21_duration_42_days_cluster_299_A0_000993_A_001287_lat_04880_lon_00221_size_0343,INTE1637220A__20160209__20160209,INTE1637220A,2016-02-08,2016-03-21,2016-02-09,2016-02-09,1,0,0,0,1,1.0,41.0,42.0,42,1,2016-02-08,2016-03-21,1894,52,52,2016-02-09,2016-02-09,1,1,0.019230769230769232,1.0,4,False
WD_MERGE_2023-10-09---2023-11-27_duration_35_days_cluster_346_A0_001489_A_001868_lat_04874_lon_00161_size_0346,IOME2400974A__20231028__20231124,IOME2400974A,2023-10-09,2023-11-27,2023-10-28,2023-11-24,1,0,0,0,1,19.0,3.0,22.0,22,28,2023-10-09,2023-11-27,2204,53,53,2023-10-28,2023-11-24,1,1,0.018867924528301886,1.0,18,False
WD_MERGE_2023-10-09---2023-11-27_duration_35_days_cluster_346_A0_001489_A_001868_lat_04874_lon_00161_size_0346,INTE2501371A__20231031__20231129,INTE2501371A,2023-10-09,2023-11-27,2023-10-31,2023-11-29,1,0,0,0,1,22.0,2.0,24.0,24,28,2023-10-09,2023-11-27,2204,53,53,2023-10-31,2023-11-29,1,1,0.018867924528301886,1.0,19,False
WD_MERGE_2023-10-09---2023-11-27_duration_35_days_cluster_346_A0_001489_A_001868_lat_04874_lon_00161_size_0346,INTE2517855A__20231031__20231129,INTE2517855A,2023-10-09,2023-11-27,2023-10-31,2023-11-29,1,0,0,0,1,22.0,2.0,24.0,24,28,2023-10-09,2023-11-27,2204,53,53,2023-10-31,2023-11-29,2,1,0.018867924528301886,1.0,20,False
WD_MERGE_2023-10-09---2023-11-27_duration_35_days_cluster_346_A0_001489_A_001868_lat_04874_lon_00161_size_0346,IOME2335302A__20231102__20231124,IOME2335302A,2023-10-09,2023-11-27,2023-11-02,2023-11-24,1,0,0,0,1,24.0,3.0,27.0,27,23,2023-10-09,2023-11-27,2204,53,53,2023-11-02,2023-11-24,1,1,0.018867924528301886,1.0,21,False
WD_MERGE_2023-10-09---2023-11-27_duration_35_days_cluster_346_A0_001489_A_001868_lat_04874_lon_00161_size_0346,IOME2400969A__20231028__20231119,IOME2400969A,2023-10-09,2023-11-27,2023-10-28,2023-11-19,1,0,0,0,1,19.0,8.0,27.0,27,23,2023-10-09,2023-11-27,2204,53,53,2023-10-28,2023-11-19,36,1,0.018867924528301886,1.0,22,False
WD_MERGE_2023-10-09---2023-11-27_duration_35_days_cluster_346_A0_001489_A_001868_lat_04874_lon_00161_size_0346,IOME2400974A__20231102__20231124,IOME2400974A,2023-10-09,2023-11-27,2023-11-02,2023-11-24,1,0,0,0,1,24.0,3.0,27.0,27,23,2023-10-09,2023-11-27,2204,53,53,2023-11-02,2023-11-24,3,1,0.018867924528301886,1.0,23,False
WD_MERGE_2023-10-09---2023-11-27_duration_35_days_cluster_346_A0_001489_A_001868_lat_04874_lon_00161_size_0346,IOME2403657A__20231102__20231124,IOME2403657A,2023-10-09,2023-11-27,2023-11-02,2023-11-24,1,0,0,0,1,24.0,3.0,27.0,27,23,2023-10-09,2023-11-27,2204,53,53,2023-11-02,2023-11-24,1,1,0.018867924528301886,1.0,24,False
WD_MERGE_2023-10-09---2023-11-27_duration_35_days_cluster_346_A0_001489_A_001868_lat_04874_lon_00161_size_0346,IOME2413412A__20231028__20231119,IOME2413412A,2023-10-09,2023-11-27,2023-10-28,2023-11-19,1,0,0,0,1,19.0,8.0,27.0,27,23,2023-10-09,2023-11-27,2204,53,53,2023-10-28,2023-11-19,5,1,0.018867924528301886,1.0,25,False
WD_MERGE_2023-10-09---2023-11-27_duration_35_days_cluster_346_A0_001489_A_001868_lat_04874_lon_00161_size_0346,IOME2420215A__20231027__20231118,IOME2420215A,2023-10-09,2023-11-27,2023-10-27,2023-11-18,1,0,0,0,1,18.0,9.0,27.0,27,23,2023-10-09,2023-11-27,2204,53,53,2023-10-27,2023-11-18,1,1,0.018867924528301886,1.0,26,False
WD_MERGE_2023-10-09---2023-11-27_duration_35_days_cluster_346_A0_001489_A_001868_lat_04874_lon_00161_size_0346,INTE2511307A__20231017__20231217,INTE2511307A,2023-10-09,2023-11-27,2023-10-17,2023-12-17,1,0,0,0,1,8.0,20.0,28.0,28,42,2023-10-09,2023-11-27,2204,53,53,2023-10-17,2023-12-17,21,1,0.018867924528301886,1.0,27,False
WD_MERGE_2023-10-09---2023-11-27_duration_35_days_cluster_346_A0_001489_A_001868_lat_04874_lon_00161_size_0346,IOME2332866A__20231026__20231115,IOME2332866A,2023-10-09,2023-11-27,2023-10-26,2023-11-15,1,0,0,0,1,17.0,12.0,29.0,29,21,2023-10-09,2023-11-27,2204,53,53,2023-10-26,2023-11-15,1,1,0.018867924528301886,1.0,28,False
WD_MERGE_2023-10-09---2023-11-27_duration_35_days_cluster_346_A0_001489_A_001868_lat_04874_lon_00161_size_0346,INTE2517855A__20231103__20231204,INTE2517855A,2023-10-09,2023-11-27,2023-11-03,2023-12-04,1,0,0,0,1,25.0,7.0,32.0,32,25,2023-10-09,2023-11-27,2204,53,53,2023-11-03,2023-12-04,1,1,0.018867924528301886,1.0,29,False
WD_MERGE_2023-10-09---2023-11-27_duration_35_days_cluster_346_A0_001489_A_001868_lat_04874_lon_00161_size_0346,INTE2508631A__20231101__20231207,INTE2508631A,2023-10-09,2023-11-27,2023-11-01,2023-12-07,1,0,0,0,1,23.0,10.0,33.0,33,27,2023-10-09,2023-11-27,2204,53,53,2023-11-01,2023-12-07,1,1,0.018867924528301886,1.0,30,False
WD_MERGE_2023-10-09---2023-11-27_duration_35_days_cluster_346_A0_001489_A_001868_lat_04874_lon_00161_size_0346,INTE2501371A__20231030__20231214,INTE2501371A,2023-10-09,2023-11-27,2023-10-30,2023-12-14,1,0,0,0,1,21.0,17.0,38.0,38,29,2023-10-09,2023-11-27,2204,53,53,2023-10-30,2023-12-14,1,1,0.018867924528301886,1.0,31,False
WD_MERGE_2023-10-09---2023-11-27_duration_35_days_cluster_346_A0_001489_A_001868_lat_04874_lon_00161_size_0346,IOME2407754A__20231019__20231028,IOME2407754A,2023-10-09,2023-11-27,2023-10-19,2023-10-28,1,0,0,0,1,10.0,30.0,40.0,40,10,2023-10-09,2023-11-27,2204,53,53,2023-10-19,2023-10-28,1,1,0.018867924528301886,1.0,32,False
WD_MERGE_2023-10-09---2023-11-27_duration_35_days_cluster_346_A0_001489_A_001868_lat_04874_lon_00161_size_0346,IOME2333648A__20231116__20231124,IOME2333648A,2023-10-09,2023-11-27,2023-11-16,2023-11-24,1,0,0,0,1,38.0,3.0,41.0,41,9,2023-10-09,2023-11-27,2204,53,53,2023-11-16,2023-11-24,1,1,0.018867924528301886,1.0,33,False
WD_MERGE_2023-10-09---2023-11-27_duration_35_days_cluster_346_A0_001489_A_001868_lat_04874_lon_00161_size_0346,IOME2420215A__20231102__20231214,IOME2420215A,2023-10-09,2023-11-27,2023-11-02,2023-12-14,1,0,0,0,1,24.0,17.0,41.0,41,26,2023-10-09,2023-11-27,2204,53,53,2023-11-02,2023-12-14,1,1,0.018867924528301886,1.0,34,False
WD_MERGE_2023-10-09---2023-11-27_duration_35_days_cluster_346_A0_001489_A_001868_lat_04874_lon_00161_size_0346,IOME2402725A__20231110__20231117,IOME2402725A,2023-10-09,2023-11-27,2023-11-10,2023-11-17,1,0,0,0,1,32.0,10.0,42.0,42,8,2023-10-09,2023-11-27,2204,53,53,2023-11-10,2023-11-17,1,1,0.018867924528301886,1.0,35,False
WD_MERGE_2023-10-09---2023-11-27_duration_35_days_cluster_346_A0_001489_A_001868_lat_04874_lon_00161_size_0346,IOME2403657A__20231028__20231104,IOME2403657A,2023-10-09,2023-11-27,2023-10-28,2023-11-04,1,0,0,0,1,19.0,23.0,42.0,42,8,2023-10-09,2023-11-27,2204,53,53,2023-10-28,2023-11-04,1,1,0.018867924528301886,1.0,36,False
WD_MERGE_2023-10-09---2023-11-27_duration_35_days_cluster_346_A0_001489_A_001868_lat_04874_lon_00161_size_0346,IOME2407754A__20231105__20231112,IOME2407754A,2023-10-09,2023-11-27,2023-11-05,2023-11-12,1,0,0,0,1,27.0,15.0,42.0,42,8,2023-10-09,2023-11-27,2204,53,53,2023-11-05,2023-11-12,1,1,0.018867924528301886,1.0,37,False
WD_MERGE_2023-10-09---2023-11-27_duration_35_days_cluster_346_A0_001489_A_001868_lat_04874_lon_00161_size_0346,IOME2407754A__20231110__20231117,IOME2407754A,2023-10-09,2023-11-27,2023-11-10,2023-11-17,1,0,0,0,1,32.0,10.0,42.0,42,8,2023-10-09,2023-11-27,2204,53,53,2023-11-10,2023-11-17,1,1,0.018867924528301886,1.0,38,False
WD_MERGE_2023-10-09---2023-11-27_duration_35_days_cluster_346_A0_001489_A_001868_lat_04874_lon_00161_size_0346,IOME2400969A__20231027__20231101,IOME2400969A,2023-10-09,2023-11-27,2023-10-27,2023-11-01,1,0,0,0,1,18.0,26.0,44.0,44,6,2023-10-09,2023-11-27,2204,53,53,2023-10-27,2023-11-01,1,1,0.018867924528301886,1.0,39,False
WD_MERGE_2023-10-09---2023-11-27_duration_35_days_cluster_346_A0_001489_A_001868_lat_04874_lon_00161_size_0346,IOME2333648A__20231028__20231101,IOME2333648A,2023-10-09,2023-11-27,2023-10-28,2023-11-01,1,0,0,0,1,19.0,26.0,45.0,45,5,2023-10-09,2023-11-27,2204,53,53,2023-10-28,2023-11-01,2,1,0.018867924528301886,1.0,40,False
WD_MERGE_2023-10-09---2023-11-27_duration_35_days_cluster_346_A0_001489_A_001868_lat_04874_lon_00161_size_0346,IOME2335302A__20231028__20231101,IOME2335302A,2023-10-09,2023-11-27,2023-10-28,2023-11-01,1,0,0,0,1,19.0,26.0,45.0,45,5,2023-10-09,2023-11-27,2204,53,53,2023-10-28,2023-11-01,6,1,0.018867924528301886,1.0,41,False
WD_MERGE_2023-10-09---2023-11-27_duration_35_days_cluster_346_A0_001489_A_001868_lat_04874_lon_00161_size_0346,IOME2402725A__20231028__20231101,IOME2402725A,2023-10-09,2023-11-27,2023-10-28,2023-11-01,1,0,0,0,1,19.0,26.0,45.0,45,5,2023-10-09,2023-11-27,2204,53,53,2023-10-28,2023-11-01,1,1,0.018867924528301886,1.0,42,False
WD_MERGE_2023-10-09---2023-11-27_duration_35_days_cluster_346_A0_001489_A_001868_lat_04874_lon_00161_size_0346,IOME2407754A__20231101__20231105,IOME2407754A,2023-10-09,2023-11-27,2023-11-01,2023-11-05,1,0,0,0,1,23.0,22.0,45.0,45,5,2023-10-09,2023-11-27,2204,53,53,2023-11-01,2023-11-05,1,1,0.018867924528301886,1.0,43,False
WD_MERGE_2023-10-09---2023-11-27_duration_35_days_cluster_346_A0_001489_A_001868_lat_04874_lon_00161_size_0346,IOME2420215A__20231113__20231117,IOME2420215A,2023-10-09,2023-11-27,2023-11-13,2023-11-17,1,0,0,0,1,35.0,10.0,45.0,45,5,2023-10-09,2023-11-27,2204,53,53,2023-11-13,2023-11-17,1,1,0.018867924528301886,1.0,44,False
WD_MERGE_2023-10-09---2023-11-27_duration_35_days_cluster_346_A0_001489_A_001868_lat_04874_lon_00161_size_0346,IOME2403657A__20231030__20231102,IOME2403657A,2023-10-09,2023-11-27,2023-10-30,2023-11-02,1,0,0,0,1,21.0,25.0,46.0,46,4,2023-10-09,2023-11-27,2204,53,53,2023-10-30,2023-11-02,1,1,0.018867924528301886,1.0,45,False
WD_MERGE_2023-10-09---2023-11-27_duration_35_days_cluster_346_A0_001489_A_001868_lat_04874_lon_00161_size_0346,IOME2333648A__20231101__20231103,IOME2333648A,2023-10-09,2023-11-27,2023-11-01,2023-11-03,1,0,0,0,1,23.0,24.0,47.0,47,3,2023-10-09,2023-11-27,2204,53,53,2023-11-01,2023-11-03,1,1,0.018867924528301886,1.0,46,False
WD_MERGE_2023-10-09---2023-11-27_duration_35_days_cluster_346_A0_001489_A_001868_lat_04874_lon_00161_size_0346,IOME2407754A__20231028__20231030,IOME2407754A,2023-10-09,2023-11-27,2023-10-28,2023-10-30,1,0,0,0,1,19.0,28.0,47.0,47,3,2023-10-09,2023-11-27,2204,53,53,2023-10-28,2023-10-30,1,1,0.018867924528301886,1.0,47,False
WD_MERGE_2023-10-09---2023-11-27_duration_35_days_cluster_346_A0_001489_A_001868_lat_04874_lon_00161_size_0346,IOME2407754A__20231104__20231106,IOME2407754A,2023-10-09,2023-11-27,2023-11-04,2023-11-06,1,0,0,0,1,26.0,21.0,47.0,47,3,2023-10-09,2023-11-27,2204,53,53,2023-11-04,2023-11-06,2,1,0.018867924528301886,1.0,48,False
WD_MERGE_2023-10-09---2023-11-27_duration_35_days_cluster_346_A0_001489_A_001868_lat_04874_lon_00161_size_0346,INTE2517855A__20231112__20231113,INTE2517855A,2023-10-09,2023-11-27,2023-11-12,2023-11-13,1,0,0,0,1,34.0,14.0,48.0,48,2,2023-10-09,2023-11-27,2204,53,53,2023-11-12,2023-11-13,1,1,0.018867924528301886,1.0,49,False
WD_MERGE_2023-10-09---2023-11-27_duration_35_days_cluster_346_A0_001489_A_001868_lat_04874_lon_00161_size_0346,IOME2333648A__20231028__20231029,IOME2333648A,2023-10-09,2023-11-27,2023-10-28,2023-10-29,1,0,0,0,1,19.0,29.0,48.0,48,2,2023-10-09,2023-11-27,2204,53,53,2023-10-28,2023-10-29,1,1,0.018867924528301886,1.0,50,False
WD_MERGE_2023-10-09---2023-11-27_duration_35_days_cluster_346_A0_001489_A_001868_lat_04874_lon_00161_size_0346,IOME2333648A__20231101__20231102,IOME2333648A,2023-10-09,2023-11-27,2023-11-01,2023-11-02,1,0,0,0,1,23.0,25.0,48.0,48,2,2023-10-09,2023-11-27,2204,53,53,2023-11-01,2023-11-02,1,1,0.018867924528301886,1.0,51,False
WD_MERGE_2023-10-09---2023-11-27_duration_35_days_cluster_346_A0_001489_A_001868_lat_04874_lon_00161_size_0346,IOME2333648A__20231102__20231103,IOME2333648A,2023-10-09,2023-11-27,2023-11-02,2023-11-03,1,0,0,0,1,24.0,24.0,48.0,48,2,2023-10-09,2023-11-27,2204,53,53,2023-11-02,2023-11-03,1,1,0.018867924528301886,1.0,52,False
WD_MERGE_2023-10-09---2023-11-27_duration_35_days_cluster_346_A0_001489_A_001868_lat_04874_lon_00161_size_0346,IOME2333648A__20231113__20231114,IOME2333648A,2023-10-09,2023-11-27,2023-11-13,2023-11-14,1,0,0,0,1,35.0,13.0,48.0,48,2,2023-10-09,2023-11-27,2204,53,53,2023-11-13,2023-11-14,3,1,0.018867924528301886,1.0,53,False
WD_MERGE_2023-10-09---2023-11-27_duration_35_days_cluster_346_A0_001489_A_001868_lat_04874_lon_00161_size_0346,IOME2335302A__20231101__20231102,IOME2335302A,2023-10-09,2023-11-27,2023-11-01,2023-11-02,1,0,0,0,1,23.0,25.0,48.0,48,2,2023-10-09,2023-11-27,2204,53,53,2023-11-01,2023-11-02,1,1,0.018867924528301886,1.0,54,False
WD_MERGE_2023-10-09---2023-11-27_duration_35_days_cluster_346_A0_001489_A_001868_lat_04874_lon_00161_size_0346,IOME2402725A__20231019__20231020,IOME2402725A,2023-10-09,2023-11-27,2023-10-19,2023-10-20,1,0,0,0,1,10.0,38.0,48.0,48,2,2023-10-09,2023-11-27,2204,53,53,2023-10-19,2023-10-20,1,1,0.018867924528301886,1.0,55,False
WD_MERGE_2023-10-09---2023-11-27_duration_35_days_cluster_346_A0_001489_A_001868_lat_04874_lon_00161_size_0346,IOME2402725A__20231023__20231024,IOME2402725A,2023-10-09,2023-11-27,2023-10-23,2023-10-24,1,0,0,0,1,14.0,34.0,48.0,48,2,2023-10-09,2023-11-27,2204,53,53,2023-10-23,2023-10-24,1,1,0.018867924528301886,1.0,56,False
WD_MERGE_2023-10-09---2023-11-27_duration_35_days_cluster_346_A0_001489_A_001868_lat_04874_lon_00161_size_0346,IOME2402725A__20231102__20231103,IOME2402725A,2023-10-09,2023-11-27,2023-11-02,2023-11-03,1,0,0,0,1,24.0,24.0,48.0,48,2,2023-10-09,2023-11-27,2204,53,53,2023-11-02,2023-11-03,1,1,0.018867924528301886,1.0,57,False
WD_MERGE_2023-10-09---2023-11-27_duration_35_days_cluster_346_A0_001489_A_001868_lat_04874_lon_00161_size_0346,IOME2402725A__20231104__20231105,IOME2402725A,2023-10-09,2023-11-27,2023-11-04,2023-11-05,1,0,0,0,1,26.0,22.0,48.0,48,2,2023-10-09,2023-11-27,2204,53,53,2023-11-04,2023-11-05,1,1,0.018867924528301886,1.0,58,False
WD_MERGE_2023-10-09---2023-11-27_duration_35_days_cluster_346_A0_001489_A_001868_lat_04874_lon_00161_size_0346,IOME2407754A__20231104__20231105,IOME2407754A,2023-10-09,2023-11-27,2023-11-04,2023-11-05,1,0,0,0,1,26.0,22.0,48.0,48,2,2023-10-09,2023-11-27,2204,53,53,2023-11-04,2023-11-05,2,1,0.018867924528301886,1.0,59,False
WD_MERGE_2023-10-09---2023-11-27_duration_35_days_cluster_346_A0_001489_A_001868_lat_04874_lon_00161_size_0346,IOME2410378A__20231102__20231103,IOME2410378A,2023-10-09,2023-11-27,2023-11-02,2023-11-03,1,0,0,0,1,24.0,24.0,48.0,48,2,2023-10-09,2023-11-27,2204,53,53,2023-11-02,2023-11-03,1,1,0.018867924528301886,1.0,60,False
WD_MERGE_2023-10-09---2023-11-27_duration_35_days_cluster_346_A0_001489_A_001868_lat_04874_lon_00161_size_0346,IOME2333648A__20231102__20231102,IOME2333648A,2023-10-09,2023-11-27,2023-11-02,2023-11-02,1,0,0,0,1,24.0,25.0,49.0,49,1,2023-10-09,2023-11-27,2204,53,53,2023-11-02,2023-11-02,1,1,0.018867924528301886,1.0,61,False
WD_MERGE_2023-10-09---2023-11-27_duration_35_days_cluster_346_A0_001489_A_001868_lat_04874_lon_00161_size_0346,IOME2333648A__20231116__20231116,IOME2333648A,2023-10-09,2023-11-27,2023-11-16,2023-11-16,1,0,0,0,1,38.0,11.0,49.0,49,1,2023-10-09,2023-11-27,2204,53,53,2023-11-16,2023-11-16,1,1,0.018867924528301886,1.0,62,False
WD_MERGE_2023-10-09---2023-11-27_duration_35_days_cluster_346_A0_001489_A_001868_lat_04874_lon_00161_size_0346,IOME2407754A__20231027__20231027,IOME2407754A,2023-10-09,2023-11-27,2023-10-27,2023-10-27,1,0,0,0,1,18.0,31.0,49.0,49,1,2023-10-09,2023-11-27,2204,53,53,2023-10-27,2023-10-27,1,1,0.018867924528301886,1.0,63,False
WD_MERGE_2023-10-09---2023-11-27_duration_35_days_cluster_346_A0_001489_A_001868_lat_04874_lon_00161_size_0346,IOME2410378A__20231020__20231020,IOME2410378A,2023-10-09,2023-11-27,2023-10-20,2023-10-20,1,0,0,0,1,11.0,38.0,49.0,49,1,2023-10-09,2023-11-27,2204,53,53,2023-10-20,2023-10-20,1,1,0.018867924528301886,1.0,64,False
WD_MERGE_2023-10-09---2023-11-27_duration_35_days_cluster_346_A0_001489_A_001868_lat_04874_lon_00161_size_0346,IOME2410378A__20231024__20231024,IOME2410378A,2023-10-09,2023-11-27,2023-10-24,2023-10-24,1,0,0,0,1,15.0,34.0,49.0,49,1,2023-10-09,2023-11-27,2204,53,53,2023-10-24,2023-10-24,1,1,0.018867924528301886,1.0,65,False
WD_MERGE_2023-10-09---2023-11-27_duration_35_days_cluster_346_A0_001489_A_001868_lat_04874_lon_00161_size_0346,IOME2410378A__20231028__20231028,IOME2410378A,2023-10-09,2023-11-27,2023-10-28,2023-10-28,1,0,0,0,1,19.0,30.0,49.0,49,1,2023-10-09,2023-11-27,2204,53,53,2023-10-28,2023-10-28,1,1,0.018867924528301886,1.0,66,False
WD_MERGE_2023-10-09---2023-11-27_duration_35_days_cluster_346_A0_001489_A_001868_lat_04874_lon_00161_size_0346,IOME2403657A__20231130__20231201,IOME2403657A,2023-10-09,2023-11-27,2023-11-30,2023-12-01,1,0,0,0,1,52.0,4.0,56.0,56,0,2023-10-09,2023-11-27,2204,53,53,2023-11-30,2023-12-01,1,1,0.018867924528301886,1.0,67,False
WD_MERGE_2023-10-09---2023-11-27_duration_35_days_cluster_346_A0_001489_A_001868_lat_04874_lon_00161_size_0346,IOME2411920A__20231201__20231201,IOME2411920A,2023-10-09,2023-11-27,2023-12-01,2023-12-01,1,0,0,0,1,53.0,4.0,57.0,57,0,2023-10-09,2023-11-27,2204,53,53,2023-12-01,2023-12-01,2,1,0.018867924528301886,1.0,68,False
WD_MERGE_2023-10-09---2023-11-27_duration_35_days_cluster_346_A0_001489_A_001868_lat_04874_lon_00161_size_0346,IOME2411920A__20231201__20231202,IOME2411920A,2023-10-09,2023-11-27,2023-12-01,2023-12-02,1,0,0,0,1,53.0,5.0,58.0,58,0,2023-10-09,2023-11-27,2204,53,53,2023-12-01,2023-12-02,1,1,0.018867924528301886,1.0,69,False
WD_MERGE_2023-10-09---2023-11-27_duration_35_days_cluster_346_A0_001489_A_001868_lat_04874_lon_00161_size_0346,INTE2511307A__20231204__20231205,INTE2511307A,2023-10-09,2023-11-27,2023-12-04,2023-12-05,1,0,0,0,1,56.0,8.0,64.0,64,0,2023-10-09,2023-11-27,2204,53,53,2023-12-04,2023-12-05,1,1,0.018867924528301886,1.0,70,False
WD_MERGE_2023-10-09---2023-11-27_duration_35_days_cluster_346_A0_001489_A_001868_lat_04874_lon_00161_size_0346,IOME2407754A__20231204__20231205,IOME2407754A,2023-10-09,2023-11-27,2023-12-04,2023-12-05,1,0,0,0,1,56.0,8.0,64.0,64,0,2023-10-09,2023-11-27,2204,53,53,2023-12-04,2023-12-05,2,1,0.018867924528301886,1.0,71,False
WD_MERGE_2023-10-09---2023-11-27_duration_35_days_cluster_346_A0_001489_A_001868_lat_04874_lon_00161_size_0346,INTE2511307A__20231031__20240114,INTE2511307A,2023-10-09,2023-11-27,2023-10-31,2024-01-14,1,0,0,0,1,22.0,48.0,70.0,70,28,2023-10-09,2023-11-27,2204,53,53,2023-10-31,2024-01-14,1,1,0.018867924528301886,1.0,72,False
WD_MERGE_2023-10-09---2023-11-27_duration_35_days_cluster_346_A0_001489_A_001868_lat_04874_lon_00161_size_0346,INTE2525618A__20231130__20231230,INTE2525618A,2023-10-09,2023-11-27,2023-11-30,2023-12-30,1,0,0,0,1,52.0,33.0,85.0,85,0,2023-10-09,2023-11-27,2204,53,53,2023-11-30,2023-12-30,1,1,0.018867924528301886,1.0,73,False
WD_MERGE_2023-10-09---2023-11-27_duration_35_days_cluster_346_A0_001489_A_001868_lat_04874_lon_00161_size_0346,IOME2333648A__20231114__20231116,IOME2333648A,2023-10-09,2023-11-27,2023-11-14,2023-11-16,1,0,0,0,1,36.0,11.0,47.0,47,3,2023-10-09,2023-11-27,2204,53,53,2023-11-14,2023-11-16,2,2,0.018867924528301886,0.5,74,False
WD_MERGE_2023-10-09---2023-11-27_duration_35_days_cluster_346_A0_001489_A_001868_lat_04874_lon_00161_size_0346,IOME2335302A__20231028__20231030,IOME2335302A,2023-10-09,2023-11-27,2023-10-28,2023-10-30,1,0,0,0,1,19.0,28.0,47.0,47,3,2023-10-09,2023-11-27,2204,53,53,2023-10-28,2023-10-30,3,2,0.018867924528301886,0.5,75,False
WD_MERGE_2023-10-09---2023-11-27_duration_35_days_cluster_346_A0_001489_A_001868_lat_04874_lon_00161_size_0346,IOME2403657A__20231114__20231116,IOME2403657A,2023-10-09,2023-11-27,2023-11-14,2023-11-16,1,0,0,0,1,36.0,11.0,47.0,47,3,2023-10-09,2023-11-27,2204,53,53,2023-11-14,2023-11-16,3,2,0.018867924528301886,0.5,76,False
WD_MERGE_2023-10-09---2023-11-27_duration_35_days_cluster_346_A0_001489_A_001868_lat_04874_lon_00161_size_0346,IOME2402725A__20231028__20231029,IOME2402725A,2023-10-09,2023-11-27,2023-10-28,2023-10-29,1,0,0,0,1,19.0,29.0,48.0,48,2,2023-10-09,2023-11-27,2204,53,53,2023-10-28,2023-10-29,2,2,0.018867924528301886,0.5,77,False
WD_MERGE_2024-02-19---2024-03-18_duration_21_days_cluster_347_A0_000534_A_000577_lat_04734_lon_00149_size_0292,IOME2411920A__20240224__20240304,IOME2411920A,2024-02-19,2024-03-18,2024-02-24,2024-03-04,1,0,0,0,1,5.0,14.0,19.0,19,10,2024-02-19,2024-03-18,1245,54,54,2024-02-24,2024-03-04,1,1,0.018518518518518517,1.0,2,False
WD_MERGE_2024-02-19---2024-03-18_duration_21_days_cluster_347_A0_000534_A_000577_lat_04734_lon_00149_size_0292,INTE2501371A__20240217__20240228,INTE2501371A,2024-02-19,2024-03-18,2024-02-17,2024-02-28,1,0,0,0,1,2.0,19.0,21.0,21,10,2024-02-19,2024-03-18,1245,54,54,2024-02-17,2024-02-28,1,1,0.018518518518518517,1.0,3,False
WD_MERGE_2024-02-19---2024-03-18_duration_21_days_cluster_347_A0_000534_A_000577_lat_04734_lon_00149_size_0292,INTE2517855A__20240224__20240302,INTE2517855A,2024-02-19,2024-03-18,2024-02-24,2024-03-02,1,0,0,0,1,5.0,16.0,21.0,21,8,2024-02-19,2024-03-18,1245,54,54,2024-02-24,2024-03-02,1,1,0.018518518518518517,1.0,4,False
WD_MERGE_2024-02-19---2024-03-18_duration_21_days_cluster_347_A0_000534_A_000577_lat_04734_lon_00149_size_0292,INTE2501371A__20240229__20240330,INTE2501371A,2024-02-19,2024-03-18,2024-02-29,2024-03-30,1,0,0,0,1,10.0,12.0,22.0,22,19,2024-02-19,2024-03-18,1245,54,54,2024-02-29,2024-03-30,1,1,0.018518518518518517,1.0,5,False
WD_MERGE_2024-02-19---2024-03-18_duration_21_days_cluster_347_A0_000534_A_000577_lat_04734_lon_00149_size_0292,INTE2525618A__20240225__20240403,INTE2525618A,2024-02-19,2024-03-18,2024-02-25,2024-04-03,1,0,0,0,1,6.0,16.0,22.0,22,23,2024-02-19,2024-03-18,1245,54,54,2024-02-25,2024-04-03,1,1,0.018518518518518517,1.0,6,False
WD_MERGE_2024-02-19---2024-03-18_duration_21_days_cluster_347_A0_000534_A_000577_lat_04734_lon_00149_size_0292,IOME2415880A__20240224__20240301,IOME2415880A,2024-02-19,2024-03-18,2024-02-24,2024-03-01,1,0,0,0,1,5.0,17.0,22.0,22,7,2024-02-19,2024-03-18,1245,54,54,2024-02-24,2024-03-01,1,1,0.018518518518518517,1.0,7,False
WD_MERGE_2024-02-19---2024-03-18_duration_21_days_cluster_347_A0_000534_A_000577_lat_04734_lon_00149_size_0292,IOME2420215A__20240220__20240226,IOME2420215A,2024-02-19,2024-03-18,2024-02-20,2024-02-26,1,0,0,0,1,1.0,21.0,22.0,22,7,2024-02-19,2024-03-18,1245,54,54,2024-02-20,2024-02-26,1,1,0.018518518518518517,1.0,8,False
WD_MERGE_2024-02-19---2024-03-18_duration_21_days_cluster_347_A0_000534_A_000577_lat_04734_lon_00149_size_0292,IOME2410378A__20240309__20240313,IOME2410378A,2024-02-19,2024-03-18,2024-03-09,2024-03-13,1,0,0,0,1,19.0,5.0,24.0,24,5,2024-02-19,2024-03-18,1245,54,54,2024-03-09,2024-03-13,3,1,0.018518518518518517,1.0,9,False
WD_MERGE_2024-02-19---2024-03-18_duration_21_days_cluster_347_A0_000534_A_000577_lat_04734_lon_00149_size_0292,IOME2410378A__20240310__20240314,IOME2410378A,2024-02-19,2024-03-18,2024-03-10,2024-03-14,1,0,0,0,1,20.0,4.0,24.0,24,5,2024-02-19,2024-03-18,1245,54,54,2024-03-10,2024-03-14,2,1,0.018518518518518517,1.0,10,False
WD_MERGE_2024-02-19---2024-03-18_duration_21_days_cluster_347_A0_000534_A_000577_lat_04734_lon_00149_size_0292,IOME2411920A__20240309__20240313,IOME2411920A,2024-02-19,2024-03-18,2024-03-09,2024-03-13,1,0,0,0,1,19.0,5.0,24.0,24,5,2024-02-19,2024-03-18,1245,54,54,2024-03-09,2024-03-13,1,1,0.018518518518518517,1.0,11,False
WD_MERGE_2024-02-19---2024-03-18_duration_21_days_cluster_347_A0_000534_A_000577_lat_04734_lon_00149_size_0292,INTE2424582A__20240221__20240224,INTE2424582A,2024-02-19,2024-03-18,2024-02-21,2024-02-24,1,0,0,0,1,2.0,23.0,25.0,25,4,2024-02-19,2024-03-18,1245,54,54,2024-02-21,2024-02-24,1,1,0.018518518518518517,1.0,12,False
WD_MERGE_2024-02-19---2024-03-18_duration_21_days_cluster_347_A0_000534_A_000577_lat_04734_lon_00149_size_0292,INTE2424582A__20240310__20240313,INTE2424582A,2024-02-19,2024-03-18,2024-03-10,2024-03-13,1,0,0,0,1,20.0,5.0,25.0,25,4,2024-02-19,2024-03-18,1245,54,54,2024-03-10,2024-03-13,1,1,0.018518518518518517,1.0,13,False
WD_MERGE_2024-02-19---2024-03-18_duration_21_days_cluster_347_A0_000534_A_000577_lat_04734_lon_00149_size_0292,IOME2415880A__20240222__20240225,IOME2415880A,2024-02-19,2024-03-18,2024-02-22,2024-02-25,1,0,0,0,1,3.0,22.0,25.0,25,4,2024-02-19,2024-03-18,1245,54,54,2024-02-22,2024-02-25,1,1,0.018518518518518517,1.0,14,False
WD_MERGE_2024-02-19---2024-03-18_duration_21_days_cluster_347_A0_000534_A_000577_lat_04734_lon_00149_size_0292,INTE2424582A__20240223__20240225,INTE2424582A,2024-02-19,2024-03-18,2024-02-23,2024-02-25,1,0,0,0,1,4.0,22.0,26.0,26,3,2024-02-19,2024-03-18,1245,54,54,2024-02-23,2024-02-25,1,1,0.018518518518518517,1.0,15,False
WD_MERGE_2024-02-19---2024-03-18_duration_21_days_cluster_347_A0_000534_A_000577_lat_04734_lon_00149_size_0292,INTE2430293A__20240308__20240310,INTE2430293A,2024-02-19,2024-03-18,2024-03-08,2024-03-10,1,0,0,0,1,18.0,8.0,26.0,26,3,2024-02-19,2024-03-18,1245,54,54,2024-03-08,2024-03-10,2,1,0.018518518518518517,1.0,16,False
WD_MERGE_2024-02-19---2024-03-18_duration_21_days_cluster_347_A0_000534_A_000577_lat_04734_lon_00149_size_0292,INTE2433751A__20240301__20240303,INTE2433751A,2024-02-19,2024-03-18,2024-03-01,2024-03-03,1,0,0,0,1,11.0,15.0,26.0,26,3,2024-02-19,2024-03-18,1245,54,54,2024-03-01,2024-03-03,1,1,0.018518518518518517,1.0,17,False
WD_MERGE_2024-02-19---2024-03-18_duration_21_days_cluster_347_A0_000534_A_000577_lat_04734_lon_00149_size_0292,INTE2433751A__20240309__20240311,INTE2433751A,2024-02-19,2024-03-18,2024-03-09,2024-03-11,1,0,0,0,1,19.0,7.0,26.0,26,3,2024-02-19,2024-03-18,1245,54,54,2024-03-09,2024-03-11,1,1,0.018518518518518517,1.0,18,False
WD_MERGE_2024-02-19---2024-03-18_duration_21_days_cluster_347_A0_000534_A_000577_lat_04734_lon_00149_size_0292,IOME2410378A__20240226__20240228,IOME2410378A,2024-02-19,2024-03-18,2024-02-26,2024-02-28,1,0,0,0,1,7.0,19.0,26.0,26,3,2024-02-19,2024-03-18,1245,54,54,2024-02-26,2024-02-28,3,1,0.018518518518518517,1.0,19,False
WD_MERGE_2024-02-19---2024-03-18_duration_21_days_cluster_347_A0_000534_A_000577_lat_04734_lon_00149_size_0292,IOME2410378A__20240227__20240229,IOME2410378A,2024-02-19,2024-03-18,2024-02-27,2024-02-29,1,0,0,0,1,8.0,18.0,26.0,26,3,2024-02-19,2024-03-18,1245,54,54,2024-02-27,2024-02-29,3,1,0.018518518518518517,1.0,20,False
WD_MERGE_2024-02-19---2024-03-18_duration_21_days_cluster_347_A0_000534_A_000577_lat_04734_lon_00149_size_0292,IOME2410378A__20240228__20240301,IOME2410378A,2024-02-19,2024-03-18,2024-02-28,2024-03-01,1,0,0,0,1,9.0,17.0,26.0,26,3,2024-02-19,2024-03-18,1245,54,54,2024-02-28,2024-03-01,6,1,0.018518518518518517,1.0,21,False
WD_MERGE_2024-02-19---2024-03-18_duration_21_days_cluster_347_A0_000534_A_000577_lat_04734_lon_00149_size_0292,IOME2415152A__20240308__20240310,IOME2415152A,2024-02-19,2024-03-18,2024-03-08,2024-03-10,1,0,0,0,1,18.0,8.0,26.0,26,3,2024-02-19,2024-03-18,1245,54,54,2024-03-08,2024-03-10,1,1,0.018518518518518517,1.0,22,False
WD_MERGE_2024-02-19---2024-03-18_duration_21_days_cluster_347_A0_000534_A_000577_lat_04734_lon_00149_size_0292,IOME2415152A__20240309__20240311,IOME2415152A,2024-02-19,2024-03-18,2024-03-09,2024-03-11,1,0,0,0,1,19.0,7.0,26.0,26,3,2024-02-19,2024-03-18,1245,54,54,2024-03-09,2024-03-11,1,1,0.018518518518518517,1.0,23,False
WD_MERGE_2024-02-19---2024-03-18_duration_21_days_cluster_347_A0_000534_A_000577_lat_04734_lon_00149_size_0292,IOME2415880A__20240303__20240305,IOME2415880A,2024-02-19,2024-03-18,2024-03-03,2024-03-05,1,0,0,0,1,13.0,13.0,26.0,26,3,2024-02-19,2024-03-18,1245,54,54,2024-03-03,2024-03-05,1,1,0.018518518518518517,1.0,24,False
WD_MERGE_2024-02-19---2024-03-18_duration_21_days_cluster_347_A0_000534_A_000577_lat_04734_lon_00149_size_0292,IOME2420215A__20240221__20240223,IOME2420215A,2024-02-19,2024-03-18,2024-02-21,2024-02-23,1,0,0,0,1,2.0,24.0,26.0,26,3,2024-02-19,2024-03-18,1245,54,54,2024-02-21,2024-02-23,1,1,0.018518518518518517,1.0,25,False
WD_MERGE_2024-02-19---2024-03-18_duration_21_days_cluster_347_A0_000534_A_000577_lat_04734_lon_00149_size_0292,INTE2424582A__20240220__20240221,INTE2424582A,2024-02-19,2024-03-18,2024-02-20,2024-02-21,1,0,0,0,1,1.0,26.0,27.0,27,2,2024-02-19,2024-03-18,1245,54,54,2024-02-20,2024-02-21,1,1,0.018518518518518517,1.0,26,False
WD_MERGE_2024-02-19---2024-03-18_duration_21_days_cluster_347_A0_000534_A_000577_lat_04734_lon_00149_size_0292,INTE2424582A__20240301__20240302,INTE2424582A,2024-02-19,2024-03-18,2024-03-01,2024-03-02,1,0,0,0,1,11.0,16.0,27.0,27,2,2024-02-19,2024-03-18,1245,54,54,2024-03-01,2024-03-02,1,1,0.018518518518518517,1.0,27,False
WD_MERGE_2024-02-19---2024-03-18_duration_21_days_cluster_347_A0_000534_A_000577_lat_04734_lon_00149_size_0292,INTE2424582A__20240308__20240309,INTE2424582A,2024-02-19,2024-03-18,2024-03-08,2024-03-09,1,0,0,0,1,18.0,9.0,27.0,27,2,2024-02-19,2024-03-18,1245,54,54,2024-03-08,2024-03-09,1,1,0.018518518518518517,1.0,28,False
WD_MERGE_2024-02-19---2024-03-18_duration_21_days_cluster_347_A0_000534_A_000577_lat_04734_lon_00149_size_0292,INTE2430293A__20240308__20240309,INTE2430293A,2024-02-19,2024-03-18,2024-03-08,2024-03-09,1,0,0,0,1,18.0,9.0,27.0,27,2,2024-02-19,2024-03-18,1245,54,54,2024-03-08,2024-03-09,3,1,0.018518518518518517,1.0,29,False
WD_MERGE_2024-02-19---2024-03-18_duration_21_days_cluster_347_A0_000534_A_000577_lat_04734_lon_00149_size_0292,INTE2430293A__20240309__20240310,INTE2430293A,2024-02-19,2024-03-18,2024-03-09,2024-03-10,1,0,0,0,1,19.0,8.0,27.0,27,2,2024-02-19,2024-03-18,1245,54,54,2024-03-09,2024-03-10,5,1,0.018518518518518517,1.0,30,False
WD_MERGE_2024-02-19---2024-03-18_duration_21_days_cluster_347_A0_000534_A_000577_lat_04734_lon_00149_size_0292,INTE2430293A__20240310__20240311,INTE2430293A,2024-02-19,2024-03-18,2024-03-10,2024-03-11,1,0,0,0,1,20.0,7.0,27.0,27,2,2024-02-19,2024-03-18,1245,54,54,2024-03-10,2024-03-11,1,1,0.018518518518518517,1.0,31,False
WD_MERGE_2024-02-19---2024-03-18_duration_21_days_cluster_347_A0_000534_A_000577_lat_04734_lon_00149_size_0292,INTE2433751A__20240221__20240222,INTE2433751A,2024-02-19,2024-03-18,2024-02-21,2024-02-22,1,0,0,0,1,2.0,25.0,27.0,27,2,2024-02-19,2024-03-18,1245,54,54,2024-02-21,2024-02-22,1,1,0.018518518518518517,1.0,32,False
WD_MERGE_2024-02-19---2024-03-18_duration_21_days_cluster_347_A0_000534_A_000577_lat_04734_lon_00149_size_0292,INTE2433751A__20240308__20240309,INTE2433751A,2024-02-19,2024-03-18,2024-03-08,2024-03-09,1,0,0,0,1,18.0,9.0,27.0,27,2,2024-02-19,2024-03-18,1245,54,54,2024-03-08,2024-03-09,1,1,0.018518518518518517,1.0,33,False
WD_MERGE_2024-02-19---2024-03-18_duration_21_days_cluster_347_A0_000534_A_000577_lat_04734_lon_00149_size_0292,INTE2433751A__20240309__20240310,INTE2433751A,2024-02-19,2024-03-18,2024-03-09,2024-03-10,1,0,0,0,1,19.0,8.0,27.0,27,2,2024-02-19,2024-03-18,1245,54,54,2024-03-09,2024-03-10,1,1,0.018518518518518517,1.0,34,False
WD_MERGE_2024-02-19---2024-03-18_duration_21_days_cluster_347_A0_000534_A_000577_lat_04734_lon_00149_size_0292,INTE2514336A__20240220__20240221,INTE2514336A,2024-02-19,2024-03-18,2024-02-20,2024-02-21,1,0,0,0,1,1.0,26.0,27.0,27,2,2024-02-19,2024-03-18,1245,54,54,2024-02-20,2024-02-21,1,1,0.018518518518518517,1.0,35,False
WD_MERGE_2024-02-19---2024-03-18_duration_21_days_cluster_347_A0_000534_A_000577_lat_04734_lon_00149_size_0292,INTE2525618A__20240301__20240302,INTE2525618A,2024-02-19,2024-03-18,2024-03-01,2024-03-02,1,0,0,0,1,11.0,16.0,27.0,27,2,2024-02-19,2024-03-18,1245,54,54,2024-03-01,2024-03-02,1,1,0.018518518518518517,1.0,36,False
WD_MERGE_2024-02-19---2024-03-18_duration_21_days_cluster_347_A0_000534_A_000577_lat_04734_lon_00149_size_0292,IOME2410378A__20240223__20240224,IOME2410378A,2024-02-19,2024-03-18,2024-02-23,2024-02-24,1,0,0,0,1,4.0,23.0,27.0,27,2,2024-02-19,2024-03-18,1245,54,54,2024-02-23,2024-02-24,1,1,0.018518518518518517,1.0,37,False
WD_MERGE_2024-02-19---2024-03-18_duration_21_days_cluster_347_A0_000534_A_000577_lat_04734_lon_00149_size_0292,IOME2410378A__20240225__20240226,IOME2410378A,2024-02-19,2024-03-18,2024-02-25,2024-02-26,1,0,0,0,1,6.0,21.0,27.0,27,2,2024-02-19,2024-03-18,1245,54,54,2024-02-25,2024-02-26,1,1,0.018518518518518517,1.0,38,False
WD_MERGE_2024-02-19---2024-03-18_duration_21_days_cluster_347_A0_000534_A_000577_lat_04734_lon_00149_size_0292,IOME2411920A__20240302__20240303,IOME2411920A,2024-02-19,2024-03-18,2024-03-02,2024-03-03,1,0,0,0,1,12.0,15.0,27.0,27,2,2024-02-19,2024-03-18,1245,54,54,2024-03-02,2024-03-03,7,1,0.018518518518518517,1.0,39,False
WD_MERGE_2024-02-19---2024-03-18_duration_21_days_cluster_347_A0_000534_A_000577_lat_04734_lon_00149_size_0292,IOME2413412A__20240222__20240223,IOME2413412A,2024-02-19,2024-03-18,2024-02-22,2024-02-23,1,0,0,0,1,3.0,24.0,27.0,27,2,2024-02-19,2024-03-18,1245,54,54,2024-02-22,2024-02-23,1,1,0.018518518518518517,1.0,40,False
WD_MERGE_2024-02-19---2024-03-18_duration_21_days_cluster_347_A0_000534_A_000577_lat_04734_lon_00149_size_0292,IOME2413412A__20240226__20240227,IOME2413412A,2024-02-19,2024-03-18,2024-02-26,2024-02-27,1,0,0,0,1,7.0,20.0,27.0,27,2,2024-02-19,2024-03-18,1245,54,54,2024-02-26,2024-02-27,1,1,0.018518518518518517,1.0,41,False
WD_MERGE_2024-02-19---2024-03-18_duration_21_days_cluster_347_A0_000534_A_000577_lat_04734_lon_00149_size_0292,IOME2413412A__20240309__20240310,IOME2413412A,2024-02-19,2024-03-18,2024-03-09,2024-03-10,1,0,0,0,1,19.0,8.0,27.0,27,2,2024-02-19,2024-03-18,1245,54,54,2024-03-09,2024-03-10,1,1,0.018518518518518517,1.0,42,False
WD_MERGE_2024-02-19---2024-03-18_duration_21_days_cluster_347_A0_000534_A_000577_lat_04734_lon_00149_size_0292,IOME2415152A__20240302__20240303,IOME2415152A,2024-02-19,2024-03-18,2024-03-02,2024-03-03,1,0,0,0,1,12.0,15.0,27.0,27,2,2024-02-19,2024-03-18,1245,54,54,2024-03-02,2024-03-03,2,1,0.018518518518518517,1.0,43,False
WD_MERGE_2024-02-19---2024-03-18_duration_21_days_cluster_347_A0_000534_A_000577_lat_04734_lon_00149_size_0292,IOME2415880A__20240222__20240223,IOME2415880A,2024-02-19,2024-03-18,2024-02-22,2024-02-23,1,0,0,0,1,3.0,24.0,27.0,27,2,2024-02-19,2024-03-18,1245,54,54,2024-02-22,2024-02-23,1,1,0.018518518518518517,1.0,44,False
WD_MERGE_2024-02-19---2024-03-18_duration_21_days_cluster_347_A0_000534_A_000577_lat_04734_lon_00149_size_0292,IOME2415880A__20240226__20240227,IOME2415880A,2024-02-19,2024-03-18,2024-02-26,2024-02-27,1,0,0,0,1,7.0,20.0,27.0,27,2,2024-02-19,2024-03-18,1245,54,54,2024-02-26,2024-02-27,2,1,0.018518518518518517,1.0,45,False
WD_MERGE_2024-02-19---2024-03-18_duration_21_days_cluster_347_A0_000534_A_000577_lat_04734_lon_00149_size_0292,IOME2415880A__20240227__20240228,IOME2415880A,2024-02-19,2024-03-18,2024-02-27,2024-02-28,1,0,0,0,1,8.0,19.0,27.0,27,2,2024-02-19,2024-03-18,1245,54,54,2024-02-27,2024-02-28,2,1,0.018518518518518517,1.0,46,False
WD_MERGE_2024-02-19---2024-03-18_duration_21_days_cluster_347_A0_000534_A_000577_lat_04734_lon_00149_size_0292,IOME2415880A__20240302__20240303,IOME2415880A,2024-02-19,2024-03-18,2024-03-02,2024-03-03,1,0,0,0,1,12.0,15.0,27.0,27,2,2024-02-19,2024-03-18,1245,54,54,2024-03-02,2024-03-03,1,1,0.018518518518518517,1.0,47,False
WD_MERGE_2024-02-19---2024-03-18_duration_21_days_cluster_347_A0_000534_A_000577_lat_04734_lon_00149_size_0292,IOME2415880A__20240309__20240310,IOME2415880A,2024-02-19,2024-03-18,2024-03-09,2024-03-10,1,0,0,0,1,19.0,8.0,27.0,27,2,2024-02-19,2024-03-18,1245,54,54,2024-03-09,2024-03-10,1,1,0.018518518518518517,1.0,48,False
WD_MERGE_2024-02-19---2024-03-18_duration_21_days_cluster_347_A0_000534_A_000577_lat_04734_lon_00149_size_0292,IOME2421328A__20240301__20240302,IOME2421328A,2024-02-19,2024-03-18,2024-03-01,2024-03-02,1,0,0,0,1,11.0,16.0,27.0,27,2,2024-02-19,2024-03-18,1245,54,54,2024-03-01,2024-03-02,3,1,0.018518518518518517,1.0,49,False
WD_MERGE_2024-02-19---2024-03-18_duration_21_days_cluster_347_A0_000534_A_000577_lat_04734_lon_00149_size_0292,INTE2430293A__20240310__20240310,INTE2430293A,2024-02-19,2024-03-18,2024-03-10,2024-03-10,1,0,0,0,1,20.0,8.0,28.0,28,1,2024-02-19,2024-03-18,1245,54,54,2024-03-10,2024-03-10,1,1,0.018518518518518517,1.0,50,False
WD_MERGE_2024-02-19---2024-03-18_duration_21_days_cluster_347_A0_000534_A_000577_lat_04734_lon_00149_size_0292,INTE2430293A__20240313__20240313,INTE2430293A,2024-02-19,2024-03-18,2024-03-13,2024-03-13,1,0,0,0,1,23.0,5.0,28.0,28,1,2024-02-19,2024-03-18,1245,54,54,2024-03-13,2024-03-13,1,1,0.018518518518518517,1.0,51,False
WD_MERGE_2024-02-19---2024-03-18_duration_21_days_cluster_347_A0_000534_A_000577_lat_04734_lon_00149_size_0292,INTE2433751A__20240225__20240225,INTE2433751A,2024-02-19,2024-03-18,2024-02-25,2024-02-25,1,0,0,0,1,6.0,22.0,28.0,28,1,2024-02-19,2024-03-18,1245,54,54,2024-02-25,2024-02-25,1,1,0.018518518518518517,1.0,52,False
WD_MERGE_2024-02-19---2024-03-18_duration_21_days_cluster_347_A0_000534_A_000577_lat_04734_lon_00149_size_0292,INTE2501371A__20240221__20240221,INTE2501371A,2024-02-19,2024-03-18,2024-02-21,2024-02-21,1,0,0,0,1,2.0,26.0,28.0,28,1,2024-02-19,2024-03-18,1245,54,54,2024-02-21,2024-02-21,1,1,0.018518518518518517,1.0,53,False
WD_MERGE_2024-02-19---2024-03-18_duration_21_days_cluster_347_A0_000534_A_000577_lat_04734_lon_00149_size_0292,INTE2501371A__20240309__20240309,INTE2501371A,2024-02-19,2024-03-18,2024-03-09,2024-03-09,1,0,0,0,1,19.0,9.0,28.0,28,1,2024-02-19,2024-03-18,1245,54,54,2024-03-09,2024-03-09,1,1,0.018518518518518517,1.0,54,False
WD_MERGE_2024-02-19---2024-03-18_duration_21_days_cluster_347_A0_000534_A_000577_lat_04734_lon_00149_size_0292,IOME2410378A__20240222__20240222,IOME2410378A,2024-02-19,2024-03-18,2024-02-22,2024-02-22,1,0,0,0,1,3.0,25.0,28.0,28,1,2024-02-19,2024-03-18,1245,54,54,2024-02-22,2024-02-22,2,1,0.018518518518518517,1.0,55,False
WD_MERGE_2024-02-19---2024-03-18_duration_21_days_cluster_347_A0_000534_A_000577_lat_04734_lon_00149_size_0292,IOME2410378A__20240309__20240309,IOME2410378A,2024-02-19,2024-03-18,2024-03-09,2024-03-09,1,0,0,0,1,19.0,9.0,28.0,28,1,2024-02-19,2024-03-18,1245,54,54,2024-03-09,2024-03-09,1,1,0.018518518518518517,1.0,56,False
WD_MERGE_2024-02-19---2024-03-18_duration_21_days_cluster_347_A0_000534_A_000577_lat_04734_lon_00149_size_0292,IOME2413412A__20240223__20240223,IOME2413412A,2024-02-19,2024-03-18,2024-02-23,2024-02-23,1,0,0,0,1,4.0,24.0,28.0,28,1,2024-02-19,2024-03-18,1245,54,54,2024-02-23,2024-02-23,1,1,0.018518518518518517,1.0,57,False
WD_MERGE_2024-02-19---2024-03-18_duration_21_days_cluster_347_A0_000534_A_000577_lat_04734_lon_00149_size_0292,IOME2413412A__20240310__20240310,IOME2413412A,2024-02-19,2024-03-18,2024-03-10,2024-03-10,1,0,0,0,1,20.0,8.0,28.0,28,1,2024-02-19,2024-03-18,1245,54,54,2024-03-10,2024-03-10,6,1,0.018518518518518517,1.0,58,False
WD_MERGE_2024-02-19---2024-03-18_duration_21_days_cluster_347_A0_000534_A_000577_lat_04734_lon_00149_size_0292,IOME2415152A__20240226__20240226,IOME2415152A,2024-02-19,2024-03-18,2024-02-26,2024-02-26,1,0,0,0,1,7.0,21.0,28.0,28,1,2024-02-19,2024-03-18,1245,54,54,2024-02-26,2024-02-26,1,1,0.018518518518518517,1.0,59,False
WD_MERGE_2024-02-19---2024-03-18_duration_21_days_cluster_347_A0_000534_A_000577_lat_04734_lon_00149_size_0292,IOME2415880A__20240222__20240222,IOME2415880A,2024-02-19,2024-03-18,2024-02-22,2024-02-22,1,0,0,0,1,3.0,25.0,28.0,28,1,2024-02-19,2024-03-18,1245,54,54,2024-02-22,2024-02-22,1,1,0.018518518518518517,1.0,60,False
WD_MERGE_2024-02-19---2024-03-18_duration_21_days_cluster_347_A0_000534_A_000577_lat_04734_lon_00149_size_0292,IOME2413412A__20240211__20240212,IOME2413412A,2024-02-19,2024-03-18,2024-02-11,2024-02-12,1,0,0,0,1,8.0,35.0,43.0,43,0,2024-02-19,2024-03-18,1245,54,54,2024-02-11,2024-02-12,1,1,0.018518518518518517,1.0,61,False
WD_MERGE_2024-02-19---2024-03-18_duration_21_days_cluster_347_A0_000534_A_000577_lat_04734_lon_00149_size_0292,INTE2501371A__20240116__20240407,INTE2501371A,2024-02-19,2024-03-18,2024-01-16,2024-04-07,1,0,0,0,1,34.0,20.0,54.0,54,29,2024-02-19,2024-03-18,1245,54,54,2024-01-16,2024-04-07,1,1,0.018518518518518517,1.0,62,False
WD_MERGE_2024-02-19---2024-03-18_duration_21_days_cluster_347_A0_000534_A_000577_lat_04734_lon_00149_size_0292,INTE2511307A__20231231__20240225,INTE2511307A,2024-02-19,2024-03-18,2023-12-31,2024-02-25,1,0,0,0,1,50.0,22.0,72.0,72,7,2024-02-19,2024-03-18,1245,54,54,2023-12-31,2024-02-25,1,1,0.018518518518518517,1.0,63,False
WD_MERGE_2024-02-19---2024-03-18_duration_21_days_cluster_347_A0_000534_A_000577_lat_04734_lon_00149_size_0292,IOME2410378A__20240226__20240227,IOME2410378A,2024-02-19,2024-03-18,2024-02-26,2024-02-27,1,0,0,0,1,7.0,20.0,27.0,27,2,2024-02-19,2024-03-18,1245,54,54,2024-02-26,2024-02-27,3,2,0.018518518518518517,0.5,64,False
WD_MERGE_2024-02-19---2024-03-18_duration_21_days_cluster_347_A0_000534_A_000577_lat_04734_lon_00149_size_0292,IOME2411920A__20240225__20240226,IOME2411920A,2024-02-19,2024-03-18,2024-02-25,2024-02-26,1,0,0,0,1,6.0,21.0,27.0,27,2,2024-02-19,2024-03-18,1245,54,54,2024-02-25,2024-02-26,2,2,0.018518518518518517,0.5,65,False
WD_MERGE_2024-02-19---2024-03-18_duration_21_days_cluster_347_A0_000534_A_000577_lat_04734_lon_00149_size_0292,IOME2411920A__20240309__20240310,IOME2411920A,2024-02-19,2024-03-18,2024-03-09,2024-03-10,1,0,0,0,1,19.0,8.0,27.0,27,2,2024-02-19,2024-03-18,1245,54,54,2024-03-09,2024-03-10,3,2,0.018518518518518517,0.5,66,False
WD_MERGE_2024-02-19---2024-03-18_duration_21_days_cluster_347_A0_000534_A_000577_lat_04734_lon_00149_size_0292,IOME2410378A__20240226__20240226,IOME2410378A,2024-02-19,2024-03-18,2024-02-26,2024-02-26,1,0,0,0,1,7.0,21.0,28.0,28,1,2024-02-19,2024-03-18,1245,54,54,2024-02-26,2024-02-26,3,2,0.018518518518518517,0.5,67,False
WD_MERGE_2024-02-19---2024-03-18_duration_21_days_cluster_347_A0_000534_A_000577_lat_04734_lon_00149_size_0292,IOME2411920A__20240226__20240226,IOME2411920A,2024-02-19,2024-03-18,2024-02-26,2024-02-26,1,0,0,0,1,7.0,21.0,28.0,28,1,2024-02-19,2024-03-18,1245,54,54,2024-02-26,2024-02-26,3,2,0.018518518518518517,0.5,68,False
WD_MERGE_2021-01-11---2021-02-15_duration_35_days_cluster_351_A0_002339_A_003019_lat_04904_lon_00226_size_0328,INTE2107265A__20210114__20210215,INTE2107265A,2021-01-11,2021-02-15,2021-01-14,2021-02-15,1,0,1,0,1,3.0,0.0,3.0,3,33,2021-01-11,2021-02-15,3259,56,56,2021-01-14,2021-02-15,1,1,0.017857142857142856,1.0,5,False
WD_MERGE_2021-01-11---2021-02-15_duration_35_days_cluster_351_A0_002339_A_003019_lat_04904_lon_00226_size_0328,INTE2114774A__20210130__20210216,INTE2114774A,2021-01-11,2021-02-15,2021-01-30,2021-02-16,1,0,0,0,1,19.0,1.0,20.0,20,17,2021-01-11,2021-02-15,3259,56,56,2021-01-30,2021-02-16,2,1,0.017857142857142856,1.0,6,False
WD_MERGE_2021-01-11---2021-02-15_duration_35_days_cluster_351_A0_002339_A_003019_lat_04904_lon_00226_size_0328,INTE2105706A__20210128__20210211,INTE2105706A,2021-01-11,2021-02-15,2021-01-28,2021-02-11,1,0,0,0,1,17.0,4.0,21.0,21,15,2021-01-11,2021-02-15,3259,56,56,2021-01-28,2021-02-11,1,1,0.017857142857142856,1.0,7,False
WD_MERGE_2021-01-11---2021-02-15_duration_35_days_cluster_351_A0_002339_A_003019_lat_04904_lon_00226_size_0328,IOME2411920A__20210103__20210202,IOME2411920A,2021-01-11,2021-02-15,2021-01-03,2021-02-02,1,0,0,0,1,8.0,13.0,21.0,21,23,2021-01-11,2021-02-15,3259,56,56,2021-01-03,2021-02-02,1,1,0.017857142857142856,1.0,8,False
WD_MERGE_2021-01-11---2021-02-15_duration_35_days_cluster_351_A0_002339_A_003019_lat_04904_lon_00226_size_0328,INTE2114774A__20210203__20210216,INTE2114774A,2021-01-11,2021-02-15,2021-02-03,2021-02-16,1,0,0,0,1,23.0,1.0,24.0,24,13,2021-01-11,2021-02-15,3259,56,56,2021-02-03,2021-02-16,5,1,0.017857142857142856,1.0,9,False
WD_MERGE_2021-01-11---2021-02-15_duration_35_days_cluster_351_A0_002339_A_003019_lat_04904_lon_00226_size_0328,INTE2121339A__20210203__20210216,INTE2121339A,2021-01-11,2021-02-15,2021-02-03,2021-02-16,1,0,0,0,1,23.0,1.0,24.0,24,13,2021-01-11,2021-02-15,3259,56,56,2021-02-03,2021-02-16,1,1,0.017857142857142856,1.0,10,False
WD_MERGE_2021-01-11---2021-02-15_duration_35_days_cluster_351_A0_002339_A_003019_lat_04904_lon_00226_size_0328,IOME2411920A__20210203__20210216,IOME2411920A,2021-01-11,2021-02-15,2021-02-03,2021-02-16,1,0,0,0,1,23.0,1.0,24.0,24,13,2021-01-11,2021-02-15,3259,56,56,2021-02-03,2021-02-16,1,1,0.017857142857142856,1.0,11,False
WD_MERGE_2021-01-11---2021-02-15_duration_35_days_cluster_351_A0_002339_A_003019_lat_04904_lon_00226_size_0328,INTE2105706A__20210114__20210124,INTE2105706A,2021-01-11,2021-02-15,2021-01-14,2021-01-24,1,0,0,0,1,3.0,22.0,25.0,25,11,2021-01-11,2021-02-15,3259,56,56,2021-01-14,2021-01-24,1,1,0.017857142857142856,1.0,12,False
WD_MERGE_2021-01-11---2021-02-15_duration_35_days_cluster_351_A0_002339_A_003019_lat_04904_lon_00226_size_0328,INTE2107265A__20210202__20210212,INTE2107265A,2021-01-11,2021-02-15,2021-02-02,2021-02-12,1,0,0,0,1,22.0,3.0,25.0,25,11,2021-01-11,2021-02-15,3259,56,56,2021-02-02,2021-02-12,2,1,0.017857142857142856,1.0,13,False
WD_MERGE_2021-01-11---2021-02-15_duration_35_days_cluster_351_A0_002339_A_003019_lat_04904_lon_00226_size_0328,INTE2112076A__20210129__20210207,INTE2112076A,2021-01-11,2021-02-15,2021-01-29,2021-02-07,1,0,0,0,1,18.0,8.0,26.0,26,10,2021-01-11,2021-02-15,3259,56,56,2021-01-29,2021-02-07,1,1,0.017857142857142856,1.0,14,False
WD_MERGE_2021-01-11---2021-02-15_duration_35_days_cluster_351_A0_002339_A_003019_lat_04904_lon_00226_size_0328,IOME2411920A__20210201__20210210,IOME2411920A,2021-01-11,2021-02-15,2021-02-01,2021-02-10,1,0,0,0,1,21.0,5.0,26.0,26,10,2021-01-11,2021-02-15,3259,56,56,2021-02-01,2021-02-10,2,1,0.017857142857142856,1.0,15,False
WD_MERGE_2021-01-11---2021-02-15_duration_35_days_cluster_351_A0_002339_A_003019_lat_04904_lon_00226_size_0328,INTE2105706A__20210128__20210205,INTE2105706A,2021-01-11,2021-02-15,2021-01-28,2021-02-05,1,0,0,0,1,17.0,10.0,27.0,27,9,2021-01-11,2021-02-15,3259,56,56,2021-01-28,2021-02-05,1,1,0.017857142857142856,1.0,16,False
WD_MERGE_2021-01-11---2021-02-15_duration_35_days_cluster_351_A0_002339_A_003019_lat_04904_lon_00226_size_0328,INTE2105706A__20210201__20210209,INTE2105706A,2021-01-11,2021-02-15,2021-02-01,2021-02-09,1,0,0,0,1,21.0,6.0,27.0,27,9,2021-01-11,2021-02-15,3259,56,56,2021-02-01,2021-02-09,47,1,0.017857142857142856,1.0,17,False
WD_MERGE_2021-01-11---2021-02-15_duration_35_days_cluster_351_A0_002339_A_003019_lat_04904_lon_00226_size_0328,INTE2107265A__20210130__20210207,INTE2107265A,2021-01-11,2021-02-15,2021-01-30,2021-02-07,1,0,0,0,1,19.0,8.0,27.0,27,9,2021-01-11,2021-02-15,3259,56,56,2021-01-30,2021-02-07,1,1,0.017857142857142856,1.0,18,False
WD_MERGE_2021-01-11---2021-02-15_duration_35_days_cluster_351_A0_002339_A_003019_lat_04904_lon_00226_size_0328,INTE2107265A__20210201__20210209,INTE2107265A,2021-01-11,2021-02-15,2021-02-01,2021-02-09,1,0,0,0,1,21.0,6.0,27.0,27,9,2021-01-11,2021-02-15,3259,56,56,2021-02-01,2021-02-09,7,1,0.017857142857142856,1.0,19,False
WD_MERGE_2021-01-11---2021-02-15_duration_35_days_cluster_351_A0_002339_A_003019_lat_04904_lon_00226_size_0328,INTE2112076A__20210131__20210208,INTE2112076A,2021-01-11,2021-02-15,2021-01-31,2021-02-08,1,0,0,0,1,20.0,7.0,27.0,27,9,2021-01-11,2021-02-15,3259,56,56,2021-01-31,2021-02-08,7,1,0.017857142857142856,1.0,20,False
WD_MERGE_2021-01-11---2021-02-15_duration_35_days_cluster_351_A0_002339_A_003019_lat_04904_lon_00226_size_0328,INTE2112076A__20210201__20210209,INTE2112076A,2021-01-11,2021-02-15,2021-02-01,2021-02-09,1,0,0,0,1,21.0,6.0,27.0,27,9,2021-01-11,2021-02-15,3259,56,56,2021-02-01,2021-02-09,2,1,0.017857142857142856,1.0,21,False
WD_MERGE_2021-01-11---2021-02-15_duration_35_days_cluster_351_A0_002339_A_003019_lat_04904_lon_00226_size_0328,INTE2119792A__20210201__20210209,INTE2119792A,2021-01-11,2021-02-15,2021-02-01,2021-02-09,1,0,0,0,1,21.0,6.0,27.0,27,9,2021-01-11,2021-02-15,3259,56,56,2021-02-01,2021-02-09,1,1,0.017857142857142856,1.0,22,False
WD_MERGE_2021-01-11---2021-02-15_duration_35_days_cluster_351_A0_002339_A_003019_lat_04904_lon_00226_size_0328,IOME2411920A__20210131__20210208,IOME2411920A,2021-01-11,2021-02-15,2021-01-31,2021-02-08,1,0,0,0,1,20.0,7.0,27.0,27,9,2021-01-11,2021-02-15,3259,56,56,2021-01-31,2021-02-08,1,1,0.017857142857142856,1.0,23,False
WD_MERGE_2021-01-11---2021-02-15_duration_35_days_cluster_351_A0_002339_A_003019_lat_04904_lon_00226_size_0328,INTE2112076A__20210201__20210208,INTE2112076A,2021-01-11,2021-02-15,2021-02-01,2021-02-08,1,0,0,0,1,21.0,7.0,28.0,28,8,2021-01-11,2021-02-15,3259,56,56,2021-02-01,2021-02-08,1,1,0.017857142857142856,1.0,24,False
WD_MERGE_2021-01-11---2021-02-15_duration_35_days_cluster_351_A0_002339_A_003019_lat_04904_lon_00226_size_0328,IOME2411920A__20210202__20210209,IOME2411920A,2021-01-11,2021-02-15,2021-02-02,2021-02-09,1,0,0,0,1,22.0,6.0,28.0,28,8,2021-01-11,2021-02-15,3259,56,56,2021-02-02,2021-02-09,1,1,0.017857142857142856,1.0,25,False
WD_MERGE_2021-01-11---2021-02-15_duration_35_days_cluster_351_A0_002339_A_003019_lat_04904_lon_00226_size_0328,INTE2105706A__20210203__20210209,INTE2105706A,2021-01-11,2021-02-15,2021-02-03,2021-02-09,1,0,0,0,1,23.0,6.0,29.0,29,7,2021-01-11,2021-02-15,3259,56,56,2021-02-03,2021-02-09,2,1,0.017857142857142856,1.0,26,False
WD_MERGE_2021-01-11---2021-02-15_duration_35_days_cluster_351_A0_002339_A_003019_lat_04904_lon_00226_size_0328,INTE2107265A__20210203__20210209,INTE2107265A,2021-01-11,2021-02-15,2021-02-03,2021-02-09,1,0,0,0,1,23.0,6.0,29.0,29,7,2021-01-11,2021-02-15,3259,56,56,2021-02-03,2021-02-09,1,1,0.017857142857142856,1.0,27,False
WD_MERGE_2021-01-11---2021-02-15_duration_35_days_cluster_351_A0_002339_A_003019_lat_04904_lon_00226_size_0328,IOME2410378A__20210203__20210209,IOME2410378A,2021-01-11,2021-02-15,2021-02-03,2021-02-09,1,0,0,0,1,23.0,6.0,29.0,29,7,2021-01-11,2021-02-15,3259,56,56,2021-02-03,2021-02-09,1,1,0.017857142857142856,1.0,28,False
WD_MERGE_2021-01-11---2021-02-15_duration_35_days_cluster_351_A0_002339_A_003019_lat_04904_lon_00226_size_0328,IOME2411920A__20210201__20210207,IOME2411920A,2021-01-11,2021-02-15,2021-02-01,2021-02-07,1,0,0,0,1,21.0,8.0,29.0,29,7,2021-01-11,2021-02-15,3259,56,56,2021-02-01,2021-02-07,1,1,0.017857142857142856,1.0,29,False
WD_MERGE_2021-01-11---2021-02-15_duration_35_days_cluster_351_A0_002339_A_003019_lat_04904_lon_00226_size_0328,IOME2411920A__20210202__20210208,IOME2411920A,2021-01-11,2021-02-15,2021-02-02,2021-02-08,1,0,0,0,1,22.0,7.0,29.0,29,7,2021-01-11,2021-02-15,3259,56,56,2021-02-02,2021-02-08,1,1,0.017857142857142856,1.0,30,False
WD_MERGE_2021-01-11---2021-02-15_duration_35_days_cluster_351_A0_002339_A_003019_lat_04904_lon_00226_size_0328,IOME2411920A__20210203__20210209,IOME2411920A,2021-01-11,2021-02-15,2021-02-03,2021-02-09,1,0,0,0,1,23.0,6.0,29.0,29,7,2021-01-11,2021-02-15,3259,56,56,2021-02-03,2021-02-09,1,1,0.017857142857142856,1.0,31,False
WD_MERGE_2021-01-11---2021-02-15_duration_35_days_cluster_351_A0_002339_A_003019_lat_04904_lon_00226_size_0328,IOME2411920A__20210131__20210204,IOME2411920A,2021-01-11,2021-02-15,2021-01-31,2021-02-04,1,0,0,0,1,20.0,11.0,31.0,31,5,2021-01-11,2021-02-15,3259,56,56,2021-01-31,2021-02-04,1,1,0.017857142857142856,1.0,32,False
WD_MERGE_2021-01-11---2021-02-15_duration_35_days_cluster_351_A0_002339_A_003019_lat_04904_lon_00226_size_0328,IOME2411920A__20210201__20210205,IOME2411920A,2021-01-11,2021-02-15,2021-02-01,2021-02-05,1,0,0,0,1,21.0,10.0,31.0,31,5,2021-01-11,2021-02-15,3259,56,56,2021-02-01,2021-02-05,1,1,0.017857142857142856,1.0,33,False
WD_MERGE_2021-01-11---2021-02-15_duration_35_days_cluster_351_A0_002339_A_003019_lat_04904_lon_00226_size_0328,INTE2105706A__20210128__20210131,INTE2105706A,2021-01-11,2021-02-15,2021-01-28,2021-01-31,1,0,0,0,1,17.0,15.0,32.0,32,4,2021-01-11,2021-02-15,3259,56,56,2021-01-28,2021-01-31,6,1,0.017857142857142856,1.0,34,False
WD_MERGE_2021-01-11---2021-02-15_duration_35_days_cluster_351_A0_002339_A_003019_lat_04904_lon_00226_size_0328,INTE2114774A__20210201__20210204,INTE2114774A,2021-01-11,2021-02-15,2021-02-01,2021-02-04,1,0,0,0,1,21.0,11.0,32.0,32,4,2021-01-11,2021-02-15,3259,56,56,2021-02-01,2021-02-04,1,1,0.017857142857142856,1.0,35,False
WD_MERGE_2021-01-11---2021-02-15_duration_35_days_cluster_351_A0_002339_A_003019_lat_04904_lon_00226_size_0328,IOME2304949A__20210202__20210205,IOME2304949A,2021-01-11,2021-02-15,2021-02-02,2021-02-05,1,0,0,0,1,22.0,10.0,32.0,32,4,2021-01-11,2021-02-15,3259,56,56,2021-02-02,2021-02-05,1,1,0.017857142857142856,1.0,36,False
WD_MERGE_2021-01-11---2021-02-15_duration_35_days_cluster_351_A0_002339_A_003019_lat_04904_lon_00226_size_0328,IOME2411920A__20210201__20210204,IOME2411920A,2021-01-11,2021-02-15,2021-02-01,2021-02-04,1,0,0,0,1,21.0,11.0,32.0,32,4,2021-01-11,2021-02-15,3259,56,56,2021-02-01,2021-02-04,1,1,0.017857142857142856,1.0,37,False
WD_MERGE_2021-01-11---2021-02-15_duration_35_days_cluster_351_A0_002339_A_003019_lat_04904_lon_00226_size_0328,INTE2105706A__20210114__20210116,INTE2105706A,2021-01-11,2021-02-15,2021-01-14,2021-01-16,1,0,0,0,1,3.0,30.0,33.0,33,3,2021-01-11,2021-02-15,3259,56,56,2021-01-14,2021-01-16,1,1,0.017857142857142856,1.0,38,False
WD_MERGE_2021-01-11---2021-02-15_duration_35_days_cluster_351_A0_002339_A_003019_lat_04904_lon_00226_size_0328,INTE2107265A__20210201__20210203,INTE2107265A,2021-01-11,2021-02-15,2021-02-01,2021-02-03,1,0,0,0,1,21.0,12.0,33.0,33,3,2021-01-11,2021-02-15,3259,56,56,2021-02-01,2021-02-03,2,1,0.017857142857142856,1.0,39,False
WD_MERGE_2021-01-11---2021-02-15_duration_35_days_cluster_351_A0_002339_A_003019_lat_04904_lon_00226_size_0328,INTE2112076A__20210201__20210203,INTE2112076A,2021-01-11,2021-02-15,2021-02-01,2021-02-03,1,0,0,0,1,21.0,12.0,33.0,33,3,2021-01-11,2021-02-15,3259,56,56,2021-02-01,2021-02-03,1,1,0.017857142857142856,1.0,40,False
WD_MERGE_2021-01-11---2021-02-15_duration_35_days_cluster_351_A0_002339_A_003019_lat_04904_lon_00226_size_0328,INTE2114774A__20210131__20210202,INTE2114774A,2021-01-11,2021-02-15,2021-01-31,2021-02-02,1,0,0,0,1,20.0,13.0,33.0,33,3,2021-01-11,2021-02-15,3259,56,56,2021-01-31,2021-02-02,1,1,0.017857142857142856,1.0,41,False
WD_MERGE_2021-01-11---2021-02-15_duration_35_days_cluster_351_A0_002339_A_003019_lat_04904_lon_00226_size_0328,INTE2119792A__20210202__20210204,INTE2119792A,2021-01-11,2021-02-15,2021-02-02,2021-02-04,1,0,0,0,1,22.0,11.0,33.0,33,3,2021-01-11,2021-02-15,3259,56,56,2021-02-02,2021-02-04,1,1,0.017857142857142856,1.0,42,False
WD_MERGE_2021-01-11---2021-02-15_duration_35_days_cluster_351_A0_002339_A_003019_lat_04904_lon_00226_size_0328,INTE2127287A__20210130__20210201,INTE2127287A,2021-01-11,2021-02-15,2021-01-30,2021-02-01,1,0,0,0,1,19.0,14.0,33.0,33,3,2021-01-11,2021-02-15,3259,56,56,2021-01-30,2021-02-01,1,1,0.017857142857142856,1.0,43,False
WD_MERGE_2021-01-11---2021-02-15_duration_35_days_cluster_351_A0_002339_A_003019_lat_04904_lon_00226_size_0328,INTE2104714A__20210115__20210116,INTE2104714A,2021-01-11,2021-02-15,2021-01-15,2021-01-16,1,0,0,0,1,4.0,30.0,34.0,34,2,2021-01-11,2021-02-15,3259,56,56,2021-01-15,2021-01-16,1,1,0.017857142857142856,1.0,44,False
WD_MERGE_2021-01-11---2021-02-15_duration_35_days_cluster_351_A0_002339_A_003019_lat_04904_lon_00226_size_0328,INTE2104714A__20210201__20210202,INTE2104714A,2021-01-11,2021-02-15,2021-02-01,2021-02-02,1,0,0,0,1,21.0,13.0,34.0,34,2,2021-01-11,2021-02-15,3259,56,56,2021-02-01,2021-02-02,2,1,0.017857142857142856,1.0,45,False
WD_MERGE_2021-01-11---2021-02-15_duration_35_days_cluster_351_A0_002339_A_003019_lat_04904_lon_00226_size_0328,INTE2112076A__20210131__20210201,INTE2112076A,2021-01-11,2021-02-15,2021-01-31,2021-02-01,1,0,0,0,1,20.0,14.0,34.0,34,2,2021-01-11,2021-02-15,3259,56,56,2021-01-31,2021-02-01,1,1,0.017857142857142856,1.0,46,False
WD_MERGE_2021-01-11---2021-02-15_duration_35_days_cluster_351_A0_002339_A_003019_lat_04904_lon_00226_size_0328,INTE2118484A__20210121__20210122,INTE2118484A,2021-01-11,2021-02-15,2021-01-21,2021-01-22,1,0,0,0,1,10.0,24.0,34.0,34,2,2021-01-11,2021-02-15,3259,56,56,2021-01-21,2021-01-22,1,1,0.017857142857142856,1.0,47,False
WD_MERGE_2021-01-11---2021-02-15_duration_35_days_cluster_351_A0_002339_A_003019_lat_04904_lon_00226_size_0328,IOME2311006A__20210201__20210228,IOME2311006A,2021-01-11,2021-02-15,2021-02-01,2021-02-28,1,0,0,0,1,21.0,13.0,34.0,34,15,2021-01-11,2021-02-15,3259,56,56,2021-02-01,2021-02-28,1,1,0.017857142857142856,1.0,48,False
WD_MERGE_2021-01-11---2021-02-15_duration_35_days_cluster_351_A0_002339_A_003019_lat_04904_lon_00226_size_0328,IOME2411920A__20210201__20210202,IOME2411920A,2021-01-11,2021-02-15,2021-02-01,2021-02-02,1,0,0,0,1,21.0,13.0,34.0,34,2,2021-01-11,2021-02-15,3259,56,56,2021-02-01,2021-02-02,1,1,0.017857142857142856,1.0,49,False
WD_MERGE_2021-01-11---2021-02-15_duration_35_days_cluster_351_A0_002339_A_003019_lat_04904_lon_00226_size_0328,INTE2104714A__20210114__20210114,INTE2104714A,2021-01-11,2021-02-15,2021-01-14,2021-01-14,1,0,0,0,1,3.0,32.0,35.0,35,1,2021-01-11,2021-02-15,3259,56,56,2021-01-14,2021-01-14,1,1,0.017857142857142856,1.0,50,False
WD_MERGE_2021-01-11---2021-02-15_duration_35_days_cluster_351_A0_002339_A_003019_lat_04904_lon_00226_size_0328,INTE2107265A__20210129__20210129,INTE2107265A,2021-01-11,2021-02-15,2021-01-29,2021-01-29,1,0,0,0,1,18.0,17.0,35.0,35,1,2021-01-11,2021-02-15,3259,56,56,2021-01-29,2021-01-29,1,1,0.017857142857142856,1.0,51,False
WD_MERGE_2021-01-11---2021-02-15_duration_35_days_cluster_351_A0_002339_A_003019_lat_04904_lon_00226_size_0328,INTE2112076A__20210114__20210114,INTE2112076A,2021-01-11,2021-02-15,2021-01-14,2021-01-14,1,0,0,0,1,3.0,32.0,35.0,35,1,2021-01-11,2021-02-15,3259,56,56,2021-01-14,2021-01-14,1,1,0.017857142857142856,1.0,52,False
WD_MERGE_2021-01-11---2021-02-15_duration_35_days_cluster_351_A0_002339_A_003019_lat_04904_lon_00226_size_0328,INTE2112076A__20210122__20210122,INTE2112076A,2021-01-11,2021-02-15,2021-01-22,2021-01-22,1,0,0,0,1,11.0,24.0,35.0,35,1,2021-01-11,2021-02-15,3259,56,56,2021-01-22,2021-01-22,1,1,0.017857142857142856,1.0,53,False
WD_MERGE_2021-01-11---2021-02-15_duration_35_days_cluster_351_A0_002339_A_003019_lat_04904_lon_00226_size_0328,INTE2112076A__20210203__20210203,INTE2112076A,2021-01-11,2021-02-15,2021-02-03,2021-02-03,1,0,0,0,1,23.0,12.0,35.0,35,1,2021-01-11,2021-02-15,3259,56,56,2021-02-03,2021-02-03,1,1,0.017857142857142856,1.0,54,False
WD_MERGE_2021-01-11---2021-02-15_duration_35_days_cluster_351_A0_002339_A_003019_lat_04904_lon_00226_size_0328,INTE2114774A__20210129__20210129,INTE2114774A,2021-01-11,2021-02-15,2021-01-29,2021-01-29,1,0,0,0,1,18.0,17.0,35.0,35,1,2021-01-11,2021-02-15,3259,56,56,2021-01-29,2021-01-29,1,1,0.017857142857142856,1.0,55,False
WD_MERGE_2021-01-11---2021-02-15_duration_35_days_cluster_351_A0_002339_A_003019_lat_04904_lon_00226_size_0328,INTE2118484A__20210129__20210129,INTE2118484A,2021-01-11,2021-02-15,2021-01-29,2021-01-29,1,0,0,0,1,18.0,17.0,35.0,35,1,2021-01-11,2021-02-15,3259,56,56,2021-01-29,2021-01-29,1,1,0.017857142857142856,1.0,56,False
WD_MERGE_2021-01-11---2021-02-15_duration_35_days_cluster_351_A0_002339_A_003019_lat_04904_lon_00226_size_0328,INTE2119792A__20210129__20210129,INTE2119792A,2021-01-11,2021-02-15,2021-01-29,2021-01-29,1,0,0,0,1,18.0,17.0,35.0,35,1,2021-01-11,2021-02-15,3259,56,56,2021-01-29,2021-01-29,1,1,0.017857142857142856,1.0,57,False
WD_MERGE_2021-01-11---2021-02-15_duration_35_days_cluster_351_A0_002339_A_003019_lat_04904_lon_00226_size_0328,INTE2119792A__20210105__20210106,INTE2119792A,2021-01-11,2021-02-15,2021-01-05,2021-01-06,1,0,0,0,1,6.0,40.0,46.0,46,0,2021-01-11,2021-02-15,3259,56,56,2021-01-05,2021-01-06,3,1,0.017857142857142856,1.0,58,False
WD_MERGE_2021-01-11---2021-02-15_duration_35_days_cluster_351_A0_002339_A_003019_lat_04904_lon_00226_size_0328,INTE2107265A__20210201__20210210,INTE2107265A,2021-01-11,2021-02-15,2021-02-01,2021-02-10,1,0,0,0,1,21.0,5.0,26.0,26,10,2021-01-11,2021-02-15,3259,56,56,2021-02-01,2021-02-10,6,2,0.017857142857142856,0.5,59,False
WD_MERGE_2021-01-11---2021-02-15_duration_35_days_cluster_351_A0_002339_A_003019_lat_04904_lon_00226_size_0328,INTE2112076A__20210201__20210204,INTE2112076A,2021-01-11,2021-02-15,2021-02-01,2021-02-04,1,0,0,0,1,21.0,11.0,32.0,32,4,2021-01-11,2021-02-15,3259,56,56,2021-02-01,2021-02-04,6,2,0.017857142857142856,0.5,60,False
WD_MERGE_2021-01-11---2021-02-15_duration_35_days_cluster_351_A0_002339_A_003019_lat_04904_lon_00226_size_0328,INTE2105706A__20210201__20210204,INTE2105706A,2021-01-11,2021-02-15,2021-02-01,2021-02-04,1,0,0,0,1,21.0,11.0,32.0,32,4,2021-01-11,2021-02-15,3259,56,56,2021-02-01,2021-02-04,27,3,0.017857142857142856,0.3333333333333333,61,False
WD_MERGE_2020-02-24---2020-04-06_duration_35_days_cluster_380_A0_001946_A_002487_lat_04916_lon_00184_size_0350,INTE2118484A__20200301__20200315,INTE2118484A,2020-02-24,2020-04-06,2020-03-01,2020-03-15,1,0,0,0,1,6.0,22.0,28.0,28,15,2020-02-24,2020-04-06,2994,57,57,2020-03-01,2020-03-15,1,1,0.017543859649122806,1.0,1,False
WD_MERGE_2020-02-24---2020-04-06_duration_35_days_cluster_380_A0_001946_A_002487_lat_04916_lon_00184_size_0350,INTE2014521A__20200209__20200323,INTE2014521A,2020-02-24,2020-04-06,2020-02-09,2020-03-23,1,0,0,0,1,15.0,14.0,29.0,29,29,2020-02-24,2020-04-06,2994,57,57,2020-02-09,2020-03-23,1,1,0.017543859649122806,1.0,2,False
WD_MERGE_2020-02-24---2020-04-06_duration_35_days_cluster_380_A0_001946_A_002487_lat_04916_lon_00184_size_0350,INTE2014521A__20200301__20200306,INTE2014521A,2020-02-24,2020-04-06,2020-03-01,2020-03-06,1,0,0,0,1,6.0,31.0,37.0,37,6,2020-02-24,2020-04-06,2994,57,57,2020-03-01,2020-03-06,1,1,0.017543859649122806,1.0,3,False
WD_MERGE_2020-02-24---2020-04-06_duration_35_days_cluster_380_A0_001946_A_002487_lat_04916_lon_00184_size_0350,INTE2016904A__20200301__20200306,INTE2016904A,2020-02-24,2020-04-06,2020-03-01,2020-03-06,1,0,0,0,1,6.0,31.0,37.0,37,6,2020-02-24,2020-04-06,2994,57,57,2020-03-01,2020-03-06,1,1,0.017543859649122806,1.0,4,False
WD_MERGE_2020-02-24---2020-04-06_duration_35_days_cluster_380_A0_001946_A_002487_lat_04916_lon_00184_size_0350,INTE2010310A__20200310__20200313,INTE2010310A,2020-02-24,2020-04-06,2020-03-10,2020-03-13,1,0,0,0,1,15.0,24.0,39.0,39,4,2020-02-24,2020-04-06,2994,57,57,2020-03-10,2020-03-13,1,1,0.017543859649122806,1.0,5,False
WD_MERGE_2020-02-24---2020-04-06_duration_35_days_cluster_380_A0_001946_A_002487_lat_04916_lon_00184_size_0350,INTE2010310A__20200311__20200313,INTE2010310A,2020-02-24,2020-04-06,2020-03-11,2020-03-13,1,0,0,0,1,16.0,24.0,40.0,40,3,2020-02-24,2020-04-06,2994,57,57,2020-03-11,2020-03-13,3,1,0.017543859649122806,1.0,6,False
WD_MERGE_2020-02-24---2020-04-06_duration_35_days_cluster_380_A0_001946_A_002487_lat_04916_lon_00184_size_0350,INTE2014521A__20200301__20200303,INTE2014521A,2020-02-24,2020-04-06,2020-03-01,2020-03-03,1,0,0,0,1,6.0,34.0,40.0,40,3,2020-02-24,2020-04-06,2994,57,57,2020-03-01,2020-03-03,1,1,0.017543859649122806,1.0,7,False
WD_MERGE_2020-02-24---2020-04-06_duration_35_days_cluster_380_A0_001946_A_002487_lat_04916_lon_00184_size_0350,INTE2014521A__20200304__20200306,INTE2014521A,2020-02-24,2020-04-06,2020-03-04,2020-03-06,1,0,0,0,1,9.0,31.0,40.0,40,3,2020-02-24,2020-04-06,2994,57,57,2020-03-04,2020-03-06,1,1,0.017543859649122806,1.0,8,False
WD_MERGE_2020-02-24---2020-04-06_duration_35_days_cluster_380_A0_001946_A_002487_lat_04916_lon_00184_size_0350,INTE2014521A__20200312__20200314,INTE2014521A,2020-02-24,2020-04-06,2020-03-12,2020-03-14,1,0,0,0,1,17.0,23.0,40.0,40,3,2020-02-24,2020-04-06,2994,57,57,2020-03-12,2020-03-14,1,1,0.017543859649122806,1.0,9,False
WD_MERGE_2020-02-24---2020-04-06_duration_35_days_cluster_380_A0_001946_A_002487_lat_04916_lon_00184_size_0350,INTE2019260A__20200301__20200303,INTE2019260A,2020-02-24,2020-04-06,2020-03-01,2020-03-03,1,0,0,0,1,6.0,34.0,40.0,40,3,2020-02-24,2020-04-06,2994,57,57,2020-03-01,2020-03-03,1,1,0.017543859649122806,1.0,10,False
WD_MERGE_2020-02-24---2020-04-06_duration_35_days_cluster_380_A0_001946_A_002487_lat_04916_lon_00184_size_0350,INTE2104714A__20200305__20200307,INTE2104714A,2020-02-24,2020-04-06,2020-03-05,2020-03-07,1,0,0,0,1,10.0,30.0,40.0,40,3,2020-02-24,2020-04-06,2994,57,57,2020-03-05,2020-03-07,1,1,0.017543859649122806,1.0,11,False
WD_MERGE_2020-02-24---2020-04-06_duration_35_days_cluster_380_A0_001946_A_002487_lat_04916_lon_00184_size_0350,INTE2104714A__20200311__20200313,INTE2104714A,2020-02-24,2020-04-06,2020-03-11,2020-03-13,1,0,0,0,1,16.0,24.0,40.0,40,3,2020-02-24,2020-04-06,2994,57,57,2020-03-11,2020-03-13,2,1,0.017543859649122806,1.0,12,False
WD_MERGE_2020-02-24---2020-04-06_duration_35_days_cluster_380_A0_001946_A_002487_lat_04916_lon_00184_size_0350,INTE2127287A__20200305__20200307,INTE2127287A,2020-02-24,2020-04-06,2020-03-05,2020-03-07,1,0,0,0,1,10.0,30.0,40.0,40,3,2020-02-24,2020-04-06,2994,57,57,2020-03-05,2020-03-07,1,1,0.017543859649122806,1.0,13,False
WD_MERGE_2020-02-24---2020-04-06_duration_35_days_cluster_380_A0_001946_A_002487_lat_04916_lon_00184_size_0350,INTE2010310A__20200311__20200312,INTE2010310A,2020-02-24,2020-04-06,2020-03-11,2020-03-12,1,0,0,0,1,16.0,25.0,41.0,41,2,2020-02-24,2020-04-06,2994,57,57,2020-03-11,2020-03-12,2,1,0.017543859649122806,1.0,14,False
WD_MERGE_2020-02-24---2020-04-06_duration_35_days_cluster_380_A0_001946_A_002487_lat_04916_lon_00184_size_0350,INTE2014521A__20200304__20200305,INTE2014521A,2020-02-24,2020-04-06,2020-03-04,2020-03-05,1,0,0,0,1,9.0,32.0,41.0,41,2,2020-02-24,2020-04-06,2994,57,57,2020-03-04,2020-03-05,1,1,0.017543859649122806,1.0,15,False
WD_MERGE_2020-02-24---2020-04-06_duration_35_days_cluster_380_A0_001946_A_002487_lat_04916_lon_00184_size_0350,INTE2014521A__20200305__20200306,INTE2014521A,2020-02-24,2020-04-06,2020-03-05,2020-03-06,1,0,0,0,1,10.0,31.0,41.0,41,2,2020-02-24,2020-04-06,2994,57,57,2020-03-05,2020-03-06,2,1,0.017543859649122806,1.0,16,False
WD_MERGE_2020-02-24---2020-04-06_duration_35_days_cluster_380_A0_001946_A_002487_lat_04916_lon_00184_size_0350,INTE2019260A__20200301__20200302,INTE2019260A,2020-02-24,2020-04-06,2020-03-01,2020-03-02,1,0,0,0,1,6.0,35.0,41.0,41,2,2020-02-24,2020-04-06,2994,57,57,2020-03-01,2020-03-02,1,1,0.017543859649122806,1.0,17,False
WD_MERGE_2020-02-24---2020-04-06_duration_35_days_cluster_380_A0_001946_A_002487_lat_04916_lon_00184_size_0350,INTE2023938A__20200301__20200302,INTE2023938A,2020-02-24,2020-04-06,2020-03-01,2020-03-02,1,0,0,0,1,6.0,35.0,41.0,41,2,2020-02-24,2020-04-06,2994,57,57,2020-03-01,2020-03-02,1,1,0.017543859649122806,1.0,18,False
WD_MERGE_2020-02-24---2020-04-06_duration_35_days_cluster_380_A0_001946_A_002487_lat_04916_lon_00184_size_0350,INTE2014521A__20200301__20200301,INTE2014521A,2020-02-24,2020-04-06,2020-03-01,2020-03-01,1,0,0,0,1,6.0,36.0,42.0,42,1,2020-02-24,2020-04-06,2994,57,57,2020-03-01,2020-03-01,9,1,0.017543859649122806,1.0,19,False
WD_MERGE_2020-02-24---2020-04-06_duration_35_days_cluster_380_A0_001946_A_002487_lat_04916_lon_00184_size_0350,INTE2016904A__20200301__20200301,INTE2016904A,2020-02-24,2020-04-06,2020-03-01,2020-03-01,1,0,0,0,1,6.0,36.0,42.0,42,1,2020-02-24,2020-04-06,2994,57,57,2020-03-01,2020-03-01,3,1,0.017543859649122806,1.0,20,False
WD_MERGE_2020-02-24---2020-04-06_duration_35_days_cluster_380_A0_001946_A_002487_lat_04916_lon_00184_size_0350,INTE2016904A__20200305__20200305,INTE2016904A,2020-02-24,2020-04-06,2020-03-05,2020-03-05,1,0,0,0,1,10.0,32.0,42.0,42,1,2020-02-24,2020-04-06,2994,57,57,2020-03-05,2020-03-05,1,1,0.017543859649122806,1.0,21,False
WD_MERGE_2020-02-24---2020-04-06_duration_35_days_cluster_380_A0_001946_A_002487_lat_04916_lon_00184_size_0350,INTE2019260A__20200305__20200305,INTE2019260A,2020-02-24,2020-04-06,2020-03-05,2020-03-05,1,0,0,0,1,10.0,32.0,42.0,42,1,2020-02-24,2020-04-06,2994,57,57,2020-03-05,2020-03-05,1,1,0.017543859649122806,1.0,22,False
WD_MERGE_2020-02-24---2020-04-06_duration_35_days_cluster_380_A0_001946_A_002487_lat_04916_lon_00184_size_0350,INTE2023938A__20200305__20200305,INTE2023938A,2020-02-24,2020-04-06,2020-03-05,2020-03-05,1,0,0,0,1,10.0,32.0,42.0,42,1,2020-02-24,2020-04-06,2994,57,57,2020-03-05,2020-03-05,2,1,0.017543859649122806,1.0,23,False
WD_MERGE_2020-02-24---2020-04-06_duration_35_days_cluster_380_A0_001946_A_002487_lat_04916_lon_00184_size_0350,INTE2027600A__20200201__20200709,INTE2027600A,2020-02-24,2020-04-06,2020-02-01,2020-07-09,1,0,0,0,1,23.0,94.0,117.0,117,43,2020-02-24,2020-04-06,2994,57,57,2020-02-01,2020-07-09,1,1,0.017543859649122806,1.0,24,False
WD_MERGE_2018-01-15---2018-02-05_duration_21_days_cluster_356_A0_001736_A_002252_lat_04804_lon_00395_size_0168,INTE1928835A__20180121__20180205,INTE1928835A,2018-01-15,2018-02-05,2018-01-21,2018-02-05,1,0,1,0,1,6.0,0.0,6.0,6,16,2018-01-15,2018-02-05,3690,60,60,2018-01-21,2018-02-05,1,1,0.016666666666666666,1.0,15,False
WD_MERGE_2018-01-15---2018-02-05_duration_21_days_cluster_356_A0_001736_A_002252_lat_04804_lon_00395_size_0168,INTE1810998A__20180122__20180204,INTE1810998A,2018-01-15,2018-02-05,2018-01-22,2018-02-04,1,0,1,0,1,7.0,1.0,8.0,8,14,2018-01-15,2018-02-05,3690,60,60,2018-01-22,2018-02-04,10,1,0.016666666666666666,1.0,16,False
WD_MERGE_2018-01-15---2018-02-05_duration_21_days_cluster_356_A0_001736_A_002252_lat_04804_lon_00395_size_0168,INTE2016904A__20180106__20180205,INTE2016904A,2018-01-15,2018-02-05,2018-01-06,2018-02-05,1,0,0,0,1,9.0,0.0,9.0,9,22,2018-01-15,2018-02-05,3690,60,60,2018-01-06,2018-02-05,1,1,0.016666666666666666,1.0,17,False
WD_MERGE_2018-01-15---2018-02-05_duration_21_days_cluster_356_A0_001736_A_002252_lat_04804_lon_00395_size_0168,INTE1907677A__20180115__20180215,INTE1907677A,2018-01-15,2018-02-05,2018-01-15,2018-02-15,1,0,0,0,1,0.0,10.0,10.0,10,22,2018-01-15,2018-02-05,3690,60,60,2018-01-15,2018-02-15,2,1,0.016666666666666666,1.0,18,False
WD_MERGE_2018-01-15---2018-02-05_duration_21_days_cluster_356_A0_001736_A_002252_lat_04804_lon_00395_size_0168,INTE1917050A__20180105__20180205,INTE1917050A,2018-01-15,2018-02-05,2018-01-05,2018-02-05,1,0,0,0,1,10.0,0.0,10.0,10,22,2018-01-15,2018-02-05,3690,60,60,2018-01-05,2018-02-05,1,1,0.016666666666666666,1.0,19,False
WD_MERGE_2018-01-15---2018-02-05_duration_21_days_cluster_356_A0_001736_A_002252_lat_04804_lon_00395_size_0168,INTE1928835A__20180124__20180206,INTE1928835A,2018-01-15,2018-02-05,2018-01-24,2018-02-06,1,0,0,0,1,9.0,1.0,10.0,10,13,2018-01-15,2018-02-05,3690,60,60,2018-01-24,2018-02-06,1,1,0.016666666666666666,1.0,20,False
WD_MERGE_2018-01-15---2018-02-05_duration_21_days_cluster_356_A0_001736_A_002252_lat_04804_lon_00395_size_0168,INTE1935602A__20180115__20180215,INTE1935602A,2018-01-15,2018-02-05,2018-01-15,2018-02-15,1,0,0,0,1,0.0,10.0,10.0,10,22,2018-01-15,2018-02-05,3690,60,60,2018-01-15,2018-02-15,18,1,0.016666666666666666,1.0,21,False
WD_MERGE_2018-01-15---2018-02-05_duration_21_days_cluster_356_A0_001736_A_002252_lat_04804_lon_00395_size_0168,INTE2014521A__20180115__20180215,INTE2014521A,2018-01-15,2018-02-05,2018-01-15,2018-02-15,1,0,0,0,1,0.0,10.0,10.0,10,22,2018-01-15,2018-02-05,3690,60,60,2018-01-15,2018-02-15,5,1,0.016666666666666666,1.0,22,False
WD_MERGE_2018-01-15---2018-02-05_duration_21_days_cluster_356_A0_001736_A_002252_lat_04804_lon_00395_size_0168,INTE1810998A__20180122__20180209,INTE1810998A,2018-01-15,2018-02-05,2018-01-22,2018-02-09,1,0,1,0,1,7.0,4.0,11.0,11,15,2018-01-15,2018-02-05,3690,60,60,2018-01-22,2018-02-09,1,1,0.016666666666666666,1.0,23,False
WD_MERGE_2018-01-15---2018-02-05_duration_21_days_cluster_356_A0_001736_A_002252_lat_04804_lon_00395_size_0168,INTE1810998A__20180126__20180205,INTE1810998A,2018-01-15,2018-02-05,2018-01-26,2018-02-05,1,0,0,0,1,11.0,0.0,11.0,11,11,2018-01-15,2018-02-05,3690,60,60,2018-01-26,2018-02-05,1,1,0.016666666666666666,1.0,24,False
WD_MERGE_2018-01-15---2018-02-05_duration_21_days_cluster_356_A0_001736_A_002252_lat_04804_lon_00395_size_0168,INTE1917050A__20180121__20180131,INTE1917050A,2018-01-15,2018-02-05,2018-01-21,2018-01-31,1,0,1,0,1,6.0,5.0,11.0,11,11,2018-01-15,2018-02-05,3690,60,60,2018-01-21,2018-01-31,1,1,0.016666666666666666,1.0,25,False
WD_MERGE_2018-01-15---2018-02-05_duration_21_days_cluster_356_A0_001736_A_002252_lat_04804_lon_00395_size_0168,INTE1806551A__20180121__20180130,INTE1806551A,2018-01-15,2018-02-05,2018-01-21,2018-01-30,1,0,1,0,1,6.0,6.0,12.0,12,10,2018-01-15,2018-02-05,3690,60,60,2018-01-21,2018-01-30,32,1,0.016666666666666666,1.0,26,False
WD_MERGE_2018-01-15---2018-02-05_duration_21_days_cluster_356_A0_001736_A_002252_lat_04804_lon_00395_size_0168,INTE1824833A__20180126__20180206,INTE1824833A,2018-01-15,2018-02-05,2018-01-26,2018-02-06,1,0,0,0,1,11.0,1.0,12.0,12,11,2018-01-15,2018-02-05,3690,60,60,2018-01-26,2018-02-06,1,1,0.016666666666666666,1.0,27,False
WD_MERGE_2018-01-15---2018-02-05_duration_21_days_cluster_356_A0_001736_A_002252_lat_04804_lon_00395_size_0168,INTE1808306A__20180118__20180126,INTE1808306A,2018-01-15,2018-02-05,2018-01-18,2018-01-26,1,0,0,0,1,3.0,10.0,13.0,13,9,2018-01-15,2018-02-05,3690,60,60,2018-01-18,2018-01-26,1,1,0.016666666666666666,1.0,28,False
WD_MERGE_2018-01-15---2018-02-05_duration_21_days_cluster_356_A0_001736_A_002252_lat_04804_lon_00395_size_0168,INTE2101163A__20180124__20180201,INTE2101163A,2018-01-15,2018-02-05,2018-01-24,2018-02-01,1,0,0,0,1,9.0,4.0,13.0,13,9,2018-01-15,2018-02-05,3690,60,60,2018-01-24,2018-02-01,1,1,0.016666666666666666,1.0,29,False
WD_MERGE_2018-01-15---2018-02-05_duration_21_days_cluster_356_A0_001736_A_002252_lat_04804_lon_00395_size_0168,INTE2201262A__20180123__20180131,INTE2201262A,2018-01-15,2018-02-05,2018-01-23,2018-01-31,1,0,0,0,1,8.0,5.0,13.0,13,9,2018-01-15,2018-02-05,3690,60,60,2018-01-23,2018-01-31,1,1,0.016666666666666666,1.0,30,False
WD_MERGE_2018-01-15---2018-02-05_duration_21_days_cluster_356_A0_001736_A_002252_lat_04804_lon_00395_size_0168,INTE1922702A__20180122__20180128,INTE1922702A,2018-01-15,2018-02-05,2018-01-22,2018-01-28,1,0,0,0,1,7.0,8.0,15.0,15,7,2018-01-15,2018-02-05,3690,60,60,2018-01-22,2018-01-28,1,1,0.016666666666666666,1.0,31,False
WD_MERGE_2018-01-15---2018-02-05_duration_21_days_cluster_356_A0_001736_A_002252_lat_04804_lon_00395_size_0168,INTE1817087A__20180128__20180202,INTE1817087A,2018-01-15,2018-02-05,2018-01-28,2018-02-02,1,0,0,0,1,13.0,3.0,16.0,16,6,2018-01-15,2018-02-05,3690,60,60,2018-01-28,2018-02-02,3,1,0.016666666666666666,1.0,32,False
WD_MERGE_2018-01-15---2018-02-05_duration_21_days_cluster_356_A0_001736_A_002252_lat_04804_lon_00395_size_0168,INTE1835008A__20180130__20180204,INTE1835008A,2018-01-15,2018-02-05,2018-01-30,2018-02-04,1,0,0,0,1,15.0,1.0,16.0,16,6,2018-01-15,2018-02-05,3690,60,60,2018-01-30,2018-02-04,2,1,0.016666666666666666,1.0,33,False
WD_MERGE_2018-01-15---2018-02-05_duration_21_days_cluster_356_A0_001736_A_002252_lat_04804_lon_00395_size_0168,INTE1835008A__20180131__20180205,INTE1835008A,2018-01-15,2018-02-05,2018-01-31,2018-02-05,1,0,0,0,1,16.0,0.0,16.0,16,6,2018-01-15,2018-02-05,3690,60,60,2018-01-31,2018-02-05,1,1,0.016666666666666666,1.0,34,False
WD_MERGE_2018-01-15---2018-02-05_duration_21_days_cluster_356_A0_001736_A_002252_lat_04804_lon_00395_size_0168,INTE1810998A__20180122__20180126,INTE1810998A,2018-01-15,2018-02-05,2018-01-22,2018-01-26,1,0,0,0,1,7.0,10.0,17.0,17,5,2018-01-15,2018-02-05,3690,60,60,2018-01-22,2018-01-26,1,1,0.016666666666666666,1.0,35,False
WD_MERGE_2018-01-15---2018-02-05_duration_21_days_cluster_356_A0_001736_A_002252_lat_04804_lon_00395_size_0168,INTE1835008A__20180131__20180206,INTE1835008A,2018-01-15,2018-02-05,2018-01-31,2018-02-06,1,0,0,0,1,16.0,1.0,17.0,17,6,2018-01-15,2018-02-05,3690,60,60,2018-01-31,2018-02-06,1,1,0.016666666666666666,1.0,36,False
WD_MERGE_2018-01-15---2018-02-05_duration_21_days_cluster_356_A0_001736_A_002252_lat_04804_lon_00395_size_0168,INTE1917050A__20180122__20180126,INTE1917050A,2018-01-15,2018-02-05,2018-01-22,2018-01-26,1,0,0,0,1,7.0,10.0,17.0,17,5,2018-01-15,2018-02-05,3690,60,60,2018-01-22,2018-01-26,1,1,0.016666666666666666,1.0,37,False
WD_MERGE_2018-01-15---2018-02-05_duration_21_days_cluster_356_A0_001736_A_002252_lat_04804_lon_00395_size_0168,INTE1835008A__20180201__20180206,INTE1835008A,2018-01-15,2018-02-05,2018-02-01,2018-02-06,1,0,0,0,1,17.0,1.0,18.0,18,5,2018-01-15,2018-02-05,3690,60,60,2018-02-01,2018-02-06,1,1,0.016666666666666666,1.0,38,False
WD_MERGE_2018-01-15---2018-02-05_duration_21_days_cluster_356_A0_001736_A_002252_lat_04804_lon_00395_size_0168,INTE1922702A__20180130__20180202,INTE1922702A,2018-01-15,2018-02-05,2018-01-30,2018-02-02,1,0,0,0,1,15.0,3.0,18.0,18,4,2018-01-15,2018-02-05,3690,60,60,2018-01-30,2018-02-02,1,1,0.016666666666666666,1.0,39,False
WD_MERGE_2018-01-15---2018-02-05_duration_21_days_cluster_356_A0_001736_A_002252_lat_04804_lon_00395_size_0168,INTE2027600A__20180122__20180125,INTE2027600A,2018-01-15,2018-02-05,2018-01-22,2018-01-25,1,0,0,0,1,7.0,11.0,18.0,18,4,2018-01-15,2018-02-05,3690,60,60,2018-01-22,2018-01-25,1,1,0.016666666666666666,1.0,40,False
WD_MERGE_2018-01-15---2018-02-05_duration_21_days_cluster_356_A0_001736_A_002252_lat_04804_lon_00395_size_0168,INTE1810998A__20180125__20180127,INTE1810998A,2018-01-15,2018-02-05,2018-01-25,2018-01-27,1,0,0,0,1,10.0,9.0,19.0,19,3,2018-01-15,2018-02-05,3690,60,60,2018-01-25,2018-01-27,2,1,0.016666666666666666,1.0,41,False
WD_MERGE_2018-01-15---2018-02-05_duration_21_days_cluster_356_A0_001736_A_002252_lat_04804_lon_00395_size_0168,INTE1810998A__20180127__20180129,INTE1810998A,2018-01-15,2018-02-05,2018-01-27,2018-01-29,1,0,0,0,1,12.0,7.0,19.0,19,3,2018-01-15,2018-02-05,3690,60,60,2018-01-27,2018-01-29,10,1,0.016666666666666666,1.0,42,False
WD_MERGE_2018-01-15---2018-02-05_duration_21_days_cluster_356_A0_001736_A_002252_lat_04804_lon_00395_size_0168,INTE1810998A__20180203__20180205,INTE1810998A,2018-01-15,2018-02-05,2018-02-03,2018-02-05,1,0,0,0,1,19.0,0.0,19.0,19,3,2018-01-15,2018-02-05,3690,60,60,2018-02-03,2018-02-05,1,1,0.016666666666666666,1.0,43,False
WD_MERGE_2018-01-15---2018-02-05_duration_21_days_cluster_356_A0_001736_A_002252_lat_04804_lon_00395_size_0168,INTE1813670A__20180122__20180124,INTE1813670A,2018-01-15,2018-02-05,2018-01-22,2018-01-24,1,0,0,0,1,7.0,12.0,19.0,19,3,2018-01-15,2018-02-05,3690,60,60,2018-01-22,2018-01-24,1,1,0.016666666666666666,1.0,44,False
WD_MERGE_2018-01-15---2018-02-05_duration_21_days_cluster_356_A0_001736_A_002252_lat_04804_lon_00395_size_0168,INTE1813670A__20180129__20180131,INTE1813670A,2018-01-15,2018-02-05,2018-01-29,2018-01-31,1,0,0,0,1,14.0,5.0,19.0,19,3,2018-01-15,2018-02-05,3690,60,60,2018-01-29,2018-01-31,1,1,0.016666666666666666,1.0,45,False
WD_MERGE_2018-01-15---2018-02-05_duration_21_days_cluster_356_A0_001736_A_002252_lat_04804_lon_00395_size_0168,INTE1817087A__20180121__20180123,INTE1817087A,2018-01-15,2018-02-05,2018-01-21,2018-01-23,1,0,0,0,1,6.0,13.0,19.0,19,3,2018-01-15,2018-02-05,3690,60,60,2018-01-21,2018-01-23,1,1,0.016666666666666666,1.0,46,False
WD_MERGE_2018-01-15---2018-02-05_duration_21_days_cluster_356_A0_001736_A_002252_lat_04804_lon_00395_size_0168,INTE1817087A__20180122__20180124,INTE1817087A,2018-01-15,2018-02-05,2018-01-22,2018-01-24,1,0,0,0,1,7.0,12.0,19.0,19,3,2018-01-15,2018-02-05,3690,60,60,2018-01-22,2018-01-24,1,1,0.016666666666666666,1.0,47,False
WD_MERGE_2018-01-15---2018-02-05_duration_21_days_cluster_356_A0_001736_A_002252_lat_04804_lon_00395_size_0168,INTE1817087A__20180126__20180128,INTE1817087A,2018-01-15,2018-02-05,2018-01-26,2018-01-28,1,0,0,0,1,11.0,8.0,19.0,19,3,2018-01-15,2018-02-05,3690,60,60,2018-01-26,2018-01-28,2,1,0.016666666666666666,1.0,48,False
WD_MERGE_2018-01-15---2018-02-05_duration_21_days_cluster_356_A0_001736_A_002252_lat_04804_lon_00395_size_0168,INTE1818802A__20180121__20180123,INTE1818802A,2018-01-15,2018-02-05,2018-01-21,2018-01-23,1,0,0,0,1,6.0,13.0,19.0,19,3,2018-01-15,2018-02-05,3690,60,60,2018-01-21,2018-01-23,1,1,0.016666666666666666,1.0,49,False
WD_MERGE_2018-01-15---2018-02-05_duration_21_days_cluster_356_A0_001736_A_002252_lat_04804_lon_00395_size_0168,INTE1818802A__20180122__20180124,INTE1818802A,2018-01-15,2018-02-05,2018-01-22,2018-01-24,1,0,0,0,1,7.0,12.0,19.0,19,3,2018-01-15,2018-02-05,3690,60,60,2018-01-22,2018-01-24,1,1,0.016666666666666666,1.0,50,False
WD_MERGE_2018-01-15---2018-02-05_duration_21_days_cluster_356_A0_001736_A_002252_lat_04804_lon_00395_size_0168,INTE1824833A__20180122__20180124,INTE1824833A,2018-01-15,2018-02-05,2018-01-22,2018-01-24,1,0,0,0,1,7.0,12.0,19.0,19,3,2018-01-15,2018-02-05,3690,60,60,2018-01-22,2018-01-24,1,1,0.016666666666666666,1.0,51,False
WD_MERGE_2018-01-15---2018-02-05_duration_21_days_cluster_356_A0_001736_A_002252_lat_04804_lon_00395_size_0168,INTE1824833A__20180127__20180129,INTE1824833A,2018-01-15,2018-02-05,2018-01-27,2018-01-29,1,0,0,0,1,12.0,7.0,19.0,19,3,2018-01-15,2018-02-05,3690,60,60,2018-01-27,2018-01-29,1,1,0.016666666666666666,1.0,52,False
WD_MERGE_2018-01-15---2018-02-05_duration_21_days_cluster_356_A0_001736_A_002252_lat_04804_lon_00395_size_0168,INTE1828404A__20180127__20180129,INTE1828404A,2018-01-15,2018-02-05,2018-01-27,2018-01-29,1,0,0,0,1,12.0,7.0,19.0,19,3,2018-01-15,2018-02-05,3690,60,60,2018-01-27,2018-01-29,2,1,0.016666666666666666,1.0,53,False
WD_MERGE_2018-01-15---2018-02-05_duration_21_days_cluster_356_A0_001736_A_002252_lat_04804_lon_00395_size_0168,INTE1831446A__20180101__20180131,INTE1831446A,2018-01-15,2018-02-05,2018-01-01,2018-01-31,1,0,0,0,1,14.0,5.0,19.0,19,17,2018-01-15,2018-02-05,3690,60,60,2018-01-01,2018-01-31,1,1,0.016666666666666666,1.0,54,False
WD_MERGE_2018-01-15---2018-02-05_duration_21_days_cluster_356_A0_001736_A_002252_lat_04804_lon_00395_size_0168,INTE1831446A__20180122__20180124,INTE1831446A,2018-01-15,2018-02-05,2018-01-22,2018-01-24,1,0,0,0,1,7.0,12.0,19.0,19,3,2018-01-15,2018-02-05,3690,60,60,2018-01-22,2018-01-24,1,1,0.016666666666666666,1.0,55,False
WD_MERGE_2018-01-15---2018-02-05_duration_21_days_cluster_356_A0_001736_A_002252_lat_04804_lon_00395_size_0168,INTE1831446A__20180126__20180128,INTE1831446A,2018-01-15,2018-02-05,2018-01-26,2018-01-28,1,0,0,0,1,11.0,8.0,19.0,19,3,2018-01-15,2018-02-05,3690,60,60,2018-01-26,2018-01-28,1,1,0.016666666666666666,1.0,56,False
WD_MERGE_2018-01-15---2018-02-05_duration_21_days_cluster_356_A0_001736_A_002252_lat_04804_lon_00395_size_0168,INTE1835008A__20180127__20180129,INTE1835008A,2018-01-15,2018-02-05,2018-01-27,2018-01-29,1,0,0,0,1,12.0,7.0,19.0,19,3,2018-01-15,2018-02-05,3690,60,60,2018-01-27,2018-01-29,1,1,0.016666666666666666,1.0,57,False
WD_MERGE_2018-01-15---2018-02-05_duration_21_days_cluster_356_A0_001736_A_002252_lat_04804_lon_00395_size_0168,INTE1835008A__20180131__20180202,INTE1835008A,2018-01-15,2018-02-05,2018-01-31,2018-02-02,1,0,0,0,1,16.0,3.0,19.0,19,3,2018-01-15,2018-02-05,3690,60,60,2018-01-31,2018-02-02,1,1,0.016666666666666666,1.0,58,False
WD_MERGE_2018-01-15---2018-02-05_duration_21_days_cluster_356_A0_001736_A_002252_lat_04804_lon_00395_size_0168,INTE2005870A__20180129__20180131,INTE2005870A,2018-01-15,2018-02-05,2018-01-29,2018-01-31,1,0,0,0,1,14.0,5.0,19.0,19,3,2018-01-15,2018-02-05,3690,60,60,2018-01-29,2018-01-31,1,1,0.016666666666666666,1.0,59,False
WD_MERGE_2018-01-15---2018-02-05_duration_21_days_cluster_356_A0_001736_A_002252_lat_04804_lon_00395_size_0168,INTE1806551A__20180122__20180123,INTE1806551A,2018-01-15,2018-02-05,2018-01-22,2018-01-23,1,0,0,0,1,7.0,13.0,20.0,20,2,2018-01-15,2018-02-05,3690,60,60,2018-01-22,2018-01-23,2,1,0.016666666666666666,1.0,60,False
WD_MERGE_2018-01-15---2018-02-05_duration_21_days_cluster_356_A0_001736_A_002252_lat_04804_lon_00395_size_0168,INTE1810998A__20180124__20180125,INTE1810998A,2018-01-15,2018-02-05,2018-01-24,2018-01-25,1,0,0,0,1,9.0,11.0,20.0,20,2,2018-01-15,2018-02-05,3690,60,60,2018-01-24,2018-01-25,1,1,0.016666666666666666,1.0,61,False
WD_MERGE_2018-01-15---2018-02-05_duration_21_days_cluster_356_A0_001736_A_002252_lat_04804_lon_00395_size_0168,INTE1810998A__20180127__20180128,INTE1810998A,2018-01-15,2018-02-05,2018-01-27,2018-01-28,1,0,0,0,1,12.0,8.0,20.0,20,2,2018-01-15,2018-02-05,3690,60,60,2018-01-27,2018-01-28,2,1,0.016666666666666666,1.0,62,False
WD_MERGE_2018-01-15---2018-02-05_duration_21_days_cluster_356_A0_001736_A_002252_lat_04804_lon_00395_size_0168,INTE1813670A__20180122__20180123,INTE1813670A,2018-01-15,2018-02-05,2018-01-22,2018-01-23,1,0,0,0,1,7.0,13.0,20.0,20,2,2018-01-15,2018-02-05,3690,60,60,2018-01-22,2018-01-23,1,1,0.016666666666666666,1.0,63,False
WD_MERGE_2018-01-15---2018-02-05_duration_21_days_cluster_356_A0_001736_A_002252_lat_04804_lon_00395_size_0168,INTE1813670A__20180123__20180124,INTE1813670A,2018-01-15,2018-02-05,2018-01-23,2018-01-24,1,0,0,0,1,8.0,12.0,20.0,20,2,2018-01-15,2018-02-05,3690,60,60,2018-01-23,2018-01-24,1,1,0.016666666666666666,1.0,64,False
WD_MERGE_2018-01-15---2018-02-05_duration_21_days_cluster_356_A0_001736_A_002252_lat_04804_lon_00395_size_0168,INTE1817087A__20180121__20180122,INTE1817087A,2018-01-15,2018-02-05,2018-01-21,2018-01-22,1,0,0,0,1,6.0,14.0,20.0,20,2,2018-01-15,2018-02-05,3690,60,60,2018-01-21,2018-01-22,2,1,0.016666666666666666,1.0,65,False
WD_MERGE_2018-01-15---2018-02-05_duration_21_days_cluster_356_A0_001736_A_002252_lat_04804_lon_00395_size_0168,INTE1824833A__20180124__20180125,INTE1824833A,2018-01-15,2018-02-05,2018-01-24,2018-01-25,1,0,0,0,1,9.0,11.0,20.0,20,2,2018-01-15,2018-02-05,3690,60,60,2018-01-24,2018-01-25,1,1,0.016666666666666666,1.0,66,False
WD_MERGE_2018-01-15---2018-02-05_duration_21_days_cluster_356_A0_001736_A_002252_lat_04804_lon_00395_size_0168,INTE1824833A__20180125__20180126,INTE1824833A,2018-01-15,2018-02-05,2018-01-25,2018-01-26,1,0,0,0,1,10.0,10.0,20.0,20,2,2018-01-15,2018-02-05,3690,60,60,2018-01-25,2018-01-26,1,1,0.016666666666666666,1.0,67,False
WD_MERGE_2018-01-15---2018-02-05_duration_21_days_cluster_356_A0_001736_A_002252_lat_04804_lon_00395_size_0168,INTE1824833A__20180131__20180201,INTE1824833A,2018-01-15,2018-02-05,2018-01-31,2018-02-01,1,0,0,0,1,16.0,4.0,20.0,20,2,2018-01-15,2018-02-05,3690,60,60,2018-01-31,2018-02-01,1,1,0.016666666666666666,1.0,68,False
WD_MERGE_2018-01-15---2018-02-05_duration_21_days_cluster_356_A0_001736_A_002252_lat_04804_lon_00395_size_0168,INTE1831446A__20180123__20180124,INTE1831446A,2018-01-15,2018-02-05,2018-01-23,2018-01-24,1,0,0,0,1,8.0,12.0,20.0,20,2,2018-01-15,2018-02-05,3690,60,60,2018-01-23,2018-01-24,1,1,0.016666666666666666,1.0,69,False
WD_MERGE_2018-01-15---2018-02-05_duration_21_days_cluster_356_A0_001736_A_002252_lat_04804_lon_00395_size_0168,INTE1907677A__20180123__20180124,INTE1907677A,2018-01-15,2018-02-05,2018-01-23,2018-01-24,1,0,0,0,1,8.0,12.0,20.0,20,2,2018-01-15,2018-02-05,3690,60,60,2018-01-23,2018-01-24,1,1,0.016666666666666666,1.0,70,False
WD_MERGE_2018-01-15---2018-02-05_duration_21_days_cluster_356_A0_001736_A_002252_lat_04804_lon_00395_size_0168,INTE2010310A__20180123__20180124,INTE2010310A,2018-01-15,2018-02-05,2018-01-23,2018-01-24,1,0,0,0,1,8.0,12.0,20.0,20,2,2018-01-15,2018-02-05,3690,60,60,2018-01-23,2018-01-24,1,1,0.016666666666666666,1.0,71,False
WD_MERGE_2018-01-15---2018-02-05_duration_21_days_cluster_356_A0_001736_A_002252_lat_04804_lon_00395_size_0168,INTE1808306A__20180122__20180122,INTE1808306A,2018-01-15,2018-02-05,2018-01-22,2018-01-22,1,0,0,0,1,7.0,14.0,21.0,21,1,2018-01-15,2018-02-05,3690,60,60,2018-01-22,2018-01-22,6,1,0.016666666666666666,1.0,72,False
WD_MERGE_2018-01-15---2018-02-05_duration_21_days_cluster_356_A0_001736_A_002252_lat_04804_lon_00395_size_0168,INTE1808306A__20180126__20180126,INTE1808306A,2018-01-15,2018-02-05,2018-01-26,2018-01-26,1,0,0,0,1,11.0,10.0,21.0,21,1,2018-01-15,2018-02-05,3690,60,60,2018-01-26,2018-01-26,1,1,0.016666666666666666,1.0,73,False
WD_MERGE_2018-01-15---2018-02-05_duration_21_days_cluster_356_A0_001736_A_002252_lat_04804_lon_00395_size_0168,INTE1810998A__20180118__20180118,INTE1810998A,2018-01-15,2018-02-05,2018-01-18,2018-01-18,1,0,0,0,1,3.0,18.0,21.0,21,1,2018-01-15,2018-02-05,3690,60,60,2018-01-18,2018-01-18,1,1,0.016666666666666666,1.0,74,False
WD_MERGE_2018-01-15---2018-02-05_duration_21_days_cluster_356_A0_001736_A_002252_lat_04804_lon_00395_size_0168,INTE1810998A__20180122__20180122,INTE1810998A,2018-01-15,2018-02-05,2018-01-22,2018-01-22,1,0,0,0,1,7.0,14.0,21.0,21,1,2018-01-15,2018-02-05,3690,60,60,2018-01-22,2018-01-22,1,1,0.016666666666666666,1.0,75,False
WD_MERGE_2018-01-15---2018-02-05_duration_21_days_cluster_356_A0_001736_A_002252_lat_04804_lon_00395_size_0168,INTE1813670A__20180122__20180122,INTE1813670A,2018-01-15,2018-02-05,2018-01-22,2018-01-22,1,0,0,0,1,7.0,14.0,21.0,21,1,2018-01-15,2018-02-05,3690,60,60,2018-01-22,2018-01-22,2,1,0.016666666666666666,1.0,76,False
WD_MERGE_2018-01-15---2018-02-05_duration_21_days_cluster_356_A0_001736_A_002252_lat_04804_lon_00395_size_0168,INTE1817087A__20180118__20180118,INTE1817087A,2018-01-15,2018-02-05,2018-01-18,2018-01-18,1,0,0,0,1,3.0,18.0,21.0,21,1,2018-01-15,2018-02-05,3690,60,60,2018-01-18,2018-01-18,1,1,0.016666666666666666,1.0,77,False
WD_MERGE_2018-01-15---2018-02-05_duration_21_days_cluster_356_A0_001736_A_002252_lat_04804_lon_00395_size_0168,INTE1817087A__20180122__20180122,INTE1817087A,2018-01-15,2018-02-05,2018-01-22,2018-01-22,1,0,0,0,1,7.0,14.0,21.0,21,1,2018-01-15,2018-02-05,3690,60,60,2018-01-22,2018-01-22,1,1,0.016666666666666666,1.0,78,False
WD_MERGE_2018-01-15---2018-02-05_duration_21_days_cluster_356_A0_001736_A_002252_lat_04804_lon_00395_size_0168,INTE1820387A__20180128__20180128,INTE1820387A,2018-01-15,2018-02-05,2018-01-28,2018-01-28,1,0,0,0,1,13.0,8.0,21.0,21,1,2018-01-15,2018-02-05,3690,60,60,2018-01-28,2018-01-28,1,1,0.016666666666666666,1.0,79,False
WD_MERGE_2018-01-15---2018-02-05_duration_21_days_cluster_356_A0_001736_A_002252_lat_04804_lon_00395_size_0168,INTE1813670A__20180106__20180218,INTE1813670A,2018-01-15,2018-02-05,2018-01-06,2018-02-18,1,0,0,0,1,9.0,13.0,22.0,22,22,2018-01-15,2018-02-05,3690,60,60,2018-01-06,2018-02-18,1,1,0.016666666666666666,1.0,80,False
WD_MERGE_2018-01-15---2018-02-05_duration_21_days_cluster_356_A0_001736_A_002252_lat_04804_lon_00395_size_0168,INTE1831446A__20180204__20180216,INTE1831446A,2018-01-15,2018-02-05,2018-02-04,2018-02-16,1,0,0,0,1,20.0,11.0,31.0,31,2,2018-01-15,2018-02-05,3690,60,60,2018-02-04,2018-02-16,1,1,0.016666666666666666,1.0,81,False
WD_MERGE_2018-01-15---2018-02-05_duration_21_days_cluster_356_A0_001736_A_002252_lat_04804_lon_00395_size_0168,INTE1802929A__20180108__20180110,INTE1802929A,2018-01-15,2018-02-05,2018-01-08,2018-01-10,1,0,0,0,1,7.0,26.0,33.0,33,0,2018-01-15,2018-02-05,3690,60,60,2018-01-08,2018-01-10,1,1,0.016666666666666666,1.0,82,False
WD_MERGE_2018-01-15---2018-02-05_duration_21_days_cluster_356_A0_001736_A_002252_lat_04804_lon_00395_size_0168,INTE1802929A__20180108__20180109,INTE1802929A,2018-01-15,2018-02-05,2018-01-08,2018-01-09,1,0,0,0,1,7.0,27.0,34.0,34,0,2018-01-15,2018-02-05,3690,60,60,2018-01-08,2018-01-09,1,1,0.016666666666666666,1.0,83,False
WD_MERGE_2018-01-15---2018-02-05_duration_21_days_cluster_356_A0_001736_A_002252_lat_04804_lon_00395_size_0168,INTE1808306A__20180108__20180109,INTE1808306A,2018-01-15,2018-02-05,2018-01-08,2018-01-09,1,0,0,0,1,7.0,27.0,34.0,34,0,2018-01-15,2018-02-05,3690,60,60,2018-01-08,2018-01-09,1,1,0.016666666666666666,1.0,84,False
WD_MERGE_2018-01-15---2018-02-05_duration_21_days_cluster_356_A0_001736_A_002252_lat_04804_lon_00395_size_0168,INTE1810998A__20180108__20180109,INTE1810998A,2018-01-15,2018-02-05,2018-01-08,2018-01-09,1,0,0,0,1,7.0,27.0,34.0,34,0,2018-01-15,2018-02-05,3690,60,60,2018-01-08,2018-01-09,1,1,0.016666666666666666,1.0,85,False
WD_MERGE_2018-01-15---2018-02-05_duration_21_days_cluster_356_A0_001736_A_002252_lat_04804_lon_00395_size_0168,INTE1818802A__20180108__20180109,INTE1818802A,2018-01-15,2018-02-05,2018-01-08,2018-01-09,1,0,0,0,1,7.0,27.0,34.0,34,0,2018-01-15,2018-02-05,3690,60,60,2018-01-08,2018-01-09,1,1,0.016666666666666666,1.0,86,False
WD_MERGE_2018-01-15---2018-02-05_duration_21_days_cluster_356_A0_001736_A_002252_lat_04804_lon_00395_size_0168,INTE1808306A__20180106__20180109,INTE1808306A,2018-01-15,2018-02-05,2018-01-06,2018-01-09,1,0,0,0,1,9.0,27.0,36.0,36,0,2018-01-15,2018-02-05,3690,60,60,2018-01-06,2018-01-09,1,1,0.016666666666666666,1.0,87,False
WD_MERGE_2018-01-15---2018-02-05_duration_21_days_cluster_356_A0_001736_A_002252_lat_04804_lon_00395_size_0168,INTE1818802A__20180107__20180108,INTE1818802A,2018-01-15,2018-02-05,2018-01-07,2018-01-08,1,0,0,0,1,8.0,28.0,36.0,36,0,2018-01-15,2018-02-05,3690,60,60,2018-01-07,2018-01-08,1,1,0.016666666666666666,1.0,88,False
WD_MERGE_2018-01-15---2018-02-05_duration_21_days_cluster_356_A0_001736_A_002252_lat_04804_lon_00395_size_0168,INTE2010310A__20180208__20180218,INTE2010310A,2018-01-15,2018-02-05,2018-02-08,2018-02-18,1,0,0,0,1,24.0,13.0,37.0,37,0,2018-01-15,2018-02-05,3690,60,60,2018-02-08,2018-02-18,1,1,0.016666666666666666,1.0,89,False
WD_MERGE_2018-01-15---2018-02-05_duration_21_days_cluster_356_A0_001736_A_002252_lat_04804_lon_00395_size_0168,INTE1808306A__20180104__20180108,INTE1808306A,2018-01-15,2018-02-05,2018-01-04,2018-01-08,1,0,0,0,1,11.0,28.0,39.0,39,0,2018-01-15,2018-02-05,3690,60,60,2018-01-04,2018-01-08,1,1,0.016666666666666666,1.0,90,False
WD_MERGE_2024-03-25---2024-05-27_duration_49_days_cluster_354_A0_002117_A_002338_lat_04497_lon_00089_size_0436,INTE2525618A__20240331__20240613,INTE2525618A,2024-03-25,2024-05-27,2024-03-31,2024-06-13,1,0,0,0,1,6.0,17.0,23.0,23,58,2024-03-25,2024-05-27,3290,69,69,2024-03-31,2024-06-13,1,1,0.014492753623188406,1.0,31,False
WD_MERGE_2024-03-25---2024-05-27_duration_49_days_cluster_354_A0_002117_A_002338_lat_04497_lon_00089_size_0436,INTE2525618A__20240328__20240429,INTE2525618A,2024-03-25,2024-05-27,2024-03-28,2024-04-29,1,0,0,0,1,3.0,28.0,31.0,31,33,2024-03-25,2024-05-27,3290,69,69,2024-03-28,2024-04-29,1,1,0.014492753623188406,1.0,32,False
WD_MERGE_2024-03-25---2024-05-27_duration_49_days_cluster_354_A0_002117_A_002338_lat_04497_lon_00089_size_0436,INTE2519692A__20240329__20240429,INTE2519692A,2024-03-25,2024-05-27,2024-03-29,2024-04-29,1,0,0,0,1,4.0,28.0,32.0,32,32,2024-03-25,2024-05-27,3290,69,69,2024-03-29,2024-04-29,1,1,0.014492753623188406,1.0,33,False
WD_MERGE_2024-03-25---2024-05-27_duration_49_days_cluster_354_A0_002117_A_002338_lat_04497_lon_00089_size_0436,INTE2525618A__20240329__20240429,INTE2525618A,2024-03-25,2024-05-27,2024-03-29,2024-04-29,1,0,0,0,1,4.0,28.0,32.0,32,32,2024-03-25,2024-05-27,3290,69,69,2024-03-29,2024-04-29,1,1,0.014492753623188406,1.0,34,False
WD_MERGE_2024-03-25---2024-05-27_duration_49_days_cluster_354_A0_002117_A_002338_lat_04497_lon_00089_size_0436,INTE2424582A__20240329__20240404,INTE2424582A,2024-03-25,2024-05-27,2024-03-29,2024-04-04,1,0,0,0,1,4.0,53.0,57.0,57,7,2024-03-25,2024-05-27,3290,69,69,2024-03-29,2024-04-04,5,1,0.014492753623188406,1.0,35,False
WD_MERGE_2024-03-25---2024-05-27_duration_49_days_cluster_354_A0_002117_A_002338_lat_04497_lon_00089_size_0436,IOME2415152A__20240329__20240404,IOME2415152A,2024-03-25,2024-05-27,2024-03-29,2024-04-04,1,0,0,0,1,4.0,53.0,57.0,57,7,2024-03-25,2024-05-27,3290,69,69,2024-03-29,2024-04-04,2,1,0.014492753623188406,1.0,36,False
WD_MERGE_2024-03-25---2024-05-27_duration_49_days_cluster_354_A0_002117_A_002338_lat_04497_lon_00089_size_0436,IOME2415152A__20240330__20240405,IOME2415152A,2024-03-25,2024-05-27,2024-03-30,2024-04-05,1,0,0,0,1,5.0,52.0,57.0,57,7,2024-03-25,2024-05-27,3290,69,69,2024-03-30,2024-04-05,1,1,0.014492753623188406,1.0,37,False
WD_MERGE_2024-03-25---2024-05-27_duration_49_days_cluster_354_A0_002117_A_002338_lat_04497_lon_00089_size_0436,IOME2420215A__20240328__20240403,IOME2420215A,2024-03-25,2024-05-27,2024-03-28,2024-04-03,1,0,0,0,1,3.0,54.0,57.0,57,7,2024-03-25,2024-05-27,3290,69,69,2024-03-28,2024-04-03,1,1,0.014492753623188406,1.0,38,False
WD_MERGE_2024-03-25---2024-05-27_duration_49_days_cluster_354_A0_002117_A_002338_lat_04497_lon_00089_size_0436,IOME2420215A__20240329__20240404,IOME2420215A,2024-03-25,2024-05-27,2024-03-29,2024-04-04,1,0,0,0,1,4.0,53.0,57.0,57,7,2024-03-25,2024-05-27,3290,69,69,2024-03-29,2024-04-04,18,1,0.014492753623188406,1.0,39,False
WD_MERGE_2024-03-25---2024-05-27_duration_49_days_cluster_354_A0_002117_A_002338_lat_04497_lon_00089_size_0436,IOME2415152A__20240516__20240520,IOME2415152A,2024-03-25,2024-05-27,2024-05-16,2024-05-20,1,0,0,0,1,52.0,7.0,59.0,59,5,2024-03-25,2024-05-27,3290,69,69,2024-05-16,2024-05-20,1,1,0.014492753623188406,1.0,40,False
WD_MERGE_2024-03-25---2024-05-27_duration_49_days_cluster_354_A0_002117_A_002338_lat_04497_lon_00089_size_0436,INTE2424582A__20240328__20240331,INTE2424582A,2024-03-25,2024-05-27,2024-03-28,2024-03-31,1,0,0,0,1,3.0,57.0,60.0,60,4,2024-03-25,2024-05-27,3290,69,69,2024-03-28,2024-03-31,1,1,0.014492753623188406,1.0,41,False
WD_MERGE_2024-03-25---2024-05-27_duration_49_days_cluster_354_A0_002117_A_002338_lat_04497_lon_00089_size_0436,INTE2430293A__20240329__20240401,INTE2430293A,2024-03-25,2024-05-27,2024-03-29,2024-04-01,1,0,0,0,1,4.0,56.0,60.0,60,4,2024-03-25,2024-05-27,3290,69,69,2024-03-29,2024-04-01,1,1,0.014492753623188406,1.0,42,False
WD_MERGE_2024-03-25---2024-05-27_duration_49_days_cluster_354_A0_002117_A_002338_lat_04497_lon_00089_size_0436,IOME2420215A__20240430__20240503,IOME2420215A,2024-03-25,2024-05-27,2024-04-30,2024-05-03,1,0,0,0,1,36.0,24.0,60.0,60,4,2024-03-25,2024-05-27,3290,69,69,2024-04-30,2024-05-03,1,1,0.014492753623188406,1.0,43,False
WD_MERGE_2024-03-25---2024-05-27_duration_49_days_cluster_354_A0_002117_A_002338_lat_04497_lon_00089_size_0436,INTE2424582A__20240518__20240520,INTE2424582A,2024-03-25,2024-05-27,2024-05-18,2024-05-20,1,0,0,0,1,54.0,7.0,61.0,61,3,2024-03-25,2024-05-27,3290,69,69,2024-05-18,2024-05-20,1,1,0.014492753623188406,1.0,44,False
WD_MERGE_2024-03-25---2024-05-27_duration_49_days_cluster_354_A0_002117_A_002338_lat_04497_lon_00089_size_0436,INTE2427051A__20240517__20240519,INTE2427051A,2024-03-25,2024-05-27,2024-05-17,2024-05-19,1,0,0,0,1,53.0,8.0,61.0,61,3,2024-03-25,2024-05-27,3290,69,69,2024-05-17,2024-05-19,1,1,0.014492753623188406,1.0,45,False
WD_MERGE_2024-03-25---2024-05-27_duration_49_days_cluster_354_A0_002117_A_002338_lat_04497_lon_00089_size_0436,INTE2430293A__20240330__20240401,INTE2430293A,2024-03-25,2024-05-27,2024-03-30,2024-04-01,1,0,0,0,1,5.0,56.0,61.0,61,3,2024-03-25,2024-05-27,3290,69,69,2024-03-30,2024-04-01,1,1,0.014492753623188406,1.0,46,False
WD_MERGE_2024-03-25---2024-05-27_duration_49_days_cluster_354_A0_002117_A_002338_lat_04497_lon_00089_size_0436,INTE2430293A__20240401__20240403,INTE2430293A,2024-03-25,2024-05-27,2024-04-01,2024-04-03,1,0,0,0,1,7.0,54.0,61.0,61,3,2024-03-25,2024-05-27,3290,69,69,2024-04-01,2024-04-03,1,1,0.014492753623188406,1.0,47,False
WD_MERGE_2024-03-25---2024-05-27_duration_49_days_cluster_354_A0_002117_A_002338_lat_04497_lon_00089_size_0436,INTE2433751A__20240330__20240401,INTE2433751A,2024-03-25,2024-05-27,2024-03-30,2024-04-01,1,0,0,0,1,5.0,56.0,61.0,61,3,2024-03-25,2024-05-27,3290,69,69,2024-03-30,2024-04-01,1,1,0.014492753623188406,1.0,48,False
WD_MERGE_2024-03-25---2024-05-27_duration_49_days_cluster_354_A0_002117_A_002338_lat_04497_lon_00089_size_0436,IOME2420215A__20240329__20240331,IOME2420215A,2024-03-25,2024-05-27,2024-03-29,2024-03-31,1,0,0,0,1,4.0,57.0,61.0,61,3,2024-03-25,2024-05-27,3290,69,69,2024-03-29,2024-03-31,1,1,0.014492753623188406,1.0,49,False
WD_MERGE_2024-03-25---2024-05-27_duration_49_days_cluster_354_A0_002117_A_002338_lat_04497_lon_00089_size_0436,INTE2424582A__20240331__20240401,INTE2424582A,2024-03-25,2024-05-27,2024-03-31,2024-04-01,1,0,0,0,1,6.0,56.0,62.0,62,2,2024-03-25,2024-05-27,3290,69,69,2024-03-31,2024-04-01,1,1,0.014492753623188406,1.0,50,False
WD_MERGE_2024-03-25---2024-05-27_duration_49_days_cluster_354_A0_002117_A_002338_lat_04497_lon_00089_size_0436,INTE2424582A__20240426__20240427,INTE2424582A,2024-03-25,2024-05-27,2024-04-26,2024-04-27,1,0,0,0,1,32.0,30.0,62.0,62,2,2024-03-25,2024-05-27,3290,69,69,2024-04-26,2024-04-27,1,1,0.014492753623188406,1.0,51,False
WD_MERGE_2024-03-25---2024-05-27_duration_49_days_cluster_354_A0_002117_A_002338_lat_04497_lon_00089_size_0436,INTE2427051A__20240510__20240511,INTE2427051A,2024-03-25,2024-05-27,2024-05-10,2024-05-11,1,0,0,0,1,46.0,16.0,62.0,62,2,2024-03-25,2024-05-27,3290,69,69,2024-05-10,2024-05-11,1,1,0.014492753623188406,1.0,52,False
WD_MERGE_2024-03-25---2024-05-27_duration_49_days_cluster_354_A0_002117_A_002338_lat_04497_lon_00089_size_0436,INTE2427051A__20240517__20240518,INTE2427051A,2024-03-25,2024-05-27,2024-05-17,2024-05-18,1,0,0,0,1,53.0,9.0,62.0,62,2,2024-03-25,2024-05-27,3290,69,69,2024-05-17,2024-05-18,1,1,0.014492753623188406,1.0,53,False
WD_MERGE_2024-03-25---2024-05-27_duration_49_days_cluster_354_A0_002117_A_002338_lat_04497_lon_00089_size_0436,INTE2427051A__20240518__20240519,INTE2427051A,2024-03-25,2024-05-27,2024-05-18,2024-05-19,1,0,0,0,1,54.0,8.0,62.0,62,2,2024-03-25,2024-05-27,3290,69,69,2024-05-18,2024-05-19,1,1,0.014492753623188406,1.0,54,False
WD_MERGE_2024-03-25---2024-05-27_duration_49_days_cluster_354_A0_002117_A_002338_lat_04497_lon_00089_size_0436,INTE2433751A__20240329__20240330,INTE2433751A,2024-03-25,2024-05-27,2024-03-29,2024-03-30,1,0,0,0,1,4.0,58.0,62.0,62,2,2024-03-25,2024-05-27,3290,69,69,2024-03-29,2024-03-30,1,1,0.014492753623188406,1.0,55,False
WD_MERGE_2024-03-25---2024-05-27_duration_49_days_cluster_354_A0_002117_A_002338_lat_04497_lon_00089_size_0436,INTE2433751A__20240330__20240331,INTE2433751A,2024-03-25,2024-05-27,2024-03-30,2024-03-31,1,0,0,0,1,5.0,57.0,62.0,62,2,2024-03-25,2024-05-27,3290,69,69,2024-03-30,2024-03-31,2,1,0.014492753623188406,1.0,56,False
WD_MERGE_2024-03-25---2024-05-27_duration_49_days_cluster_354_A0_002117_A_002338_lat_04497_lon_00089_size_0436,INTE2525618A__20240329__20240330,INTE2525618A,2024-03-25,2024-05-27,2024-03-29,2024-03-30,1,0,0,0,1,4.0,58.0,62.0,62,2,2024-03-25,2024-05-27,3290,69,69,2024-03-29,2024-03-30,1,1,0.014492753623188406,1.0,57,False
WD_MERGE_2024-03-25---2024-05-27_duration_49_days_cluster_354_A0_002117_A_002338_lat_04497_lon_00089_size_0436,IOME2411920A__20240331__20240401,IOME2411920A,2024-03-25,2024-05-27,2024-03-31,2024-04-01,1,0,0,0,1,6.0,56.0,62.0,62,2,2024-03-25,2024-05-27,3290,69,69,2024-03-31,2024-04-01,1,1,0.014492753623188406,1.0,58,False
WD_MERGE_2024-03-25---2024-05-27_duration_49_days_cluster_354_A0_002117_A_002338_lat_04497_lon_00089_size_0436,IOME2413412A__20240330__20240331,IOME2413412A,2024-03-25,2024-05-27,2024-03-30,2024-03-31,1,0,0,0,1,5.0,57.0,62.0,62,2,2024-03-25,2024-05-27,3290,69,69,2024-03-30,2024-03-31,1,1,0.014492753623188406,1.0,59,False
WD_MERGE_2024-03-25---2024-05-27_duration_49_days_cluster_354_A0_002117_A_002338_lat_04497_lon_00089_size_0436,IOME2413412A__20240501__20240502,IOME2413412A,2024-03-25,2024-05-27,2024-05-01,2024-05-02,1,0,0,0,1,37.0,25.0,62.0,62,2,2024-03-25,2024-05-27,3290,69,69,2024-05-01,2024-05-02,3,1,0.014492753623188406,1.0,60,False
WD_MERGE_2024-03-25---2024-05-27_duration_49_days_cluster_354_A0_002117_A_002338_lat_04497_lon_00089_size_0436,IOME2415152A__20240428__20240429,IOME2415152A,2024-03-25,2024-05-27,2024-04-28,2024-04-29,1,0,0,0,1,34.0,28.0,62.0,62,2,2024-03-25,2024-05-27,3290,69,69,2024-04-28,2024-04-29,1,1,0.014492753623188406,1.0,61,False
WD_MERGE_2024-03-25---2024-05-27_duration_49_days_cluster_354_A0_002117_A_002338_lat_04497_lon_00089_size_0436,IOME2415152A__20240512__20240513,IOME2415152A,2024-03-25,2024-05-27,2024-05-12,2024-05-13,1,0,0,0,1,48.0,14.0,62.0,62,2,2024-03-25,2024-05-27,3290,69,69,2024-05-12,2024-05-13,1,1,0.014492753623188406,1.0,62,False
WD_MERGE_2024-03-25---2024-05-27_duration_49_days_cluster_354_A0_002117_A_002338_lat_04497_lon_00089_size_0436,IOME2415152A__20240520__20240521,IOME2415152A,2024-03-25,2024-05-27,2024-05-20,2024-05-21,1,0,0,0,1,56.0,6.0,62.0,62,2,2024-03-25,2024-05-27,3290,69,69,2024-05-20,2024-05-21,1,1,0.014492753623188406,1.0,63,False
WD_MERGE_2024-03-25---2024-05-27_duration_49_days_cluster_354_A0_002117_A_002338_lat_04497_lon_00089_size_0436,IOME2415880A__20240330__20240331,IOME2415880A,2024-03-25,2024-05-27,2024-03-30,2024-03-31,1,0,0,0,1,5.0,57.0,62.0,62,2,2024-03-25,2024-05-27,3290,69,69,2024-03-30,2024-03-31,1,1,0.014492753623188406,1.0,64,False
WD_MERGE_2024-03-25---2024-05-27_duration_49_days_cluster_354_A0_002117_A_002338_lat_04497_lon_00089_size_0436,IOME2415880A__20240512__20240513,IOME2415880A,2024-03-25,2024-05-27,2024-05-12,2024-05-13,1,0,0,0,1,48.0,14.0,62.0,62,2,2024-03-25,2024-05-27,3290,69,69,2024-05-12,2024-05-13,1,1,0.014492753623188406,1.0,65,False
WD_MERGE_2024-03-25---2024-05-27_duration_49_days_cluster_354_A0_002117_A_002338_lat_04497_lon_00089_size_0436,IOME2415880A__20240519__20240520,IOME2415880A,2024-03-25,2024-05-27,2024-05-19,2024-05-20,1,0,0,0,1,55.0,7.0,62.0,62,2,2024-03-25,2024-05-27,3290,69,69,2024-05-19,2024-05-20,1,1,0.014492753623188406,1.0,66,False
WD_MERGE_2024-03-25---2024-05-27_duration_49_days_cluster_354_A0_002117_A_002338_lat_04497_lon_00089_size_0436,IOME2415880A__20240520__20240521,IOME2415880A,2024-03-25,2024-05-27,2024-05-20,2024-05-21,1,0,0,0,1,56.0,6.0,62.0,62,2,2024-03-25,2024-05-27,3290,69,69,2024-05-20,2024-05-21,1,1,0.014492753623188406,1.0,67,False
WD_MERGE_2024-03-25---2024-05-27_duration_49_days_cluster_354_A0_002117_A_002338_lat_04497_lon_00089_size_0436,IOME2415880A__20240523__20240524,IOME2415880A,2024-03-25,2024-05-27,2024-05-23,2024-05-24,1,0,0,0,1,59.0,3.0,62.0,62,2,2024-03-25,2024-05-27,3290,69,69,2024-05-23,2024-05-24,1,1,0.014492753623188406,1.0,68,False
WD_MERGE_2024-03-25---2024-05-27_duration_49_days_cluster_354_A0_002117_A_002338_lat_04497_lon_00089_size_0436,IOME2415880A__20240524__20240525,IOME2415880A,2024-03-25,2024-05-27,2024-05-24,2024-05-25,1,0,0,0,1,60.0,2.0,62.0,62,2,2024-03-25,2024-05-27,3290,69,69,2024-05-24,2024-05-25,1,1,0.014492753623188406,1.0,69,False
WD_MERGE_2024-03-25---2024-05-27_duration_49_days_cluster_354_A0_002117_A_002338_lat_04497_lon_00089_size_0436,IOME2420215A__20240329__20240330,IOME2420215A,2024-03-25,2024-05-27,2024-03-29,2024-03-30,1,0,0,0,1,4.0,58.0,62.0,62,2,2024-03-25,2024-05-27,3290,69,69,2024-03-29,2024-03-30,1,1,0.014492753623188406,1.0,70,False
WD_MERGE_2024-03-25---2024-05-27_duration_49_days_cluster_354_A0_002117_A_002338_lat_04497_lon_00089_size_0436,IOME2420215A__20240427__20240428,IOME2420215A,2024-03-25,2024-05-27,2024-04-27,2024-04-28,1,0,0,0,1,33.0,29.0,62.0,62,2,2024-03-25,2024-05-27,3290,69,69,2024-04-27,2024-04-28,1,1,0.014492753623188406,1.0,71,False
WD_MERGE_2024-03-25---2024-05-27_duration_49_days_cluster_354_A0_002117_A_002338_lat_04497_lon_00089_size_0436,IOME2420215A__20240501__20240502,IOME2420215A,2024-03-25,2024-05-27,2024-05-01,2024-05-02,1,0,0,0,1,37.0,25.0,62.0,62,2,2024-03-25,2024-05-27,3290,69,69,2024-05-01,2024-05-02,2,1,0.014492753623188406,1.0,72,False
WD_MERGE_2024-03-25---2024-05-27_duration_49_days_cluster_354_A0_002117_A_002338_lat_04497_lon_00089_size_0436,IOME2420215A__20240511__20240512,IOME2420215A,2024-03-25,2024-05-27,2024-05-11,2024-05-12,1,0,0,0,1,47.0,15.0,62.0,62,2,2024-03-25,2024-05-27,3290,69,69,2024-05-11,2024-05-12,1,1,0.014492753623188406,1.0,73,False
WD_MERGE_2024-03-25---2024-05-27_duration_49_days_cluster_354_A0_002117_A_002338_lat_04497_lon_00089_size_0436,IOME2420215A__20240516__20240517,IOME2420215A,2024-03-25,2024-05-27,2024-05-16,2024-05-17,1,0,0,0,1,52.0,10.0,62.0,62,2,2024-03-25,2024-05-27,3290,69,69,2024-05-16,2024-05-17,2,1,0.014492753623188406,1.0,74,False
WD_MERGE_2024-03-25---2024-05-27_duration_49_days_cluster_354_A0_002117_A_002338_lat_04497_lon_00089_size_0436,IOME2420215A__20240519__20240520,IOME2420215A,2024-03-25,2024-05-27,2024-05-19,2024-05-20,1,0,0,0,1,55.0,7.0,62.0,62,2,2024-03-25,2024-05-27,3290,69,69,2024-05-19,2024-05-20,1,1,0.014492753623188406,1.0,75,False
WD_MERGE_2024-03-25---2024-05-27_duration_49_days_cluster_354_A0_002117_A_002338_lat_04497_lon_00089_size_0436,IOME2420215A__20240521__20240522,IOME2420215A,2024-03-25,2024-05-27,2024-05-21,2024-05-22,1,0,0,0,1,57.0,5.0,62.0,62,2,2024-03-25,2024-05-27,3290,69,69,2024-05-21,2024-05-22,1,1,0.014492753623188406,1.0,76,False
WD_MERGE_2024-03-25---2024-05-27_duration_49_days_cluster_354_A0_002117_A_002338_lat_04497_lon_00089_size_0436,IOME2421328A__20240328__20240329,IOME2421328A,2024-03-25,2024-05-27,2024-03-28,2024-03-29,1,0,0,0,1,3.0,59.0,62.0,62,2,2024-03-25,2024-05-27,3290,69,69,2024-03-28,2024-03-29,1,1,0.014492753623188406,1.0,77,False
WD_MERGE_2024-03-25---2024-05-27_duration_49_days_cluster_354_A0_002117_A_002338_lat_04497_lon_00089_size_0436,INTE2424582A__20240401__20240401,INTE2424582A,2024-03-25,2024-05-27,2024-04-01,2024-04-01,1,0,0,0,1,7.0,56.0,63.0,63,1,2024-03-25,2024-05-27,3290,69,69,2024-04-01,2024-04-01,1,1,0.014492753623188406,1.0,78,False
WD_MERGE_2024-03-25---2024-05-27_duration_49_days_cluster_354_A0_002117_A_002338_lat_04497_lon_00089_size_0436,INTE2424582A__20240427__20240427,INTE2424582A,2024-03-25,2024-05-27,2024-04-27,2024-04-27,1,0,0,0,1,33.0,30.0,63.0,63,1,2024-03-25,2024-05-27,3290,69,69,2024-04-27,2024-04-27,2,1,0.014492753623188406,1.0,79,False
WD_MERGE_2024-03-25---2024-05-27_duration_49_days_cluster_354_A0_002117_A_002338_lat_04497_lon_00089_size_0436,INTE2424582A__20240501__20240501,INTE2424582A,2024-03-25,2024-05-27,2024-05-01,2024-05-01,1,0,0,0,1,37.0,26.0,63.0,63,1,2024-03-25,2024-05-27,3290,69,69,2024-05-01,2024-05-01,1,1,0.014492753623188406,1.0,80,False
WD_MERGE_2024-03-25---2024-05-27_duration_49_days_cluster_354_A0_002117_A_002338_lat_04497_lon_00089_size_0436,INTE2424582A__20240519__20240519,INTE2424582A,2024-03-25,2024-05-27,2024-05-19,2024-05-19,1,0,0,0,1,55.0,8.0,63.0,63,1,2024-03-25,2024-05-27,3290,69,69,2024-05-19,2024-05-19,1,1,0.014492753623188406,1.0,81,False
WD_MERGE_2024-03-25---2024-05-27_duration_49_days_cluster_354_A0_002117_A_002338_lat_04497_lon_00089_size_0436,INTE2427051A__20240518__20240518,INTE2427051A,2024-03-25,2024-05-27,2024-05-18,2024-05-18,1,0,0,0,1,54.0,9.0,63.0,63,1,2024-03-25,2024-05-27,3290,69,69,2024-05-18,2024-05-18,2,1,0.014492753623188406,1.0,82,False
WD_MERGE_2024-03-25---2024-05-27_duration_49_days_cluster_354_A0_002117_A_002338_lat_04497_lon_00089_size_0436,INTE2427051A__20240520__20240520,INTE2427051A,2024-03-25,2024-05-27,2024-05-20,2024-05-20,1,0,0,0,1,56.0,7.0,63.0,63,1,2024-03-25,2024-05-27,3290,69,69,2024-05-20,2024-05-20,1,1,0.014492753623188406,1.0,83,False
WD_MERGE_2024-03-25---2024-05-27_duration_49_days_cluster_354_A0_002117_A_002338_lat_04497_lon_00089_size_0436,INTE2430293A__20240430__20240430,INTE2430293A,2024-03-25,2024-05-27,2024-04-30,2024-04-30,1,0,0,0,1,36.0,27.0,63.0,63,1,2024-03-25,2024-05-27,3290,69,69,2024-04-30,2024-04-30,1,1,0.014492753623188406,1.0,84,False
WD_MERGE_2024-03-25---2024-05-27_duration_49_days_cluster_354_A0_002117_A_002338_lat_04497_lon_00089_size_0436,INTE2430293A__20240504__20240504,INTE2430293A,2024-03-25,2024-05-27,2024-05-04,2024-05-04,1,0,0,0,1,40.0,23.0,63.0,63,1,2024-03-25,2024-05-27,3290,69,69,2024-05-04,2024-05-04,2,1,0.014492753623188406,1.0,85,False
WD_MERGE_2024-03-25---2024-05-27_duration_49_days_cluster_354_A0_002117_A_002338_lat_04497_lon_00089_size_0436,INTE2430293A__20240519__20240519,INTE2430293A,2024-03-25,2024-05-27,2024-05-19,2024-05-19,1,0,0,0,1,55.0,8.0,63.0,63,1,2024-03-25,2024-05-27,3290,69,69,2024-05-19,2024-05-19,1,1,0.014492753623188406,1.0,86,False
WD_MERGE_2024-03-25---2024-05-27_duration_49_days_cluster_354_A0_002117_A_002338_lat_04497_lon_00089_size_0436,INTE2430293A__20240523__20240523,INTE2430293A,2024-03-25,2024-05-27,2024-05-23,2024-05-23,1,0,0,0,1,59.0,4.0,63.0,63,1,2024-03-25,2024-05-27,3290,69,69,2024-05-23,2024-05-23,1,1,0.014492753623188406,1.0,87,False
WD_MERGE_2024-03-25---2024-05-27_duration_49_days_cluster_354_A0_002117_A_002338_lat_04497_lon_00089_size_0436,INTE2433751A__20240518__20240518,INTE2433751A,2024-03-25,2024-05-27,2024-05-18,2024-05-18,1,0,0,0,1,54.0,9.0,63.0,63,1,2024-03-25,2024-05-27,3290,69,69,2024-05-18,2024-05-18,1,1,0.014492753623188406,1.0,88,False
WD_MERGE_2024-03-25---2024-05-27_duration_49_days_cluster_354_A0_002117_A_002338_lat_04497_lon_00089_size_0436,INTE2501371A__20240511__20240511,INTE2501371A,2024-03-25,2024-05-27,2024-05-11,2024-05-11,1,0,0,0,1,47.0,16.0,63.0,63,1,2024-03-25,2024-05-27,3290,69,69,2024-05-11,2024-05-11,1,1,0.014492753623188406,1.0,89,False
WD_MERGE_2024-03-25---2024-05-27_duration_49_days_cluster_354_A0_002117_A_002338_lat_04497_lon_00089_size_0436,INTE2501371A__20240517__20240517,INTE2501371A,2024-03-25,2024-05-27,2024-05-17,2024-05-17,1,0,0,0,1,53.0,10.0,63.0,63,1,2024-03-25,2024-05-27,3290,69,69,2024-05-17,2024-05-17,2,1,0.014492753623188406,1.0,90,False
WD_MERGE_2024-03-25---2024-05-27_duration_49_days_cluster_354_A0_002117_A_002338_lat_04497_lon_00089_size_0436,INTE2501371A__20240520__20240520,INTE2501371A,2024-03-25,2024-05-27,2024-05-20,2024-05-20,1,0,0,0,1,56.0,7.0,63.0,63,1,2024-03-25,2024-05-27,3290,69,69,2024-05-20,2024-05-20,1,1,0.014492753623188406,1.0,91,False
WD_MERGE_2024-03-25---2024-05-27_duration_49_days_cluster_354_A0_002117_A_002338_lat_04497_lon_00089_size_0436,INTE2505371A__20240511__20240511,INTE2505371A,2024-03-25,2024-05-27,2024-05-11,2024-05-11,1,0,0,0,1,47.0,16.0,63.0,63,1,2024-03-25,2024-05-27,3290,69,69,2024-05-11,2024-05-11,1,1,0.014492753623188406,1.0,92,False
WD_MERGE_2024-03-25---2024-05-27_duration_49_days_cluster_354_A0_002117_A_002338_lat_04497_lon_00089_size_0436,INTE2505371A__20240518__20240518,INTE2505371A,2024-03-25,2024-05-27,2024-05-18,2024-05-18,1,0,0,0,1,54.0,9.0,63.0,63,1,2024-03-25,2024-05-27,3290,69,69,2024-05-18,2024-05-18,9,1,0.014492753623188406,1.0,93,False
WD_MERGE_2024-03-25---2024-05-27_duration_49_days_cluster_354_A0_002117_A_002338_lat_04497_lon_00089_size_0436,IOME2413412A__20240330__20240330,IOME2413412A,2024-03-25,2024-05-27,2024-03-30,2024-03-30,1,0,0,0,1,5.0,58.0,63.0,63,1,2024-03-25,2024-05-27,3290,69,69,2024-03-30,2024-03-30,1,1,0.014492753623188406,1.0,94,False
WD_MERGE_2024-03-25---2024-05-27_duration_49_days_cluster_354_A0_002117_A_002338_lat_04497_lon_00089_size_0436,IOME2415152A__20240428__20240428,IOME2415152A,2024-03-25,2024-05-27,2024-04-28,2024-04-28,1,0,0,0,1,34.0,29.0,63.0,63,1,2024-03-25,2024-05-27,3290,69,69,2024-04-28,2024-04-28,1,1,0.014492753623188406,1.0,95,False
WD_MERGE_2024-03-25---2024-05-27_duration_49_days_cluster_354_A0_002117_A_002338_lat_04497_lon_00089_size_0436,IOME2415152A__20240502__20240502,IOME2415152A,2024-03-25,2024-05-27,2024-05-02,2024-05-02,1,0,0,0,1,38.0,25.0,63.0,63,1,2024-03-25,2024-05-27,3290,69,69,2024-05-02,2024-05-02,1,1,0.014492753623188406,1.0,96,False
WD_MERGE_2024-03-25---2024-05-27_duration_49_days_cluster_354_A0_002117_A_002338_lat_04497_lon_00089_size_0436,IOME2415152A__20240505__20240505,IOME2415152A,2024-03-25,2024-05-27,2024-05-05,2024-05-05,1,0,0,0,1,41.0,22.0,63.0,63,1,2024-03-25,2024-05-27,3290,69,69,2024-05-05,2024-05-05,1,1,0.014492753623188406,1.0,97,False
WD_MERGE_2024-03-25---2024-05-27_duration_49_days_cluster_354_A0_002117_A_002338_lat_04497_lon_00089_size_0436,IOME2415152A__20240518__20240518,IOME2415152A,2024-03-25,2024-05-27,2024-05-18,2024-05-18,1,0,0,0,1,54.0,9.0,63.0,63,1,2024-03-25,2024-05-27,3290,69,69,2024-05-18,2024-05-18,1,1,0.014492753623188406,1.0,98,False
WD_MERGE_2024-03-25---2024-05-27_duration_49_days_cluster_354_A0_002117_A_002338_lat_04497_lon_00089_size_0436,IOME2415152A__20240524__20240524,IOME2415152A,2024-03-25,2024-05-27,2024-05-24,2024-05-24,1,0,0,0,1,60.0,3.0,63.0,63,1,2024-03-25,2024-05-27,3290,69,69,2024-05-24,2024-05-24,1,1,0.014492753623188406,1.0,99,False
WD_MERGE_2024-03-25---2024-05-27_duration_49_days_cluster_354_A0_002117_A_002338_lat_04497_lon_00089_size_0436,IOME2415880A__20240502__20240502,IOME2415880A,2024-03-25,2024-05-27,2024-05-02,2024-05-02,1,0,0,0,1,38.0,25.0,63.0,63,1,2024-03-25,2024-05-27,3290,69,69,2024-05-02,2024-05-02,1,1,0.014492753623188406,1.0,100,False
WD_MERGE_2024-03-25---2024-05-27_duration_49_days_cluster_354_A0_002117_A_002338_lat_04497_lon_00089_size_0436,IOME2415880A__20240515__20240515,IOME2415880A,2024-03-25,2024-05-27,2024-05-15,2024-05-15,1,0,0,0,1,51.0,12.0,63.0,63,1,2024-03-25,2024-05-27,3290,69,69,2024-05-15,2024-05-15,1,1,0.014492753623188406,1.0,101,False
WD_MERGE_2024-03-25---2024-05-27_duration_49_days_cluster_354_A0_002117_A_002338_lat_04497_lon_00089_size_0436,IOME2415880A__20240518__20240518,IOME2415880A,2024-03-25,2024-05-27,2024-05-18,2024-05-18,1,0,0,0,1,54.0,9.0,63.0,63,1,2024-03-25,2024-05-27,3290,69,69,2024-05-18,2024-05-18,1,1,0.014492753623188406,1.0,102,False
WD_MERGE_2024-03-25---2024-05-27_duration_49_days_cluster_354_A0_002117_A_002338_lat_04497_lon_00089_size_0436,IOME2415880A__20240519__20240519,IOME2415880A,2024-03-25,2024-05-27,2024-05-19,2024-05-19,1,0,0,0,1,55.0,8.0,63.0,63,1,2024-03-25,2024-05-27,3290,69,69,2024-05-19,2024-05-19,2,1,0.014492753623188406,1.0,103,False
WD_MERGE_2024-03-25---2024-05-27_duration_49_days_cluster_354_A0_002117_A_002338_lat_04497_lon_00089_size_0436,IOME2415880A__20240520__20240520,IOME2415880A,2024-03-25,2024-05-27,2024-05-20,2024-05-20,1,0,0,0,1,56.0,7.0,63.0,63,1,2024-03-25,2024-05-27,3290,69,69,2024-05-20,2024-05-20,2,1,0.014492753623188406,1.0,104,False
WD_MERGE_2024-03-25---2024-05-27_duration_49_days_cluster_354_A0_002117_A_002338_lat_04497_lon_00089_size_0436,IOME2415880A__20240524__20240524,IOME2415880A,2024-03-25,2024-05-27,2024-05-24,2024-05-24,1,0,0,0,1,60.0,3.0,63.0,63,1,2024-03-25,2024-05-27,3290,69,69,2024-05-24,2024-05-24,1,1,0.014492753623188406,1.0,105,False
WD_MERGE_2024-03-25---2024-05-27_duration_49_days_cluster_354_A0_002117_A_002338_lat_04497_lon_00089_size_0436,IOME2420215A__20240517__20240517,IOME2420215A,2024-03-25,2024-05-27,2024-05-17,2024-05-17,1,0,0,0,1,53.0,10.0,63.0,63,1,2024-03-25,2024-05-27,3290,69,69,2024-05-17,2024-05-17,1,1,0.014492753623188406,1.0,106,False
WD_MERGE_2024-03-25---2024-05-27_duration_49_days_cluster_354_A0_002117_A_002338_lat_04497_lon_00089_size_0436,IOME2421328A__20240511__20240511,IOME2421328A,2024-03-25,2024-05-27,2024-05-11,2024-05-11,1,0,0,0,1,47.0,16.0,63.0,63,1,2024-03-25,2024-05-27,3290,69,69,2024-05-11,2024-05-11,2,1,0.014492753623188406,1.0,107,False
WD_MERGE_2024-03-25---2024-05-27_duration_49_days_cluster_354_A0_002117_A_002338_lat_04497_lon_00089_size_0436,IOME2421328A__20240517__20240517,IOME2421328A,2024-03-25,2024-05-27,2024-05-17,2024-05-17,1,0,0,0,1,53.0,10.0,63.0,63,1,2024-03-25,2024-05-27,3290,69,69,2024-05-17,2024-05-17,1,1,0.014492753623188406,1.0,108,False
WD_MERGE_2024-03-25---2024-05-27_duration_49_days_cluster_354_A0_002117_A_002338_lat_04497_lon_00089_size_0436,IOME2421328A__20240601__20240601,IOME2421328A,2024-03-25,2024-05-27,2024-06-01,2024-06-01,1,0,0,0,1,68.0,5.0,73.0,73,0,2024-03-25,2024-05-27,3290,69,69,2024-06-01,2024-06-01,1,1,0.014492753623188406,1.0,109,False
WD_MERGE_2024-03-25---2024-05-27_duration_49_days_cluster_354_A0_002117_A_002338_lat_04497_lon_00089_size_0436,IOME2421328A__20240601__20240602,IOME2421328A,2024-03-25,2024-05-27,2024-06-01,2024-06-02,1,0,0,0,1,68.0,6.0,74.0,74,0,2024-03-25,2024-05-27,3290,69,69,2024-06-01,2024-06-02,1,1,0.014492753623188406,1.0,110,False
WD_MERGE_2024-03-25---2024-05-27_duration_49_days_cluster_354_A0_002117_A_002338_lat_04497_lon_00089_size_0436,INTE2501371A__20240229__20240330,INTE2501371A,2024-03-25,2024-05-27,2024-02-29,2024-03-30,1,0,0,0,1,25.0,58.0,83.0,83,6,2024-03-25,2024-05-27,3290,69,69,2024-02-29,2024-03-30,1,1,0.014492753623188406,1.0,111,False
WD_MERGE_2024-03-25---2024-05-27_duration_49_days_cluster_354_A0_002117_A_002338_lat_04497_lon_00089_size_0436,INTE2525618A__20240225__20240403,INTE2525618A,2024-03-25,2024-05-27,2024-02-25,2024-04-03,1,0,0,0,1,29.0,54.0,83.0,83,10,2024-03-25,2024-05-27,3290,69,69,2024-02-25,2024-04-03,1,1,0.014492753623188406,1.0,112,False
WD_MERGE_2024-03-25---2024-05-27_duration_49_days_cluster_354_A0_002117_A_002338_lat_04497_lon_00089_size_0436,INTE2517855A__20240531__20240629,INTE2517855A,2024-03-25,2024-05-27,2024-05-31,2024-06-29,1,0,0,0,1,67.0,33.0,100.0,100,0,2024-03-25,2024-05-27,3290,69,69,2024-05-31,2024-06-29,1,1,0.014492753623188406,1.0,113,False
WD_MERGE_2024-03-25---2024-05-27_duration_49_days_cluster_354_A0_002117_A_002338_lat_04497_lon_00089_size_0436,INTE2501371A__20240116__20240407,INTE2501371A,2024-03-25,2024-05-27,2024-01-16,2024-04-07,1,0,0,0,1,69.0,50.0,119.0,119,14,2024-03-25,2024-05-27,3290,69,69,2024-01-16,2024-04-07,1,1,0.014492753623188406,1.0,114,False
WD_MERGE_2024-03-25---2024-05-27_duration_49_days_cluster_354_A0_002117_A_002338_lat_04497_lon_00089_size_0436,INTE2501371A__20231016__20240403,INTE2501371A,2024-03-25,2024-05-27,2023-10-16,2024-04-03,1,0,0,0,1,161.0,54.0,215.0,215,10,2024-03-25,2024-05-27,3290,69,69,2023-10-16,2024-04-03,1,1,0.014492753623188406,1.0,115,False
WD_MERGE_2024-03-25---2024-05-27_duration_49_days_cluster_354_A0_002117_A_002338_lat_04497_lon_00089_size_0436,INTE2424582A__20240430__20240501,INTE2424582A,2024-03-25,2024-05-27,2024-04-30,2024-05-01,1,0,0,0,1,36.0,26.0,62.0,62,2,2024-03-25,2024-05-27,3290,69,69,2024-04-30,2024-05-01,2,2,0.014492753623188406,0.5,116,False
WD_MERGE_2024-03-25---2024-05-27_duration_49_days_cluster_354_A0_002117_A_002338_lat_04497_lon_00089_size_0436,IOME2420215A__20240522__20240523,IOME2420215A,2024-03-25,2024-05-27,2024-05-22,2024-05-23,1,0,0,0,1,58.0,4.0,62.0,62,2,2024-03-25,2024-05-27,3290,69,69,2024-05-22,2024-05-23,2,2,0.014492753623188406,0.5,117,False
WD_MERGE_2024-03-25---2024-05-27_duration_49_days_cluster_354_A0_002117_A_002338_lat_04497_lon_00089_size_0436,IOME2415152A__20240501__20240501,IOME2415152A,2024-03-25,2024-05-27,2024-05-01,2024-05-01,1,0,0,0,1,37.0,26.0,63.0,63,1,2024-03-25,2024-05-27,3290,69,69,2024-05-01,2024-05-01,3,2,0.014492753623188406,0.5,118,False
WD_MERGE_2024-03-25---2024-05-27_duration_49_days_cluster_354_A0_002117_A_002338_lat_04497_lon_00089_size_0436,IOME2420215A__20240430__20240430,IOME2420215A,2024-03-25,2024-05-27,2024-04-30,2024-04-30,1,0,0,0,1,36.0,27.0,63.0,63,1,2024-03-25,2024-05-27,3290,69,69,2024-04-30,2024-04-30,2,2,0.014492753623188406,0.5,119,False
WD_MERGE_2024-03-25---2024-05-27_duration_49_days_cluster_354_A0_002117_A_002338_lat_04497_lon_00089_size_0436,IOME2420215A__20240521__20240521,IOME2420215A,2024-03-25,2024-05-27,2024-05-21,2024-05-21,1,0,0,0,1,57.0,6.0,63.0,63,1,2024-03-25,2024-05-27,3290,69,69,2024-05-21,2024-05-21,2,2,0.014492753623188406,0.5,120,False
